Date,Strategy_Return,SPY_Return,Fixed_Fund_Return,Strategy_Equity,SPY_Equity,Fixed_Fund_Equity,Turnover
2020-06-01,0.0,0.0,0.0,100000.0,100000.0,100000.0,0.0
2020-06-02,0.0,0.008280063429197515,0.001934989823638422,100000.0,100828.00634291975,100193.49898236385,0.0
2020-06-03,0.0,0.013308285823210309,0.005178675942793926,100000.0,102169.8542703158,100712.36864516814,0.0
2020-06-04,0.0,-0.0026267644164486015,-0.0020779386981378874,100000.0,101901.4781326848,100503.09451697922,0.0
2020-06-05,0.0,0.025629537023353688,0.011528776534639039,100000.0,104513.1658392209,101661.77223470519,0.0
2020-06-08,-0.0015,0.01208735394434246,0.01002123434945409,99850.0,105776.45346656333,102680.54867865,1.0
2020-06-09,0.0,-0.007456538454867601,-0.00280642737483755,99850.0,104987.72727367039,102392.38317597487,0.0
2020-06-10,4.9717644068580924e-05,-0.00557975743386907,-3.4515153299813426e-05,99854.96430676026,104401.9212219501,102388.84908717283,0.0
2020-06-11,0.0,-0.057649193119028386,-0.03053303388202207,99854.96430676026,98383.23470342833,99262.60688885293,0.0
2020-06-12,0.0,0.011975809293675477,0.004650116010106086,99854.96430676026,99561.4535599315,99724.18952635165,0.0
2020-06-15,0.0,0.009335824465967368,0.0038795480122050027,99854.96430676026,100490.94181394357,100111.07430759736,0.0
2020-06-16,0.0,0.019247349616735132,0.00837296257763962,99854.96430676026,102425.12610435156,100949.30058638216,0.0
2020-06-17,5.026451126832754e-05,-0.004153475930640527,-0.001998032230109659,99859.98346773884,101999.70580838431,100747.60063020354,0.0
2020-06-18,4.000817375238164e-05,0.00038477943594794617,-0.0011920101286917507,99863.97868330833,102038.95319765212,100627.50846981094,0.0
2020-06-19,9.887208012759885e-06,-0.005714998164599527,0.0003372468034782139,99864.96605923856,101455.80076740989,100661.44477538437,0.0
2020-06-22,-4.989328786975111e-05,0.006415295272893307,0.0035434367820771917,99859.98346773887,102106.66968648067,101018.1322413385,0.0
2020-06-23,0.0,0.004603746375349216,0.003450649050265242,99859.98346773887,102576.7428969488,101366.71036341664,0.0
2020-06-24,0.0,-0.025509043348861837,-0.015229322043430343,99859.98346773887,99960.10831580548,99822.96408680905,0.0
2020-06-25,0.0,0.010720976258198345,0.005321444835768474,99859.98346773887,101031.77826382617,100354.16648353991,0.0
2020-06-26,-5.026198487412259e-05,-0.02375186180389066,-0.011927371732386487,99854.96430676029,98632.08542870244,99157.20503499694,0.0
2020-06-29,0.00010016279658930927,0.014697798380497451,0.010660203819352752,99864.96605923858,100081.75993418151,100214.24105082738,0.0
2020-06-30,0.0,0.012809358081979916,0.007630637675309193,99864.96605923858,101363.74303465319,100978.93961419234,0.0
2020-07-01,-4.0006177613016725e-05,0.007005036209708937,6.850089981754186e-05,99860.9708436691,102073.79972496256,100985.85676241854,0.0
2020-07-02,5.987434078713605e-05,0.005506782190732862,0.002301950013160936,99866.94995346872,102635.89790742841,101218.32115672185,0.0
2020-07-06,-5.987075606517234e-05,0.015437071229409627,0.008741549036206664,99860.97084366909,104220.29557411981,102103.12607447585,0.0
2020-07-07,0.0,-0.010313647804712667,-0.005082778006783145,99860.97084366909,103145.40415146526,101584.15855084069,0.0
2020-07-08,0.0,0.007648752595329933,0.009872120535354346,99860.97084366909,103934.33782916515,102587.00960853713,0.0
2020-07-09,9.997366993830248e-05,-0.005692731006298191,-0.004098484395716895,99870.95431140793,103342.66760158598,102166.55835045327,0.0
2020-07-10,3.98206951905955e-05,0.010210394895278085,0.002002136874942128,99874.93124223796,104397.83704732965,102371.10978431263,0.0
2020-07-13,-3.9819109565963906e-05,-0.008658873098591813,-0.00414127233981984,99870.95431140793,103493.86942456935,101947.16313896619,0.0
2020-07-14,-5.007337992934957e-05,0.012958940265421104,0.010092569231823558,99865.95343516878,104835.04029627964,102976.07194093423,0.0
2020-07-15,0.0,0.009187238074444659,0.0049112323970783136,99865.95343516878,105798.18477002556,103481.81136157442,0.0
2020-07-16,0.0,-0.003293575911614166,-0.001084194167701058,99865.95343516878,105449.73041717449,103369.61698523306,0.0
2020-07-17,0.0,0.0028990264950143896,0.002967061732731091,99865.95343516878,105755.431979546,103676.32102011701,0.0
2020-07-20,0.0,0.008081811262492966,0.002476985690136646,99865.95343516878,106610.1274207881,103933.12578368984,0.0
2020-07-21,0.0,0.002127505709028865,0.006382485645578584,99865.95343516878,106836.94107551614,104596.47746710437,0.0
2020-07-22,0.0,0.005691798005105886,0.005295523242367872,99865.95343516878,107445.03536360138,105150.37054460123,0.0
2020-07-23,0.0,-0.011931626402153617,-0.004433111902897223,99865.95343516878,106163.04134287669,104684.22718534591,0.0
2020-07-24,0.0,-0.006440151969852925,-0.002291904363665886,99865.95343516878,105479.33522304677,104444.30094825283,0.0
2020-07-27,0.0,0.007292224002014347,0.007558635218939092,99865.95343516878,106248.51416307679,105233.75731981779,0.0
2020-07-28,0.0,-0.006342366076255601,-0.0035967853327292573,99865.95343516878,105574.64719119633,104855.25408498189,0.0
2020-07-29,5.007588739824875e-05,0.012299095635566637,0.007360599753291985,99870.95431140791,106873.11987369206,105627.05164233118,0.0
2020-07-30,-5.007337992934957e-05,-0.0035684182873287895,-0.002737752492273848,99865.95343516876,106491.7518783109,105337.87091844584,0.0
2020-07-31,5.007588739824875e-05,0.007902568621929618,0.0015934699048453568,99870.9543114079,107333.31025519877,105505.72364559487,0.0
2020-08-03,9.978059254622806e-06,0.006951997338442206,0.008216131837515494,99871.95082970783,108079.49114241911,106372.57258067955,0.0
2020-08-04,0.0,0.0038623200999075014,0.00467076232265431,99871.95082970783,108496.92873344626,106869.4135848532,0.0
2020-08-05,0.0,0.006211132612260917,0.007337738811825101,99871.95082970783,109170.81754583272,107653.59342871177,0.0
2020-08-06,0.0,0.006684441161713295,0.004332025818901175,99871.95082970783,109900.56345229398,108119.95157494245,0.0
2020-08-07,4.988979846998198e-05,0.0007182091353856723,-0.007106972938237466,99876.93342120753,109979.49504094943,107351.5460050158,0.0
2020-08-10,-4.988730960209242e-05,0.0029888347397104553,0.0020890891916474476,99871.95082970784,110308.20557638364,107575.81295948151,0.0
2020-08-11,0.0,-0.008254720950377381,-0.014577904803702624,99871.95082970784,109397.64212081373,106007.58299897728,0.0
2020-08-12,4.988979846998198e-05,0.01394258877663268,0.008464070335752825,99876.93342120755,110922.92845803747,106904.83863760378,0.0
2020-08-13,0.0,-0.0018080161519391513,-0.000619255417567749,99876.93342120755,110722.37801176494,106838.63723711325,0.0
2020-08-14,5.016191864570807e-05,2.9982709641940275e-05,-0.0008400067028018931,99881.9434398164,110725.69776867573,106748.89206571585,0.0
2020-08-17,0.0,0.0031763953204311246,0.007172816729227704,99881.9434398164,111077.40635691963,107514.58230455135,0.0
2020-08-18,-5.01594025539287e-05,0.0021601134442974512,0.002725136255026195,99876.93342120753,111317.3461557489,107807.57419073347,0.0
2020-08-19,7.029991518248124e-05,-0.004163372135229104,-0.008134446787757077,99883.95476115574,110853.8906185964,106930.61921516179,0.0
2020-08-20,-7.029497345178992e-05,0.0031131233487207144,0.0034703784823077897,99876.93342120753,111198.9924537777,107301.70893518593,0.0
2020-08-21,0.0,0.0035476413120056893,-0.0016436782979857456,99876.93342120753,111593.48659326011,107125.33944487238,0.0
2020-08-24,0.0,0.010133137983786344,0.004204140789810895,99876.93342120753,112724.27879100144,107575.7094540549,0.0
2020-08-25,5.016191864570807e-05,0.003499443981431982,0.002450484906461808,99881.94343981639,113118.75108997787,107839.32210637398,0.0
2020-08-26,-0.00015002054887935934,0.010025756326614843,0.006101588312063609,99866.95909583842,114252.85212437696,108497.3132537191,0.0
2020-08-27,0.00019993535057483136,0.002186289990903756,-0.003213390461128396,99886.92603131608,114502.64199140869,108148.66902225153,0.0
2020-08-28,-0.00010003921940116012,0.006459490563354819,0.006595636850090025,99876.93342120752,115242.2707268314,108861.97836894289,0.0
2020-08-31,0.0,-0.00362245058952948,-0.0011618435422796058,99876.93342120752,114824.81129529826,108735.49778237517,0.0
2020-09-01,-0.0001297985413133418,0.009418489984972744,0.003760267536296558,99863.9695409386,115906.28763050943,109144.37234472929,0.0
2020-09-02,0.00010006221617753219,0.014463980807024157,0.009678211180308482,99873.96215104716,117582.75395021054,110200.69462942379,0.0
2020-09-03,5.007187190164686e-05,-0.034414151157354356,-0.018810768536837705,99878.9630272863,113536.24328226999,108127.73487015098,0.0
2020-09-04,0.0,-0.008164876076419691,-0.0059223298742016265,99878.9630272863,112609.23392568802,107487.36675569972,0.0
2020-09-08,0.0,-0.027322734509688806,-0.01385868808146886,99878.9630272863,109532.44172379702,105997.73286713404,0.0
2020-09-09,4.9977830347103236e-05,0.019747241608377042,0.011469207869995614,99883.9547611557,111695.4053144723,107213.44289913547,0.0
2020-09-10,-4.9975332688356744e-05,-0.017363525441227656,-0.0104131846319,99878.9630272863,109755.97930262623,106097.00952320508,0.0
2020-09-11,0.0,0.0005089207388035977,-0.000677806880333398,99878.9630272863,109811.83639670105,106025.09624016748,0.0
2020-09-14,0.0,0.013171408807418183,0.010500292780334973,99878.9630272863,111258.21298577532,107138.39079275243,0.0
2020-09-15,0.0,0.005052096803718431,0.0029443604493559427,99878.9630272863,111820.30024798817,107453.84483321026,0.0
2020-09-16,0.0,-0.003968566709412036,-0.00016681197901793313,99878.9630272863,111376.53392698754,107435.92024470055,0.0
2020-09-17,0.0,-0.008795205057711142,-0.004138823595766478,99878.9630272863,110396.95447248257,106991.26192295889,0.0
2020-09-18,0.0,-0.011512776702263694,-0.0075899795327389495,99878.9630272863,109125.97898703092,106179.20043478171,0.0
2020-09-21,0.0,-0.011129301640450007,-0.013487431962628072,99878.9630272863,107911.48305007484,104747.11569307133,0.0
2020-09-22,0.0,0.01018410154046201,0.0035555820579591165,99878.9630272863,109010.46455083865,105119.55265825259,0.0
2020-09-23,0.0,-0.023190888134050125,-0.01825786000898495,99878.9630272863,106482.41506199932,103200.29458161109,0.0
2020-09-24,0.0,0.0026653919823491634,0.002096850442791254,99878.9630272863,106766.23243736674,103416.69016500072,0.0
2020-09-25,4.9977830347103236e-05,0.016166983791694234,0.007199877849066255,99883.9547611557,108492.32038668191,104161.27770174346,0.0
2020-09-28,0.0,0.016609622339849528,0.012623371795699168,99883.9547611557,110294.33685507865,105476.14423688765,0.0
2020-09-29,0.0,-0.005446347418509689,-0.0028922759726392076,99883.9547611557,109693.63557827176,105171.07811922468,0.0
2020-09-30,0.0,0.0075820022196180226,0.0013639391246848763,99883.9547611557,110525.3329667042,105314.52506745678,0.0
2020-10-01,-9.152991331529137e-08,0.006420032223665162,0.0039182143365713235,99883.94561878599,111234.90916588175,105727.16994942528,0.0
2020-10-02,-4.988380734083364e-05,-0.009494398794593906,-0.004027235883576241,99878.9630272863,110178.80057838043,105301.38169673599,0.0
2020-10-05,8.961226357095953e-05,0.017733066386504737,0.010625330822058953,99887.91340724629,112132.60856342231,106420.24371328371,0.0
2020-10-06,-3.972240809690941e-05,-0.014216060354979354,-0.009905767026111323,99883.94561878599,110538.52463232343,105366.06957219794,0.0
2020-10-07,0.0,0.017406546568624837,0.009110858581930014,99883.94561878599,112462.61860896305,106326.04493140403,0.0
2020-10-08,0.0,0.008862716020995531,0.00698487497051985,99883.94561878599,113459.34286067181,107068.71906135978,0.0
2020-10-09,0.0,0.008930289286357418,0.008756166454384106,99883.94561878599,114472.56761465763,108006.23058751873,0.0
2020-10-12,0.0,0.016087622594905593,0.006382742093354421,99883.94561878599,116314.15907991205,108695.60650183423,0.0
2020-10-13,0.0,-0.0065262866749793425,-0.004568650325495483,99883.94561878599,115555.05953339739,108199.0142838097,0.0
2020-10-14,0.0,-0.006283383041698287,-0.004549118928564094,99883.94561878599,114828.9828319428,107706.80409987923,0.0
2020-10-15,0.0,-0.0012359214933080898,-0.0003163384441449591,99883.94561878599,114687.06322400611,107672.73229704646,0.0
2020-10-16,0.0,-0.0006042523329558014,0.00040587868914257474,99883.94561878599,114617.76329849316,107716.43436448759,0.0
2020-10-19,0.0,-0.015203285781699827,-0.009619931020309414,99883.94561878599,112875.19668740693,106680.20969614753,0.0
2020-10-20,0.0,0.004005875593792174,0.0035737770329085095,99883.94561878599,113327.3606829615,107061.46097942548,0.0
2020-10-21,0.0,-0.0018931898644818368,-0.0005649088719469676,99883.94561878599,113112.81047234805,107000.9810102746,0.0
2020-10-22,0.0,0.0054853816480975315,0.002884461378955999,99883.94561878599,113733.2774070778,107309.62120750916,0.0
2020-10-23,4.970074749732767e-05,0.003395041754625572,0.0024150842506703626,99888.90992554622,114119.40663276523,107568.78298363279,0.0
2020-10-26,0.0,-0.01847983967469491,-0.012864650452304787,99888.90992554622,112010.49829442042,106184.94819096853,0.0
2020-10-27,0.0,-0.003447551723512632,-0.0025671519693471145,99888.90992554622,111624.336307974,105912.35529210507,0.0
2020-10-28,0.0,-0.034178614040696664,-0.0220581804259999,99888.90992554622,107809.17119975481,103576.12144972921,0.0
2020-10-29,0.0,0.010163581197937033,0.0060583676289060915,99888.90992554622,108904.8984651258,104203.6236710479,0.0
2020-10-30,0.0,-0.010424913100655853,-0.00689049279587035,99888.90992554622,107769.57436239111,103485.60935283895,0.0
2020-11-02,5.0064378947167754e-05,0.011208173654696951,0.009747568034222031,99893.91080178536,108977.47446653758,104494.34237056867,0.0
2020-11-03,-4.9970351839734306e-05,0.017655887017554495,0.00921345827015616,99888.91906791595,110901.5684431772,105457.09663346731,0.0
2020-11-04,0.0,0.022349178077956333,0.012184196251912199,99888.91906791595,113380.12734543844,106742.00659500637,0.0
2020-11-05,0.0,0.01950281024275813,0.017807911716927947,99888.91906791595,115591.35845435626,108642.85882493798,0.0
2020-11-06,0.0,-0.0002283410442129874,0.0013890425646166159,99888.91906791595,115564.9642028648,108793.76838018747,0.0
2020-11-09,4.9972849000656794e-05,0.01256550004077428,0.005152230747184994,99893.91080178537,117017.09576526798,109354.29897873799,0.0
2020-11-10,-4.9970351839734306e-05,-0.0014663663818078598,0.00013699226393312813,99888.91906791597,116845.505829941,109369.27967172592,0.0
2020-11-11,0.0,0.007428581041487359,0.0038079200297985445,99888.91906791597,117713.5021393323,109785.74914243251,0.0
2020-11-12,0.0,-0.009700933495680353,-0.006701364053829928,99888.91906791597,116571.57128353501,109050.03486950662,0.0
2020-11-13,0.0,0.013844655710338438,0.01112514191173194,99888.91906791597,118185.46455356873,110263.23198290919,0.0
2020-11-16,0.0,0.012482312465939227,0.00949914359306917,99888.91906791597,119660.69245105857,111310.63825655074,0.0
2020-11-17,0.0,-0.00537823454497921,-0.0006746295056814843,99888.91906791597,119017.12918124217,111235.54481568663,0.0
2020-11-18,4.9972849000656794e-05,-0.012034772421649742,-0.0068636226068116415,99893.91080178537,117584.78511726782,110472.06601560868,0.0
2020-11-19,-4.9970351839734306e-05,0.004210042211867604,0.0008349508253563564,99888.91906791597,118079.82202608489,110564.30475830725,0.0
2020-11-20,0.0,-0.006847641525138393,-0.0012817085810049034,99888.91906791597,117271.25373349812,110422.5935401457,0.0
2020-11-23,4.9972849000656794e-05,0.005994295306669395,0.00441773267868758,99893.91080178539,117974.21225936007,110910.41104009344,0.0
2020-11-24,0.0,0.01611376355390859,0.010695301060407414,99893.91080178539,119875.22082116602,112096.63127690078,0.0
2020-11-25,-9.948309972496183e-05,-0.0015419049987565048,-0.000428465625182417,99883.97304589518,119690.38461895482,112048.60172369987,0.0
2020-11-27,9.949299759681729e-05,0.0027852075525682807,0.003236042095851643,99893.91080178539,120023.74718216535,112411.1957156591,0.0
2020-11-30,0.0,-0.0044271044918761104,-0.007281401643111846,99893.91080178539,119492.38951188339,111592.68465047092,0.0
2020-12-01,-4.9878831048899563e-05,0.010937307084186276,0.00937050960080934,99888.9282102857,120799.31447019805,112638.36497336825,0.0
2020-12-02,0.0,0.0021038782305329295,0.0023640505828888213,99888.9282102857,121053.4615181752,112904.64776573918,0.0
2020-12-03,4.988131907079918e-05,-0.0002727955454219222,0.0025400989207334966,99893.9108017854,121020.43867311513,113191.43673967475,0.0
2020-12-04,0.0,0.00861778269497182,0.009111733862688053,99893.9108017854,122063.3665152502,114222.80698678196,0.0
2020-12-07,-4.9878831048899563e-05,-0.002054983558789525,-0.001355514765220128,99888.92821028571,121812.52830393086,114067.97628538648,0.0
2020-12-08,0.0,0.002926201294786379,0.0034125351130876833,99888.92821028571,122168.97628197503,114457.2372597392,0.0
2020-12-09,0.0,-0.008969037958498904,-0.0061775929393341755,99888.92821028571,121073.23809635104,113750.16703898773,0.0
2020-12-10,4.988131907079918e-05,-0.0003268682450385807,0.0037391323546811517,99893.91080178542,121033.66309949335,114175.4939689136,0.0
2020-12-11,0.0,-0.0011725631060182096,-0.0026670021336360704,99893.91080178542,120891.74349155664,113870.98768288956,0.0
2020-12-14,0.0,-0.004477157859289149,-0.0034500249829328583,99893.91080178542,120350.49207206025,113478.12993055236,0.0
2020-12-15,0.0,0.013519190712297124,0.012257955292259582,99893.91080178542,121977.53332670125,114869.13977389029,0.0
2020-12-16,0.00010021526605230591,0.001569493578469583,0.0044810989200631535,99903.92169663342,122168.97628197508,115383.87975207964,0.0
2020-12-17,-4.0173601203674636e-05,0.005591838515126346,0.006265089587257311,99899.90819632451,122852.12546890219,116106.77009565175,0.0
2020-12-18,0.0,-0.003992823424564085,-0.004761107773805901,99899.90819632451,122361.59862457248,115553.97324995787,0.0
2020-12-21,0.0,-0.0035755418444330944,-0.005758024330439333,99899.90819632451,121924.0896085386,114888.61066050567,0.0
2020-12-22,0.0,-0.0016852738538664092,-0.0041272536249158335,99899.90819632451,121718.61412816487,114414.43622569554,0.0
2020-12-23,-4.9875836621415814e-05,0.0008986074545123124,0.004286876989733113,99894.92560482482,121827.99138217335,114904.91683964475,0.0
2020-12-24,0.0,0.0038902306001415976,0.0031987137490178067,99894.92560482482,122301.93036220207,115272.46477696944,0.0
2020-12-28,0.0,0.008590880116533306,0.004552276556914847,99894.92560482482,123352.61158396436,115797.21691603142,0.0
2020-12-29,0.0,-0.001907706118177921,0.0002028032024824879,99894.92560482482,123117.29105215242,115820.70096246056,0.0
2020-12-30,4.9878324344554414e-05,0.00142670674395462,0.0037971036438429247,99899.90819632451,123292.94332159395,116260.48416811756,0.0
2020-12-31,0.0,0.005080643997002365,0.0007215163614532891,99899.90819632451,123919.35087395356,116344.36800963535,0.0
2021-01-04,0.0,-0.013613728218753063,-0.0029730503509938053,99899.90819632451,122232.34651011125,115998.47034548814,0.0
2021-01-05,0.0,0.006887408840687614,0.011998729094953385,99899.90819632451,123074.210654083,117390.30456659265,0.0
2021-01-06,-4.9875836621415814e-05,0.005978117118922821,0.008072854083867265,99894.92560482482,123809.96269969209,118337.97936621949,0.0
2021-01-07,4.9878324344554414e-05,0.01485766974908187,0.009066364273336973,99899.90819632451,125649.49023713026,119410.87459452427,0.0
2021-01-08,0.0,0.005697848714468545,0.0029398212590002527,99899.90819632451,126365.42202355152,119761.92122221306,0.0
2021-01-11,0.0,-0.006740780512246469,-0.008360241046287648,99899.90819632451,125513.62044935337,118760.68269262885,0.0
2021-01-12,0.0,0.0002112469880120038,0.005305107664117436,99899.90819632451,125540.13482362778,119390.72090057735,0.0
2021-01-13,-4.9875836621415814e-05,0.0026929172310254934,0.000974719047426703,99894.92560482482,125878.20401587959,119507.09331032514,0.0
2021-01-14,0.0,-0.0035018527304622182,0.004165663339391346,99894.92560482482,125437.3970834409,120004.91962772519,0.0
2021-01-15,4.9878324344554414e-05,-0.007292797959374653,-0.012894536202641449,99899.90819632451,124522.6074899615,118457.51184709041,0.0
2021-01-19,-4.9875836621415814e-05,0.007851858802647271,0.0074782619517654745,99894.92560482482,125500.34142171015,119343.36815083733,0.0
2021-01-20,4.9878324344554414e-05,0.01383892487921834,0.01083506022264863,99899.90819632451,127237.13121896145,120636.46073192537,0.0
2021-01-21,0.0,0.0009114720342013882,-0.001148707998598797,99899.90819632451,127353.10430577955,120497.88466455997,0.0
2021-01-22,0.0,-0.0035392418965294326,-0.003967520146982734,99899.90819632451,126902.37086336747,120019.80687948453,0.0
2021-01-25,4.9875836621415814e-05,0.003943609176868312,-0.00019652978983051298,99904.8907878242,127402.8242176706,119996.219412063,0.0
2021-01-26,0.0,-0.0015606872749729384,-0.0004110512675117695,99904.8907878242,127203.98825111847,119946.89481397705,0.0
2021-01-27,0.0,-0.024440597102772577,-0.020243281306805062,99904.8907878242,124095.04682440707,117518.77608037995,0.0
2021-01-28,0.0,0.008600328483057362,0.008201811592220732,99904.8907878242,125162.30499021734,118482.64294033959,0.0
2021-01-29,0.0,-0.02001957163662227,-0.015215219903972382,99904.8907878242,122656.60925926092,116679.90347319847,0.0
2021-02-01,-1.8302146476134595e-07,0.01664552178012335,0.01415345344971437,99904.87250308476,124698.29252016202,118331.32705552354,0.0
2021-02-02,-4.941580452866301e-05,0.014140126016365828,0.008571910903830637,99899.93562343367,126461.54209042278,119345.65264817554,0.0
2021-02-03,0.0,0.0007862382656853573,0.002713800966242596,99899.93562343367,126560.97099395185,119669.53299564902,0.0
2021-02-04,0.0,0.011365656205876151,0.00551929262997018,99899.93562343367,127999.41947935097,120330.02416714387,0.0
2021-02-05,4.941824657112015e-05,0.003935745281213654,0.00794261171543148,99904.87250308476,128503.19259056491,121285.75882681199,0.0
2021-02-08,0.0,0.007222229445556394,0.00895589095027779,99904.87250308476,129431.2721319405,122371.98085668661,0.0
2021-02-09,-4.941580452866301e-05,-0.0006656032538878698,0.00161969008887175,99899.93562343367,129345.12225605463,122570.18554123578,0.0
2021-02-10,4.941824657112015e-05,-0.0004361511744210844,0.00011042289509358705,99904.87250308476,129288.708229077,122583.7200959754,0.0
2021-02-11,0.0,0.0016150378513146713,0.0015733373079052093,99904.87250308476,129497.51438661454,122776.58563614421,0.0
2021-02-12,0.0,0.00493992817961697,0.004597605942214156,99904.87250308476,130137.22280712334,123341.06399582971,0.0
2021-02-16,0.0,-0.000865734243670313,0.006351266935613481,99904.87250308476,130024.55855696306,124124.4360173898,0.0
2021-02-17,-4.941580452866301e-05,0.00022953395704194968,-0.0008604781113301929,99899.93562343367,130054.40360840128,124017.62965711564,0.0
2021-02-18,4.941824657112015e-05,-0.004256361409258558,-0.00615297640969073,99904.87250308476,129500.84506377835,123254.55210744966,0.0
2021-02-19,0.0,-0.0017658650634884143,0.001566222494714331,99904.87250308476,129272.16404578798,123447.5961595363,0.0
2021-02-22,0.0,-0.007691861924763899,0.0054670578137683504,99904.87250308476,128277.82040923234,124122.49130471122,0.0
2021-02-23,0.0,0.0012145454997416483,0.0013815079613559767,99904.87250308476,128433.61965872704,124293.96751463202,0.0
2021-02-24,5.0422422769091924e-05,0.011019256107108744,0.011254946726829529,99909.9099488028,129848.86260650955,125692.88949747548,0.0
2021-02-25,-9.983319346618114e-05,-0.02409557899545578,-0.017745652890287678,99899.93562343369,126720.0790801043,123462.38710967598,0.0
2021-02-26,4.941824657112015e-05,-0.005152732638213253,-0.012532126239111773,99904.87250308476,126067.12439271128,121915.14088863545,0.0
2021-03-01,0.00015016913931753528,0.024240015086179456,0.015938155546002385,99919.87513180218,129122.99338986186,123858.24336753131,0.0
2021-03-02,0.0,-0.007803080738987611,-0.002413058034214948,99919.87513180218,128115.436247181,123559.36623826953,0.0
2021-03-03,-0.0001995549768470939,-0.013245582923361754,-0.0040878343513347844,99899.93562343369,126418.4726126063,123054.27601653158,0.0
2021-03-04,9.984316112787717e-05,-0.012374881387015035,-0.00979841868316502,99909.9099488028,124854.0590088977,121848.53869936785,0.0
2021-03-05,0.0,0.018396595125955706,0.0165353460141445,99909.9099488028,127150.94858231657,123863.34644807977,0.0
2021-03-08,0.0,-0.0049791344422124295,-0.0027849899276665034,99909.9099488028,126517.84691487037,123518.38827581481,0.0
2021-03-09,-5.041988047649326e-05,0.014277705585763023,0.008748848256515151,99904.87250308476,128324.23148446555,124599.03191172922,0.0
2021-03-10,5.0422422769091924e-05,0.006224560210929653,0.007285982624211895,99909.90994880282,129122.99338986189,125506.85829323172,0.0
2021-03-11,-5.041988047649326e-05,0.010139564904987797,0.011921139968930693,99904.87250308477,130432.24436206471,127003.04311800607,0.0
2021-03-12,0.0,0.0013466098819931993,0.002817086106248445,99904.87250308477,130607.88571125321,127360.82162622508,0.0
2021-03-15,5.0422422769091924e-05,0.0059633857496126375,0.0023717911687651414,99909.90994880282,131386.75091569073,127662.89489820483,0.0
2021-03-16,4.987084366558925e-05,-0.0012612751138160183,-0.003807962011895327,99914.89254030252,131221.03607647563,127176.7594441039,0.0
2021-03-17,0.0,0.0034097018216920905,0.004015475245253885,99914.89254030252,131668.46068222992,127687.4345734233,0.0
2021-03-18,-4.986835668852052e-05,-0.014549559800923428,-0.01743904031757983,99909.90994880283,129752.74253963829,125460.68825384905,0.0
2021-03-19,4.987084366558925e-05,-0.0018502178618066134,0.002793392319805782,99914.89254030254,129512.67169777305,125811.1491768549,0.0
2021-03-22,0.00032352096297069265,0.007984832873237924,0.0007516828862391856,99947.21710255228,130546.80873624631,125905.71926458925,1.9
2021-03-23,-0.01524675151731456,-0.007870553819676607,-0.01818198414980458,98423.34671854257,129519.33305210066,123616.50347255073,0.0
2021-03-24,-0.003108001405460516,-0.005083525357764018,-0.0017541246566446511,98117.4468186112,128860.91823820962,123399.66471584134,0.0
2021-03-25,0.003709142732541469,0.005625678326689476,0.0044185169472073065,98481.378433414,129585.84831309963,123944.908225668,0.0
2021-03-26,0.014944126455652478,0.016114946866240265,0.015739447344255208,99953.09660624989,131674.1173732819,125895.73258227442,0.0
2021-03-29,-0.0025032368642882515,-0.000505150612176819,-0.002283224137011325,99702.89033012536,131607.60211228294,125608.28440689584,0.06000000000000005
2021-03-30,-0.0021558631327830806,-0.0026529869357009295,-0.0023963661108835745,99487.94454463074,131258.44886324013,125307.28097089694,0.0
2021-03-31,0.004272541486221787,0.004053087399829236,0.003592393754553658,99913.0109150766,131790.45082844887,125757.4340644569,0.0
2021-04-01,0.011098241289748227,0.010799156113178832,0.009920200345525198,101021.86961819736,133213.6764811715,127004.97300531548,0.0
2021-04-05,0.009504406770056956,0.014353166039991594,0.008911655662762762,101982.02255972038,135125.71449850348,128136.79759219734,0.06000000000000005
2021-04-06,-0.0015044264696984523,-0.0005905189026256252,-0.0018671860048681485,101828.59810554814,135045.92020986133,127897.54235702458,0.0
2021-04-07,-0.0008956027979304585,0.0011573149387751336,-0.0013824212140561398,101737.40012817548,135202.21087074082,127720.73408124458,0.0
2021-04-08,0.005551760482694234,0.004746759274067092,0.004762418112449695,102302.22180581912,135843.98321906588,128328.99361856846,0.0
2021-04-09,0.003909445550709729,0.007270067446501827,0.0037099686033824964,102702.1667716856,136831.57813926996,128805.09015579704,0.0
2021-04-12,-0.0013779218901936476,0.0003646426988379581,-0.0013192003621309732,102560.65120792057,136881.4727752089,128635.17043421921,0.0
2021-04-13,0.003140565970959987,0.0029636264870087636,0.002025864531119981,102882.74969906366,137287.1383335063,128895.76786345647,0.0
2021-04-14,0.000884520501448716,-0.003415185632659634,0.0027594400376458996,102973.7516004179,136818.27727112075,129251.44800598199,0.0
2021-04-15,0.009034105858849409,0.01074240138125937,0.007574289768265024,103904.02737305895,138288.03412185956,130230.43592614714,0.0
2021-04-16,0.0038803070535031402,0.0033425340938004755,0.004601899306925583,104307.20690336202,138750.26659067653,130829.7432789763,0.0
2021-04-19,-0.0024721336739286304,-0.004912963192954645,0.000228377730382129,104049.34554474277,138068.59163790388,130859.62187881283,0.0
2021-04-20,-0.01028853900894963,-0.007321555812220937,-0.013073069757240768,102978.82979424999,137057.71473831224,129148.88491358496,0.0
2021-04-21,0.008260812553770102,0.009462039895203445,0.008188274900766146,103829.5186041869,138354.56030311156,130206.39148638482,0.0
2021-04-22,-0.007492488471068466,-0.009133087567991804,-0.007123320951319012,103051.57713308843,137090.95598843225,129278.8895699142,0.0
2021-04-23,0.011618255864711262,0.010842351965050234,0.012439207694257248,104248.85672348269,138577.34438448402,130887.01652775731,0.0
2021-04-26,0.004504257666409045,0.002087716891310487,0.0037046116502693796,104718.42043559381,138866.6546471085,131371.90209405505,0.0
2021-04-27,0.0003796838160608517,-0.00021546924483217822,0.0016933204041367222,104758.18032507664,138836.73315389932,131594.35681640118,0.0
2021-04-28,0.0014161578571001998,-0.00028740667935012176,0.00182880472147281,104906.53444523952,138796.83054945173,131835.01719746616,0.0
2021-04-29,0.004080001442494243,0.006372679609612408,0.004531630862512136,105334.55325710317,139681.33828137306,132432.44483015803,0.0
2021-04-30,-0.008986915127981629,-0.006570304904958801,-0.009773433026036903,104387.92056693771,138763.58929933174,131138.12520013613,0.0
2021-05-03,0.005544602626527915,0.0021566863099171663,0.0072420766388876625,104966.71010549094,139062.8588326886,132087.83755311556,0.06000000000000005
2021-05-04,-0.004529244393759358,-0.006169431317488927,-0.003742076836222236,104491.29022221429,138204.92007630665,131593.55471586136,0.0
2021-05-05,0.003321186180628806,0.00031297816382713783,0.005427832597767157,104838.32525129637,138248.175198424,132307.82250180418,0.0
2021-05-06,0.006815276539504872,0.007985278751727165,0.005628673074037088,105552.8274298225,139352.12541430103,133052.53997980457,0.0
2021-05-07,0.010197204093740005,0.0072781768792264945,0.011736424345551022,106629.17115379572,140366.35483156246,134614.10104926096,0.0
2021-05-10,-0.006736757196473366,-0.009902391237306074,-0.006085671872955644,105910.83631767138,138976.3922694658,133794.8838008023,0.22000000000000008
2021-05-11,-0.0065130758205016025,-0.008924776613425167,-0.007072225330164621,105221.03101052165,137736.05901392107,132848.65623453984,0.0
2021-05-12,-0.018244618276074136,-0.021245312338954547,-0.018932025507767247,103301.31346511973,134809.81341983363,130333.5620860349,0.0
2021-05-13,0.005859979751731524,0.012012699945362248,0.0059207807276704825,103906.65707035261,136429.24325813635,131105.23852860255,0.0
2021-05-14,0.014933072481562797,0.015355115101929995,0.016019597911291816,105458.30271170106,138524.12999163425,133205.49173389474,0.0
2021-05-17,0.0013954563608969163,-0.0025444881406214703,0.0016275460474230287,105605.46517102951,138171.65698568063,133422.2898054613,0.0
2021-05-18,-0.0044936517335816585,-0.008615728911625764,-0.0044530702029972995,105130.91098938802,136981.20744582187,132828.15098231295,0.0
2021-05-19,-0.009824395718352011,-0.0026216188809493612,-0.01088642889785183,104098.06331759744,136622.09492604667,131382.12676101085,0.0
2021-05-20,0.005240196425074613,0.01075790685091893,0.005124449739500858,104643.5576168515,138091.86269703848,132055.3878662664,0.0
2021-05-21,0.000858518176077341,-0.000818632298871691,0.001139003379817427,104733.39601307496,137978.81623802334,132205.7993993692,0.0
2021-05-24,0.008628642469932422,0.010194117512047685,0.008935143028322124,105637.10304193363,139385.38850492696,133387.0771261762,0.0
2021-05-25,-0.0039912613871962745,-0.002218594988034228,-0.004102421735388539,105215.47775150707,139076.14878058474,132839.86708175385,0.0
2021-05-26,0.003471098310717955,0.001984356312250579,0.0035669294388583125,105580.69101859174,139352.125414301,133313.69751430178,0.0
2021-05-27,0.004798681950743877,0.0005251201953970774,0.0054553216003103144,106087.33917492972,139425.30202962755,134040.9666079688,0.0
2021-05-28,0.0010254109000298794,0.0017887480557214896,0.0009448098001642202,106196.12228887485,139674.69876755142,134167.6098268435,0.0
2021-06-01,0.004890166332654169,-0.0008808150032832973,0.004691326728225386,106715.43899075034,139551.6711972979,134797.03392088626,0.0
2021-06-02,0.0024009641116854285,0.0015726384541208116,0.0027813656626957005,106971.65892992988,139771.1355217596,135171.95376246702,0.0
2021-06-03,-0.004981209799566142,-0.003711465148995341,-0.005111059770874004,106438.81065419228,139252.37982343507,134481.08182744123,0.0
2021-06-04,0.006922070372510186,0.009145879068871654,0.006969480628433033,107175.58759190688,140525.9652493528,135418.3451221283,0.0
2021-06-07,0.00035274832769341077,-0.0009700521743996049,0.00022847551059909643,107213.3936011995,140389.64773120306,135449.28489767454,0.0
2021-06-08,0.003122298672531838,0.00021313176357895536,0.0033540051029130715,107548.14583771817,140419.56922441223,135903.58249040725,0.0
2021-06-09,-0.003015938592893853,-0.0014920710492100087,-0.002836504573045401,107223.78723409203,140210.05325042995,135518.09135717995,0.0
2021-06-10,0.0018237169411858619,0.004648485359693311,0.0014506295966420666,107419.33307136895,140861.8176302464,135714.67791138313,0.0
2021-06-11,0.0015293245121761469,0.0016524363843002376,0.0014354021499530687,107583.61209051662,141094.58282285728,135909.48305183733,0.0
2021-06-14,-0.0018327724933053019,0.002238931306572045,-0.0022078669566317267,107386.4358055467,141410.48390152707,135609.41299511425,0.0
2021-06-15,-0.0008028343814950256,-0.0018341421495302601,-0.00033320523567635933,107300.22228277581,141151.1169726178,135564.2272286973,0.0
2021-06-16,-0.006765840361649869,-0.005583326828168533,-0.007483647506506813,106574.246108041,140363.02415439865,134549.71233762574,0.0
2021-06-17,-0.01016619147093221,-0.00033135049483568046,-0.01145906856192528,105490.7919162364,140316.51479688846,133007.89795896158,0.0
2021-06-18,-0.012885969068617716,-0.013490567506148188,-0.013453997743547184,104131.44083457979,138423.56538179363,131218.40999994776,0.0
2021-06-21,0.013980492239422366,0.014315797346088788,0.015374627077489678,105587.24963504751,140405.20909172244,133235.8441193981,0.16
2021-06-22,0.004407608907114062,0.0053463699516898,0.004048830906244994,106052.63693701664,141155.86728267116,133775.29352288836,0.0
2021-06-23,-0.00017460950045625865,-0.001205471550422721,-0.0004519090773034973,106034.119139059,140985.70790048665,133714.83925342644,0.0
2021-06-24,0.006098926280479771,0.00591573667284262,0.006750740971128244,106680.81341490374,141819.74222306025,134617.51349722236,0.0
2021-06-25,0.00296302905017497,0.0035520532107273795,0.0030057673891967112,106996.9117641484,142323.49349376818,135022.14242930707,0.0
2021-06-28,-0.0025507867313278192,0.0020159618076749375,-0.004821987731824863,106723.98546132738,142610.4122209865,134371.06731498824,0.0
2021-06-29,0.00023621250909198856,0.0005380856601435724,-6.300798128849874e-05,106749.1950017135,142687.14883878976,134362.60086529315,0.0
2021-06-30,0.0007372981419040282,0.0008416316618202746,0.0009068577611306639,106827.90098483801,142807.23886098736,134484.44863269353,0.0
2021-07-01,0.004082070218915931,0.005536624083152475,0.005080577713729196,107263.97997799753,143597.9088589136,135167.70732525995,0.0
2021-07-02,0.006226676509038782,0.0076435279410072,0.006161197918919103,107931.87808239253,144695.50348754693,136000.50232233742,0.0
2021-07-06,-0.007916423319494707,-0.0018213314111480416,-0.010165970450496258,107077.44364582421,144431.96502199315,134617.9252344759,0.0
2021-07-07,0.0007169824190929751,0.003533855574870959,0.00014040766422873104,107154.21629039968,144942.36672677568,134636.82662292136,0.0
2021-07-08,-0.007466466524568474,-0.008147864471430788,-0.0081113116544056,106354.15292150104,143761.3959665175,133544.7453620227,0.0
2021-07-09,0.013224176134297506,0.010674793070963196,0.014185290273677497,107760.59897234898,145296.0191200529,135439.1163395073,0.0
2021-07-12,0.002194900995703957,0.003581835897395802,0.0027073696678659442,107997.12281833103,145816.44561708582,135805.80009492746,0.16000000000000003
2021-07-13,-0.0047153470080667365,-0.0034089364476259654,-0.005922515305457931,107487.87890836979,145319.3666209585,135001.4881652953,0.0
2021-07-14,-0.0009952609494689436,0.0014922607291651957,-0.0015927597636959945,107380.90041995105,145536.2210049541,134786.46322690652,0.0
2021-07-15,-0.004351156758463532,-0.0034155002287055147,-0.004491767033063881,106913.66928935888,145039.14200882672,134181.03383488063,0.0
2021-07-16,-0.00780975215205231,-0.007843594910728391,-0.007464158595082298,106078.70003054252,143901.51373270986,133179.48531788497,0.0
2021-07-19,-0.018728121877130126,-0.014767836269868995,-0.0229628158236924,104092.04520780299,141776.3997389189,130121.30932503623,0.16000000000000003
2021-07-20,0.013502627407294552,0.014330403887086396,0.015173769654741931,105497.56131030721,143808.11280883464,132095.74009990777,0.0
2021-07-21,0.010945051990624179,0.008096098272480035,0.01305764111994242,106652.23760373259,144972.39742251486,133820.59886760553,0.0
2021-07-22,0.0008143282539332531,0.002094150051602295,-0.0010285148968560806,106739.0875341585,145275.9913760581,133682.962388164,0.0
2021-07-23,0.008210834426085967,0.010288082238509189,0.007771951674113775,107615.50450869299,146770.60272261596,134721.93991149717,0.0
2021-07-26,0.0032333974107823875,0.002454647319761083,0.003997319537580169,107963.46820233142,147130.87278920872,135260.4665540461,0.0
2021-07-27,-0.004984637074615117,-0.004557413967613222,-0.004366671316249582,107425.30949602605,146460.33649449205,134669.82855452204,0.0
2021-07-28,0.0024457953023180675,-0.00041001183434774546,0.003061303171425045,107688.04981334148,146400.28602326676,135082.09372777128,0.0
2021-07-29,0.004142361319162337,0.004147226503581347,0.004746751881740252,108134.13262542429,147007.44116959436,135723.29491036298,0.0
2021-07-30,-0.00478481224903054,-0.004856220975511083,-0.005043532411718182,107616.73110309987,146293.54055023033,135038.7700734574,0.0
2021-08-02,-0.0006314417045226649,-0.0020980799959153806,0.00047769569618025796,107548.77741097697,145986.60499927026,135103.27751273898,0.06
2021-08-03,0.006080142878059697,0.008135437325573092,0.006025965880799011,108202.68934399635,147174.26987461504,135917.40525341485,0.0
2021-08-04,-0.007388171377780605,-0.004919053941902507,-0.009819131095228601,107403.26933158615,146450.31170224168,134582.81443310826,0.0
2021-08-05,0.0056892788356992284,0.006332838461876822,0.005930835762234265,108014.31647867925,147377.7578689435,135381.00300193028,0.0
2021-08-06,-0.0008044667888343993,0.0016525117890213714,-0.000834302695706174,107927.4225483535,147621.30135126147,135268.05426617837,0.0
2021-08-09,-0.0031888646399356414,-0.0008135006337048889,-0.0053206560314718095,107583.25660690966,147501.21132906387,134548.33947738155,0.16000000000000003
2021-08-10,0.004505695949723469,0.0012438621278667572,0.0065864127875210335,108067.99405046146,147684.68249965057,135434.5303810551,0.0
2021-08-11,0.00467149444017436,0.002485151315169132,0.005356042585541166,108572.83308382898,148051.7012825949,136159.92349332882,0.0
2021-08-12,0.0005486363487211908,0.002996710168678085,0.0003016562435982916,108632.40008654243,148495.36932131855,136200.99698437843,0.0
2021-08-13,-0.00012071129039619384,0.0018200989221925923,-0.0006548450879547475,108619.28692934915,148765.64558297087,136111.80643052867,0.0
2021-08-16,-0.0012037216388093165,0.0023544892604459022,-0.0008575264939110429,108488.53954328023,149115.91269781927,135995.0869503804,0.0
2021-08-17,-0.009510995684809514,-0.006555407192991081,-0.010999114599214054,107456.70551183281,148138.39717113055,134499.26140408308,0.0
2021-08-18,-0.009101047396966397,-0.010944918765457001,-0.009931167158655958,106478.73694184778,146517.03444804755,133163.52675636337,0.0
2021-08-19,-0.005284982092596233,0.001548334202877033,-0.006186137495320799,105915.99872386786,146743.89178378755,132339.75887048666,0.0
2021-08-20,0.0019708404492543075,0.007957270303846409,0.0007833382510587625,106124.742258376,147911.57259614952,132443.4256657458,0.0
2021-08-23,0.013162658245875258,0.008796280641685472,0.015930763300005278,107521.6259721546,149212.6442988583,134553.35053066863,0.22000000000000003
2021-08-24,0.0051837977834949004,0.0015874740967860568,0.007251752203275658,108078.99633854683,149449.5155065957,135529.09808683753,0.0
2021-08-25,0.003116671940374499,0.002098419820750985,0.004171116495821137,108415.84311377903,149763.12333213634,136094.4057435313,0.0
2021-08-26,-0.006521294364386143,-0.0059031282343173785,-0.007396157707399481,107708.83148707096,148879.05241033484,135087.83005555734,0.0
2021-08-27,0.010408681384184142,0.008940977373264936,0.011841549229371817,108829.93839628265,150210.17664928877,136687.4792454492,0.0
2021-08-30,0.004706172527706346,0.004397466789267668,0.0017037313537628495,109342.11086255523,150870.72091251405,136920.3579895065,0.49999999999999994
2021-08-31,-0.0011265738003064926,-0.0014816498355492147,-0.002315740061762128,109218.92890518728,150647.18333368484,136603.2860312394,0.0
2021-09-01,0.0007706950215396304,0.0005316338062268944,0.0038287168297558736,109303.10338995239,150727.27246915788,137126.30133146717,0.0
2021-09-02,0.0032462629040135695,0.0030767516481020607,0.003193022549683189,109657.92999978074,151191.02285314127,137564.14870377321,0.0
2021-09-03,0.0006790795021897238,-0.0002429033823085902,0.00015301637256760476,109732.39645229616,151154.29804231555,137585.1982708032,0.0
2021-09-07,-0.0028991891782366745,-0.00357551355156549,-0.004740496668870026,109414.26147599968,150613.84380128788,136932.97609671464,0.0
2021-09-08,-0.002268563228278798,-0.0012183736017505886,-0.0023619582207670465,109166.04830576594,150430.3398699422,136609.54612812892,0.0
2021-09-09,-0.0033824946685269666,-0.00428003550979783,-0.0016713329851939626,108796.79472938755,149786.4926735479,136381.2260875926,0.0
2021-09-10,-0.006238761926444532,-0.007884798293195772,-0.005391773726990023,108118.03742871064,148605.45639177173,135645.8893759188,0.0
2021-09-13,0.002598877517148838,0.002559331134812881,0.005610112084409124,108399.02296538238,148985.78696311827,136406.8780191071,0.0
2021-09-14,-0.005116012108366963,-0.005396585563470224,-0.005834693102636623,107844.45225135633,148181.77241603087,135610.98574877682,0.0
2021-09-15,0.008988739188533795,0.008352810302853175,0.01008461645491041,108813.83790557404,149419.50665136255,136978.57052712553,0.0
2021-09-16,-0.0019886450579065596,-0.001585276334033714,-0.003235618850268102,108597.44580459128,149182.63544362516,136535.36008224517,0.0
2021-09-17,-0.010593264266589525,-0.009741165003074093,-0.010920331948153172,107447.04436250661,147729.42277617534,135044.34862748644,0.0
2021-09-20,-0.018323707762520604,-0.016674130186955627,-0.016301983450363267,105478.21612166146,145266.1631483616,132842.85789109606,0.0
2021-09-21,0.0005867613810448501,-0.0009447129078589134,0.0009676830355461131,105540.10666542315,145128.9283289602,132971.40767107074,0.0
2021-09-22,0.010241447434118643,0.009754936215785825,0.010973269607170887,106620.99012002835,146544.65176787457,134430.53877749044,0.0
2021-09-23,0.01148650221900289,0.012150128368886959,0.01100585156977657,107845.69235963435,148325.1880986281,135910.0613337206,0.0
2021-09-24,0.000898343223676699,0.001647183620075765,0.00019744370395672337,107942.57480656834,148569.5069189088,135936.89591963528,0.0
2021-09-27,-0.0014907734199198744,-0.002861017287015599,0.0034398486430838597,107781.65688516901,148144.4469912904,136404.49826660947,0.0
2021-09-28,-0.02045687723147086,-0.020151957533329434,-0.013727524420434088,105576.7807624646,145159.04638672335,134532.00218559752,0.0
2021-09-29,0.00013044406936968492,0.0016832616834348002,0.0013362389039571875,105590.5526273782,145403.38704751007,134711.7690807452,0.0
2021-09-30,-0.00868244794751946,-0.012222512621085091,-0.007594669187626669,104673.76815044116,143626.19231417336,133688.67775889699,0.0
2021-10-01,0.010431539828694368,0.011884253958459157,0.01026043052697108,105765.67673192198,145333.08245872147,135060.38114928477,0.0
2021-10-04,-0.010819133471419728,-0.012895814144587292,-0.003630219504250259,104621.3837586643,143458.89403827384,134570.08231938517,0.10499999999999997
2021-10-05,0.010514353883500971,0.010404768775599926,0.00836367607834625,105721.41001128446,144951.55065954538,135695.5828977409,0.0
2021-10-06,0.0016608128331685264,0.00415598007600626,-0.0023182566442610133,105896.99348577186,145553.96641607265,135381.00571109136,0.0
2021-10-07,0.010335681703389988,0.00864578373056446,0.009728051696189583,106991.51110378675,146812.39453083187,136697.99913333097,0.0
2021-10-08,-0.002797537735635903,-0.001823706804952363,-0.00021104519199532392,106692.1983140812,146544.65176787463,136669.1496778585,0.0
2021-10-11,-0.004785487231917734,-0.0072396728678033595,-0.0009645024235623356,106181.62416130392,145483.71642854906,136537.331951768,0.0
2021-10-12,-0.0018106564611619054,-0.0024616479823118542,-0.0009873213081882768,105989.3657174596,145125.5867315435,136402.52573456886,0.0
2021-10-13,0.005342466390007883,0.0035975551072677803,0.004080940364614327,106555.61034150339,145647.68402728482,136959.1763076744,0.0
2021-10-14,0.01612625481202711,0.016820531091875424,0.013520792324119445,108273.95326552154,148097.5554249254,138810.97288741294,0.0
2021-10-15,0.006436272817580819,0.00761584083686051,0.006295539421868845,108970.83396777643,149225.44283536976,139684.8628394136,0.0
2021-10-18,0.0038984603628340964,0.0029607720209934296,-0.00047638532447066286,109395.65244470477,149667.2653513371,139618.3190207062,0.0
2021-10-19,0.006076971537769279,0.007714872507893933,0.004633050302018216,110060.44671096695,150821.92922212777,140265.17771581237,0.0
2021-10-20,0.003201312074879075,0.003927606063826916,0.005412463263537626,110412.78454798934,151414.2983458987,141024.35783735279,0.0
2021-10-21,7.153153913250871e-05,0.00260835254113867,-0.0037972283849856303,110420.68254440796,151809.24021575393,140488.8561427984,0.0
2021-10-22,-0.002413289338271371,-0.0010363538127886596,0.0003672250347549423,110154.2054884989,151651.91213083977,140540.44716787813,0.0
2021-10-25,0.007466671726907691,0.005362917952741464,0.006507879803969696,110976.69078021985,152465.2088929738,141455.06750564283,0.0
2021-10-26,0.0007771541470548526,0.0008999625546817214,-0.0008717385221313045,111062.93677568613,152602.4218718692,141331.75567414748,0.0
2021-10-27,-0.005323560915177893,-0.004430217649496471,-0.010213252883517694,110471.6864663422,151926.35992913655,139888.29871297587,0.0
2021-10-28,0.009314981232653943,0.009648910449911119,0.006864271065849853,111500.72815251579,153392.28377107374,140848.5299142823,0.0
2021-10-29,0.0005578995821700402,0.0020291050060772253,-0.00018157090449952848,111562.93436216374,153703.53282196724,140822.95591930833,0.0
2021-11-01,0.003353198398046609,0.0017203443615880776,0.006654490032740667,111937.02701494833,153967.95582801368,141760.06087585445,0.20499999999999996
2021-11-02,0.0023874936523598923,0.004043036737347849,-0.0008268461836576092,112204.27595641054,154590.4539298007,141642.8471105242,0.0
2021-11-03,0.005957326828426994,0.006105123320651273,0.002619062198351296,112872.71349982989,155534.24771523758,142013.81853705822,0.0
2021-11-04,0.004861037397822404,0.004712578688373936,-0.0024050474054491565,113421.39198134624,156267.2150963327,141672.26857124773,0.0
2021-11-05,0.004124050315798022,0.003469777082965253,0.0073694745294633265,113889.14750876515,156809.42749809276,142716.3187460148,0.0
2021-11-08,0.001114294331886617,0.000853650595894484,0.0029202460664655597,114016.05354029758,156943.28795931835,143133.08551445327,0.12400000000000001
2021-11-09,-0.0036419308060666364,-0.0033053703988856764,-5.561332539728565e-05,113600.81496252303,156424.53226099384,143125.12540759344,0.0
2021-11-10,-0.010759645967263167,-0.008044814045878423,-0.008910579191029555,112378.51041193372,155166.12598674063,141849.79764342302,0.0
2021-11-11,0.0024636033066360737,0.00032352681813518913,0.003443055897194647,112655.3664817794,155216.3263897635,142338.1944257151,0.0
2021-11-12,0.006545854853047846,0.0075467755575286954,0.002369353168207655,113392.79215918605,156387.70916789118,142675.44387763462,0.0
2021-11-15,0.0006673906941227906,0.00034236706148149665,0.001986143094774384,113468.4694534537,156441.2511683308,142958.81772528603,0.0
2021-11-16,0.0035687831738704123,0.0039576874992584,0.001068299719785981,113873.41381800402,157060.39675244805,143111.5405902029,0.0
2021-11-17,-0.0033320864955262946,-0.0024291348220930598,-0.008234831131076419,113493.97775362158,156678.87587352493,141933.04122053442,0.0
2021-11-18,0.004962265049785186,0.0033963986882776798,0.002609472951749614,114057.16495278946,157211.01980202258,142303.41165255895,0.0
2021-11-19,-0.002345423629564281,-0.0017882397397105398,-0.009920485973611264,113789.65258298807,156929.8888088922,140891.69265326273,0.0
2021-11-22,-0.0035558445109498227,-0.0028151350791647545,0.003258030013188684,113385.03427144798,156488.10997393684,141350.722016536,0.0
2021-11-23,0.001382732735332081,0.0013260218138333446,0.006920902945223661,113541.81547003186,156695.61662136784,142328.9966448497,0.0
2021-11-24,0.0020832043425658285,0.0026698570215253348,0.0001506845748164676,113778.34627308183,157113.97151364663,142350.4434291932,0.0
2021-11-26,-0.024273363000529992,-0.022303067692666767,-0.03190870437485166,111016.56317239533,153609.84797151404,137808.22521218203,0.0
2021-11-29,0.0129604463920475,0.012266439934283557,0.0050605875717796185,112455.3873880205,155494.09394497104,138505.6158039798,0.0
2021-11-30,-0.018089539386220096,-0.01945739942310787,-0.014020254265244876,110421.12122867227,152468.58325114948,136563.7318532437,0.0
2021-12-01,-0.012811084262831412,-0.011107362046457347,-0.013805914013183752,109006.50694021543,150775.05949626854,134678.34471395833,0.0
2021-12-02,0.013229259532398535,0.015316450012022864,0.013793573054222717,110448.58231124775,153084.39815810294,136536.0403005921,0.0
2021-12-03,-0.010607470686909853,-0.008701496669411446,-0.005085561815319095,109277.00221197044,151752.33477739134,135841.67782762455,0.0
2021-12-06,0.009950936875631897,0.011843272925414094,0.00992416419750811,110364.41076294004,153549.5790952288,137189.79294325088,0.12400000000000001
2021-12-07,0.02229433463235979,0.020684886292865023,0.017638007154376745,112824.91186799224,156725.7346791309,139609.5474926914,0.0
2021-12-08,0.0031741757586198284,0.002647883292463904,0.0022804285772895947,113183.03796821205,157140.7261334869,139927.9170944562,0.0
2021-12-09,-0.009034741166355395,-0.006751567755117316,-0.006107855542348284,112160.45851574748,156079.77987390832,139073.25759050157,0.0
2021-12-10,0.008005434557000986,0.00941348405468001,0.003313302813269148,113058.35172627852,157549.03439300932,139534.0494061267,0.0
2021-12-13,-0.010363299278864539,-0.008858386081378233,-0.006690146926775253,111886.69419136395,156153.4042196077,138600.5461143118,0.12400000000000001
2021-12-14,-0.007807909699003287,-0.00687992410327376,-0.005323385885546539,111013.09298659778,155079.08065010898,137862.72192339782,0.0
2021-12-15,0.015770181835842688,0.015625039609741487,0.009521642557226848,112763.78964915575,157502.19742790924,139175.40148351877,0.0
2021-12-16,-0.011406025723040654,-0.008818449270828532,-0.0018032539087547755,111477.60296378992,156113.2722898472,138924.43289679108,0.0
2021-12-17,-0.008644330095573168,-0.010642878907558329,-0.009298775881587906,110513.95376550767,154451.77763700366,137632.60573080715,0.0
2021-12-20,-0.01028700368375294,-0.010633354657453742,-0.010278515192356745,109377.0963160158,152809.4371079152,136217.94690183937,0.12400000000000001
2021-12-21,0.019392405694087903,0.017759036630183855,0.019070339158570128,111498.18134141731,155523.18549895246,138815.66934874153,0.0
2021-12-22,0.009993998883724122,0.009998511415755917,0.008545454999696578,112612.4940412807,157078.18584457846,140001.91240441395,0.0
2021-12-23,0.005590704014868653,0.006222071624005343,0.0023761963685302364,113242.07716384168,158055.53756747226,140334.5844402566,0.0
2021-12-27,0.015542843311115802,0.014152234946141595,0.015372732391071942,115002.18102542455,160292.37666966583,142491.91045206896,0.12400000000000001
2021-12-28,-0.0021699260671443157,-0.0008172525584957402,0.0010980773365379837,114752.63479503903,160161.37731472516,142648.37758957638,0.0
2021-12-29,0.0007969400826406017,0.0012793140918256896,-0.0021544126170221665,114844.08576929581,160366.2740216901,142341.05412509965,0.0
2021-12-30,-0.0023946802932969047,-0.002764821436742948,0.00020980631587705356,114569.07090030237,159922.88990954432,142370.9181772637,0.0
2021-12-31,-0.00308305197373505,-0.0025199708234030505,-0.0011318963281659266,114215.8485001342,159519.888892978,142209.76905774124,0.0
2022-01-03,0.007053136145460435,0.005790093039908406,0.006531103809701877,115021.42842957492,160443.5238913842,143138.55582221108,0.0
2022-01-04,-0.0015114205491191992,-0.0003350737019212069,0.004515828066660987,114847.58267905742,160389.76348588464,143784.94493001438,0.0
2022-01-05,-0.020521315379556652,-0.01920228452111261,-0.011768130698960827,112490.75921432077,157309.91361315473,142092.86490553507,0.0
2022-01-06,0.0007800705322372431,-0.0009392352944770366,0.003587845021566327,112578.50994073284,157162.1625901181,142602.67208348648,0.0
2022-01-07,-0.004377470057404314,-0.003953499651120906,0.0012935458536514066,112085.70088436009,156540.82203514868,142787.1351786797,0.0
2022-01-10,-0.003939395356030647,-0.0012443051605214306,-0.0054626980663307016,111644.15099481882,156346.03748245808,142007.1321714422,0.56
2022-01-11,0.011930321650022427,0.00910807804194036,0.011082336926024854,112976.10162653067,157770.04939339642,143580.90305606468,0.0
2022-01-12,0.0035321254888179554,0.0027033795254975956,0.0026736619777774475,113375.14739471301,158196.5617146633,143964.78985730064,0.0
2022-01-13,-0.009566933303290415,-0.013778386803353637,-0.0075446986230630845,112290.49492133707,156016.86829639805,142878.6189054947,0.0
2022-01-14,0.0036040352576897795,0.0004089752534623958,0.00520334026122965,112695.19382413702,156080.67533465396,143622.06497571454,0.0
2022-01-18,-0.011951392618976615,-0.01770944206690217,-0.007493593718768232,111348.3293164731,153316.57365705195,142545.819571736,0.10000000000000003
2022-01-19,-0.005551810908235615,-0.010383589225204548,-0.004896611961033103,110730.14444716007,151724.5973347813,141847.82800662576,0.0
2022-01-20,-0.01008642176694723,-0.0110680449625562,-0.00867799879548946,109613.27350795103,150045.30266955422,140616.87272604147,0.0
2022-01-21,-0.01585638199663885,-0.019630724505960484,-0.015073746150994416,107875.2035713069,147099.80466943476,138497.2496820224,0.0
2022-01-24,-0.0018225291449205506,0.004246655213377304,0.002635799390882549,107678.59786878398,147724.486821821,138862.3006483732,0.9999999999999998
2022-01-25,0.004644091204430212,-0.012208770680913084,-0.00040486431382366064,108178.66709805175,145920.9524382578,138806.0802583052,0.0
2022-01-26,-0.0017587443822541758,-0.002509052442990267,-0.0029202423147724364,107988.4084750133,145554.82911605915,138400.73286918722,0.0
2022-01-27,-0.0009607424501447937,-0.004938071352989071,-0.002922688890529684,107884.65942686777,144836.06898411192,137996.23058478927,0.0
2022-01-28,0.005398051701407629,0.024835503758594557,0.013585307764203315,108467.02639624277,148433.14571974688,139870.9518475836,0.0
2022-01-31,0.008241329536955212,0.018011303910755228,0.00836131711629812,109360.93890466783,151106.62021773466,141040.4572313397,0.8400000000000001
2022-02-01,0.007070691298979968,0.0067566737456099535,0.007162469519313985,110134.19634382935,152127.59835134767,142050.65520724928,0.0
2022-02-02,0.006516330624995451,0.009714390641268,0.006521224763178113,110851.8671803239,153605.42526905058,142976.99945761246,0.0
2022-02-03,-0.012145776510690093,-0.023505085451871688,-0.01140607624103993,109505.48517575898,149994.91662223046,141346.19290108382,0.0
2022-02-04,0.005512853902057908,0.004702274692984787,0.005911214323891467,110109.1729170069,150700.2339227395,142181.72054118823,0.0
2022-02-07,-0.001545356152434939,-0.0032092595485760933,-0.001936445362210909,109939.01502920009,150216.5977580503,141906.39340785507,0.0
2022-02-08,0.00423137437355718,0.008227814053437976,0.0039295555296944605,110404.20816004877,151452.55199214365,142464.02246076992,0.0
2022-02-09,0.011466627481352019,0.01463613710040268,0.011687716295369377,111670.17208739369,153669.23230730655,144129.10153758855,0.0
2022-02-10,-0.009805002241064129,-0.017965813972592892,-0.009405034390747413,110575.24579981677,150908.4394663623,142773.56238092002,0.0
2022-02-11,-0.0027812917524374058,-0.019718674122416013,-0.000958107409692321,110267.70378065,147932.72512620274,142636.7699728947,0.0
2022-02-14,-0.00423386999477276,-0.0032692980155446527,-0.004131373550869666,109800.84465822062,147449.08896151354,142047.4841940472,0.8400000000000001
2022-02-15,-0.0016720330857581556,0.01612682117358677,0.005236612299611393,109617.25401310789,149826.97405140416,142791.33179690663,0.0
2022-02-16,0.0014099245901335875,0.0011209101157492185,0.0011790772150285568,109771.80607504389,149994.91662223046,142959.69380273196,0.0
2022-02-17,-0.0033646223582520576,-0.021361321191541882,-0.010501147120479231,109402.46540201808,146790.82703116443,141458.4530258108,0.0
2022-02-18,-0.00046616034120586784,-0.0064751922173903464,-0.0025790034576055718,109351.46631141752,145840.32821038796,141093.6311863497,0.0
2022-02-22,-0.0006344953583971745,-0.010731685255415346,-0.004751778995529832,109282.08331360901,144275.2157104876,140423.18543327536,0.0
2022-02-23,-0.001443677034670826,-0.017738430528674964,-0.00826082271070272,109124.31527962816,141715.99981959752,139263.17439393894,0.0
2022-02-24,0.0031350206252681104,0.015048906344937052,0.007677480836741012,109466.42225874805,143848.67062846175,140332.36474661212,0.0
2022-02-25,0.00843521459021497,0.022064049375030814,0.015794600319275452,110389.79502092367,147022.5547997407,142548.85835964367,0.0
2022-02-28,0.0006320633388722537,-0.002558660987223682,-0.000659659633744436,110459.56836334203,146646.37392453264,142454.82463194744,0.0
2022-03-01,0.006231534997199375,-0.015230275964185802,-0.0004346894157931328,111147.90102937374,144412.9091805148,142392.90102745127,0.0
2022-03-02,0.015315035206147621,0.018396259194896958,0.02014809519825493,112850.13504672798,147069.56648888867,145261.84675290805,0.0
2022-03-03,0.0012103147130635694,-0.004978393695623695,-0.0003685691431798419,112986.71922554624,146337.3962862623,145208.30771851362,0.0
2022-03-04,0.006328126180870896,-0.008124591901078726,0.0026861422929513605,113701.71344156814,145148.46466156997,145598.3578951642,0.0
2022-03-07,0.005561028234193527,-0.029479126635346797,-0.006297793976768911,114334.01188029289,140869.61469088538,144681.4094337846,0.0
2022-03-08,0.006247970184493359,-0.007581639133915408,0.00315980823091806,115048.36737759445,139801.59210736537,145138.5749421743,0.0
2022-03-09,-0.01570624924339329,0.02681079049311408,-0.004790754016281296,113241.38904451649,143549.78330395976,144443.25173135276,0.0
2022-03-10,0.004804305265218962,-0.004515689281628044,0.002737233572990894,113785.43524614375,142901.55708611401,144838.62664938378,0.0
2022-03-11,-7.40240911464205e-05,-0.012715040287576307,-0.00490949740416024,113777.01238271396,141084.5580306067,144127.54178782649,0.0
2022-03-14,-0.0088886931884592,-0.007308391666199676,-0.009032753856261644,112765.68342774449,140053.45682246634,142825.673178949,0.0866666666666667
2022-03-15,-0.008019601850749862,0.021990530920161344,-0.0007705631128281385,111861.34754422627,143133.30669519628,142715.61698363244,0.0
2022-03-16,0.0033711814500788995,0.02217417038741165,0.01326906920607115,112238.45244404819,146307.1690259692,144609.32038217539,0.0
2022-03-17,0.0108439908157816,0.012510876800353898,0.011667399716472748,113455.565191529,148137.59999266168,146296.5351258017,0.0
2022-03-18,0.0033770073223229995,0.010953012812007001,0.006564404302304882,113838.70546593909,149760.15302332127,147256.88473039382,0.0
2022-03-21,0.008512153449130935,-0.00029269398195219676,0.011710370304598466,114807.7179953156,149716.3191277951,148981.3173804883,0.9000000000000001
2022-03-22,0.005908103376791225,0.011701631980468585,0.006590661483700777,115486.0138616854,151468.24439569894,149963.2028107389,0.0
2022-03-23,0.0002238881145446328,-0.012878578745799452,0.0011248293533146273,115511.86980758517,149517.54868276094,150131.8858231775,0.0
2022-03-24,0.005714332593050403,0.015074388504740632,0.004698980258658758,116171.94305011084,151771.43429988137,150837.35259085582,0.0
2022-03-25,0.007358483937660852,0.004883739654476527,0.008154336719615317,117026.79242705194,152512.64647198847,152067.331153777,0.0
2022-03-28,-0.006669218740665993,0.007113041954066368,-0.008039539393889577,116246.31514983744,153597.47532486942,150844.77985444255,0.060000000000000026
2022-03-29,0.005428162604314681,0.012370802432099648,0.005210660503305641,116877.31905062315,155497.5993461827,151630.78079095992,0.0
2022-03-30,0.000312660585749204,-0.006174848801320465,0.0006672225781679089,116913.86198165832,154537.4251812517,151731.95227144888,0.0
2022-03-31,-0.010407563151487616,-0.015391425232649247,-0.010648147528529267,115697.07357979991,152158.87395592834,150116.28805887073,0.0
2022-04-01,0.00448008249237368,0.002834219916690861,0.004846290519190078,116215.40601356364,152590.12566699547,150843.79520246646,0.0
2022-04-04,0.00670596823368871,0.008566655533394751,0.006690226550300748,116994.74283455584,153897.31271138205,151852.97436607815,0.0
2022-04-05,-0.008466751935007339,-0.012631455106900447,-0.008423628747536148,116004.17736927568,151953.3657147956,150573.8212858092,0.0
2022-04-06,-0.004936740949738744,-0.00999948184744881,-0.004671666807947389,115431.49479651602,150433.91079267176,149870.39056276245,0.0
2022-04-07,0.004106194101086993,0.005039170480150457,0.00436059472261473,115905.47891952911,151191.9729151518,150523.91459692662,0.0
2022-04-08,0.003661012875786623,-0.0026739427918820446,0.004493387973742535,116329.81037022771,150787.69422898488,151200.2769445371,0.0
2022-04-11,-0.006614631756673216,-0.017092314882079518,-0.005840902305169754,115560.33151230503,148210.38347888034,150317.13089838944,0.0
2022-04-12,0.0037741487647318587,-0.003705257821856933,0.004417598166201825,115996.4733947342,147661.2257962148,150981.17158019487,0.0
2022-04-13,0.012900721646835762,0.011453746057193515,0.013668106762259834,117492.91161001426,149352.49997897854,153044.79835244408,0.0
2022-04-14,-0.004434682679064489,-0.012452097194547318,-0.0041665968092867095,116971.86782998448,147492.7481329917,152407.12238395083,0.0
2022-04-18,0.002951846880181508,0.000411362093486467,0.003963655078767991,117317.15087310741,147553.42105863776,153011.2116486284,0.8
2022-04-19,-0.0006129985617839562,0.016142505442422905,0.003728006939948414,117245.2356283496,149935.30296112495,153581.6385075444,0.0
2022-04-20,0.0004679901299643142,-0.0007412224642627807,0.002093940095503716,117300.10524140901,149824.1675463841,153903.22925834853,0.0
2022-04-21,-0.0062679297429604035,-0.014953814343661609,-0.011572229596516359,116564.87642291399,147583.72476070182,152122.2257537256,0.0
2022-04-22,-0.011768059112093492,-0.027439125454690738,-0.019149428669209708,115193.13406677527,143534.15642192238,149209.17204265323,0.0
2022-04-25,-0.011560203695490103,0.0057974646543794695,-0.010440005030756122,113861.47797264143,144366.29062047464,147651.427535893,0.0
2022-04-26,-0.001811963481229807,-0.028960707410335074,-0.010756726889876798,113655.16513263616,140185.34071789967,146063.18145498892,0.0
2022-04-27,0.005277883074160179,0.0028119086516456004,0.004752631433721355,114255.02380498058,140579.52909029822,146757.3659224813,0.0
2022-04-28,0.010508519984037065,0.025259286965215066,0.01726467157857445,115455.67500591185,144130.46775702486,149291.08364686958,0.0
2022-04-29,-0.01124179817319674,-0.036955461832464453,-0.02283283547319478,114157.74560954519,138804.05975693488,145882.34489634563,0.0
2022-05-02,0.003162556079478716,0.006019338038030897,0.0035820800277799433,114518.77588194226,139639.56831366292,146404.90713040455,0.0
2022-05-03,0.00100982562716527,0.004584033577301083,0.00376806273194531,114634.41987661945,140279.68078353256,146956.57000473657,0.0
2022-05-04,0.010652523456629589,0.030452768825238063,0.020637953231795975,115855.56572329225,144551.5854733117,149989.45282359945,0.0
2022-05-05,-0.006610543452561138,-0.035542823920009736,-0.018499581212575986,115089.69747185738,139413.81392347554,147214.71076005942,0.0
2022-05-06,0.003266098595072881,-0.005968650699872624,0.000847783621335285,115465.59177107758,138581.70156542928,147339.5169806614,0.0
2022-05-09,-0.022017553541965027,-0.032017429323001445,-0.02842590033181526,112923.3219220032,134144.6717300969,143151.25855603133,0.0
2022-05-10,-0.006531071744372319,0.0023105617002112666,-0.00758055763732896,112185.81160491776,134454.62127088386,142066.09218969115,0.0
2022-05-11,0.00590695343629127,-0.015886168173912973,0.0007789607823507737,112848.48797028055,132318.6525456148,142176.75610400876,0.0
2022-05-12,-0.004091981426574895,-0.0010440865138453548,-0.004348555592871573,112386.71405348911,132180.50042496173,141558.4925760763,0.0
2022-05-13,0.013061670238897476,0.023908224617964047,0.018993314266680314,113854.67225168904,135340.70151923664,144247.15751269125,0.0
2022-05-16,0.006038759153558834,-0.004057675161676877,0.004130515027213349,114542.21319592437,134791.5329163181,144842.97256443024,0.0
2022-05-17,0.0033433425199919653,0.020570495916759857,0.010111710821228304,114925.16704763629,137564.261593787,146307.58281748884,0.0
2022-05-18,-0.01119117679780368,-0.040311758960426713,-0.02356992979030694,113639.01918468907,132018.80423884917,142859.12336269114,0.0
2022-05-19,0.0016742317759635313,-0.006124644873497842,0.0007996715663375403,113829.27724159739,131210.2359462624,142973.36374163622,0.0
2022-05-20,0.0014692685002904466,0.0004366928163574979,0.0011594669212764308,113996.5230130593,131267.5345137327,143139.13662751825,0.0
2022-05-23,0.0064621221871654705,0.018710196315345762,0.011892482653256386,114733.18247368169,133723.57585431606,144841.4163268631,0.0
2022-05-24,-0.0007513571144839558,-0.007634009815062126,-0.002823269431577996,114646.97688076271,132702.728763739,144432.48998372103,0.0
2022-05-25,0.0038146198260391507,0.008835101234094811,0.006166388568560799,115084.31151176752,133875.17080640726,145323.1168388854,0.0
2022-05-26,0.0036249828525233892,0.019981162128782204,0.009521117990309403,115501.49016759214,136550.1522993085,146706.75538102796,0.0
2022-05-27,0.005563784457488679,0.02454922917334934,0.01285958621082688,116144.11556340338,139902.35328176,148593.343549561,0.0
2022-05-31,-0.002775786315332606,-0.005610995440422206,-0.0047118696291164825,115821.72431681608,139117.3618153917,147893.19108700092,0.0
2022-06-01,0.004489938353494166,-0.008088377857966567,0.001436582481288795,116341.75671899399,137992.12802642534,148105.6518544184,0.0
2022-06-02,0.006515484928517076,0.019043475294960643,0.012673019737000014,117099.7796814538,140619.97770739562,149982.5977035307,0.0
2022-06-03,0.0011821064653811113,-0.016411678226951998,-0.005021640623456808,117238.20408810997,138312.16788098068,149229.43899809106,0.0
2022-06-06,0.0034468290962638695,0.0030446903026577488,0.004474602526402593,117642.3041411546,138733.28559726747,149897.18142284558,0.0
2022-06-07,0.005049184354509121,0.009592167767259019,0.008480542101709126,118236.30182265252,140064.03854761954,151168.39078082956,0.0
2022-06-08,-0.0005672862917351653,-0.01087206691366338,-0.004515430950865334,118169.22798944307,138541.25294833188,150485.80035030528,0.0
2022-06-09,-0.0069901128315046175,-0.0237827464716015,-0.013579790388165773,117343.21175258506,135246.3614536037,148442.23472515275,0.0
2022-06-10,-0.008199360360691606,-0.028995686767551265,-0.016991237874621205,116381.07247354467,131324.800320444,145920.01740429734,0.0
2022-06-13,-0.01281072805594191,-0.037968278539759814,-0.024066744079369314,114890.14620322724,126338.62372269902,142408.197689371,0.0
2022-06-14,-0.0034171161062158803,-0.0030132585624091934,-0.0032008059341192495,114497.55323419068,125957.9327830036,141952.37668513964,0.0
2022-06-15,-0.0013723998243369514,0.014256209847081092,0.0032401193420297293,114340.41681224506,127753.61550466264,142412.31932648426,0.0
2022-06-16,-0.01087397269420532,-0.033096020798069725,-0.02100360275726739,113097.08224198467,123525.47918889172,139421.14754360967,0.0
2022-06-17,-0.008959860362333026,0.0021557525707029956,-0.00738198975810861,112083.7481777092,123791.76955820048,138391.94206037896,0.0
2022-06-21,0.007064898452071458,0.02517365062394261,0.013081672821331802,112875.60847671225,126908.06031517823,140202.34016752156,0.0
2022-06-22,-0.010768564702585423,-0.001813214783689454,-0.010351101867268425,111660.10018348707,126677.94874404538,138751.09146241812,0.0
2022-06-23,-0.010090759207631143,0.009802956412416464,-0.0062607354590397514,110533.36499943554,127919.7671539976,137882.40758411892,0.0
2022-06-24,0.007985532222576282,0.03179394080225251,0.01632353046434965,111416.03274730832,131986.84065832972,140133.13526481614,0.0
2022-06-27,0.005217986411714365,-0.0038198220201883792,0.0039054774523669122,111997.40009223089,131482.67441800793,140680.42206492237,0.0
2022-06-28,0.003503172882206914,-0.020432949158319613,-0.0033538899615351333,112389.74634711165,128796.0956164249,140208.59540957428,0.0
2022-06-29,-0.004776448179193108,-0.0008144652970886179,-0.004728715736466577,111852.922547812,128691.19566614479,139545.58881807316,0.0
2022-06-30,-0.008306114219057706,-0.008124137913477991,-0.009356555770999147,110923.85939739447,127645.69064430264,138239.92273369993,0.0
2022-07-01,0.0008015728208667814,0.010576448843111264,0.004201875246960069,111012.77294827308,128995.72876144572,138820.78964317634,0.0
2022-07-05,-0.011655429882026938,0.0018886737311474278,-0.015638783822921817,109718.87135716509,129239.35960578767,136649.8013238194,0.37999999999999995
2022-07-06,-0.0014202563063144091,0.0033774032449298552,-0.0011775324711334467,109563.04243819839,129675.85303829292,136488.8917455867,0.0
2022-07-07,0.008285489745944624,0.014976837931542919,0.014690792419528764,110470.82590285457,131617.98727288202,138494.02172179264,0.0
2022-07-08,0.0008895108426801213,-0.0008223087868642898,-8.988803139288736e-05,110569.09090029499,131509.75664543814,138481.57276682038,0.0
2022-07-11,0.0008772134049388485,-0.01142356402476219,-0.0024887661440897045,110666.08358900463,130007.44652051807,138136.92451693802,0.0
2022-07-12,-0.00858909150292432,-0.008849182136698941,-0.011626578069748105,109715.5624707884,128856.98694713086,136530.86477972692,0.0
2022-07-13,0.002199176369090372,-0.00525152212106339,0.0004610357717624858,109956.84634309559,128180.29162972442,136593.81039234006,0.0
2022-07-14,-0.00039212654798612785,-0.0024285537811439273,-0.002973135032523866,109913.72934451162,127868.99889781894,136187.6985494367,0.0
2022-07-15,0.0013535700450556913,0.019105083939800593,0.008310009908245042,110062.50527609272,130311.94685506003,137319.4196737636,0.0
2022-07-18,0.004762881312451768,-0.008256814769599607,0.003088047576528774,110586.71992567384,129235.98524761188,137743.4685748975,0.0
2022-07-19,0.002393135777931167,0.027019001948789922,0.0116914186390336,110851.36896169203,132727.8125848709,139353.88513079917,0.0
2022-07-20,0.001605966318649683,0.006373228196158154,0.0028326860192207978,111029.39252662072,133573.7172224512,139748.63093293327,0.0
2022-07-21,-0.005741562465809894,0.010183341015531644,-0.0023852954269100836,110391.9103338882,134933.9439356396,139415.289162652,0.0
2022-07-22,-0.00400923985547957,-0.009278342338994272,-0.0045624840981869745,109949.32268725506,133681.98061065408,138779.20912280327,0.0
2022-07-25,0.005534860585444717,0.0012151950683796375,0.006599113027683179,110557.87685979308,133844.43029422336,139695.02880969713,0.0
2022-07-26,0.002329622475465683,-0.011831079133967082,-0.0015229041641936722,110815.4349745654,132260.90624777167,139482.2866686057,0.0
2022-07-27,0.0019221049761065532,0.025966261553872272,0.011425662876712511,111028.43387355944,135695.2275327535,141075.96425335415,0.0
2022-07-28,-0.0011313302699803543,0.012542395933048622,0.003689029991915926,110902.82404548976,137397.1708026944,141596.39771662324,0.0
2022-07-29,0.0027087924577033013,0.014578678983015791,0.00892719583838084,111203.2367788022,139400.24004900147,142860.45648904878,0.0
2022-08-01,-0.008284378379286554,-0.0029612322285722525,-0.007875753648327244,110281.9870883252,138987.44356549767,141735.32272765346,0.37999999999999995
2022-08-02,-0.0004925469136103241,-0.006597292962565393,-0.00215592242190526,110227.66803595802,138070.50268217805,141429.75236740895,0.0
2022-08-03,-8.237456061101081e-05,0.015659476636501468,0.004396382135786303,110218.5880802364,140232.61449311962,142051.5316041857,0.0
2022-08-04,-0.005737225521186957,-0.0006756211123654099,-0.0050842320379819225,109586.23918379327,140137.87037812587,141329.30865615932,0.0
2022-08-05,0.0024685313300518695,-0.0016900388620103568,0.0007647611711868506,109856.75624856101,139901.03193114747,141437.39182377025,0.0
2022-08-08,0.0033467006783785445,-0.0011609415639638465,0.0039443769191303156,110224.41392922253,139738.61500833716,141995.2742075819,0.37999999999999995
2022-08-09,0.0012867683194740832,-0.003971075968953519,0.0005274100794708027,110366.24721309927,139183.70235234272,142070.16394643622,0.0
2022-08-10,-0.0010717757813944323,0.021004019861182055,0.007254300287917398,110247.95934225289,142107.11960090417,143100.7835776573,0.0
2022-08-11,0.005724907355626937,0.0,0.0066972227272897086,110879.1186956342,142107.11960090417,144059.16139772654,0.0
2022-08-12,0.00017159526359963686,0.01692900216250126,0.005132730848164424,110898.14502723448,144512.8513359347,144798.57829939332,0.0
2022-08-15,-0.0037300604779643403,0.004120612045018346,-0.0011988768116284465,110484.48823938884,145108.33273180953,144624.98264151343,0.37999999999999995
2022-08-16,0.0012057959943754092,0.001958759635855012,0.001517134900014372,110617.70999274851,145392.5650767908,144844.39825009284,0.0
2022-08-17,-0.001851418031141212,-0.0070979265555152216,-0.00447996291012373,110412.91036990439,144360.57932815776,144195.50071819325,0.0
2022-08-18,0.006609306406298649,0.0029065336452658297,0.0075728179981378475,111142.66312575027,144780.16820902514,145287.46700128246,0.0
2022-08-19,-0.00037415569466482516,-0.013438201230205227,-0.004013629660069928,111101.07846542157,142834.5831744893,144704.3369144897,0.0
2022-08-22,-0.001859360533507999,-0.020822433882142,-0.008560637945654953,110894.50150489279,139860.4195102552,143465.57547699867,0.0
2022-08-23,0.0073570532387973,-0.002419141882753384,0.006271553499308896,111710.35825635416,139522.07731167847,144365.3275089118,0.0
2022-08-24,0.0008925128807003964,0.003201201961327227,0.0012263411862859285,111810.06119000562,139968.71565921706,144542.36865590763,0.0
2022-08-25,0.0005730450405936015,0.01411758170623556,0.005223453328931127,111874.13339105903,141944.73543885292,145297.3789726349,0.0
2022-08-26,-0.003615919759300097,-0.03384919305992373,-0.013531019171876728,111469.60550157572,137140.02068514336,143331.35735213273,0.0
2022-08-29,0.0029132496481775933,-0.006612190692082298,0.0007064816404993071,111794.34429058568,136233.22471685708,143432.61832460988,0.0
2022-08-30,-0.009657487414127655,-0.0109777887969017,-0.012450290507106658,110714.6918176287,134737.68514879458,141646.8405582735,0.0
2022-08-31,-0.005503447290586055,-0.007609133488891917,-0.0073981222390556815,110105.37934691689,133712.44811651311,140598.91991704737,0.0
2022-09-01,-0.003075332994451133,0.0031378308173355407,-0.0022030518556031783,109766.76864094475,134132.01515687446,140289.17320562832,0.0
2022-09-02,0.001189133197125218,-0.010544443736140718,-0.0022349637294359014,109897.29594947686,132717.66766983762,139975.63199188118,0.0
2022-09-06,0.0014260080867299063,-0.0037731157439623297,-0.00199473138947473,110054.01038221056,132216.90854845062,139696.4182049854,0.37999999999999995
2022-09-07,-0.001882257342556781,0.017964905209541637,0.0028527442776837162,109846.86041309084,134592.17277762215,140094.9363626326,0.0
2022-09-08,0.0024615764323330782,0.006536386800654492,0.003839531449569422,110117.25685584948,135471.91927923722,140632.83527672236,0.0
2022-09-09,0.0055025479821368935,0.015535204117248735,0.01238447849910025,110723.18234536007,137576.50319739562,142374.49960147447,0.0
2022-09-12,0.0011983313973804722,0.010747729314671162,0.002974418226722564,110855.8654111824,139055.13821382023,142797.9809081096,0.3533333333333333
2022-09-13,-0.00800108403462953,-0.04348236159630692,-0.01670530469461354,109968.89831629595,133008.69241218248,140412.497127264,0.0
2022-09-14,0.001030491937376412,0.0038156811317173744,0.0016465877251576832,110082.22037937307,133516.21117017404,140643.6986214925,0.0
2022-09-15,-0.0071363535608203535,-0.011353312270845684,-0.008921817162162287,109296.63473398572,132000.35993153887,139388.90125738128,0.0
2022-09-16,-0.003634002948189145,-0.007629016853130888,-0.0039662438976380615,108899.45044113527,130993.3269610018,138836.05087837073,0.0
2022-09-19,0.0013447084436951575,0.007755191802757189,0.0029246494453583293,109045.88845165721,132009.20533646567,139242.09765756788,0.3533333333333333
2022-09-20,-0.000865306413298804,-0.011478701821362902,-0.005790547569381843,108951.53034503612,130493.91103073332,138435.8096674212,0.0
2022-09-21,-0.0014990870666365143,-0.01744384698714574,-0.007117021286678678,108788.20251500563,128217.595213959,137450.55906317956,0.0
2022-09-22,-0.0001534147560124872,-0.008399690459274134,-0.002656476642325728,108771.51279945976,127140.60710272923,137085.42486355364,0.0
2022-09-23,-0.006858419395131599,-0.01675495847463504,-0.01644442185836826,108025.51214643814,125010.37151028312,134831.1343064637,0.0
2022-09-26,-0.00023651506501000467,-0.00989266631322927,-0.007421289440196321,107999.96248541008,123773.68561923906,133830.51343322545,0.16666666666666669
2022-09-27,0.003376885814801382,-0.002552865084851974,0.0023245289243275903,108364.66602672615,123457.70809879826,134141.60633265862,0.0
2022-09-28,-0.0012113707263619123,0.01967645695340514,0.010599746531194328,108233.39624252939,125886.91837777033,135563.47335907203,0.0
2022-09-29,-0.0013890072603225214,-0.020888824002486484,-0.00853233665692007,108083.05926933914,123257.2886955617,134406.80016599104,0.0
2022-09-30,-0.001132236122693763,-0.015463581404365101,-0.0066645499706787575,107960.68372538315,121351.28957813655,133511.03932988574,0.0
2022-10-03,0.0029807638260997095,0.026400994627850505,0.015617247924742013,108282.48902607276,124555.08432237165,135596.11433179057,0.0
2022-10-04,0.001522144704786792,0.030987002404637032,0.016158536068452255,108447.31064336492,128414.67301977875,137787.1490359628,0.0
2022-10-05,0.0031725006199329487,-0.0023284523509153887,0.0010371593833272074,108791.35980361108,128115.66557249383,137930.05627048734,0.0
2022-10-06,0.0010124559445591915,-0.010315692249153852,-0.0044958961412481235,108901.50626256093,126794.06379415248,137309.9370627387,0.0
2022-10-07,0.0019553279900783377,-0.027893853960960335,-0.007855600030851385,109114.4444259178,123257.2886955617,136231.28511691245,0.0
2022-10-10,0.0018867034480414449,-0.007635485525163577,-0.0017251663135118222,109320.3110244473,122316.15945185583,135996.26349298234,0.0
2022-10-11,-0.000998143118753646,-0.006333088530571018,-0.00418239500235823,109211.19370825824,121541.52038532779,135427.47340020988,0.0
2022-10-12,-0.0019322460669103014,-0.00329813750649377,-0.0029681084809843323,109000.17080875288,121140.65973834867,135025.50996785244,0.0
2022-10-13,0.004533037533904172,0.026390918408648156,0.014291112589270382,109494.2726742309,124337.67300547323,136955.17473322668,0.0
2022-10-14,-0.0011028437790829432,-0.022788747906414608,-0.01159686139919146,109373.51759676692,121504.17312008128,135366.92455394342,0.0
2022-10-17,-0.0011515335883397115,0.025696944357514795,0.009395075513363322,109247.57031757936,124626.45909595385,136638.70703213947,0.0
2022-10-18,-1.0286581934305326e-05,0.011749660347963209,0.003972484224675099,109246.44653349616,126090.77766070062,137181.50214030466,0.0
2022-10-19,0.0040607186357389585,-0.007086645337849751,-0.0008882394538517694,109690.06561482298,125197.21703904559,137059.65211776498,0.0
2022-10-20,0.0009391615142134895,-0.008385143904134806,-0.00239407607227135,109793.08230293998,124147.42035777599,136731.52088415602,0.0
2022-10-21,-0.00020050452263535622,0.024301344375728506,0.009604640004472536,109771.06829338416,127164.36957324864,138044.77791951233,0.0
2022-10-24,0.0024083252780832884,0.01223651479683796,0.0057581514700548505,110035.43273195733,128720.41826316227,138839.66066042296,0.16666666666666669
2022-10-25,-0.0005903050256100449,0.015968697186321767,0.005951851857078115,109970.47826302047,130775.9156441034,139666.0137525608,0.0
2022-10-26,-0.002175391123745855,-0.00753419115415177,-0.0015394835612378586,109731.249460733,129790.62489728151,139451.0002203251,0.0
2022-10-27,0.000879595514119089,-0.005339867784718844,-0.0009934198617467193,109827.76857551733,129097.56012063398,139312.4668269658,0.0
2022-10-28,0.0029829779075155383,0.023790529517088155,0.008161077708985687,110155.38238280982,132168.85943526798,140449.40669457117,0.0
2022-10-31,0.0016436740185423713,-0.007223358983797112,-0.0002886964257026502,110336.44192283505,131214.15631708803,140408.8594528664,0.1285714285714286
2022-11-01,-0.0013152617825671173,-0.004375702728187436,-0.0006434057910326194,110191.3206175495,130640.00217531456,140318.51957958212,0.0
2022-11-02,-0.0021139851933056645,-0.025096268999998617,-0.010136716474549516,109958.37779733322,127361.42553856244,138896.15053047537,0.0
2022-11-03,0.0006538448297236989,-0.010296784734864395,-0.0025931903692766934,110030.2735141408,126050.01235626641,138535.96637059015,0.0
2022-11-04,0.0027179051489035115,0.01439298733562655,0.010917052774811281,110329.32536106015,127864.24858776573,140048.37082666735,0.0
2022-11-07,0.0009517306700221283,0.009565707616311592,0.0038275394579951215,110434.32916380913,129087.36060433567,140584.41149203436,0.1285714285714286
2022-11-08,-0.003953271328030947,0.0053953531338908345,-0.0008071602427221158,109997.7522966955,129783.83249991799,140470.9373443315,0.0
2022-11-09,-0.005345996638152047,-0.02060205015006278,-0.013120056832373063,109409.7046827131,127110.01947408733,138627.95066307715,0.0
2022-11-10,-0.0024020296418767887,0.0549541823677675,0.019351986223183005,109146.89932895622,134095.2466650368,141310.67685445712,0.0
2022-11-11,-0.0004912426770110367,0.00967848853780695,0.005281387999285863,109093.28171394242,135393.08597285874,142056.99336736722,0.0
2022-11-14,-0.0024557870399526736,-0.008506698513922828,-0.005732135643991021,108825.3718465634,134241.337809618,141242.70341220795,0.15333333333333332
2022-11-15,0.00044416703422044384,0.008529003541725588,0.0049197061675459956,108873.70848922442,135386.28265524222,141937.57601130582,0.0
2022-11-16,-0.004477765913232435,-0.007628819612374049,-0.0059898972342558475,108386.19750850416,134353.44512687548,141087.38451731874,0.0
2022-11-17,2.5442576924153258e-05,-0.003059786994283775,-0.0026605198100011435,108388.95513267179,133942.35220283904,140712.01873586918,0.0
2022-11-18,0.001635251916737419,0.004540459381228601,0.0010258463298808637,108566.19837930567,134550.51201244225,140856.36764385953,0.0
2022-11-21,-8.66041190832965e-05,-0.003636093591609213,-0.002283500662548793,108556.79609933282,134061.2737579661,140534.72203502056,0.0
2022-11-22,0.0038498827933362914,0.013456888666528943,0.00971193060072576,108974.72704073534,135865.3213934201,141899.58550241697,0.0
2022-11-23,-0.0023833636669547214,0.006301686014272612,0.000226305768304952,108715.00063569016,136721.50198906966,141931.69819713625,0.0
2022-11-25,-0.00028015776442708365,-0.0002237221519435506,-0.00018604305160192515,108684.54328415236,136690.9143604277,141905.2927908846,0.0
2022-11-28,-0.0065494874994658035,-0.015956932197178753,-0.009604744129249125,107972.71522652765,134509.746708008,140542.32876304197,0.34545454545454546
2022-11-29,0.0034328694691095865,-0.0017177246894387599,0.002903717441730508,108343.37146412565,134278.6959951175,140950.42397437262,0.0
2022-11-30,0.007692832395870727,0.03150069789291887,0.01408012507778434,109176.83886200274,138508.56863111482,142935.02357369853,0.0
2022-12-01,-0.0024230384597338844,-0.0007356720361290092,-0.002010529004458944,108912.29918252793,138406.67175040863,142647.64856305058,0.0
2022-12-02,-0.0024732109478964454,-0.0011539878699511341,-0.00235958785161402,108642.93609182913,138246.95213008835,142311.0589044399,0.0
2022-12-05,-0.013751104010388876,-0.01798923259063967,-0.011160520010909069,107148.97577763635,135759.99555327315,140722.79348376326,0.7999999999999998
2022-12-06,-0.00940055551711732,-0.014414798777279136,-0.007179684072117176,106141.71588223644,133803.0425353684,139712.44828480404,0.0
2022-12-07,-0.003189995718573225,-0.0017012518504021523,-0.0036863366114177117,105803.12426301009,133575.40986166568,139197.42117162098,0.0
2022-12-08,0.004298557777841065,0.007834026071344535,0.002380210104475394,106257.92510573073,134621.8431050125,139528.7402800106,0.0
2022-12-09,-0.0048331365486922176,-0.007470236593589585,-0.004034046733765767,105744.36604431403,133616.18608635294,138965.87482101755,0.0
2022-12-12,0.0027077572606635397,0.014417401113191453,0.008347022352416234,106030.69611924478,135542.58423637474,140125.82608437169,0.86
2022-12-13,0.0013287566954966786,0.007569668056903067,0.004728350905427147,106171.58511664139,136568.5966066189,140788.39016101146,0.0
2022-12-14,-0.0022263593844014063,-0.006393415252464618,-0.004173895815426176,105935.20901176019,135695.45685806646,140200.75408845782,0.0
2022-12-15,-0.006695924674407808,-0.024461702831055643,-0.012988355951353675,105225.8748318498,132376.1149168801,138379.77678970873,0.0
2022-12-16,-0.0026855383994655114,-0.011806230517979022,-0.007776425087440058,104943.28670437152,130813.25198909694,137303.67682188685,0.0
2022-12-19,-0.001608692773008972,-0.00847961901193739,-0.0026230969924648183,104774.46519747438,129704.00545051684,136943.51596016102,0.0
2022-12-20,0.0034249580793943887,0.0013685677002361896,0.004313728189265542,105133.31334856668,129881.51416296767,137534.2530652955,0.0
2022-12-21,0.004592878922369195,0.014952534279677021,0.010803661494879602,105616.17792748414,131823.5719557858,139020.12657936406,0.0
2022-12-22,-0.0032824212830899974,-0.014266440988657925,-0.009466720919228509,105269.50113721636,129942.91874556447,137704.0618388814,0.0
2022-12-23,0.0038864465782953335,0.0057523750008299235,0.008004811405128792,105678.62542970994,130690.39914289133,138806.35688362183,0.0
2022-12-27,0.000358592932921616,-0.003943528702404886,-0.0006453114776413914,105716.52103794989,130175.01780274259,138716.78354835525,0.11000000000000004
2022-12-28,-0.0031680129209990028,-0.01242773696064925,-0.009005273888668137,105381.60973333858,128557.23692264227,137467.60091954723,0.0
2022-12-29,0.0034808760788208755,0.01800028677323029,0.009924007573626142,105748.43005780701,130871.30405402395,138831.83043220104,0.0
2022-12-30,7.435484829177883e-05,-0.002634285564565686,-0.000971252560039243,105756.29296628103,130526.55166693854,138696.98966147884,0.0
2023-01-03,-0.0046410546130095445,-0.004209758729070812,-0.006467230162388599,105265.47223495509,129977.06637668314,137800.00430650762,0.0
2023-01-04,-0.0005015090040035188,0.007720216769982136,0.0017287991740841003,105212.68065281857,130980.51750423749,138038.23284014149,0.0
2023-01-05,-0.0013452789468693849,-0.01141336179135466,-0.004661721804116364,105071.14024859264,129485.58947034276,137394.7370003089,0.0
2023-01-06,0.005877632781476179,0.02293204738314869,0.015143202255255016,105688.70982690483,132454.9591435116,139475.33329151216,0.0
2023-01-09,0.0015051682303959851,-0.0005668095768806003,0.0013539673024643428,105847.78911524784,132379.8824041637,139664.17833228916,0.3999999999999999
2023-01-10,0.002138704281453378,0.007012709262070649,0.003435235820812532,106074.16623501098,133308.22403161123,140143.9577205806,0.0
2023-01-11,0.0023278687008944153,0.012647871009704659,0.006311513864021933,106321.09296656294,134994.28925369587,141028.47825269293,0.0
2023-01-12,0.005545854540625039,0.0036408045800346844,0.006400680994784541,106910.73428275577,135485.77708028923,141931.15655316832,0.0
2023-01-13,0.002060975234891709,0.0038794744993384533,0.002995535354822842,107131.07465845662,136011.39069749528,142356.31635057423,0.0
2023-01-17,-0.000146815662222493,-0.0018318796027320117,0.0005803965369576003,107115.34613878602,135762.23420513733,142438.9394635981,0.6599999999999999
2023-01-18,-0.010911521919010151,-0.015788096524889328,-0.011778645544969516,105946.5546915303,133618.806947072,140761.20168385503,0.0
2023-01-19,-0.00029924338915180045,-0.007279743305564468,0.00017086869787318363,105914.85088543544,132646.09633170156,140785.2533670978,0.0
2023-01-20,0.011575803734511924,0.01862902623629914,0.010771028820987027,107140.90041185533,135117.16394040748,142301.65538868477,0.0
2023-01-23,0.004347175765053482,0.011998548461660263,0.0062338650910165995,107606.66073757177,136738.37377994854,143188.74471060614,0.22000000000000003
2023-01-24,0.00011375718500620921,-0.0010732706259191094,0.00025487488130038194,107618.9017683852,136591.61649993458,143225.2399249178,0.0
2023-01-25,-6.770714759969591e-05,0.00037487707965233596,0.00022755845405396103,107611.61519951865,136642.82156623306,143257.8320390966,0.0
2023-01-26,0.006444855960921345,0.010990355547432218,0.0065971002975718,108305.15655920166,138144.5747582503,144202.91832547123,0.0
2023-01-27,-0.003745557313376333,0.0022978885337898713,-0.002623530224314341,107899.49338797497,138462.01559259256,143824.59761081001,0.0
2023-01-30,-0.00954428846165463,-0.012546908846790439,-0.009824755078430558,106869.66949821374,136724.74530420944,142411.55616503,0.12000000000000002
2023-01-31,0.0082405859282203,0.014703172633926842,0.009187022952605628,107750.33819283426,138735.0328377469,143719.8944002344,0.0
2023-02-01,0.002754999554885557,0.01062783155319913,0.004318987341108182,108047.19032659427,140209.48539727402,144340.61880481444,0.0
2023-02-02,-0.0006043199868585046,0.014556911892838587,-0.0003782146773216648,107981.89524995601,142250.50252274238,144286.02706424874,0.0
2023-02-03,-0.009060437036001678,-0.010629111057697815,-0.00855402515816723,107003.53208701566,140738.50613341483,143051.80075876918,0.0
2023-02-06,-0.004879795082056734,-0.006111340741813853,-0.005765239110258501,106481.37677737472,139878.4051669397,142227.07292224182,0.0
2023-02-07,0.01046001157942481,0.013078768102098737,0.011309798569868168,107595.17321145917,141707.8423906095,143835.63246817433,0.0
2023-02-08,-0.006745872740011374,-0.010935060995908907,-0.00812145524673819,106869.34986553517,140158.25849046954,142667.47781619776,0.0
2023-02-09,-0.004508740886724511,-0.008668759741164322,-0.0046208962812090085,106387.50365825878,138943.26022187565,142008.22619850741,0.0
2023-02-10,0.004105651706661272,0.002333408548799598,0.003171322945100025,106824.29369422075,139267.47161307547,142458.5801446437,0.0
2023-02-13,0.005373948239848673,0.011738995020518894,0.006656205243426926,107398.36191929188,140902.33176886162,143406.81369277363,0.0
2023-02-14,0.0021216738125196034,-0.0004602085819057633,0.0025693672123096537,107626.22621128355,140837.48730657107,143775.27845789766,0.0
2023-02-15,-0.0022854302425463855,0.0032476003742603066,-0.002707684739029681,107380.25397900914,141294.87118305778,143385.98033056746,0.0
2023-02-16,-0.004725759739553123,-0.013768828942364086,-0.00460265874498692,106872.80069793215,139349.40627130488,142726.02359429045,0.0
2023-02-17,-0.0049076986397751715,-0.0024983858566957062,-0.005018268610912602,106348.30119931795,139001.2576855377,142009.78607012687,0.0
2023-02-21,-0.010069659735891448,-0.020060951744074296,-0.01276296302293271,105277.40999275072,136212.7601627425,140197.32042161925,0.09333333333333335
2023-02-22,-0.0031888917777283107,-0.0013780517223561661,-0.0017399176360008762,104941.69172564431,136025.05193399332,139953.3886312976,0.0
2023-02-23,0.0026021832832777564,0.005319271066065223,0.0023275258176637887,105214.76924157167,136748.60605700582,140279.1337566065,0.0
2023-02-24,-0.006101608307394318,-0.010682232491401877,-0.007188387519992695,104572.78993150672,135287.82565422976,139270.7529821951,0.0
2023-02-27,0.0044217270794442405,0.003405682013007283,0.0051940057639257246,105035.18226851989,135748.57296863926,139994.1260759309,0.3599999999999999
2023-02-28,-0.0033983598152441917,-0.0036957098842400615,-0.003980013714736047,104678.2349259117,135246.88562574756,139436.9475341662,0.0
2023-03-01,0.004874312703006638,-0.0038359432598847887,0.0055851285556995645,105188.46937613939,134728.08624641105,140215.72081155886,0.0
2023-03-02,0.003966143721766694,0.0077771332181988395,0.0036761937853310167,105605.66196355781,135775.8845213824,140731.180973012,0.0
2023-03-03,0.011524874667183188,0.01603784837310407,0.011123909932831782,106822.75398183272,137953.4375700604,142296.66195489684,0.0
2023-03-06,-0.002348375890847507,0.0006926410490273316,-0.0007128235340651212,106571.89400178786,138048.98978377585,142195.22954543645,0.2599999999999999
2023-03-07,-0.015929904102243053,-0.01532857189415604,-0.01650958686671764,104874.21395034497,135932.89591895964,139847.64505122323,0.0
2023-03-08,0.0011985625610992855,0.001632018049163575,0.0011929528257026978,104999.91225681058,136154.74085857443,140014.47669455493,0.0
2023-03-09,-0.012593649339926695,-0.01844973257339899,-0.013069887468597403,103677.58018112523,133642.7223011333,138184.50324018253,0.0
2023-03-10,-0.010175918027985426,-0.014429491730757027,-0.012922768713878235,102622.5656238622,131714.32574481322,136398.7768649675,0.0
2023-03-13,-0.009167560499940589,-0.0014252820882890704,-0.007499079182982832,101681.76704484633,131526.59567555806,135375.9116367951,0.76
2023-03-14,0.0070310221738912,0.016530002911755437,0.00994390337186174,102396.69380361908,133700.73068504833,136722.0766209891,0.0
2023-03-15,-0.017691956604131132,-0.0062543222362007045,-0.01994608713890516,100585.09594043896,132864.52323212853,133995.0061668948,0.0
2023-03-16,0.00832004123071628,0.01754528861699778,0.013342736780103413,101421.96808585897,135195.66963919604,135782.866264028,0.0
2023-03-17,-0.00828527050811545,-0.011692718470010632,-0.011240401680307922,100581.65964480217,133614.86473574035,134256.6123059168,0.0
2023-03-20,0.0059885715724852205,0.009615700530668514,0.010555745349375388,101184.00011246442,134899.66526148503,135673.79091688787,1.36
2023-03-21,0.011126066302975898,0.013130483261655446,0.007421927915542814,102309.78000651603,136670.96305820387,136680.75201310145,0.0
2023-03-22,-0.012458750656504192,-0.017046405195021874,-0.008734864773315809,101035.12796769306,134341.2144435199,135486.86412715187,0.0
2023-03-23,0.004661791939320543,0.0027032137150764246,-0.0002403894156795041,101506.13271284106,134704.36745690362,135454.2945190521,0.0
2023-03-24,0.004034957069948913,0.006561991828478275,0.00029690757340104486,101915.70560067391,135588.29641541615,135494.5119249445,0.0
2023-03-27,0.00027033023003823254,0.0018698923174946813,0.007694032329927225,101943.25649681344,135841.83192922553,136537.01108022273,0.0
2023-03-28,-0.0015273878590908187,-0.002244634806711554,0.001756271575481977,101787.54960452403,135536.91662506972,136776.8071517842,0.0
2023-03-29,0.013918822549008421,0.014534886063090724,0.009343871739398468,103204.31244516779,137506.93026555775,138054.8320947349,0.0
2023-03-30,0.007174186788696392,0.005855263669919175,0.00562620658885935,103944.71946004839,138312.06959870376,138831.55710069017,0.0
2023-03-31,0.012393948183433066,0.014094581982270649,0.005141711784618631,105233.00492697771,140261.52040280023,139545.38895391175,0.0
2023-04-03,0.0030667348940499493,0.003810446518745847,0.004948256206268282,105555.726655193,140795.97942493306,140235.8952908591,0.0
2023-04-04,-0.003505041551114491,-0.005548081276924299,-0.002358384667947394,105185.74944730845,140014.8318876194,139905.16510550925,0.0
2023-04-05,-0.004630386195461901,-0.0026181652892226515,-0.0027753482811019026,104698.69880510832,139648.24991479487,139516.8795460164,0.0
2023-04-06,0.0027036364987519956,0.0039009994131218306,-0.0014005717996995737,104981.76602856966,140193.01765575598,139321.47613894218,0.0
2023-04-10,0.0013419478113337764,0.0010261810136882321,0.004300716052061715,105122.64607972164,140336.88106872598,139920.65824776984,0.0
2023-04-11,0.00024847552093673023,0.0002687714987046341,0.004913731577356684,105148.76648396853,140374.59962257434,140608.19080452644,0.0
2023-04-12,-0.004334073282362564,-0.0040761540746876435,-0.00011889796652294617,104693.04402447699,139802.41112634016,140591.4727765633,0.0
2023-04-13,0.015149848476587952,0.013282719849100122,0.011695656221565908,106279.12777800058,141659.36738756005,142235.78230984166,0.0
2023-04-14,-0.0035294750707854966,-0.002442690964016836,-0.004076102624672178,105904.01824596329,141313.3373308741,141656.01466424624,0.0
2023-04-17,0.00128855443564083,0.0035881198242848633,0.0005413559130495905,106040.48133842631,141820.3865179869,141732.70098540376,0.0
2023-04-18,0.0010987516864078579,0.0006521949710300845,0.0021398899500183702,106156.99349612441,141912.88106086344,142035.9933678314,0.0
2023-04-19,-0.001062279492988333,-0.00016882917811433806,-0.0021932841290481122,106044.22509889619,141888.9220257901,141724.46807782416,0.0
2023-04-20,-0.005813523065816076,-0.005457166407941361,-0.00419586539455733,105427.73455028718,141114.61056685192,141129.81128665435,0.0
2023-04-21,-0.0013101135071607406,0.0007768750477856745,-0.004264569033398724,105289.61225122349,141224.2389866793,140527.95346375188,0.0
2023-04-24,0.0010523020554519995,0.0010432000499833727,0.003265432443032546,105400.4087266132,141371.5641198491,140986.8380021454,0.0
2023-04-25,-0.015140638199514549,-0.015874011475833005,-0.01158960135244192,103804.5792720026,139127.43028865414,139352.85675375923,0.0
2023-04-26,-0.0015504556556919856,-0.004235375083435966,-0.004235651937766899,103643.63487498357,138538.1734369871,138762.60655601684,0.0
2023-04-27,0.020294602871871955,0.01990808705292113,0.013944028562894971,105747.04128496868,141296.2034539233,140697.51630529566,0.0
2023-04-28,0.006386426806242839,0.008535106465280329,0.0034589933840918517,106422.38702411187,142502.18159354245,141184.18808335383,0.0
2023-05-01,-0.0016756963800774961,-0.0010094757224652362,-0.000810040735772022,106244.05541541635,142358.32910082542,141069.8231397594,0.0
2023-05-02,-0.009678707286237253,-0.011239416469938424,-0.008841689760104026,105215.75030214776,140758.30455209667,139822.5275290449,0.0
2023-05-03,-0.005173174577450276,-0.006864186290153951,-0.002773273859927405,104671.45085753733,139792.11332776488,139434.76136841963,0.0
2023-05-04,-0.004765684109053889,-0.00708270699128577,-0.0036291703778541903,104172.61978751395,138802.00674937168,138928.72886281819,0.0
2023-05-05,0.017972085414939568,0.01851239352120504,0.013432267081472838,106044.8190082332,141371.564119849,140794.85665419308,0.0
2023-05-08,0.0008407081197839173,0.0002664954092497229,0.00013685144586641492,106133.97174863443,141409.2389926854,140814.12463389675,0.0
2023-05-09,-0.004063484758380431,-0.004385191312803571,-0.0009913847667421037,105702.69797208747,140789.1324263045,140674.52365579258,0.0
2023-05-10,0.005191703127890178,0.004672414048531692,-0.00037305647532794874,106251.47499977556,141446.95754653375,140622.04411382912,0.0
2023-05-11,-0.0023365028349944467,-0.001743958295085224,-0.0065806161139070896,106003.21812721624,141200.27995160592,139696.66442436312,0.0
2023-05-12,-0.002334309029022141,-0.0013102730838957521,-0.001037559747024647,105755.7738580365,141015.2690253468,139551.7207885628,0.0
2023-05-15,0.005119745389621525,0.003450116535910208,0.006346954461315934,106297.21649367204,141501.78813682694,140437.4492054061,0.0
2023-05-16,-0.005696492439111849,-0.006682956031140885,-0.00955215315957267,105691.69520361719,140556.1379083807,139095.96918125634,0.0
2023-05-17,0.010603313712893804,0.012139170546081157,0.007358986835269176,106812.3774047087,142262.37283774905,140119.57458730022,0.0
2023-05-18,0.009288826751048373,0.009633166679306804,0.0013660394757076142,107804.53907328864,143632.80998748878,140310.98345750582,0.0
2023-05-19,-0.0008209556728561321,-0.0014550422139389951,0.0010855415847217831,107716.03632537679,143423.8181856503,140463.29686484215,0.0
2023-05-22,0.0013417000432868296,0.00040612940178141876,0.0007949626403964681,107860.55893597724,143482.06681513126,140574.9599381966,0.0
2023-05-23,-0.01091875549805698,-0.011222856640103918,-0.008192539153104044,106682.85586507154,141871.78814883923,139423.2940749569,0.0
2023-05-24,-0.006695323929987232,-0.007244669468113307,-0.007304054010712158,105968.57958727874,140843.9739368507,138404.93880468202,0.0
2023-05-25,0.009419219600364495,0.008659817122712354,-0.000979369876808656,106966.72090915003,142063.65699397988,138269.38917681517,0.0
2023-05-26,0.015569313646203682,0.012950690016004796,0.008986633163651758,108632.1193366905,143903.47937824894,139511.9654551094,0.0
2023-05-30,7.359470314763188e-05,0.0003807198374765619,-0.002983204322027688,108640.11408526538,143958.26628753013,139095.7727567891,0.0
2023-05-31,-0.005533065013037184,-0.00554507632207879,-0.0054276574082265765,108039.00127100783,143160.00671377164,138340.80855533274,0.0
2023-06-01,0.010752721581517848,0.009500985805273698,0.00929760635782173,109200.71457162022,144520.1679054421,139627.046936503,0.0
2023-06-02,0.011815842418697816,0.014461233260247175,0.011419948820968284,110491.01300700767,146610.10776433276,141221.5806665408,0.0
2023-06-05,-0.0012775394285724983,-0.0019162754404428162,-0.002525188212636842,110349.85638138832,146329.1624155033,140864.96959567172,0.0
2023-06-06,0.0019700204970522148,0.0021774212085019506,0.00331712875379786,110567.24786030642,146647.78263716912,141332.23683672037,0.0
2023-06-07,-0.006572257959649354,-0.003457747662460875,-0.0003022038202298513,109840.57138548,146140.7116095504,141289.52569482668,0.0
2023-06-08,0.00756318871249252,0.006048478543570823,0.0038522087679739524,110671.31635515639,147024.64056806295,141833.80244453117,0.0
2023-06-09,0.0016760538140787509,0.0017943350914468859,0.0005471090229985597,110856.80743704256,147288.4520399416,141911.40099761478,0.0
2023-06-12,0.009547046305503942,0.00907193481795665,0.004349661087570689,111915.16251092433,148624.64327628567,142528.66749641672,0.0
2023-06-13,0.006786508047897196,0.006593019838354142,0.005744468227811872,112674.67566198643,149604.5284978745,143347.41889840225,0.0
2023-06-14,0.003166323901396207,0.0011907533074919652,0.0008049613818247148,113031.44018061704,149782.6705849991,143462.8080347997,0.0
2023-06-15,0.011893015372317422,0.012397743839258624,0.010220058764307371,114375.72483624028,151639.637766472,144929.0063634079,0.0
2023-06-16,-0.004060511059729761,-0.0034062859442383076,-0.0009735292586032895,113911.30094057813,151123.10979975868,144787.91373529282,0.0
2023-06-20,-0.0044280572312798815,-0.0051882418638852235,-0.005737754765955172,113406.89518072372,150339.04655489503,143957.15619320545,0.0
2023-06-21,-0.006931100683993695,-0.005123849485504928,-0.002389080306356678,112620.86057196699,149568.73190855343,143613.23098638514,0.0
2023-06-22,0.004160105451434185,0.0036098397154358253,-0.00011027585497454012,113089.37522797764,150108.6510571843,143597.39391455246,0.0
2023-06-23,-0.008813872213896469,-0.007560002458915971,-0.007671090282791126,112092.61992596886,148973.82928608742,142495.8453414604,0.0
2023-06-26,-0.004737367265720461,-0.004085625132312254,0.0015641029965567268,111561.59601760274,148365.1780650994,142718.72352015588,0.0
2023-06-27,0.01067950057225786,0.010963224556610252,0.004915983099386045,112753.01814611473,149991.73882860853,143420.3263529469,0.0
2023-06-28,0.00017120369766349605,0.0005044706701888835,-0.0008808509579586121,112772.3218797441,150067.4052616182,143293.99442108817,0.0
2023-06-29,0.0017786490695846449,0.003941241080887226,0.002541835607954157,112972.90426513038,150658.85708413747,143658.22419851366,0.0
2023-06-30,0.012186589350580824,0.011800718150162037,0.008006584869717946,114349.658657152,152436.7397934129,144808.43596279202,0.0
2023-07-03,0.0030743805060917118,0.0011506484844816534,0.00474623304057552,114701.2130186058,152612.14089703554,145495.7305461127,0.0
2023-07-05,-0.0026848287194809715,-0.0014872115477568837,-0.0049273411956477055,114393.25990773414,152385.17435876557,144778.82343920195,0.0
2023-07-06,-0.008121280621840248,-0.00783066916060593,-0.007354535676112622,113464.24014277633,151191.89647338082,143714.04241707272,0.0
2023-07-07,-0.00017982413548717224,-0.0025247215782113752,0.0025341991127311838,113443.83653388392,150810.17902990378,144078.2424158531,0.0
2023-07-10,0.0009034120145351875,0.0025311119311206554,-0.0003729777189260431,113546.3230587836,151191.89647338082,144024.50444164997,0.0
2023-07-11,0.0060518256185027415,0.006368538856118766,0.005557542193305765,114233.48560555752,152154.76794080186,144824.9267019544,0.0
2023-07-12,0.011414157608309699,0.008045925204603899,0.010000054566654858,115537.36461440596,153378.9938231774,146273.18387158573,0.0
2023-07-13,0.010446491081749219,0.007936850364212544,0.005843148769149546,116744.32466345916,154596.33994616545,147127.87984588457,0.0
2023-07-14,-0.0014871483127640974,-0.0006228082158977744,-0.0016664950074819441,116570.70853801112,154500.05607549925,146882.69196866,0.0
2023-07-17,0.004454419304326554,0.0034722857862392598,0.001568951411126218,117089.96335244186,155036.5244241834,147113.14377549422,0.0
2023-07-18,0.0075105380616553325,0.007430502801441641,0.00620576065696361,117969.37197883821,156188.52375324306,148026.09273525843,0.0
2023-07-19,0.0013466231843305974,0.0022237841708601103,0.0014077856495671504,118128.23227018585,156535.85332003553,148234.4817443726,0.0
2023-07-20,-0.010241620431663134,-0.006634504992970469,-0.0020952473002903756,116918.40775301128,155497.31541960486,147923.89384668777,0.0
2023-07-21,-0.0013843365578056646,0.0,-0.0009373032325371123,116756.55332687835,155497.31541960486,147785.24430281576,0.0
2023-07-24,0.0037519403635064945,0.0044673384341744615,0.004073651078071717,117194.61695200937,156191.9745531898,148387.26982259302,0.0
2023-07-25,0.0043617521818472595,0.002730133609378793,0.00294139513374963,117705.79082820057,156618.3995124327,148823.73541595959,0.0
2023-07-26,-0.0007759930618131405,0.00015353494335390572,0.0006095723126844921,117614.45195118265,156642.44590953,148914.45424453943,0.0
2023-07-27,-0.006034038999000635,-0.006629920607709838,-0.007176280089921571,116904.76176126311,155603.91892935237,147845.80241144283,0.0
2023-07-28,0.011602306261966044,0.009790153253749878,0.007406740598082638,118261.12661069947,157127.3051425548,148940.8579184198,0.0
2023-07-31,0.0029973666240238517,0.00190435298354652,0.004773682019763542,118615.59856452186,157426.53099489966,149651.85421387307,0.0
2023-08-01,-0.004888609948729094,-0.00286167848743224,-0.006373386263025704,118035.73316930489,156976.02687780047,148698.06514199005,0.0
2023-08-02,-0.016464430727235066,-0.013910770412113305,-0.012096632121778838,116092.34201720047,154792.36940769764,146899.3193507471,0.0
2023-08-03,-0.0020285734567237115,-0.0028658611477822005,-0.0009074221069312383,115856.8401736555,154348.75597023897,146766.01966087506,0.0
2023-08-04,-0.0031934447702748176,-0.004522867767157823,-0.0022243316332581694,115486.85775330236,153650.65695696027,146439.56336065597,0.0
2023-08-07,0.007285478197716191,0.008728560344392067,0.005003321920123094,116328.23473758683,154991.8059881646,147172.2476379916,0.136
2023-08-08,-0.005656741209735136,-0.004348745090910655,-0.003908409118706551,115670.19601829098,154317.78613274216,146597.03828330274,0.0
2023-08-09,-0.006779461389479412,-0.006685141916497939,-0.002260901068973153,114886.01439047146,153286.149832205,146265.59688273972,0.0
2023-08-10,0.0009002278152225695,0.00035891197381077156,0.0005951406914409651,114989.43797620582,153341.16606679914,146352.64549120254,0.0
2023-08-11,-0.0022795719175610104,-0.0005832541536739955,-0.00036229508620314055,114727.31128257913,153251.72919476146,146299.62264688822,0.0
2023-08-14,0.004633483895420043,0.005520277024275044,-0.00128411244393713,115258.89843177181,154097.72119436573,146111.75748090405,0.136
2023-08-15,-0.011355497023274552,-0.011648985421919833,-0.010049718316705812,113950.07635372394,152302.6390866215,144643.37547546215,0.0
2023-08-16,-0.008965190660425433,-0.007338168132414502,-0.007664871218602653,112928.49219344277,151185.01671399342,143534.70262981876,0.0
2023-08-17,-0.006699967893886655,-0.0076198705027230584,-0.0021339786440604967,112171.87492144167,150033.00646468077,143228.40263972513,0.0
2023-08-18,0.0007792858598327479,0.00048125885437677596,0.0023238793817159987,112259.28887743888,150105.21117749068,143561.2481714957,0.0
2023-08-21,0.0073318990003378905,0.006506236913975227,0.0001135332342935278,113082.36264533801,151081.8312434337,143577.54714431983,0.12400000000000001
2023-08-22,-0.0012423084587723978,-0.0027083460426344796,0.0014895068457105032,112941.87946968575,150672.64936367157,143791.40688368163,0.0
2023-08-23,0.01038272606795862,0.011137563487757518,0.005221878120194973,114114.52406581987,152350.7755618281,144542.26808515957,0.0
2023-08-24,-0.014395266043579689,-0.01385908164401184,-0.009251997185802118,112471.81513245591,150239.3337247882,143204.9634276062,0.0
2023-08-25,0.0073716779619655915,0.007049787241651284,0.007547063446502278,113300.92113341013,151298.4890628754,144285.7403724484,0.0
2023-08-28,0.005502509684794548,0.006341388561927674,0.0028820892974367185,113924.36054924285,152257.93157085567,144701.58476054852,0.12400000000000001
2023-08-29,0.01651814888094756,0.014454792902183877,0.01112989058533983,115806.180097962,154458.78843942727,146312.09756645872,0.0
2023-08-30,0.004049011261578539,0.004118564080810128,0.0031093047738665496,116275.08062533905,155094.93685745934,146767.02646989655,0.0
2023-08-31,-0.00036302439759683625,-0.0014631926877120005,-0.002434100162636854,116232.86993423951,154868.00307994834,146409.78082689643,0.0
2023-09-01,0.0014927733942859188,0.001865288159978773,0.003275145242701727,116406.37927001885,155156.87653245294,146889.29412405667,0.0
2023-09-05,-0.0013158611596990192,-0.004322018533554184,0.0007518494218357265,116253.20463679623,154486.2856364713,146999.7327549177,0.0
2023-09-06,-0.007544106008366784,-0.006722454202967021,-0.0059988308218704,115376.17813720388,153447.75865629362,146117.90622726077,0.0
2023-09-07,-0.004116305908759187,-0.00307024070524875,-0.0032218152605525295,114901.25449340767,152976.63710153787,145647.1413271378,0.0
2023-09-08,0.0028649275540788164,0.0015062970583983315,0.005143144908572295,115230.43826340407,153207.06536000757,146396.2256805026,0.0
2023-09-11,0.006190856506190183,0.006576440455362098,0.0015932039354872973,115943.81337183819,154214.62250268843,146629.46472339725,0.0
2023-09-12,-0.005923791362516815,-0.005485596794366998,-0.0014637662523466766,115256.98641164883,153368.66326384316,146414.8334613355,0.0
2023-09-13,0.0011020858212491818,0.0011660143555904945,-0.0011165323630465131,115384.00950217302,153547.49332690652,146251.35656134583,0.0
2023-09-14,0.009151566646030071,0.008622340122894867,0.009797090029040821,116439.95395501831,154871.43203938904,147684.19426844668,0.0
2023-09-15,-0.011616019648915161,-0.01204826922958957,-0.005479961208490324,115087.38516195804,153005.4993302064,146874.89061274842,0.0
2023-09-18,0.00024091103233998378,0.0005865321149529645,-0.0004298420173826534,115115.11098272674,153095.24196932797,146811.75761346458,0.12400000000000001
2023-09-19,-0.0016556651207200097,-0.002074056595631202,-0.0006315989329582551,114924.51890860482,152777.71377296175,146719.0314640102,0.0
2023-09-20,-0.009562030788338595,-0.009193220821641646,-0.005330059711119656,113825.60712046575,151373.19451362133,145937.01026554938,0.0
2023-09-21,-0.014888018299692284,-0.01652835624046789,-0.009864771557121533,112130.96939868266,148871.24442944257,144497.37499755042,0.0
2023-09-22,-0.0011322183026445088,-0.0022485102235219045,-0.0011582780533953563,112004.01266283619,148536.50591435455,144330.0068593175,0.0
2023-09-25,0.0034059099618442184,0.0042052123636286964,0.0009644711617265986,112385.48824533107,149161.13346547578,144469.20898870513,0.0
2023-09-26,-0.012736572380802533,-0.014691274582096292,-0.008286100011750659,110954.0823397426,146969.76629675776,143272.12267440622,0.0
2023-09-27,0.0004795954647739076,0.00039922850002582777,-0.0026230683783407868,111007.29541443089,147028.44081610558,142896.31009992122,0.0
2023-09-28,0.007020812972653133,0.00579738411749231,0.00831925570993171,111786.65687413568,147880.82116371254,144085.10104364814,0.0
2023-09-29,-0.002076011309580081,-0.00242684069264798,-0.004004784158711161,111554.5865102048,147521.93796925023,143508.0713134822,0.0
2023-10-02,1.2785423680245002e-05,-0.0003977341957100977,-0.005889749332864009,111556.01278285681,147463.26344990244,142662.84474620305,0.05999999999999997
2023-10-03,-0.012658256376573439,-0.013386085494372701,-0.010065335599777741,110143.9081727031,145489.3075980828,141226.89533621352,0.0
2023-10-04,0.005531472681692373,0.007281979702899344,-0.0005083754465989693,110753.16619181524,146548.75778300094,141155.09905022517,0.0
2023-10-05,-0.0017427458542912343,-0.000376828300945542,-0.0017425901116727039,110560.15157058481,146493.5340635999,140909.12357040806,0.0
2023-10-06,0.012342370292209467,0.011872814362115847,0.009170430093554904,111924.72590083176,148232.8245987873,142201.32083765458,0.0
2023-10-09,0.004429951728514628,0.006402256647208171,0.0052408564055289545,112420.54703379967,149181.84918540934,142946.57754084124,0.16
2023-10-10,0.005575709365668753,0.005204807106348186,0.006279867158800845,113047.37133078964,149958.31193418772,143844.26305860298,0.0
2023-10-11,0.003333246786576492,0.004096306122401527,-9.721337115523032e-05,113424.1861180089,150572.58708546872,143830.27947286973,0.0
2023-10-12,-0.004072322095136531,-0.006096583216924967,-0.004159468691606943,112962.28629875767,149654.60877811446,143232.02192849724,0.0
2023-10-13,-0.005792968220324228,-0.004980693309998618,0.00042736457118633386,112307.89936413379,148909.22506936287,143293.23422012888,0.0
2023-10-16,0.009785067212355432,0.010521440944085025,0.007707861538643446,113406.83970789029,150475.96468695963,144397.71862892204,0.0
2023-10-17,0.00037714621391473865,-4.593770281435816e-05,0.0033940611231613738,113449.61066811816,150469.05216681314,144887.81331199364,0.0
2023-10-18,-0.010863943086135471,-0.013325231088872291,-0.007313405404082129,112217.1005546755,148464.01727496678,143828.18999513207,0.0
2023-10-19,-0.007205174344480725,-0.008786424652477143,-0.004411967959166108,111408.55678074695,147159.5493735762,143193.6246292487,0.0
2023-10-20,-0.011915745098201012,-0.012287919481365095,-0.009729981488658723,110081.04081638913,145351.26467995977,141800.3533123122,0.0
2023-10-23,-0.001791660373461569,-0.0017334013410870153,-0.00563579450194448,109883.81297768898,145099.3126028348,141001.19566074086,0.0
2023-10-24,0.006731498663101357,0.007539601156754561,0.0038792892333800724,110623.49571784478,146193.30354797945,141548.1800809613,0.0
2023-10-25,-0.013945855726578813,-0.014352200266594894,-0.005588918951076476,109080.75640659392,144095.10797782373,140757.07877481641,0.0
2023-10-26,-0.012749677739284817,-0.011974490453624198,-0.007589829803895419,107690.01191485241,142369.64248292934,139688.75650322204,0.0
2023-10-27,-0.00047916384607491505,-0.0045328713326799885,-0.0013458465363205274,107638.41075455945,141724.29921187458,139500.75687411925,0.0
2023-10-30,0.004154936818276065,0.01195574241713837,0.004540967036607518,108085.64155046428,143418.71842750118,140134.2252126664,0.6400000000000001
2023-10-31,0.003079886509496634,0.006280229505535528,0.002861291043309144,108418.53305974582,144319.42089461567,140535.19001612847,0.0
2023-11-01,0.006056490929815395,0.010664768528600543,0.005215218380477371,109075.16892184605,145858.5541126384,141268.11172220448,0.0
2023-11-02,0.012048049534160872,0.0191644628415355,0.01160906020864667,110389.31195996342,148653.85495305018,142908.1017367494,0.0
2023-11-03,0.003305356218960632,0.009123408881795747,0.0024974055654898904,110754.18795875707,150010.084853642,143265.0012253803,0.0
2023-11-06,0.0015262326084461003,0.0023004514347484406,0.0020555399933367855,110923.22461194171,150355.1757685703,143559.48816504455,0.7
2023-11-07,0.001935080435051785,0.002845995234038279,-0.005220545331258947,111137.86997368114,150783.08588222062,142810.02934934662,0.0
2023-11-08,-0.0005178478523534403,0.0007324922298537206,-0.0026935072429948247,111080.31746640013,150893.5333210227,142425.36950092186,0.0
2023-11-09,-0.006268252000258354,-0.00779894351975341,-0.0031258769915193385,110384.03804425203,149716.72317715603,141980.16531539027,0.0
2023-11-10,0.014890856522512114,0.01560488125277848,0.0069596879486067175,112027.7509171445,152053.03486389064,142968.302960877,0.0
2023-11-13,-0.0004717783696873412,-0.0009531061161676124,0.002678512873500871,111974.89864745707,151908.11218638002,143351.2454008603,0.0
2023-11-14,0.017671443666121302,0.01940070925376247,0.011749537216366094,113953.65676092525,154855.23730419594,145035.5561937101,0.0
2023-11-15,0.0012921598102986675,0.00211691306277606,0.0011447442681494112,114100.90309642829,155183.05237888446,145201.5848153407,0.0
2023-11-16,-0.0012295050106039774,0.00122324412956476,-0.00577856282646409,113960.61546435679,155372.87913671488,144362.5283349831,0.0
2023-11-17,0.00231482252362169,0.0012437485749885457,0.0047447396048830685,114224.41406383945,155566.12393373303,145047.49094063515,0.0
2023-11-20,0.008008466193179114,0.007697576776408699,0.004806488930760222,115139.17642230542,156763.60611652126,145744.66010027585,0.0
2023-11-21,-0.002990076624711535,-0.0021794027561510276,-0.002154068279417875,114794.90146229656,156421.95508128672,145430.71615105929,0.0
2023-11-22,0.0031240850591101907,0.003860926500885986,0.002005882296313599,115153.53049881694,157025.88875298048,145722.4330499269,0.0
2023-11-24,0.0005200232968931694,0.0006152582801683959,0.002069921193728036,115213.41301739583,157122.50023123654,146024.06700249857,0.0
2023-11-27,-0.0019442823052174664,-0.0018009929543526537,-0.0030433500633624652,114989.40561714239,156839.52371534982,145579.6646489341,0.0
2023-11-28,0.001921126124611846,0.000990094804710795,0.002451161897368409,115210.31476832708,156994.8097129537,145936.5039759532,0.0
2023-11-29,-0.0006536963598246504,-0.0007033014546466987,-0.0004384275706920958,115135.00220494879,156884.39503491062,145872.52138903976,0.0
2023-11-30,0.0010889721998392256,0.003937459497423523,0.0009421419699785493,115260.3810215784,157502.12098613835,146009.95401370694,0.0
2023-12-01,0.0043660981277929035,0.005915854725011993,0.0044108830210089715,115763.61915536542,158433.88065277363,146653.9868407643,0.0
2023-12-04,-0.006543674875569708,-0.005249354143821883,-0.005540023866264332,115006.09966919341,157602.2051048472,145841.52025358364,0.0
2023-12-05,-0.0009627828240470949,-0.00019712998148158078,-0.004476460006990357,114895.37377177128,157571.13698507342,145188.6665208098,0.0
2023-12-06,-0.004693013734077859,-0.004029660016451331,-0.004486678232973685,114356.16820467835,156936.17887461788,144537.25169105642,0.0
2023-12-07,0.008015554587865386,0.007630376828181351,0.003080946457297995,115272.79631338206,158133.6610574061,144982.5632246016,0.0
2023-12-08,0.004038962255188798,0.0042990810778074096,0.0034566850571511876,115738.37878674187,158813.4904874224,145483.72228444755,0.0
2023-12-11,0.004689661060574682,0.003889562713336847,0.0020806941775655006,116281.15255495209,159431.20551839715,145786.42941833535,0.0
2023-12-12,0.0029671269245490246,0.0045672518589392475,-0.0024985638036672314,116626.17349351547,160159.367988174,145422.17272272482,0.0
2023-12-13,0.013153871353305757,0.013789942077293116,0.012293221026087191,118160.25917607748,162367.9563958668,147209.87963409908,0.0
2023-12-14,0.003759892237474237,0.003209466230523539,0.008354047193974062,118604.52901733156,162889.07086883843,148439.6779159816,0.0
2023-12-15,6.532585051489579e-06,-0.0016464609436321886,-0.002440352468172302,118605.30381150487,162620.88037550836,148077.4327816046,0.0
2023-12-18,0.00531295608222916,0.005625021278664599,0.003923023640936141,119235.44858177484,163535.62628797579,148658.344051096,0.12400000000000001
2023-12-19,0.006371209734525377,0.006080888558689157,0.006490781236619103,119995.12263247956,164530.0682068084,149623.25284132973,0.0
2023-12-20,-0.013109394754835874,-0.013857226495829433,-0.009564591566486286,118422.05920123545,162250.13778629238,148192.16753905328,0.0
2023-12-21,0.010122465853015438,0.009481867583110093,0.007652310757974739,119620.78245174373,163788.57210812336,149326.18005695997,0.0
2023-12-22,0.0020242191013050232,0.0020097867761843524,0.0025439986087276156,119862.92112449561,164117.7522144364,149706.0656512715,0.0
2023-12-26,0.0049129060225788284,0.004222440322714904,0.0035812822236906236,120451.79639157205,164810.72962905996,150242.20532296706,0.0
2023-12-27,0.0019453658941540324,0.001808151597168628,0.0018099033988579038,120686.11920816179,165108.73241306926,150514.129201033,0.0
2023-12-28,-0.0012913233704196906,0.00037772420603676693,-0.003057519802503783,120530.27440194304,165171.09797792972,150053.92927044423,0.0
2023-12-29,-0.0028078976823150102,-0.0028949023378719296,-0.0014605051541409953,120191.83772380101,164692.94378024456,149834.77473334564,0.0
2024-01-02,-0.009127600408906561,-0.005596421875868174,-0.00471084001629094,119094.77465664601,163771.25258687168,149128.92708069985,0.0
2024-01-03,-0.008458257632183691,-0.008166689115570946,-0.006306472085945086,118087.44036995324,162433.78368092704,148188.4496648585,0.0
2024-01-04,-0.0028570501336802516,-0.003221073533413832,0.0005666897486841737,117750.05863265833,161910.57251938013,148272.42654015697,0.0
2024-01-05,0.001945646005214245,0.001369630000933375,0.002078516615356274,117979.15856385071,162132.33009697098,148580.61324231987,0.0
2024-01-08,0.012749639159060267,0.014275939303044272,0.0052351916564547735,119483.35026382934,164446.92140049647,149358.46122907702,0.0
2024-01-09,-0.0011099605373724067,-0.0015171101886439775,-0.0025726240180074743,119350.72846016343,164197.43730054866,148974.21806442644,0.0
2024-01-10,0.004145271675251262,0.005655409297403713,0.0019912859686219255,119845.46965426997,165126.04101406806,149270.86833454456,0.0
2024-01-11,0.0005212060516534197,-0.00044051080471618764,-0.0011625316645760052,119907.93383831704,165053.30120886135,149097.33622350686,0.0
2024-01-12,0.0016274258916132301,0.0006927159168055308,0.002893235154404528,120103.07511445535,165167.63625773005,149528.7098780968,0.0
2024-01-16,-0.004562976493009666,-0.0036712330687209693,-0.0086797104834336,119555.04760596991,164561.26736961817,148230.84396739356,0.12400000000000001
2024-01-17,-0.006076997649529827,-0.005558628751684558,-0.007174540325951412,118828.51186267899,163646.53237740375,147167.3557997997,0.0
2024-01-18,0.00973573555237894,0.008892804351697814,0.007845969538218223,119985.39483025674,165101.8089726698,148322.02639042505,0.0
2024-01-19,0.013331056916362967,0.012466016789754564,0.009646374332068074,121584.92695787118,167159.97089534195,149752.79617867796,0.0
2024-01-22,0.0006654376874732139,0.002114345834856257,-0.0008039837877414803,121665.83415049763,167513.40488355918,149632.39735838133,0.16
2024-01-23,0.0024949671190526634,0.002916549867337803,0.0013331895364023906,121969.38640621524,168001.96608234962,149831.88570484633,0.0
2024-01-24,0.0015830111623885332,0.0010932475340830194,-0.0005126134245985901,122162.46530636594,168185.63381749025,149755.0798688011,0.0
2024-01-25,0.00423606636101822,0.00543884142451212,0.005796953025630413,122679.95361622928,169100.36880970464,150623.20303215008,0.0
2024-01-26,-0.0022750586804113583,-0.001270453392287485,0.0007277151622917255,122400.8495228422,168885.5346725133,150732.8138207895,0.0
2024-01-29,0.006844742168696881,0.007919251746646427,0.0034334163494320613,123238.65177905551,170222.98173795192,151250.3423281577,0.16
2024-01-30,-0.0011213984448820071,-0.000773295875036828,0.0045340631567562404,123100.45214660112,170091.34900833748,151936.1209327546,0.0
2024-01-31,-0.016027933400182118,-0.016317331342206476,-0.013288049870526928,121127.40629806308,167315.91210812554,149917.18618066574,0.0
2024-02-01,0.011230099428323946,0.01308811114233066,0.009174585536134549,122487.67911428533,169505.7613616771,151292.61422861688,0.0
2024-02-02,0.008547552059336931,0.010527281472549,-0.0011354377924884694,123534.64892814205,171290.1962227502,151120.83087669732,0.0
2024-02-05,-0.0022735098610057376,-0.0036411852129909494,-0.0021977394469544606,123253.79168562805,170666.49689313362,150788.7066654231,0.16
2024-02-06,0.0009621726029572386,0.0029034891394776885,0.002414890350698229,123372.38310719853,171162.02521333555,151152.84485814365,0.0
2024-02-07,0.007985487634036007,0.008340279631984915,0.004443242010301184,124357.57174688262,172589.56436599162,151824.45352839387,0.0
2024-02-08,0.0019891522241556594,0.0004417085496768447,0.0026633665054190845,124604.93788731354,172665.79865215707,152228.81769262496,0.0
2024-02-09,0.0049192477933563536,0.0057793937584749155,0.0001912166844638908,125217.90045305702,173663.70229118943,152257.92638242402,0.0
2024-02-12,0.0006608507367129892,-0.00043885074804905777,0.004697984077897871,125300.6507948211,173587.48984552998,152973.23169630236,0.0
2024-02-13,-0.01436053606801939,-0.013773092243406837,-0.013546391256428364,123501.26627973576,171196.65333558604,150900.996447984,0.0
2024-02-14,0.009600180481783079,0.00908758864746062,0.007461153377973449,124686.90072574999,172752.41809892177,152026.8919273714,0.0
2024-02-15,0.005881705558981898,0.006899859742297121,0.008115387282530107,125420.27236288087,173944.385553947,153260.64903272138,0.0
2024-02-16,-0.005598047295381512,-0.004980097439800768,-0.0024641662019191934,124718.16374639384,173078.1255647821,152882.98932129078,0.0
2024-02-20,-0.006074633711312412,-0.005505235001872055,-0.005230143682834514,123960.546584487,172125.28980986442,152083.38932047915,0.136
2024-02-21,-0.00025032242950493095,0.000905657801307802,0.0023295719496080115,123929.51647930322,172281.1764213831,152437.67851824145,0.0
2024-02-22,0.02057427444668747,0.020695665060607604,0.012915310062099205,126479.27636339367,175846.64994484748,154406.45840145112,0.0
2024-02-23,-0.00024918486907454394,0.000689569515860633,0.0013170671138203248,126447.75964147241,175967.90843411567,154609.8220699731,0.0
2024-02-26,-0.0012480789219866265,-0.003662551297314409,-0.00029873749495533137,126289.94285793144,175323.4169427946,154563.63431903243,0.136
2024-02-27,0.0023080234582458403,0.0018578144995859969,0.0028110885468579762,126581.42300858808,175649.1353289079,154998.1263812274,0.0
2024-02-28,-0.0021094163107764855,-0.0013216897311130182,-0.0008108187157771561,126314.41009025248,175416.9816704648,154872.45099944712,0.0
2024-02-29,0.0046633937399653755,0.003594805948957225,0.0029209588303494628,126903.46391953477,176047.5716797219,155324.82705277178,0.0
2024-03-01,0.010961863635897798,0.009388383581146797,0.008348641248583298,128294.5623859438,177700.3738111806,156621.57831083366,0.0
2024-03-04,-0.0020809105689340375,-0.0010724194381077634,-0.0012579092292441807,128027.59287513814,177509.80447614647,156424.56258197766,0.0
2024-03-05,-0.011403340067926569,-0.009994094161217104,-0.006632985864606494,126567.65069550488,175735.75477567263,155387.00066949413,0.0
2024-03-06,0.005789770488604011,0.005067159562645029,0.006181013067830154,127300.44834431367,176626.2358859828,156347.4497512032,0.0
2024-03-07,0.011446449456847108,0.009926432787449091,0.009205970798830497,128757.58649212084,178379.50434500515,157786.77980808442,0.0
2024-03-08,-0.008312265229105487,-0.006002176587923902,-0.0048413451890387035,127687.31928293884,177308.83906026007,157022.87954076665,0.0
2024-03-11,-0.001963142611917892,-0.000859903957067143,-0.001545040631095512,127436.65086545293,177156.37048792918,156780.27281186456,0.136
2024-03-12,0.009960865100403615,0.010757249008875425,0.005392042344279245,128706.03015357096,179062.0856787764,157625.63868161378,0.0
2024-03-13,-0.0017424740484809865,-0.0015673362729731188,0.004315889340522794,128481.76323614536,178781.43517677786,158305.93349539288,0.0
2024-03-14,-0.0034056502350437432,-0.001976722175369261,-0.004012047779171346,128044.19928898134,178428.03394931956,157670.80252648305,0.0
2024-03-15,-0.007171196132384499,-0.006866682762940779,-0.002400620272648607,127125.96922226594,177202.82524417437,157292.2948015332,0.0
2024-03-18,0.006357102842999792,0.005943185146671359,0.004197632969101817,127934.12208262792,178255.97444311375,157952.5501239778,0.136
2024-03-19,0.0036274305192345504,0.005556981930695981,0.003415072671862751,128398.19422152192,179246.53967213273,158491.96956135723,0.0
2024-03-20,0.01099307171736154,0.00924940438541455,0.010829913206267616,129809.68477897884,180904.46340224653,160208.42383559715,0.0
2024-03-21,0.004279539992301243,0.003304607961422512,0.00406145368983145,130365.2105163785,181502.28173226246,160859.1029297263,0.0
2024-03-22,-0.0018732246931209462,-0.0018957080214958566,-0.004338563907525466,130121.00718491533,181158.2064008628,160161.20543155845,0.0
2024-03-25,-0.0011195970795526938,-0.002762581306687828,0.0025985123265793385,129975.32408528266,180657.7421263067,160577.38629811216,0.136
2024-03-26,-0.0031277649704804606,-0.001847266148859883,-0.003919143928970292,129568.79181958185,180324.01919474732,159948.06040947197,0.0
2024-03-27,0.006626720834090716,0.008403962355035155,0.006724356123387431,130427.40803178064,181839.4554637686,161023.60812891033,0.0
2024-03-28,6.189356285305988e-05,-0.0001910929888391255,0.00366069569932026,130435.48064875742,181804.70721873516,161613.0665586769,0.0
2024-04-01,0.0001262406228067601,-0.001739927273478603,0.0016492621206044443,130451.94690507065,181488.38025019848,161879.60886754683,0.0
2024-04-02,-0.006336943428095844,-0.006357979786310364,-0.004324916257349658,129625.28029744825,180334.48079711752,161179.49311542217,0.0
2024-04-03,0.002961211935938885,0.0010985381648909165,0.004489883423406905,130009.12822466446,180532.58510671894,161903.1702497542,0.0
2024-04-04,-0.011475870597207607,-0.012206276288183382,-0.008377699174224866,128517.16029270244,178328.95449388635,160546.79419404847,0.0
2024-04-05,0.009451179060247977,0.01044689711864799,0.007859381859220315,129731.79898694338,180191.93873476004,161808.59275589316,0.0
2024-04-08,0.0030345656596476736,0.0005594304390883487,0.005135060058915108,130125.47864911347,180292.74359016662,162639.4895977432,0.5
2024-04-09,-0.00030693001917476384,0.0011566969768881386,-0.001774106190081831,130085.53923345658,180501.28766163226,162350.9498724961,0.0
2024-04-10,-0.009358438105429667,-0.01001316531469254,-0.006332117120944486,128868.14176612884,178693.89842876146,161322.92464320685,0.0
2024-04-11,0.00465873694545096,0.007547026372242138,0.002884423822872295,129468.5045392663,180042.50599276205,161788.24833022314,0.0
2024-04-12,-0.013455361078310787,-0.013803095003119714,-0.013858555287712553,127726.45906242155,177557.36217794422,159546.09694583656,0.0
2024-04-15,-0.013247992707978929,-0.012528095191382538,-0.006009628939222949,126034.33986414663,175332.90664264816,158587.2841044908,0.5
2024-04-16,-0.00101330869987894,-0.0018238942983372919,-0.0013691274998863746,125906.62817107879,175013.11795391171,158370.15789269103,0.0
2024-04-17,-0.0066389507293002385,-0.0059182086936044875,-0.004667282874228967,125070.74027015867,173977.35379774205,157630.99956696952,0.0
2024-04-18,-0.0030196562321294406,-0.0020577313435046207,-0.0009325375852429317,124693.06962984486,173619.35514377244,157484.0027352739,0.0
2024-04-19,-0.010187826572588552,-0.008728309738320505,-0.0023756661207814107,123422.71826165229,172103.95163551014,157109.87332541068,0.0
2024-04-22,0.007159276377916353,0.00920909615249177,0.006589955616678816,124306.33561300115,173688.87347434534,158145.22041756718,0.5
2024-04-23,0.008827075367288221,0.011866554887751901,0.007778957219802962,125403.59700608854,175749.96202482044,159375.42532171175,0.0
2024-04-24,0.0008205633703090343,-0.00047452625975008544,0.0005760596903062187,125506.49860429675,175666.5640526896,159467.235079865,0.0
2024-04-25,-0.0018848746977264553,-0.0037989448045540053,-0.0008515793190769727,125269.93458067726,174999.2164718478,159331.4360804006,0.0
2024-04-26,0.007402306602159167,0.009473954705583099,0.008308159946922444,126197.22104447584,176657.1511222146,160655.1871359294,0.0
2024-04-29,0.0028532440543390433,0.003541443356069207,0.0007115665328292996,126557.29251509509,177282.77241635846,160769.50399042072,0.5
2024-04-30,-0.01584539391525182,-0.015841141385128155,-0.010714118525240172,124551.94236234565,174474.41095336343,159047.0004694233,0.0
2024-05-01,-0.005564378538157277,-0.0032472645291961033,-0.0067137338125368914,123858.88820737883,173907.84638742218,157979.20124458915,0.0
2024-05-02,0.009970380125605064,0.009353380648527088,0.0040934481741768105,125093.8084047412,175534.47267244934,158625.88091748173,0.0
2024-05-03,0.014640985602658224,0.012395381347752421,0.009923221776868585,126925.30505257669,177710.28940090098,160199.96071337705,0.0
2024-05-06,0.009383270478952528,0.010326814969085607,0.007137864784906078,128116.27952050857,179545.47067764672,161343.4463714964,0.0
2024-05-07,0.000877637715154095,0.0011035481408279146,0.001943019451166894,128228.71919934098,179743.6077480071,161656.93982611454,0.0
2024-05-08,-0.0008556410808645709,9.641756790057521e-05,-0.0009996643756426612,128119.00143944737,179760.93818951186,161495.33714229497,0.0
2024-05-09,0.005602018742254514,0.0057620800567732555,0.007739232402027718,128836.72648675009,180796.73510644046,162745.187088283,0.0
2024-05-10,0.00038899294553637804,0.0012879849558717904,-0.001779366759826284,128886.84306447941,181029.5985813283,162455.6037120564,0.0
2024-05-13,0.00052644006222563,0.0001343996996396868,0.0017225038209468966,128954.69426216235,181053.9289050035,162735.43411018467,0.5
2024-05-14,0.0020645924580575056,0.004588336807673787,0.0006294368617722093,129220.93315136713,181884.66531117228,162837.86579113014,0.0
2024-05-15,0.012669022783171014,0.012382953867077218,0.010036453332371536,130858.03609752443,184136.93473084932,164472.18043188582,0.0
2024-05-16,-0.0020725147810878165,-0.0020580043869142806,-0.0016030648576447091,130586.83088348818,183757.98011138028,164208.52085937525,0.0
2024-05-17,0.0029213930448704563,0.0014377857267824368,0.0046902940126649865,130968.32634298285,184022.18471236678,164978.70710159055,0.0
2024-05-20,0.002987031837926442,0.0011520664858790663,0.003060958488419818,131359.5329035293,184234.19050403213,165483.7000755017,0.16
2024-05-21,0.0004538475976772817,0.00245274814484997,-0.00019150213228735232,131419.15011196953,184686.07057300882,165452.0095940784,0.0
2024-05-22,-0.004659272517172669,-0.0028793326873322034,-0.006621470421573983,130806.83247762267,184154.29793311303,164356.47400636124,0.0
2024-05-23,-0.004707912171266603,-0.007304390604211841,-0.005201553659648778,130191.00539891642,182809.16300956515,163501.56498750648,0.0
2024-05-24,0.0036016873588353517,0.006616696468861205,0.0024493559542473784,130659.91269729576,184018.75575292602,163902.0385192374,0.0
2024-05-28,0.0024661794843681335,0.0006987062718115666,0.005287708072844132,130982.14349341915,184147.33081170154,164768.70465147117,0.49999999999999994
2024-05-29,-0.006471826497838844,-0.007002524711322233,-0.006654305219106404,130134.44978641471,182857.83457716857,163672.2834001635,0.0
2024-05-30,-0.007368915362651704,-0.006633627623084948,-0.004236053752673374,129175.50004017337,181644.82379461997,162978.95880985764,0.0
2024-05-31,0.0032178724112419226,0.009107984991483686,0.0034318871929305047,129591.17031796103,183299.24212352207,163538.2842113143,0.0
2024-06-03,-0.0013877327729527615,0.0008153584312327045,-0.00312623737527844,129411.3324038255,183448.69670602604,163027.02471492402,0.49999999999999994
2024-06-04,-0.0007166840360267812,0.0011178084905585361,-0.002791919177478802,129318.58536781071,183653.75721678595,162571.8664381751,0.0
2024-06-05,0.010326588558700637,0.011885202036899134,0.00810450059634239,130654.00519189732,185836.51922614305,163889.4302266718,0.0
2024-06-06,0.0005739015267580683,-1.868653409564658e-05,0.001556746797588571,130728.987724954,185833.04658569032,164144.56457233577,0.0
2024-06-07,-0.0035237336129830352,-0.0012158226894491975,-0.005262508517296916,130268.33359671633,185607.10655120198,163280.75240320584,0.0
2024-06-10,0.002027446084070053,0.003090030861477411,0.002314904635231352,130532.44561954534,186180.63823855473,163658.73177378808,0.49999999999999994
2024-06-11,0.002672559859574779,0.0024083362924314233,-0.0015134920963855716,130881.30139408025,186629.0238265727,163411.03557674398,0.0
2024-06-12,0.008194506550211336,0.008213023460147406,0.003523946080997431,131953.80907565425,188161.81237760474,163986.88725515638,0.0
2024-06-13,0.0033611002297733636,0.00201328617983787,0.0013890722873309612,132397.31905365788,188540.63595403783,164214.67689572816,0.0
2024-06-14,-0.001350780931648816,0.0006083905301905723,-0.007387044215539772,132218.47927967875,188655.34229150836,163001.61581665883,0.0
2024-06-17,0.00969634760193037,0.007959026912321532,0.007548247631736848,133500.51561417314,190156.85523795974,164231.9923772162,0.0
2024-06-18,0.0016510013676265703,0.0025408270080653494,0.0026085869342435063,133720.92514803098,190640.0109115171,164660.40580671618,0.0
2024-06-20,-0.0030358608216160174,-0.002716659090159168,0.002156336166724943,133314.96703034383,190122.1069929263,165015.46899498484,0.0
2024-06-21,-0.0029663239904524318,-0.0013408350558062887,-0.004398445105202648,132919.51164535535,189867.18460698644,164289.65751310112,0.0
2024-06-24,-0.004438413429066706,-0.0032504151736194586,0.0014289502031711201,132329.5598998836,189250.03742916748,164524.41925258338,0.05999999999999997
2024-06-25,0.006945185142489721,0.0038507372222389424,0.004227560661633677,133248.61319321248,189978.7895926061,165219.95621529373,0.0
2024-06-26,-0.0003164377230251711,0.0012482667911024592,-0.0030769905702013323,133206.44830545736,190215.93380666838,164711.5759680102,0.0
2024-06-27,0.0011123829037289225,0.0015763574626213028,0.00014491692529826624,133354.6248812188,190515.78211343402,164735.44546316052,0.0
2024-06-28,-0.002392908611916681,-0.003935321690308302,5.5501922657857894e-05,133035.51945090163,189766.04122373697,164744.58859711362,0.0
2024-07-01,0.003316509181155075,0.0020581857857082664,0.0022822459801175032,133476.73297258027,190156.6149923938,165120.5762721855,0.0
2024-07-02,0.007535407246553735,0.006729834816173508,0.004986846075814099,134482.53451346816,191436.33760049532,165944.0071700046,0.0
2024-07-03,0.006122993015313317,0.004462535183179517,0.006692831880820815,135305.97013297575,192290.62899237656,167054.64251162315,0.0
2024-07-05,0.006030601553298356,0.005766606181152989,0.0025895305464779302,136121.9465266302,193399.4933221018,167487.235611338,0.0
2024-07-08,-0.00011446374925738083,0.0011538005911406746,-0.0030409058766736386,136106.36549827456,193622.63777182315,166977.92269229965,0.0
2024-07-09,0.00079411345466192,0.0009725559202733436,-2.50534302238093e-05,136214.44939438187,193810.94661448707,166973.73932256456,0.0
2024-07-10,0.009536947945828548,0.00989494836668614,0.008353259553589731,137513.51950772578,195728.695924136,168368.5143057594,0.0
2024-07-11,-0.012125304059092148,-0.008622220109534617,-0.005182888531079826,135846.1262714587,194041.0800261259,167495.87906396913,0.0
2024-07-12,0.005646115435804343,0.0063075309368865184,0.0050004010435000515,136613.12918189418,195265.00014141758,168333.42563242256,0.0
2024-07-15,0.0024508168244493016,0.002750070521798653,0.0015415424450028192,136947.94293733384,195801.99266224552,168592.91875294765,0.05999999999999997
2024-07-16,0.006394063871796329,0.005930005125439397,0.00969353950824574,137823.59683158627,196963.0994823039,170227.1808716898,0.0
2024-07-17,-0.017391163728651016,-0.0140210160554467,-0.00949108964143595,135426.68409341655,194201.47670213194,168611.5394386277,0.0
2024-07-18,-0.006907934220893605,-0.007684830624340222,-0.007159968368231584,134491.1654679455,192709.07124667932,167404.28614972826,0.0
2024-07-19,-0.008159192348086802,-0.006640583960665802,-0.008402227113624422,133393.8261797742,191429.37047908382,165997.71731770408,0.0
2024-07-22,0.007217589348528346,0.01030978411793071,0.006389226664589741,134356.60803876875,193402.96596255456,167058.3143594514,0.49999999999999994
2024-07-23,-0.0010438313225347206,-0.0015685624401907683,-0.001502115058033865,134216.3624029084,193099.6013343242,166807.37354988232,0.0
2024-07-24,-0.018777160403912477,-0.022662597304122678,-0.014778736818795489,131696.16023723932,188723.4628296978,164342.1712767541,0.0
2024-07-25,-0.003732841854312919,-0.005210286235919459,-0.002278433224189291,131204.55929825344,187740.15956892117,163967.72861358174,0.0
2024-07-26,0.007923564992751465,0.011199677243803441,0.007019463950487614,132244.16715119846,189842.78876179323,165118.69417362812,0.0
2024-07-29,-0.0017893527824326605,0.0005879961354009478,-0.002897921727461927,132007.535682746,189954.4155879189,164640.1931221722,0.06
2024-07-30,-0.002565627448726947,-0.005066488681315984,-0.00037065696816769274,131668.85352575954,188992.01369137672,164579.168087351,0.0
2024-07-31,0.013883519483203278,0.01625441451102927,0.012196321450388268,133496.88061901546,192063.96822119047,166586.4285253818,0.0
2024-08-01,-0.016576198427508685,-0.01416089772791107,-0.016501773395487862,131284.0098364212,189344.17000999345,163837.45703109234,0.0
2024-08-02,-0.020849271944822292,-0.018618465583101207,-0.020753259193998508,128546.83381333493,185818.87209730153,160437.29581964048,0.0
2024-08-05,-0.029023987616660186,-0.02912367229263113,-0.031696820138070625,124815.89210057585,180407.14416055338,155351.9437106069,0.22
2024-08-06,0.008372696520225644,0.009219500378259138,0.008903795254636549,125860.93768603519,182070.40789438225,156735.16560981594,0.0
2024-08-07,-0.0055068304184352915,-0.00668390919590367,-0.004899837867247592,125167.84284589296,180853.46582075505,155967.18871023165,0.0
2024-08-08,0.02079820982752721,0.023117222336981103,0.020429040703957124,127771.10990506077,185034.29560054708,159153.44875687474,0.0
2024-08-09,0.0033676213517371224,0.004409666114656652,0.002869777908508253,128201.39462291221,185850.23506390618,159610.18380818013,0.0
2024-08-12,0.0037644237291012887,0.0005254171578374933,0.0054842881699882495,128683.99899493456,185947.88396619688,160485.532051049,0.16
2024-08-13,0.010730840238787112,0.016445812142496408,0.009193357969917094,130064.88642943745,189005.94793419968,161960.9329961869,0.0
2024-08-14,0.0015739763542653117,0.0031546404761404467,0.0020620906112360335,130269.6054851976,189602.1937477842,162294.91111550538,0.0
2024-08-15,0.013054063523952057,0.017140221567987446,0.012291465283477054,131970.15319044152,192852.0173583977,164289.75338116664,0.0
2024-08-16,0.0014430221506609965,0.002242238292659904,0.0012941064913112752,132160.58904472145,193284.4375365354,164502.3618174731,0.0
2024-08-19,0.009391433623343444,0.009561216816396767,0.01009265449682739,133401.76644435694,195132.47195105752,166162.62731920896,0.16
2024-08-20,-0.004136577940821592,-0.001626180965097923,-0.005669493594333897,132849.93964001656,194815.1512394982,165220.569368005,0.0
2024-08-21,0.0031183630812845805,0.0034368094444097164,0.0029937696223841675,133264.2139871409,195484.69379119223,165715.20168957193,0.0
2024-08-22,-0.006289531099849551,-0.007848450102043936,-0.004442903000943777,132426.04456877176,193950.44192625873,164978.9451226833,0.0
2024-08-23,0.010160747075177078,0.010625080726357705,0.010735828184985051,133771.59211380116,196011.18102863798,166750.13073166052,0.0
2024-08-26,-0.003504136728715491,-0.0023837106752643278,-0.001855972727704441,133302.83816461643,195543.94708394885,166440.6470366814,0.16000000000000003
2024-08-27,0.0015479643230921702,0.0013731295939918287,0.000873287435533687,133509.1862022622,195812.45426461578,166585.99756250062,0.0
2024-08-28,-0.007398682996477964,-0.005805435107038459,-0.006566875146172147,132521.3940564339,194675.6777682326,165492.04811540715,0.0
2024-08-29,0.003774040896834022,8.96391603089075e-05,0.005267222022003281,133021.53521730835,194693.1283325203,166363.73147570706,0.0
2024-08-30,0.005530224115966424,0.009545995350848102,0.003880595806856746,133757.17411931,196551.6680304246,167009.32187448474,0.0
2024-09-03,-0.018996075117586848,-0.020579015735476047,-0.017864556782390864,131216.31279222344,192506.82816119245,164025.7743606694,0.22000000000000003
2024-09-04,-0.0021474787813791493,-0.002046921726743367,-0.0022578380619008797,130934.52854473134,192112.78175208284,163655.43072418513,0.0
2024-09-05,-0.001537970954697829,-0.0024321951977047673,-0.002068199552897359,130733.15504286248,191645.5259668877,163316.95863553215,0.0
2024-09-06,-0.015348050288010551,-0.01683017513269569,-0.014867719843693715,128726.65600495435,188420.09820146742,160888.80784881493,0.0
2024-09-09,0.008936311780543008,0.011196238269804315,0.009667587798551945,129876.99753748132,190529.69451575098,162444.21452449771,0.1
2024-09-10,0.0010441962995059097,0.004355728112603874,0.00027952016030200464,130012.61461770088,191359.59006243906,162489.62095738176,0.0
2024-09-11,0.007085843121739974,0.01025910204694691,0.005295474284723445,130933.86360872917,193322.76762455155,163350.08056669604,0.0
2024-09-12,0.009431401023697501,0.008423138494075166,0.010254003589912575,132168.7533840052,194951.15207031104,165025.07287923945,0.0
2024-09-13,0.005245570186269945,0.005222869311307221,0.0056776706325808,132862.0538563128,195969.35645966305,165962.03088916538,0.0
2024-09-16,0.001947105820324605,0.0014769165477510615,0.003780992949105677,133120.7503346767,196258.78684507046,166589.5321577766,0.16
2024-09-17,0.0012898568890088024,0.00040852437124416774,0.0018265017444608015,133292.45705156593,196338.9633425675,166893.80822887167,0.0
2024-09-18,-0.003973659866541129,-0.002965737010842795,-0.004729494300567688,132762.79816446744,195756.67361231192,166104.48491405317,0.0
2024-09-19,0.017832182865945363,0.01706424515871352,0.018599195389312973,135130.24865913083,199097.1134822867,169193.89468401085,0.0
2024-09-20,-0.0020217981575830035,-0.001728617192906845,-0.002508627547222836,134857.0425713581,198752.9507888631,168769.45021898462,0.0
2024-09-23,0.00442422326146138,0.0024988464537973876,0.004939462943950601,135453.68023607417,199249.6038951236,169603.08066441218,0.16000000000000003
2024-09-24,0.004775964345988552,0.002861248990045917,0.005522375416761049,136100.6021834146,199819.7066230356,170539.69254768026,0.0
2024-09-25,-0.0032326994601144018,-0.0022054768138565217,-0.004060471021861129,135660.62984021503,199379.00889312688,169847.2210680133,0.0
2024-09-26,0.005196050136264427,0.003964677313628595,0.005174691508467798,136365.529274382,200169.48232649922,170726.1280406108,0.0
2024-09-27,-0.001633409879895332,-0.001450291034742035,-0.0013163319880690081,136142.78847158805,199879.17832085217,170501.3957770718,0.0
2024-09-30,0.0016588605093969904,0.004007205167527728,0.0004435932778244166,136368.63036702276,200680.1351971007,170577.02905009818,0.5
2024-10-01,-0.007627740135805056,-0.00895821466064195,-0.0010390533846850957,135328.44589190747,198882.3994678784,170399.79041071414,0.0
2024-10-02,-0.0008814141956673568,0.0004220235915910475,-0.003119534248250744,135209.16547862074,198966.3325324061,169868.22242863316,0.0
2024-10-03,-0.0005895923715266261,-0.001828216978564945,-0.0011256841696541788,135129.44718609404,198602.57890510754,169677.00445971795,0.0
2024-10-04,0.00934114882707692,0.009087226065216614,0.00584673544414453,136391.71146318,200407.32543675328,170669.06101574886,0.0
2024-10-07,-0.008289835125316954,-0.00904037479728248,-0.007125675491529882,135261.0466626904,198595.56810268408,169452.92867050652,0.5
2024-10-08,0.0036146421810523853,0.009457612031593898,0.0004455880335475281,135749.96694741066,200473.80793699325,169528.43486777166,0.0
2024-10-09,0.0008692109800934424,0.006926360424582612,-0.0010898329234751538,135867.96230922866,201862.3617864534,169343.67719798756,0.0
2024-10-10,0.0015268647271383896,-0.0017499465516510604,0.0019634207231861538,136075.4143084268,201509.11344253708,169676.17008313866,0.0
2024-10-11,0.0060538759391038505,0.005988254999732323,0.006950231787290728,136899.19798501214,202715.80139860098,170855.45879399622,0.0
2024-10-14,0.004535790962597252,0.008178184812949185,0.0030818855682163025,137520.14413001935,204373.6486869438,171382.0157667044,0.0
2024-10-15,-0.005545519957953377,-0.007769661100431091,-0.004136015448924096,136757.5234261257,202785.7346987877,170673.17710182557,0.0
2024-10-16,0.0027866684440814504,0.004346652599299894,0.0032082841430086883,137138.621301148,203667.17383961714,171220.74514955826,0.0
2024-10-17,0.0010363863365619786,8.578900794020683e-05,0.0005982786731593691,137280.74989447944,203684.64624441086,171323.1828697837,0.0
2024-10-18,0.0032892757590795127,0.003846449132983487,0.003044492252121389,137732.3041372956,204468.1088753597,171844.7749726395,0.0
2024-10-21,-0.0011974696929348276,-0.0016421922272843448,-0.002303644659101001,137567.3738773531,204132.33293623704,171448.90567457938,0.5
2024-10-22,-0.0007130058723563134,-0.0005312147796041611,-0.002024791814412097,137469.2875319339,204023.89482398625,171101.7573337796,0.0
2024-10-23,-0.010360471912854139,-0.009137361442768999,-0.007750810362861615,136045.04083957922,202159.654754018,169775.5800599331,0.0
2024-10-24,0.0025441807203668695,0.002162663215278915,-0.0007965340552510857,136391.16400958478,202596.85800296802,169640.34802866538,0.0
2024-10-25,0.002695173806869658,-0.0003452923277402764,0.001951328280982051,136758.76190231188,202526.90286227528,169971.37203736935,0.0
2024-10-28,0.0023571019158014736,0.0030914499576457644,0.0035077016046512924,137081.11624199446,203153.00464755096,170567.5808918096,0.0
2024-10-29,0.0031502947292435493,0.0016183129423537057,-0.00015097031500558314,137512.96215997043,203481.76978425015,170541.8302503926,0.0
2024-10-30,-0.004873578335214319,-0.0030252079193149317,-0.004777409077879824,136842.78196677644,202866.1951228626,169727.08216239617,0.0
2024-10-31,-0.017708543511314314,-0.0196029942305187,-0.009945994004283408,134419.4956081085,198889.41027030186,168038.97762084447,0.0
2024-11-01,0.002746773971694225,0.004220306778263794,-0.0017061252227005943,134788.7155799331,199728.7845965905,167752.2820827287,0.0
2024-11-04,-0.003132057227302658,-0.0021539924147711,-0.002448065744794519,134366.54960914215,199298.57030955798,167341.61346735086,0.5
2024-11-05,0.009948219618708962,0.012091924532784626,0.008844677724633576,135703.25755406206,201708.47358123303,168821.69610838976,0.0
2024-11-06,0.020659898501418233,0.024865405550438924,0.017833782779983254,138506.87308144078,206724.03657979038,171832.42556533514,0.0
2024-11-07,0.007487977246021819,0.007732246034327872,0.006877310646657875,139544.00939549226,208322.47769183473,173014.17053511666,0.0
2024-11-08,0.00023583022725243147,0.0043316698038256,-0.0010068886678214486,139576.9180909397,209224.8618779106,172839.96452743234,0.0
2024-11-11,-0.0006240150348581519,0.000952955482500295,-0.0004626613919092471,139489.81999553178,209424.2438571125,172759.99814886652,0.5
2024-11-12,-0.004441275898660966,-0.003106332387785793,-0.006779305643419924,138870.30721987708,208773.70254563165,171588.8053184587,0.0
2024-11-13,-0.0010023964392389324,0.00048582416554676655,-0.0017054211024475465,138731.10411840386,208875.12985545897,171296.17414892485,0.0
2024-11-14,-0.006063837571279438,-0.006430175566713103,-0.005053468966504788,137889.8612369456,207532.02609896837,170430.53424878226,0.0
2024-11-15,-0.01344018884007597,-0.012808663965106049,-0.004922189872413962,136036.59546278918,204873.81811466906,169591.6427991528,0.0
2024-11-18,0.006289375053453179,0.004097457137459903,0.007098883276998202,136892.18063264957,205713.27980298168,170795.55407613836,0.5
2024-11-19,0.0006484584607206124,0.0036555270643412463,-0.0007738108747324779,136980.94952538732,206465.27026479586,170663.39061903828,0.0
2024-11-20,0.0027093610097929845,0.0003387170156852193,0.003827420256822378,137352.0803691158,206535.2035649826,171316.5911373916,0.0
2024-11-21,0.006503494502446418,0.005368147546016111,0.006976106621014366,138245.34886869596,207643.91501116593,172511.71394311477,0.0
2024-11-22,0.0035038075455830504,0.0030995178960133707,0.0041047377770222935,138729.73396520384,208287.5110417413,173219.82929231593,0.0
2024-11-25,0.0013780693767798744,0.0033921398614391585,0.0003773028889943131,138920.9131632301,208994.05141058596,173285.18563433902,0.0
2024-11-26,0.0011734219337660747,0.00522138804441763,0.00020024638695540495,139083.92600979467,210085.29045197563,173319.8853666752,0.0
2024-11-27,-0.0007892526502880647,-0.0030301275581092746,-9.578770192102386e-05,138974.15365257897,209448.7052238237,173303.28345315874,0.0
2024-11-29,0.005687202095350398,0.006211939202829697,0.005486622049016309,139764.52775043147,210749.78784678548,174254.13306931977,0.0
2024-12-02,0.00012882367420916405,0.001792633228775209,-0.0014173027871250965,139782.53273042038,211127.58491943695,174007.16220085253,0.0
2024-12-03,-0.00035280416358592916,0.00046375270384491074,-0.0010112698883540825,139733.2168708765,211225.49590779957,173831.19399736085,0.0
2024-12-04,0.005483930963915489,0.006209523813462736,0.0041575652703097375,140499.5041855622,212537.10565464955,174553.90853242076,0.0
2024-12-05,-0.001562763429181534,-0.0016455104221654304,-0.0020421129375404632,140279.9366986029,212187.37363219794,174197.44973750843,0.0
2024-12-06,-3.6710458451297805e-05,0.0018956669851328822,-0.0012013385734186426,140274.78695781514,212589.61023105454,173988.1796217476,0.0
2024-12-09,-0.003391580172369603,-0.0051498238445257805,-0.0021101895398915717,139799.03377168564,211494.8111871882,173621.031585045,0.0
2024-12-10,-0.004623493570128682,-0.0031091729897256837,-0.004800977839020871,139152.67383793206,210837.23723277784,172787.48086001727,0.0
2024-12-11,0.008961944908942952,0.007730670836762155,0.007736384101260219,140399.7524347997,212467.15051395676,174124.23117983952,0.0
2024-12-12,-0.006293664002879423,-0.005152380870145135,-0.006614991587236973,139516.1235668876,211372.4388321144,172972.40085545077,0.0
2024-12-13,-0.000445076996443182,-0.00019859473046135445,-0.0028618518024381033,139454.02814965506,211330.46137959757,172477.37947829056,0.0
2024-12-16,0.002868666733216918,0.0042698080493142054,0.0004526705498125561,139854.07528102107,212232.80188466146,172555.4549084892,0.0
2024-12-17,-0.004793886032594927,-0.004120034651265536,-0.004656304135049938,139183.6307829299,211358.3953867615,171751.98423027337,0.0
2024-12-18,-0.02704350124883771,-0.029803382286777036,-0.024439601858580882,135419.61809003397,205059.20032953005,167554.43411726426,0.0
2024-12-19,-0.0035359237636826205,-0.00030706341716957297,-0.003914733181773472,134940.78464436062,204996.23415075478,166898.50321427212,0.0
2024-12-20,0.009641375731452989,0.012010900850058848,0.00886877013151972,136241.799450614,207458.42359377496,168378.6876745742,0.0
2024-12-23,0.00392532996733574,0.005988340412128146,0.002831503642012911,136776.59346880123,208700.755255618,168855.45254196212,0.0
2024-12-24,0.008535224927783532,0.011115071527136644,0.007190553353757822,137944.01245891344,211020.4790780516,170069.616682538,0.0
2024-12-26,0.000603012756365422,6.65501538725799e-05,0.0004581855936420021,138027.1944580904,211034.52252340454,170147.54013081818,0.0
2024-12-27,-0.00747944806987834,-0.010526540204950474,-0.005668724384652445,136994.8272249101,208813.0591374294,169183.02062109,0.0
2024-12-30,-0.008659987460467495,-0.011411578258592181,-0.007279467669467404,135808.45373899347,206430.17257166657,167951.45829225593,0.0
2024-12-31,-0.001148415980941687,-0.0036379652702070997,0.0012553795113436962,135652.48914037264,205679.18677312802,168162.30111189632,0.0
2025-01-02,0.0008953102800643466,-0.002457066638973049,0.002742735300341087,135773.94020841634,205173.81930497667,168623.5257913425,0.0
2025-01-03,0.01017383685516482,0.012503369104386763,0.007971774638025937,137155.2821252797,207739.18329830354,169967.75453762044,0.0
2025-01-06,0.00341802891619141,0.005760726822599649,0.0011734218362035918,137624.08284559226,208935.91198363501,170167.19841224537,0.0
2025-01-07,-0.007708420085196322,-0.011304099403320444,-0.0045734873762204534,136563.21860117858,206574.0796656486,169388.94087846018,0.0
2025-01-08,-0.0011107561133815002,0.001460938914927823,-0.0008622149823229729,136411.53017125424,206875.87177744752,169242.89119579495,0.0
2025-01-09,0.0,0.0,0.0,136411.53017125424,206875.87177744752,169242.89119579495,0.0
2025-01-10,-0.010206330730356802,-0.015267439102063629,-0.006486616232605319,135019.2689788924,203717.40700339904,168145.07751051124,0.0
2025-01-13,0.003527114363247639,0.0015503611684326568,0.0048767982125038625,135495.49738182302,204033.2425605509,168965.0871239558,0.1
2025-01-14,0.0023593182427801194,0.001376048829127452,0.0016732494272150287,135815.17438061052,204314.00226507944,169247.8078592053,0.0
2025-01-15,0.014360970306748997,0.018190088104314217,0.012159499294903198,137765.61206709643,208030.49196722626,171305.77645953323,0.0
2025-01-16,0.0006895834633567577,-0.0019232576219280206,0.0017841996783475422,137860.6129549971,207630.39573795686,171611.42017079142,0.0
2025-01-17,0.007860004823691556,0.010039902527342326,0.006306083825405839,138944.1980378205,209714.98467287945,172693.61617178537,0.0
2025-01-21,0.007419673376274397,0.009153402918024689,0.0065564460265377204,139975.1186047895,211634.59042553767,173825.8725453433,0.6000000000000001
2025-01-22,0.005509649193867158,0.005621669506018723,-2.0722875891499286e-05,140746.33240417182,212824.33014895167,173822.2703733598,0.0
2025-01-23,0.0037663617322213567,0.005457962961176621,0.0034627073594298502,141276.4340044894,213985.91746014185,174424.16602821441,0.0
2025-01-24,-0.00295056178232295,-0.0029193696496807586,-0.0018185130840617622,140859.58915757286,213361.21346724962,174106.97340011556,0.0
2025-01-27,-0.017447483687803134,-0.014145066157849384,-0.010345813615971283,138401.94377347545,210343.20498723633,172305.69510407708,0.0
2025-01-28,0.00889701478855912,0.008592157141261048,0.004864951737444178,139633.3079139934,212150.50685808316,173143.9539948452,0.0
2025-01-29,-0.003466777208745951,-0.00448298091773347,-0.003390655984452601,139149.23034453535,211199.4401841509,172556.88241106077,0.0
2025-01-30,0.006088302051931966,0.005367277209702426,0.007352370816759069,139996.41288916674,212333.0061261532,173825.5845975308,0.0
2025-01-31,-0.004744710878347209,-0.005321960069459064,-0.0056794456619712885,139332.17038600193,211202.9783461216,172838.35163514872,0.0
2025-02-03,-0.006501849805455011,-0.00672971782919185,-0.0040508501191587444,138426.25354108406,209781.64189716728,172138.20937783227,0.0
2025-02-04,0.00856239821027764,0.006708370622302784,0.005441592304096277,139611.51424665967,211188.93490076868,173074.9153332236,0.0
2025-02-05,0.0039744890764930605,0.004054563172681824,0.0025371480030220656,140166.39868498567,212045.21377869524,173514.0320090345,0.0
2025-02-06,0.0027789680792235805,0.003475607966170857,0.0004095968151319628,140555.91663271096,212782.19981289288,173585.1028039261,0.0
2025-02-07,-0.008863977360359274,-0.009153559299522107,-0.004194664218182326,139310.03216981408,210834.4853290228,172856.97158438494,0.0
2025-02-10,0.00822574249099794,0.006791307077217645,0.006769769630632705,140455.96062085562,212266.32706135936,174027.1734610601,0.0
2025-02-11,0.00012991649077468556,0.0007605776315475765,0.0014111375866732055,140474.20816636787,212427.77208165298,174272.7497466335,0.0
2025-02-12,-0.002066022247010155,-0.0032215675382295528,-0.002372107960574504,140183.985327165,211743.4216668963,173859.3559696483,0.0
2025-02-13,0.011221671703725365,0.010557518024521428,0.007424971794723606,141757.0839886263,213978.9066577184,175150.25678397177,0.0
2025-02-14,0.0017624177363048216,-4.9197016905200286e-05,-0.00033759547172194666,142006.91918769476,213968.37953383022,175091.12685041054,0.0
2025-02-18,0.0020741379395663216,0.002935838625845344,0.0032633523929315395,142301.46112646288,214596.55616717518,175662.5108981989,0.0
2025-02-19,0.0012706912273744548,0.0023549654159298328,0.00022648862492213873,142482.28234475883,215101.92363532653,175702.2964587426,0.0
2025-02-20,-0.00323368238791281,-0.0041604218033111096,-0.0022154648022003733,142021.53989775098,214207.00890229995,175313.0342052725,0.0
2025-02-21,-0.017511592923039575,-0.017103962097052228,-0.014557464764729971,139534.51650475833,210543.2203411121,172760.92088703133,0.0
2025-02-24,-0.00629173492786852,-0.004550398888634621,-0.003165061927918439,138656.6023136221,209585.16470526232,172214.12187369965,0.0
2025-02-25,-0.0073365374711036125,-0.004973443566223534,-0.005943430125813487,137639.3429551323,208542.80471628305,171190.579273665,0.0
2025-02-26,0.0007920526021429235,0.0005051085821121681,-0.00016324027774565768,137748.36055487714,208648.14147668297,171162.63407595694,0.0
2025-02-27,-0.017633987601612815,-0.015961977397256355,-0.009489202065872244,135319.30767270995,205317.70455845262,169538.43725508323,0.0
2025-02-28,0.013043674293544081,0.015605520225138836,0.006910489190236551,137084.36864762066,208521.79414951862,170710.03079306407,0.0
2025-03-03,-0.016711231889677037,-0.017520015752847895,-0.011065512459353317,134793.5199747003,204868.48903120696,168821.03682038686,0.0
2025-03-04,-0.007924468038862284,-0.011836837733235739,-0.008350357834016468,133725.35303381504,202443.49396989137,167411.32075302693,0.0
2025-03-05,0.010598307962139019,0.010747773049082143,0.007059294860963783,135142.6155076132,204619.31069834298,168593.12662928595,0.0
2025-03-06,-0.019717202207566117,-0.017751154657069668,-0.01366940749703912,132477.98123079023,200987.08166831368,166288.55848019032,0.0
2025-03-07,0.007772052694042352,0.005604786181829802,0.008734256180244482,133507.60708171627,202113.57128637456,167740.96534979987,0.0
2025-03-10,-0.022129067149284982,-0.026635415552292097,-0.019327572289887112,130553.20827966461,196730.19232640415,164498.93971602616,0.6000000000000001
2025-03-11,-0.0032502243278710752,-0.0083129949162839,-0.0032947715717708873,130128.88106603244,195094.7752377152,163956.95328586333,0.0
2025-03-12,0.005664709754242965,0.005306567865676515,0.005600915402415962,130866.02340791593,196130.05890275302,164875.2623108553,0.0
2025-03-13,-0.0077755126803040146,-0.01333046625507539,-0.00548306838973513,129848.47298348672,193515.55377094395,163971.23997182937,0.0
2025-03-14,0.01780644461921367,0.020655959321010053,0.016721066518405835,132160.61262655663,197512.80317761927,166713.01398250382,0.0
2025-03-17,0.004746682957423542,0.007711133966287198,0.008294118884719214,132787.93715415377,199035.8508629788,168095.75154010457,1.0
2025-03-18,-0.0012142134904833833,-0.010808335030514149,-0.005169142089400992,132626.70424948775,196884.6047037683,167226.84071576913,0.0
2025-03-19,0.0035484810031148847,0.010890822875730954,0.007106306541057039,133097.32759002276,199028.84006055535,168415.2059077879,0.0
2025-03-20,-0.000963312648517517,-0.002891746812818119,-0.0023454757318409013,132969.11325087142,198453.29904665134,168020.1921294582,0.0
2025-03-21,-0.004503550723119858,0.00032983072981296324,-0.0037594740948700966,132370.28010473785,198518.7550431097,167388.5245697324,0.0
2025-03-24,0.002917148311358699,0.017908513098004786,0.009265004793655529,132756.4238438195,202073.93076799886,168939.38005227392,0.06
2025-03-25,0.0015540667107847297,0.0024039544954175263,0.0019850575984603825,132962.736182758,202559.70730227526,169274.73445232585,0.0
2025-03-26,-0.0005057765361613735,-0.011938329377862766,-0.005640347234809162,132895.48675061297,200141.48279781724,168319.96617193462,0.0
2025-03-27,0.001508223769337219,-0.002655674108104966,0.0013972260672467708,133095.92288256786,199609.97224399334,168555.14721630813,0.0
2025-03-28,-0.0040448691835148496,-0.02013821636098234,-0.011611673524849103,132557.5672856487,195590.1834351341,166597.9398758995,0.0
2025-03-31,0.00223473625655094,0.006712607729850273,0.004743785327836369,132853.7984873421,196903.10361234364,167388.24473873054,0.0
2025-04-01,0.0023866060914186638,0.0028244686568168476,0.003035583701954802,133170.8681720801,197459.25025692667,167896.36576635824,0.0
2025-04-02,0.0007794628176121867,0.0063283067681381144,0.0034211299661421504,133274.66991220936,198708.83296675904,168470.7610544879,0.0
2025-04-03,-0.014516111168039265,-0.049280630772377654,-0.030189068512002978,131340.03998787998,188916.33633811414,163384.78570674467,0.0
2025-04-04,-0.03151106629509009,-0.058543043984177645,-0.0487803020370232,127201.37528062212,177856.59895054222,155414.82651171536,0.0
2025-04-07,-0.007729895666843097,-0.0017811908092518758,-0.009295949051279895,126218.12192102395,177539.80241112673,153970.09820264895,0.3
2025-04-08,-0.006962661068823067,-0.0156627135192009,-0.012713039744781721,125339.30791734449,174759.0473477057,152012.67022469072,0.0
2025-04-09,0.028498696789082286,0.10501940080127703,0.06461153972846005,128911.31484943432,193112.13778476376,161834.44290614262,0.0
2025-04-10,-0.006533963763916686,-0.04381907290334708,-0.020632929839436407,128069.01298944926,184650.142940652,158495.3242000559,0.0
2025-04-11,0.010943516401248913,0.017842845705135613,0.018102604383721486,129470.53833359107,187944.8269505733,161364.5023507192,0.0
2025-04-14,0.003002156037425891,0.009701309641358513,0.007118465538219549,129859.22909191805,189768.13791231235,162513.1699997947,0.0
2025-04-15,0.0011921883953971135,-0.0028008419098758397,-0.00010508878431692579,130014.04575787665,189236.62735848845,162496.09168832394,0.0
2025-04-16,0.002639429474668229,-0.022227877495244908,-0.004801463062435262,130357.20866237086,185030.29878795065,161715.87270629237,0.0
2025-04-17,0.0034025815634125137,0.0014267187463665731,0.004220115921572548,130800.75969722336,185294.28498387724,162398.33243547118,0.0
2025-04-21,-0.003998292158832997,-0.0238028192919969,-0.010718933107532608,130277.78004535654,180883.75860256623,160657.59557332052,0.23999999999999994
2025-04-22,0.00827078641675093,0.026017952237926245,0.016185152811706294,131355.27973896012,185589.9835945044,163257.86330803603,0.0
2025-04-23,-0.0015836242263012079,0.015495357288656031,0.004094415733545991,131147.26233571293,188465.76669949704,163926.30887218958,0.0
2025-04-24,0.007662205712738336,0.021048917134121048,0.013722160773502244,132152.13963839164,192432.76700537335,166175.73203754055,0.0
2025-04-25,-0.0007272208774332664,0.007225320685248393,0.0012338455060791785,132056.03584344912,193823.15545733686,166380.76721773448,0.0
2025-04-28,0.001008268545458992,0.0003812053910532409,0.0012426610001180839,132189.1837906281,193897.04188910814,166587.5221083257,0.0
2025-04-29,-0.0012990486017013868,0.006299488255282926,0.001477138468998523,132017.46361626484,195118.49402722268,166833.59494568704,0.0
2025-04-30,-0.004044663737830828,0.0003969200081936908,-0.0027302982816722167,131483.4973684157,195195.94046147072,166378.08946808163,0.0
2025-05-01,-0.0026189592288324917,0.007086899272892966,7.42178684075721e-05,131139.14744954352,196579.27442999877,166390.43769523167,0.0
2025-05-02,0.0030525237695375584,0.014844110563275503,0.007256431103340039,131539.45281425017,199497.31891408612,167597.83844262172,0.0
2025-05-05,-1.6158109599641296e-06,-0.005734332018031862,-0.0018072988200710234,131539.24027136067,198353.33505072555,167294.93906695792,0.06000000000000005
2025-05-06,0.0067280201807283,-0.00835827120794741,0.003060489578936615,132424.23893446405,196695.44408137075,167806.94348458116,0.0
2025-05-07,-0.0024449503751031217,0.0042054218785201325,-0.0007796361924104989,132100.46824180847,197522.63140531577,167676.1151181028,0.0
2025-05-08,-0.0020483684345065254,0.006967926441200367,0.0008274656724488183,131829.87781247843,198898.95457142033,167814.8613474526,0.0
2025-05-09,0.004578158076648097,-0.001274200923169766,0.0034530745462395263,132433.41583232916,198645.51733988794,168394.3385736522,0.0
2025-05-12,-0.003443850346817895,0.033047360828913463,0.007299594790492336,131977.33496728473,205210.22742846538,169623.54901025284,0.06000000000000005
2025-05-13,0.0059860476184646644,0.006603869472230128,0.007738595894547296,132767.35757895696,206565.40898476963,170936.19711024212,0.0
2025-05-14,-0.004457115828114451,0.0012780844466173669,-0.004102325980023824,132175.59808803487,206829.4170212022,170234.96110791032,0.0
2025-05-15,0.003944190673578747,0.004884164632874111,0.005878173832549737,132696.92384928837,207839.60594485517,171235.63180167996,0.0
2025-05-16,-0.0002016991841281679,0.006334221113474925,0.00199996997137794,132670.15898801165,209156.10796504738,171578.09792331324,0.0
2025-05-19,0.0003761636975619146,0.0010939252169079872,0.003785202742691773,132720.06468557272,209384.90910582067,172227.55581015837,1.415
2025-05-20,-0.0009106111166947341,-0.003362261746350459,0.0017902150812497133,132599.20831926158,208680.90223567112,172535.8801779765,0.0
2025-05-21,-0.012028423377833275,-0.016850859230970072,-0.00743720037022978,131004.24890203199,205164.44972790603,171252.69626603893,0.0
2025-05-22,-0.0007268929653326012,0.0003946237070804326,-0.0023378320351470417,130909.02283507644,205245.41248361877,170852.3362266029,0.0
2025-05-23,-0.003655625005889036,-0.006825563401878787,0.0012090360887465625,130430.46853770403,203844.49690776708,171058.90286694755,0.0
2025-05-26,0.0,0.0,0.0,130430.46853770403,203844.49690776708,171058.90286694755,0.0
2025-05-27,0.01565095064873496,0.020790451589428605,0.00694992862574284,132471.82936387902,208082.5160524994,172247.7500326707,0.0
2025-05-28,-0.005646576579105099,-0.005785333975273588,-0.005404256212850666,131723.81703480173,206878.68920272047,171316.8790594071,0.0
2025-05-29,0.002886480509334474,0.0039474262075909206,0.0028630942688928295,132104.03526528785,207695.32756227136,171807.37543400668,0.0
2025-05-30,-0.0007951435844592536,-0.001118549295088922,-0.0004477214158026598,131998.99358916547,207463.0101000333,171730.45359263202,0.0
2025-06-02,0.007166596788691995,0.005633012815451588,0.0069693104154063615,132944.97715273217,208631.65189465892,172927.2964314976,0.0
2025-06-03,0.005122181169822957,0.005702584975048497,0.0026253963280149224,133625.94541132645,209821.391618073,173381.2991205624,0.0
2025-06-04,0.0007529794047498692,-0.00026865871744974346,0.0008602217960283653,133726.5629961614,209765.02127210735,173530.44549308962,0.0
2025-06-05,-0.0038102891629525513,-0.004832575226174862,-0.0016626152407362535,133217.0261223782,208751.31602698972,173241.93112968103,0.0
2025-06-06,0.007600536845652127,0.0102688965220612,0.004017462737415405,134229.54703788957,210894.96169011496,173937.92413255243,0.0
2025-06-09,0.0013910816281441807,0.0009011883528189379,0.0014649122767192992,134416.2712947281,211085.0177732583,174192.7279330013,0.0
2025-06-10,0.004311427503423987,0.005669829436407703,0.002039122997046783,134995.79730369587,212281.83382061374,174547.92833044776,0.0
2025-06-11,-0.001022741894563329,-0.0028520606578084085,0.0018124163947944695,134857.7314462034,211676.39315400654,174864.2818574313,0.0
2025-06-12,0.0037500552023398866,0.003974239154726611,0.004575034199187478,135363.455383589,212517.6457638105,175664.29192714542,0.0
2025-06-13,-0.007613733979174909,-0.011180074561920939,-0.0027210333244420066,134332.83404379644,210141.68263844718,175186.30353489716,0.0
2025-06-16,0.007667125088375788,0.009514273488879121,0.0034221571218752576,135362.78068588625,212141.0280784826,175785.8185911941,0.07499999999999998
2025-06-17,-0.007056616438356222,-0.008545079722505178,-0.004623985353253718,134407.57746255663,210328.26608113776,174972.9875407187,0.0
2025-06-18,-0.0004569458123449577,-0.0001506719699877479,-0.0006548347588378189,134346.16048288767,210296.57550694322,174858.40914661938,0.0
2025-06-20,-0.0031351228590073034,-0.0023485936531058016,-0.0024835437039411375,133924.9687641379,209802.6743044377,174424.1406455021,0.0
2025-06-23,0.007219125946329977,0.009877445925917883,0.004376720206957146,134891.78998100452,211874.98887499276,175187.54630644643,0.0
2025-06-24,0.007577735903933519,0.011047199101207106,0.0032577213829002908,135913.96434108942,214215.61406166086,175758.25852206678,0.0
2025-06-25,0.00035124196593601875,0.000560450562693493,-0.00028488706990380545,135961.70302912273,214335.67132309946,175708.187266785,0.0
2025-06-26,0.007862138535200841,0.00782377492146935,0.006722804765299739,137030.65277381954,216012.5853731734,176889.4391054443,0.0
2025-06-27,0.0021672762990397245,0.00496832451725937,0.000456175009542603,137327.63605981818,217085.80599711952,176970.1316470162,0.0
2025-06-30,0.005020769430587276,0.004781180241128613,0.004255059172135134,138017.12645692212,218123.7323633824,177723.15002887484,0.07499999999999998
2025-07-01,-0.0015800432501658344,-0.00032361685086557124,0.0012206683064973523,137799.0534278566,218053.1438480159,177940.09104544594,0.0
2025-07-02,0.006245869383620661,0.004533304513562708,0.005731291026941753,138659.72831675355,219041.64514921868,178959.9174925879,0.0
2025-07-03,0.005888989231309999,0.00788132829242616,0.002246283876228761,139476.29396362728,220767.98426435277,179361.91226974272,0.0
2025-07-07,-0.0073907626074554,-0.007451977060185855,-0.006701486330285555,138445.45778557446,219122.8263099913,178159.92086649316,0.0
2025-07-08,-0.00015742509137424692,-0.0005477000385931685,-0.0003234419692871526,138423.6629967322,219002.81272956467,178102.29647084008,0.0
2025-07-09,0.005349595931271476,0.005996687665528189,0.003964531281331029,139164.1736610912,220316.104195376,178808.38859647562,0.0
2025-07-10,0.00221777386071342,0.002820223048327186,0.0028257686195427402,139472.80832778456,220937.44475034546,179313.65972988252,0.0
2025-07-11,-0.00090743603060561,-0.0035154388382148127,0.0013288730180485485,139346.24567621815,220160.75267625417,179551.94481406512,0.0
2025-07-14,0.0014328443503864047,0.001908260069777068,-5.22670192952102e-05,139545.9071570829,220580.87664951832,179542.56016910105,0.0
2025-07-15,-0.004530140064529038,-0.004273327826197049,-0.007232787077402957,138913.74465222954,219638.262251405,178243.96706006612,0.0
2025-07-16,0.0031093372954121806,0.0033432228266316866,0.004273345548604401,139345.67433932208,220372.56190336563,179005.66512326786,0.0
2025-07-17,0.005539011157977585,0.006119670944298328,0.00320952718437002,140117.5115843035,221721.16946736624,179580.1886716372,0.0
2025-07-18,-0.0001032900797637836,-0.0007322815495487411,0.0008458697222103684,140103.03883535566,221558.8071458209,179732.09011594337,0.0
2025-07-21,0.0031621367813794918,0.0018962187902900052,0.0033228848833932734,140546.06380763996,221978.93111908506,180329.3191612503,0.14499999999999996
2025-07-22,0.0005956200903325893,0.0001429606631879743,0.005124271591206375,140629.77586686096,222010.66537429157,181253.3755684899,0.0
2025-07-23,0.006168445832998021,0.008507452173557084,0.004952990777867782,141497.24302180237,223899.41049198297,182151.12186613804,0.0
2025-07-24,0.00018824028824086184,0.00033107133767940056,-0.0015570751354328117,141523.87850361408,223973.53716932016,181867.49888338908,0.0
2025-07-25,0.0019957459548563664,0.004224394417492228,-0.00035077830551332736,141806.32421165323,224919.68972940423,181803.70371030283,0.0
2025-07-28,-0.0009485221293614979,-0.00025101274173688903,-0.0037422422659451338,141671.8177750551,224863.23202141462,181123.3502061728,0.10499999999999997
2025-07-29,-0.0009902640424369127,-0.002637703887361842,2.937518488125288e-05,141531.52526808577,224270.10940018698,181128.6707380714,0.0
2025-07-30,-0.0028990592315556877,-0.0012593805935410263,-0.006452517208807312,141121.21699320117,223987.66797669703,179959.93487312557,0.0
2025-07-31,-0.004326795928479293,-0.003751020904855129,-0.0033906838816270264,140510.61428609295,223147.4855516867,179349.74762261263,0.0
2025-08-01,-0.013286156495256178,-0.01639049835771056,-0.007468233410560937,138643.76827544335,219489.98705622452,178010.32184524173,0.0
2025-08-04,0.014496687083993228,0.015199695512541522,0.011248316327315766,140653.64360027813,222826.16802753083,180012.6382548843,0.0
2025-08-05,-0.003829612568079889,-0.00506997011593413,-0.001345360337580792,140114.99463900024,221696.4460145831,179770.4563911129,0.0
2025-08-06,0.008448708374400366,0.007659766552083447,0.005827203274743275,141298.78536758584,223394.58903648137,180818.0153832973,0.0
2025-08-07,0.0016945921126990502,-0.0008376633299287395,0.002159540569968188,141538.22917480368,223207.45958114104,181208.49922329866,0.0
2025-08-08,0.006445111242534053,0.007797641558588975,0.0032640304897900707,142450.45880690656,224947.951344158,181799.9692897726,0.0
2025-08-11,-0.0022101839053016476,-0.0019775571343907394,-0.0015982664930717428,142135.6170955487,224503.10391811078,181509.40449041527,0.0
2025-08-12,0.01023163243858151,0.010646053664834954,0.008414781584471375,143589.89648610132,226893.17601034496,183036.76648472954,0.0
2025-08-13,0.0027763755560753635,0.00342325815282285,0.004134927635089413,143988.55596480472,227669.88992494225,183793.61026870468,0.0
2025-08-14,-0.0014029276232858034,9.286080740555924e-05,-0.00276183861641135,143786.55044220467,227691.03153474265,183286.00197841495,0.0
2025-08-15,-0.0024847519090736275,-0.0023411604144276676,-0.0014301600754802245,143429.27653649432,227157.9703049933,183023.87365599102,0.0
2025-08-18,-0.00039649517602035033,-0.00021767629592628346,0.00012126632202193998,143372.40752024748,227108.52339942718,183046.0682879915,0.10499999999999997
2025-08-19,-0.007460104333331366,-0.005425108869057227,-0.004493628996610222,142302.83440162556,225876.43493489447,182223.52716781708,0.0
2025-08-20,-0.0025553418335748897,-0.002657103671908412,3.495433701882771e-05,141939.2020158428,225276.25783023136,182229.89667039848,0.0
2025-08-21,-0.0031325351242726934,-0.004011786002919404,-0.000990415690134494,141494.57248001694,224372.49769227798,182049.41332152454,0.0
2025-08-22,0.015510633729215614,0.015356808979611891,0.01550670355274605,143689.24296842644,227818.1432796167,184872.39960585276,0.0
2025-08-25,-0.004394675520746127,-0.004401115445204051,-0.005448263470229875,143057.77536975857,226815.48933053107,183865.16606442645,0.0
2025-08-26,0.0031389615569726624,0.004187062906761296,0.0011213774057705348,143506.82822707025,227765.18005258587,184071.34830735935,0.0
2025-08-27,0.0018011742272179357,0.0022785489128085423,0.0012997189987764834,143765.30902750263,228284.15415597032,184310.5893358848,0.0
2025-08-28,0.004403420954927107,0.003541316007178885,0.0036351464613816106,144398.3682018659,229092.58048526815,184980.5853225043,0.0
2025-08-29,-0.006343531796878521,-0.005963671322057884,-0.0029110936711806254,143482.37256175998,227726.34763293192,184442.08951128068,0.0
2025-09-02,-0.0065399700740398775,-0.007410335051375783,-0.003254875343886859,142544.00213905386,226038.81909694584,183841.75350175542,0.0
2025-09-03,0.005230006740701693,0.0054196700659536745,0.003083248176723585,143289.50823108768,227263.87491854906,184408.58325304536,0.0
2025-09-04,0.006820887372526486,0.008357315579839986,0.004057397360515325,144266.86982839662,229163.19084114066,185156.80215199263,0.0
2025-09-05,0.000105732493765503,-0.002896237978525229,0.001916008737041003,144282.12352431132,228499.47970454654,185511.5642026384,0.0
2025-09-08,0.0037175877505157013,0.0024564651294738393,0.004554560193216262,144818.5049793437,229060.78070854367,186356.48778833702,0.0
2025-09-09,0.0017524467698008237,0.002311904932623232,0.0005075953319685799,145072.29170060213,229590.34745733428,186451.08147162045,0.0
2025-09-10,0.0028590370083485432,0.002890944608302748,0.004865154397327221,145487.0587514601,230254.0804344344,187358.19477052853,0.0
2025-09-11,0.007302202744505819,0.00831024825646609,0.007591651894122997,146549.4347511651,232167.54900490888,188780.55296473767,0.0
2025-09-12,0.0014016421672029507,-0.00033452064959471617,0.0003661046474428498,146754.8446184921,232089.88416560093,188849.6664025249,0.0
2025-09-15,0.006394386799886663,0.005323820081343245,0.0059789328346595665,147693.25185973998,233325.4889515984,189978.78587379347,0.0
2025-09-16,-0.0008169422192390882,-0.0013769341900341514,-0.0005364308367556635,147572.59500679903,233004.21510845452,189876.87539472137,0.0
2025-09-17,-0.0023516372962439913,-0.0012422617581345774,-0.00328480186564673,147225.55778847754,232714.76288254108,189253.16748018158,0.0
2025-09-18,0.004478946685688888,0.004672464341558991,0.0010129911321857363,147884.97321258296,233802.11431386412,189444.87926057706,0.0
2025-09-19,0.004828704976153022,0.00495283642365596,0.002744547415421405,148599.06611863282,234960.09794156562,189964.8197143165,0.0
2025-09-22,0.005474180306244392,0.004730992209795115,0.005507235194653648,149412.52419990575,236071.6923345399,191011.0006551932,0.0
2025-09-23,-0.004643079989265642,-0.0054435731762725315,-0.0018255173961077562,148718.78989864752,234786.6188024703,190662.3067506492,0.0
2025-09-24,-0.00420911694541392,-0.003181658436320456,-0.00503504219925337,148092.81511998366,234039.6079760223,189702.3139903527,0.0
2025-09-25,-0.004135015510690754,-0.004613352686594796,-0.0030952213385992515,147480.4490324407,232959.90072179653,189115.1433401081,0.0
2025-09-26,0.006852188067865464,0.005729010168833648,0.008855933481986076,148491.0128055442,234294.53036196218,190789.93446996436,0.0
2025-09-29,0.0032459834786227964,0.0028105276492997877,0.0027501133708201396,148973.01217983494,234953.02161762418,191314.6284197681,0.0
2025-09-30,0.0031873512940159376,0.003766799753069261,0.002750500863037708,149447.84150297978,235838.04260143632,191840.83947034844,0.0
2025-10-01,0.004237554896517145,0.0034075139409872612,0.004384708192649622,150081.13493551468,236641.66401941585,192682.00557085883,0.0
2025-10-02,0.0014819548681318409,0.0011518238595513708,-6.946997805744594e-05,150303.5484040471,236914.23353419738,192668.61995615976,0.0
2025-10-03,-0.0006480397526208759,-1.48421705706836e-05,0.002009597205307451,150206.14572972132,236910.71721273262,193055.8062763741,0.0
2025-10-06,0.005750118347663154,0.0035862350745239358,0.008229803550618663,151069.84884421356,237760.33473633157,194644.61763633497,0.0
2025-10-07,-0.004541826195785725,-0.0037074427188158454,-0.0036649980701673637,150383.7158473395,236878.8519144901,193931.24548832932,0.0
2025-10-08,0.00766714979262177,0.005963018112918661,0.0071087362571830666,151536.73032311213,238291.3647990236,195309.8515645329,0.0
2025-10-09,-0.003784644308664877,-0.002897019428214409,-0.007365449404924213,150963.21769914107,237601.0300856251,193871.30673455106,0.0
2025-10-10,-0.026564782375075355,-0.027027784753554496,-0.02205482656595398,146952.91267432226,231179.200587248,189595.50868840568,0.0
2025-10-13,0.01724759415939396,0.01534405245669701,0.017721244011083968,149487.4968726698,234726.426367956,192955.37696127847,0.0
2025-10-14,-0.0029286904670180846,-0.0012216093756775015,-0.0009949270002492516,149049.69426564046,234439.68236478564,192763.4004468964,0.0
2025-10-15,0.0066729704182868586,0.004439561180749063,0.008082553750395271,150044.29846632975,235480.49167783945,194321.42099211743,0.0
2025-10-16,-0.004176153399623558,-0.006810164959101583,-0.0009634045206307338,149417.69045919547,233876.83068486306,194134.21085667823,0.0
2025-10-17,0.0027979598801547113,0.005676199184976083,-0.0031694846521918623,149835.75516248567,235204.36216058128,193518.9054549026,0.0
2025-10-20,0.01119664103737761,0.010400512350939195,0.011701033397057392,151513.4123276044,237650.60803422716,195783.2766305924,0.0
2025-10-21,-0.0036899302126600104,-1.4979984718554995e-05,-0.009607955542525021,150954.33840983355,237647.04803175043,193902.19961275576,0.0
2025-10-22,-0.005222458483086845,-0.005198867790280337,-0.0018707849541961471,150165.98564464634,236411.55244828295,193539.45029513468,0.0
2025-10-23,0.007163036663958183,0.005929906487662118,0.006313142395733651,151241.63010549836,237813.4508469043,194761.2924040399,0.0
2025-10-24,0.00784456709375528,0.008172552647061071,0.005127073389829451,152428.05522022987,239756.9937941299,195759.84784369345,0.0
2025-10-27,0.01071284822961511,0.01179771954420028,0.0035121931202680033,154060.99384173958,242585.57956567363,196447.39423451477,0.136
2025-10-28,0.0033263831579716284,0.002655858964966784,-0.00030287019122233756,154573.45973695512,243229.8526519348,196387.89617465783,0.0
2025-10-29,0.0009949977377639396,0.0004804860352853879,-0.001180370525893243,154727.25997971173,243346.72119949857,196156.08569037105,0.0
2025-10-30,-0.00976999904057092,-0.010998124123417385,-0.00406830638739899,153215.57479815977,240670.36375471985,195358.06263402975,0.0
2025-10-31,0.002484610501127723,0.0032802000099823037,3.526042684359634e-06,153596.2558242396,241459.81068431053,195358.75147489732,0.0
2025-11-03,0.002383105728139457,0.001876696652084675,0.0008385974565720876,153962.2919413151,241912.95750263476,195522.57882700328,0.0
2025-11-04,-0.015349935349931407,-0.011853550232820531,-0.01376528273773391,151598.98071368868,239045.4301089071,192831.1552478387,0.0
2025-11-05,0.005317089551441438,0.0034654021681033154,0.0055093721310532804,152405.0460700506,239873.8186606817,193893.53384055998,0.0
2025-11-06,-0.011249339098429977,-0.010729329446956037,-0.0047823185321322625,150690.59002649673,237300.13343457185,192966.27320041365,0.0
2025-11-07,0.000669116200825719,0.0009845249103577203,0.004019810550725977,150791.41954159545,237533.7613271694,193741.96106135895,0.0
2025-11-10,0.017365214977197174,0.015604409628832139,0.014103015225936332,153409.944958652,241240.33543959577,196474.30688811006,0.0
2025-11-11,0.0010596189711810622,0.0022891577936339225,0.0038615122930952817,153572.50104669802,241792.57263360618,197232.99483943585,0.0
2025-11-12,0.0014280133442810873,0.0005564170786802602,0.0035952829135291854,153791.8046275073,241927.11015051755,197942.10325576627,0.0
2025-11-13,-0.017051050431168502,-0.016593945359895557,-0.013429735922363234,151169.49281090326,237912.58490360243,195283.79308112417,0.0
2025-11-14,-0.0005975052914645284,-0.000163772180045485,-0.00193181618157095,151079.16823904074,237873.6214409125,194906.5406896515,0.0
2025-11-17,-0.008328997031378427,-0.009316527530857655,-0.007227894830696519,149820.83029527462,235657.46529789342,193497.77671173186,0.05999999999999997
2025-11-18,-0.008297523842563994,-0.008397554496893278,-0.0044074285173630046,148577.68838378685,233678.5188904546,192644.94909260623,0.0
2025-11-19,0.003502629769503345,0.003863330354327177,0.00041894944993194874,149098.1010182039,234581.2962056383,192725.65758806077,0.0
2025-11-20,-0.016140909861163462,-0.015242276237766972,-0.011552401153965833,146691.5220091984,231005.74328865853,190499.21347894165,0.0
2025-11-21,0.007233650495670393,0.00996119766575232,0.004911782774686447,147752.6372100909,233306.8371594809,191434.90423429883,0.0
2025-11-24,0.017277294247187335,0.014718553120582678,0.012322716270548819,150305.40299896756,236740.7762356079,193793.9022434578,0.05999999999999997
2025-11-25,0.007338619453219397,0.00940585235814706,0.005980964928526145,151408.43715333976,238967.52502403312,194952.97677613812,0.0
2025-11-26,0.008019160183566363,0.006903634543873105,0.008598055681152872,152622.60566401583,240617.2694846529,196629.19332566587,0.0
2025-11-28,0.006760984195370217,0.005458373086222323,0.006510260102402343,153654.48468876648,241930.64831248825,197909.30051794148,0.0
2025-12-01,-0.004026721750851282,-0.004565522877085559,-0.0038191705455552557,153035.76083315437,240826.10840294944,197153.45114671192,0.0
2025-12-02,0.0032890754502992005,0.0018523420813758573,0.0003380932528697088,153539.10699712855,241272.2007378382,197220.1073983246,0.0
2025-12-03,0.003108328921722916,0.003462748187155862,0.0033803509591859185,154016.35704402323,242107.66561355424,197886.78057753926,0.0
2025-12-04,-0.00010260431163840346,0.000731151162097321,0.0003196089380526903,154000.55430172768,242284.68291462027,197950.0269613343,0.0
2025-12-05,0.0021388290410640763,0.0018994238357272764,0.0002062207451069219,154329.93515960817,242744.88421637993,197990.8483633882,0.0
2025-12-08,-0.002712252219422964,-0.0030042012931831286,-0.0036323064117763535,153911.3534504481,242015.62972130347,197271.68493540486,0.0
2025-12-09,0.000558904674361651,-0.0008630954932499213,0.0011502787004607884,153997.3752253289,241806.74712199494,197498.60235279004,0.0
2025-12-10,0.005712748627259014,0.006632175045054867,0.005771883008248758,154877.12351924888,243410.45179598333,198638.54117986298,0.0
2025-12-11,0.001912943313827786,0.0023270714906689083,0.006167595008776439,155173.39467714992,243976.8853188886,199863.66325499455,0.0
2025-12-12,-0.012265793082805194,-0.01075209715577441,-0.007504034117620078,153270.06992608355,241353.62214417668,198363.87950705652,0.0
2025-12-15,-0.0017201788787853756,-0.001510940359255808,0.0003235030624307966,153006.41798904672,240988.95121562647,198428.05082955273,0.0
2025-12-16,-0.0019373277771169073,-0.0027322728752857683,-0.00531142229745078,152709.9944053994,240330.50364097644,197374.11565593694,0.0
2025-12-17,-0.01156204553247637,-0.01100356428531768,-0.003966210888107613,150944.35449681993,237686.01149444023,196591.28828939176,0.0
2025-12-18,0.008910744293428328,0.007551268712199022,0.004489471290818103,152289.3810422777,239480.84243636555,197473.87923419193,0.0
2025-12-19,0.009858592553868012,0.009063486264369258,0.0075946445837444705,153790.7400002543,241651.37376236712,198973.6231615489,0.0
2025-12-22,0.00643186336069898,0.006229818660208997,0.0081614516064606,154779.90102607672,243156.81799989703,200597.536757944,0.05999999999999997
2025-12-23,0.004711217335035325,0.0045704344876844605,0.0051741274894942955,155509.10277890583,244268.1503067994,201635.45398720814,0.0
2025-12-24,0.0027210254350140037,0.003517736660175297,0.0019106057384675299,155932.24700294345,245127.4213340468,202020.6998426746,0.0
2025-12-26,0.0011416782814810756,-0.00010139418790333643,0.0027084891791194776,156110.27146272926,245102.5668382278,202567.8707221567,0.0
2025-12-29,-0.00657856294115729,-0.0035636809822511273,-0.008371720722481945,155083.29021615055,244229.0994820855,200872.02908112295,0.1
2025-12-30,4.881199555746504e-05,-0.0012212056239845337,0.002070652279539614,155090.86014102362,243930.8455322573,201287.96520603553,0.0
2025-12-31,-0.007569482898517633,-0.0074088956888227475,-0.007059601502439999,153916.90252746973,242123.58734242248,199866.95238444392,0.0
2026-01-02,0.001910300970168607,0.0018330346379591411,0.004822058301813969,154210.9301356933,242567.40826468807,200830.72248144756,0.0
2026-01-05,0.007972419100727475,0.006660178462529753,0.008860746933350538,155440.36430064807,244182.95049292422,202610.23268979765,0.20000000000000007
2026-01-06,0.0070262769663863335,0.0059471682236194034,0.0065412806975725934,156532.5313519804,245635.14757684537,203935.56309402213,0.0
2026-01-07,-0.003502884237991588,-0.0032234143669693793,-0.005626056577521448,155984.21601517464,244843.3637131135,202788.21007788647,0.0
2026-01-08,-0.0009306501997487659,-0.00010151182144413351,0.0011582823157719915,155839.04927338244,244818.5092172945,203023.09607546678,0.0
2026-01-09,0.008318479150746166,0.006613390447410161,0.008049075781044124,157135.3931556352,246437.58960750132,204657.2443610804,0.0
2026-01-12,0.0042980067616496314,0.0015704331745678424,0.0074948972615588635,157810.76213791256,246824.6033736815,206191.12938140045,0.20000000000000007
2026-01-13,-0.002942245367990647,-0.001999516689819014,-0.0029357125672267725,157346.44415399322,246331.07345977784,205585.81149162477,0.0
2026-01-14,-0.0026408693519633366,-0.004915222889580462,0.0036752051791999205,156930.91275198653,245120.3013290934,206341.3815307888,0.0
2026-01-15,0.0036000666419062992,0.0027232882038870088,0.003010262040715156,157495.87449606886,245787.83455423618,206962.52315903964,0.0
2026-01-16,-0.0011833542953379986,-0.0008379420888714462,-0.001396577443203434,157309.50107648593,245581.87858273063,206673.48396760726,0.0
2026-01-20,-0.01324108678376793,-0.020356835813531315,-0.00715683423059691,155226.55232082098,240582.60860164338,205194.35610299115,0.16000000000000003
2026-01-21,0.012725270147607323,0.011541172420654888,0.01266083312471966,157201.8521331851,243359.21396892588,207792.2876037454,0.0
2026-01-22,0.007602845987850302,0.005223214802554832,0.008050501530038622,158397.03360395852,244630.33141766652,209465.11973302963,0.0
2026-01-23,0.0014595686490388561,0.00036274314526618667,0.0013508108118831853,158628.22494830762,244719.06939351244,209748.06748147742,0.0
2026-01-26,0.004957947499278879,0.005078258243367717,0.0047877729472059595,159414.69535950513,245961.81602496933,210752.29360469393,0.0
2026-01-27,0.009247526319874121,0.003984113626622321,0.010871981008200983,160888.88695061687,246941.7558478232,213043.588538199,0.0
2026-01-28,0.00336539099518846,-0.00010064922286501243,0.00430414081905689,161430.3409619864,246916.9013520042,213960.55814386462,0.0
2026-01-29,-0.0011887506390378378,-0.0019843514508082194,0.0012337327639057706,161238.44054100773,246426.9314405773,214224.5282946303,0.0
2026-01-30,-0.01635760298821791,-0.002982445396060962,-0.02163799688100588,158600.96614419855,245691.9765734369,209589.13861955612,0.0
2026-02-02,0.0014396741858450056,0.0049712108373694,-0.002207039615481388,158829.2998610064,246913.36319003344,209126.56708764815,0.0
2026-02-03,-9.233843156173445e-05,-0.008455418456572827,0.009069214186460407,158814.6338125712,244825.60738174198,211023.1807166452,0.0
2026-02-04,-0.005766098237880793,-0.00484383887388995,-0.0009656875693854593,157898.89303239487,243639.7115873826,210819.39825417497,0.0
2026-02-05,-0.014750813618331962,-0.012489280981794804,-0.015280259023942193,155569.75589073307,240596.82677104432,207598.02324157953,0.0
2026-02-06,0.02254791743556382,0.0191847683064843,0.023702121934725207,159077.52990202815,245212.62114792215,212518.53690185936,0.0
2026-02-09,0.010103456009233897,0.00482176499257525,0.011753225143440071,160684.76272745087,246394.9787803108,215016.31511322138,0.5
2026-02-10,-0.003070971101105278,-0.002637135289800363,-0.0031065948493825767,160191.30446472688,245745.20188653964,214348.34653615745,0.0
2026-02-11,0.005492576591287162,-0.0002310739544192364,0.0063356948278963715,161071.1674737576,245688.41657096017,215706.3922466747,0.0
2026-02-12,-0.013344754449831383,-0.015448819557001725,-0.013867037816533995,158921.71229487265,241892.82055610995,212715.18354812195,0.0
2026-02-13,0.0021630843597802963,0.0007044426839897255,0.0024367410322510665,159265.47336516716,242063.22018386034,213233.51536405645,0.0
2026-02-17,-0.0032319434381238394,0.00161351967622414,-0.0036568319002903754,158750.73636360493,242453.79395251718,212453.75624286212,0.0
2026-02-18,0.007102331498809929,0.005037695790158558,0.007452062615787891,159878.2367189394,243675.20240961973,214036.97493734327,0.0
2026-02-19,0.0007089715738708036,-0.002637350384703585,0.001049078861740299,159991.58584405374,243032.545520802,214261.5166033809,0.0
2026-02-20,0.00819979624673509,0.007231834053074815,0.008445549972220735,161303.48424916697,244790.11655950476,216071.07294897854,0.0
2026-02-23,-0.003444706090252865,-0.01021138412746736,-0.0030234264489302715,160747.84115459488,242290.47064870817,215417.79795217587,0.0
2026-02-24,0.005440583323148512,0.007268496179203332,0.005516634157523037,161622.4031784127,244051.55800887567,216606.17913449722,0.0
2026-02-25,0.007290213958480423,0.00843831937730477,0.0073328461285844465,162800.66507806713,246110.94299988338,218194.51891659107,0.0
2026-02-26,-0.003265411666096075,-0.005554483250070685,-0.003029685443424751,162269.053887073,244743.9238893314,217533.45815879438,0.0
2026-02-27,0.0012274093967062263,-0.004801907270092998,0.0017100693520015588,162468.2244486086,243568.68626189616,217905.45545862665,0.0
2026-03-02,-0.0011873881915669573,0.0005685000404405116,-0.001053111946497137,162275.3115973935,243707.15506988607,217675.97662027625,0.0
2026-03-03,-0.01924439897467015,-0.008814271890095537,-0.020540217042684154,159152.42075727435,241559.05394353843,213204.86481551756,0.0
2026-03-04,0.006100702895156683,0.007055426061514547,0.006008067061770083,160123.36239135943,243263.35598812645,214485.8139412248,0.0
2026-03-05,-0.008885848683258377,-0.0055756895160732345,-0.009481737246273136,158700.53042249527,241906.99504449868,212452.1158103811,0.0
2026-03-06,-0.00177182082954214,-0.013107174917892817,-0.0012576456488567309,158419.3415170333,238736.27774658857,212184.9263313418,0.0
2026-03-09,0.006608380249645395,0.008760032915877458,0.004491565008414944,159466.23676467632,240827.61539786274,213137.96872176477,0.5000000000000001
2026-03-10,0.0006925200756043071,-0.0016070157300721588,0.0018054636116341784,159576.6703350169,240440.6016316826,213522.78156854954,0.0
2026-03-11,0.00022826904633243557,-0.0012551628541557225,0.0006066895790445392,159613.09674937118,240138.80951988365,213652.3236150158,0.0
2026-03-12,-0.011130252307109135,-0.015184929448649576,-0.007956122436523078,157836.56271103167,236492.3186394415,211952.47956948707,0.0
2026-03-13,-0.008073532873440965,-0.005660153274538393,-0.01012284719517112,156562.26403335322,235153.7358676913,209806.91700616752,0.0
2026-03-16,0.009095294345203163,0.010176873245252516,0.008234813087238458,157986.24390808798,237546.8656307644,211534.63775212303,0.0
2026-03-17,0.004722775151929577,0.0026305491982852036,0.005139763309545319,158732.37741516382,238171.74434770457,212621.87572193934,0.0
2026-03-18,-0.0122538643937396,-0.01395372252866034,-0.011229882887374996,156787.2923874225,234848.36191290966,210234.15695828796,0.0
2026-03-19,-0.005926832852097141,-0.002464362806581799,-0.008069985423488074,155858.04031210937,234269.61034462485,208537.5703761153,0.0
2026-03-20,-0.017022243907774487,-0.014335681872974515,-0.017611768855700462,153204.98673492888,230911.1957382186,204864.85488892178,0.0
2026-03-23,-0.0010054228535462447,0.010499959707213291,0.006872278993733997,153050.95093998834,233335.75398941434,206272.7433277293,1.2133333333333334
2026-03-24,0.005116228232946718,-0.0033568197458091475,0.0014292282178819838,153833.99453626684,232552.48792301942,206567.55415307323,0.0
2026-03-25,0.006133577793091835,0.005572720875308912,0.008395658421870244,154777.5473089771,233848.43802707308,208301.82477878366,0.0
2026-03-26,-0.004963694252823324,-0.01785871391108962,-0.012230312103806519,154009.27888693346,229672.2056737924,205754.22844994668,0.0
2026-03-27,0.005150497521236832,-0.017051920414101196,-0.002112648699352254,154802.50329608808,225755.85350131182,205319.54204682566,0.0
2026-03-30,0.0008131935298793398,-0.003343373094761515,-0.001102375408217876,154928.3876901776,225001.0674547306,205093.2028328467,0.0
2026-03-31,0.006870633425041474,0.029067828330166412,0.01891675804943588,155992.84384912954,231541.3598576089,208972.90132841954,0.0
2026-04-01,0.0021798460705520937,0.007534524709556623,0.006047144041685436,156332.88423682828,233285.9139547404,210236.5905635614,0.0
2026-04-02,0.002170644232564458,0.0009004486514896382,0.0005464393329078555,156672.2273103571,233495.97594137248,210351.47210586173,0.0
2026-04-06,0.0021454712806895327,0.004726890756302504,0.0038270263300467784,157008.36307453312,234599.6859116836,211156.49272817496,0.0
2026-04-07,0.0020238746788339436,0.00043997599961653755,0.003812050225473134,157326.12832492482,234702.9041430023,211961.4318838895,0.0
2026-04-08,0.0009752895683126806,0.0254696046172882,0.009549327067290154,157479.56685670314,240680.69431405386,213985.5209225999,0.0
2026-04-09,0.0015422715397340253,0.005769005826991691,0.003822916877323878,157722.44311075588,242069.182641996,214803.56978203784,0.0
2026-04-10,-0.00021825491208893674,-0.0006617045143784139,-0.00017483378682241473,157688.0194128003,241909.0043710499,214766.0148605099,0.0
2026-04-13,0.004952722437664694,0.009772427509418202,0.00636651643468319,158469.00440469696,244273.0425801415,216133.32622373075,0.9000000000000001
2026-04-14,0.004736968084782875,0.01218482451098879,0.004211821009097389,159219.66702098932,247249.46673674585,217043.64110788595,0.0
2026-04-15,0.0004421513587111709,0.00789104262604634,-4.386063869231147e-05,159290.06621309617,249200.52281803274,217034.12143516284,0.0
2026-04-16,0.0031456575517701713,0.0024573146961406334,0.0033970191223926414,159791.13821280136,249812.88692503943,217771.3904958898,0.0
2026-04-17,0.003361179629782136,0.012085709684531931,0.0024548415731712727,160328.22493158194,252832.05295187025,218305.9847587264,0.0
2026-04-20,-0.0013948277069040609,-0.0019997769579219726,0.0011023419287189582,160104.59468124862,252326.445238153,218546.63259901624,0.5
2026-04-21,-0.00626939663358943,-0.006546877598048839,-0.006586253473430581,159100.8354743318,250674.4948864281,217107.22908095442,0.0
2026-04-22,0.010770216627635209,0.010126679110719516,0.008123698857811733,160814.38593802808,253212.99505738463,218870.94282986203,0.0
2026-04-23,-0.0027459144741954437,-0.0038807172806204493,-0.0011727366312091648,160372.803388022,252230.34701178776,218614.26485769817,0.0
2026-04-24,0.007935276923932113,0.007749329558953688,0.003263030774036102,161645.40599397325,254184.96309555133,219327.6099315721,0.0
2026-04-27,0.0006251481526797975,0.0017227696705925943,0.0006305373068134167,161746.45832091957,254622.86524069303,219465.90417204818,0.0
2026-04-28,-0.004897439342058162,-0.0048659811570929135,-0.002525136505045494,160954.31485250013,253383.87517626683,218911.72280581054,0.0
2026-04-29,0.001741685180241238,-0.00015454822141547364,0.0012647430286509775,161234.6465973746,253344.715149023,219188.58988111914,0.0
2026-04-30,0.009766619133466343,0.009949685183250345,0.007897143622597419,162809.36398181022,255865.415307596,220919.55365584494,0.0
2026-05-01,0.001996169426365072,0.00276905737155686,-0.0013284693678096704,163134.35905651667,256573.92132198,220626.06879606296,0.0
2026-05-04,-0.0025533501052559557,-0.0036633809509297732,-0.002027883702172767,162717.81992364884,255633.9933061037,220178.664786877,0.0
2026-05-05,0.008500139340480647,0.008022242913074518,0.006356444016680762,164100.9440661791,257684.75129724454,221578.21814326232,0.0
2026-05-06,0.010708266610841928,0.013899418730159985,0.005057445391841853,165858.18072633064,261266.41955590207,222698.8378815435,0.0
2026-05-07,-0.004757780423286256,-0.0030660889376450395,-0.005855754869381979,165069.063921029,260465.35347712357,221394.76807721294,0.0
2026-05-08,0.010827373222539335,0.008256054754597786,0.006273250732012904,166856.3282835972,262615.7696971064,222783.63296811716,0.0
2026-05-11,0.006298309589931661,0.0022775635209937306,0.008705059599419663,167907.24109616654,263213.89379420615,224722.97777087986,0.0
2026-05-12,-0.0024137200908120773,-0.0015148976832113359,-0.00034012441694147855,167501.96001493992,262815.1516763083,224646.54399909222,0.0
2026-05-13,0.0045442513759140725,0.005594852718878274,0.002016078546212385,168263.13102720608,264285.56374222686,225099.44907692954,0.0
2026-05-14,0.0037309393291033353,0.007894249484761584,0.0016364432751643449,168890.9105603936,266371.89991762885,225467.81155661467,0.0
2026-05-15,-0.012985491652005658,-0.012029288059682064,-0.011577141803692721,166697.77905121195,263167.6356025149,222857.53873005544,0.0
2026-05-18,0.00019002213848779307,-0.0007035134425675826,0.0026633499921154325,166729.45531966843,262982.4936332198,223451.08635407497,0.060000000000000026
2026-05-19,-0.005664620353297187,-0.006660801173054454,-0.004939928178442276,165784.99625357048,261230.81953113488,222347.25403609095,0.0
2026-05-20,0.008877153312244252,0.0102489448693448,0.004281969873353553,167256.69508218326,263908.15979868325,223299.3382792964,0.0
2026-05-21,0.0008098966566383648,0.0019831294549137457,-8.563123401955652e-05,167392.15572033072,264431.52384377207,223280.2168814038,0.0
2026-05-22,0.002809132753487194,0.003931565762728351,0.0015963994303754725,167862.3825076415,265471.15376950236,223636.66129244733,0.0
2026-05-25,0.0,0.0,0.0,167862.3825076415,265471.15376950236,223636.66129244733,0.0
2026-05-26,0.00807209901003298,0.006638589859918387,0.0037952978228882103,169217.38427930322,267233.5078790174,224485.4290261685,0.0
2026-05-27,-0.0027964287989248474,-0.0001731819956434233,-0.00449242077374219,168744.17991262584,267187.2278468201,223476.94602140892,0.0
2026-05-28,0.005472853241058415,0.005516544483684438,0.003847405624656641,169667.6920445704,268661.17807470943,224336.7524805128,0.0
2026-05-29,0.0012122566726931359,0.002491413132097442,-0.00037419849037235173,169873.37283639185,269330.5240618495,224252.80600639957,0.0
2026-06-01,0.0033708539239054123,0.002723144858072235,0.0028968745516964375,170445.99116178448,270063.9500935704,224902.438253266,0.0
2026-06-02,0.005290034381006481,0.0013579151752256546,0.0064295114006376,171347.65631513504,270430.67402968387,226348.45104404658,0.0
2026-06-03,-0.004617539761712392,-0.00701716271996522,-0.004721019577192126,170556.45169902366,268533.0179855477,225279.85557540052,0.0
2026-06-04,-5.6713660783782845e-06,0.003778634283035931,0.0011529262009210453,170555.48441094905,269547.70605343505,225539.58662343313,0.0
2026-06-05,-0.03181227810026673,-0.025809369612244448,-0.025508219175531092,165129.72590934223,262590.8496797693,219786.47341508392,0.0
2026-06-08,0.006262310442796384,0.002264222440912178,0.0032949090682417356,166163.8195163204,263185.41377439245,220510.64985941612,0.0
2026-06-09,-0.006226877580873874,-0.002935520049857532,-0.0047601043885140085,165129.13775382185,262412.8277154277,219460.99614730623,0.0
2026-06-10,-0.01353256044509047,-0.0157655110158077,-0.009222912695190353,162894.51771592262,258275.75538939086,217436.9265398401,0.0
2026-06-11,0.020352644524840993,0.016996857394830034,0.014223587749768073,166209.8519300402,262665.63157228637,220529.6597445194,0.0
2026-06-12,0.004753881803746935,0.005408207317551872,0.003760660568968543,166999.9939207339,264086.181763025,221358.9969402087,0.0
2026-06-15,0.01668295877847812,0.017634009390668393,0.009243315410414099,169786.04793531957,268743.07997217996,223405.08796785993,0.0
2026-06-16,-0.009187324686000661,-0.005961575485861181,-0.00547853154047725,168226.16838578493,267140.947814623,222181.1561471249,0.0
2026-06-17,-0.010413382124670011,-0.01248789492983049,-0.009054971986201893,166474.36501101466,263804.9197268587,220169.31200235072,0.0
2026-06-18,0.010342484957628191,0.010396979807429707,0.0033672351772967343,168196.1236269718,266547.6941503594,220910.67385468626,0.0
2026-06-22,-0.002876188685128231,-0.0031469282666526377,-0.001717312822368694,167712.35983931346,265708.88767722656,220531.3011218775,0.2
2026-06-23,-0.01932944304438322,-0.014522012225013592,-0.014033762546031298,164470.57333196036,261850.25996208316,217436.41720796574,0.0
2026-06-24,-0.004278312515678732,-0.0004635003677893046,-0.007889830322902846,163766.91681961337,261728.892270285,215720.88077017496,0.0
2026-06-25,0.005302662187615902,0.0014456368287247834,0.0052810549274572745,164635.3174570152,262107.25719609225,216860.11459052176,0.0
2026-06-26,-0.008164072320507238,-0.007231332133985857,-0.004507390446685777,163291.22281878645,260211.87256457921,215882.64138174927,0.0
2026-06-29,0.014856821828034522,0.01647481275894025,0.0065915201635480146,165717.21142228704,264498.8144427339,217305.63616537707,0.0
2026-06-30,0.009568363478774862,0.007786815227913024,0.006331147662259362,167302.85393586446,266558.4178388015,218681.4302357813,0.0
2026-07-01,-0.006934200625788694,-0.0013525036475483532,-0.00540659877847105,166142.74238140616,266197.89660638984,217499.10748219423,0.0
2026-07-02,-0.004471119916941258,-0.0013140507435593918,0.0017440987398493646,165399.8982568894,265848.0990624203,217878.44740147228,0.0
2026-07-06,0.010163881026454448,0.008727392224116226,0.00922179760342572,167081.0031445601,268168.25969497376,219887.67834555727,0.0
2026-07-07,-0.007863324874545864,-0.004751890339538711,-0.0036760362338167703,165767.1909364694,266893.95353235834,219079.36327258914,0.0
2026-07-08,0.00013228719596736097,-0.0030894091522385425,0.0012426235411489516,165789.11981334173,266069.4089096383,219351.59644677155,0.0
2026-07-09,0.008498959124326808,0.008465256756416295,0.0030760950963409635,167198.15476589344,268321.75477108633,220026.34281697602,0.0
2026-07-10,0.004136372517428166,0.004310118179872147,0.004823880699966398,167889.7486182318,269478.25324438035,221087.723645575,0.0
2026-07-13,-0.008543920149616965,-0.007656140611366324,-0.0008523510870425739,166455.31201209835,267415.08984583605,220899.27928399394,0.05999999999999997
2026-07-14,0.0064028057611400955,0.0035506379166867497,0.00533549888990017,167521.0930428218,268364.58400333684,222077.8871433934,0.0
2026-07-15,0.0010838238362607256,0.003963630921285599,0.0014243409396192564,167702.65639653805,269428.2821666704,222394.2017698359,0.0
2026-07-16,-0.008458344549995217,-0.005418616825605738,-0.004604126297179551,166284.1695467867,267968.35354362807,221370.27077712715,0.0
2026-07-17,-0.008715274413355576,-0.009897199757215702,-0.0026620686293239875,164834.9573785895,265316.2172199945,220780.9679238264,0.0
2026-07-20,-0.0008752554443790403,-0.0016143534967409945,-0.0012091149034880399,164690.6846847199,264887.9030569833,220514.01836510317,0.05999999999999997
2026-07-21,0.012399824827561152,0.008341327043244195,0.011716035870097617,166732.82032554154,267097.4196861808,223097.5685141281,0.0
2026-07-22,-0.00018279183571058186,-0.001162766737217713,0.0035881259179259277,166702.34292724103,266786.847690973,223898.07068193992,0.0
2026-07-23,-0.011439795619795636,-0.012349253784127878,-0.004838357400150416,164795.30219481228,263492.22920256975,222814.77179477655,0.0
2026-07-24,-0.002771654008546305,0.0010159657563921787,0.00035320312653301937,164338.54663489445,263759.928284515,222893.4706688122,0.0
2026-07-27,-0.002909483588139662,0.00021661654234961247,-0.004915523192092874,163860.4063305615,263817.0630481904,221797.83264437356,0.0
2026-07-28,-0.0031278595500596395,0.0023947666975516757,-0.0032207281154934984,163347.8739937438,264448.8433650241,221083.4821288203,0.0
2026-07-29,-0.012487886026293936,-0.015387445003102407,-0.0046146250314532565,161308.0043606725,260379.6513316107,220063.2647581478,0.0
2026-07-30,0.019347366673530455,0.01676574369337569,0.011667953570657419,164428.88946841386,264745.109828807,222630.95271395316,0.0
2026-07-31,0.0047007001326143895,0.007199869193782904,0.0019379341429476506,165201.82037094372,266651.23998926807,223062.39683849452,0.0
2026-08-03,0.010963370804348322,0.014242990614400597,0.002035398529785709,167012.9891852237,270449.1510977535,223516.41771307006,0.05999999999999997
2026-08-04,0.019664312896781073,0.01802895214665101,0.009380376647884924,170297.18486238868,275325.06590099726,225613.08589820462,0.0
2026-08-05,-0.0035157260554169586,-0.0019965624761277834,-0.0005542634985969408,169698.46661240383,274775.3622056819,225488.03679988545,0.0
2026-08-06,-0.001021208848737447,-0.0015978064697251826,0.0017739525988336778,169525.16903668205,274336.32435422856,225888.04188877248,0.0
2026-08-07,0.007336743632935133,0.0061153280785064545,0.005000006263160178,170768.9317412342,276013.9809815063,227017.4835129893,0.0
2026-08-10,0.001306495503937435,-0.0002974431285415191,0.006305496188676768,170992.04058276632,275931.88251948194,228448.94139004344,0.0
2026-08-11,-0.0023955139969949113,-0.003195199981383512,-0.0007647890470440788,170582.42675617558,275050.2249735925,228274.22614185952,0.0
2026-08-12,0.004006477545912166,0.0025046088948632583,0.0030460629102378677,171265.8614187014,275739.11821359553,228969.56379547343,0.0
2026-08-13,0.006068778442126818,0.006977515074108265,0.0006309542759572905,172305.23598635147,277663.0920674522,229114.03312081427,0.0
2026-08-14,-0.0006121450990634458,-0.0019797506799419384,0.001391012653642021,172199.76018059946,277113.3883721369,229432.73364001227,0.0
2026-08-17,-0.0015673757827683677,-0.004727362317670902,0.0019567388093542307,171929.8584466939,275803.3729822244,229881.67357406192,0.0
2026-08-18,-0.009374309816418088,-0.00675574496080833,-0.006134098501517098,170318.13468692166,273940.1157350258,228471.556744665,0.0
2026-08-19,0.0015403398304194836,0.0020977847370853286,0.0036033128916783345,170580.48249362267,274514.7831286901,229294.81125046487,0.0
2026-08-20,-0.0053979604260617165,-0.008399827926766523,-0.0009212068771377925,169659.6957996636,272208.90618705546,229083.58329344893,0.0
2026-08-21,0.004466129974947026,0.004091229991858514,0.0055404708835520185,170417.41805261487,273322.5754280989,230352.81421658603,0.0
2026-08-24,-0.005212930251387427,-0.0029384361156037375,-0.0035830223068047617,169529.04393868506,272519.43450125115,229527.45494481275,0.0
2026-08-25,0.0029857047579084466,0.003195939766817757,-0.00017559198986557005,170035.20761177648,273390.3901992044,229487.15176227022,0.0
2026-08-26,0.000385917311675571,0.00022200767959623668,0.00019630545127619076,170100.8271419882,273451.0849653564,229532.20134115897,0.0
2026-08-27,0.007715270760791902,0.006552844629756693,0.00404603198816954,171413.2010800233,275242.9674389728,230460.89597010028,0.0
2026-08-28,-0.0034611752624582747,-0.0022694869107554583,-0.0016713701611548448,170819.90994878634,274618.30712709256,230075.71050526283,0.0
2026-08-31,-0.0006937115786992396,-0.002989548034258882,0.0006842372437194212,170701.41019938252,273797.32250684925,230233.13687526574,0.0
2026-09-01,-0.006342935858856744,-0.006870413937474118,-0.00019476215217704702,169618.66210347146,271916.2215662551,230188.29617402545,0.0
2026-09-02,0.003529100952340022,0.004436916429827686,0.003735340312529651,170217.26348543545,273122.6911172591,231048.12779619684,0.0
2026-09-03,0.008909182171938042,0.010468417941536634,0.004911265791422298,171733.76009463597,275981.85359719174,232182.86656241448,0.0
2026-09-04,-0.0012574744322673402,-0.0038542322600894074,-0.0006397466181853662,171517.80928215984,274918.15543385816,232034.3283587306,0.0
2026-09-07,-0.00018600000000000002,0.0,0.0,171485.90696963336,274918.15543385816,232034.3283587306,0.12400000000000001
2026-09-08,-0.0017696772465780161,-0.005492178930014524,-0.0007196755346748796,171182.4322619604,273408.2557331059,231867.3389294061,0.0
2026-09-09,-0.002715715518713958,-0.004647717444469568,3.551859457529558e-05,170717.5494741354,272137.5314134732,231875.57453141277,0.0
2026-09-10,-0.007182677452114241,-0.005994275703456675,-0.0018052105320537416,169491.3403808473,270506.2640209227,231456.99030214266,0.0
2026-09-11,0.0067975136182585,0.008524301461116268,0.003506841250529258,170643.46007526302,272812.14096255734,232268.67322345756,0.0
2026-09-14,-0.006502742406554962,-0.004461653484890693,-0.006130651893471213,169533.80961103036,271594.9477231113,230844.71484216614,0.0
2026-09-15,-0.0030828840708198137,-0.004586752409134642,0.0021196356528402852,169011.1565299151,270349.2089423335,231334.02153001534,0.0
2026-09-16,-0.004347746579599657,-0.0044098804847823025,-0.007346439031312835,168276.33885219798,269157.0012417424,229634.5402449767,0.0
2026-09-17,0.01245713910139739,0.011338753705953053,0.0076401585357410646,170372.58061275372,272208.9061870554,231388.98453773034,0.0
2026-09-18,0.001510679835741793,0.0012869590529585029,-0.0008446458379379408,170629.9590348487,272559.22790316876,231193.54279499585,0.0
2026-09-21,0.016012676508976434,0.015504992215651825,0.00460400577904918,173362.20137161366,276785.2566101115,232257.95920210285,0.136
2026-09-22,0.0023908695206531754,-0.00015513266604716414,0.0005559533185806541,173776.68777490637,276742.318175331,232387.08378528798,0.0
2026-09-23,-0.005999731574322458,-0.007202161019229769,-0.002612694699347423,172734.0742943821,274749.1754389974,231779.92728328536,0.0
2026-09-24,-5.799265489426993e-05,-0.000820521854125067,0.00017421101110859372,172724.05698682307,274523.73773614684,231820.30589877206,0.0
2026-09-25,0.0034405403571747912,0.005435468794763754,0.00022475192774758495,173318.32107554123,276015.9029460336,231872.40795941383,0.0
2026-09-28,-0.007587040837927827,-0.007441486246259066,-0.005375573792855637,172003.34789558,273961.9344005119,230625.9607199009,0.0
2026-09-29,-0.001423202207494506,-0.0018416336927525867,-0.0038413965962855734,171758.55235115858,273457.39687158825,229740.03493937638,0.0
2026-09-30,-0.0006075576603616471,-0.002054445562863161,-0.0018326183989006704,171654.199126945,272895.5935359533,229319.0091243824,0.0
2026-10-01,0.002531739823082111,0.0017832832997064507,0.0028113685213283614,172088.78289867396,273382.2436904695,229963.70936797693,0.0
2026-10-02,0.007534762703557511,0.0073954168068735004,0.005207224289471757,173385.4310417595,275404.0193301588,231161.1819810949,0.0
2026-10-05,0.007270630490385086,0.00674341554834168,0.006034791489762893,174646.0524432803,277261.1830761855,232556.19151487795,0.0
2026-10-06,0.004554829089403194,0.005497992684414754,0.004277150388080759,175441.53536329838,278785.5630324106,233550.8693196664,0.0
2026-10-07,-0.0031205620341333415,-0.0024003081645026514,-0.004814575123673221,174894.0591688336,278116.3917693184,232426.42111412768,0.0
2026-10-08,-0.005710771828348877,-0.004233007580038639,9.680075630232325e-05,173895.27910278665,276939.1229748259,232448.92016747617,0.0
2026-10-09,0.00514212226411577,0.005995393242733904,0.004683714944070427,174789.46988908568,278599.4819213578,233537.64464859758,0.0
