Date,SPY,QQQ,GMOM,RLY,DBMF,SGOV
2020-06-01,279.4585266113281,225.5655975341797,19.68568229675293,15.640676498413086,17.907922744750977,83.32577514648438
2020-06-02,281.7724609375,227.07864379882812,19.538637161254883,15.825034141540527,17.77903938293457,83.3282241821289
2020-06-03,285.5223693847656,228.10015869140625,19.533567428588867,16.01675796508789,17.562795639038086,83.32991790771484
2020-06-04,284.7723693847656,226.50039672851562,19.503141403198242,16.00939178466797,17.492626190185547,83.32991790771484
2020-06-05,292.0709533691406,230.99127197265625,19.405954360961914,16.333852767944336,17.492626190185547,83.32577514648438
2020-06-08,295.601318359375,232.78382873535156,19.5555419921875,16.54770851135254,17.592870712280273,83.32577514648438
2020-06-09,293.39715576171875,234.47032165527344,19.65526008605957,16.41497039794922,17.578550338745117,83.32577514648438
2020-06-10,291.76007080078125,237.28433227539062,19.809907913208008,16.348602294921875,17.62151527404785,83.32991790771484
2020-06-11,274.9403381347656,225.5270538330078,19.74399757385254,15.618556022644043,17.57139015197754,83.32991790771484
2020-06-12,278.23297119140625,227.319580078125,19.63159942626953,15.773417472839355,17.592870712280273,83.32991790771484
2020-06-15,280.83050537109375,230.08541870117188,19.6104679107666,15.847152709960938,17.592870712280273,83.32991790771484
2020-06-16,286.2357482910156,234.03660583496094,19.640047073364258,15.965144157409668,17.557071685791016,83.32991790771484
2020-06-17,285.046875,234.77867126464844,19.69244384765625,15.90615177154541,17.486181259155273,83.3341064453125
2020-06-18,285.15655517578125,235.4147491455078,19.650188446044922,15.891403198242188,17.428184509277344,83.33744049072266
2020-06-19,283.5268859863281,235.37619018554688,19.792165756225586,15.839778900146484,17.52341651916504,83.33826446533203
2020-06-22,285.3457946777344,238.19894409179688,19.76681137084961,15.93564510345459,17.578550338745117,83.3341064453125
2020-06-23,286.6594543457031,240.22628784179688,19.86484146118164,15.992864608764648,17.53558921813965,83.3341064453125
2020-06-24,279.3470458984375,235.2738494873047,19.765966415405273,15.651012420654297,17.47329330444336,83.3341064453125
2020-06-25,282.3419189453125,237.51353454589844,19.796384811401367,15.70303726196289,17.524852752685547,83.3341064453125
2020-06-26,275.6357727050781,231.90464782714844,19.681148529052734,15.539541244506836,17.549907684326172,83.32991790771484
2020-06-29,279.68701171875,234.43399047851562,19.909090042114258,15.688170433044434,17.5649471282959,83.33826446533203
2020-06-30,283.2696228027344,239.02919006347656,19.979415893554688,15.799647331237793,17.642993927001953,83.33826446533203
2020-07-01,285.2539367675781,241.8191375732422,19.8413028717041,15.851667404174805,17.529146194458008,83.33493041992188
2020-07-02,286.82476806640625,243.46029663085938,19.810791015625,15.911121368408203,17.53917121887207,83.33992004394531
2020-07-06,291.25250244140625,249.44573974609375,19.87858009338379,16.015161514282227,17.656597137451172,83.33493041992188
2020-07-07,288.2486267089844,247.7273406982422,19.870107650756836,15.866532325744629,17.71674346923828,83.33493041992188
2020-07-08,290.453369140625,250.9903106689453,20.242935180664062,15.970573425292969,17.74681854248047,83.33493041992188
2020-07-09,288.7998962402344,253.10446166992188,20.233623504638672,15.76992416381836,17.811264038085938,83.34326171875
2020-07-10,291.7486572265625,254.83248901367188,20.06330108642578,15.866532325744629,17.77903938293457,83.3465805053711
2020-07-13,289.2224426269531,249.59051513671875,20.069236755371094,15.8145112991333,17.714597702026367,83.34326171875
2020-07-14,292.970458984375,251.35716247558594,20.240394592285156,16.030031204223633,17.74681854248047,83.3390884399414
2020-07-15,295.66204833984375,251.86880493164062,20.174301147460938,16.193527221679688,17.82200050354004,83.3390884399414
2020-07-16,294.6882629394531,250.15049743652344,20.285306930541992,16.111778259277344,17.75398063659668,83.3390884399414
2020-07-17,295.5425720214844,250.4400634765625,20.34461784362793,16.193527221679688,17.761138916015625,83.3390884399414
2020-07-20,297.93109130859375,257.5452880859375,20.370038986206055,16.104347229003906,17.805532455444336,83.3390884399414
2020-07-21,298.56494140625,254.86151123046875,20.488670349121094,16.327293395996094,17.938711166381836,83.3390884399414
2020-07-22,300.2643127441406,255.75930786132812,20.649662017822266,16.36444854736328,17.99742889404297,83.3390884399414
2020-07-23,296.6816711425781,249.07884216308594,20.645423889160156,16.304996490478516,18.061155319213867,83.3390884399414
2020-07-24,294.77099609375,246.7136688232422,20.613224029541016,16.3347225189209,18.069032669067383,83.3390884399414
2020-07-27,296.9205322265625,251.11578369140625,20.816587448120117,16.438770294189453,18.162113189697266,83.3390884399414
2020-07-28,295.037353515625,247.92039489746094,20.70897102355957,16.423904418945312,18.205076217651367,83.3390884399414
2020-07-29,298.6660461425781,250.7779083251953,20.759817123413086,16.579967498779297,18.255916595458984,83.34326171875
2020-07-30,297.60028076171875,252.09083557128906,20.795398712158203,16.409042358398438,18.263076782226562,83.3390884399414
2020-07-31,299.95208740234375,256.5894775390625,20.765748977661133,16.342153549194336,18.271669387817383,83.34326171875
2020-08-03,302.037353515625,260.0552062988281,20.99453353881836,16.475927352905273,18.37405776977539,83.3440933227539
2020-08-04,303.20391845703125,261.0206604003906,21.001304626464844,16.617130279541016,18.558795928955078,83.3440933227539
2020-08-05,305.087158203125,261.6673889160156,21.229244232177734,16.75832748413086,18.58457374572754,83.3440933227539
2020-08-06,307.1264953613281,265.1332092285156,21.363964080810547,16.765758514404297,18.58457374572754,83.3440933227539
2020-08-07,307.3470764160156,262.0729675292969,21.035202026367188,16.669147491455078,18.387666702270508,83.34825134277344
2020-08-10,308.26568603515625,260.9530944824219,21.026729583740234,16.788053512573242,18.35544776916504,83.3440933227539
2020-08-11,305.7210388183594,256.0102844238281,20.492900848388672,16.67658042907715,18.01962661743164,83.3440933227539
2020-08-12,309.98358154296875,262.4493408203125,20.660676956176758,16.795490264892578,17.98382568359375,83.34825134277344
2020-08-13,309.4231262207031,263.0480651855469,20.708127975463867,16.75832748413086,17.955900192260742,83.34825134277344
2020-08-14,309.4324035644531,262.7390441894531,20.65644073486328,16.75832748413086,17.9437255859375,83.35243225097656
2020-08-17,310.415283203125,265.7896423339844,20.90386390686035,16.86980438232422,18.079771041870117,83.35243225097656
2020-08-18,311.0858154296875,268.34796142578125,20.957246780395508,16.892099380493164,18.192909240722656,83.34825134277344
2020-08-19,309.7906494140625,266.5426330566406,20.753042221069336,16.72860336303711,17.972370147705078,83.35411071777344
2020-08-20,310.75506591796875,270.2401123046875,20.892000198364258,16.71373748779297,18.03824234008789,83.34825134277344
2020-08-21,311.8575134277344,272.1129150390625,20.768281936645508,16.624557495117188,18.033231735229492,83.34825134277344
2020-08-24,315.0176086425781,273.81201171875,20.678470611572266,16.773193359375,18.05327606201172,83.34825134277344
2020-08-25,316.1199951171875,275.96478271484375,20.768281936645508,16.773193359375,18.043973922729492,83.35243225097656
2020-08-26,319.2893371582031,281.8536376953125,20.935213088989258,16.743465423583984,18.108415603637695,83.33992767333984
2020-08-27,319.9873962402344,280.97509765625,20.756425857543945,16.70630645751953,17.990985870361328,83.3565902709961
2020-08-28,322.0543518066406,282.4039611816406,20.84455108642578,16.877233505249023,18.112707138061523,83.34825134277344
2020-08-31,320.8877258300781,284.6725769042969,20.882678985595703,16.810348510742188,18.15495491027832,83.34825134277344
2020-09-01,323.9100036621094,289.5380859375,20.861492156982422,16.8326473236084,18.215818405151367,83.33743286132812
2020-09-02,328.59503173828125,292.27984619140625,21.09027671813965,16.877233505249023,18.312484741210938,83.34577178955078
2020-09-03,317.2867126464844,277.461181640625,20.82505989074707,16.71373748779297,18.183595657348633,83.34994506835938
2020-09-04,314.69610595703125,273.7637023925781,20.742870330810547,16.66171646118164,18.03108024597168,83.34994506835938
2020-09-08,306.0977478027344,260.6054992675781,20.65644073486328,16.45363426208496,17.965208053588867,83.34994506835938
2020-09-09,312.142333984375,268.26104736328125,20.80048942565918,16.617130279541016,18.02248764038086,83.35411071777344
2020-09-10,306.7224426269531,262.9128112792969,20.660676956176758,16.446199417114258,17.990985870361328,83.34994506835938
2020-09-11,306.8785400390625,261.08819580078125,20.560686111450195,16.49078941345215,17.99742889404297,83.34994506835938
2020-09-14,310.9205627441406,265.6352233886719,20.789472579956055,16.609695434570312,18.1306095123291,83.34994506835938
2020-09-15,312.4913635253906,269.4001770019531,20.86911964416504,16.6468505859375,18.079771041870117,83.34994506835938
2020-09-16,311.251220703125,265.10418701171875,20.939451217651367,16.780624389648438,17.911502838134766,83.34994506835938
2020-09-17,308.5137023925781,260.9627380371094,20.842859268188477,16.84749984741211,17.85494041442871,83.34994506835938
2020-09-18,304.96185302734375,257.6322021484375,20.722530364990234,16.71373748779297,17.826295852661133,83.34994506835938
2020-09-21,301.5678405761719,258.25,20.510700225830078,16.282703399658203,17.663759231567383,83.34994506835938
2020-09-22,304.6390380859375,263.0480651855469,20.509851455688477,16.30130958557129,17.637266159057617,83.34994506835938
2020-09-23,297.5741882324219,255.01600646972656,20.139564514160156,16.02589988708496,17.479021072387695,83.34994506835938
2020-09-24,298.3673400878906,256.2033996582031,20.19209861755371,16.0928955078125,17.42603874206543,83.34994506835938
2020-09-25,303.1910400390625,262.159912109375,20.284639358520508,16.115222930908203,17.413148880004883,83.35411071777344
2020-09-28,308.2269287109375,267.6046142578125,20.465469360351562,16.278980255126953,17.65731430053711,83.35411071777344
2020-09-29,306.5482177734375,266.39788818359375,20.451889038085938,16.197099685668945,17.68309211730957,83.35411071777344
2020-09-30,308.8724670410156,268.2223205566406,20.362743377685547,16.24921417236328,17.609338760375977,83.35411071777344
2020-10-01,310.8554382324219,272.479736328125,20.46631622314453,16.189659118652344,17.712448120117188,83.3541030883789
2020-10-02,307.904052734375,264.81463623046875,20.385662078857422,16.226882934570312,17.714597702026367,83.34994506835938
2020-10-05,313.3641357421875,270.4621276855469,20.537635803222656,16.450183868408203,17.647287368774414,83.35741424560547
2020-10-06,308.9093322753906,265.6352233886719,20.337276458740234,16.345970153808594,17.560649871826172,83.3541030883789
2020-10-07,314.286376953125,270.2303771972656,20.447635650634766,16.457626342773438,17.563514709472656,83.3541030883789
2020-10-08,317.0718078613281,271.66888427734375,20.58856773376465,16.606494903564453,17.56422996520996,83.3541030883789
2020-10-09,319.9033508300781,275.8200378417969,20.81609535217285,16.68093490600586,17.7303524017334,83.3541030883789
2020-10-12,325.0498352050781,284.3346862792969,20.79147720336914,16.688377380371094,17.85063934326172,83.3541030883789
2020-10-13,322.928466796875,284.3249816894531,20.780445098876953,16.569276809692383,17.7675838470459,83.3541030883789
2020-10-14,320.8993835449219,281.95025634765625,20.65139389038086,16.59905433654785,17.667339324951172,83.3541030883789
2020-10-15,320.5027770996094,280.0580139160156,20.74393653869629,16.569276809692383,17.5649471282959,83.3541030883789
2020-10-16,320.3091125488281,278.5230712890625,20.756669998168945,16.524620056152344,17.678796768188477,83.3541030883789
2020-10-19,315.4393615722656,273.9761047363281,20.608095169067383,16.44274139404297,17.54203224182129,83.3541030883789
2020-10-20,316.7029724121094,274.56512451171875,20.613187789916992,16.561830520629883,17.617937088012695,83.3541030883789
2020-10-21,316.1033935546875,274.35260009765625,20.587724685668945,16.479957580566406,17.789064407348633,83.3541030883789
2020-10-22,317.83734130859375,274.3429870605469,20.574989318847656,16.576719284057617,17.78620147705078,83.3541030883789
2020-10-23,318.9164123535156,274.88348388671875,20.626771926879883,16.569276809692383,17.85279083251953,83.35824584960938
2020-10-26,313.02288818359375,270.7613830566406,20.445941925048828,16.35341453552246,17.714597702026367,83.35824584960938
2020-10-27,311.9437255859375,272.87554931640625,20.426416397094727,16.271543502807617,17.70600700378418,83.35824584960938
2020-10-28,301.28192138671875,262.2370300292969,20.069847106933594,15.9142484664917,17.650867462158203,83.35824584960938
2020-10-29,304.3440246582031,266.8226623535156,20.16578483581543,15.981239318847656,17.6773624420166,83.35824584960938
2020-10-30,301.1712646484375,260.0552062988281,20.037578582763672,15.921696662902832,17.60791015625,83.35824584960938
2020-11-02,304.5468444824219,260.6344909667969,20.243886947631836,16.137556076049805,17.61077117919922,83.36241912841797
2020-11-03,309.92388916015625,265.1428527832031,20.239639282226562,16.360858917236328,17.649438858032227,83.3582534790039
2020-11-04,316.8504333496094,276.9784851074219,20.562252044677734,16.360858917236328,17.60003089904785,83.3582534790039
2020-11-05,323.0299072265625,284.19952392578125,20.948537826538086,16.606494903564453,17.874984741210938,83.3582534790039
2020-11-06,322.9561462402344,284.4118957519531,20.99013900756836,16.576719284057617,18.021774291992188,83.3582534790039
2020-11-09,327.0142517089844,278.60028076171875,20.896753311157227,16.956340789794922,17.72247314453125,83.36241912841797
2020-11-10,326.53472900390625,273.6093444824219,20.79656982421875,17.179649353027344,17.658029556274414,83.3582534790039
2020-11-11,328.9604187011719,279.72991943359375,20.88062286376953,17.18709373474121,17.647287368774414,83.3582534790039
2020-11-12,325.7691955566406,278.4168701171875,20.797422409057617,17.001005172729492,17.653732299804688,83.3582534790039
2020-11-13,330.27935791015625,280.8592834472656,20.976552963256836,17.179649353027344,17.841333389282227,83.3582534790039
2020-11-16,334.4020080566406,283.05078125,21.107297897338867,17.455062866210938,17.8477783203125,83.3582534790039
2020-11-17,332.603515625,282.1528625488281,21.13871192932129,17.477386474609375,17.907922744750977,83.3582534790039
2020-11-18,328.6007080078125,280.067626953125,21.056360244750977,17.358295440673828,17.893606185913086,83.36241912841797
2020-11-19,329.984130859375,282.2591552734375,21.00371742248535,17.373180389404297,17.886444091796875,83.3582534790039
2020-11-20,327.7245178222656,280.3282775878906,21.037681579589844,17.425283432006836,17.890026092529297,83.3582534790039
2020-11-23,329.6889953613281,280.33807373046875,21.140411376953125,17.56671142578125,17.79837417602539,83.36241912841797
2020-11-24,335.00152587890625,284.2767028808594,21.17351722717285,17.89422607421875,17.900047302246094,83.36241912841797
2020-11-25,334.4849853515625,286.02410888671875,21.220211029052734,17.87933921813965,17.854223251342773,83.3541259765625
2020-11-27,335.4165954589844,288.6595764160156,21.322935104370117,17.85700798034668,17.98024559020996,83.36241912841797
2020-11-30,333.9316711425781,289.2484436035156,21.249927520751953,17.618816375732422,17.73607635498047,83.36241912841797
2020-12-01,337.583984375,292.9555358886719,21.351806640625,17.819791793823242,17.951602935791016,83.35826110839844
2020-12-02,338.2942199707031,293.3320617675781,21.41207504272461,17.916555404663086,17.91508674621582,83.35826110839844
2020-12-03,338.2019348144531,293.7471923828125,21.487638473510742,17.96866226196289,18.03394889831543,83.36241912841797
2020-12-04,341.1164855957031,294.9442443847656,21.727901458740234,18.199413299560547,18.054712295532227,83.36241912841797
2020-12-07,340.4154968261719,296.6143798828125,21.73384666442871,18.162195205688477,18.01747703552246,83.35826110839844
2020-12-08,341.41162109375,297.618408203125,21.86034393310547,18.229183197021484,18.006019592285156,83.35826110839844
2020-12-09,338.3494873046875,290.87994384765625,21.69563865661621,18.19196891784668,17.961627960205078,83.35826110839844
2020-12-10,338.2388916015625,292.0480651855469,21.740636825561523,18.348278045654297,18.142786026000977,83.36241912841797
2020-12-11,337.84228515625,291.4012451171875,21.69394302368164,18.281291961669922,18.03609275817871,83.36241912841797
2020-12-14,336.3297119140625,293.51556396484375,21.627717971801758,18.199413299560547,18.027502059936523,83.36241912841797
2020-12-15,340.8766174316406,296.6530456542969,21.8781681060791,18.41526985168457,18.229421615600586,83.36241912841797
2020-12-16,341.41162109375,298.28448486328125,22.04032325744629,18.497150421142578,18.32895278930664,83.37077331542969
2020-12-17,343.32073974609375,300.2345886230469,22.203323364257812,18.593914031982422,18.456403732299805,83.36742401123047
2020-12-18,341.9499206542969,299.32708740234375,22.060697555541992,18.497150421142578,18.407712936401367,83.36742401123047
2020-12-21,340.7272644042969,298.7672119140625,22.002119064331055,18.311063766479492,18.1993465423584,83.36742401123047
2020-12-22,340.1530456542969,299.5795593261719,21.925710678100586,18.206851959228516,18.0346622467041,83.36742401123047
2020-12-23,340.4587097167969,298.07086181640625,21.973251342773438,18.3780574798584,18.20794105529785,83.36326599121094
2020-12-24,341.7831726074219,299.3861389160156,22.131492614746094,18.400381088256836,18.139204025268555,83.36326599121094
2020-12-28,344.7193908691406,302.40350341796875,22.205902099609375,18.407825469970703,18.1943359375,83.36326599121094
2020-12-29,344.061767578125,302.67425537109375,22.16997718811035,18.423625946044922,18.337970733642578,83.36326599121094
2020-12-30,344.5526428222656,302.68408203125,22.222152709960938,18.513898849487305,18.53501319885254,83.36742401123047
2020-12-31,346.3031921386719,303.4286804199219,22.16569709777832,18.551517486572266,18.448400497436523,83.36742401123047
2021-01-04,341.5887145996094,299.144287109375,22.281171798706055,18.551517486572266,18.47654914855957,83.36742401123047
2021-01-05,343.9413757324219,301.61053466796875,22.446243286132812,18.882526397705078,18.944255828857422,83.36742401123047
2021-01-06,345.99749755859375,297.4325256347656,22.79436683654785,19.10068702697754,18.820112228393555,83.36326599121094
2021-01-07,351.1382141113281,304.6279602050781,23.05096435546875,19.198490142822266,18.75298500061035,83.36742401123047
2021-01-08,353.1389465332031,308.5447692871094,23.021028518676758,19.17591667175293,18.949308395385742,83.36742401123047
2021-01-11,350.7585144042969,304.0863342285156,22.82686424255371,19.04802703857422,18.679363250732422,83.36742401123047
2021-01-12,350.8326110839844,303.6028747558594,22.938913345336914,19.28123664855957,18.842487335205078,83.36742401123047
2021-01-13,351.7773742675781,305.6531066894531,23.038129806518555,19.21353530883789,18.77174949645996,83.36326599121094
2021-01-14,350.5455017089844,304.01873779296875,23.215187072753906,19.409128189086914,18.903114318847656,83.36326599121094
2021-01-15,347.9890441894531,301.61053466796875,22.865354537963867,19.10820770263672,18.560274124145508,83.36742401123047
2021-01-19,350.7214050292969,306.010986328125,23.012470245361328,19.198490142822266,18.789796829223633,83.36326599121094
2021-01-20,355.57501220703125,313.1290588378906,23.231435775756836,19.30381202697754,19.045303344726562,83.36742401123047
2021-01-21,355.89910888671875,315.6339416503906,23.179264068603516,19.190963745117188,19.092939376831055,83.36742401123047
2021-01-22,354.6394958496094,314.7248840332031,23.188671112060547,19.04802703857422,18.919713973999023,83.36742401123047
2021-01-25,356.0380554199219,317.3264465332031,23.061222076416016,19.02545928955078,18.958690643310547,83.37158203125
2021-01-26,355.4823913574219,317.79058837890625,23.162151336669922,18.987844467163086,18.859806060791016,83.37158203125
2021-01-27,346.794189453125,308.9317321777344,22.68060874938965,18.6718807220459,18.59275245666504,83.37158203125
2021-01-28,349.7767333984375,310.75970458984375,22.8730525970459,18.837385177612305,18.701017379760742,83.37158203125
2021-01-29,342.77435302734375,304.2217102050781,22.59764289855957,18.6116943359375,18.42674446105957,83.37158203125
2021-02-01,348.4800109863281,311.8234558105469,22.87989616394043,18.875001907348633,18.641836166381836,83.37156677246094
2021-02-02,353.4075622558594,316.9106140136719,23.021879196166992,18.950231552124023,18.761648178100586,83.36744689941406
2021-02-03,353.6854248046875,315.6533508300781,23.040700912475586,19.04050064086914,18.916826248168945,83.36744689941406
2021-02-04,357.7052917480469,319.38629150390625,23.150178909301758,19.070600509643555,18.891565322875977,83.36744689941406
2021-02-05,359.1131286621094,320.4695739746094,23.378549575805664,19.2586727142334,19.09726905822754,83.37156677246094
2021-02-08,361.70672607421875,322.61663818359375,23.642845153808594,19.47683334350586,19.195430755615234,83.37156677246094
2021-02-09,361.4659729003906,322.5489807128906,23.701866149902344,19.48435401916504,19.326793670654297,83.36744689941406
2021-02-10,361.3083190917969,321.8139953613281,23.709562301635742,19.49940299987793,19.328235626220703,83.37156677246094
2021-02-11,361.891845703125,323.5837097167969,23.75061798095703,19.49188232421875,19.401132583618164,83.37156677246094
2021-02-12,363.6795654296875,325.39239501953125,23.75403594970703,19.612247467041016,19.606840133666992,83.37156677246094
2021-02-16,363.3647155761719,324.51226806640625,24.05425453186035,19.792795181274414,19.74036407470703,83.37156677246094
2021-02-17,363.4481201171875,322.9551086425781,24.033727645874023,19.78527069091797,19.660247802734375,83.36744689941406
2021-02-18,361.9011535644531,321.5430908203125,23.860950469970703,19.634817123413086,19.53105354309082,83.37156677246094
2021-02-19,361.2620849609375,320.1407775878906,23.884904861450195,19.73261833190918,19.646533966064453,83.37156677246094
2021-02-22,358.4833068847656,311.8428649902344,24.240718841552734,20.02601432800293,19.74036407470703,83.37156677246094
2021-02-23,358.918701171875,310.91436767578125,24.20393943786621,20.116283416748047,19.807491302490234,83.37156677246094
2021-02-24,362.87371826171875,313.47723388671875,24.51184844970703,20.39463233947754,19.915029525756836,83.37577056884766
2021-02-25,354.13006591796875,302.54864501953125,24.060239791870117,20.0485782623291,19.863065719604492,83.36744689941406
2021-02-26,352.3053283691406,303.81561279296875,23.820755004882812,19.74013900756836,19.2452335357666,83.37156677246094
2021-03-01,360.84521484375,312.9549865722656,24.145776748657227,19.883071899414062,19.490631103515625,83.38408660888672
2021-03-02,358.0295104980469,307.9356384277344,24.182554244995117,19.94325828552246,19.3939151763916,83.38408660888672
2021-03-03,353.2872009277344,298.9992370605469,24.125247955322266,19.965824127197266,19.527441024780273,83.36744689941406
2021-03-04,348.9153137207031,294.1055908203125,23.712121963500977,19.883071899414062,19.5924015045166,83.37577056884766
2021-03-05,355.33416748046875,298.5350036621094,24.137226104736328,20.206554412841797,19.783672332763672,83.37577056884766
2021-03-08,353.5649108886719,290.0822448730469,24.18853759765625,20.206554412841797,19.562089920043945,83.37577056884766
2021-03-09,358.6130065917969,301.5233459472656,24.407503128051758,20.25921630859375,19.62921142578125,83.37156677246094
2021-03-10,360.84521484375,300.66265869140625,24.636730194091797,20.439769744873047,19.69561767578125,83.37577056884766
2021-03-11,364.5040283203125,307.5874328613281,24.939516067504883,20.657934188842773,20.030519485473633,83.37156677246094
2021-03-12,364.994873046875,305.0921630859375,25.077226638793945,20.650409698486328,20.132286071777344,83.37156677246094
2021-03-15,367.1714782714844,308.3514099121094,25.13452911376953,20.642887115478516,20.0882568359375,83.37577056884766
2021-03-16,366.7083740234375,310.04388427734375,24.962608337402344,20.514997482299805,20.078153610229492,83.37992858886719
2021-03-17,367.958740234375,311.320556640625,25.06524658203125,20.560134887695312,20.231889724731445,83.37992858886719
2021-03-18,362.6051025390625,301.7845458984375,24.69489097595215,20.0485782623291,19.835641860961914,83.37577056884766
2021-03-19,361.9342041015625,302.84844970703125,24.819766998291016,20.153898239135742,19.95112419128418,83.37992858886719
2021-03-22,364.8241882324219,308.5278015136719,24.740222930908203,20.10123634338379,19.876779556274414,83.37660217285156
2021-03-23,361.95281982421875,307.1817932128906,24.019187927246094,19.752439498901367,19.450937271118164,83.38240814208984
2021-03-24,360.1128234863281,302.0010986328125,23.896018981933594,19.933242797851562,19.416288375854492,83.37992858886719
2021-03-25,362.1387023925781,301.47821044921875,24.106426239013672,19.87297821044922,19.469703674316406,83.37577056884766
2021-03-26,367.97454833984375,306.0005187988281,24.424779891967773,20.249645233154297,19.774290084838867,83.37992858886719
2021-03-29,367.7886657714844,305.9132995605469,24.292991638183594,20.159244537353516,19.827699661254883,83.37156677246094
2021-03-30,366.81292724609375,304.37353515625,24.3528995513916,20.046247482299805,19.68406867980957,83.37992858886719
2021-03-31,368.2996520996094,309.03131103515625,24.429058074951172,20.076377868652344,19.8067684173584,83.37156677246094
2021-04-01,372.2769775390625,314.29925537109375,24.759389877319336,20.264711380004883,19.83419418334961,83.3807601928711
2021-04-05,377.6203308105469,320.57421875,24.91856575012207,20.324974060058594,20.01463508605957,83.37660217285156
2021-04-06,377.3973388671875,320.35150146484375,24.853525161743164,20.27977752685547,19.95689582824707,83.38494110107422
2021-04-07,377.8341064453125,321.1262512207031,24.712322235107422,20.287307739257812,19.935964584350586,83.37660217285156
2021-04-08,379.6275939941406,324.4766540527344,24.91599464416504,20.340044021606445,19.950403213500977,83.38494110107422
2021-04-09,382.38751220703125,326.4424133300781,25.005849838256836,20.309907913208008,20.000926971435547,83.37660217285156
2021-04-12,382.5269470214844,326.0163879394531,24.963064193725586,20.219511032104492,19.995147705078125,83.37660217285156
2021-04-13,383.6606140136719,329.822021484375,24.93225860595703,20.347576141357422,20.00741958618164,83.3807601928711
2021-04-14,382.350341796875,325.86138916015625,24.971628189086914,20.626306533813477,20.10630226135254,83.3807601928711
2021-04-15,386.45770263671875,330.800048828125,25.204397201538086,20.746849060058594,20.086091995239258,83.3807601928711
2021-04-16,387.74945068359375,331.1874084472656,25.375551223754883,20.807109832763672,20.195079803466797,83.38494110107422
2021-04-19,385.8444519042969,328.1564025878906,25.36528205871582,20.807109832763672,20.47368049621582,83.38494110107422
2021-04-20,383.01947021484375,325.7645263671875,24.939956665039062,20.6187801361084,19.972774505615234,83.3807601928711
2021-04-21,386.64361572265625,328.553466796875,25.199260711669922,20.731781005859375,20.06083106994629,83.37660217285156
2021-04-22,383.11236572265625,324.59295654296875,24.988740921020508,20.663976669311523,19.958337783813477,83.38494110107422
2021-04-23,387.2662048339844,328.67938232421875,25.4140567779541,20.822179794311523,20.225393295288086,83.38494110107422
2021-04-26,388.07470703125,330.8194580078125,25.590349197387695,20.950246810913086,20.179922103881836,83.37660217285156
2021-04-27,387.9910888671875,329.38616943359375,25.639986038208008,20.972848892211914,20.310562133789062,83.37660217285156
2021-04-28,387.87957763671875,328.2725524902344,25.697322845458984,21.10091209411621,20.31561279296875,83.3807601928711
2021-04-29,390.3514099121094,329.4539794921875,25.76407241821289,21.168710708618164,20.43470573425293,83.38494110107422
2021-04-30,387.78668212890625,327.2945556640625,25.408931732177734,20.95778465270996,20.25137710571289,83.38494110107422
2021-05-03,388.6230163574219,325.5515441894531,25.694759368896484,21.213912963867188,20.34160041809082,83.3882827758789
2021-05-04,386.2254333496094,319.6930847167969,25.591201782226562,21.296781539916992,20.18497657775879,83.37992858886719
2021-05-05,386.3463134765625,318.61822509765625,25.75636863708496,21.477581024169922,20.411609649658203,83.38409423828125
2021-05-06,389.431396484375,321.0196838378906,25.91725730895996,21.643314361572266,20.33221435546875,83.38409423828125
2021-05-07,392.2657470703125,323.6245422363281,26.31519889831543,21.914514541625977,20.613704681396484,83.38160705566406
2021-05-10,388.3813781738281,315.45159912109375,26.147459030151367,21.854248046875,20.59205436706543,83.3882827758789
2021-05-11,384.9151611328125,315.0158386230469,25.955760955810547,21.80904769897461,20.408720016479492,83.37992858886719
2021-05-12,376.7375183105469,306.8622741699219,25.326772689819336,21.583049774169922,20.11568832397461,83.38409423828125
2021-05-13,381.2631530761719,309.2347412109375,25.55098533630371,21.470048904418945,20.1301212310791,83.37992858886719
2021-05-14,387.11749267578125,316.0616760253906,25.948923110961914,21.718650817871094,20.62092399597168,83.38409423828125
2021-05-17,386.1324768066406,314.1442565917969,25.99855613708496,21.906982421875,20.649795532226562,83.37992858886719
2021-05-18,382.8056640625,312.02362060546875,25.94721031188965,21.831645965576172,20.628141403198242,83.38409423828125
2021-05-19,381.8020935058594,312.3819274902344,25.587783813476562,21.44744873046875,20.312728881835938,83.37992858886719
2021-05-20,385.90948486328125,318.4244384765625,25.645977020263672,21.44744873046875,20.404394149780273,83.37992858886719
2021-05-21,385.59356689453125,316.6620178222656,25.691329956054688,21.500181198120117,20.45924949645996,83.37992858886719
2021-05-24,389.52435302734375,321.988037109375,25.885595321655273,21.673446655273438,20.662067413330078,83.38661193847656
2021-05-25,388.66015625,322.4334411621094,25.711017608642578,21.515249252319336,20.683717727661133,83.3882827758789
2021-05-26,389.431396484375,323.5567626953125,25.913837432861328,21.567981719970703,20.685880661010742,83.38409423828125
2021-05-27,389.6358947753906,322.34625244140625,26.16714859008789,21.696046829223633,20.84467124938965,83.37992858886719
2021-05-28,390.3328552246094,323.363037109375,26.175701141357422,21.726184844970703,20.836732864379883,83.3882827758789
2021-06-01,389.9890441894531,322.2880859375,26.490631103515625,22.04258155822754,20.625255584716797,83.3857650756836
2021-06-02,390.60235595703125,322.9176940917969,26.492345809936523,22.148054122924805,20.79775619506836,83.3857650756836
2021-06-03,389.15264892578125,319.5574035644531,26.31947135925293,22.012447357177734,20.710424423217773,83.38160705566406
2021-06-04,392.7117919921875,324.980224609375,26.447845458984375,22.170650482177734,20.830236434936523,83.38160705566406
2021-06-07,392.3308410644531,325.9486083984375,26.524003982543945,22.17818260192871,20.779712677001953,83.38326263427734
2021-06-08,392.4144592285156,326.10345458984375,26.72254180908203,22.261051177978516,20.819408416748047,83.38995361328125
2021-06-09,391.8289489746094,326.18096923828125,26.441856384277344,22.2233829498291,20.982528686523438,83.3857650756836
2021-06-10,393.6503601074219,329.5799255371094,26.44698143005371,22.253515243530273,20.911794662475586,83.3857650756836
2021-06-11,394.30084228515625,330.4417419433594,26.540266036987305,22.268579483032227,20.86488151550293,83.3857650756836
2021-06-14,395.18365478515625,333.6082763671875,26.31519889831543,22.2233829498291,20.859107971191406,83.3857650756836
2021-06-15,394.4588317871094,331.4294128417969,26.267274856567383,22.193248748779297,21.015729904174805,83.3857650756836
2021-06-16,392.2564392089844,330.21905517578125,26.11494255065918,21.99738121032715,20.73207664489746,83.3857650756836
2021-06-17,392.12646484375,334.4119873046875,25.645122528076172,21.567981719970703,20.44986343383789,83.38326263427734
2021-06-18,386.8364562988281,331.7877197265625,25.229211807250977,21.281713485717773,20.28458023071289,83.37742614746094
2021-06-21,392.37432861328125,333.8498840332031,25.683629989624023,21.635780334472656,20.50543785095215,83.37742614746094
2021-06-22,394.47210693359375,336.96185302734375,25.753799438476562,21.716999053955078,20.588443756103516,83.38995361328125
2021-06-23,393.99658203125,337.1266784667969,25.77605438232422,21.716999053955078,20.548744201660156,83.38160705566406
2021-06-24,396.3273620605469,339.21112060546875,25.971174240112305,21.83844757080078,20.725576400756836,83.38160705566406
2021-06-25,397.7351379394531,338.7942199707031,26.138084411621094,21.84604263305664,20.69310188293457,83.38995361328125
2021-06-28,398.5369567871094,342.9144287109375,25.902341842651367,21.648683547973633,20.553075790405273,83.38160705566406
2021-06-29,398.75140380859375,344.1553649902344,25.89803695678711,21.618322372436523,20.563901901245117,83.3857650756836
2021-06-30,399.0870056152344,343.6124267578125,25.90148162841797,21.679052352905273,20.56534767150879,83.3857650756836
2021-07-01,401.2966003417969,343.7481994628906,25.991819381713867,21.78531837463379,20.718364715576172,83.38410186767578
2021-07-02,404.3639221191406,347.6940002441406,26.103673934936523,21.899181365966797,20.877151489257812,83.38410186767578
2021-07-06,403.62744140625,349.1966857910156,25.605514526367188,21.66386604309082,20.646909713745117,83.38742065429688
2021-07-07,405.0538024902344,349.9334411621094,25.5822811126709,21.618322372436523,20.591331481933594,83.38325500488281
2021-07-08,401.75347900390625,347.8199768066406,25.3138484954834,21.51964569091797,20.426767349243164,83.38325500488281
2021-07-09,406.0421142578125,349.9916687011719,25.84383773803711,21.823270797729492,20.610097885131836,83.38325500488281
2021-07-12,407.4964904785156,351.3586730957031,25.880828857421875,21.823270797729492,20.75084114074707,83.38325500488281
2021-07-13,406.10736083984375,351.3586730957031,25.587451934814453,21.762544631958008,20.64402198791504,83.38742065429688
2021-07-14,406.71337890625,351.9887390136719,25.46785545349121,21.66386604309082,20.670724868774414,83.38325500488281
2021-07-15,405.3242492675781,349.5166320800781,25.332773208618164,21.572776794433594,20.551633834838867,83.38325500488281
2021-07-16,402.1450500488281,346.6856994628906,25.071224212646484,21.42855453491211,20.512659072875977,83.38742065429688
2021-07-19,396.20623779296875,343.8450622558594,24.391530990600586,20.828889846801758,19.95689582824707,83.38742065429688
2021-07-20,401.884033203125,347.83941650390625,24.94388771057129,21.041427612304688,20.13300895690918,83.38325500488281
2021-07-21,405.1377258300781,350.52490234375,25.28201675415039,21.405780792236328,20.49461555480957,83.39161682128906
2021-07-22,405.98614501953125,352.8418884277344,25.05401611328125,21.43614387512207,20.584836959838867,83.38742065429688
2021-07-23,410.1629638671875,356.96221923828125,25.275131225585938,21.512054443359375,20.69671058654785,83.39161682128906
2021-07-26,411.1697692871094,357.2433776855469,25.362030029296875,21.724592208862305,20.714754104614258,83.38410186767578
2021-07-27,409.2958984375,353.3072204589844,25.238998413085938,21.6866397857666,20.58123016357422,83.38742065429688
2021-07-28,409.1280822753906,354.66448974609375,25.346546173095703,21.81568145751953,20.682270050048828,83.39161682128906
2021-07-29,410.8248291015625,355.2947082519531,25.441177368164062,22.035812377929688,20.703927993774414,83.39075469970703
2021-07-30,408.82977294921875,353.4429931640625,25.27771759033203,21.86881446838379,20.717639923095703,83.38742065429688
2021-08-02,407.9720153808594,353.4720153808594,25.492807388305664,21.747360229492188,20.685880661010742,83.38076782226562
2021-08-03,411.2910461425781,355.6145935058594,25.660573959350586,21.884000778198242,20.67866325378418,83.38909149169922
2021-08-04,409.26788330078125,356.12841796875,25.32073402404785,21.618322372436523,20.444814682006836,83.39327239990234
2021-08-05,411.8597106933594,358.38739013671875,25.50141143798828,21.739774703979492,20.50615882873535,83.38909149169922
2021-08-06,412.5403137207031,356.81671142578125,25.51861572265625,21.709409713745117,20.32355499267578,83.38909149169922
2021-08-09,412.2047119140625,357.4759521484375,25.38956069946289,21.557598114013672,20.036293029785156,83.38494110107422
2021-08-10,412.7174377441406,355.6437072753906,25.647668838500977,21.777727127075195,20.17775535583496,83.38494110107422
2021-08-11,413.74310302734375,355.0329284667969,25.894594192504883,21.95231056213379,20.177034378051758,83.38494110107422
2021-08-12,414.98297119140625,356.3126525878906,25.828344345092773,21.899181365966797,20.24488067626953,83.38076782226562
2021-08-13,415.73828125,357.56329345703125,25.707897186279297,21.891586303710938,20.268701553344727,83.38909149169922
2021-08-16,416.7171325683594,357.7184143066406,25.558195114135742,21.78531837463379,20.408720016479492,83.39327239990234
2021-08-17,413.9853820800781,354.56756591796875,25.17102813720703,21.550006866455078,20.136615753173828,83.37659454345703
2021-08-18,409.454345703125,351.1550598144531,24.985185623168945,21.352645874023438,19.86090087890625,83.38909149169922
2021-08-19,410.08831787109375,352.8516540527344,24.572208404541016,21.071788787841797,19.974937438964844,83.38494110107422
2021-08-20,413.35150146484375,356.5065002441406,24.391530990600586,21.011066436767578,20.078874588012695,83.39327239990234
2021-08-23,416.9874572753906,361.83868408203125,25.045413970947266,21.352645874023438,20.28746795654297,83.38494110107422
2021-08-24,417.6494140625,362.9439392089844,25.456666946411133,21.580366134643555,20.238386154174805,83.38909149169922
2021-08-25,418.52581787109375,363.3607177734375,25.647668838500977,21.66386604309082,20.293962478637695,83.38494110107422
2021-08-26,416.0552062988281,361.053466796875,25.362890243530273,21.512054443359375,20.213125228881836,83.38909149169922
2021-08-27,419.775146484375,364.5628967285156,25.774145126342773,21.83086395263672,20.33221435546875,83.38909149169922
2021-08-30,421.62109375,368.65411376953125,25.78791046142578,21.808094024658203,20.361085891723633,83.38909149169922
2021-08-31,420.99639892578125,368.353515625,25.78447151184082,21.770137786865234,20.169818878173828,83.38909149169922
2021-09-01,421.22021484375,368.96435546875,25.80597686767578,21.747360229492188,20.65412139892578,83.39160919189453
2021-09-02,422.5162048339844,368.7898254394531,25.97547149658203,22.005449295043945,20.347370147705078,83.38910675048828
2021-09-03,422.41357421875,369.92413330078125,25.944499969482422,22.01303482055664,20.4188289642334,83.39160919189453
2021-09-07,420.9032287597656,370.4476623535156,25.783611297607422,21.81568145751953,20.441204071044922,83.39574432373047
2021-09-08,420.3904113769531,369.15826416015625,25.634765625,21.84604263305664,20.375518798828125,83.39160919189453
2021-09-09,418.59112548828125,367.8883056640625,25.64853286743164,21.754953384399414,20.44336700439453,83.38494110107422
2021-09-10,415.2906188964844,365.0960998535156,25.614118576049805,21.754953384399414,20.139501571655273,83.39574432373047
2021-09-13,416.3534851074219,364.8439636230469,25.824909210205078,21.876407623291016,20.29107666015625,83.39160919189453
2021-09-14,414.1065979003906,363.8067626953125,25.563352584838867,21.79290771484375,20.27158546447754,83.38743591308594
2021-09-15,417.5655517578125,366.511474609375,25.905784606933594,22.035812377929688,20.39501190185547,83.39574432373047
2021-09-16,416.9035949707031,366.7636413574219,25.75521469116211,21.86881446838379,20.47368049621582,83.39574432373047
2021-09-17,412.84246826171875,362.4203186035156,25.514312744140625,21.587961196899414,20.18208885192871,83.39160919189453
2021-09-20,405.95867919921875,354.93157958984375,24.980884552001953,21.253971099853516,20.03412628173828,83.38910675048828
2021-09-21,405.5751647949219,355.3682556152344,25.042835235595703,21.33700180053711,20.003812789916992,83.39160919189453
2021-09-22,409.5315246582031,358.68768310546875,25.393003463745117,21.55791473388672,20.176313400268555,83.39160919189453
2021-09-23,414.50738525390625,361.9971618652344,25.74489402770996,21.816909790039062,20.202299118041992,83.38827514648438
2021-09-24,415.1901550292969,362.3369140625,25.704988479614258,21.82452964782715,20.204465866088867,83.39160919189453
2021-09-27,414.0022888183594,359.4447021484375,25.986934661865234,22.030200958251953,20.105581283569336,83.39160919189453
2021-09-28,405.6593322753906,349.2732238769531,25.67896270751953,21.847381591796875,19.90997886657715,83.38743591308594
2021-09-29,406.3421630859375,348.70062255859375,25.660743713378906,21.82452964782715,20.065162658691406,83.39574432373047
2021-09-30,401.3756408691406,347.4194641113281,25.381397247314453,21.755970001220703,20.142391204833984,83.39160919189453
2021-10-01,406.14569091796875,349.5741271972656,25.70151710510254,22.05306053161621,20.08681297302246,83.3857650756836
2021-10-04,400.9081115722656,342.2366943359375,25.72233772277832,22.228260040283203,19.95978355407715,83.3907699584961
2021-10-05,405.0794677734375,346.8565673828125,25.94963264465332,22.357765197753906,20.080318450927734,83.39410400390625
2021-10-06,406.7629699707031,349.07916259765625,25.763980865478516,22.18256187438965,20.0723819732666,83.3857650756836
2021-10-07,410.2797546386719,352.281982421875,26.03898811340332,22.58629035949707,20.053613662719727,83.3857650756836
2021-10-08,409.5315246582031,350.5252990722656,26.111862182617188,22.426321029663086,20.187862396240234,83.39494323730469
2021-10-11,406.566650390625,347.8367919921875,26.150896072387695,22.494882583618164,20.256431579589844,83.38995361328125
2021-10-12,405.5658264160156,346.62353515625,26.17953109741211,22.51773452758789,20.167652130126953,83.38995361328125
2021-10-13,407.0248718261719,349.39947509765625,26.259342193603516,22.68532371520996,20.223947525024414,83.38995361328125
2021-10-14,413.8712463378906,355.8341979980469,26.638450622558594,22.921466827392578,20.388513565063477,83.38995361328125
2021-10-15,417.0232238769531,358.0762023925781,26.774658203125,23.020498275756836,20.55596351623535,83.38995361328125
2021-10-18,418.2579345703125,361.67694091796875,26.7833309173584,22.944324493408203,20.426044464111328,83.39740753173828
2021-10-19,421.4847412109375,364.4138488769531,26.781597137451172,23.03573226928711,20.583391189575195,83.38995361328125
2021-10-20,423.1401672363281,363.9383850097656,26.971582412719727,23.195707321166992,20.654844284057617,83.38995361328125
2021-10-21,424.2438659667969,366.160888671875,26.693971633911133,22.944324493408203,20.72991180419922,83.39827728271484
2021-10-22,423.80419921875,363.08416748046875,26.724342346191406,23.01287841796875,20.70103645324707,83.39494323730469
2021-10-25,426.0770263671875,366.8013916015625,26.997617721557617,23.12714385986328,20.779712677001953,83.38160705566406
2021-10-26,426.4604797363281,367.9563903808594,26.86054039001465,23.157617568969727,20.789819717407227,83.38995361328125
2021-10-27,424.5711669921875,368.810546875,26.372987747192383,22.883378982543945,20.672170639038086,83.38407897949219
2021-10-28,428.6678161621094,372.9062194824219,26.596817016601562,22.997644424438477,20.664226531982422,83.3857650756836
2021-10-29,429.5376281738281,374.74053955078125,26.448463439941406,22.822439193725586,20.9818058013916,83.38995361328125
2021-11-01,430.2765808105469,376.021728515625,26.837987899780273,22.982410430908203,21.014284133911133,83.3924331665039
2021-11-02,432.0162048339844,377.5939636230469,26.763376235961914,22.883378982543945,20.937780380249023,83.40076446533203
2021-11-03,434.6537170410156,381.60247802734375,26.958572387695312,22.8148193359375,20.783323287963867,83.40076446533203
2021-11-04,436.7020568847656,386.4940185546875,26.764245986938477,22.738645553588867,20.613704681396484,83.3924331665039
2021-11-05,438.2173156738281,386.8628234863281,26.9455623626709,22.959556579589844,20.913240432739258,83.3924331665039
2021-11-08,438.5914001464844,386.3387451171875,27.126869201660156,23.066205978393555,20.867769241333008,83.3965835571289
2021-11-09,437.1416931152344,383.6793212890625,27.09303855895996,23.111909866333008,21.017894744873047,83.3924331665039
2021-11-10,433.6249694824219,378.04046630859375,26.802417755126953,22.830059051513672,20.95654296875,83.40076446533203
2021-11-11,433.7652587890625,379.08868408203125,26.988937377929688,22.97479248046875,20.95293617248535,83.3924331665039
2021-11-12,437.0387878417969,383.0776672363281,26.94122314453125,22.97479248046875,20.989025115966797,83.3924331665039
2021-11-15,437.18841552734375,382.990234375,27.03404998779297,23.005264282226562,21.068418502807617,83.3924331665039
2021-11-16,438.9186706542969,385.71759033203125,27.021902084350586,22.89861488342285,21.173070907592773,83.38407897949219
2021-11-17,437.85247802734375,385.92132568359375,26.641921997070312,22.776735305786133,20.87643051147461,83.3924331665039
2021-11-18,439.339599609375,389.9200744628906,26.687036514282227,22.776735305786133,21.003459930419922,83.3924331665039
2021-11-19,438.553955078125,392.0940856933594,26.28623390197754,22.472026824951172,20.707534790039062,83.3924331665039
2021-11-22,437.3193664550781,387.542236328125,26.516998291015625,22.502498626708984,20.892309188842773,83.3924331665039
2021-11-23,437.8992614746094,385.77581787109375,26.732147216796875,22.769113540649414,21.12255096435547,83.39739990234375
2021-11-24,439.0683898925781,387.0181579589844,26.680959701538086,22.79196548461914,21.064809799194336,83.40076446533203
2021-11-26,429.27581787109375,379.68060302734375,25.652931213378906,22.06829071044922,20.195079803466797,83.3924331665039
2021-11-29,434.54150390625,387.9207458496094,25.726675033569336,22.113994598388672,20.126514434814453,83.3965835571289
2021-11-30,426.0864562988281,382.22357177734375,25.193143844604492,21.710268020629883,20.48378562927246,83.3924331665039
2021-12-01,421.353759765625,375.7208557128906,24.86348533630371,21.55029296875,19.86667251586914,83.39076232910156
2021-12-02,427.8074035644531,378.4287109375,25.317201614379883,21.87023162841797,19.8652286529541,83.39076232910156
2021-12-03,424.0848388671875,371.8483581542969,25.125478744506836,21.816909790039062,19.960506439208984,83.39494323730469
2021-12-06,429.1073913574219,374.82794189453125,25.384000778198242,22.09876251220703,19.974937438964844,83.39494323730469
2021-12-07,437.9834289550781,386.1154479980469,25.8576717376709,22.380619049072266,20.27447509765625,83.39324951171875
2021-12-08,439.1431579589844,387.843017578125,25.870685577392578,22.46441078186035,20.335824966430664,83.39076232910156
2021-12-09,436.1782531738281,382.1361999511719,25.75009536743164,22.281583786010742,20.238386154174805,83.39494323730469
2021-12-10,440.2842102050781,386.2901916503906,25.67896270751953,22.373001098632812,20.241994857788086,83.39908599853516
2021-12-13,436.3840026855469,380.70953369140625,25.49764633178711,22.205408096313477,20.245601654052734,83.39908599853516
2021-12-14,433.3817138671875,376.76904296875,25.31460189819336,22.09114646911621,20.28169059753418,83.39494323730469
2021-12-15,440.1533203125,385.3583984375,25.49591636657715,22.213024139404297,20.38995933532715,83.39494323730469
2021-12-16,436.2718505859375,375.4490051269531,25.507192611694336,22.334911346435547,20.397174835205078,83.40325927734375
2021-12-17,431.628662109375,373.575927734375,25.27556037902832,22.121618270874023,20.269420623779297,83.39910888671875
2021-12-20,427.03900146484375,369.9521179199219,24.92160415649414,21.908323287963867,20.211681365966797,83.39493560791016
2021-12-21,434.622802734375,378.2318115234375,25.579198837280273,22.342527389526367,20.343042373657227,83.39828491210938
2021-12-22,438.9683837890625,382.8381042480469,25.960908889770508,22.54820442199707,20.17053985595703,83.39910888671875
2021-12-23,441.6996765136719,385.72430419921875,25.819286346435547,22.624378204345703,20.32644271850586,83.40660095214844
2021-12-27,447.9507141113281,392.09930419921875,26.417634963989258,22.86052894592285,20.513381958007812,83.39910888671875
2021-12-28,447.5846252441406,390.2820129394531,26.34859275817871,22.849557876586914,20.823017120361328,83.39910888671875
2021-12-29,448.1572265625,390.2237548828125,26.40701675415039,22.832670211791992,20.38995933532715,83.39493560791016
2021-12-30,446.91815185546875,389.0575256347656,26.366302490234375,22.84111213684082,20.602842330932617,83.39493560791016
2021-12-31,445.79193115234375,386.6280822753906,26.405248641967773,22.790468215942383,20.568559646606445,83.40325927734375
2022-01-03,448.37310791015625,390.3500061035156,26.57164764404297,22.933963775634766,20.75433349609375,83.39910888671875
2022-01-04,448.2228698730469,385.28692626953125,26.926593780517578,23.136547088623047,20.596464157104492,83.3916015625
2022-01-05,439.615966796875,373.4505920410156,26.5858097076416,23.026813507080078,20.555004119873047,83.39493560791016
2022-01-06,439.20306396484375,373.1882019042969,26.83719253540039,23.07746124267578,20.64270782470703,83.39910888671875
2022-01-07,437.4666748046875,369.14544677734375,26.895606994628906,23.204072952270508,20.770280838012695,83.40325927734375
2022-01-10,436.9223327636719,369.3884582519531,26.704423904418945,23.128108978271484,20.460119247436523,83.39910888671875
2022-01-11,440.90185546875,374.93743896484375,27.155834197998047,23.457300186157227,20.456933975219727,83.39910888671875
2022-01-12,442.0937805175781,376.4242858886719,27.2133731842041,23.66832733154297,20.360456466674805,83.39828491210938
2022-01-13,436.00244140625,367.007568359375,27.137248992919922,23.57547378540039,20.21135711669922,83.39493560791016
2022-01-14,436.1807556152344,369.2912902832031,27.31427764892578,23.693645477294922,20.49440574645996,83.40325927734375
2022-01-18,428.45623779296875,360.09814453125,27.063785552978516,23.592355728149414,20.81014633178711,83.40491485595703
2022-01-19,424.00732421875,356.1429443359375,26.934555053710938,23.659883499145508,20.75433349609375,83.40325927734375
2022-01-20,419.31439208984375,351.51715087890625,26.60794448852539,23.474184036254883,20.81014633178711,83.39910888671875
2022-01-21,411.08294677734375,341.7700500488281,26.21316909790039,23.263158798217773,20.53905487060547,83.39910888671875
2022-01-24,412.82867431640625,343.3346252441406,26.45658302307129,23.153427124023438,20.444175720214844,83.39077758789062
2022-01-25,407.7885437011719,335.37567138671875,26.580503463745117,23.263158798217773,20.650684356689453,83.4007797241211
2022-01-26,406.765380859375,334.8509216308594,26.39462661743164,23.161869049072266,20.778255462646484,83.40325927734375
2022-01-27,404.7567443847656,331.4787902832031,26.29460906982422,23.161869049072266,20.770280838012695,83.39910888671875
2022-01-28,414.80908203125,341.87701416015625,26.520313262939453,23.296920776367188,20.929744720458984,83.40660095214844
2022-01-31,422.28033447265625,352.80963134765625,26.738056182861328,23.482622146606445,20.650684356689453,83.40325927734375
2022-02-01,425.133544921875,355.2099914550781,27.019527435302734,23.66832733154297,20.658655166625977,83.40657806396484
2022-02-02,429.2634582519531,358.0962219238281,27.15495491027832,23.837139129638672,20.684967041015625,83.4007797241211
2022-02-03,419.173583984375,343.5776672363281,26.98766326904297,23.659883499145508,20.70649528503418,83.4007797241211
2022-02-04,421.1446533203125,347.911865234375,27.11157989501953,23.803375244140625,20.937715530395508,83.39994812011719
2022-02-07,419.7930908203125,345.11309814453125,27.141674041748047,23.87090492248535,20.698522567749023,83.40491485595703
2022-02-08,423.2470703125,348.99053955078125,27.270904541015625,23.887788772583008,20.62676239013672,83.40323638916016
2022-02-09,429.4417724609375,356.3858947753906,27.571853637695312,24.124135971069336,20.80217170715332,83.40491485595703
2022-02-10,421.72650146484375,348.3199462890625,27.337289810180664,24.014402389526367,20.85000991821289,83.4007797241211
2022-02-11,413.4106140136719,337.270751953125,27.465635299682617,24.166337966918945,21.30448341369629,83.39244842529297
2022-02-14,412.0590515136719,337.6885986328125,27.258506774902344,24.03128433227539,21.360300064086914,83.4007797241211
2022-02-15,418.7042541503906,346.0848083496094,27.436424255371094,24.022842407226562,21.033397674560547,83.4007797241211
2022-02-16,419.173583984375,345.9973449707031,27.427576065063477,24.14945411682129,21.009477615356445,83.40911865234375
2022-02-17,410.219482421875,335.7060546875,27.310733795166016,24.124135971069336,20.794200897216797,83.40911865234375
2022-02-18,407.563232421875,331.877197265625,27.303653717041016,24.081926345825195,20.81014633178711,83.40911865234375
2022-02-22,403.18939208984375,328.5439758300781,27.164690017700195,24.014402389526367,20.961639404296875,83.40158081054688
2022-02-23,396.0374450683594,320.1282958984375,26.94074821472168,23.955312728881836,21.08921241760254,83.40911865234375
2022-02-24,401.99737548828125,330.885986328125,26.952255249023438,23.963760375976562,21.400165557861328,83.4007797241211
2022-02-25,410.8670654296875,336.0170593261719,27.44439125061035,24.301393508911133,21.36827278137207,83.40911865234375
2022-02-28,409.8157958984375,337.01800537109375,27.43199920654297,24.411117553710938,21.292530059814453,83.40911865234375
2022-03-01,403.5741882324219,331.8577880859375,27.51873779296875,24.51241683959961,21.735042572021484,83.4157485961914
2022-03-02,410.9984436035156,337.4261474609375,28.205604553222656,25.11172103881836,21.927993774414062,83.40743255615234
2022-03-03,408.95233154296875,332.6061096191406,28.328643798828125,25.162364959716797,21.87856101989746,83.41160583496094
2022-03-04,405.6297607421875,327.7859802246094,28.6419734954834,25.55065155029297,21.750986099243164,83.4157485961914
2022-03-07,393.6721496582031,315.6968688964844,28.602142333984375,25.533763885498047,22.413562774658203,83.4157485961914
2022-03-08,390.6874694824219,314.2294921875,28.89954948425293,25.66037940979004,22.66791343688965,83.4157485961914
2022-03-09,401.162109375,325.5411071777344,28.19144058227539,25.204572677612305,22.173572540283203,83.40743255615234
2022-03-10,399.3505859375,321.926025390625,28.395023345947266,25.32274627685547,22.352968215942383,83.4157485961914
2022-03-11,394.2728271484375,315.2497863769531,28.293235778808594,25.288982391357422,22.484529495239258,83.4157485961914
2022-03-14,391.3913269042969,309.195556640625,28.094078063964844,24.824729919433594,22.38087272644043,83.4157485961914
2022-03-15,399.99822998046875,318.8940124511719,27.60548210144043,24.61370277404785,22.14965057373047,83.40743255615234
2022-03-16,408.86785888671875,330.72076416015625,28.20914649963379,24.723440170288086,21.86261558532715,83.4157485961914
2022-03-17,413.983154296875,334.7244873046875,28.3419132232666,25.305858612060547,22.032440185546875,83.4157485961914
2022-03-18,418.51751708984375,341.5757141113281,28.47026252746582,25.474679946899414,22.03802490234375,83.4157485961914
2022-03-21,418.39501953125,340.6260986328125,28.8641414642334,25.871400833129883,22.7061824798584,83.4157485961914
2022-03-22,423.2909240722656,347.3203125,28.7933292388916,25.8519344329834,23.21806526184082,83.41993713378906
2022-03-23,417.83953857421875,342.3287658691406,28.988061904907227,26.131277084350586,23.441314697265625,83.42414093017578
2022-03-24,424.1382141113281,349.9377136230469,29.023468017578125,26.241321563720703,23.162250518798828,83.42414093017578
2022-03-25,426.2095947265625,349.645751953125,29.2801570892334,26.50373649597168,23.43892478942871,83.4157485961914
2022-03-28,429.2412414550781,355.0556335449219,28.674331665039062,26.046630859375,23.302581787109375,83.4157485961914
2022-03-29,434.5513000488281,361.1659851074219,28.814624786376953,26.080482482910156,23.171024322509766,83.42414093017578
2022-03-30,431.8680114746094,357.17681884765625,28.950441360473633,26.35982894897461,23.058597564697266,83.43244171142578
2022-03-31,425.220947265625,352.7495422363281,28.798540115356445,26.097415924072266,22.79787254333496,83.43244171142578
2022-04-01,426.4261169433594,352.0782165527344,28.883426666259766,26.309040069580078,23.002784729003906,83.43077087402344
2022-04-04,430.07916259765625,359.3270568847656,28.977245330810547,26.436016082763672,23.271484375,83.43077087402344
2022-04-05,424.6466369628906,351.3484802246094,28.610898971557617,26.182065963745117,23.53699493408203,83.42579650878906
2022-04-06,420.400390625,343.7201843261719,28.526010513305664,26.165138244628906,23.51307487487793,83.42659759521484
2022-04-07,422.51885986328125,344.53753662109375,28.652894973754883,26.249786376953125,23.609548568725586,83.43077087402344
2022-04-08,421.3890686035156,339.7212219238281,28.87717056274414,26.495269775390625,23.80010986328125,83.43077087402344
2022-04-11,414.1865539550781,331.6842956542969,28.977245330810547,26.249786376953125,23.951602935791016,83.43077087402344
2022-04-12,412.6518859863281,330.283203125,29.23636817932129,26.53759765625,24.085554122924805,83.43077087402344
2022-04-13,417.3782958984375,336.996826171875,29.830570220947266,26.850797653198242,24.27850341796875,83.43494415283203
2022-04-14,412.1810607910156,329.29071044921875,29.620590209960938,26.99469566345215,24.477834701538086,83.43745422363281
2022-04-18,412.3506164550781,329.5436706542969,29.78142547607422,27.0793514251709,24.73297882080078,83.43911743164062
2022-04-19,419.0069885253906,336.9092102050781,29.540170669555664,26.943910598754883,24.98174476623535,83.43911743164062
2022-04-20,418.6964111328125,331.9956359863281,29.942256927490234,27.053953170776367,24.55756950378418,83.43911743164062
2022-04-21,412.435302734375,325.12628173828125,29.42401885986328,26.622243881225586,24.892444610595703,83.43911743164062
2022-04-22,401.1184387207031,316.612548828125,28.968313217163086,26.02123260498047,24.828659057617188,83.43911743164062
2022-04-25,403.44390869140625,320.6797180175781,28.190940856933594,25.66570472717285,24.54959487915039,83.44329071044922
2022-04-26,391.7598876953125,308.5755920410156,28.173067092895508,25.597984313964844,24.565542221069336,83.44747924804688
2022-04-27,392.8614807128906,308.2059020996094,28.22667694091797,25.826539993286133,24.796764373779297,83.44747924804688
2022-04-28,402.7848815917969,319.152099609375,28.530481338500977,26.114347457885742,25.287118911743164,83.45581817626953
2022-04-29,387.8997802734375,304.7906799316406,27.958621978759766,25.66570472717285,25.211376190185547,83.45581817626953
2022-05-02,390.23468017578125,309.8793640136719,27.81565284729004,25.631847381591797,25.761526107788086,83.4516372680664
2022-05-03,392.0235290527344,310.2103271484375,28.1373233795166,25.809606552124023,25.299076080322266,83.4516372680664
2022-05-04,403.96173095703125,320.6991271972656,28.807479858398438,26.385223388671875,25.024799346923828,83.4516372680664
2022-05-05,389.6037902832031,304.5474548339844,28.307098388671875,25.93657875061035,25.45056915283203,83.4599838256836
2022-05-06,387.27838134765625,300.898681640625,28.369644165039062,25.945045471191406,25.825313568115234,83.4599838256836
2022-05-09,374.87872314453125,289.12542724609375,27.73970603942871,24.827674865722656,25.49043846130371,83.4599838256836
2022-05-10,375.7449035644531,292.637939453125,27.127635955810547,24.77688217163086,25.259212493896484,83.4599838256836
2022-05-11,369.7757568359375,283.9588317871094,27.458240509033203,25.00543975830078,25.40034294128418,83.4599838256836
2022-05-12,369.3896789550781,283.2875061035156,27.252729415893555,24.8700008392334,25.289512634277344,83.4599838256836
2022-05-13,378.22113037109375,293.7861022949219,27.66375160217285,25.38636016845703,25.61800765991211,83.4599838256836
2022-05-16,376.6864318847656,290.38055419921875,27.905006408691406,25.64031219482422,25.77747344970703,83.4599838256836
2022-05-17,384.43505859375,297.9018859863281,28.15877342224121,25.91965103149414,25.43462371826172,83.46833038330078
2022-05-18,368.93780517578125,283.2777404785156,27.63247299194336,25.42022132873535,25.43462371826172,83.46833038330078
2022-05-19,366.6781921386719,281.7598876953125,27.938961029052734,25.538732528686523,25.211376190185547,83.47665405273438
2022-05-20,366.83831787109375,280.8841857910156,27.962194442749023,25.66570472717285,25.1715087890625,83.46833038330078
2022-05-23,373.7019348144531,285.55462646484375,28.25348663330078,26.029695510864258,25.067853927612305,83.48081970214844
2022-05-24,370.8490905761719,279.4831237792969,28.316036224365234,26.097415924072266,24.844606399536133,83.48497772216797
2022-05-25,374.1255798339844,283.3945617675781,28.44738006591797,26.26671600341797,24.90839195251465,83.48497772216797
2022-05-26,381.6010437011719,291.24658203125,28.557287216186523,26.427549362182617,24.932310104370117,83.49335479736328
2022-05-27,390.96905517578125,300.7527770996094,28.78960418701172,26.75768280029297,24.820682525634766,83.49335479736328
2022-05-31,388.77532958984375,299.95489501953125,28.582305908203125,26.562990188598633,24.964202880859375,83.49335479736328
2022-06-01,385.6307678222656,297.73651123046875,28.718122482299805,26.59684944152832,25.394760131835938,83.49419403076172
2022-06-02,392.9745178222656,305.8902282714844,29.11128044128418,26.918514251708984,25.307048797607422,83.50251770019531
2022-06-03,386.525146484375,297.93109130859375,29.00404930114746,26.910051345825195,25.625980377197266,83.50251770019531
2022-06-06,387.7019958496094,298.9235534667969,29.18276023864746,26.969303131103516,25.817340850830078,83.49419403076172
2022-06-07,391.4208984375,301.5019226074219,29.54910659790039,27.21478843688965,25.737607955932617,83.49419403076172
2022-06-08,387.16534423828125,299.3321838378906,29.39720916748047,27.062421798706055,26.072484970092773,83.49419403076172
2022-06-09,377.9574890136719,291.31463623046875,29.147016525268555,26.622243881225586,26.168163299560547,83.50251770019531
2022-06-10,366.99835205078125,281.0398254394531,28.753862380981445,26.207460403442383,26.223974227905273,83.50251770019531
2022-06-13,353.0640563964844,267.9725341796875,28.110517501831055,25.411760330200195,26.574804306030273,83.49419403076172
2022-06-14,352.00018310546875,268.4590148925781,28.092649459838867,25.174739837646484,26.558853149414062,83.49419403076172
2022-06-15,357.01837158203125,275.1629943847656,28.074779510498047,25.318639755249023,26.08045196533203,83.489990234375
2022-06-16,345.2024841308594,264.0611572265625,27.565465927124023,24.861541748046875,26.01667022705078,83.51085662841797
2022-06-17,345.9466552734375,267.2720031738281,27.17230987548828,24.370567321777344,26.03261947631836,83.51920318603516
2022-06-21,354.6553955078125,274.01513671875,27.208051681518555,24.663761138916016,26.287765502929688,83.53588104248047
2022-06-22,354.0123291015625,273.61541748046875,26.805965423583984,24.320850372314453,25.849227905273438,83.52754211425781
2022-06-23,357.4826965332031,277.6903991699219,26.368131637573242,23.935073852539062,25.57016944885254,83.53588104248047
2022-06-24,368.8484802246094,287.2049865722656,26.513586044311523,24.397998809814453,25.51435661315918,83.51920318603516
2022-06-27,367.4395446777344,285.0993347167969,26.77396583557129,24.552310943603516,25.68977165222168,83.53588104248047
2022-06-28,359.9316711425781,276.4132995605469,26.917617797851562,24.655181884765625,25.920989990234375,83.53588104248047
2022-06-29,359.6385192871094,276.666748046875,26.675195693969727,24.355134963989258,26.040592193603516,83.54424285888672
2022-06-30,356.7167663574219,273.2352600097656,26.4776668548584,23.977937698364258,25.833284378051758,83.56094360351562
2022-07-01,360.48956298828125,275.03875732421875,26.53782844543457,24.089384078979492,25.64192771911621,83.55177307128906
2022-07-05,361.17041015625,279.74737548828125,25.714496612548828,23.292116165161133,25.578144073486328,83.56011199951172
2022-07-06,362.3902282714844,281.5411071777344,25.65164566040039,23.086374282836914,25.602060317993164,83.56011199951172
2022-07-07,367.81768798828125,287.5658264160156,26.038623809814453,23.600736618041992,25.681793212890625,83.56844329833984
2022-07-08,367.5152282714844,287.9264831542969,25.983854293823242,23.643600463867188,25.761526107788086,83.56844329833984
2022-07-11,363.31689453125,281.7750244140625,26.145465850830078,23.48072052001953,25.936939239501953,83.56844329833984
2022-07-12,360.1018371582031,279.04547119140625,25.840194702148438,23.069229125976562,25.6738224029541,83.56011199951172
2022-07-13,358.21075439453125,278.47027587890625,25.92997932434082,23.112091064453125,25.825313568115234,83.55177307128906
2022-07-14,357.3408203125,279.4646301269531,25.849172592163086,22.846338272094727,26.01667022705078,83.57679748535156
2022-07-15,364.1678466796875,284.533935546875,25.894071578979492,23.103517532348633,25.817340850830078,83.56844329833984
2022-07-18,361.1609802246094,282.12603759765625,26.12750816345215,23.36927604675293,25.984779357910156,83.57679748535156
2022-07-19,370.919189453125,290.8023681640625,26.172399520874023,23.72075843811035,25.761526107788086,83.58515167236328
2022-07-20,373.28314208984375,295.4134826660156,26.208314895629883,23.660747528076172,25.881120681762695,83.58515167236328
2022-07-21,377.08441162109375,299.654052734375,25.94793701171875,23.56644630432129,25.506383895874023,83.59349060058594
2022-07-22,373.585693359375,294.3995666503906,26.06465721130371,23.429283142089844,25.251237869262695,83.61022186279297
2022-07-25,374.0396728515625,292.72271728515625,26.25320816040039,23.815061569213867,25.370840072631836,83.61022186279297
2022-07-26,369.6143798828125,286.9710693359375,26.38788414001465,23.780763626098633,25.602060317993164,83.60186004638672
2022-07-27,379.2118835449219,299.09844970703125,26.473180770874023,24.132246017456055,25.33097267150879,83.61856842041016
2022-07-28,383.9681091308594,302.02301025390625,26.38788414001465,24.363710403442383,25.051908493041992,83.61856842041016
2022-07-29,389.56585693359375,307.5309753417969,26.558473587036133,24.698049545288086,24.90839195251465,83.60186004638672
2022-08-01,388.4122619628906,307.3457946777344,26.30079460144043,24.432292938232422,24.613380432128906,83.64034271240234
2022-08-02,385.84979248046875,306.42938232421875,26.29810333251953,24.235118865966797,24.90839195251465,83.64451599121094
2022-08-03,391.8919982910156,314.77423095703125,26.17689323425293,24.166536331176758,25.051908493041992,83.65706634521484
2022-08-04,391.6272277832031,316.24627685546875,26.046703338623047,24.037948608398438,24.669191360473633,83.66542053222656
2022-08-05,390.9653625488281,313.6628723144531,25.97576904296875,24.089384078979492,24.95623016357422,83.66542053222656
2022-08-08,390.511474609375,312.64910888671875,26.146360397338867,24.27798080444336,25.09177589416504,83.66542053222656
2022-08-09,388.9607238769531,309.1102294921875,26.190359115600586,24.449438095092773,25.09177589416504,83.68214416503906
2022-08-10,397.1304626464844,317.73785400390625,26.163421630859375,24.766630172729492,24.693113327026367,83.67378234863281
2022-08-11,397.1304626464844,315.9344177246094,26.4776668548584,25.02381134033203,24.860553741455078,83.69049072265625
2022-08-12,403.8534851074219,322.08575439453125,26.3789119720459,25.160972595214844,24.73297882080078,83.69886779785156
2022-08-15,405.5176086425781,324.688720703125,26.271162033081055,24.903789520263672,24.83662986755371,83.69886779785156
2022-08-16,406.3119201660156,323.92828369140625,26.28912353515625,24.963804244995117,24.860553741455078,83.70722961425781
2022-08-17,403.4279479980469,320.2334899902344,26.13648796081543,24.878074645996094,24.932310104370117,83.71559143066406
2022-08-18,404.60052490234375,321.003662109375,26.468690872192383,25.0580997467041,25.1475887298584,83.72394561767578
2022-08-19,399.1634216308594,314.74493408203125,26.52256202697754,24.895217895507812,25.37881088256836,83.72394561767578
2022-08-22,390.85186767578125,306.4585876464844,26.44175910949707,24.809492111206055,25.43462371826172,83.75740814208984
2022-08-23,389.9063415527344,306.2052001953125,26.800893783569336,25.16954803466797,25.458541870117188,83.7322998046875
2022-08-24,391.1545104980469,307.09234619140625,26.75600242614746,25.263851165771484,25.43462371826172,83.74903106689453
2022-08-25,396.6766662597656,312.5223388671875,26.827831268310547,25.3581485748291,25.219348907470703,83.76992797851562
2022-08-26,383.2494812011719,299.712646484375,26.782941818237305,25.118112564086914,25.338945388793945,83.76992797851562
2022-08-29,380.7153625488281,296.7587585449219,26.926599502563477,25.21240997314453,25.45056915283203,83.77411651611328
2022-08-30,376.53594970703125,293.4539794921875,26.47946548461914,24.672327041625977,25.56219482421875,83.77411651611328
2022-08-31,373.67083740234375,291.7479553222656,26.257694244384766,24.380857467651367,25.58611488342285,83.78246307373047
2022-09-01,374.8433532714844,291.87457275390625,26.006296157836914,24.037948608398438,25.99275016784668,83.80593872070312
2022-09-02,370.8908386230469,287.7510681152344,26.082612991333008,24.123674392700195,25.96883201599121,83.80593872070312
2022-09-06,369.4914245605469,285.6842956542969,25.92997932434082,24.020803451538086,26.303709030151367,83.8143081665039
2022-09-07,376.1293029785156,291.45550537109375,25.723474502563477,24.020803451538086,26.12032127380371,83.8310546875
2022-09-08,378.58782958984375,292.9665222167969,25.750411987304688,24.097957611083984,26.223974227905273,83.84782409667969
2022-09-09,384.4692687988281,299.37139892578125,26.023357391357422,24.612321853637695,26.136266708374023,83.83943939208984
2022-09-12,388.6014404296875,302.92962646484375,25.921003341674805,24.835208892822266,25.889101028442383,83.83943939208984
2022-09-13,371.7041320800781,286.3179626464844,25.9389591217041,24.33799171447754,26.287765502929688,83.86456298828125
2022-09-14,373.1224365234375,288.5894470214844,25.9389591217041,24.397998809814453,26.25586700439453,83.85618591308594
2022-09-15,368.8862609863281,283.7832946777344,25.777345657348633,23.977937698364258,26.319652557373047,83.88130950927734
2022-09-16,366.072021484375,282.04803466796875,25.840194702148438,23.789335250854492,26.23992156982422,83.88130950927734
2022-09-19,368.9109802246094,284.24444580078125,25.6965389251709,23.969362258911133,26.303709030151367,83.88967895507812
2022-09-20,364.6763610839844,281.97869873046875,25.621118545532227,23.73706817626953,26.487092971801758,83.90641021728516
2022-09-21,358.31500244140625,276.9295654296875,25.669601440429688,23.453157424926758,26.630611419677734,83.914794921875
2022-09-22,355.3052673339844,273.5212097167969,25.704620361328125,23.401533126831055,26.686426162719727,83.92316436767578
2022-09-23,349.3521423339844,269.0678405761719,25.286027908325195,22.541181564331055,26.98143196105957,83.93994903564453
2022-09-26,345.8961181640625,267.9544677734375,25.133323669433594,22.05938720703125,27.364147186279297,83.93994903564453
2022-09-27,345.0130920410156,268.0618591308594,25.23662567138672,22.162628173828125,27.555505752563477,83.94830322265625
2022-09-28,351.8017272949219,273.3942565917969,25.348905563354492,22.782079696655273,26.96548843383789,83.94830322265625
2022-09-29,344.4530029296875,265.512939453125,25.44771385192871,22.48955726623535,26.99737548828125,83.97344207763672
2022-09-30,339.12652587890625,261.01068115234375,25.44771385192871,22.30888557434082,27.06116485595703,83.98180389404297
2022-10-03,348.0798034667969,267.1341857910156,25.628265380859375,22.979963302612305,26.742233276367188,83.9876937866211
2022-10-04,358.8657531738281,275.53302001953125,25.896846771240234,23.547792434692383,26.247888565063477,83.9960708618164
2022-10-05,358.0301513671875,275.3865661621094,25.968706130981445,23.496170043945312,26.50303840637207,83.9960708618164
2022-10-06,354.3368225097656,273.2183837890625,25.80702018737793,23.410137176513672,26.806015014648438,84.021240234375
2022-10-07,344.4530029296875,262.8076477050781,25.982179641723633,23.212255477905273,27.0850887298584,84.02963256835938
2022-10-10,341.82293701171875,260.1805725097656,26.031585693359375,23.117616653442383,27.300363540649414,84.02963256835938
2022-10-11,339.65814208984375,256.60614013671875,25.992063522338867,22.902530670166016,27.364147186279297,84.03797912597656
2022-10-12,338.53790283203125,256.518310546875,25.923795700073242,22.82509994506836,27.300363540649414,84.021240234375
2022-10-13,347.47222900390625,262.53424072265625,26.013622283935547,23.298288345336914,27.276443481445312,84.04638671875
2022-10-14,339.55377197265625,254.64312744140625,25.99565887451172,22.72185707092285,27.555505752563477,84.06318664550781
2022-10-17,348.2792663574219,263.0518493652344,25.896846771240234,23.1090145111084,27.212656021118164,84.05477905273438
2022-10-18,352.3714294433594,265.13201904296875,25.914810180664062,23.134824752807617,27.108999252319336,84.07159423828125
2022-10-19,349.8742980957031,264.1651306152344,25.84295082092285,23.1090145111084,27.587398529052734,84.07159423828125
2022-10-20,346.9405517578125,262.81744384765625,25.82498550415039,23.100414276123047,27.7388916015625,84.08834838867188
2022-10-21,355.3716735839844,268.97998046875,25.77109146118164,23.478961944580078,27.451854705810547,84.1051254272461
2022-10-24,359.7201843261719,271.9390563964844,25.877086639404297,23.410137176513672,27.603343963623047,84.1135025024414
2022-10-25,365.4644470214844,277.5643615722656,25.87888526916504,23.668241500854492,27.26049041748047,84.1051254272461
2022-10-26,362.7109680175781,271.4312438964844,25.95074462890625,23.943552017211914,26.885757446289062,84.1051254272461
2022-10-27,360.7741394042969,266.48956298828125,25.97319984436035,23.969362258911133,26.957515716552734,84.14704895019531
2022-10-28,369.3571472167969,274.6443176269531,25.896846771240234,23.943552017211914,27.124950408935547,84.14704895019531
2022-10-31,366.68914794921875,271.45074462890625,26.013622283935547,23.917741775512695,27.324281692504883,84.14704895019531
2022-11-01,365.0846252441406,268.6771545410156,25.99565887451172,24.158645629882812,27.156841278076172,84.15630340576172
2022-11-02,355.92236328125,259.4676208496094,26.004636764526367,23.823102951049805,27.396038055419922,84.17314147949219
2022-11-03,352.25750732421875,254.39894104003906,26.02529525756836,23.80590057373047,27.563478469848633,84.20677185058594
2022-11-04,357.3275451660156,258.4910888671875,26.18428611755371,24.494176864624023,27.24454689025879,84.2151870727539
2022-11-07,360.7456359863281,261.3330078125,26.229206085205078,24.468368530273438,27.276443481445312,84.22358703613281
2022-11-08,362.6919860839844,263.2373962402344,26.121414184570312,24.563007354736328,26.86980438232422,84.23201751708984
2022-11-09,355.21978759765625,257.162841796875,25.95074462890625,24.012380599975586,26.96548843383789,84.25724029541016
2022-11-10,374.7406005859375,276.13848876953125,25.97768783569336,24.692062377929688,25.91301727294922,84.26561737060547
2022-11-11,378.3675231933594,281.2266845703125,26.072010040283203,25.070615768432617,25.522327423095703,84.27404022216797
2022-11-14,375.14886474609375,278.7655944824219,25.95074462890625,24.829715728759766,25.61800765991211,84.27404022216797
2022-11-15,378.3485107421875,282.6232604980469,26.10344886779785,25.036197662353516,25.36286163330078,84.27404022216797
2022-11-16,375.462158203125,278.7655944824219,26.004636764526367,24.898542404174805,25.179481506347656,84.26561737060547
2022-11-17,374.3133239746094,278.150390625,25.941755294799805,24.6490421295166,25.370840072631836,84.30767822265625
2022-11-18,376.01287841796875,278.16015625,25.809715270996094,24.674850463867188,25.498411178588867,84.30767822265625
2022-11-21,374.6456604003906,275.298583984375,25.744140625,24.545799255371094,25.633953094482422,84.3244857788086
2022-11-22,379.6872253417969,279.26373291015625,25.968706130981445,24.958768844604492,25.46651840209961,84.3497314453125
2022-11-23,382.07989501953125,282.0666809082031,25.95972442626953,24.941560745239258,25.1715087890625,84.36656951904297
2022-11-25,381.9944152832031,280.21099853515625,25.968706130981445,24.93295669555664,25.1475887298584,84.37492370605469
2022-11-28,375.8989562988281,276.0994873046875,25.804325103759766,24.5974178314209,25.243267059326172,84.39175415039062
2022-11-29,375.2532653808594,274.00958251953125,25.914810180664062,24.829715728759766,25.299076080322266,84.39175415039062
2022-11-30,387.0740051269531,286.5003967285156,26.049549102783203,25.302906036376953,24.90839195251465,84.40019989013672
2022-12-01,386.78924560546875,286.85198974609375,26.058534622192383,25.268491744995117,24.645275115966797,84.4364242553711
2022-12-02,386.3428955078125,285.7093811035156,26.013622283935547,25.148042678833008,24.565542221069336,84.44486999511719
2022-12-05,379.39288330078125,280.9141845703125,25.75761604309082,24.717864990234375,24.812711715698242,84.47018432617188
2022-12-06,373.92401123046875,275.093505859375,25.672279357910156,24.588815689086914,24.796764373779297,84.48700714111328
2022-12-07,373.2878723144531,273.97039794921875,25.55101776123047,24.537195205688477,24.58946418762207,84.47862243652344
2022-12-08,376.21221923828125,277.21282958984375,25.490833282470703,24.5974178314209,24.565542221069336,84.5207748413086
2022-12-09,373.4018249511719,275.4451599121094,25.411788940429688,24.399538040161133,24.748924255371094,84.5207748413086
2022-12-12,378.7853088378906,278.9023742675781,25.528560638427734,24.657644271850586,24.71703338623047,84.5376205444336
2022-12-13,381.652587890625,281.90057373046875,25.618385314941406,24.93295669555664,24.5177001953125,84.54605102539062
2022-12-14,379.2125244140625,279.81060791015625,25.501611709594727,24.898542404174805,24.469860076904297,84.54605102539062
2022-12-15,369.93634033203125,270.4155578613281,25.393823623657227,24.511383056640625,24.461891174316406,84.5773696899414
2022-12-16,365.56878662109375,267.83721923828125,25.21416473388672,24.193056106567383,24.637300491333008,84.5858154296875
2022-12-19,362.4689025878906,264.07318115234375,25.312976837158203,24.098417282104492,24.62932777404785,84.5858154296875
2022-12-20,362.9649658203125,263.86761474609375,25.44771385192871,24.25104522705078,24.788789749145508,84.60272216796875
2022-12-21,368.3922119140625,267.6953430175781,25.748632431030273,24.572368621826172,24.68514060974121,84.60272216796875
2022-12-22,363.1365661621094,261.1461181640625,25.420766830444336,24.367076873779297,24.85257911682129,84.65347290039062
2022-12-23,365.2254638671875,261.7334899902344,25.723419189453125,24.679479598999023,24.828659057617188,84.65347290039062
2022-12-27,363.7851867675781,258.0329895019531,25.716169357299805,24.75088119506836,24.8685245513916,84.67887878417969
2022-12-28,359.26416015625,254.62625122070312,25.399019241333008,24.474184036254883,25.080753326416016,84.68730926513672
2022-12-29,365.73101806640625,260.83282470703125,25.68898582458496,24.599145889282227,24.94327735900879,84.72119140625
2022-12-30,364.767578125,260.67620849609375,25.66179847717285,24.581298828125,25.012012481689453,84.72119140625
2023-01-03,363.23199462890625,258.9140930175781,25.507755279541016,24.233192443847656,24.95186996459961,84.73812866210938
2023-01-04,366.0362243652344,260.1475524902344,25.471513748168945,24.304597854614258,24.762842178344727,84.72964477539062
2023-01-05,361.8585205078125,256.07513427734375,25.399019241333008,24.295673370361328,24.805801391601562,84.76345825195312
2023-01-06,370.15667724609375,263.1432189941406,25.822187423706055,24.786584854125977,24.487890243530273,84.7804183959961
2023-01-09,369.9468688964844,264.8465881347656,25.87021255493164,24.92939567565918,24.462108612060547,84.7804183959961
2023-01-10,372.54119873046875,267.08837890625,25.833969116210938,25.018657684326172,24.57381248474121,84.7804183959961
2023-01-11,377.2530517578125,271.7090148925781,25.96082878112793,25.18824005126953,24.419151306152344,84.7804183959961
2023-01-12,378.6265563964844,273.17742919921875,26.241727828979492,25.464937210083008,24.367599487304688,84.83963775634766
2023-01-13,380.0954284667969,275.05706787109375,26.305158615112305,25.554195404052734,24.40196418762207,84.84806060791016
2023-01-17,379.3991394042969,275.61517333984375,26.33234214782715,25.616676330566406,24.470701217651367,84.83963775634766
2023-01-18,373.4091491699219,272.0321044921875,26.02425765991211,25.393531799316406,24.307453155517578,84.8649673461914
2023-01-19,370.6908264160156,269.3595886230469,26.123929977416992,25.464937210083008,24.470701217651367,84.88194274902344
2023-01-20,377.596435546875,276.7310485839844,26.33234214782715,25.714855194091797,24.453519821166992,84.89884948730469
2023-01-23,382.1270446777344,282.87890625,26.468257904052734,25.77733039855957,24.453519821166992,84.89884948730469
2023-01-24,381.7169189453125,282.3013000488281,26.540754318237305,25.759483337402344,24.444927215576172,84.9242172241211
2023-01-25,381.8600158691406,281.6748352050781,26.57699966430664,25.73270606994629,24.427743911743164,84.93269348144531
2023-01-26,386.0567932128906,287.1667785644531,26.631364822387695,25.973695755004883,24.470701217651367,84.95804595947266
2023-01-27,386.94390869140625,290.02532958984375,26.49544906616211,25.768409729003906,24.419151306152344,84.96652221679688
2023-01-30,382.0889587402344,284.161376953125,26.223609924316406,25.464937210083008,24.419151306152344,84.99191284179688
2023-01-31,387.7068786621094,288.41986083984375,26.51447296142578,25.723779678344727,24.204341888427734,84.99191284179688
2023-02-01,391.8273620605469,294.5872802734375,26.57699966430664,25.634523391723633,24.298858642578125,85.0038070678711
2023-02-02,397.5311584472656,305.1600341796875,26.259851455688477,25.500642776489258,24.16138458251953,85.04624938964844
2023-02-03,393.3057556152344,299.7364501953125,26.07862663269043,25.134689331054688,24.17856788635254,85.05476379394531
2023-02-06,390.9021301269531,297.2010192871094,25.815847396850586,24.99187660217285,24.264488220214844,85.05476379394531
2023-02-07,396.0146484375,303.35870361328125,26.123929977416992,25.259645462036133,24.427743911743164,85.07176208496094
2023-02-08,391.6842041015625,297.9646301269531,25.906461715698242,25.179309844970703,24.238712310791016,85.08027648925781
2023-02-09,388.2887878417969,295.3312072753906,25.80769157409668,25.009727478027344,24.384780883789062,85.1142349243164
2023-02-10,389.19482421875,293.3929138183594,25.888336181640625,25.259645462036133,24.290267944335938,85.12269592285156
2023-02-13,393.7635803222656,298.0919189453125,26.02425765991211,25.295351028442383,24.40196418762207,85.13968658447266
2023-02-14,393.5823669433594,300.2945556640625,26.15111541748047,25.322126388549805,24.57381248474121,85.13119506835938
2023-02-15,394.8605651855469,302.5950622558594,25.906461715698242,25.22394371032715,24.530847549438477,85.1567153930664
2023-02-16,389.4237976074219,296.9171447753906,25.97895050048828,25.09898567199707,24.59099578857422,85.1906509399414
2023-02-17,388.45086669921875,294.82220458984375,25.779600143432617,24.920473098754883,24.522254943847656,85.19912719726562
2023-02-21,380.6581726074219,287.8421936035156,25.408082962036133,24.72410774230957,24.54803466796875,85.21615600585938
2023-02-22,380.13360595703125,288.0576171875,25.480573654174805,24.527740478515625,24.462108612060547,85.2331314086914
2023-02-23,382.1556396484375,290.5735168457031,25.471513748168945,24.68840217590332,24.341821670532227,85.26710510253906
2023-02-24,378.0733642578125,285.7080993652344,25.254039764404297,24.474184036254883,24.47929573059082,85.2756118774414
2023-02-27,379.3609619140625,287.754150390625,25.426204681396484,24.61699676513672,24.608182907104492,85.28408813476562
2023-02-28,377.9589538574219,287.3821105957031,25.344655990600586,24.572368621826172,24.384780883789062,85.30107879638672
2023-03-01,376.5091247558594,285.0718078613281,25.67992401123047,24.786584854125977,24.5824031829834,85.30789184570312
2023-03-02,379.4372863769531,287.43109130859375,25.607431411743164,24.938323974609375,24.676916122436523,85.35049438476562
2023-03-03,385.52264404296875,293.3733215332031,25.933637619018555,25.259645462036133,24.530847549438477,85.35901641845703
2023-03-06,385.7896728515625,293.7061462402344,25.8792724609375,25.09898567199707,24.685508728027344,85.35049438476562
2023-03-07,379.8760681152344,290.1035461425781,25.408082962036133,24.634851455688477,24.3590030670166,85.37602233886719
2023-03-08,380.49603271484375,291.552490234375,25.412614822387695,24.6527042388916,24.427743911743164,85.38458251953125
2023-03-09,373.4759826660156,286.5010681152344,25.15436553955078,24.37600326538086,24.212940216064453,85.41011047363281
2023-03-10,368.0869140625,282.4775695800781,24.96407699584961,24.25104522705078,23.474002838134766,85.4271240234375
2023-03-13,367.5622863769531,284.5724792480469,24.828153610229492,24.152864456176758,22.760847091674805,85.45268249511719
2023-03-14,373.6380920410156,291.1119079589844,24.807315826416016,24.295673370361328,23.250606536865234,85.46971893310547
2023-03-15,371.3012390136719,292.6390380859375,24.221044540405273,23.653026580810547,22.417156219482422,85.5037841796875
2023-03-16,377.8158264160156,300.353271484375,24.538190841674805,23.822612762451172,22.692108154296875,85.52081298828125
2023-03-17,373.39813232421875,298.9337463378906,24.30078125,23.661951065063477,22.253908157348633,85.52935791015625
2023-03-20,376.9886169433594,299.9947204589844,24.56809425354004,23.90294075012207,22.52885627746582,85.53787231445312
2023-03-21,381.93865966796875,304.2793273925781,24.593463897705078,24.01225471496582,22.769437789916992,85.56340789794922
2023-03-22,375.427978515625,300.1417236328125,24.642396926879883,23.886817932128906,22.417156219482422,85.55490112304688
2023-03-23,376.4428405761719,303.70086669921875,24.643301010131836,23.833057403564453,22.30545997619629,85.58897399902344
2023-03-24,378.9130554199219,304.8185729980469,24.565378189086914,23.886817932128906,22.082059860229492,85.623046875
2023-03-27,379.62158203125,302.7301940917969,24.677587509155273,24.110811233520508,22.64055633544922,85.60600280761719
2023-03-28,378.76947021484375,301.12225341796875,24.77520179748535,24.281049728393555,22.63196563720703,85.63155364990234
2023-03-29,384.27484130859375,306.6127624511719,24.972257614135742,24.397525787353516,22.769437789916992,85.64006805419922
2023-03-30,386.5248718261719,309.5150146484375,25.138296127319336,24.57672119140625,22.786624908447266,85.6571044921875
2023-03-31,391.9727783203125,314.6625061035156,25.168399810791016,24.711118698120117,22.59759521484375,85.66561126708984
2023-04-03,393.46636962890625,313.8977355957031,25.324405670166016,25.03367042541504,22.46870994567871,85.6759033203125
2023-04-04,391.28338623046875,312.8388366699219,25.417457580566406,24.94407081604004,22.348421096801758,85.69300079345703
2023-04-05,390.2589416503906,309.7503662109375,25.283353805541992,25.02471160888672,22.210941314697266,85.72716522216797
2023-04-06,391.7813415527344,311.8387451171875,25.115488052368164,24.935110092163086,22.20235252380371,85.7528305053711
2023-04-10,392.1833801269531,311.6623229980469,25.243209838867188,25.03367042541504,22.44293785095215,85.7613525390625
2023-04-11,392.2887878417969,309.6620788574219,25.507774353027344,25.221826553344727,22.46870994567871,85.7613525390625
2023-04-12,390.68975830078125,306.9266662597656,25.52419662475586,25.275583267211914,22.57181739807129,85.7784423828125
2023-04-13,395.8791809082031,312.9368896484375,26.00042152404785,25.40102195739746,22.64055633544922,85.8297348022461
2023-04-14,394.91217041015625,312.3486022949219,25.726730346679688,25.284543991088867,22.769437789916992,85.83828735351562
2023-04-17,396.32916259765625,312.61328125,25.629112243652344,25.23078727722168,22.8983211517334,85.83828735351562
2023-04-18,396.587646484375,312.6329650878906,25.729459762573242,25.302459716796875,22.924100875854492,85.85538482666016
2023-04-19,396.52069091796875,312.4858703613281,25.681114196777344,25.132225036621094,22.88973045349121,85.88102722167969
2023-04-20,394.3568115234375,310.103271484375,25.596267700195312,24.997831344604492,22.855363845825195,85.91521453857422
2023-04-21,394.6631774902344,310.4268493652344,25.307071685791016,24.854473114013672,22.855363845825195,85.92378234863281
2023-04-24,395.07489013671875,309.77978515625,25.392822265625,25.060546875,22.88973045349121,85.93233489990234
2023-04-25,388.803466796875,303.93621826171875,25.2888240814209,24.684236526489258,22.614776611328125,85.93233489990234
2023-04-26,387.15673828125,305.7794494628906,25.142858505249023,24.522964477539062,22.657743453979492,85.93233489990234
2023-04-27,394.8642883300781,314.0938415527344,25.548830032348633,24.648401260375977,22.82529067993164,85.95795440673828
2023-04-28,398.2344970703125,316.26068115234375,25.436620712280273,24.872394561767578,22.82099723815918,85.95795440673828
2023-05-01,397.8324890136719,315.8979187011719,25.39556884765625,24.693199157714844,23.04439353942871,85.9682388305664
2023-05-02,393.361083984375,313.1427917480469,25.31437110900879,24.34377098083496,22.8725528717041,85.98540496826172
2023-05-03,390.6609802246094,311.0936279296875,25.454864501953125,24.164567947387695,22.786624908447266,85.98540496826172
2023-05-04,387.89404296875,309.9954833984375,25.401952743530273,24.155611038208008,22.717885971069336,86.02833557128906
2023-05-05,395.07489013671875,316.5842590332031,25.62820053100586,24.57672119140625,22.838180541992188,86.03691101074219
2023-05-08,395.18017578125,317.3686218261719,25.64097023010254,24.54983901977539,22.855363845825195,86.04548645019531
2023-05-09,393.4472351074219,315.358642578125,25.61086654663086,24.57672119140625,22.958463668823242,86.05406188964844
2023-05-10,395.28558349609375,318.7903137207031,25.58075714111328,24.53192138671875,22.760847091674805,86.07122039794922
2023-05-11,394.5962219238281,319.82958984375,25.343563079833984,24.1824893951416,22.70929718017578,86.12272644042969
2023-05-12,394.0791931152344,318.6824035644531,25.24777603149414,24.146650314331055,22.838180541992188,86.13987731933594
2023-05-15,395.4388122558594,320.40802001953125,25.462162017822266,24.34377098083496,22.984243392944336,86.13128662109375
2023-05-16,392.7961120605469,320.77081298828125,25.203981399536133,23.931612014770508,22.863954544067383,86.15702056884766
2023-05-17,397.5643310546875,324.6534423828125,25.284263610839844,24.12873077392578,22.941286087036133,86.16565704345703
2023-05-18,401.3941345214844,330.68341064453125,25.179351806640625,24.03017234802246,22.949874877929688,86.19135284423828
2023-05-19,400.8100891113281,329.93829345703125,25.272403717041016,24.048093795776367,23.001432418823242,86.19993591308594
2023-05-22,400.9728698730469,331.0462646484375,25.311634063720703,24.03017234802246,23.052982330322266,86.20854949951172
2023-05-23,396.4728088378906,326.8497314453125,25.017873764038086,23.976417541503906,23.001432418823242,86.22570037841797
2023-05-24,393.6004943847656,325.173095703125,24.818078994750977,23.806180953979492,22.855363845825195,86.22570037841797
2023-05-25,397.0090026855469,333.0856018066406,24.652956008911133,23.492584228515625,22.949874877929688,86.27719116210938
2023-05-26,402.1505432128906,341.5960388183594,24.849098205566406,23.66282081604004,23.04439353942871,86.30291748046875
2023-05-30,402.30364990234375,343.14520263671875,24.760608673095703,23.39402961730957,23.07876205444336,86.32009887695312
2023-05-31,400.0728454589844,341.194091796875,24.662076950073242,23.22379493713379,22.949874877929688,86.32009887695312
2023-06-01,403.8739318847656,345.1355895996094,24.955839157104492,23.528425216674805,22.915508270263672,86.38212585449219
2023-06-02,409.7144470214844,347.7240295410156,25.211278915405273,23.868894577026367,22.97565460205078,86.38212585449219
2023-06-05,408.9293212890625,347.9690856933594,25.16566276550293,23.779300689697266,22.88973045349121,86.3993911743164
2023-06-06,409.8197326660156,347.9102783203125,25.25050926208496,23.922657012939453,22.941286087036133,86.42523193359375
2023-06-07,408.4026794433594,342.00787353515625,25.151979446411133,24.110811233520508,23.01861572265625,86.43385314941406
2023-06-08,410.8728942871094,346.2532653808594,25.311634063720703,24.13768768310547,22.958463668823242,86.46832275390625
2023-06-09,411.6101379394531,347.5768737792969,25.304336547851562,24.05705451965332,23.06157684326172,86.47693634033203
2023-06-12,415.34423828125,353.4499816894531,25.434789657592773,23.904735565185547,23.199052810668945,86.49418640136719
2023-06-13,418.0826110839844,356.1658630371094,25.51689910888672,24.146650314331055,23.267791748046875,86.50279235839844
2023-06-14,418.5804443359375,358.7542724609375,25.584409713745117,24.164567947387695,23.181867599487305,86.52002716064453
2023-06-15,423.7698974609375,363.029052734375,25.853534698486328,24.433368682861328,23.259197235107422,86.56311798095703
2023-06-16,422.326416015625,360.74462890625,25.710304260253906,24.48712158203125,23.482593536376953,86.56311798095703
2023-06-20,420.1352844238281,360.228271484375,25.64097023010254,24.166473388671875,23.4052677154541,86.58899688720703
2023-06-21,417.9825744628906,355.319091796875,25.457603454589844,24.32045555114746,23.448226928710938,86.59760284423828
2023-06-22,419.4914245605469,359.5115051269531,25.40742301940918,24.08495330810547,23.628665924072266,86.6320571899414
2023-06-23,416.320068359375,355.947509765625,25.185686111450195,23.795101165771484,23.628665924072266,86.64932250976562
2023-06-26,414.619140625,351.17584228515625,25.282697677612305,23.99437141418457,23.654441833496094,86.65792846679688
2023-06-27,419.1647033691406,357.2139892578125,25.370466232299805,23.940027236938477,23.731773376464844,86.66653442382812
2023-06-28,419.37615966796875,357.9111328125,25.282697677612305,23.885679244995117,23.80051040649414,86.6924057006836
2023-06-29,421.0290222167969,357.1943664550781,25.305789947509766,23.985315322875977,23.809097290039062,86.72688293457031
2023-06-30,425.9974670410156,362.70245361328125,25.57373046875,24.121183395385742,23.74036407470703,86.72688293457031
2023-07-03,426.4876403808594,363.55657958984375,25.810245513916016,24.284225463867188,23.774730682373047,86.7675552368164
2023-07-05,425.8533630371094,363.5467529296875,25.497041702270508,24.184589385986328,23.7833251953125,86.77621459960938
2023-07-06,422.5186462402344,360.7779846191406,25.305789947509766,23.885679244995117,23.80051040649414,86.8108139038086
2023-07-07,421.451904296875,359.5802001953125,25.50905418395996,24.148361206054688,23.611480712890625,86.81947326660156
2023-07-10,422.5186462402344,359.697998046875,25.448999404907227,24.121183395385742,23.55992889404297,86.82813262939453
2023-07-11,425.20947265625,361.47515869140625,25.536773681640625,24.411033630371094,23.542739868164062,86.83677673339844
2023-07-12,428.63067626953125,366.0405578613281,26.03105926513672,24.746177673339844,23.32793426513672,86.8541030883789
2023-07-13,432.03265380859375,372.2554626464844,26.20198631286621,24.9363956451416,23.259197235107422,86.8886947631836
2023-07-14,431.7635803222656,372.177001953125,26.137310028076172,24.709943771362305,23.431041717529297,86.89739227294922
2023-07-17,433.2627868652344,375.6525573730469,26.211223602294922,24.60124969482422,23.491188049316406,86.91468048095703
2023-07-18,436.4821472167969,378.7256774902344,26.35904884338379,24.80958366394043,23.525558471679688,86.9233169555664
2023-07-19,437.4527893066406,378.63720703125,26.371055603027344,24.89110565185547,23.499778747558594,86.94064331054688
2023-07-20,434.5505065917969,369.908935546875,26.291603088378906,24.96356773376465,23.585702896118164,86.97525024414062
2023-07-21,434.5505065917969,368.7994689941406,26.169649124145508,24.99980354309082,23.611480712890625,86.9839096069336
2023-07-24,436.4917907714844,369.3885192871094,26.279592514038086,25.162841796875,23.602888107299805,87.001220703125
2023-07-25,437.6834716796875,371.8921813964844,26.349811553955078,25.353057861328125,23.551334381103516,87.00988006591797
2023-07-26,437.75067138671875,370.65509033203125,26.41078758239746,25.30776596069336,23.585702896118164,87.02716827392578
2023-07-27,434.8484191894531,369.77154541015625,26.13454246520996,25.09037971496582,23.585702896118164,87.06179809570312
2023-07-28,439.10565185546875,376.5067138671875,26.33133316040039,25.21718978881836,23.697402954101562,87.07911682128906
2023-07-31,439.9418640136719,376.7030944824219,26.60849952697754,25.371173858642578,23.654441833496094,87.07911682128906
2023-08-01,438.6828918457031,375.8292541503906,26.211223602294922,25.12660789489746,23.81769371032715,87.09821319580078
2023-08-02,432.5804748535156,367.5820617675781,25.79546546936035,24.80958366394043,23.826284408569336,87.12429809570312
2023-08-03,431.34075927734375,366.992919921875,25.749269485473633,24.827699661254883,23.903615951538086,87.150390625
2023-08-04,429.3898620605469,365.27471923828125,25.78622817993164,24.882043838500977,23.663034439086914,87.16776275634766
2023-08-07,433.1378173828125,368.3674621582031,25.86937713623047,24.90921974182129,23.7833251953125,87.17646026611328
2023-08-08,431.25421142578125,365.2354736328125,25.70122528076172,24.854875564575195,23.7833251953125,87.18514251708984
2023-08-09,428.3712158203125,361.2198486328125,25.643943786621094,24.954509735107422,23.774730682373047,87.21122741699219
2023-08-10,428.52496337890625,361.88751220703125,25.643943786621094,24.945453643798828,23.860652923583984,87.23731994628906
2023-08-11,428.2750244140625,359.5802001953125,25.582969665527344,24.900163650512695,24.006723403930664,87.2459945678711
2023-08-14,430.63922119140625,363.615478515625,25.43514060974121,24.78240966796875,23.920799255371094,87.27204895019531
2023-08-15,425.6227111816406,359.7569580078125,25.167211532592773,24.447267532348633,23.903615951538086,87.28079223632812
2023-08-16,422.4994201660156,355.947509765625,24.8346004486084,24.302343368530273,23.912206649780273,87.29814910888672
2023-08-17,419.280029296875,352.0594482421875,24.835527420043945,24.365745544433594,23.912206649780273,87.33293914794922
2023-08-18,419.4818115234375,351.61773681640625,24.978729248046875,24.411033630371094,23.920799255371094,87.34161376953125
2023-08-21,422.2110595703125,357.2826843261719,24.732975006103516,24.401979446411133,24.058279037475586,87.35029602050781
2023-08-22,421.06756591796875,356.77227783203125,24.981502532958984,24.383859634399414,23.989538192749023,87.35899353027344
2023-08-23,425.7572326660156,362.3979797363281,25.176448822021484,24.45632553100586,23.731773376464844,87.38507843017578
2023-08-24,419.85662841796875,354.6514587402344,24.88541603088379,24.302343368530273,23.7833251953125,87.4198226928711
2023-08-25,422.8165283203125,357.40057373046875,25.127479553222656,24.4925594329834,23.877838134765625,87.42852783203125
2023-08-28,425.4977722167969,360.0907287597656,25.15150260925293,24.565019607543945,23.843469619750977,87.4459228515625
2023-08-29,431.64825439453125,367.955078125,25.536773681640625,24.845813751220703,23.714584350585938,87.46331787109375
2023-08-30,433.426025390625,370.0071105957031,25.626384735107422,24.827699661254883,23.83487892150879,87.46331787109375
2023-08-31,432.7918395996094,371.1164855957031,25.57373046875,24.746177673339844,23.731773376464844,87.50677490234375
2023-09-01,433.59912109375,370.72381591796875,25.619922637939453,24.9363956451416,23.81769371032715,87.53382873535156
2023-09-05,431.72509765625,371.195068359375,25.78622817993164,24.80052375793457,24.041091918945312,87.54254913330078
2023-09-06,428.8228454589844,367.9256591796875,25.51552391052246,24.719005584716797,24.06686782836914,87.56000518798828
2023-09-07,427.5062561035156,365.29437255859375,25.419437408447266,24.719005584716797,23.903615951538086,87.6036605834961
2023-09-08,428.15020751953125,365.804931640625,25.70769500732422,24.78240966796875,24.01531410217285,87.61241149902344
2023-09-11,430.9659118652344,370.1151428222656,25.56633758544922,24.845813751220703,24.084054946899414,87.62113952636719
2023-09-12,428.601806640625,366.01104736328125,25.517366409301758,24.927337646484375,24.14419937133789,87.62986755371094
2023-09-13,429.1015625,367.4052734375,25.38894271850586,24.945453643798828,24.11842155456543,87.65608215332031
2023-09-14,432.8014221191406,370.40966796875,25.68459701538086,25.23530387878418,24.27308464050293,87.68224334716797
2023-09-15,427.5869140625,364.0671081542969,25.592208862304688,25.17189598083496,24.324636459350586,87.69970703125
2023-09-18,427.83770751953125,364.4466552734375,25.544164657592773,25.162841796875,24.324636459350586,87.70843505859375
2023-09-19,426.9503479003906,363.669921875,25.540468215942383,25.120176315307617,24.40196418762207,87.71717071533203
2023-09-20,423.0252990722656,358.42926025390625,25.5007381439209,24.993072509765625,24.298858642578125,87.74335479736328
2023-09-21,416.03338623046875,351.8612060546875,25.264217376708984,24.711641311645508,24.453519821166992,87.76953887939453
2023-09-22,415.0979309082031,351.910400390625,25.260517120361328,24.729801177978516,24.376192092895508,87.78699493408203
2023-09-25,416.843505859375,353.5818786621094,25.139394760131836,24.720720291137695,24.53944206237793,87.804443359375
2023-09-26,410.71954345703125,348.2723693847656,24.98313331604004,24.484678268432617,24.642549514770508,87.804443359375
2023-09-27,410.8835144042969,349.0884704589844,24.61328887939453,24.530073165893555,24.85735511779785,87.83063507080078
2023-09-28,413.26556396484375,352.0086975097656,25.057106018066406,24.657167434692383,24.831579208374023,87.8568344116211
2023-09-29,412.26263427734375,352.2643127441406,24.916561126708984,24.475605010986328,24.831579208374023,87.88302612304688
2023-10-02,412.0986633300781,355.2041931152344,24.716846466064453,24.02167510986328,24.891721725463867,87.8935317993164
2023-10-03,406.582275390625,348.97052001953125,24.317411422729492,23.858266830444336,25.02919578552246,87.90232849121094
2023-10-04,409.5429992675781,353.7195129394531,24.38861083984375,23.622222900390625,24.702693939208984,87.91983795166016
2023-10-05,409.388671875,352.67730712890625,24.351625442504883,23.50420379638672,24.676916122436523,87.97242736816406
2023-10-06,414.249267578125,358.5865478515625,24.525447845458984,23.7130069732666,24.85735511779785,87.98123168945312
2023-10-09,416.9013977050781,360.4154052734375,24.641027450561523,24.067068099975586,24.625362396240234,87.98995208740234
2023-10-10,419.0712890625,362.4113464355469,24.853687286376953,24.26679229736328,24.659732818603516,87.98995208740234
2023-10-11,420.7879333496094,364.99725341796875,24.844444274902344,24.221405029296875,24.487890243530273,88.00749969482422
2023-10-12,418.2225646972656,363.7288513183594,24.727943420410156,24.012598037719727,24.668325424194336,88.05133056640625
2023-10-13,416.1395263671875,359.1568603515625,24.77971839904785,24.26679229736328,24.57381248474121,88.05133056640625
2023-10-16,420.5179138183594,363.2175598144531,24.945222854614258,24.384815216064453,24.745655059814453,88.07764434814453
2023-10-17,420.49859619140625,362.0279541015625,24.992382049560547,24.502836227416992,25.054975509643555,88.08639526367188
2023-10-18,414.8953552246094,357.2787780761719,24.913785934448242,24.3757381439209,24.94327735900879,88.10391235351562
2023-10-19,411.2499084472656,353.93585205078125,24.807458877563477,24.31218910217285,25.020606994628906,88.13899230957031
2023-10-20,406.1965026855469,348.65582275390625,24.61236000061035,24.057987213134766,24.85735511779785,88.1565170288086
2023-10-23,405.4924011230469,349.7079162597656,24.41912078857422,23.86734390258789,24.676916122436523,88.17404174804688
2023-10-24,408.5496520996094,353.10992431640625,24.525447845458984,23.921812057495117,24.59099578857422,88.18281555175781
2023-10-25,402.6860656738281,344.46722412109375,24.38213348388672,23.89457893371582,24.82298469543457,88.18281555175781
2023-10-26,397.8641052246094,337.8992919921875,24.204607009887695,23.86734390258789,24.659732818603516,88.23539733886719
2023-10-27,396.0606384277344,339.52154541015625,24.224023818969727,23.86734390258789,24.659732818603516,88.23539733886719
2023-10-30,400.79583740234375,343.34637451171875,24.280426025390625,23.876420974731445,24.59099578857422,88.2529525756836
2023-10-31,403.31292724609375,344.9883728027344,24.298919677734375,23.821950912475586,24.737062454223633,88.27046203613281
2023-11-01,407.6141662597656,350.9763488769531,24.46534538269043,23.939971923828125,24.47929573059082,88.28543090820312
2023-11-02,415.4258728027344,357.34765625,24.650272369384766,24.39389419555664,24.290267944335938,88.32064819335938
2023-11-03,419.2159729003906,361.54608154296875,24.701128005981445,24.466522216796875,23.98094367980957,88.32942962646484
2023-11-06,420.18035888671875,363.0209045410156,24.778793334960938,24.41204833984375,24.101234436035156,88.34706115722656
2023-11-07,421.3761901855469,366.4524841308594,24.54024314880371,24.057987213134766,24.032501220703125,88.34706115722656
2023-11-08,421.6848449707031,366.6884460449219,24.430213928222656,23.903656005859375,23.98094367980957,88.36466979980469
2023-11-09,418.3961486816406,363.86651611328125,24.364566802978516,23.78563690185547,24.204341888427734,88.40869140625
2023-11-10,424.9251708984375,372.0470886230469,24.38213348388672,23.91273307800293,24.238712310791016,88.40869140625
2023-11-13,424.5201721191406,370.8868713378906,24.552263259887695,24.003517150878906,24.264488220214844,88.41749572753906
2023-11-14,432.75616455078125,378.8707275390625,24.90639305114746,24.49376106262207,23.705995559692383,88.45270538330078
2023-11-15,433.6722717285156,379.1558837890625,24.89436912536621,24.42112922668457,23.886432647705078,88.45270538330078
2023-11-16,434.2027587890625,379.4803466796875,24.641027450561523,24.194168090820312,23.680217742919922,88.49669647216797
2023-11-17,434.7427978515625,379.56884765625,24.81670379638672,24.502836227416992,23.620071411132812,88.51432037353516
2023-11-20,438.0892639160156,384.1900939941406,24.964637756347656,24.602699279785156,23.542739868164062,88.52310180664062
2023-11-21,437.1344909667969,381.9580993652344,24.807458877563477,24.657167434692383,23.551334381103516,88.54953002929688
2023-11-22,438.8222351074219,383.52142333984375,24.8305721282959,24.548229217529297,23.74895668029785,88.584716796875
2023-11-24,439.09222412109375,382.98065185546875,24.92858123779297,24.657167434692383,23.714584350585938,88.61114501953125
2023-11-27,438.3014221191406,382.6463623046875,24.858308792114258,24.58454132080078,23.55992889404297,88.61114501953125
2023-11-28,438.7353820800781,383.6492614746094,25.025667190551758,24.702566146850586,23.422452926635742,88.61994171142578
2023-11-29,438.42681884765625,383.27557373046875,25.043235778808594,24.747957229614258,23.30215835571289,88.6463394165039
2023-11-30,440.1531066894531,382.3120422363281,24.94059944152832,24.729801177978516,23.448226928710938,88.67278289794922
2023-12-01,442.7569885253906,383.4034729003906,25.20504379272461,24.884130477905273,23.121721267700195,88.7019271850586
2023-12-04,440.43280029296875,379.8441467285156,24.95354652404785,24.657167434692383,23.29356575012207,88.71078491210938
2023-12-05,440.3459777832031,380.7978820800781,24.835193634033203,24.43928337097168,23.104534149169922,88.72846221923828
2023-12-06,438.571533203125,378.59539794921875,24.669689178466797,24.294034957885742,23.121721267700195,88.72846221923828
2023-12-07,441.9179992675781,383.8852844238281,24.751983642578125,24.384815216064453,22.915508270263672,88.77266693115234
2023-12-08,443.8178405761719,385.5960998535156,24.772321701049805,24.39389419555664,23.164682388305664,88.78152465820312
2023-12-11,445.5440979003906,388.8899230957031,24.765850067138672,24.402971267700195,23.276382446289062,88.79917907714844
2023-12-12,447.5790100097656,391.9871520996094,24.674314498901367,24.139698028564453,23.147497177124023,88.80804443359375
2023-12-13,453.7510986328125,396.97210693359375,25.041385650634766,24.629934310913086,22.984243392944336,88.81688690185547
2023-12-14,455.2073974609375,396.6280212402344,25.475954055786133,25.065704345703125,22.752254486083984,88.86573791503906
2023-12-15,454.4579162597656,398.54534912109375,25.339111328125,24.920448303222656,22.88973045349121,88.8746109008789
2023-12-18,457.0142517089844,401.0555725097656,25.402912139892578,25.083860397338867,22.8725528717041,88.88349914550781
2023-12-19,459.7933044433594,403.1048278808594,25.6303653717041,25.294103622436523,22.8725528717041,88.91015625
2023-12-20,453.4218444824219,397.11480712890625,25.42972183227539,25.016250610351562,22.846771240234375,88.9190444946289
2023-12-21,457.72113037109375,401.7353820800781,25.66735076904297,25.257055282592773,22.786624908447266,88.97233581542969
2023-12-22,458.64105224609375,402.3363342285156,25.754737854003906,25.303363800048828,22.855363845825195,88.98119354248047
2023-12-26,460.57763671875,404.79937744140625,25.87782096862793,25.423768997192383,22.81239891052246,88.99009704589844
2023-12-27,461.4104309082031,405.6234436035156,25.956750869750977,25.442293167114258,22.83008575439453,88.99897003173828
2023-12-28,461.584716796875,405.42626953125,25.809234619140625,25.27558135986328,22.80356216430664,89.05228424072266
2023-12-29,460.24847412109375,403.67169189453125,25.82990264892578,25.21074676513672,22.77703285217285,89.06114196777344
2024-01-02,457.6727294921875,396.8406677246094,25.581844329833984,25.18296241760254,22.83008575439453,89.07889556884766
2024-01-03,453.93505859375,392.6415100097656,25.29244613647461,25.22001075744629,22.77703285217285,89.08777618408203
2024-01-04,452.472900390625,390.620849609375,25.405200958251953,25.118127822875977,22.953874588012695,89.1322021484375
2024-01-05,453.0926208496094,391.0841064453125,25.58466148376465,25.118127822875977,22.874296188354492,89.14110565185547
2024-01-08,459.5609436035156,399.1670227050781,25.57620620727539,25.044034957885742,23.01576805114746,89.16773223876953
2024-01-09,458.8637390136719,399.95556640625,25.519832611083984,24.849533081054688,23.042295455932617,89.17660522460938
2024-01-10,461.45880126953125,402.6662902832031,25.454059600830078,24.775440216064453,23.25450325012207,89.19437408447266
2024-01-11,461.2555236816406,403.504150390625,25.455934524536133,24.803226470947266,23.059978485107422,89.2476577758789
2024-01-12,461.5750427246094,403.71112060546875,25.60627555847168,24.905105590820312,23.068819046020508,89.25654602050781
2024-01-16,459.8804931640625,403.67169189453125,25.201305389404297,24.46053695678711,23.21029281616211,89.26542663574219
2024-01-17,457.3241882324219,401.3946228027344,24.903444290161133,24.219728469848633,23.25450325012207,89.27430725097656
2024-01-18,461.3910827636719,407.0921630859375,25.252042770385742,24.256778717041016,23.289871215820312,89.30985260009766
2024-01-19,467.1427917480469,415.1651916503906,25.632587432861328,24.32160758972168,23.325239181518555,89.33650970458984
2024-01-22,468.1304931640625,415.70733642578125,25.530168533325195,24.210468292236328,23.413658142089844,89.34537506103516
2024-01-23,469.4958190917969,417.4323425292969,25.491641998291016,24.30308723449707,23.413658142089844,89.36314392089844
2024-01-24,470.00909423828125,419.7488098144531,25.407081604003906,24.377178192138672,23.33407974243164,89.37200927734375
2024-01-25,472.5653991699219,420.2614440917969,25.585603713989258,24.58094024658203,23.351762771606445,89.41644287109375
2024-01-26,471.96502685546875,417.75762939453125,25.54707908630371,24.68282127380371,23.475549697875977,89.41644287109375
2024-01-29,475.70263671875,422.03564453125,25.57620620727539,24.70134735107422,23.5020809173584,89.42533111572266
2024-01-30,475.33477783203125,419.22637939453125,25.942659378051758,24.756916046142578,23.510921478271484,89.45198059082031
2024-01-31,467.5785827636719,411.01531982421875,25.5273494720459,24.55315399169922,23.33407974243164,89.45198059082031
2024-02-01,473.69830322265625,415.855224609375,25.733125686645508,24.645774841308594,23.555130004882812,89.50370025634766
2024-02-02,478.68505859375,422.8834228515625,25.416471481323242,24.395706176757812,23.696603775024414,89.51261901855469
2024-02-05,476.94207763671875,422.3314208984375,25.491641998291016,24.256778717041016,23.590499877929688,89.53048706054688
2024-02-06,478.3268737792969,421.4836730957031,25.495403289794922,24.414228439331055,23.599340438842773,89.53939056396484
2024-02-07,482.3162536621094,425.8208312988281,25.647621154785156,24.367918014526367,23.617023468017578,89.55724334716797
2024-02-08,482.529296875,426.609375,25.827083587646484,24.349397659301758,23.705446243286133,89.58401489257812
2024-02-09,485.3180236816406,430.80853271484375,25.670169830322266,24.2938232421875,23.77617835998535,89.61077117919922
2024-02-12,485.10504150390625,429.1229553222656,26.0178279876709,24.423490524291992,23.731971740722656,89.61077117919922
2024-02-13,478.42364501953125,422.429931640625,25.58372688293457,24.0715389251709,23.599340438842773,89.62861633300781
2024-02-14,482.7713623046875,427.03326416015625,25.87030792236328,24.08080291748047,23.731971740722656,89.64647674560547
2024-02-15,486.1024169921875,428.3048095703125,26.06104850769043,24.386444091796875,23.882287979125977,89.69110107421875
2024-02-16,483.68157958984375,424.4211120605469,25.987762451171875,24.442012786865234,23.82923126220703,89.69998931884766
2024-02-20,481.018798828125,421.2174987792969,25.843996047973633,24.377178192138672,23.65239143371582,89.71786499023438
2024-02-21,481.4544372558594,419.5319519042969,25.827083587646484,24.54389190673828,23.785022735595703,89.72676086425781
2024-02-22,491.41845703125,431.8139953613281,26.17755889892578,24.562419891357422,24.014917373657227,89.76246643066406
2024-02-23,491.75732421875,430.5424499511719,26.23769187927246,24.562419891357422,24.07680892944336,89.78923797607422
2024-02-26,489.95623779296875,430.3157043457031,26.412464141845703,24.451274871826172,24.059123992919922,89.79816436767578
2024-02-27,490.8664855957031,431.3507080078125,26.492328643798828,24.54389190673828,24.13870620727539,89.8160171508789
2024-02-28,490.21771240234375,429.0539855957031,26.544008255004883,24.469797134399414,24.08565330505371,89.82493591308594
2024-02-29,491.9799499511719,432.730712890625,26.557161331176758,24.58094024658203,24.182912826538086,89.85169219970703
2024-03-01,496.5988464355469,439.24627685546875,26.81179428100586,24.70134735107422,24.377439498901367,89.87854766845703
2024-03-04,496.0662841796875,437.678955078125,26.70374298095703,24.70134735107422,24.430490493774414,89.88751983642578
2024-03-05,491.1085510253906,429.8228454589844,26.572195053100586,24.664297103881836,24.209442138671875,89.89649963378906
2024-03-06,493.5970764160156,432.523681640625,26.769514083862305,24.858795166015625,24.30670166015625,89.91442108154297
2024-03-07,498.4967346191406,439.0886535644531,27.090862274169922,25.06255531311035,24.386281967163086,89.9592056274414
2024-03-08,495.5046691894531,432.75042724609375,26.998777389526367,25.071819305419922,24.09449577331543,89.96815490722656
2024-03-11,495.0785827636719,431.1436767578125,26.917972564697266,25.118127822875977,23.97954750061035,89.98609161376953
2024-03-12,500.4042663574219,437.32415771484375,27.04576301574707,25.081079483032227,24.059123992919922,89.99503326416016
2024-03-13,499.6199645996094,433.9628601074219,27.16884994506836,25.284841537475586,24.359752655029297,90.00402069091797
2024-03-14,498.6323547363281,432.8687438964844,26.871931076049805,25.21074676513672,24.44817543029785,90.03985595703125
2024-03-15,495.2084045410156,427.7232666015625,26.769514083862305,25.266319274902344,24.563121795654297,90.0577621459961
2024-03-18,498.1515197753906,431.80267333984375,26.863473892211914,25.284841537475586,24.71343421936035,90.06670379638672
2024-03-19,500.91973876953125,432.87847900390625,26.816495895385742,25.38776206970215,24.907957077026367,90.08462524414062
2024-03-20,505.5529479980469,438.010986328125,27.25811195373535,25.582483291625977,25.09364128112793,90.09357452392578
2024-03-21,507.2236022949219,440.083740234375,27.433820724487305,25.59175682067871,25.243953704833984,90.12942504882812
2024-03-22,506.2620544433594,440.5871276855469,27.2499942779541,25.452672958374023,25.146696090698242,90.1473159790039
2024-03-25,504.86346435546875,438.9881896972656,27.46021270751953,25.59175682067871,25.1732177734375,90.16527557373047
2024-03-26,503.93084716796875,437.56689453125,27.235855102539062,25.536123275756836,25.108314514160156,90.17422485351562
2024-03-27,508.1658630371094,439.0572509765625,27.40836524963379,25.7493896484375,25.14388084411621,90.21900177001953
2024-03-28,508.0687561035156,438.2479248046875,27.436649322509766,25.916292190551758,25.499521255493164,90.22798919677734
2024-04-01,507.18475341796875,439.1757507324219,27.497922897338867,25.925561904907227,25.75735855102539,90.25495910644531
2024-04-02,503.9600830078125,435.3855285644531,27.234912872314453,26.092464447021484,25.6684513092041,90.27295684814453
2024-04-03,504.5137023925781,436.36260986328125,27.488492965698242,26.25009536743164,25.686229705810547,90.281982421875
2024-04-04,498.35546875,429.69036865234375,27.299959182739258,26.21300506591797,25.383934020996094,90.32695770263672
2024-04-05,503.5617370605469,434.7538146972656,27.4027099609375,26.333545684814453,25.748470306396484,90.33598327636719
2024-04-08,503.84344482421875,434.88214111328125,27.752445220947266,26.370635986328125,25.89072608947754,90.35396575927734
2024-04-09,504.4262390136719,436.49102783203125,27.573333740234375,26.45408821105957,25.73957633972168,90.36298370361328
2024-04-10,499.3753356933594,432.6810607910156,27.18683624267578,26.259368896484375,26.22858428955078,90.38096618652344
2024-04-11,503.1441345214844,439.59027099609375,27.10671043395996,26.287185668945312,26.388626098632812,90.41696166992188
2024-04-12,496.1991882324219,432.58233642578125,26.701356887817383,25.962650299072266,26.024089813232422,90.42596435546875
2024-04-15,489.9827575683594,425.4659423828125,26.451549530029297,25.86992835998535,26.35306167602539,90.44397735595703
2024-04-16,489.0890808105469,425.5054016113281,26.5637264251709,25.656661987304688,26.290822982788086,90.44397735595703
2024-04-17,486.1945495605469,420.31365966796875,26.523191452026367,25.67521095275879,25.89072608947754,90.47095489501953
2024-04-18,485.194091796875,417.9152526855469,26.45249366760254,25.684480667114258,25.979637145996094,90.49797058105469
2024-04-19,480.95916748046875,409.2689208984375,26.347854614257812,25.897743225097656,26.015199661254883,90.52494049072266
2024-04-22,485.38836669921875,413.3847961425781,26.65705108642578,25.897743225097656,25.988529205322266,90.53396606445312
2024-04-23,491.14825439453125,419.5537109375,26.81070899963379,25.990468978881836,26.193023681640625,90.54296112060547
2024-04-24,490.9151916503906,420.97503662109375,26.88706398010254,25.962650299072266,26.210805892944336,90.55194854736328
2024-04-25,489.05023193359375,418.94171142578125,26.790912628173828,26.157371520996094,26.219696044921875,90.5969467163086
2024-04-26,493.6834716796875,425.4067077636719,26.90968894958496,26.157371520996094,26.859848022460938,90.61495208740234
2024-04-29,495.43182373046875,427.13397216796875,26.953998565673828,26.296457290649414,26.48642921447754,90.61495208740234
2024-04-30,487.5836181640625,419.0799255371094,26.723981857299805,25.860654830932617,26.61090087890625,90.62393951416016
2024-05-01,486.00030517578125,416.04974365234375,26.454376220703125,25.712297439575195,26.36195182800293,90.65828704833984
2024-05-02,490.5460510253906,421.35992431640625,26.613689422607422,25.962650299072266,25.846271514892578,90.69442749023438
2024-05-03,496.6265563964844,429.82861328125,27.0426082611084,26.120281219482422,25.766252517700195,90.71251678466797
2024-05-06,501.755126953125,434.53668212890625,27.180238723754883,26.259368896484375,25.926292419433594,90.72154998779297
2024-05-07,502.308837890625,434.6058044433594,27.229257583618164,26.277915954589844,26.077438354492188,90.72154998779297
2024-05-08,502.3572692871094,434.34912109375,27.09256935119629,26.259368896484375,26.184133529663086,90.7486801147461
2024-05-09,505.25189208984375,435.29669189453125,27.323524475097656,26.574626922607422,26.31749725341797,90.77578735351562
2024-05-10,505.90264892578125,436.32318115234375,27.18683624267578,26.49117660522461,26.29971694946289,90.80291748046875
2024-05-13,505.97064208984375,437.3299560546875,27.226430892944336,26.574626922607422,26.406410217285156,90.81193542480469
2024-05-14,508.2922058105469,440.1430358886719,27.125564575195312,26.63953399658203,26.34416961669922,90.81193542480469
2024-05-15,514.5863647460938,447.0224914550781,27.72698974609375,26.69516944885254,26.104114532470703,90.82998657226562
2024-05-16,513.52734375,446.114501953125,27.62047004699707,26.67662239074707,26.175241470336914,90.87521362304688
2024-05-17,514.2656860351562,445.8973388671875,27.744901657104492,26.871347427368164,26.41529655456543,90.88422393798828
2024-05-20,514.858154296875,449.0064697265625,27.863683700561523,26.92698097229004,26.584230422973633,90.8932876586914
2024-05-21,516.1209716796875,449.8848876953125,27.800519943237305,26.917705535888672,26.5308837890625,90.91133117675781
2024-05-22,514.6348876953125,449.7960510253906,27.554479598999023,26.620988845825195,26.397518157958984,90.9203872680664
2024-05-23,510.87579345703125,447.7726745605469,27.516775131225586,26.370635986328125,26.335283279418945,90.98365783691406
2024-05-24,514.256103515625,452.0069885253906,27.436649322509766,26.463361740112305,26.388626098632812,90.99268341064453
2024-05-28,514.6154174804688,453.71453857421875,27.634607315063477,26.63026237487793,26.673141479492188,91.0017318725586
2024-05-29,511.0118103027344,450.51654052734375,27.52620506286621,26.287185668945312,26.59311866760254,91.0017318725586
2024-05-30,507.6219482421875,445.6900329589844,27.406482696533203,26.352092742919922,26.397518157958984,91.0197982788086
2024-05-31,512.245361328125,444.8609313964844,27.278278350830078,26.602447509765625,26.35306167602539,91.05596160888672
2024-06-03,512.6630249023438,447.2495422363281,27.269792556762695,26.34282112121582,26.113004684448242,91.0741195678711
2024-06-04,513.236083984375,448.47344970703125,27.33766746520996,26.148101806640625,25.686229705810547,91.09224700927734
2024-06-05,519.3359985351562,457.5145263671875,27.53280258178711,26.166643142700195,25.97074317932129,91.11042022705078
2024-06-06,519.3262939453125,457.35662841796875,27.52620506286621,26.333545684814453,26.032983779907227,91.11042022705078
2024-06-07,518.6948852539062,456.951904296875,27.215118408203125,25.9811954498291,26.24637222290039,91.1467514038086
2024-06-10,520.2976684570312,458.79766845703125,27.13593101501465,26.083192825317383,26.4775390625,91.16487884521484
2024-06-11,521.5507202148438,461.9462585449219,27.087858200073242,25.897743225097656,26.406410217285156,91.18302154541016
2024-06-12,525.834228515625,467.9967041015625,27.172698974609375,25.925561904907227,26.31749725341797,91.20121002197266
2024-06-13,526.8928833007812,470.53338623046875,27.384798049926758,25.842111587524414,26.139680862426758,91.21028137207031
2024-06-14,527.2134399414062,472.9713439941406,26.828615188598633,25.647390365600586,26.139680862426758,91.2556381225586
2024-06-17,531.4095458984375,478.76519775390625,27.139705657958984,25.628847122192383,26.388626098632812,91.26475524902344
2024-06-18,532.759765625,478.9132080078125,27.177413940429688,25.795751571655273,26.388626098632812,91.2919692993164
2024-06-20,531.3124389648438,475.22174072265625,27.139705657958984,26.009014129638672,26.717594146728516,91.30104064941406
2024-06-21,530.6000366210938,473.948486328125,26.90874671936035,25.888473510742188,26.637577056884766,91.33734893798828
2024-06-24,528.8753662109375,468.552734375,26.911588668823242,26.138830184936523,26.7442684173584,91.34644317626953
2024-06-25,530.9119262695312,473.910888671875,27.28049659729004,26.023353576660156,26.682029724121094,91.36459350585938
2024-06-26,531.5746459960938,474.8896484375,26.93617820739746,25.948251724243164,26.833179473876953,91.37367248535156
2024-06-27,532.41259765625,476.1155090332031,26.845369338989258,26.004579544067383,26.863664627075195,91.38273620605469
2024-06-28,530.3173828125,473.64398193359375,26.974016189575195,25.938861846923828,26.953327178955078,91.41905212402344
2024-07-01,531.4088745117188,476.42193603515625,26.842533111572266,26.013967514038086,27.39268684387207,91.4546127319336
2024-07-02,534.9851684570312,481.4242248535156,27.134824752807617,25.995193481445312,27.303022384643555,91.4637222290039
2024-07-03,537.37255859375,485.43792724609375,27.378873825073242,26.30499267578125,27.311986923217773,91.4910659790039
2024-07-05,540.4713745117188,490.4994812011719,27.455493927001953,26.295604705810547,27.276124954223633,91.52755737304688
2024-07-08,541.094970703125,491.6660461425781,27.299413681030273,26.164175033569336,27.141626358032227,91.5457992553711
2024-07-09,541.6212158203125,492.09112548828125,27.26630973815918,26.079683303833008,27.258190155029297,91.5457992553711
2024-07-10,546.9805297851562,497.221923828125,27.512248992919922,26.24866485595703,27.41958999633789,91.56400299072266
2024-07-11,542.2643432617188,486.3177490234375,27.38454818725586,26.417646408081055,27.04299545288086,91.58223724365234
2024-07-12,545.6846923828125,489.1747741699219,27.588863372802734,26.530302047729492,26.98919677734375,91.62782287597656
2024-07-15,547.1853637695312,490.4895935058594,27.665485382080078,26.48336410522461,27.007131576538086,91.62782287597656
2024-07-16,550.43017578125,490.6774597167969,28.233041763305664,26.5584659576416,27.16852378845215,91.6460952758789
2024-07-17,542.7125854492188,476.27362060546875,28.048587799072266,26.5584659576416,26.693300247192383,91.6551742553711
2024-07-18,538.5419311523438,474.0196838378906,27.726970672607422,26.408260345458984,26.71123504638672,91.6734390258789
2024-07-19,534.9656982421875,469.81817626953125,27.365631103515625,26.20172691345215,26.603633880615234,91.70987701416016
2024-07-22,540.4810791015625,476.81744384765625,27.48859977722168,26.27682876586914,26.75606918334961,91.72811889648438
2024-07-23,539.63330078125,475.13677978515625,27.63426971435547,26.107845306396484,26.531902313232422,91.73723602294922
2024-07-24,527.40380859375,458.09344482421875,27.237924575805664,26.013967514038086,26.2091121673584,91.7463607788086
2024-07-25,524.6558837890625,453.041748046875,27.28049659729004,26.013967514038086,26.047712326049805,91.76460266113281
2024-07-26,530.5318603515625,457.6881408691406,27.446035385131836,26.12662124633789,26.119441986083984,91.79193878173828
2024-07-29,530.8438110351562,458.6075134277344,27.289953231811523,26.004579544067383,26.038745880126953,91.8193130493164
2024-07-30,528.154296875,452.3102111816406,27.41481590270996,26.08907127380371,25.931148529052734,91.8193130493164
2024-07-31,536.7391357421875,465.69573974609375,27.80926513671875,26.3613224029541,25.949081420898438,91.82841491699219
2024-08-01,529.138427734375,454.41595458984375,27.219955444335938,26.032743453979492,25.48282241821289,91.858642578125
2024-08-02,519.2866821289062,443.63037109375,26.56159210205078,25.769882202148438,24.639970779418945,91.9044189453125
2024-08-05,504.16314697265625,430.4029846191406,25.279861450195312,25.328649520874023,24.048181533813477,91.91360473632812
2024-08-06,508.811279296875,434.51556396484375,25.644044876098633,25.45069122314453,24.110944747924805,91.93190002441406
2024-08-07,505.4104309082031,429.8099060058594,25.398103713989258,25.441303253173828,24.173709869384766,91.93190002441406
2024-08-08,517.0941162109375,442.9581604003906,26.107547760009766,25.704164505004883,24.478574752807617,91.95939636230469
2024-08-09,519.3743286132812,445.27142333984375,26.143489837646484,25.807432174682617,24.496505737304688,91.98686218261719
2024-08-12,519.647216796875,446.23040771484375,26.457538604736328,25.920089721679688,24.631004333496094,92.00518035888672
2024-08-13,528.1932373046875,457.30255126953125,26.627809524536133,26.023353576660156,24.74756622314453,92.02349090576172
2024-08-14,529.8594970703125,457.4508972167969,26.72239875793457,25.995193481445312,24.765501022338867,92.04178619384766
2024-08-15,538.94140625,469.0075378417969,27.02036476135254,26.17356300354004,25.025527954101562,92.05093383789062
2024-08-16,540.1498413085938,469.6105651855469,26.991987228393555,26.21111297607422,25.115196228027344,92.08761596679688
2024-08-19,545.3143310546875,475.7793273925781,27.446035385131836,26.370710372924805,25.195894241333008,92.09674835205078
2024-08-20,544.4275512695312,474.7808837890625,27.176441192626953,26.192337036132812,25.061397552490234,92.10591888427734
2024-08-21,546.2986450195312,476.9953308105469,27.289953231811523,26.27682876586914,25.04346466064453,92.1333999633789
2024-08-22,542.0110473632812,469.4326477050781,27.192522048950195,26.17356300354004,25.070362091064453,92.1333999633789
2024-08-23,547.7699584960938,474.52386474609375,27.587921142578125,26.5490779876709,25.034496307373047,92.1700210571289
2024-08-26,546.4642333984375,469.91705322265625,27.37508773803711,26.69928741455078,25.061397552490234,92.1883544921875
2024-08-27,547.214599609375,471.32086181640625,27.498058319091797,26.614795684814453,25.007596969604492,92.19750213623047
2024-08-28,544.0377807617188,465.9725036621094,27.23603630065918,26.398874282836914,24.99863052368164,92.20664978027344
2024-08-29,544.0865478515625,465.2904357910156,27.557653427124023,26.5584659576416,25.079328536987305,92.2158203125
2024-08-30,549.2803955078125,470.83642578125,27.554811477661133,26.57724380493164,25.151060104370117,92.26160430908203
2024-09-03,537.9767456054688,456.54144287109375,27.024150848388672,26.070297241210938,24.97173309326172,92.30208587646484
2024-09-04,536.8755493164062,455.3551025390625,26.959827423095703,26.004579544067383,24.91792869567871,92.31128692626953
2024-09-05,535.5697631835938,455.7801818847656,26.835912704467773,26.004579544067383,24.94483184814453,92.33889770507812
2024-09-06,526.5560302734375,443.571044921875,26.344030380249023,25.713552474975586,24.738603591918945,92.37567138671875
2024-09-09,532.4514770507812,449.27520751953125,26.708213806152344,25.83559799194336,24.84619903564453,92.38485717773438
2024-09-10,534.7706909179688,453.4272766113281,26.6656436920166,25.666614532470703,24.93586540222168,92.40326690673828
2024-09-11,540.2569580078125,463.2737121582031,26.750776290893555,25.741716384887695,24.9627628326416,92.40326690673828
2024-09-12,544.8076171875,467.8211975097656,27.16698455810547,26.032743453979492,25.025527954101562,92.4124755859375
2024-09-13,547.653076171875,469.91705322265625,27.365631103515625,26.192337036132812,25.097259521484375,92.4676742553711
2024-09-16,548.4619140625,467.84100341796875,27.48859977722168,26.380096435546875,25.17795753479004,92.48607635498047
2024-09-17,548.6859741210938,468.088134765625,27.60211181640625,26.47397804260254,25.133129119873047,92.48607635498047
2024-09-18,547.0587158203125,466.0615234375,27.365631103515625,26.417646408081055,25.016565322875977,92.5136489868164
2024-09-19,556.3938598632812,477.8454895019531,28.17912483215332,26.708675384521484,25.26762580871582,92.53203582763672
2024-09-20,555.4320678710938,476.9360046386719,27.989940643310547,26.65234375,25.35729217529297,92.56885528564453
2024-09-23,556.8200073242188,478.2001953125,28.277172088623047,26.783777236938477,25.35729217529297,92.59644317626953
2024-09-24,558.4132080078125,480.5068664550781,28.42653465270996,27.0633544921875,25.500755310058594,92.60564422607422
2024-09-25,557.181640625,480.952392578125,28.27334213256836,26.86567497253418,25.464889526367188,92.60564422607422
2024-09-26,559.3906860351562,484.5657958984375,28.512704849243164,26.940980911254883,25.581457138061523,92.61485290527344
2024-09-27,558.5794067382812,481.8730163574219,28.397811889648438,27.072765350341797,25.482851028442383,92.65164947509766
2024-09-30,560.8177490234375,483.17987060546875,28.34036636352539,27.05394172668457,25.446664810180664,92.65164947509766
2024-10-01,555.7938232421875,476.4479064941406,28.378662109375,27.26103401184082,25.473804473876953,92.68859100341797
2024-10-02,556.0283813476562,477.12115478515625,27.995683670043945,27.345752716064453,25.500944137573242,92.68859100341797
2024-10-03,555.0118408203125,476.7647705078125,28.0914306640625,27.364580154418945,25.22051429748535,92.69786071777344
2024-10-04,560.0553588867188,482.4373474121094,28.352813720703125,27.421062469482422,25.13005256652832,92.73478698730469
2024-10-07,554.9922485351562,477.2696533203125,28.053131103515625,27.468130111694336,24.94008445739746,92.74403381347656
2024-10-08,560.2411499023438,484.39752197265625,28.053131103515625,27.08218002319336,24.93103790283203,92.75325012207031
2024-10-09,564.12158203125,488.20892333984375,27.718027114868164,27.091596603393555,24.93103790283203,92.771728515625
2024-10-10,563.1343994140625,487.6545104980469,27.89994239807129,27.23279571533203,24.858671188354492,92.79022979736328
2024-10-11,566.506591796875,488.4167785644531,28.196746826171875,27.355165481567383,24.98531723022461,92.82717895507812
2024-10-14,571.1395874023438,492.515380859375,28.244619369506836,27.3080997467041,24.994359970092773,92.82717895507812
2024-10-15,566.7020263671875,485.9319763183594,28.34036636352539,27.035114288330078,24.9219913482666,92.84564208984375
2024-10-16,569.165283203125,485.99139404296875,28.40738868713379,27.10100746154785,25.003406524658203,92.86412048339844
2024-10-17,569.214111328125,486.3279724121094,28.503129959106445,27.12924575805664,24.894853591918945,92.86412048339844
2024-10-18,571.403564453125,489.5157165527344,28.551000595092773,27.19514274597168,25.012454986572266,92.90104675292969
2024-10-21,570.4652099609375,490.4561767578125,28.598873138427734,27.05394172668457,24.813444137573242,92.91956329345703
2024-10-22,570.1621704101562,490.99078369140625,28.36908721923828,27.13865852355957,24.804393768310547,92.92877960205078
2024-10-23,564.952392578125,483.4669189453125,28.197702407836914,26.959808349609375,24.569196701049805,92.92877960205078
2024-10-24,566.1741943359375,487.3872375488281,27.966960906982422,27.006874084472656,24.659656524658203,92.95651245117188
2024-10-25,565.9786987304688,490.3572082519531,28.263769149780273,26.89391326904297,24.614425659179688,92.99344635009766
2024-10-28,567.7283935546875,490.4364013671875,28.40738868713379,26.940980911254883,24.704883575439453,92.99344635009766
2024-10-29,568.6471557617188,495.148681640625,28.41695785522461,26.77153968811035,24.777257919311523,93.01195526123047
2024-10-30,566.9268798828125,491.4066162109375,28.241744995117188,26.66799545288086,24.596332550048828,93.01195526123047
2024-10-31,555.8134155273438,479.00213623046875,28.053131103515625,26.715059280395508,24.361135482788086,93.03041076660156
2024-11-01,558.1591186523438,482.5462341308594,27.866430282592773,26.526792526245117,24.39731788635254,93.08145904541016
2024-11-04,556.9568481445312,481.1404724121094,27.622278213500977,26.72447395324707,24.306861877441406,93.09070587158203
2024-11-05,563.6915283203125,487.2783203125,27.90855598449707,26.86567497253418,24.379228591918945,93.10926818847656
2024-11-06,577.7079467773438,500.5143737792969,28.62664031982422,26.988048553466797,24.460641860961914,93.10926818847656
2024-11-07,582.1749267578125,508.3946533203125,28.740575790405273,27.19514274597168,24.695838928222656,93.12781524658203
2024-11-08,584.6967163085938,508.9886779785156,28.68025779724121,26.997459411621094,24.623472213745117,93.17420959472656
2024-11-11,585.25390625,508.6916198730469,28.739620208740234,26.86567497253418,24.551101684570312,93.16493225097656
2024-11-12,583.4359130859375,507.7709045410156,28.450469970703125,26.53620719909668,24.514917373657227,93.17420959472656
2024-11-13,583.7193603515625,507.1175231933594,28.32791519165039,26.451486587524414,24.52396583557129,93.20204162597656
2024-11-14,579.9659423828125,503.59320068359375,28.14983367919922,26.432661056518555,24.39731788635254,93.20204162597656
2024-11-15,572.537353515625,491.5946960449219,28.072280883789062,26.498552322387695,24.379228591918945,93.2484130859375
2024-11-18,574.88330078125,495.0101013183594,28.38440704345703,26.79977798461914,24.388273239135742,93.2576904296875
2024-11-19,576.9848022460938,498.41558837890625,28.148874282836914,26.86567497253418,24.379228591918945,93.2669677734375
2024-11-20,577.1802368164062,498.1285705566406,28.413129806518555,26.90332794189453,24.47873306274414,93.28549194335938
2024-11-21,580.2786254882812,499.92041015625,28.75972557067871,27.044527053833008,24.54205894470215,93.28549194335938
2024-11-22,582.0772094726562,500.7222595214844,28.972280502319336,27.0633544921875,24.650609970092773,93.3133316040039
2024-11-25,584.0516967773438,501.5142822265625,28.984724044799805,27.02570152282715,24.54205894470215,93.32261657714844
2024-11-26,587.1012573242188,504.2070007324219,28.873659133911133,26.89391326904297,24.623472213745117,93.3411865234375
2024-11-27,585.322265625,500.2372131347656,29.02972412109375,26.931570053100586,24.469688415527344,93.35973358154297
2024-11-29,588.958251953125,504.6326904296875,29.149404525756836,27.091596603393555,24.614425659179688,93.3968505859375
2024-12-02,590.0140380859375,510.1270446777344,29.026853561401367,26.90332794189453,24.71393585205078,93.41358184814453
2024-12-03,590.2876586914062,511.6912536621094,28.87653350830078,26.969221115112305,24.695838928222656,93.42291259765625
2024-12-04,593.9530639648438,518.0172119140625,29.107276916503906,26.846847534179688,24.777257919311523,93.44154357910156
2024-12-05,592.9757080078125,516.581787109375,29.04025650024414,26.875083923339844,24.614425659179688,93.45084381103516
2024-12-06,594.0997924804688,521.2050170898438,28.91387176513672,26.69623374938965,24.741069793701172,93.49739837646484
2024-12-09,591.040283203125,517.1460571289062,28.844938278198242,26.743303298950195,24.7501163482666,93.5067138671875
2024-12-10,589.20263671875,515.3839111328125,28.57972526550293,26.630340576171875,24.732025146484375,93.52535247802734
2024-12-11,593.757568359375,524.6104736328125,28.9349365234375,26.68682098388672,24.87676239013672,93.52535247802734
2024-12-12,590.6983032226562,521.2247314453125,28.710893630981445,26.442073822021484,24.76820945739746,93.5346450805664
2024-12-13,590.5809936523438,525.21435546875,28.632389068603516,26.347938537597656,24.560150146484375,93.58120727539062
2024-12-16,593.1026611328125,532.7777709960938,28.667810440063477,26.169084548950195,24.551101684570312,93.59052276611328
2024-12-17,590.6590576171875,530.4315795898438,28.52036476135254,25.943166732788086,24.560150146484375,93.59052276611328
2024-12-18,573.055419921875,511.29522705078125,27.659622192382812,25.472496032714844,24.34304428100586,93.61109161376953
2024-12-19,572.8794555664062,509.0182800292969,27.405899047851562,25.387781143188477,24.279720306396484,93.62977600097656
2024-12-20,579.76025390625,513.4633178710938,27.693132400512695,25.566633224487305,24.297813415527344,93.6484603881836
2024-12-23,583.2320556640625,518.4658813476562,27.629785537719727,25.69841766357422,24.361135482788086,93.66717529296875
2024-12-24,589.7147216796875,525.49609375,27.828460693359375,25.773725509643555,24.451597213745117,93.6951904296875
2024-12-26,589.7539672851562,525.13916015625,27.93307113647461,25.734500885009766,24.388273239135742,93.70454406738281
2024-12-27,583.5458984375,518.1585083007812,27.743038177490234,25.763200759887695,24.361196517944336,93.73258209228516
2024-12-30,576.88671875,511.26702880859375,27.536691665649414,25.686668395996094,24.286495208740234,93.73258209228516
2024-12-31,574.7880249023438,506.92388916015625,27.573158264160156,25.84930419921875,24.426559448242188,93.7606201171875
2025-01-02,573.375732421875,505.9323425292969,27.674894332885742,26.031070709228516,24.60396957397461,93.7793197631836
2025-01-03,580.5448608398438,514.2120361328125,28.00506019592285,26.04063606262207,24.594629287719727,93.8073501586914
2025-01-06,583.8892211914062,520.1217651367188,27.93307113647461,26.098039627075195,24.510591506958008,93.8073501586914
2025-01-07,577.2888793945312,510.8405456542969,27.785268783569336,26.16500473022461,24.58529281616211,93.8260498046875
2025-01-08,578.1322631835938,510.9299011230469,27.634586334228516,26.078907012939453,24.734689712524414,93.84473419189453
2025-01-09,578.1322631835938,510.9299011230469,27.634586334228516,26.078907012939453,24.734689712524414,93.84473419189453
2025-01-10,569.3056640625,502.9179382324219,27.36297035217285,26.107608795166016,24.996139526367188,93.88211059570312
2025-01-13,570.1882934570312,501.3016662597656,27.58371925354004,26.29893684387207,25.070837020874023,93.90082550048828
2025-01-14,570.972900390625,500.8256530761719,27.7008113861084,26.442441940307617,24.8747501373291,93.91019439697266
2025-01-15,581.3589477539062,512.3478393554688,28.059762954711914,26.672040939331055,24.90276336669922,93.91949462890625
2025-01-16,580.2408447265625,508.7583312988281,28.244998931884766,26.758142471313477,24.8747501373291,93.91949462890625
2025-01-17,586.06640625,517.3453369140625,28.37264633178711,26.882511138916016,24.958786010742188,93.96623992919922
2025-01-21,591.430908203125,520.3795166015625,28.73063850402832,27.03557586669922,24.69734001159668,93.97559356689453
2025-01-22,594.7557373046875,527.0331420898438,28.65673828125,26.825111389160156,24.753368377685547,93.99427032470703
2025-01-23,598.0018920898438,528.1535034179688,28.692251205444336,26.93034553527832,24.8187255859375,94.0036392211914
2025-01-24,596.256103515625,525.1688842773438,28.71720314025879,26.939910888671875,24.63197898864746,94.03166198730469
2025-01-27,587.822021484375,509.8788146972656,28.4619083404541,26.710308074951172,24.46390724182129,94.03166198730469
2025-01-28,592.8726806640625,517.4148559570312,28.609708786010742,26.605073928833008,24.64131736755371,94.05970764160156
2025-01-29,590.21484375,516.4430541992188,28.43311309814453,26.624208450317383,24.622642517089844,94.05970764160156
2025-01-30,593.3826904296875,518.6443481445312,28.757511138916016,26.8442440032959,24.688003540039062,94.07838439941406
2025-01-31,590.2247314453125,517.8907470703125,28.55980110168457,26.5859432220459,24.71601676940918,94.09711456298828
2025-02-03,586.252685546875,513.7460327148438,28.38512420654297,26.566810607910156,24.76270294189453,94.11866760253906
2025-02-04,590.1854858398438,520.0523071289062,28.544443130493164,26.8442440032959,24.650653839111328,94.13740539550781
2025-02-05,592.5784301757812,522.4122314453125,28.66153907775879,26.882511138916016,24.58529281616211,94.13740539550781
2025-02-06,594.6380004882812,525.13916015625,28.562681198120117,26.882511138916016,24.622642517089844,94.15617370605469
2025-02-07,589.1949462890625,518.5154418945312,28.49549674987793,26.767709732055664,24.71601676940918,94.18431091308594
2025-02-10,593.1963500976562,524.7920532226562,28.586671829223633,27.045143127441406,24.940113067626953,94.20307922363281
2025-02-11,593.6475219726562,523.5426635742188,28.663454055786133,27.083410263061523,24.949451446533203,94.20307922363281
2025-02-12,591.7350463867188,523.8500366210938,28.60011100769043,26.959043502807617,25.00547218322754,94.21245574951172
2025-02-13,597.9822998046875,531.3861083984375,28.863086700439453,27.15037727355957,24.930776596069336,94.23121643066406
2025-02-14,597.952880859375,533.6171875,28.9849796295166,27.140811920166016,24.678667068481445,94.26874542236328
2025-02-18,599.7083740234375,534.8267822265625,28.872684478759766,27.293880462646484,25.05215835571289,94.28751373291016
2025-02-19,601.1206665039062,534.9757080078125,28.898597717285156,27.274744033813477,24.930776596069336,94.28751373291016
2025-02-20,598.6197509765625,532.7049560546875,28.84581184387207,27.36084747314453,24.790712356567383,94.30626678466797
2025-02-21,588.3809814453125,521.6487426757812,28.402400970458984,27.03557586669922,24.529268264770508,94.3437728881836
2025-02-24,585.70361328125,515.4910278320312,28.300662994384766,27.00687599182129,24.482580184936523,94.35311889648438
2025-02-25,582.7906494140625,508.996337890625,28.18357276916504,26.81554412841797,24.2304744720459,94.36254119873047
2025-02-26,583.0850219726562,510.2257995605469,28.173015594482422,26.777273178100586,24.239809036254883,94.36254119873047
2025-02-27,573.77783203125,496.05615234375,27.910037994384766,26.652910232543945,24.21179962158203,94.39067840576172
2025-02-28,582.73193359375,503.8896789550781,28.029048919677734,26.729440689086914,24.14643669128418,94.4094467163086
2025-03-03,572.5224609375,492.8633117675781,27.81406021118164,26.50940704345703,23.987703323364258,94.43107604980469
2025-03-04,565.74560546875,491.3759765625,27.619230270385742,26.385042190551758,23.800954818725586,94.44049072265625
2025-03-05,571.8261108398438,497.781494140625,27.825580596923828,26.547672271728516,23.77294158935547,94.44049072265625
2025-03-06,561.675537109375,484.087890625,27.28523063659668,26.432872772216797,23.65155792236328,94.46871948242188
2025-03-07,564.8236083984375,487.6476135253906,27.70848846435547,26.681608200073242,23.688905715942383,94.49696350097656
2025-03-10,549.779296875,468.7481994628906,27.1988525390625,26.461572647094727,23.240711212158203,94.49696350097656
2025-03-11,545.208984375,467.627685546875,27.10383415222168,26.557241439819336,23.231374740600586,94.51577758789062
2025-03-12,548.1021728515625,472.9029235839844,27.33418083190918,26.547672271728516,23.427459716796875,94.51577758789062
2025-03-13,540.7957153320312,464.3951110839844,27.209407806396484,26.605073928833008,23.446134567260742,94.54399871826172
2025-03-14,551.9663696289062,475.6197814941406,27.69889259338379,26.959043502807617,23.67023277282715,94.5722427368164
2025-03-17,556.22265625,478.7035827636719,27.98394012451172,27.217344284057617,23.76360321044922,94.5816421508789
2025-03-18,550.2108154296875,470.54290771484375,27.862051010131836,27.15037727355957,23.828964233398438,94.5910415649414
2025-03-19,556.2030639648438,476.8394775390625,28.057842254638672,27.30344581604004,23.838306427001953,94.60985565185547
2025-03-20,554.5946655273438,475.2231750488281,27.938833236694336,27.351282119750977,23.77294158935547,94.60985565185547
2025-03-21,554.777587890625,476.7898864746094,27.759355545043945,27.092975616455078,23.76360321044922,94.63809204101562
2025-03-24,564.7128295898438,487.2527160644531,27.948429107666016,27.198211669921875,23.791616439819336,94.65689086914062
2025-03-25,566.0703735351562,490.0332336425781,27.980609893798828,27.274744033813477,23.828964233398438,94.66634368896484
2025-03-26,559.3124389648438,481.0163269042969,27.806058883666992,27.32257652282715,23.838306427001953,94.68515014648438
2025-03-27,557.8270874023438,478.27545166015625,28.01084327697754,27.274744033813477,23.91259002685547,94.69453430175781
2025-03-28,546.5934448242188,465.68353271484375,27.698793411254883,27.188644409179688,23.818557739257812,94.72276306152344
2025-03-31,550.2625122070312,465.6636962890625,27.880168914794922,27.30344581604004,23.752731323242188,94.72276306152344
2025-04-01,551.8167114257812,469.41741943359375,27.977685928344727,27.39911460876465,23.79974937438965,94.747314453125
2025-04-02,555.3087768554688,472.84344482421875,28.10932731628418,27.427814483642578,23.733928680419922,94.75675964355469
2025-04-03,527.9428100585938,447.53045654296875,27.461837768554688,26.796409606933594,23.50824737548828,94.775634765625
2025-04-04,497.0354309082031,419.7348327636719,26.01082992553711,25.3709659576416,23.22614860534668,94.80397033691406
2025-04-07,496.1501159667969,420.74774169921875,25.415996551513672,25.17963409423828,23.17913055419922,94.81341552734375
2025-04-08,488.3790588378906,413.1707763671875,25.145883560180664,24.701295852661133,23.141521453857422,94.81341552734375
2025-04-09,539.6683349609375,462.7639465332031,26.40576171875,25.916271209716797,23.60228157043457,94.83228302001953
2025-04-10,516.0205688476562,443.08160400390625,26.33165168762207,25.447498321533203,23.470630645751953,94.83228302001953
2025-04-11,525.2278442382812,451.2444763183594,27.001571655273438,25.916271209716797,23.55526351928711,94.87950134277344
2025-04-14,530.3232421875,454.3031005859375,27.19659996032715,26.203271865844727,23.451828002929688,94.8889389038086
2025-04-15,528.837890625,454.8095703125,27.25023078918457,26.145872116088867,23.564666748046875,94.89839172363281
2025-04-16,517.0829467773438,441.095458984375,27.372121810913086,26.289371490478516,23.649295806884766,94.91726684570312
2025-04-17,517.8206787109375,441.0160217285156,27.523271560668945,26.57637596130371,23.630491256713867,94.95502471923828
2025-04-21,505.4950866699219,430.10235595703125,27.50669288635254,26.29893684387207,23.611684799194336,94.95502471923828
2025-04-22,518.6470336914062,441.3934020996094,27.815813064575195,26.652910232543945,23.771543502807617,94.96448516845703
2025-04-23,526.6836547851562,451.4033508300781,27.769004821777344,26.566810607910156,23.743328094482422,94.9927978515625
2025-04-24,537.769775390625,464.1045227050781,28.033267974853516,26.968610763549805,23.818557739257812,94.9927978515625
2025-04-25,541.6553344726562,469.27838134765625,27.872371673583984,26.93034553527832,23.931394577026367,95.03057861328125
2025-04-28,541.86181640625,469.12939453125,27.980609893798828,27.02600860595703,23.80915069580078,95.03057861328125
2025-04-29,545.2752685546875,472.2277526855469,28.01084327697754,26.939910888671875,23.743328094482422,95.04000091552734
2025-04-30,545.49169921875,472.16815185546875,27.956233978271484,26.624208450317383,23.752731323242188,95.0683364868164
2025-05-01,549.3575439453125,478.3350524902344,27.85286521911621,26.5859432220459,23.592876434326172,95.08255004882812
2025-05-02,557.5122680664062,485.43536376953125,27.893821716308594,26.825111389160156,23.564666748046875,95.11096954345703
2025-05-05,554.3153076171875,482.5555114746094,27.905527114868164,26.786842346191406,23.6210880279541,95.12044525146484
2025-05-06,549.6821899414062,478.0669250488281,28.171735763549805,26.997312545776367,23.86557388305664,95.12044525146484
2025-05-07,551.9938354492188,479.9438171386719,28.063495635986328,26.920778274536133,23.78094482421875,95.12992095947266
2025-05-08,555.840087890625,484.8991394042969,28.022539138793945,26.83467674255371,23.696313858032227,95.15834045410156
2025-05-09,555.1318359375,484.58135986328125,28.19904136657715,27.016443252563477,23.79974937438965,95.186767578125
2025-05-12,573.4774780273438,504.32330322265625,27.8304386138916,27.073841094970703,23.677505493164062,95.186767578125
2025-05-13,577.2646484375,512.0096435546875,28.13273048400879,27.351282119750977,23.696313858032227,95.20569610595703
2025-05-14,578.00244140625,515.0780639648438,27.8304386138916,27.226911544799805,23.630491256713867,95.2151870727539
2025-05-15,580.8255004882812,515.6441040039062,28.11615562438965,27.293880462646484,23.72452163696289,95.2151870727539
2025-05-16,584.5045776367188,517.8884887695312,28.11810302734375,27.293880462646484,23.686912536621094,95.2530517578125
2025-05-19,585.1439819335938,518.3849487304688,28.341407775878906,27.408679962158203,23.715118408203125,95.26254272460938
2025-05-20,583.1765747070312,516.6571044921875,28.527660369873047,27.50434684753418,23.76213836669922,95.281494140625
2025-05-21,573.3495483398438,509.47723388671875,28.497434616088867,27.36084747314453,23.733928680419922,95.29093933105469
2025-05-22,573.5758056640625,510.43060302734375,28.423322677612305,27.169511795043945,23.686912536621094,95.30989837646484
2025-05-23,569.6608276367188,505.7036437988281,28.4984073638916,27.437379837036133,23.818557739257812,95.33833312988281
2025-05-26,569.6608276367188,505.7036437988281,28.4984073638916,27.437379837036133,23.818557739257812,95.33833312988281
2025-05-27,581.5043334960938,517.6004638671875,28.460378646850586,27.50434684753418,23.752731323242188,95.34780883789062
2025-05-28,578.14013671875,515.3064575195312,28.314105987548828,27.284311294555664,23.715118408203125,95.37621307373047
2025-05-29,580.4223022460938,516.3193969726562,28.41162109375,27.313011169433594,23.752731323242188,95.37621307373047
2025-05-30,579.7730712890625,515.5050659179688,28.4155216217041,27.33214569091797,23.715118408203125,95.40463256835938
2025-06-02,583.0389404296875,519.5767211914062,28.598846435546875,27.62871551513672,23.856170654296875,95.43124389648438
2025-06-03,586.36376953125,523.63818359375,28.69831085205078,27.62871551513672,23.790346145629883,95.44076538085938
2025-06-04,586.2062377929688,525.09814453125,28.715864181518555,27.62871551513672,23.91259002685547,95.45028686523438
2025-06-05,583.3733520507812,521.1456298828125,28.673933029174805,27.733949661254883,23.86557388305664,95.45978546142578
2025-06-06,589.3639526367188,526.239990234375,28.727563858032227,27.772216796875,23.79974937438965,95.48829650878906
2025-06-09,589.8950805664062,527.0146484375,28.80557632446289,27.810482025146484,23.80915069580078,95.497802734375
2025-06-10,593.2396850585938,530.5003051757812,28.79192352294922,27.82961654663086,23.818557739257812,95.50730895996094
2025-06-11,591.5477294921875,528.7127075195312,28.897239685058594,27.94441795349121,23.959604263305664,95.52633666992188
2025-06-12,593.898681640625,529.9540405273438,29.044483184814453,28.068784713745117,24.081850051879883,95.53582763671875
2025-06-13,587.2588500976562,523.3006591796875,28.995729446411133,28.240985870361328,24.15707778930664,95.57386779785156
2025-06-16,592.84619140625,530.5797119140625,29.012306213378906,28.279253005981445,24.10065460205078,95.57386779785156
2025-06-17,587.7802734375,525.4058837890625,28.8299560546875,28.298385620117188,24.119462966918945,95.5833740234375
2025-06-18,587.6917114257812,525.3164672851562,28.765596389770508,28.307952880859375,24.119462966918945,95.60237884521484
2025-06-20,586.3114624023438,523.1715087890625,28.63395118713379,28.250553131103516,24.138267517089844,95.64039611816406
2025-06-23,592.1027221679688,528.551025390625,28.81045150756836,28.135751724243164,24.119462966918945,95.65943908691406
2025-06-24,598.643798828125,536.6336059570312,28.832056045532227,27.94441795349121,24.204092025756836,95.66895294189453
2025-06-25,598.9793090820312,538.0054931640625,28.880159378051758,27.79098892211914,24.222896575927734,95.67843627929688
2025-06-26,603.6655883789062,543.0360107421875,28.996990203857422,28.07082748413086,24.34514045715332,95.68794250488281
2025-06-27,606.664794921875,544.8952026367188,28.93023109436035,28.00328254699707,24.32715606689453,95.72598266601562
2025-06-30,609.5653686523438,548.4244384765625,29.115785598754883,28.07082748413086,24.35555076599121,95.72598266601562
2025-07-01,609.3681030273438,543.801513671875,29.11382293701172,28.244522094726562,24.37448501586914,95.75172424316406
2025-07-02,612.1305541992188,547.5894165039062,29.27090835571289,28.543659210205078,24.440746307373047,95.75172424316406
2025-07-03,616.9549560546875,552.9776611328125,29.295455932617188,28.476112365722656,24.393415451049805,95.79943084716797
2025-07-07,612.357421875,548.812255859375,29.07357406616211,28.283119201660156,24.317691802978516,95.8185043334961
2025-07-08,612.0220336914062,549.1204223632812,29.036264419555664,28.302419662475586,24.336620330810547,95.83758544921875
2025-07-09,615.692138671875,553.0076293945312,29.168804168701172,28.331371307373047,24.383949279785156,95.82805633544922
2025-07-10,617.4285278320312,552.2122192382812,29.217893600463867,28.553308486938477,24.346086502075195,95.84712982177734
2025-07-11,615.2579956054688,550.9696044921875,29.417194366455078,28.6015567779541,24.37448501586914,95.88529968261719
2025-07-14,616.4320678710938,552.9677734375,29.42897605895996,28.51470947265625,24.336620330810547,95.88529968261719
2025-07-15,613.7978515625,553.474853515625,29.121679306030273,28.23487091064453,24.232498168945312,95.89482879638672
2025-07-16,615.8499145507812,554.04150390625,29.280729293823242,28.350666046142578,24.336620330810547,95.9234390258789
2025-07-17,619.6187133789062,558.5252075195312,29.3317813873291,28.4278621673584,24.336620330810547,95.9329833984375
2025-07-18,619.1649780273438,557.9883422851562,29.346508026123047,28.505064010620117,24.402881622314453,95.96159362792969
2025-07-21,620.3390502929688,560.88134765625,29.523229598999023,28.543659210205078,24.497539520263672,95.97113037109375
2025-07-22,620.427734375,557.978515625,29.80205535888672,28.81385040283203,24.554336547851562,95.990234375
2025-07-23,625.7059936523438,560.5235595703125,29.897287368774414,28.91034698486328,24.611129760742188,95.9997787475586
2025-07-24,625.9131469726562,561.716552734375,29.832490921020508,28.804201126098633,24.56380271911621,96.00932312011719
2025-07-25,628.5572509765625,563.0685424804688,29.675403594970703,28.784900665283203,24.544870376586914,96.02838897705078
2025-07-28,628.3994750976562,564.8283081054688,29.48297691345215,28.63050651550293,24.440746307373047,96.0570068359375
2025-07-29,626.741943359375,563.9534301757812,29.535011291503906,28.707706451416016,24.421815872192383,96.0570068359375
2025-07-30,625.95263671875,564.7089233398438,29.252256393432617,28.398914337158203,24.260894775390625,96.0760726928711
2025-07-31,623.6046752929688,561.716552734375,29.17371368408203,28.23487091064453,24.24196434020996,96.08562469482422
2025-08-01,613.3834838867188,550.6513671875,29.13443946838379,28.196271896362305,24.071578979492188,96.11624908447266
2025-08-04,622.7067260742188,560.811767578125,29.501628875732422,28.341020584106445,24.251428604125977,96.13542175292969
2025-08-05,619.5496215820312,557.004150390625,29.469228744506836,28.45681381225586,24.24196434020996,96.14498138427734
2025-08-06,624.2952270507812,564.0131225585938,29.76769256591797,28.44716453552246,24.270360946655273,96.1545639038086
2025-08-07,623.7722778320312,565.9218139648438,29.846235275268555,28.591909408569336,24.37448501586914,96.1545639038086
2025-08-08,628.63623046875,571.200927734375,29.86587142944336,28.640155792236328,24.37448501586914,96.20243835449219
2025-08-11,627.39306640625,569.5108032226562,29.866853713989258,28.534011840820312,24.346086502075195,96.21200561523438
2025-08-12,634.0723266601562,576.6688842773438,30.08284568786621,28.72700309753418,24.535402297973633,96.21200561523438
2025-08-13,636.242919921875,576.9571533203125,30.208513259887695,28.852449417114258,24.667926788330078,96.23116302490234
2025-08-14,636.302001953125,576.509765625,30.05339241027832,28.74630355834961,24.582731246948242,96.24073791503906
2025-08-15,634.8123168945312,573.974609375,30.027864456176758,28.73665428161621,24.535402297973633,96.26946258544922
2025-08-18,634.6741333007812,573.7459106445312,30.0916805267334,28.640155792236328,24.573266983032227,96.29817199707031
2025-08-19,631.23095703125,565.9616088867188,29.88550567626953,28.678756713867188,24.440746307373047,96.29817199707031
2025-08-20,629.5537109375,562.601318359375,29.905141830444336,28.81385040283203,24.4123477935791,96.31732177734375
2025-08-21,627.028076171875,559.9966430664062,29.91299819946289,28.862098693847656,24.4123477935791,96.31732177734375
2025-08-22,636.6572265625,568.635986328125,30.435304641723633,29.257734298706055,24.762584686279297,96.3556137084961
2025-08-25,633.855224609375,566.99560546875,30.15549659729004,29.190187454223633,24.64899444580078,96.3747787475586
2025-08-26,636.5092163085938,569.2721557617188,30.15157127380371,29.170888900756836,24.620595932006836,96.3747787475586
2025-08-27,637.9595336914062,570.1471557617188,30.187896728515625,29.19983673095703,24.611129760742188,96.38433837890625
2025-08-28,640.21875,573.7161865234375,30.35676383972168,29.22878646850586,24.69632339477539,96.3939208984375
2025-08-29,636.4006958007812,567.0751342773438,30.28803825378418,29.325281143188477,24.56380271911621,96.45136260986328
2025-09-02,631.6847534179688,562.322998046875,30.220293045043945,29.267383575439453,24.630062103271484,96.46097564697266
2025-09-03,635.1082763671875,566.7470092773438,30.35479736328125,29.161237716674805,24.724720001220703,96.4705810546875
2025-09-04,640.4160766601562,571.8768920898438,30.376399993896484,29.161237716674805,24.87617301940918,96.48978424072266
2025-09-05,638.561279296875,572.7020874023438,30.62773323059082,29.151586532592773,24.96136474609375,96.50901794433594
2025-09-08,640.1298828125,575.4957275390625,30.823110580444336,29.22878646850586,25.169612884521484,96.53785705566406
2025-09-09,641.6098022460938,577.1260986328125,30.754384994506836,29.257734298706055,25.198013305664062,96.53785705566406
2025-09-10,643.4646606445312,577.3150634765625,30.945833206176758,29.441076278686523,25.32106590270996,96.54745483398438
2025-09-11,648.81201171875,580.6754150390625,31.205026626586914,29.59547233581543,25.51038360595703,96.5666732788086
2025-09-12,648.594970703125,583.2402954101562,31.267858505249023,29.58582305908203,25.500917434692383,96.59548950195312
2025-09-15,652.0479736328125,588.2310180664062,31.4671573638916,29.730567932128906,25.709165573120117,96.59548950195312
2025-09-16,651.150146484375,587.73388671875,31.456361770629883,29.77881622314453,25.661834716796875,96.61470794677734
2025-09-17,650.3412475585938,586.5609130859375,31.289459228515625,29.624422073364258,25.623971939086914,96.62429809570312
2025-09-18,653.3799438476562,591.849853515625,31.246259689331055,29.527923583984375,25.69969940185547,96.64353942871094
2025-09-19,656.6160278320312,595.8562622070312,31.386653900146484,29.470027923583984,25.709165573120117,96.68196105957031
2025-09-22,659.7224731445312,599.3837280273438,31.62326431274414,29.614770889282227,25.813289642333984,96.68196105957031
2025-09-23,656.1312255859375,595.4025268554688,31.5593204498291,29.69196891784668,25.841684341430664,96.70118713378906
2025-09-24,654.0436401367188,593.3123168945312,31.13629913330078,29.739402770996094,25.803823471069336,96.7107925415039
2025-09-25,651.0263061523438,590.75439453125,30.968074798583984,29.768447875976562,25.794357299804688,96.72041320800781
2025-09-26,654.7560424804688,593.182861328125,31.53374481201172,29.92333984375,25.851150512695312,96.74922180175781
2025-09-29,656.5962524414062,595.9299926757812,31.675405502319336,29.894296646118164,25.956768035888672,96.75883483886719
2025-09-30,659.0695190429688,597.5623168945312,31.8091983795166,29.894296646118164,25.985313415527344,96.75883483886719
2025-10-01,661.3153076171875,600.4288330078125,32.034481048583984,29.971742630004883,26.080463409423828,96.77523803710938
2025-10-02,662.0770263671875,602.8972778320312,31.99513053894043,29.92333984375,26.11852264404297,96.78486633300781
2025-10-03,662.0671997070312,600.3591918945312,32.021690368652344,30.097593307495117,26.223186492919922,96.82343292236328
2025-10-06,664.4415283203125,604.8680419921875,32.40437698364258,30.165359497070312,26.736995697021484,96.82343292236328
2025-10-07,661.9781494140625,601.6830444335938,32.12793731689453,30.14599609375,26.794082641601562,96.84272003173828
2025-10-08,665.925537109375,608.58056640625,32.384700775146484,30.252485275268555,27.136621475219727,96.85234832763672
2025-10-09,663.996337890625,607.843994140625,32.038414001464844,30.039508819580078,26.822628021240234,96.86199188232422
2025-10-10,646.0499877929688,586.7431640625,31.5425968170166,29.65227699279785,25.86161994934082,96.91021728515625
2025-10-13,655.9630126953125,599.1946411132812,32.08071517944336,30.078231811523438,26.613298416137695,96.90057373046875
2025-10-14,655.1616821289062,595.2034301757812,32.00398635864258,30.068552017211914,26.65135955810547,96.91021728515625
2025-10-15,658.0703125,599.4036865234375,32.44766616821289,30.271848678588867,26.83214569091797,96.92950439453125
2025-10-16,653.5887451171875,597.1841430664062,32.525386810302734,30.233123779296875,27.00341033935547,96.93913269042969
2025-10-17,657.2986450195312,601.1056518554688,32.18302917480469,30.058870315551758,26.851171493530273,96.96805572509766
2025-10-20,664.1348876953125,608.6800537109375,32.54603958129883,30.378334045410156,27.307891845703125,96.97770690917969
2025-10-21,664.1249389648438,608.5208740234375,31.982337951660156,29.92333984375,27.050987243652344,96.99698638916016
2025-10-22,660.6722412109375,602.6583862304688,31.91151237487793,30.078231811523438,26.974868774414062,97.00662994384766
2025-10-23,664.5899658203125,607.724609375,32.18106460571289,30.310571670532227,27.00341033935547,97.01626586914062
2025-10-24,670.0213623046875,614.2140502929688,32.35617446899414,30.310571670532227,27.117591857910156,97.04519653320312
2025-10-27,677.9260864257812,625.1527709960938,32.32567596435547,30.204082489013672,27.18419647216797,97.05484771728516
2025-10-28,679.7265625,629.9601440429688,32.31977462768555,30.097593307495117,27.098562240600586,97.0644760131836
2025-10-29,680.0531616210938,632.7967529296875,32.23123550415039,30.097593307495117,27.00341033935547,97.07412719726562
2025-10-30,672.5738525390625,623.1221923828125,32.25287628173828,30.010467529296875,27.03195571899414,97.0837631225586
2025-10-31,674.780029296875,626.1281127929688,32.152530670166016,30.010467529296875,26.993898391723633,97.1126937866211
2025-11-03,676.04638671875,629.1240844726562,32.1436767578125,30.010467529296875,27.041473388671875,97.13978576660156
2025-11-04,668.0328369140625,616.35400390625,31.57014274597168,29.671640396118164,26.67990493774414,97.13978576660156
2025-11-05,670.3478393554688,620.365234375,31.855436325073242,29.78780746459961,26.822628021240234,97.15912628173828
2025-11-06,663.1554565429688,608.8095703125,31.78657341003418,29.82653045654297,26.70844841003418,97.1688003540039
2025-11-07,663.808349609375,606.8884887695312,31.965614318847656,30.058870315551758,26.784568786621094,97.19782257080078
2025-11-10,674.1666870117188,620.3154296875,32.4919319152832,30.358976364135742,27.089046478271484,97.20751953125
2025-11-11,675.7099609375,618.6632690429688,32.554893493652344,30.5913143157959,27.260316848754883,97.21719360351562
2025-11-12,676.0859375,618.175537109375,32.755584716796875,30.620357513427734,27.50770378112793,97.22686004638672
2025-11-13,664.8670043945312,605.5548095703125,32.25779724121094,30.3976993560791,27.21274185180664,97.23653411865234
2025-11-14,664.7581176757812,606.0125732421875,32.17024230957031,30.388015747070312,27.03195571899414,97.26556396484375
2025-11-17,658.5648803710938,600.8369140625,31.915447235107422,30.19440269470215,26.974868774414062,97.27523040771484
2025-11-18,653.0345458984375,593.5213012695312,31.73639488220215,30.24280548095703,26.95583724975586,97.27523040771484
2025-11-19,655.5574340820312,597.0646362304688,31.65081214904785,30.087913513183594,27.117591857910156,97.29457092285156
2025-11-20,645.5652465820312,582.93115234375,31.233694076538086,29.739402770996094,27.127107620239258,97.31393432617188
2025-11-21,651.995849609375,587.3104858398438,31.349777221679688,29.816850662231445,27.089046478271484,97.33328247070312
2025-11-24,661.59228515625,602.3299560546875,31.775747299194336,30.097593307495117,27.307891845703125,97.34295654296875
2025-11-25,667.8151245117188,606.0425415039062,31.940038681030273,30.213764190673828,27.374496459960938,97.36231231689453
2025-11-26,672.4254760742188,611.3973388671875,32.27058792114258,30.55259132385254,27.526735305786133,97.37199401855469
2025-11-28,676.0958251953125,616.35400390625,32.612937927246094,30.784931182861328,27.50770378112793,97.40100860595703
2025-12-01,673.0090942382812,614.2837524414062,32.527347564697266,30.755889892578125,27.279346466064453,97.42332458496094
2025-12-02,674.2557373046875,619.0911865234375,32.523414611816406,30.649398803710938,27.3554630279541,97.44274139404297
2025-12-03,676.5905151367188,620.6041870117188,32.65129852294922,30.784931182861328,27.374496459960938,97.45246124267578
2025-12-04,677.085205078125,620.0267944335938,32.638511657714844,30.901100158691406,27.26983070373535,97.47187805175781
2025-12-05,678.3712768554688,622.5548706054688,32.64540100097656,30.804290771484375,27.288860321044922,97.50096893310547
2025-12-08,676.3333129882812,621.360595703125,32.53325271606445,30.581632614135742,27.26983070373535,97.50096893310547
2025-12-09,675.7495727539062,622.1268920898438,32.601131439208984,30.57195281982422,27.431583404541016,97.51068878173828
2025-12-10,680.2312622070312,624.6749267578125,32.82444763183594,30.697803497314453,27.5362491607666,97.51068878173828
2025-12-11,681.814208984375,622.6544799804688,33.131385803222656,31.017269134521484,27.621885299682617,97.53009796142578
2025-12-12,674.4832763671875,610.7503662109375,32.8765869140625,30.843013763427734,27.564794540405273,97.56890106201172
2025-12-15,673.4641723632812,607.6847534179688,33.006446838378906,30.823654174804688,27.526735305786133,97.56890106201172
2025-12-16,671.6240844726562,608.8890991210938,32.82051086425781,30.484827041625977,27.44110107421875,97.57861328125
2025-12-17,664.2338256835938,597.60205078125,32.60703659057617,30.7171630859375,27.498188018798828,97.59803771972656
2025-12-18,669.2496337890625,606.2614135742188,32.79887008666992,30.697803497314453,27.5362491607666,97.59803771972656
2025-12-19,675.3153686523438,614.164306640625,32.99562454223633,30.81397247314453,27.878786087036133,97.63990783691406
2025-12-22,679.5224609375,617.1082763671875,33.39109802246094,31.094715118408203,27.98345184326172,97.63990783691406
2025-12-23,682.628173828125,619.9984741210938,33.6024169921875,31.307695388793945,28.04054069519043,97.64964294433594
2025-12-24,685.0294799804688,621.812255859375,33.67483901977539,31.336734771728516,28.01199722290039,97.66910552978516
2025-12-26,684.9600219726562,621.7723999023438,33.81869888305664,31.4141845703125,28.192779541015625,97.69831848144531
2025-12-29,682.51904296875,618.7626342773438,33.394073486328125,31.16510009765625,27.859758377075195,97.71778869628906
2025-12-30,681.685546875,617.3275146484375,33.563724517822266,31.293594360351562,27.88750457763672,97.72752380371094
2025-12-31,676.635009765625,612.2249145507812,33.2601432800293,31.086027145385742,27.808223724365234,97.73725891113281
2026-01-02,677.8753051757812,611.0390014648438,33.444671630859375,31.40232276916504,27.897417068481445,97.76648712158203
2026-01-05,682.3900756835938,615.8923950195312,33.85837936401367,31.66919708251953,28.105531692504883,97.7762222290039
2026-01-06,686.4483642578125,621.3040161132812,34.22941970825195,31.78780746459961,28.184814453125,97.78597259521484
2026-01-07,684.2356567382812,621.9019775390625,33.99528884887695,31.49127960205078,28.0757999420166,97.79570007324219
2026-01-08,684.1661987304688,618.364013671875,33.968502044677734,31.75815773010254,28.026248931884766,97.80542755126953
2026-01-09,688.6908569335938,624.5230102539062,34.33061599731445,31.975605010986328,28.24427604675293,97.82490539550781
2026-01-12,689.7723999023438,625.041259765625,34.773094177246094,32.17329788208008,28.591135025024414,97.84437561035156
2026-01-13,688.3931884765625,624.1144409179688,34.49530792236328,32.232601165771484,28.551494598388672,97.85411071777344
2026-01-14,685.0095825195312,617.4470825195312,34.794918060302734,32.59831619262695,28.650596618652344,97.86385345458984
2026-01-15,686.8750610351562,619.6695556640625,35.07766342163086,32.578548431396484,28.601045608520508,97.87357330322266
2026-01-16,686.2994995117188,619.1513061523438,35.046913146972656,32.56866455078125,28.452390670776367,97.91253662109375
2026-01-20,672.32861328125,605.9961547851562,34.94175338745117,32.66750717163086,28.501943588256836,97.91253662109375
2026-01-21,680.0880737304688,614.1882934570312,35.42391586303711,33.03322219848633,28.928085327148438,97.91253662109375
2026-01-22,683.6403198242188,618.6530151367188,35.91301727294922,33.12218475341797,29.225393295288086,97.93199920654297
2026-01-23,683.8883056640625,620.6063232421875,35.874324798583984,33.4879035949707,29.096561431884766,97.96121978759766
2026-01-26,687.3612670898438,623.337158203125,36.221553802490234,33.55709457397461,29.03709602355957,97.97096252441406
2026-01-27,690.0997924804688,628.9878540039062,36.70768737792969,33.982112884521484,29.60198402404785,97.97096252441406
2026-01-28,690.0303344726562,631.0706787109375,36.98051452636719,34.16991424560547,29.800188064575195,97.99041748046875
2026-01-29,688.6610717773438,627.2935791015625,37.02317810058594,34.33795166015625,29.919113159179688,98.00016021728516
2026-01-30,686.607177734375,619.7592163085938,35.69872283935547,33.49778747558594,28.928085327148438,98.0196304321289
2026-02-02,690.0204467773438,624.0148315429688,35.611419677734375,33.0628776550293,28.809162139892578,98.0284194946289
2026-02-03,684.18603515625,614.427490234375,36.161041259765625,33.8338508605957,29.33440589904785,98.04795837402344
2026-02-04,680.8719482421875,603.6939086914062,36.17195510864258,33.87338638305664,29.41368865966797,98.05772399902344
2026-02-05,672.3683471679688,595.0036010742188,35.45169448852539,33.448360443115234,28.93799591064453,98.05772399902344
2026-02-06,685.267578125,607.5807495117188,36.520179748535156,33.95246124267578,29.889379501342773,98.08704376220703
2026-02-09,688.57177734375,612.23486328125,37.10551834106445,34.45656204223633,30.34525489807129,98.10655975341797
2026-02-10,686.7559204101562,609.39453125,36.90312957763672,34.44667434692383,30.246150970458984,98.11631774902344
2026-02-11,686.5972290039062,611.0289916992188,37.28707504272461,34.92112731933594,30.355161666870117,98.11631774902344
2026-02-12,675.9901123046875,598.6013793945312,36.866424560546875,34.43679428100586,29.889379501342773,98.13587188720703
2026-02-13,676.46630859375,599.876953125,36.82475662231445,34.683895111083984,30.107404708862305,98.17491912841797
2026-02-17,677.5578002929688,599.259033203125,36.58169174194336,34.4664421081543,29.909202575683594,98.17491912841797
2026-02-18,680.9711303710938,603.73388671875,36.8832893371582,34.70366668701172,30.275882720947266,98.1944580078125
2026-02-19,679.1751708984375,601.421630859375,36.9844856262207,34.8519287109375,30.335344314575195,98.20423126220703
2026-02-20,684.0868530273438,606.7435302734375,37.3912467956543,35.00019454956055,30.692113876342773,98.2237548828125
2026-02-23,677.1013793945312,599.36865234375,37.37338638305664,35.138572692871094,30.672292709350586,98.24329376220703
2026-02-24,682.0228881835938,605.8067626953125,37.548988342285156,35.276954650878906,30.83085823059082,98.24329376220703
2026-02-25,687.7780151367188,614.5868530273438,37.89324951171875,35.38568115234375,31.038970947265625,98.25306701660156
2026-02-26,683.957763671875,607.1721801757812,37.76923370361328,35.43510437011719,30.959692001342773,98.2726058959961
2026-02-27,680.6734619140625,605.228759765625,37.86745071411133,35.70197677612305,31.187625885009766,98.29212188720703
2026-03-02,681.0604248046875,606.0260620117188,37.684906005859375,35.88977813720703,31.00924301147461,98.30387115478516
2026-03-03,675.057373046875,599.5381469726562,36.51919174194336,35.25718307495117,30.047945022583008,98.3234634399414
2026-03-04,679.8201904296875,608.6769409179688,36.7275276184082,35.326377868652344,30.335344314575195,98.3234634399414
2026-03-05,676.0297241210938,606.84326171875,36.19973373413086,35.06938552856445,29.978574752807617,98.3332748413086
2026-03-06,667.1688842773438,597.71435546875,36.137229919433594,35.25718307495117,30.53354835510254,98.37242889404297
2026-03-09,673.0133056640625,605.6971435546875,36.260250091552734,35.276954650878906,30.5930118560791,98.3822250366211
2026-03-10,671.9317626953125,605.7071533203125,36.470577239990234,35.33626174926758,30.6524715423584,98.3822250366211
2026-03-11,671.08837890625,605.6273193359375,36.43089294433594,35.61301803588867,30.612831115722656,98.40182495117188
2026-03-12,660.89794921875,595.2327880859375,36.030086517333984,35.721744537353516,30.622739791870117,98.41160583496094
2026-03-13,657.1571655273438,591.7047729492188,35.378273010253906,35.44498825073242,30.38489532470703,98.44097900390625
2026-03-16,663.844970703125,598.3422241210938,35.79098892211914,35.51417541503906,30.543458938598633,98.44097900390625
2026-03-17,665.5912475585938,601.2622680664062,35.97651290893555,35.77116775512695,30.791215896606445,98.4605712890625
2026-03-18,656.3037719726562,592.880859375,35.54494857788086,35.50429153442383,30.53354835510254,98.47037506103516
2026-03-19,654.6864013671875,591.0071411132812,35.1451301574707,35.316490173339844,29.96866226196289,98.47037506103516
2026-03-20,645.301025390625,580.0843505859375,34.26712417602539,34.79262924194336,29.542522430419922,98.4997329711914
2026-03-23,652.07666015625,586.7431640625,34.82071304321289,34.73331832885742,29.284852981567383,98.4997329711914
2026-03-24,649.8877563476562,582.731689453125,34.731422424316406,35.17811584472656,29.443418502807617,98.52912902832031
2026-03-25,653.5093994140625,586.5635375976562,35.22407150268555,35.38568115234375,29.641624450683594,98.52912902832031
2026-03-26,641.8385620117188,572.5634765625,34.640045166015625,35.252113342285156,29.59207534790039,98.53892517089844
2026-03-27,630.8939819335938,561.3775024414062,34.708580017089844,35.49946212768555,29.95875358581543,98.56829833984375
2026-03-30,628.78466796875,557.086669921875,34.61422348022461,35.568721771240234,30.0572509765625,98.57808685302734
2026-03-31,647.0620727539062,575.9462280273438,35.528995513916016,35.766597747802734,29.997554779052734,98.57808685302734
2026-04-01,651.9373779296875,583.06103515625,35.930259704589844,35.717124938964844,30.0572509765625,98.60067749023438
2026-04-02,652.5244140625,583.7295532226562,35.732608795166016,35.964473724365234,30.15674591064453,98.63996887207031
2026-04-06,655.6088256835938,587.2420654296875,35.88854217529297,36.004051208496094,30.286088943481445,98.64978790283203
2026-04-07,655.8972778320312,587.3319091796875,36.35834503173828,35.964473724365234,30.276140213012695,98.65959930419922
2026-04-08,672.6027221679688,604.7944946289062,36.464622497558594,36.1425666809082,30.02740478515625,98.65959930419922
2026-04-09,676.4829711914062,608.8857421875,36.62949752807617,36.1425666809082,30.1169490814209,98.66943359375
2026-04-10,676.0353393554688,609.7638549804688,36.6602897644043,36.05352020263672,30.176645278930664,98.7087173461914
2026-04-13,682.641845703125,616.0703125,36.83311080932617,36.23160934448242,30.286088943481445,98.71854400634766
2026-04-14,690.959716796875,627.2562866210938,36.958255767822266,36.162357330322266,30.14679718017578,98.71854400634766
2026-04-15,696.412109375,636.0375366210938,36.7178955078125,36.04362869262695,30.10700035095215,98.7381820678711
2026-04-16,698.1234130859375,639.1009521484375,36.87085723876953,36.13267135620117,30.266189575195312,98.7381820678711
2026-04-17,706.5607299804688,647.4630126953125,37.0734748840332,35.91500473022461,29.818464279174805,98.76763916015625
2026-04-20,705.1477661132812,645.4074096679688,37.11121368408203,36.004051208496094,30.017454147338867,98.77747344970703
2026-04-21,700.53125,642.9526977539062,36.56990432739258,35.87542724609375,30.176645278930664,98.79711151123047
2026-04-22,707.6253051757812,653.709716796875,36.91852569580078,36.11288833618164,30.256240844726562,98.80693817138672
2026-04-23,704.8792114257812,650.0275268554688,36.850990295410156,36.192039489746094,30.315937042236328,98.81676483154297
2026-04-24,710.341552734375,662.4609375,36.88774108886719,36.20193099975586,30.355735778808594,98.8462142944336
2026-04-27,711.5653076171875,662.8101806640625,36.838077545166016,36.1821403503418,30.465179443359375,98.8462142944336
2026-04-28,708.1028442382812,656.1444702148438,36.64340591430664,36.23160934448242,30.564672470092773,98.8658676147461
2026-04-29,707.993408203125,660.1558837890625,36.5659294128418,36.23160934448242,30.9626522064209,98.87568664550781
2026-04-30,715.0377197265625,666.3126220703125,37.120155334472656,36.69662857055664,30.405481338500977,98.87568664550781
2026-05-01,717.0177001953125,672.708984375,36.92747116088867,36.58779525756836,30.375635147094727,98.91312408447266
2026-05-04,714.3909912109375,671.4417114257812,36.77947235107422,36.51853561401367,30.544775009155273,98.9229736328125
2026-05-05,720.1220092773438,680.1530151367188,37.017852783203125,36.77577590942383,30.584571838378906,98.93282318115234
2026-05-06,730.1312866210938,694.2827758789062,37.31582260131836,36.62737274169922,30.296039581298828,98.94267272949219
2026-05-07,727.8926391601562,693.4545288085938,36.92845916748047,36.23160934448242,30.395532608032227,98.95252227783203
2026-05-08,733.9021606445312,709.709716796875,37.206565856933594,36.31076431274414,30.534826278686523,98.9820785522461
2026-05-11,735.5736694335938,711.7652587890625,37.64259338378906,36.81535339355469,30.863157272338867,98.99192810058594
2026-05-12,734.4593505859375,705.7282104492188,37.53830337524414,37.00334167480469,30.863157272338867,99.00177764892578
2026-05-13,738.5685424804688,713.1823120117188,37.54526138305664,36.9142951965332,30.9626522064209,99.01162719726562
2026-05-14,744.3989868164062,718.2514038085938,37.4459342956543,36.746097564697266,31.08204460144043,99.02147674560547
2026-05-15,735.4443969726562,707.4146728515625,36.82814407348633,36.31076431274414,31.072093963623047,99.05103302001953
2026-05-18,734.927001953125,704.3711547851562,36.96421813964844,36.5680046081543,31.151689529418945,99.06087493896484
2026-05-19,730.0317993164062,700.030517578125,36.71689987182617,36.44927978515625,31.161640167236328,99.07072448730469
2026-05-20,737.5138549804688,711.6256713867188,36.958255767822266,36.399810791015625,30.952701568603516,99.0805892944336
2026-05-21,738.9764404296875,712.9827270507812,36.89568328857422,36.350341796875,30.952701568603516,99.0805892944336
2026-05-22,741.8817749023438,716.0062255859375,36.91455841064453,36.38002395629883,30.932802200317383,99.12983703613281
2026-05-25,741.8817749023438,716.0062255859375,36.91455841064453,36.38002395629883,30.932802200317383,99.12983703613281
2026-05-26,746.8068237304688,728.7190551757812,37.061553955078125,36.360233306884766,31.01239776611328,99.13968658447266
2026-05-27,746.677490234375,727.8908081054688,36.77053451538086,36.12277603149414,30.853206634521484,99.14954376220703
2026-05-28,750.7965698242188,734.027587890625,36.92051696777344,36.22172164916992,30.883056640625,99.14954376220703
2026-05-29,752.6671142578125,736.7318115234375,36.86489486694336,36.11288833618164,30.843257904052734,99.16923522949219
2026-06-01,754.7167358398438,741.1524047851562,36.958255767822266,36.073307037353516,31.131792068481445,99.1978988647461
2026-06-02,755.7415771484375,744.5650024414062,37.31681442260742,36.51853561401367,31.251184463500977,99.1978988647461
2026-06-03,750.4384155273438,742.6192626953125,37.103271484375,36.40970230102539,31.26113510131836,99.2077865600586
2026-06-04,753.2740478515625,739.0269165039062,37.19266128540039,36.360233306884766,31.131792068481445,99.21765899658203
2026-06-05,733.83251953125,703.5529174804688,36.06435012817383,35.568721771240234,30.504976272583008,99.2472915649414
2026-06-08,735.4940795898438,714.5393676757812,36.25504684448242,35.54893112182617,30.713916778564453,99.25717163085938
2026-06-09,733.3350219726562,706.3169555664062,35.9173469543457,35.45988464355469,30.624370574951172,99.2670669555664
2026-06-10,721.7736206054688,692.2072143554688,35.575679779052734,35.29168701171875,30.644268035888672,99.27694702148438
2026-06-11,734.04150390625,715.5870971679688,36.39211654663086,35.58850860595703,30.584571838378906,99.28681945800781
2026-06-12,738.0113525390625,719.798095703125,36.4566764831543,35.7567024230957,30.664167404174805,99.30657958984375
2026-06-15,751.0254516601562,742.40966796875,36.85496139526367,35.66765594482422,30.72386360168457,99.32633972167969
2026-06-16,746.5481567382812,728.2998657226562,36.669227600097656,35.54893112182617,30.475128173828125,99.33621978759766
2026-06-17,737.225341796875,720.965576171875,36.36529541015625,35.12348937988281,30.51492691040039,99.34609985351562
2026-06-18,744.8902587890625,739.0369262695312,36.272926330566406,34.994869232177734,30.763662338256836,99.3856201171875
2026-06-22,742.546142578125,737.1818237304688,36.25703811645508,34.87614440917969,30.80345916748047,99.39550018310547
2026-06-23,731.7628784179688,712.9071655273438,35.588748931884766,34.609004974365234,30.41543197631836,99.40538024902344
2026-06-24,731.4237060546875,709.8803100585938,35.01222610473633,34.223140716552734,30.286088943481445,99.4152603149414
2026-06-25,732.4810791015625,715.63427734375,35.22468185424805,34.66127395629883,30.365684509277344,99.42513275146484
2026-06-26,727.1842651367188,705.7846069335938,35.19675064086914,34.5814323425293,30.10700035095215,99.44490051269531
2026-06-29,739.1644897460938,723.3262939453125,35.234657287597656,34.441707611083984,30.3700008392334,99.46466064453125
2026-06-30,744.9202270507812,735.6334838867188,35.51892852783203,34.441707611083984,30.610000610351562,99.46466064453125
2026-07-01,743.9127197265625,724.4151000976562,35.1448860168457,34.212162017822266,30.520000457763672,99.49043273925781
2026-07-02,742.9351806640625,711.8582153320312,35.25959014892578,34.5814323425293,30.329999923706055,99.53006744384766
2026-07-06,749.4190673828125,722.067626953125,35.703453063964844,34.72115707397461,30.649999618530273,99.53006744384766
2026-07-07,745.85791015625,708.6915283203125,35.36432647705078,34.84091567993164,30.68000030517578,99.54988098144531
2026-07-08,743.5536499023438,710.699462890625,35.548851013183594,34.87085723876953,30.799999237060547,99.55979919433594
2026-07-09,749.8480224609375,722.5271606445312,35.67353057861328,34.74111557006836,30.760000228881836,99.56970977783203
2026-07-10,753.0799560546875,724.7548217773438,35.907928466796875,34.94071960449219,30.799999237060547,99.58952331542969
2026-07-13,747.3142700195312,710.9990844726562,35.83810806274414,35.2002067565918,30.989999771118164,99.60933685302734
2026-07-14,749.9677124023438,718.9408569335938,36.14033508300781,35.449710845947266,31.020000457763672,99.60933685302734
2026-07-15,752.9403076171875,716.9928588867188,36.16227722167969,35.449710845947266,30.989999771118164,99.62915802001953
2026-07-16,748.8604125976562,705.2051391601562,36.00867462158203,35.2900276184082,30.8799991607666,99.63906860351562
2026-07-17,741.4487915039062,694.606201171875,35.94782638549805,35.5295524597168,30.8700008392334,99.6688003540039
2026-07-20,740.2518310546875,695.33544921875,35.90393829345703,35.41977310180664,30.940000534057617,99.67870330810547
2026-07-21,746.426513671875,708.2319946289062,36.493431091308594,35.779056549072266,31.31999969482422,99.68861389160156
2026-07-22,745.55859375,704.61572265625,36.67396545410156,36.16828536987305,31.389999389648438,99.68861389160156
2026-07-23,736.3515014648438,691.23974609375,36.58618927001953,36.11838150024414,31.489999771118164,99.69852447509766
2026-07-24,737.099609375,683.5177612304688,36.5851936340332,36.1882438659668,31.40999984741211,99.7282485961914
2026-07-27,737.25927734375,681.4099731445312,36.306907653808594,35.81897735595703,31.270000457763672,99.7381591796875
2026-07-28,739.0248413085938,674.786865234375,36.01665115356445,35.71917724609375,31.040000915527344,99.74807739257812
2026-07-29,727.6531372070312,661.0411376953125,36.00767135620117,35.87886047363281,31.030000686645508,99.76789093017578
2026-07-30,739.852783203125,682.8384399414062,36.6270866394043,36.15830612182617,30.84000015258789,99.7778091430664
2026-07-31,745.1796264648438,687.2738647460938,36.62309646606445,35.988643646240234,30.920000076293945,99.79762268066406
2026-08-03,755.793212890625,699.34130859375,36.536319732666016,35.83893966674805,30.6299991607666,99.81451416015625
2026-08-04,769.4193725585938,723.0964965820312,36.840538024902344,35.88883972167969,30.690000534057617,99.824462890625
2026-08-05,767.8831787109375,716.5533447265625,36.797645568847656,35.96868133544922,30.700000762939453,99.8443374633789
2026-08-06,766.65625,713.9061279296875,36.85150909423828,36.09842300415039,30.940000534057617,99.85427856445312
2026-08-07,771.3446044921875,722.2774047851562,37.10685348510742,36.24812698364258,30.93000030517578,99.87416076660156
2026-08-10,771.1151733398438,720.11962890625,37.35921096801758,36.69723892211914,31.31999969482422,99.89403533935547
2026-08-11,768.6513061523438,717.7021484375,37.37017822265625,36.737159729003906,31.329999923706055,99.90397644042969
2026-08-12,770.5764770507812,722.9467163085938,37.5537109375,36.777076721191406,31.43000030517578,99.91390991210938
2026-08-13,775.9531860351562,731.3079833984375,37.52178955078125,36.58745574951172,31.31999969482422,99.9238510131836
2026-08-14,774.4169921875,730.3090209960938,37.64846420288086,36.757118225097656,31.350000381469727,99.95367431640625
2026-08-17,770.7560424804688,729.1102294921875,37.86491394042969,36.93675994873047,31.540000915527344,99.95367431640625
2026-08-18,765.5490112304688,716.7631225585938,37.57166290283203,36.906822204589844,31.270000457763672,99.96361541748047
2026-08-19,767.1549682617188,715.3345947265625,37.837982177734375,37.33597183227539,30.940000534057617,99.98348999023438
2026-08-20,760.7109985351562,710.18994140625,37.856929779052734,37.48567581176758,31.15999984741211,99.98348999023438
2026-08-21,763.8232421875,712.6973876953125,38.0663948059082,37.75514221191406,31.3700008392334,100.02324676513672
2026-08-24,761.5787963867188,705.5847778320312,37.888851165771484,37.64535903930664,31.25,100.03319549560547
2026-08-25,764.0127563476562,709.9801635742188,37.87089538574219,37.64535903930664,31.010000228881836,100.03319549560547
2026-08-26,764.182373046875,710.6295166015625,37.86989974975586,37.60543441772461,31.079999923706055,100.04313659667969
2026-08-27,769.18994140625,720.359375,38.012535095214844,37.595455169677734,31.219999313354492,100.0530776977539
2026-08-28,767.4442749023438,715.6842651367188,37.93373489379883,37.375892639160156,31.40999984741211,100.08289337158203
2026-08-31,765.1499633789062,716.013916015625,38.06938552856445,37.52559280395508,31.3799991607666,100.08289337158203
2026-09-01,759.89306640625,706.9033813476562,38.1481819152832,37.6353759765625,31.59000015258789,100.10980987548828
2026-09-02,763.2646484375,708.501708984375,38.358646392822266,37.81502151489258,31.5,100.1197738647461
2026-09-03,771.2548217773438,716.9229125976562,38.5391845703125,37.86492156982422,31.40999984741211,100.12975311279297
2026-09-04,768.2822265625,718.2116088867188,38.6728401184082,37.77509689331055,31.440000534057617,100.16963195800781
2026-09-07,768.2822265625,718.2116088867188,38.6728401184082,37.77509689331055,31.440000534057617,100.16963195800781
2026-09-08,764.0626831054688,717.6122436523438,38.84340286254883,38.00464630126953,31.15999984741211,100.17960357666016
2026-09-09,760.5115356445312,715.5643920898438,38.89826202392578,38.08448791503906,31.329999923706055,100.18956756591797
2026-09-10,755.9528198242188,707.9523315429688,38.74665069580078,37.82500076293945,31.920000076293945,100.19953918457031
2026-09-11,762.3967895507812,714.1358642578125,38.86035919189453,37.69525909423828,31.989999771118164,100.21947479248047
2026-09-14,758.9952392578125,708.4417724609375,38.548160552978516,37.3060302734375,31.969999313354492,100.22944641113281
2026-09-15,755.513916015625,703.8065795898438,38.65089797973633,37.615413665771484,32.2400016784668,100.22944641113281
2026-09-16,752.1821899414062,703.9863891601562,38.282840728759766,37.16630935668945,32.119998931884766,100.24939727783203
2026-09-17,760.7109985351562,716.1737060546875,38.57109832763672,37.5156135559082,32.02000045776367,100.25936126708984
2026-09-18,761.6900024414062,720.6990356445312,38.48332595825195,37.216209411621094,32.22999954223633,100.28926849365234
2026-09-21,773.5,741.469970703125,38.61000061035156,37.026580810546875,32.060001373291016,100.29924011230469
2026-09-22,773.3800048828125,747.4600219726562,38.65999984741211,37.20622634887695,31.899999618530273,100.30921173095703
2026-09-23,767.8099975585938,741.2100219726562,38.45399856567383,36.99664306640625,32.459999084472656,100.31918334960938
2026-09-24,767.1799926757812,741.0999755859375,38.45399856567383,36.81699752807617,32.77000045776367,100.31918334960938
2026-09-25,771.3499755859375,744.5,38.42900085449219,36.779998779296875,32.4900016784668,100.35906219482422
2026-09-28,765.6099853515625,736.530029296875,38.21900177001953,36.470001220703125,32.61000061035156,100.36903381347656
2026-09-29,764.2000122070312,737.9299926757812,38.02899932861328,36.310001373291016,32.43000030517578,100.3790054321289
2026-09-30,762.6300048828125,739.77001953125,37.91299819946289,36.189998626708984,32.529998779296875,100.3790054321289
2026-10-01,763.989990234375,742.030029296875,37.974998474121094,36.22999954223633,32.849998474121094,100.41000366210938
2026-10-02,769.6400146484375,749.5800170898438,38.16699981689453,36.380001068115234,32.90999984741211,100.44000244140625
2026-10-05,774.8300170898438,756.2000122070312,38.41600036621094,36.5099983215332,33.130001068115234,100.44999694824219
2026-10-06,779.0900268554688,759.6599731445312,38.54499816894531,36.83000183105469,33.040000915527344,100.45999908447266
2026-10-07,777.219970703125,757.72998046875,38.275001525878906,36.459999084472656,33.06999969482422,100.47000122070312
2026-10-08,773.9299926757812,747.5800170898438,38.387001037597656,36.720001220703125,32.90999984741211,100.47000122070312
2026-10-09,778.5700073242188,751.27001953125,38.47330093383789,36.869998931884766,33.150001525878906,100.51000213623047
