Date,Asset,Action,Price,Shares,Value,Realized_PnL,PnL_Pct,Type
2007-12-31,QQQ,BUY,44.0051,12.0242,529.12,0.0,0.0,OPEN
2007-12-31,SHV,BUY,84.625,76.7844,6497.88,0.0,0.0,OPEN
2007-12-31,BIL,BUY,71.9184,7.8214,562.5,0.0,0.0,OPEN
2007-12-31,GLD,BUY,82.46,29.155,2404.12,0.0,0.0,OPEN
2008-04-30,BIL,SELL,72.44058227539062,-7.821359669883629,-566.583848671627,4.083848671627012,0.007260175416225811,CLOSE
2008-04-30,GLD,SELL,86.6500015258789,-0.9390338073644345,-81.36728084098013,3.934553945419987,0.05081254533017865,REDUCE
2008-04-30,QLD,BUY,1.2339,463.6188,572.04,0.0,0.0,OPEN
2008-04-30,QQQ,BUY,40.5916,1.2323,50.02,0.0,0.0,ADD
2008-04-30,SHV,BUY,85.7251,0.3007,25.78,0.0,0.0,ADD
2008-06-02,QLD,SELL,1.3501585721969604,-463.61877878008676,-625.9588684014204,53.91454699268507,0.09424889816214477,CLOSE
2008-06-02,QQQ,SELL,42.474605560302734,-0.4394918243418641,-18.667241885898534,-0.5331804781917276,-0.027769205701897115,REDUCE
2008-06-02,GLD,SELL,87.95999908447266,-0.09508654240569751,-8.363812182950824,0.5229759832313363,0.06669900631900028,REDUCE
2008-06-02,SHV,BUY,85.7656,0.8649,74.18,0.0,0.0,ADD
2008-06-02,USD,BUY,0.5655,1023.3763,578.74,0.0,0.0,OPEN
2008-06-30,SHV,SELL,85.89826202392578,-0.4654698852990416,-39.98305417166375,0.5848199470240761,0.01484381111319788,REDUCE
2008-06-30,USD,SELL,0.4615195691585541,-1023.3763098794184,-472.3081936226201,-106.42753954248295,-0.1838966102204045,CLOSE
2008-06-30,QQQ,BUY,38.8647,1.1284,43.85,0.0,0.0,ADD
2008-06-30,GLD,BUY,91.4,5.1255,468.47,0.0,0.0,ADD
2008-07-31,QQQ,SELL,39.11423110961914,-0.12192084189485304,-4.768839986954617,-0.5100308481672474,-0.09661741385560407,REDUCE
2008-07-31,SHV,SELL,86.10527038574219,-0.37015678397259466,-31.872449969077024,0.5416933822734855,0.017289508498548267,REDUCE
2008-07-31,GLD,SELL,90.08000183105469,-5.974048041916435,-538.1422585546411,37.28858079656897,0.07445004889148588,REDUCE
2008-07-31,BIL,BUY,72.8159,7.8939,574.8,0.0,0.0,OPEN
2008-09-30,SHV,SELL,86.47753143310547,-1.7005822746111208,-147.0621571072652,3.1217199501862303,0.021687581417997093,REDUCE
2008-09-30,BIL,SELL,73.24356842041016,-7.893863278614033,-578.1747151485301,3.3756335202508283,0.0058727190563498954,CLOSE
2008-09-30,QQQ,BUY,33.5011,2.0284,67.96,0.0,0.0,ADD
2008-09-30,GLD,BUY,85.07,7.7277,657.4,0.0,0.0,ADD
2008-10-31,SHV,SELL,86.6463394165039,-4.271417565939044,-370.10269620797135,8.561992826073642,0.023681960968664484,REDUCE
2008-10-31,GLD,SELL,71.33999633789062,-3.0309139441930015,-216.22538967919036,-38.70539783802998,-0.15182708300940495,REDUCE
2008-10-31,QQQ,BUY,28.318,1.8738,53.06,0.0,0.0,ADD
2008-10-31,BIL,BUY,73.0732,7.3025,533.62,0.0,0.0,OPEN
2008-12-01,BIL,SELL,73.2374267578125,-7.302498770376813,-534.8162188444877,1.1993476183311589,0.0022475818944316384,CLOSE
2008-12-01,QQQ,BUY,23.1865,4.083,94.67,0.0,0.0,ADD
2008-12-01,SHV,BUY,86.957,0.2699,23.47,0.0,0.0,ADD
2008-12-01,GLD,BUY,75.65,5.5074,416.63,0.0,0.0,ADD
2009-03-31,QQQ,SELL,26.186349868774414,-1.2483064644608843,-32.68858982182553,-13.915891932701735,-0.29859557297512296,REDUCE
2009-03-31,GLD,SELL,90.27999877929688,-10.380031673825226,-937.1092468420043,76.94788798394559,0.08945750374801853,REDUCE
2009-03-31,SHV,BUY,87.0264,4.5623,397.04,0.0,0.0,ADD
2009-03-31,USD,BUY,0.1439,3978.2047,572.36,0.0,0.0,OPEN
2009-04-30,QQQ,SELL,29.606468200683594,-2.182307076550133,-64.6104050660083,-16.864211326193647,-0.2069873056537367,REDUCE
2009-04-30,USD,SELL,0.17289958894252777,-3978.204717943954,-687.8299604617343,115.46888711891042,0.20174133514098824,CLOSE
2009-04-30,QLD,BUY,0.5209,1110.3814,578.43,0.0,0.0,OPEN
2009-04-30,SHV,BUY,87.0745,0.7631,66.44,0.0,0.0,ADD
2009-04-30,GLD,BUY,87.27,1.2318,107.5,0.0,0.0,ADD
2009-05-29,SHV,SELL,87.03337097167969,-41.01500189981803,-3569.67387575101,90.94738263895734,0.026143872712912408,REDUCE
2009-05-29,QLD,BUY,0.5512,4770.6083,2629.36,0.0,0.0,ADD
2009-05-29,QQQ,BUY,30.5565,18.4244,562.98,0.0,0.0,ADD
2009-05-29,GLD,BUY,96.2,3.9904,383.88,0.0,0.0,ADD
2009-06-01,QLD,SELL,0.5844419002532959,-1261.6970673489711,-737.3886315854434,49.19426718676061,0.07148310089656817,REDUCE
2009-06-01,SHV,SELL,87.09349060058594,-22.548551834545666,-1963.8320872588276,51.35516382139657,0.026852697249330593,REDUCE
2009-06-01,GLD,SELL,95.7300033569336,-20.33317453854481,-1946.4948668320114,224.66127736801414,0.13047792698593508,REDUCE
2009-06-01,SMH,BUY,9.413,143.4028,1349.85,0.0,0.0,OPEN
2009-06-01,QQQ,BUY,31.4288,42.6543,1340.57,0.0,0.0,ADD
2009-06-01,USD,BUY,0.2008,3025.5567,607.43,0.0,0.0,OPEN
2009-06-01,XLY,BUY,9.7938,137.8278,1349.85,0.0,0.0,OPEN
2009-06-15,QQQ,SELL,31.005605697631836,-1.0881387731296892,-33.738401743964005,-1.7266778204213138,-0.04868670369924322,REDUCE
2009-06-15,SHV,SELL,87.0223617553711,-13.174072369931293,-1146.4388915676,29.067382298968187,0.026014071468489552,CLOSE
2009-06-15,QLD,BUY,0.5664,18.3441,10.39,0.0,0.0,ADD
2009-06-15,SMH,BUY,9.1073,0.8153,7.42,0.0,0.0,ADD
2009-06-15,USD,BUY,0.1919,54.4807,10.45,0.0,0.0,ADD
2009-06-15,XLY,BUY,9.4502,1.1577,10.94,0.0,0.0,ADD
2009-06-15,GLD,BUY,91.1,0.2694,24.54,0.0,0.0,ADD
2009-06-15,TQQQ,BUY,0.1206,9254.4575,1116.42,0.0,0.0,OPEN
2009-06-24,QLD,SELL,0.5575711727142334,-11.917591347746963,-6.644905383692276,0.14345035422314098,0.022064346146043246,REDUCE
2009-06-24,QQQ,SELL,30.775671005249023,-0.8485901440320581,-26.115931091027505,-1.5416781393562458,-0.05574155475675058,REDUCE
2009-06-24,GLD,SELL,91.44999694824219,-0.2686465158635387,-24.567723055876513,1.7805592767130596,0.07813869659115724,REDUCE
2009-06-24,TQQQ,SELL,0.11742566780542235,-9254.45745477457,-1086.7108468037732,-29.7138967992005,-0.026615225942867027,CLOSE
2009-06-24,SMH,BUY,8.9248,0.2771,2.47,0.0,0.0,ADD
2009-06-24,SHV,BUY,87.0461,12.5927,1096.15,0.0,0.0,OPEN
2009-06-24,USD,BUY,0.1831,88.5282,16.21,0.0,0.0,ADD
2009-06-24,XLY,BUY,9.0684,3.2207,29.21,0.0,0.0,ADD
2009-06-30,USD,SELL,0.19039490818977356,-3168.565588897965,-603.2787543915039,-30.823875814127188,-0.04861023176032464,CLOSE
2009-06-30,XLY,SELL,9.368791580200195,-142.20626995382702,-1332.3009045950905,-57.700483361181114,-0.04151109765869987,CLOSE
2009-06-30,QLD,BUY,0.5817,939.4521,546.47,0.0,0.0,ADD
2009-06-30,SMH,BUY,9.1073,0.5878,5.35,0.0,0.0,ADD
2009-06-30,QQQ,BUY,31.4588,0.1828,5.75,0.0,0.0,ADD
2009-06-30,SHV,BUY,87.0856,0.304,26.48,0.0,0.0,ADD
2009-06-30,XLK,BUY,7.2774,181.5636,1321.32,0.0,0.0,OPEN
2009-06-30,GLD,BUY,91.18,0.3313,30.21,0.0,0.0,ADD
2009-07-02,SMH,SELL,9.158271789550781,-3.623052412674459,-33.18089870306039,-0.9088845365033618,-0.026661493565865002,REDUCE
2009-07-02,SHV,SELL,87.05943298339844,-12.896736686861,-1122.7825832943113,0.16057094433146304,0.00014303206472443541,CLOSE
2009-07-02,GLD,SELL,91.25,-0.2496771832874638,-22.783042974981072,1.562199614100343,0.0736162831765752,REDUCE
2009-07-02,QLD,BUY,0.5576,127.4537,71.06,0.0,0.0,ADD
2009-07-02,QQQ,BUY,30.7843,0.1527,4.7,0.0,0.0,ADD
2009-07-02,XLK,BUY,7.1256,0.2503,1.78,0.0,0.0,ADD
2009-07-02,TQQQ,BUY,0.1172,9395.1056,1101.2,0.0,0.0,OPEN
2009-07-13,QQQ,SELL,30.775671005249023,-0.2293784892773864,-7.059276921681885,-0.4153001852409419,-0.0555616965749538,REDUCE
2009-07-13,XLK,SELL,7.13755989074707,-0.8910121961576859,-6.359652913461559,-0.12444268838772661,-0.019191988525313453,REDUCE
2009-07-13,TQQQ,SELL,0.11672935390293948,-9395.10560977096,-1096.6846076784466,-4.514161956517363,-0.004099316200665393,CLOSE
2009-07-13,SMH,BUY,9.1073,0.3324,3.03,0.0,0.0,ADD
2009-07-13,SHV,BUY,87.0832,12.6046,1097.65,0.0,0.0,OPEN
2009-07-13,GLD,BUY,90.19,0.1024,9.24,0.0,0.0,ADD
2009-07-31,QLD,SELL,0.6806279420852661,-1401.3505691554199,-953.7983540242699,180.57340767413922,0.23353282705958156,REDUCE
2009-07-31,SMH,SELL,10.593367576599121,-3.934287640315317,-41.677355125930944,4.661901955616375,0.12594474891786822,REDUCE
2009-07-31,QQQ,BUY,34.1135,1.5714,53.61,0.0,0.0,ADD
2009-07-31,SHV,BUY,87.0832,1.6499,143.68,0.0,0.0,ADD
2009-07-31,USD,BUY,0.2547,2580.527,657.17,0.0,0.0,OPEN
2009-07-31,XLK,BUY,7.8729,4.5718,35.99,0.0,0.0,ADD
2009-07-31,GLD,BUY,93.35,1.1271,105.22,0.0,0.0,ADD
2009-08-06,QLD,SELL,0.6791009306907654,-4291.274279123834,-2914.208356802339,546.4066109130001,0.2307653551914126,CLOSE
2009-08-06,QQQ,SELL,34.0529899597168,-0.09666415220491623,-3.2917034044985485,0.13885512774646672,0.04404117025558518,REDUCE
2009-08-06,GLD,SELL,94.5999984741211,-0.21497812535018296,-20.33693033009672,1.9043796352726639,0.10331612085610176,REDUCE
2009-08-06,SMH,BUY,10.483,1.0348,10.85,0.0,0.0,ADD
2009-08-06,SHV,BUY,87.0895,33.3934,2908.21,0.0,0.0,ADD
2009-08-06,USD,BUY,0.2481,60.4274,14.99,0.0,0.0,ADD
2009-08-06,XLK,BUY,7.8289,0.4832,3.78,0.0,0.0,ADD
2009-08-10,QQQ,SELL,34.24321746826172,-0.5753679585992555,-19.70245013058411,0.9359494642102383,0.04987341438072623,REDUCE
2009-08-10,SHV,SELL,87.06580352783203,-14.259469001135939,-1241.512126464113,-0.3108267290754416,-0.0002502987469157336,REDUCE
2009-08-10,XLK,SELL,7.872895240783691,-1.3579856694368906,-10.691278913962151,0.7870809449763674,0.07946942775589205,REDUCE
2009-08-10,SMH,BUY,10.3896,1.0065,10.46,0.0,0.0,ADD
2009-08-10,USD,BUY,0.2453,25.5621,6.27,0.0,0.0,ADD
2009-08-10,GLD,BUY,92.93,0.2121,19.71,0.0,0.0,ADD
2009-08-10,TQQQ,BUY,0.1595,7745.6637,1235.47,0.0,0.0,OPEN
2009-08-12,QQQ,SELL,34.476715087890625,-0.15441310954112736,-5.323656783484694,0.28723847101007516,0.05703229024853229,REDUCE
2009-08-12,SHV,SELL,87.0815658569336,-19.132240827718665,-1666.0654896296967,-0.11547433103735646,-6.93047955384607e-05,REDUCE
2009-08-12,USD,SELL,0.24751384556293488,-11.161328579524499,-2.7625833583095982,-0.07715698125160327,-0.027170435330550524,REDUCE
2009-08-12,XLK,SELL,7.916855335235596,-0.13673135654451168,-1.0824823695534178,0.08525945751313886,0.0854968898966646,REDUCE
2009-08-12,TQQQ,SELL,0.16263989125277722,-7745.663713821582,-1259.7539040965246,24.28435521473368,0.019655972287389245,CLOSE
2009-08-12,QLD,BUY,0.6956,4199.3925,2921.05,0.0,0.0,OPEN
2009-08-12,SMH,BUY,10.3811,0.792,8.22,0.0,0.0,ADD
2009-08-12,GLD,BUY,92.95,0.0615,5.71,0.0,0.0,ADD
2009-08-13,QLD,SELL,0.7026134133338928,-4199.392532591549,-2950.549521253009,29.495490589621994,0.010097550500606012,CLOSE
2009-08-13,SMH,SELL,10.623086929321289,-1.7554849734415143,-18.64866947598648,2.096511331607653,0.12666090508080585,REDUCE
2009-08-13,USD,SELL,0.25795188546180725,-80.583086763217,-20.786559166904226,0.2840678606571936,0.013855285019466868,REDUCE
2009-08-13,QQQ,BUY,34.6669,0.3918,13.58,0.0,0.0,ADD
2009-08-13,SHV,BUY,87.0895,34.0435,2964.83,0.0,0.0,ADD
2009-08-13,XLK,BUY,7.9528,1.102,8.76,0.0,0.0,ADD
2009-08-13,GLD,BUY,93.72,0.0299,2.81,0.0,0.0,ADD
2009-08-17,SHV,SELL,87.09740447998047,-15.29079790219578,-1331.7888097091827,0.129429833520669,9.719439931599183e-05,REDUCE
2009-08-17,GLD,SELL,91.61000061035156,-0.048299589678404295,-4.4247254399183475,0.2754839573014225,0.06639381160521785,REDUCE
2009-08-17,SMH,BUY,10.173,2.3685,24.09,0.0,0.0,ADD
2009-08-17,QQQ,BUY,33.2747,1.1585,38.55,0.0,0.0,ADD
2009-08-17,USD,BUY,0.2352,175.0669,41.18,0.0,0.0,ADD
2009-08-17,XLK,BUY,7.6891,1.3678,10.52,0.0,0.0,ADD
2009-08-17,TQQQ,BUY,0.1457,8383.7003,1221.87,0.0,0.0,OPEN
2009-08-18,SMH,SELL,10.325878143310547,-0.11136536296610182,-1.1499451673735166,0.09851162026069878,0.09369267371314782,REDUCE
2009-08-18,USD,SELL,0.2439381331205368,-60.33095629423674,-14.71702084779281,-0.5590917128417746,-0.03659908308626325,REDUCE
2009-08-18,XLK,SELL,7.804955005645752,-0.15618619045961404,-1.2190261890405054,0.07885387992238313,0.06915961674544913,REDUCE
2009-08-18,TQQQ,SELL,0.1519925519442268,-8383.700268952292,-1274.2599986135597,52.391009842536775,0.042877763757006804,CLOSE
2009-08-18,SHV,BUY,87.0974,14.6979,1280.15,0.0,0.0,ADD
2009-08-18,GLD,BUY,92.06,0.1217,11.2,0.0,0.0,ADD
2009-08-19,SMH,SELL,10.423532485961914,-0.7708129057192649,-8.034593363363456,0.7571192364444975,0.10403599150479392,REDUCE
2009-08-19,QQQ,SELL,33.98381042480469,-0.24119233941393337,-8.19663473855826,0.32505415345731,0.04129464850713216,REDUCE
2009-08-19,SHV,SELL,87.0895004272461,-14.093156389598937,-1227.3659494132226,-0.028853263353340125,-2.3507728149407825e-05,REDUCE
2009-08-19,USD,SELL,0.24538734555244446,-5.332744947434065,-1.3085881271590551,-0.041690686205952676,-0.03087561309064457,REDUCE
2009-08-19,GLD,SELL,92.52999877929688,-0.013570107639761403,-1.2556420433420499,0.08912885407569207,0.07640621203069875,REDUCE
2009-08-19,XLK,BUY,7.8249,0.2583,2.02,0.0,0.0,ADD
2009-08-19,TQQQ,BUY,0.1551,8019.1039,1244.14,0.0,0.0,OPEN
2009-08-20,QQQ,SELL,34.3815803527832,-0.26683363512932434,-9.174162067024099,0.4657492424724979,0.05348267840029508,REDUCE
2009-08-20,USD,SELL,0.24809382855892181,-7.2020588958414145,-1.7867863649761375,-0.03681248243187124,-0.02018672170373159,REDUCE
2009-08-20,XLK,SELL,7.912858009338379,-0.5399979743268256,-4.272927296178523,0.33050541883065254,0.08383309273156447,REDUCE
2009-08-20,TQQQ,SELL,0.1605949214007204,-8019.103946311564,-1287.8273679621125,43.686833631916436,0.035114066639936325,CLOSE
2009-08-20,SMH,BUY,10.4363,0.995,10.38,0.0,0.0,ADD
2009-08-20,SHV,BUY,87.0895,14.6841,1278.83,0.0,0.0,ADD
2009-08-20,GLD,BUY,92.27,0.15,13.84,0.0,0.0,ADD
2009-08-31,SMH,SELL,10.805657386779785,-2.849291187014377,-30.788464362048444,3.867510862173919,0.14366173405380844,REDUCE
2009-08-31,QQQ,SELL,34.61505889892578,-42.64552497533952,-1476.1773587969878,84.39316178227972,0.06063667195194333,REDUCE
2009-08-31,SHV,SELL,87.12112426757812,-13.924484118763266,-1213.1167112726926,0.4205051006705999,0.0003467522191711314,REDUCE
2009-08-31,USD,SELL,0.27331826090812683,-211.74220151080604,-57.87301027779165,4.258781318111859,0.07943378839439519,REDUCE
2009-08-31,XLK,SELL,8.000778198242188,-186.5151415110335,-1492.2662778435333,130.55492093260872,0.09587562024067697,CLOSE
2009-08-31,XLC,BUY,10.1908,146.9288,1497.32,0.0,0.0,OPEN
2009-08-31,XLY,BUY,10.619,141.003,1497.32,0.0,0.0,OPEN
2009-08-31,GLD,BUY,93.4,0.0307,2.87,0.0,0.0,ADD
2009-08-31,TQQQ,BUY,0.1637,7772.6711,1272.72,0.0,0.0,OPEN
2009-09-04,SHV,SELL,87.12033081054688,-19.63352899059024,-1710.479540638684,0.5773340230837948,0.0003376415451421533,REDUCE
2009-09-04,GLD,SELL,97.52999877929688,-0.46006236183818733,-44.86988158847885,5.282350359638938,0.1334347001611127,REDUCE
2009-09-04,TQQQ,SELL,0.16739814378551257,-7772.671080480903,-1301.1307111278375,28.411275087113122,0.02232328216460422,CLOSE
2009-09-04,XLC,BUY,10.236,0.6623,6.78,0.0,0.0,ADD
2009-09-04,QLD,BUY,0.7093,4259.6133,3021.48,0.0,0.0,OPEN
2009-09-04,SMH,BUY,10.8396,0.8039,8.71,0.0,0.0,ADD
2009-09-04,USD,BUY,0.2704,48.7646,13.19,0.0,0.0,ADD
2009-09-04,XLY,BUY,10.6759,0.5066,5.41,0.0,0.0,ADD
2009-09-15,QLD,SELL,0.7615455985069275,-4259.613291862675,-3243.889753759625,222.41410002019248,0.07361108461851384,CLOSE
2009-09-15,USD,SELL,0.2831761837005615,-23.49426852646559,-6.653017300160741,0.6963013514999578,0.11689349592983422,REDUCE
2009-09-15,XLC,BUY,10.6013,0.2417,2.56,0.0,0.0,ADD
2009-09-15,SMH,BUY,10.9967,3.1456,34.59,0.0,0.0,ADD
2009-09-15,QQQ,BUY,36.1543,0.0782,2.83,0.0,0.0,ADD
2009-09-15,SHV,BUY,87.1203,36.5295,3182.46,0.0,0.0,ADD
2009-09-15,GLD,BUY,98.9,0.2934,29.02,0.0,0.0,ADD
2009-09-17,XLC,SELL,10.716809672563674,-1.4580624172187744,-15.625777416051733,0.765733074070704,0.051529662795650966,REDUCE
2009-09-17,QQQ,SELL,36.67311477661133,-0.4877421960324513,-17.887025536494548,1.9653744847678767,0.12344036924202872,REDUCE
2009-09-17,SHV,SELL,87.12033081054688,-35.96425115056187,-3133.2174575905415,0.30404088713550553,9.704733157156475e-05,REDUCE
2009-09-17,XLY,SELL,11.280705451965332,-2.4516785922599986,-27.65666406217406,1.6216770614911318,0.06228837607825932,REDUCE
2009-09-17,GLD,SELL,99.33999633789062,-0.03760699576282195,-3.735878821357801,0.489329286075109,0.15072287693663688,REDUCE
2009-09-17,QLD,BUY,0.7832,4005.6649,3137.34,0.0,0.0,OPEN
2009-09-17,SMH,BUY,10.7505,3.3992,36.54,0.0,0.0,ADD
2009-09-17,USD,BUY,0.2737,88.557,24.24,0.0,0.0,ADD
2009-09-24,SMH,SELL,10.805657386779785,-2.1889488247374214,-23.653031037306846,2.814942374480503,0.13508639971871128,REDUCE
2009-09-24,QQQ,SELL,36.41429901123047,-0.10570635008543006,-3.8492226393966575,0.39858901839270866,0.11551183410678667,REDUCE
2009-09-24,SHV,SELL,87.11243438720703,-15.304923720558582,-1333.249163408368,0.008533288614233131,6.400411464602129e-06,CLOSE
2009-09-24,USD,SELL,0.2717467248439789,-7.2438740320558885,-1.9684990433935354,0.12687769105036226,0.06889455907368269,REDUCE
2009-09-24,XLC,BUY,10.5947,0.2151,2.28,0.0,0.0,ADD
2009-09-24,QLD,BUY,0.7721,17.4192,13.45,0.0,0.0,ADD
2009-09-24,XLY,BUY,11.0526,1.458,16.11,0.0,0.0,ADD
2009-09-24,GLD,BUY,97.55,0.1104,10.77,0.0,0.0,ADD
2009-09-24,TQQQ,BUY,0.1898,6955.2555,1320.11,0.0,0.0,OPEN
2009-09-28,QLD,SELL,0.7842938303947449,-7.69701897153374,-6.0367244918052165,0.008590012374748907,0.001424986851912502,REDUCE
2009-09-28,SMH,SELL,10.996721267700195,-0.5375141957676453,-5.910893788288831,0.7939315540175051,0.15515681329443387,REDUCE
2009-09-28,USD,SELL,0.2807527780532837,-47.95777623767082,-13.46427890798384,1.2718989274163885,0.10431916733595714,REDUCE
2009-09-28,TQQQ,SELL,0.19423183572708996,-6955.255542085261,-1350.9320518902366,30.82134344692527,0.023347544451987723,CLOSE
2009-09-28,XLC,BUY,10.7167,0.3417,3.66,0.0,0.0,ADD
2009-09-28,QQQ,BUY,36.7086,0.2084,7.65,0.0,0.0,ADD
2009-09-28,SHV,BUY,87.0966,15.3672,1338.43,0.0,0.0,OPEN
2009-09-28,XLY,BUY,11.1952,0.1359,1.52,0.0,0.0,ADD
2009-09-28,GLD,BUY,97.05,0.2585,25.08,0.0,0.0,ADD
2009-09-29,XLC,SELL,10.713861775876682,-0.6916923015131551,-7.410695709849961,0.3599654140223449,0.05105363542771735,REDUCE
2009-09-29,SHV,SELL,87.10449981689453,-15.367164662563155,-1338.5491915364205,0.12075942689849892,9.02247920033794e-05,CLOSE
2009-09-29,XLY,SELL,11.248126029968262,-1.357885506416618,-15.273667310441397,0.8470863797624898,0.058717057342472234,REDUCE
2009-09-29,GLD,SELL,97.43000030517578,-0.1220771485252016,-11.89397661806538,1.3197656446353438,0.12480984613902035,REDUCE
2009-09-29,QLD,BUY,0.7777,13.7625,10.7,0.0,0.0,ADD
2009-09-29,SMH,BUY,10.8354,1.4097,15.28,0.0,0.0,ADD
2009-09-29,USD,BUY,0.273,58.7201,16.03,0.0,0.0,ADD
2009-09-29,TQQQ,BUY,0.1916,6946.6111,1331.12,0.0,0.0,OPEN
2009-09-30,XLC,SELL,10.700214224301403,-146.23990883543448,-1564.7983526814564,74.1092797664872,0.04971478030731791,CLOSE
2009-09-30,SMH,SELL,10.877838134765625,-0.24636776855283077,-2.6799487079410937,0.33144663055210316,0.1411310782916564,REDUCE
2009-09-30,USD,SELL,0.2757173776626587,-2582.576704421792,-712.0612765558477,54.386386051441484,0.08269494067156735,CLOSE
2009-09-30,GLD,SELL,98.8499984741211,-0.16661004151088993,-16.46940234912472,2.037792907785365,0.14120344068819568,REDUCE
2009-09-30,TQQQ,SELL,0.19202975729342212,-6946.611099302416,-1333.956043410835,2.837917578252554,0.0021319802676997845,CLOSE
2009-09-30,QLD,BUY,0.7782,914.5494,711.69,0.0,0.0,ADD
2009-09-30,QQQ,BUY,36.5701,42.9747,1571.59,0.0,0.0,ADD
2009-09-30,SHV,BUY,87.1203,15.3204,1334.72,0.0,0.0,OPEN
2009-09-30,XLY,BUY,11.187,1.0699,11.97,0.0,0.0,ADD
2009-10-01,QQQ,SELL,35.488155364990234,-0.3133644239854162,-11.120725364255122,0.2223820353269131,0.020405122926952624,REDUCE
2009-10-01,SHV,SELL,87.12980651855469,-15.320369514955825,-1334.8608316308646,0.1451713480955134,0.00010876574870244404,CLOSE
2009-10-01,XLY,SELL,10.942689895629883,-1.6605082802062865,-18.170427179423086,0.5215692609889194,0.029552578608734947,REDUCE
2009-10-01,GLD,SELL,97.88999938964844,-0.3231755651983382,-31.63565588001461,3.6424839461268443,0.13012044346847862,REDUCE
2009-10-01,QLD,BUY,0.7328,130.4814,95.62,0.0,0.0,ADD
2009-10-01,SMH,BUY,10.4448,0.962,10.05,0.0,0.0,ADD
2009-10-01,TQQQ,BUY,0.175,7372.7005,1290.12,0.0,0.0,OPEN
2009-10-05,QLD,SELL,0.7398660778999329,-4143.083006227828,-3065.326574231646,-170.2933225080484,-0.05263081818715509,REDUCE
2009-10-05,GLD,SELL,99.81999969482422,-0.14347734673093163,-14.321908706895783,1.894032134011702,0.15240191056807073,REDUCE
2009-10-05,TQQQ,SELL,0.1776496231761822,-47.99182182336121,-8.525729062458595,0.1278431861828619,0.015223258337437429,REDUCE
2009-10-05,SMH,BUY,10.483,0.7176,7.52,0.0,0.0,ADD
2009-10-05,QQQ,BUY,35.6699,0.275,9.81,0.0,0.0,ADD
2009-10-05,SHV,BUY,87.114,35.1461,3061.72,0.0,0.0,OPEN
2009-10-05,XLY,BUY,10.9712,0.8314,9.12,0.0,0.0,ADD
2009-10-06,SMH,SELL,10.720741271972656,-0.5089715128131366,-5.456551903674153,0.5993424067650203,0.12339233198535271,REDUCE
2009-10-06,SHV,SELL,87.1377182006836,-19.927615237275102,-1736.4469209573265,0.47191862256242306,0.00027184643899125227,REDUCE
2009-10-06,GLD,SELL,102.27999877929688,-0.07032270701775202,-7.192606387932528,1.1013178117178843,0.18080210745856418,REDUCE
2009-10-06,TQQQ,SELL,0.18709036580229574,-7324.708725744215,-1370.3824348947528,88.66264142322323,0.06917474620804676,CLOSE
2009-10-06,QLD,BUY,0.7655,4062.0197,3109.54,0.0,0.0,ADD
2009-10-06,QQQ,BUY,36.3018,0.1094,3.97,0.0,0.0,ADD
2009-10-06,XLY,BUY,11.1382,0.5357,5.97,0.0,0.0,ADD
2009-10-08,QLD,SELL,0.7769656181335449,-4081.4260929896222,-3171.127747206061,34.971014347911165,0.011150914104997689,REDUCE
2009-10-08,XLY,SELL,11.3255033493042,-1.0815839434097094,-12.249482573640307,0.7494653145772537,0.06517079911220192,REDUCE
2009-10-08,GLD,SELL,103.63999938964844,-0.05539293438127975,-5.740923685466669,0.9428383626914661,0.19650304220645465,REDUCE
2009-10-08,SMH,BUY,10.6528,2.2413,23.88,0.0,0.0,ADD
2009-10-08,QQQ,BUY,36.5615,0.1432,5.24,0.0,0.0,ADD
2009-10-08,SHV,BUY,87.1456,36.2612,3160.01,0.0,0.0,ADD
2009-10-21,SMH,SELL,10.805657386779785,-0.6260817647647057,-6.765225046157866,0.7798730923816692,0.13029694801650593,REDUCE
2009-10-21,QQQ,SELL,37.3404655456543,-0.8778600200741298,-32.77970183348543,2.241697590603156,0.07340681377780744,REDUCE
2009-10-21,SHV,SELL,87.16146850585938,-35.97462350325484,-3135.6010134890953,0.9055863248266562,0.0002888913279992522,REDUCE
2009-10-21,QLD,BUY,0.8093,3901.3445,3157.49,0.0,0.0,ADD
2009-10-21,XLY,BUY,11.3988,0.4942,5.63,0.0,0.0,ADD
2009-10-21,GLD,BUY,103.75,0.1159,12.03,0.0,0.0,ADD
2009-10-26,SMH,SELL,10.775938034057617,-0.2838735205261055,-3.059003466699096,0.3451679481948909,0.12718823445318406,REDUCE
2009-10-26,QQQ,SELL,37.210636138916016,-0.09465224727959134,-3.522070333251577,0.2294147128504802,0.06967467579331421,REDUCE
2009-10-26,SHV,SELL,87.1377182006836,-15.505094096390984,-1351.0785200464004,0.02205777901790025,1.6326319168591397e-05,CLOSE
2009-10-26,XLY,SELL,11.435456275939941,-1.097011483214591,-12.544826850504478,0.8777970432942077,0.07523740470361417,REDUCE
2009-10-26,QLD,BUY,0.8041,8.4223,6.77,0.0,0.0,ADD
2009-10-26,GLD,BUY,101.86,0.1797,18.3,0.0,0.0,ADD
2009-10-26,TQQQ,BUY,0.2012,6684.3977,1345.13,0.0,0.0,OPEN
2009-10-29,QLD,SELL,0.7693321704864502,-3922.7902593369663,-3017.928744578813,-126.51351217306319,-0.04023400712842096,REDUCE
2009-10-29,SMH,SELL,10.546662330627441,-1.1803488209841742,-12.448740447274304,1.1645863328829436,0.10320546148848475,REDUCE
2009-10-29,QQQ,SELL,36.4316291809082,-0.6595964451381613,-24.030173098318755,1.084875921533887,0.047280970613512885,REDUCE
2009-10-29,XLY,SELL,11.215542793273926,-1.3986140227932873,-15.686215423911108,0.8115566419486768,0.054559681256876935,REDUCE
2009-10-29,GLD,SELL,102.69000244140625,-0.4884798193998576,-50.161993846749056,7.675562675375061,0.18065915314032321,REDUCE
2009-10-29,SHV,BUY,87.1694,35.2506,3072.77,0.0,0.0,OPEN
2009-10-29,TQQQ,BUY,0.1883,252.213,47.48,0.0,0.0,ADD
2009-11-02,QLD,SELL,0.7340638041496277,-898.6675539582957,-659.6793233244673,-60.67737296138829,-0.08423239941301242,CLOSE
2009-11-02,SMH,SELL,10.262191772460938,-145.67512517411728,-1494.9460710140436,102.2894818141025,0.073449178072583,CLOSE
2009-11-02,SHV,SELL,87.14092254638672,-0.6736864457195363,-58.705658386996674,-0.019176667243801803,-0.00032655123213354287,REDUCE
2009-11-02,XLY,SELL,11.02821159362793,-136.987249168599,-1510.7243694603414,53.82592882191507,0.036945560047636494,CLOSE
2009-11-02,XLC,BUY,10.5899,142.2607,1506.53,0.0,0.0,OPEN
2009-11-02,QQQ,BUY,35.6007,0.2696,9.6,0.0,0.0,ADD
2009-11-02,XLK,BUY,8.3152,181.177,1506.53,0.0,0.0,OPEN
2009-11-02,GLD,BUY,103.95,6.1235,636.54,0.0,0.0,ADD
2009-11-02,TQQQ,BUY,0.1753,370.0537,64.85,0.0,0.0,ADD
2009-11-04,GLD,SELL,107.0999984741211,-0.40805992043988987,-43.70321685646218,5.960378305155746,0.1579207747465361,REDUCE
2009-11-04,TQQQ,SELL,0.17782023114004908,-7306.664406279802,-1299.272753587444,-158.1949728060387,-0.10854097826062581,CLOSE
2009-11-04,XLC,BUY,10.6061,0.9181,9.74,0.0,0.0,ADD
2009-11-04,QQQ,BUY,35.7738,0.2435,8.71,0.0,0.0,ADD
2009-11-04,SHV,BUY,87.1251,15.0978,1315.4,0.0,0.0,ADD
2009-11-04,XLK,BUY,8.3313,1.0956,9.13,0.0,0.0,ADD
2009-11-06,XLC,SELL,10.92218098802636,-2.1575235460171984,-23.56486265552826,0.7166079294380349,0.03136379290361058,REDUCE
2009-11-06,QQQ,SELL,36.8730583190918,-1.2527656375611231,-46.19330041394551,2.6061682977814997,0.05979214899562102,REDUCE
2009-11-06,SHV,SELL,87.14092254638672,-34.65054467475005,-3019.480429692507,-0.5196718654350628,-0.0001720767708474069,REDUCE
2009-11-06,XLK,SELL,8.523829460144043,-1.572151541706659,-13.400751627010095,0.32777227475446175,0.025072499995795416,REDUCE
2009-11-06,QLD,BUY,0.787,3914.0451,3080.52,0.0,0.0,OPEN
2009-11-06,GLD,BUY,107.43,0.2059,22.12,0.0,0.0,ADD
2009-11-20,QLD,SELL,0.8180359601974487,-3914.045140561707,-3201.829674815554,121.3093412089084,0.03937949699130239,CLOSE
2009-11-20,GLD,SELL,112.94000244140625,-0.4127852460566729,-46.61996669741711,8.371957767388292,0.21888610679588605,REDUCE
2009-11-20,XLC,BUY,11.1504,0.9827,10.96,0.0,0.0,ADD
2009-11-20,QQQ,BUY,37.6001,0.6281,23.62,0.0,0.0,ADD
2009-11-20,SHV,BUY,87.1962,21.2938,1856.74,0.0,0.0,ADD
2009-11-20,XLK,BUY,8.7003,1.2926,11.25,0.0,0.0,ADD
2009-11-20,TQQQ,BUY,0.2055,6550.0622,1345.89,0.0,0.0,OPEN
2009-11-23,QQQ,SELL,38.20602798461914,-0.12384557357368614,-4.731647449727461,0.41991921538604093,0.0973900006131021,REDUCE
2009-11-23,SHV,SELL,87.14875793457031,-20.650543791322043,-1799.6692420871686,-0.6360327279100702,-0.00035329159826813505,REDUCE
2009-11-23,XLK,SELL,8.852749824523926,-0.5404452888660559,-4.784426936173759,0.28896130225905153,0.06427839200439411,REDUCE
2009-11-23,TQQQ,SELL,0.21541020712705788,-6550.062237758149,-1410.9502633306033,65.06246147696362,0.048341668144518124,CLOSE
2009-11-23,XLC,BUY,11.2966,0.1936,2.19,0.0,0.0,ADD
2009-11-23,QLD,BUY,0.8428,3812.0873,3212.71,0.0,0.0,OPEN
2009-11-23,GLD,BUY,114.29,0.0458,5.24,0.0,0.0,ADD
2009-11-24,XLC,SELL,11.280541751051818,-0.09645721146520943,-1.088089601123329,0.06613781860685522,0.06471716155139551,REDUCE
2009-11-24,QLD,SELL,0.8374249935150146,-3812.0873455502533,-3192.33722062609,-20.371694275140705,-0.006340971066707057,CLOSE
2009-11-24,GLD,SELL,114.7300033569336,-0.10833128611922073,-12.428848820119129,2.3851686866947404,0.23747955480552707,REDUCE
2009-11-24,QQQ,BUY,38.0762,0.1012,3.85,0.0,0.0,ADD
2009-11-24,SHV,BUY,87.1883,21.103,1839.93,0.0,0.0,ADD
2009-11-24,TQQQ,BUY,0.2132,6388.2572,1362.07,0.0,0.0,OPEN
2009-11-25,GLD,SELL,116.62000274658203,-0.18719089379107826,-21.830202548050693,4.475239559257815,0.25786511686298264,REDUCE
2009-11-25,TQQQ,SELL,0.21597659217417345,-6388.2571950844,-1379.7140189264728,17.647533613283834,0.012956440675673697,CLOSE
2009-11-25,QQQ,BUY,38.2406,0.1302,4.98,0.0,0.0,ADD
2009-11-25,SHV,BUY,87.1883,15.9417,1389.93,0.0,0.0,ADD
2009-11-25,XLK,BUY,8.8527,0.7046,6.24,0.0,0.0,ADD
2009-12-03,SHV,SELL,87.1567153930664,-52.71219287636447,-4594.2215922697205,-1.5288128526302889,-0.00033265793784764686,CLOSE
2009-12-03,GLD,SELL,118.69999694824219,-0.300087787609894,-35.62041947349917,7.798486782846734,0.2802999658419436,REDUCE
2009-12-03,XLC,BUY,11.3033,0.6848,7.74,0.0,0.0,ADD
2009-12-03,QLD,BUY,0.8336,3872.2109,3227.91,0.0,0.0,OPEN
2009-12-03,QQQ,BUY,37.9896,0.5818,22.1,0.0,0.0,ADD
2009-12-03,TQQQ,BUY,0.2115,6485.7049,1371.86,0.0,0.0,OPEN
2009-12-04,XLC,SELL,11.376220224404019,-0.8899968824816872,-10.124800534144697,0.6923739967247011,0.073403592805938,REDUCE
2009-12-04,QLD,SELL,0.8418533802032471,-37.24554661158417,-31.355289312479727,0.30709364788415655,0.009890869382607637,REDUCE
2009-12-04,QQQ,SELL,38.188716888427734,-0.39590626565736364,-15.11915229354372,1.3223226787537552,0.09584250263816019,REDUCE
2009-12-04,XLK,SELL,8.91291618347168,-1.0448500615447902,-9.31266102284394,0.6193566028586966,0.0712452449536729,REDUCE
2009-12-04,TQQQ,SELL,0.21484620350664727,-6485.704924612044,-1393.4290801172635,21.56859728789735,0.015722150727319972,CLOSE
2009-12-04,SHV,BUY,87.1646,15.7415,1372.1,0.0,0.0,OPEN
2009-12-04,GLD,BUY,113.75,0.7725,87.87,0.0,0.0,ADD
2009-12-07,XLC,SELL,11.383547309282037,-0.7488617096195462,-8.524702699563932,0.588064716094976,0.07409494011442153,REDUCE
2009-12-07,QLD,SELL,0.8336082696914673,-3834.965341623416,-3196.8588227574423,0.0,0.0,CLOSE
2009-12-07,XLK,SELL,8.896876335144043,-0.514787921201203,-4.580004473752979,0.2968941257314394,0.06931741225592769,REDUCE
2009-12-07,SHV,BUY,87.1409,36.8084,3207.52,0.0,0.0,ADD
2009-12-07,GLD,BUY,113.11,0.0184,2.08,0.0,0.0,ADD
2009-12-08,QQQ,SELL,37.77323532104492,-0.027500466902659195,-1.0387816077527532,0.08042532724991476,0.08392007115320044,REDUCE
2009-12-08,SHV,SELL,87.1567153930664,-52.549941827110125,-4580.080323747633,0.45696940859718466,9.978318591730151e-05,CLOSE
2009-12-08,XLC,BUY,11.2894,0.2347,2.65,0.0,0.0,ADD
2009-12-08,QLD,BUY,0.8234,3876.9889,3192.23,0.0,0.0,OPEN
2009-12-08,XLK,BUY,8.8167,0.4366,3.85,0.0,0.0,ADD
2009-12-08,GLD,BUY,110.95,0.2349,26.06,0.0,0.0,ADD
2009-12-08,TQQQ,BUY,0.2079,6526.6172,1356.7,0.0,0.0,OPEN
2009-12-09,QLD,SELL,0.8398678302764893,-29.812155578808603,-25.038270421839115,0.4915717188814898,0.02002598087954932,REDUCE
2009-12-09,TQQQ,SELL,0.21415951093018065,-6526.617199016808,-1397.737147369945,41.03911305437801,0.03024926108563397,CLOSE
2009-12-09,XLC,BUY,11.3433,1.042,11.82,0.0,0.0,ADD
2009-12-09,QQQ,BUY,38.1541,0.1625,6.2,0.0,0.0,ADD
2009-12-09,SHV,BUY,87.1646,15.7544,1373.23,0.0,0.0,OPEN
2009-12-09,XLK,BUY,8.9009,0.4713,4.2,0.0,0.0,ADD
2009-12-09,GLD,BUY,110.84,0.2466,27.34,0.0,0.0,ADD
2009-12-17,XLC,SELL,11.431971202603817,-2.3676356237063243,-27.066742268469625,1.958299526518188,0.07799366717579193,REDUCE
2009-12-17,QQQ,SELL,37.929054260253906,-0.23960595716484148,-9.088027350385346,0.736421931772542,0.08817728985750639,REDUCE
2009-12-17,SHV,SELL,87.14090728759766,-15.75439101582757,-1372.8519268827918,-0.37405139801983184,-0.00027238881577829055,CLOSE
2009-12-17,XLK,SELL,8.856764793395996,-0.7264114818508113,-6.43365563797488,0.38784340733156847,0.06415075303956308,REDUCE
2009-12-17,QLD,BUY,0.8306,8.3622,6.95,0.0,0.0,ADD
2009-12-17,GLD,BUY,107.34,0.4429,47.54,0.0,0.0,ADD
2009-12-17,TQQQ,BUY,0.2102,6474.7471,1360.95,0.0,0.0,OPEN
2009-12-18,QLD,SELL,0.8565101027488708,-33.32191858908265,-28.540559914524692,1.1034779272497572,0.04021848707386377,REDUCE
2009-12-18,TQQQ,SELL,0.22047055766366888,-6474.747140713455,-1427.4911128443412,66.54068398469916,0.04889280503806037,CLOSE
2009-12-18,XLC,BUY,11.5467,1.7053,19.69,0.0,0.0,ADD
2009-12-18,QQQ,BUY,38.5472,0.4642,17.89,0.0,0.0,ADD
2009-12-18,SHV,BUY,87.1488,15.9652,1391.35,0.0,0.0,OPEN
2009-12-18,XLK,BUY,8.9892,1.3152,11.82,0.0,0.0,ADD
2009-12-18,GLD,BUY,108.95,0.1402,15.28,0.0,0.0,ADD
2009-12-31,QLD,SELL,0.908113956451416,-128.07312581039562,-116.30499299477833,10.850295245841156,0.10289058218793778,REDUCE
2009-12-31,QQQ,SELL,39.6656494140625,-42.61495225650793,-1690.349756003655,204.0512496819062,0.13728820207650383,REDUCE
2009-12-31,XLK,SELL,9.230741500854492,-0.3806789398323467,-3.5139488884117327,0.3437838163705253,0.10844350642888445,REDUCE
2009-12-31,GLD,SELL,107.30999755859375,-6.245161821750991,-670.1682998451217,80.2483956222517,0.13603269706243726,REDUCE
2009-12-31,XLC,BUY,11.7329,1.2003,14.08,0.0,0.0,ADD
2009-12-31,SHV,BUY,87.1678,0.3911,34.09,0.0,0.0,ADD
2009-12-31,USD,BUY,0.3243,2327.6586,754.81,0.0,0.0,OPEN
2009-12-31,XLY,BUY,12.19,137.6011,1677.35,0.0,0.0,OPEN
2010-01-12,SHV,SELL,87.17571258544922,-16.356374137431786,-1425.8785707448283,0.4330695639380266,0.0003038134839803419,CLOSE
2010-01-12,XLY,SELL,12.259568214416504,-0.677860203125471,-8.310273400054939,0.047183020253676176,0.005710093691945195,REDUCE
2010-01-12,GLD,SELL,110.48999786376953,-0.37263914016998173,-41.172897801338195,5.973290144553081,0.16969763421217166,REDUCE
2010-01-12,XLC,BUY,11.7078,0.4144,4.85,0.0,0.0,ADD
2010-01-12,QLD,BUY,0.9078,4.0335,3.66,0.0,0.0,ADD
2010-01-12,USD,BUY,0.3152,69.129,21.79,0.0,0.0,ADD
2010-01-12,XLK,BUY,9.1382,1.9799,18.09,0.0,0.0,ADD
2010-01-12,TQQQ,BUY,0.24,5944.2919,1426.83,0.0,0.0,OPEN
2010-01-13,QLD,SELL,0.9294885993003845,-22.865556133386175,-21.253273742645433,2.423797125928162,0.12872355271820224,REDUCE
2010-01-13,USD,SELL,0.3226300776004791,-14.380735014207481,-4.639657653585687,-0.019916789031521873,-0.004274379404556772,REDUCE
2010-01-13,TQQQ,SELL,0.24899879924585902,-5944.29194366039,-1480.1215563382705,53.295088608802935,0.03735218669836726,CLOSE
2010-01-13,XLC,BUY,11.831,0.997,11.8,0.0,0.0,ADD
2010-01-13,QQQ,BUY,40.1859,0.1847,7.42,0.0,0.0,ADD
2010-01-13,SHV,BUY,87.1678,16.656,1451.87,0.0,0.0,OPEN
2010-01-13,XLK,BUY,9.2267,1.4298,13.19,0.0,0.0,ADD
2010-01-13,XLY,BUY,12.3988,0.8386,10.4,0.0,0.0,ADD
2010-01-13,GLD,BUY,111.54,0.1029,11.48,0.0,0.0,ADD
2010-01-15,XLC,SELL,11.705331706070858,-0.49815935601723155,-5.831120504664341,0.532201523020405,0.10043586717668496,REDUCE
2010-01-15,QQQ,SELL,39.75236129760742,-0.11867650512949944,-4.7176713094452225,0.5753240832404762,0.13888842528722378,REDUCE
2010-01-15,SHV,SELL,87.15985107421875,-16.656016151369897,-1451.7358872431823,-0.13228540659771776,-9.11139241769332e-05,CLOSE
2010-01-15,XLK,SELL,9.122052192687988,-0.5043238166860613,-4.60046817782586,0.3927570080860869,0.09334219775127228,REDUCE
2010-01-15,XLY,SELL,12.275948524475098,-0.5745209423536624,-7.052789514566484,0.048670477906441356,0.006948836484887977,REDUCE
2010-01-15,GLD,SELL,110.86000061035156,-0.10398872679158987,-11.528190315585334,1.691336667959564,0.171938785362308,REDUCE
2010-01-15,QLD,BUY,0.9099,26.2356,23.87,0.0,0.0,ADD
2010-01-15,USD,BUY,0.3055,98.5529,30.1,0.0,0.0,ADD
2010-01-15,TQQQ,BUY,0.2409,5941.6193,1431.49,0.0,0.0,OPEN
2010-01-19,QLD,SELL,0.9384967088699341,-32.07223110653387,-30.09968333959796,3.6689803027619985,0.13881508553323796,REDUCE
2010-01-19,USD,SELL,0.31293240189552307,-4.856776830223974,-1.5198428389525134,-0.05024711041856621,-0.03200269541161849,REDUCE
2010-01-19,TQQQ,SELL,0.25259128224853417,-5941.619258667556,-1500.801227179423,69.31251606966141,0.0484198831131033,CLOSE
2010-01-19,XLC,BUY,11.8841,1.0151,12.06,0.0,0.0,ADD
2010-01-19,QQQ,BUY,40.394,0.2233,9.02,0.0,0.0,ADD
2010-01-19,SHV,BUY,87.1757,16.7892,1463.61,0.0,0.0,OPEN
2010-01-19,XLK,BUY,9.279,0.9491,8.81,0.0,0.0,ADD
2010-01-19,XLY,BUY,12.4397,1.2316,15.32,0.0,0.0,ADD
2010-01-19,GLD,BUY,111.52,0.2116,23.6,0.0,0.0,ADD
2010-01-21,XLC,SELL,11.572393899242517,-0.3954742114117248,-4.5765833514487895,0.36647024479995965,0.08704522551216276,REDUCE
2010-01-21,QQQ,SELL,39.44023513793945,-0.19593038121752854,-7.727540305885441,0.8820561512650222,0.128852266887459,REDUCE
2010-01-21,SHV,SELL,87.17571258544922,-16.789204717644193,-1463.6108850036183,0.0,0.0,CLOSE
2010-01-21,USD,SELL,0.3082776963710785,-35.22895088144566,-10.860299823301943,-0.5284511198404201,-0.046401148157394934,REDUCE
2010-01-21,XLK,SELL,9.033488273620605,-0.46258575781364275,-4.178763018753443,0.3170698494907062,0.08210643248780958,REDUCE
2010-01-21,XLY,SELL,12.116251945495605,-0.4101753413555457,-4.969787777693455,-0.03166259195253034,-0.0063306820246966655,REDUCE
2010-01-21,QLD,BUY,0.8944,69.7877,62.42,0.0,0.0,ADD
2010-01-21,GLD,BUY,107.37,0.1134,12.18,0.0,0.0,ADD
2010-01-21,TQQQ,BUY,0.2349,6050.6738,1421.33,0.0,0.0,OPEN
2010-01-28,XLC,SELL,11.18802988913867,-3.7494010716624144,-41.948411256127656,2.0332862280255006,0.05094024449613954,REDUCE
2010-01-28,QLD,SELL,0.819257378578186,-3739.2628546532137,-3063.4186841179767,-23.00947792669572,-0.007455050536945729,CLOSE
2010-01-28,QQQ,SELL,37.75823211669922,-0.5892427182661322,-22.24876332936742,1.6615952441995832,0.0807102384031484,REDUCE
2010-01-28,XLK,SELL,8.586645126342773,-1.7205556267312678,-14.773800586873676,0.4105008119562457,0.028579840175243065,REDUCE
2010-01-28,XLY,SELL,11.911520004272461,-5.812201055674704,-69.23214914352275,-1.6386034041376918,-0.02312101036370018,REDUCE
2010-01-28,GLD,SELL,106.4800033569336,-0.6675657826794904,-71.08240678068614,7.680061567248835,0.12113213701156833,REDUCE
2010-01-28,SHV,BUY,87.1599,36.1327,3149.32,0.0,0.0,OPEN
2010-01-28,USD,BUY,0.2757,129.3522,35.66,0.0,0.0,ADD
2010-01-28,TQQQ,BUY,0.2051,476.5397,97.72,0.0,0.0,ADD
2010-02-01,XLC,SELL,11.190427062934377,-0.34868309570893213,-3.9019127506089717,0.18992539732300434,0.05116542144328062,REDUCE
2010-02-01,SHV,SELL,87.16939544677734,-0.08574004858677392,-7.473908200886399,0.0008183349669040999,0.00010950423206290694,REDUCE
2010-02-01,USD,SELL,0.26939135789871216,-2570.2261093514303,-692.3967017049057,-132.34628513194923,-0.16046973086674954,CLOSE
2010-02-01,XLK,SELL,8.534306526184082,-183.38500052518347,-1565.0638067863447,34.15501439191817,0.02231028691036374,CLOSE
2010-02-01,XLY,SELL,11.98931884765625,-1.1551332720611382,-13.849261110277439,-0.23579264124165963,-0.016740627717961587,REDUCE
2010-02-01,QQQ,BUY,37.5068,42.0452,1576.98,0.0,0.0,ADD
2010-02-01,GLD,BUY,108.35,6.2802,680.46,0.0,0.0,ADD
2010-02-01,TQQQ,BUY,0.2007,125.7801,25.25,0.0,0.0,ADD
2010-02-05,XLC,SELL,11.058736098047365,-0.1835919175272494,-2.0302945656683278,0.07582391764025781,0.038795117090532516,REDUCE
2010-02-05,QQQ,SELL,37.264041900634766,-0.5138477510689238,-19.148044126379318,0.47897767155330223,0.02565621975326393,REDUCE
2010-02-05,SHV,SELL,87.1614990234375,-20.925738444326004,-1823.9187309798297,0.03448455432109388,1.890720553610059e-05,REDUCE
2010-02-05,TQQQ,SELL,0.19621400509380388,-6652.993554155836,-1305.4105111241777,-238.8820977413737,-0.154687069257463,CLOSE
2010-02-05,QLD,BUY,0.7947,3902.4171,3101.16,0.0,0.0,OPEN
2010-02-05,XLY,BUY,11.7805,0.5811,6.85,0.0,0.0,ADD
2010-02-05,GLD,BUY,104.68,0.4061,42.51,0.0,0.0,ADD
2010-02-08,XLC,SELL,11.000522245394235,-0.277482236079912,-3.052449510698807,0.09844754224674392,0.03332683704958117,REDUCE
2010-02-08,SHV,SELL,87.19313049316406,-15.121256971792649,-1318.4697323621833,0.503226645744015,0.0003818205117971374,CLOSE
2010-02-08,XLY,SELL,11.706785202026367,-0.12928042928613245,-1.5134582164785115,-0.06267985245780289,-0.03976799602340897,REDUCE
2010-02-08,GLD,SELL,104.04000091552734,-0.021676172551857307,-2.255189012140363,0.09749951427299071,0.04518699950542371,REDUCE
2010-02-08,QLD,BUY,0.7846,21.5283,16.89,0.0,0.0,ADD
2010-02-08,TQQQ,BUY,0.192,6815.6927,1308.4,0.0,0.0,OPEN
2010-02-09,QLD,SELL,0.8007827401161194,-3923.9454248453803,-3142.2277693737938,24.180346800470435,0.007754964413118071,CLOSE
2010-02-09,TQQQ,SELL,0.1979070468604036,-95.85396542158094,-18.970175226444326,0.5692137489338717,0.030933913406077318,REDUCE
2010-02-09,XLC,BUY,11.1324,0.609,6.78,0.0,0.0,ADD
2010-02-09,QQQ,BUY,37.3768,0.4615,17.25,0.0,0.0,ADD
2010-02-09,SHV,BUY,87.1931,35.888,3129.18,0.0,0.0,OPEN
2010-02-09,XLY,BUY,11.8869,0.1294,1.54,0.0,0.0,ADD
2010-02-09,GLD,BUY,105.41,0.0612,6.45,0.0,0.0,ADD
2010-02-11,QQQ,SELL,37.862281799316406,-0.10094593305436685,-3.8220433637993665,0.15385700698006383,0.04194361791189749,REDUCE
2010-02-11,SHV,SELL,87.19313049316406,-20.457597083394894,-1783.7619320690235,0.0,0.0,REDUCE
2010-02-11,GLD,SELL,107.12999725341797,-0.08824226971184419,-9.453394111865236,0.6679413451645698,0.07602810724750064,REDUCE
2010-02-11,TQQQ,SELL,0.20558194816112518,-6719.838777970496,-1381.4775473038494,91.47880865305748,0.07091387449629227,CLOSE
2010-02-11,XLC,BUY,11.2166,0.5718,6.41,0.0,0.0,ADD
2010-02-11,QLD,BUY,0.8208,3856.9247,3165.7,0.0,0.0,OPEN
2010-02-11,XLY,BUY,11.977,0.5344,6.4,0.0,0.0,ADD
2010-02-19,QLD,SELL,0.8644493222236633,-3856.9246846211477,-3334.1159294884674,168.41557351986208,0.053200099372112675,CLOSE
2010-02-19,XLY,SELL,12.374221801757812,-0.3206134715633307,-3.967342209756225,0.05891797886221408,0.01507461201281557,REDUCE
2010-02-19,XLC,BUY,11.5341,0.3229,3.72,0.0,0.0,ADD
2010-02-19,QQQ,BUY,38.868,0.3084,11.99,0.0,0.0,ADD
2010-02-19,SHV,BUY,87.1773,37.9025,3304.24,0.0,0.0,ADD
2010-02-19,GLD,BUY,109.47,0.1657,18.14,0.0,0.0,ADD
2010-02-25,XLC,SELL,11.539282980718532,-0.30678678095171075,-3.5400994801455,0.2721561273719403,0.0832805523207607,REDUCE
2010-02-25,SHV,SELL,87.20100402832031,-15.980895946167164,-1393.5501717778907,0.3061429669850194,0.0002197339164240475,REDUCE
2010-02-25,XLY,SELL,12.476591110229492,-1.3067493166505018,-16.303776907420115,0.37390762277228484,0.02347210865895999,REDUCE
2010-02-25,QQQ,BUY,38.6686,0.2661,10.29,0.0,0.0,ADD
2010-02-25,GLD,BUY,108.31,0.1738,18.82,0.0,0.0,ADD
2010-02-25,TQQQ,BUY,0.2183,6341.041,1384.28,0.0,0.0,OPEN
2010-02-26,SHV,SELL,87.19313049316406,-21.40917852085732,-1866.7332965205576,0.24156561825383413,0.0001294222815211299,REDUCE
2010-02-26,GLD,SELL,109.43000030517578,-0.11866583349346461,-12.985602195403771,1.1519644423753101,0.0973466035057986,REDUCE
2010-02-26,TQQQ,SELL,0.22102846205234528,-6341.040960530802,-1401.5505313170495,17.26916447446423,0.012475183794356415,CLOSE
2010-02-26,XLC,BUY,11.5567,0.3797,4.39,0.0,0.0,ADD
2010-02-26,QLD,BUY,0.8623,3793.1025,3270.84,0.0,0.0,OPEN
2010-02-26,QQQ,BUY,38.8073,0.0481,1.87,0.0,0.0,ADD
2010-02-26,XLY,BUY,12.4971,0.3344,4.18,0.0,0.0,ADD
2010-03-01,QLD,SELL,0.8865870833396912,-51.65607853703371,-45.79761200691473,1.2539823471502947,0.0281517774085438,REDUCE
2010-03-01,QQQ,SELL,39.37088394165039,-0.02856731146408761,-1.124720304177572,0.08608104578514812,0.08287867523742731,REDUCE
2010-03-01,XLY,SELL,12.693614959716797,-0.20328419711042334,-2.5804113255148877,0.1021251019460039,0.0412079528888869,REDUCE
2010-03-01,GLD,SELL,109.43000030517578,-6.545445650601956,-716.2681195428836,63.540788675359074,0.0973466035057986,REDUCE
2010-03-01,SHV,BUY,87.1915,0.2259,19.7,0.0,0.0,ADD
2010-03-01,USD,BUY,0.3093,2411.7951,746.08,0.0,0.0,OPEN
2010-03-31,USD,SELL,0.3369232714176178,-2411.7951495195916,-812.5899117652834,66.5144182803954,0.08915239658886165,CLOSE
2010-03-31,XLC,BUY,12.4035,0.9591,11.9,0.0,0.0,ADD
2010-03-31,QLD,BUY,0.9991,591.924,591.4,0.0,0.0,ADD
2010-03-31,QQQ,BUY,41.7997,0.2774,11.6,0.0,0.0,ADD
2010-03-31,SHV,BUY,87.1836,1.0601,92.43,0.0,0.0,ADD
2010-03-31,XLY,BUY,13.4727,0.5041,6.79,0.0,0.0,ADD
2010-03-31,GLD,BUY,108.95,0.9039,98.48,0.0,0.0,ADD
2010-04-27,XLC,SELL,12.921650938094794,-0.4246406609672273,-5.487058395140366,0.9576860071934267,0.21143900857918285,REDUCE
2010-04-27,QLD,SELL,1.045980453491211,-34.1368489319717,-35.706476726624715,5.631998490930446,0.1872683691066015,REDUCE
2010-04-27,SHV,SELL,87.1780776977539,-17.22886183458323,-1501.9790556591638,-0.06896852217469644,-4.591632295669612e-05,CLOSE
2010-04-27,XLY,SELL,14.321920394897461,-3.00654143617932,-43.05944711292091,6.391174774385119,0.17429713391946322,REDUCE
2010-04-27,GLD,SELL,114.62999725341797,-0.17647242164776494,-20.229033208787314,2.524019253294578,0.1425595743465391,REDUCE
2010-04-27,QQQ,BUY,42.8239,1.0813,46.31,0.0,0.0,ADD
2010-04-27,TQQQ,BUY,0.2947,5294.5509,1560.15,0.0,0.0,OPEN
2010-04-29,QLD,SELL,1.0821641683578491,-42.18340865502513,-45.64937334566457,8.485896188440158,0.2283396721070956,REDUCE
2010-04-29,TQQQ,SELL,0.3104402720928192,-5294.550937506435,-1643.6418336487886,83.48790578371748,0.05351260814243064,CLOSE
2010-04-29,XLC,BUY,13.1271,1.1941,15.67,0.0,0.0,ADD
2010-04-29,QQQ,BUY,43.5964,0.4988,21.75,0.0,0.0,ADD
2010-04-29,SHV,BUY,87.1702,18.3352,1598.29,0.0,0.0,OPEN
2010-04-29,XLY,BUY,14.5886,0.7326,10.69,0.0,0.0,ADD
2010-04-29,GLD,BUY,114.28,0.3754,42.9,0.0,0.0,ADD
2010-04-30,QLD,SELL,1.041247010231018,-718.7849662680582,-748.4326971256187,115.18494578067987,0.1818955464682528,REDUCE
2010-04-30,QQQ,SELL,42.73709487915039,-0.050790145006057184,-2.170623246049672,0.31630472362096984,0.17057734137643643,REDUCE
2010-04-30,SHV,SELL,87.1780776977539,-18.335244008661334,-1598.4313267943546,0.1443631883006172,9.032369755113123e-05,CLOSE
2010-04-30,GLD,SELL,115.36000061035156,-0.4126485736119951,-47.60313970374045,6.0486663712779425,0.14555993341281748,REDUCE
2010-04-30,XLC,BUY,12.8532,0.0784,1.01,0.0,0.0,ADD
2010-04-30,USD,BUY,0.3531,2347.3702,828.95,0.0,0.0,OPEN
2010-04-30,TQQQ,BUY,0.2921,5359.5908,1565.79,0.0,0.0,OPEN
2010-05-03,QLD,SELL,1.069186806678772,-18.82126966729977,-20.123453213220273,3.5419618721374935,0.21360936717204848,REDUCE
2010-05-03,USD,SELL,0.36644092202186584,-36.86905103142891,-13.510329054028034,0.4904474399427608,0.03766911670012285,REDUCE
2010-05-03,TQQQ,SELL,0.3040783703327179,-5359.590754256107,-1629.7356222044994,63.947205497814195,0.040840259651629074,CLOSE
2010-05-03,XLC,BUY,13.0703,0.6313,8.25,0.0,0.0,ADD
2010-05-03,QQQ,BUY,43.336,0.5786,25.07,0.0,0.0,ADD
2010-05-03,SHV,BUY,87.1591,18.3486,1599.25,0.0,0.0,OPEN
2010-05-03,XLY,BUY,14.5722,0.2229,3.25,0.0,0.0,ADD
2010-05-03,GLD,BUY,115.73,0.2457,28.44,0.0,0.0,ADD
2010-05-04,XLC,SELL,12.69152155834561,-0.7582247343445947,-9.623025562005296,1.5111507204485317,0.1862887125312851,REDUCE
2010-05-04,QQQ,SELL,42.0340690612793,-0.3355291557102647,-14.103655703198001,1.8371821580379115,0.1497726425833934,REDUCE
2010-05-04,SHV,SELL,87.15116882324219,-18.348627632310755,-1599.1043444583213,-0.14642840960233344,-9.156063081949828e-05,CLOSE
2010-05-04,XLY,SELL,14.1455078125,-0.640427702683589,-9.059175071652135,1.2370925592247064,0.1581538621280536,REDUCE
2010-05-04,GLD,SELL,114.87000274658203,-0.3712118380375162,-42.641104854933246,5.160179713079986,0.13767482242101448,REDUCE
2010-05-04,QLD,BUY,1.0046,98.5441,99.0,0.0,0.0,ADD
2010-05-04,USD,BUY,0.3406,90.4483,30.81,0.0,0.0,ADD
2010-05-04,TQQQ,BUY,0.2772,5572.6876,1544.73,0.0,0.0,OPEN
2010-05-07,XLC,SELL,11.91553758350638,-3.225906056035679,-38.43840485155397,3.9260169118476336,0.11375674493189059,REDUCE
2010-05-07,QLD,SELL,0.8842964768409729,-3617.9880272151836,-3199.374065719209,-0.24508106585282083,-7.659694938977335e-05,CLOSE
2010-05-07,QQQ,SELL,39.412899017333984,-1.7005031032270657,-67.02175708615141,4.8537577507681595,0.07807485849083151,REDUCE
2010-05-07,XLY,SELL,13.201925277709961,-2.1457215542222414,-28.327655625613716,2.120152459385534,0.08089868179879223,REDUCE
2010-05-07,GLD,SELL,118.2699966430664,-1.4614177354854643,-172.84187066998356,25.283837407123066,0.171348430499086,REDUCE
2010-05-07,SHV,BUY,87.167,38.2661,3335.54,0.0,0.0,OPEN
2010-05-07,USD,BUY,0.3027,78.0158,23.62,0.0,0.0,ADD
2010-05-07,TQQQ,BUY,0.228,643.951,146.84,0.0,0.0,ADD
2010-05-11,QQQ,SELL,41.417823791503906,-0.27014698600692283,-11.188900264240601,1.312706792636203,0.1329162694524404,REDUCE
2010-05-11,SHV,SELL,87.16704559326172,-21.234679357938923,-1850.9642637517557,0.0,0.0,REDUCE
2010-05-11,USD,SELL,0.33177804946899414,-110.05346025566776,-36.51332238093892,-2.125964361152734,-0.055020797235286856,REDUCE
2010-05-11,XLY,SELL,13.887044906616211,-0.5586962107868273,-7.758639368352988,0.9348123511225278,0.13699238693508575,REDUCE
2010-05-11,TQQQ,SELL,0.2618727385997772,-6216.63857862901,-1627.9681694706055,-63.600081701159745,-0.037598294752282935,CLOSE
2010-05-11,XLC,BUY,12.4574,0.2363,2.94,0.0,0.0,ADD
2010-05-11,QLD,BUY,0.9715,3595.6928,3493.12,0.0,0.0,OPEN
2010-05-11,GLD,BUY,120.66,0.3176,38.33,0.0,0.0,ADD
2010-05-17,XLC,SELL,12.326837008987443,-0.77715603140352,-9.579875729662717,1.2631602303888614,0.15188210183445006,REDUCE
2010-05-17,QQQ,SELL,40.86233901977539,-0.20217562362236563,-8.261368873991614,0.8701127150737911,0.1177218995480176,REDUCE
2010-05-17,SHV,SELL,87.16704559326172,-17.03141079346174,-1484.577761151249,0.0,0.0,CLOSE
2010-05-17,GLD,SELL,119.36000061035156,-0.06460734936923586,-7.711533260145188,1.1553452642615045,0.17622210726521126,REDUCE
2010-05-17,QLD,BUY,0.9454,40.2969,38.1,0.0,0.0,ADD
2010-05-17,USD,BUY,0.3228,26.6766,8.61,0.0,0.0,ADD
2010-05-17,XLY,BUY,13.645,0.187,2.55,0.0,0.0,ADD
2010-05-17,TQQQ,BUY,0.2506,5828.6926,1460.87,0.0,0.0,OPEN
2010-05-20,XLC,SELL,11.610200992743874,-3.657553278272215,-42.46492870240968,3.3237153428595274,0.08491600176846759,REDUCE
2010-05-20,QLD,SELL,0.8378834128379822,-3635.9896198162205,-3046.535391695092,-484.6840664554705,-0.13725685197411053,CLOSE
2010-05-20,QQQ,SELL,38.492889404296875,-19.52673088973377,-751.6402925659895,37.77050269529076,0.0529095126747583,REDUCE
2010-05-20,XLY,SELL,12.791670799255371,-2.7283235463944058,-34.899816639334176,1.570708068745136,0.04712721510143214,REDUCE
2010-05-20,GLD,SELL,115.83999633789062,-6.479158049515551,-750.545644728496,93.05731495816704,0.14153455011235483,REDUCE
2010-05-20,TQQQ,SELL,0.2109535187482834,-5828.692621757057,-1229.5832182618085,-231.28801906495696,-0.1583219746924368,CLOSE
2010-05-20,SHV,BUY,87.1907,66.8603,5829.59,0.0,0.0,OPEN
2010-05-20,USD,BUY,0.2886,62.5049,18.04,0.0,0.0,ADD
2010-05-27,XLC,SELL,12.06298390651362,-1.820323389232733,-21.958531748964788,2.4783873079806327,0.1272263311747508,REDUCE
2010-05-27,SHV,SELL,87.1906967163086,-51.10819581372888,-4456.159200912547,0.0,0.0,REDUCE
2010-05-27,USD,SELL,0.3194460868835449,-181.92792029263157,-58.11616223234262,-5.412900699910341,-0.08520353441514839,REDUCE
2010-05-27,XLY,SELL,13.485003471374512,-3.405496885855739,-45.923137327519726,4.3217020448580765,0.10388348419938387,REDUCE
2010-05-27,QLD,BUY,0.8938,3615.7339,3231.61,0.0,0.0,OPEN
2010-05-27,QQQ,BUY,39.8122,16.7992,668.81,0.0,0.0,ADD
2010-05-27,GLD,BUY,118.69,5.8116,689.77,0.0,0.0,ADD
2010-05-28,QLD,SELL,0.8823122382164001,-3615.7339453372856,-3190.2063101055555,-41.40314432624471,-0.012811926970155652,CLOSE
2010-05-28,QQQ,SELL,39.57780838012695,-17.527236620641233,-693.6896124048826,40.15950528993137,0.06145012272995043,REDUCE
2010-05-28,GLD,SELL,118.87999725341797,-5.8727488394406215,-698.1523659027147,51.43332105256404,0.07952962180738243,REDUCE
2010-05-28,XLC,BUY,11.9215,0.3039,3.62,0.0,0.0,ADD
2010-05-28,SHV,BUY,87.1907,52.1339,4545.6,0.0,0.0,ADD
2010-05-28,USD,BUY,0.3096,49.8023,15.42,0.0,0.0,ADD
2010-05-28,XLY,BUY,13.2799,0.6963,9.25,0.0,0.0,ADD
2010-06-01,XLC,SELL,11.773401073433401,-134.25122859030253,-1580.5935587948209,143.53671871529178,0.0998824226795012,CLOSE
2010-06-01,QQQ,SELL,39.213279724121094,-40.39445114371982,-1583.9989120010287,77.82936832546235,0.05167371007617927,REDUCE
2010-06-01,USD,SELL,0.2985711693763733,-2325.9677031768992,-694.4668970692039,-115.78876206146835,-0.1429039843864821,CLOSE
2010-06-01,XLY,SELL,13.078849792480469,-120.51868586542255,-1576.2457896210005,103.2527382167028,0.07009723373661902,CLOSE
2010-06-01,SHV,BUY,87.1876,26.9026,2345.58,0.0,0.0,ADD
2010-06-01,GLD,BUY,119.91,25.7675,3089.78,0.0,0.0,ADD
2010-06-02,SHV,SELL,87.19544982910156,-51.8989129198983,-4525.349057691903,0.2928693392551615,6.472170224292029e-05,REDUCE
2010-06-02,QLD,BUY,0.9078,3506.0244,3182.8,0.0,0.0,OPEN
2010-06-02,QQQ,BUY,40.142,16.5358,663.78,0.0,0.0,ADD
2010-06-02,GLD,BUY,119.78,5.7345,686.88,0.0,0.0,ADD
2010-06-04,QLD,SELL,0.8630743026733398,-3506.0243835968913,-3025.959550028613,-156.841006545703,-0.04927767346959144,CLOSE
2010-06-04,QQQ,SELL,39.135162353515625,-16.771178420334774,-656.3427903395791,7.50393199488267,0.011565170455460239,REDUCE
2010-06-04,GLD,SELL,119.19000244140625,-6.040821267673165,-720.0055016420633,4.829472050904121,0.006752843846940637,REDUCE
2010-06-04,SHV,BUY,87.2113,50.3871,4394.33,0.0,0.0,ADD
2010-06-15,SHV,SELL,87.17967224121094,-50.83458073939292,-4431.742087379649,-1.1052866002653332,-0.00024934009836508064,REDUCE
2010-06-15,QLD,BUY,0.9217,3416.5341,3149.03,0.0,0.0,OPEN
2010-06-15,QQQ,BUY,40.5412,16.0853,652.12,0.0,0.0,ADD
2010-06-15,GLD,BUY,120.99,5.278,638.58,0.0,0.0,ADD
2010-06-22,QLD,SELL,0.9067402482032776,-3416.534099768124,-3097.9089776187107,-51.11681762452101,-0.016232581423034298,CLOSE
2010-06-22,QQQ,SELL,40.2093620300293,-16.495391673049287,-663.2691756087694,10.202412951846709,0.01562231235033229,REDUCE
2010-06-22,GLD,SELL,121.44999694824219,-5.77973455352282,-701.9487438869965,15.506681068392737,0.022589934254204413,REDUCE
2010-06-22,SHV,BUY,87.1876,51.0982,4455.13,0.0,0.0,ADD
2010-07-26,SHV,SELL,87.1930923461914,-16.374085443705994,-1427.7071441774851,-0.012357479869006555,-8.655397544576893e-06,REDUCE
2010-07-26,QQQ,BUY,40.4627,15.9763,646.45,0.0,0.0,ADD
2010-07-26,GLD,BUY,115.52,6.8323,789.26,0.0,0.0,ADD
2010-07-29,QQQ,SELL,39.82663345336914,-16.140820493488167,-642.834541430782,-3.1133005906395104,-0.004819739904845521,REDUCE
2010-07-29,GLD,SELL,114.29000091552734,-5.543063189209663,-633.5166969695983,-21.536534055008747,-0.03287753274847938,REDUCE
2010-07-29,SHV,BUY,87.201,14.5469,1268.5,0.0,0.0,ADD
2010-08-02,SHV,SELL,87.1994400024414,-14.631725513600186,-1275.8782710553705,0.06527796766091215,5.1165780576400977e-05,REDUCE
2010-08-02,GLD,SELL,115.54000091552734,-0.5199420046616081,-60.07409969462333,-1.3702097915110758,-0.02230002750409754,REDUCE
2010-08-02,QLD,BUY,0.917,758.2852,695.32,0.0,0.0,OPEN
2010-08-02,QQQ,BUY,40.6631,15.9475,648.47,0.0,0.0,ADD
2010-08-11,QQQ,SELL,39.556541442871094,-15.785313841679296,-624.4124211671137,-12.323945382179831,-0.019354863377708087,REDUCE
2010-08-11,GLD,SELL,117.33999633789062,-6.133154372202578,-719.6643115739685,-5.1231300890988765,-0.007068458688168744,REDUCE
2010-08-11,QLD,BUY,0.8672,42.5038,36.86,0.0,0.0,ADD
2010-08-11,SHV,BUY,87.2153,14.8982,1299.35,0.0,0.0,ADD
2010-08-31,QLD,SELL,0.7942184805870056,-800.788966024267,-636.0013958666326,-96.18221682094826,-0.1313635202349014,CLOSE
2010-08-31,QQQ,BUY,37.8662,0.7851,29.73,0.0,0.0,ADD
2010-08-31,SHV,BUY,87.2232,0.247,21.54,0.0,0.0,ADD
2010-08-31,GLD,BUY,122.08,4.7896,584.71,0.0,0.0,ADD
2010-09-10,SHV,SELL,87.21443939208984,-50.40828843810265,-4396.330616843887,0.8120037779731166,0.0001847344646794813,REDUCE
2010-09-10,QLD,BUY,0.9095,3412.8801,3103.97,0.0,0.0,OPEN
2010-09-10,QQQ,BUY,40.6021,15.1916,616.81,0.0,0.0,ADD
2010-09-10,GLD,BUY,121.73,5.6144,683.44,0.0,0.0,ADD
2010-09-30,SHV,SELL,87.24607849121094,-25.91226138808659,-2260.7431909497773,1.2372492270934494,0.0005475751155361586,REDUCE
2010-09-30,GLD,SELL,127.91000366210938,-24.848955808758706,-3178.4300284979204,214.98691257908575,0.07254632674547823,REDUCE
2010-09-30,XLC,BUY,12.5822,129.7584,1632.65,0.0,0.0,OPEN
2010-09-30,QLD,BUY,1.0121,539.335,545.85,0.0,0.0,ADD
2010-09-30,QQQ,BUY,42.8543,37.9899,1628.03,0.0,0.0,ADD
2010-09-30,XLY,BUY,13.7949,118.3512,1632.65,0.0,0.0,OPEN
2010-10-01,XLC,SELL,12.592459834150175,-0.08730478330778382,-1.0993819771324524,0.0008959826769267301,0.0008156523446354313,REDUCE
2010-10-01,SHV,SELL,87.2374038696289,-15.90614260128755,-1387.6105861164317,0.6215009406665234,0.0004480936060053953,CLOSE
2010-10-01,XLY,SELL,13.811437606811523,-0.1247140565907306,-1.722480411295237,0.002059862848372329,0.0011973019330837609,REDUCE
2010-10-01,GLD,SELL,128.91000366210938,-0.08263104383767414,-10.651968163718493,0.7975340415558732,0.08093149050154169,REDUCE
2010-10-01,QLD,BUY,1.0099,8.926,9.01,0.0,0.0,ADD
2010-10-01,QQQ,BUY,42.8019,0.0963,4.12,0.0,0.0,ADD
2010-10-01,TQQQ,BUY,0.2697,5145.8854,1387.95,0.0,0.0,OPEN
2010-10-05,QLD,SELL,1.0352925062179565,-17.16276808068456,-17.768485179889467,1.9155158019501184,0.12083009537731826,REDUCE
2010-10-05,TQQQ,SELL,0.2797451317310333,-5145.8854360170435,-1439.5363991713937,51.59038759610073,0.037170312941456896,CLOSE
2010-10-05,XLC,BUY,12.7821,0.7144,9.13,0.0,0.0,ADD
2010-10-05,QQQ,BUY,43.3695,0.5147,22.32,0.0,0.0,ADD
2010-10-05,SHV,BUY,87.2374,16.2386,1416.61,0.0,0.0,OPEN
2010-10-05,XLY,BUY,14.0716,0.211,2.97,0.0,0.0,ADD
2010-10-05,GLD,BUY,130.99,0.0479,6.27,0.0,0.0,ADD
2010-11-01,QLD,SELL,1.143386721611023,-181.3052879315049,-207.30205877874596,39.833316899552464,0.23785523466992387,REDUCE
2010-11-01,XLY,SELL,14.529874801635742,-118.43752145431613,-1720.8823585472605,86.98773424997174,0.0532395008566624,CLOSE
2010-11-01,XLC,BUY,13.287,1.7734,23.56,0.0,0.0,ADD
2010-11-01,QQQ,BUY,45.6053,0.1412,6.44,0.0,0.0,ADD
2010-11-01,SHV,BUY,87.2208,0.8743,76.26,0.0,0.0,ADD
2010-11-01,XLK,BUY,9.9122,177.1553,1756.0,0.0,0.0,OPEN
2010-11-01,GLD,BUY,131.92,0.4998,65.93,0.0,0.0,ADD
2010-11-11,QLD,SELL,1.193770408630371,-58.41356046946168,-69.73237995118416,15.776725418920126,0.29240170572828594,REDUCE
2010-11-11,SHV,SELL,87.22871398925781,-17.112852892157782,-1492.7321504702745,-0.1341874540748709,-8.988577923285668e-05,CLOSE
2010-11-11,GLD,SELL,137.66000366210938,-0.16973629812712773,-23.365899421773292,3.020091762668143,0.14843803761786734,REDUCE
2010-11-11,XLC,BUY,13.6007,0.5489,7.46,0.0,0.0,ADD
2010-11-11,QQQ,BUY,46.6183,0.3932,18.33,0.0,0.0,ADD
2010-11-11,XLK,BUY,10.0423,2.5749,25.86,0.0,0.0,ADD
2010-11-11,TQQQ,BUY,0.3459,4435.7936,1534.18,0.0,0.0,OPEN
2010-11-19,XLC,SELL,13.468036819014399,-2.446158306527779,-32.94495013745404,2.130928542019926,0.06915450926845845,REDUCE
2010-11-19,QQQ,SELL,45.823612213134766,-0.7983854525007026,-36.58490537200032,3.2352732856466666,0.09701076393494934,REDUCE
2010-11-19,XLK,SELL,9.887777328491211,-2.302316497543772,-22.764792867424603,-0.0604844928216672,-0.0026498908147776223,REDUCE
2010-11-19,TQQQ,SELL,0.3268022835254669,-4435.793596817881,-1449.6274766877277,-84.54801406188132,-0.05510974107699407,CLOSE
2010-11-19,QLD,BUY,1.1515,28.5049,32.82,0.0,0.0,ADD
2010-11-19,SHV,BUY,87.2525,17.0908,1491.21,0.0,0.0,OPEN
2010-11-19,GLD,BUY,132.2,0.1353,17.89,0.0,0.0,ADD
2010-11-30,XLC,SELL,13.351465094547187,-130.2615665046776,-1739.18275834824,98.29029745606103,0.059900511336750784,CLOSE
2010-11-30,QLD,SELL,1.1334630250930786,-658.2912361815854,-746.1487759546421,136.95075962956588,0.22480499929350906,REDUCE
2010-11-30,SHV,SELL,87.2445297241211,-17.090775823763522,-1491.0766993646268,-0.13573835474043142,-9.102549798201132e-05,CLOSE
2010-11-30,XLK,SELL,9.741354942321777,-177.42790068020193,-1728.3881571968625,-30.640650872059425,-0.017419072803984914,CLOSE
2010-11-30,GLD,SELL,135.4199981689453,-0.34332695842290334,-46.493336080979134,5.288920613426167,0.12835810321325902,REDUCE
2010-11-30,SMH,BUY,13.1876,132.1244,1742.4,0.0,0.0,OPEN
2010-11-30,QQQ,BUY,45.4917,0.0301,1.37,0.0,0.0,ADD
2010-11-30,USD,BUY,0.3586,2186.2235,784.08,0.0,0.0,OPEN
2010-11-30,XLY,BUY,14.9263,116.7339,1742.4,0.0,0.0,OPEN
2010-11-30,TQQQ,BUY,0.3188,4645.2086,1481.04,0.0,0.0,OPEN
2010-12-01,QLD,SELL,1.1815557479858398,-33.019980498358144,-39.014947756215406,8.45749003374362,0.2767733530241958,REDUCE
2010-12-01,USD,SELL,0.3783872127532959,-49.33730401591131,-18.668604951342672,0.9739779492217222,0.05504371180613066,REDUCE
2010-12-01,TQQQ,SELL,0.3391052484512329,-4645.208563246027,-1575.2146039473384,94.17397446758466,0.0635863544814872,CLOSE
2010-12-01,SMH,BUY,13.5315,0.6639,8.98,0.0,0.0,ADD
2010-12-01,QQQ,BUY,46.4524,0.702,32.61,0.0,0.0,ADD
2010-12-01,SHV,BUY,87.2279,17.5093,1527.3,0.0,0.0,OPEN
2010-12-01,XLY,BUY,15.2442,1.1355,17.31,0.0,0.0,ADD
2010-12-01,GLD,BUY,135.38,0.3449,46.7,0.0,0.0,ADD
2010-12-13,QLD,SELL,1.2319384813308716,-3041.4530318371485,-3746.883029080632,932.2516745930509,0.3312162614499021,CLOSE
2010-12-13,USD,SELL,0.3942382335662842,-39.29938525084487,-15.493320221533963,1.3987526869542377,0.09924055374686214,REDUCE
2010-12-13,QQQ,BUY,47.4218,0.1305,6.19,0.0,0.0,ADD
2010-12-13,SHV,BUY,87.2437,42.5219,3709.77,0.0,0.0,ADD
2010-12-13,XLY,BUY,15.4341,1.1957,18.45,0.0,0.0,ADD
2010-12-13,GLD,BUY,136.05,0.1996,27.16,0.0,0.0,ADD
2010-12-16,QQQ,SELL,47.66633605957031,-0.4660586629739678,-22.215308852791168,2.7205298684724335,0.13955171641908737,REDUCE
2010-12-16,SHV,SELL,87.25960540771484,-42.15507104638292,-3678.434865441559,0.8643899992083108,0.0002350437619020873,REDUCE
2010-12-16,XLY,SELL,15.491924285888672,-0.6077285481177517,-9.41488465381326,0.3388282572340763,0.03733210134764953,REDUCE
2010-12-16,QLD,BUY,1.2423,2954.361,3670.26,0.0,0.0,OPEN
2010-12-16,SMH,BUY,13.8075,0.1204,1.66,0.0,0.0,ADD
2010-12-16,USD,BUY,0.3864,39.8185,15.38,0.0,0.0,ADD
2010-12-16,GLD,BUY,133.81,0.1761,23.57,0.0,0.0,ADD
2010-12-17,QLD,SELL,1.2461379766464233,-2954.3609828032577,-3681.54141739359,11.277036508245505,0.003072540650470801,CLOSE
2010-12-17,SMH,SELL,13.862663269042969,-0.21310437885855596,-2.9541942452747207,0.14337887415699405,0.05100970900837898,REDUCE
2010-12-17,USD,SELL,0.38927820324897766,-10.95345721081448,-4.26394214239042,0.3298731169235129,0.0838503632722516,REDUCE
2010-12-17,QQQ,BUY,47.7083,0.1072,5.11,0.0,0.0,ADD
2010-12-17,SHV,BUY,87.2437,42.2155,3683.04,0.0,0.0,ADD
2010-12-17,XLY,BUY,15.5168,0.0392,0.61,0.0,0.0,ADD
2010-12-29,QQQ,SELL,47.94460678100586,-0.07185234111447605,-3.444932241028255,0.43878400553569674,0.14596219852205716,REDUCE
2010-12-29,SHV,SELL,87.27542114257812,-17.771290850435218,-1550.996893218979,0.5878749536367496,0.00037917410613008684,REDUCE
2010-12-29,XLY,SELL,15.59991455078125,-0.11368533468076826,-1.7734815066969531,0.07563826456044039,0.04454961605599084,REDUCE
2010-12-29,GLD,SELL,137.7100067138672,-0.2583568585862985,-35.578324730492795,4.3293671703905865,0.13854437102625794,REDUCE
2010-12-29,SMH,BUY,13.8287,0.85,11.76,0.0,0.0,ADD
2010-12-29,USD,BUY,0.386,26.6626,10.29,0.0,0.0,ADD
2010-12-29,TQQQ,BUY,0.3723,4216.9049,1569.75,0.0,0.0,OPEN
2010-12-31,SMH,SELL,13.8117094039917,-133.5456237902897,-1844.493347966282,82.50319298952554,0.046823867180241896,CLOSE
2010-12-31,SHV,SELL,87.27542114257812,-0.12055288575997213,-10.521303874654677,0.003987893885895428,0.00037917410613008684,REDUCE
2010-12-31,USD,SELL,0.387236624956131,-2153.114454604644,-833.764774545363,59.73237944589702,0.07717038695547251,CLOSE
2010-12-31,GLD,SELL,138.72000122070312,-0.11522791953857543,-15.984417139050265,2.0472900695280782,0.1468946978323178,REDUCE
2010-12-31,SSO,BUY,2.7763,298.4814,828.68,0.0,0.0,OPEN
2010-12-31,XLC,BUY,13.9959,131.5746,1841.5,0.0,0.0,OPEN
2010-12-31,QQQ,BUY,47.6558,0.2276,10.85,0.0,0.0,ADD
2010-12-31,XLY,BUY,15.5376,0.1361,2.11,0.0,0.0,ADD
2010-12-31,TQQQ,BUY,0.3661,59.0807,21.63,0.0,0.0,ADD
2011-01-03,SSO,SELL,2.8294644355773926,-2.1483873241969933,-6.078785527660671,0.11420560630613766,0.01914730086812244,REDUCE
2011-01-03,QQQ,SELL,48.399635314941406,-0.2671896061886282,-12.931879499472416,1.7482892984684641,0.15632630193401753,REDUCE
2011-01-03,TQQQ,SELL,0.38259783387184143,-4275.985598060869,-1635.982827485279,44.608040891138415,0.028031134630836174,CLOSE
2011-01-03,SHV,BUY,87.2675,18.6507,1627.6,0.0,0.0,ADD
2011-01-03,GLD,BUY,138.0,0.1928,26.61,0.0,0.0,ADD
2011-01-07,SSO,SELL,2.8335092067718506,-0.7202975000335916,-2.040969597959929,0.0412035605634593,0.020604190586766213,REDUCE
2011-01-07,XLC,SELL,14.205785188921292,-0.544816785852332,-7.73955022713676,0.11436316100713578,0.014998079393373276,REDUCE
2011-01-07,QQQ,SELL,48.88966369628906,-0.7846822581566097,-38.362851709721326,5.5188914284721475,0.16803367746193865,REDUCE
2011-01-07,SHV,SELL,87.27542114257812,-42.72196251805086,-3728.577270800326,1.0835820058134609,0.0002906998901355262,REDUCE
2011-01-07,QLD,BUY,1.3077,2846.8751,3722.76,0.0,0.0,OPEN
2011-01-07,XLY,BUY,15.6581,0.3579,5.6,0.0,0.0,ADD
2011-01-07,GLD,BUY,133.58,0.3678,49.14,0.0,0.0,ADD
2011-01-20,SSO,SELL,2.87453293800354,-3.62995640513474,-10.434429250076732,0.3565606806596487,0.03538056467035999,REDUCE
2011-01-20,XLC,SELL,14.244723439560428,-0.09410500485189831,-1.3404997683937836,0.02341798147312246,0.017780202949942536,REDUCE
2011-01-20,QLD,SELL,1.3165212869644165,-2846.8751126900506,-3747.9716871856735,25.210394590637733,0.006771961081894817,CLOSE
2011-01-20,QQQ,SELL,49.099693298339844,-0.15956467821306236,-7.834576761509652,1.1557766496888986,0.17305154074656293,REDUCE
2011-01-20,SHV,BUY,87.2516,24.6247,2148.54,0.0,0.0,ADD
2011-01-20,XLY,BUY,15.6705,0.1456,2.28,0.0,0.0,ADD
2011-01-20,GLD,BUY,131.2,0.2392,31.39,0.0,0.0,ADD
2011-01-20,TQQQ,BUY,0.3987,3976.2249,1585.37,0.0,0.0,OPEN
2011-01-26,SSO,SELL,2.9432899951934814,-3.6982756397101237,-10.88509768982658,0.6175540417115917,0.0601462299919191,REDUCE
2011-01-26,XLC,SELL,14.437466162807784,-0.3333651514645576,-4.812948094128842,0.1472114515451679,0.031551598991161445,REDUCE
2011-01-26,QQQ,SELL,49.7297248840332,-0.13053722847774513,-6.491580459322449,1.0277643697126813,0.18810376353390135,REDUCE
2011-01-26,TQQQ,SELL,0.41341665387153625,-3976.224933613797,-1643.8376070951874,58.4667233026299,0.03687889307186243,CLOSE
2011-01-26,SHV,BUY,87.2516,18.8372,1643.58,0.0,0.0,ADD
2011-01-26,XLY,BUY,15.8034,0.2914,4.6,0.0,0.0,ADD
2011-01-26,GLD,BUY,131.16,0.136,17.84,0.0,0.0,ADD
2011-01-27,SSO,SELL,2.96004581451416,-1.3969166598003824,-4.134937312067223,0.2566696612537103,0.06618152339224737,REDUCE
2011-01-27,XLC,SELL,14.519036704825854,-0.6272959499751414,-9.10773292247768,0.32817787095178336,0.037379783944147205,REDUCE
2011-01-27,QQQ,SELL,50.03600311279297,-0.37222445215106303,-18.624623846488248,3.0446550182402223,0.1954211238677166,REDUCE
2011-01-27,SHV,SELL,87.25164794921875,-43.20627384291162,-3769.8185945392634,0.020225500992306238,5.365141318547373e-06,REDUCE
2011-01-27,XLY,SELL,15.928028106689453,-0.8363157206332211,-13.320860304312191,0.8259169573922406,0.06610009621178725,REDUCE
2011-01-27,QLD,BUY,1.368,2758.9903,3774.22,0.0,0.0,OPEN
2011-01-27,GLD,BUY,127.93,0.3188,40.78,0.0,0.0,ADD
2011-01-28,QLD,SELL,1.2985049486160278,-2758.9902727573235,-3582.562522358869,-191.6609374959537,-0.050781555341009366,CLOSE
2011-01-28,QQQ,SELL,48.76715850830078,-0.05507390067247497,-2.6857976437649995,0.38060342353424953,0.1651068791488428,REDUCE
2011-01-28,GLD,SELL,130.27999877929688,-0.5478642938172753,-71.37575952973498,4.498515751512945,0.06726526838383018,REDUCE
2011-01-28,SSO,BUY,2.856,2.6783,7.65,0.0,0.0,ADD
2011-01-28,XLC,BUY,14.1149,0.2279,3.22,0.0,0.0,ADD
2011-01-28,SHV,BUY,87.2596,41.6408,3633.55,0.0,0.0,ADD
2011-01-28,XLY,BUY,15.4089,0.792,12.2,0.0,0.0,ADD
2011-01-31,SSO,SELL,2.8964884281158447,-289.5658047412444,-838.7240026110666,34.587257985019704,0.043011662153436436,CLOSE
2011-01-31,XLC,SELL,14.173866112037654,-130.20291227165077,-1845.4786459357624,23.147961003924593,0.012702393256792677,CLOSE
2011-01-31,QQQ,SELL,49.003421783447266,-0.17142378289711135,-8.400351937021242,1.225172610345928,0.1707514968707582,REDUCE
2011-01-31,XLY,SELL,15.44208812713623,-119.26938375526424,-1841.7683348180208,59.457670931031586,0.033359880595317914,CLOSE
2011-01-31,SMH,BUY,14.6099,126.0902,1842.17,0.0,0.0,OPEN
2011-01-31,SHV,BUY,87.2596,0.1425,12.43,0.0,0.0,ADD
2011-01-31,USD,BUY,0.4263,1944.4477,828.98,0.0,0.0,OPEN
2011-01-31,XLK,BUY,10.6091,173.6403,1842.17,0.0,0.0,OPEN
2011-01-31,GLD,BUY,129.87,0.0664,8.62,0.0,0.0,ADD
2011-02-10,SMH,SELL,15.18311595916748,-1.8831892815474893,-28.592681234796828,1.0794175822250422,0.039232625974714,REDUCE
2011-02-10,QQQ,SELL,50.77104568481445,-0.8296676965736685,-42.1230965259565,7.396208553599038,0.21298218715959827,REDUCE
2011-02-10,SHV,SELL,87.27542877197266,-41.80056378760242,-3648.1621274731947,0.7699241011396057,0.00021108892551446878,REDUCE
2011-02-10,USD,SELL,0.458615243434906,-94.02525419936815,-43.12141484367214,3.0356590294920296,0.07572912042781499,REDUCE
2011-02-10,XLK,SELL,10.923418045043945,-0.9975325714055409,-10.896465291010372,0.31353453618878874,0.02962643746354887,REDUCE
2011-02-10,QLD,BUY,1.4077,2679.3937,3771.7,0.0,0.0,OPEN
2011-02-10,GLD,BUY,132.85,0.009,1.2,0.0,0.0,ADD
2011-02-18,QLD,SELL,1.441867470741272,-2679.393727734718,-3863.3306573288864,91.6332233175572,0.024294956029943915,CLOSE
2011-02-18,SMH,SELL,15.522788047790527,-0.579163463020006,-8.99023168148392,0.5286940059339645,0.06248202468703212,REDUCE
2011-02-18,USD,SELL,0.48107969760894775,-55.35256728018827,-26.628996329031906,3.0305544574808345,0.12842180318414576,REDUCE
2011-02-18,GLD,SELL,135.41000366210938,-0.019714179813237608,-2.669497160705987,0.2620017076840763,0.10882749845081086,REDUCE
2011-02-18,QQQ,BUY,51.3923,0.3644,18.73,0.0,0.0,ADD
2011-02-18,SHV,BUY,87.2596,44.3115,3866.61,0.0,0.0,ADD
2011-02-18,XLK,BUY,11.0214,1.4777,16.29,0.0,0.0,ADD
2011-02-22,SHV,SELL,87.26750183105469,-19.411453920687634,-1693.9890905670418,0.16846426623088745,9.945815018141957e-05,REDUCE
2011-02-22,GLD,SELL,136.2899932861328,-0.2720573653054083,-37.07869649091708,3.8550536034716734,0.11603344090025791,REDUCE
2011-02-22,SMH,BUY,15.0727,1.6248,24.49,0.0,0.0,ADD
2011-02-22,QQQ,BUY,49.9047,0.9044,45.14,0.0,0.0,ADD
2011-02-22,USD,BUY,0.4504,90.9566,40.97,0.0,0.0,ADD
2011-02-22,XLK,BUY,10.752,1.4656,15.76,0.0,0.0,ADD
2011-02-22,TQQQ,BUY,0.4153,3864.2347,1604.71,0.0,0.0,OPEN
2011-02-28,QQQ,SELL,50.552276611328125,-0.17297195979034524,-8.744126357325058,1.47756719098568,0.20333794264418326,REDUCE
2011-02-28,USD,SELL,0.4521969258785248,-1886.0264040937454,-852.85534205692,46.592746045895666,0.05778854963186042,CLOSE
2011-02-28,XLK,SELL,10.841782569885254,-175.58604578602424,-1903.665730717992,40.035804684880574,0.021482701112285785,CLOSE
2011-02-28,TQQQ,SELL,0.4315115213394165,-106.47370568438372,-45.94463072251369,1.7289617066457914,0.03910291860619153,REDUCE
2011-02-28,SMH,BUY,15.1916,0.3212,4.88,0.0,0.0,ADD
2011-02-28,SHV,BUY,87.2675,0.4531,39.54,0.0,0.0,ADD
2011-02-28,XLY,BUY,16.3683,116.5466,1907.67,0.0,0.0,OPEN
2011-02-28,GLD,BUY,137.66,6.2409,859.12,0.0,0.0,ADD
2011-03-01,GLD,SELL,140.02999877929688,-0.49020651753872563,-68.64361805255112,6.140597803290699,0.098244817271264,REDUCE
2011-03-01,TQQQ,SELL,0.41076743602752686,-3757.7609894282105,-1543.5658468316885,-16.9313208147196,-0.010849952928947637,CLOSE
2011-03-01,SMH,BUY,14.9454,0.7336,10.96,0.0,0.0,ADD
2011-03-01,QQQ,BUY,49.7385,0.3998,19.89,0.0,0.0,ADD
2011-03-01,SHV,BUY,87.2588,17.9353,1565.01,0.0,0.0,ADD
2011-03-01,XLY,BUY,16.0568,1.018,16.35,0.0,0.0,ADD
2011-03-04,SMH,SELL,15.463340759277344,-3.020153893163577,-46.701668795446494,2.549101409387629,0.05773393395448401,REDUCE
2011-03-04,QQQ,SELL,50.7273063659668,-0.6857888630106039,-34.78822175630694,5.948020643738603,0.20624060909015296,REDUCE
2011-03-04,SHV,SELL,87.25877380371094,-43.084484851101735,-3759.499318071697,-0.0042578038162796985,-1.1325441592324736e-06,REDUCE
2011-03-04,XLY,SELL,16.285215377807617,-0.4993612939862432,-8.132206223906678,-0.04013351174922114,-0.004910896150599142,REDUCE
2011-03-04,QLD,BUY,1.3994,2724.5938,3812.86,0.0,0.0,OPEN
2011-03-04,GLD,BUY,139.35,0.2602,36.26,0.0,0.0,ADD
2011-03-07,QLD,SELL,1.3632394075393677,-2724.593822858099,-3714.2736688584955,-98.58949877953447,-0.025857077593636313,CLOSE
2011-03-07,QQQ,SELL,50.04474639892578,-0.030517961064882356,-1.5272636221043285,0.2438596735582463,0.19001006957669508,REDUCE
2011-03-07,XLY,SELL,16.123231887817383,-0.4660891547075579,-7.514863521746747,-0.1129581881989576,-0.01480870850083904,REDUCE
2011-03-07,GLD,SELL,139.72000122070312,-0.29345229671919754,-41.001155255824415,3.534116690410506,0.09432602163739934,REDUCE
2011-03-07,SMH,BUY,15.0303,1.7907,26.91,0.0,0.0,ADD
2011-03-07,SHV,BUY,87.2588,42.8312,3737.4,0.0,0.0,ADD
2011-03-10,SHV,SELL,87.29837799072266,-18.8654111879536,-1646.9197968363815,0.7465854026444555,0.0004535278532409315,REDUCE
2011-03-10,XLY,SELL,16.10246467590332,-1.294341031728572,-20.84208074198159,-0.34056751785063444,-0.016077664778885947,REDUCE
2011-03-10,SMH,BUY,14.3255,4.5299,64.89,0.0,0.0,ADD
2011-03-10,QQQ,BUY,49.1259,0.4237,20.82,0.0,0.0,ADD
2011-03-10,GLD,BUY,137.77,0.0281,3.87,0.0,0.0,ADD
2011-03-10,TQQQ,BUY,0.3945,4000.6796,1578.19,0.0,0.0,OPEN
2011-03-21,SMH,SELL,14.308475494384766,-0.6571999983557124,-9.40353007138242,-0.20126262591655295,-0.020954395608470677,REDUCE
2011-03-21,GLD,SELL,139.13999938964844,-0.28092720536293586,-39.08821118273454,3.215793941112374,0.08964530935989279,REDUCE
2011-03-21,TQQQ,SELL,0.38027089834213257,-4000.6796357617027,-1521.3420390701783,-56.84495059437964,-0.03601914789987082,CLOSE
2011-03-21,QQQ,BUY,48.6344,0.2652,12.9,0.0,0.0,ADD
2011-03-21,SHV,BUY,87.2905,17.7047,1545.45,0.0,0.0,ADD
2011-03-21,XLY,BUY,15.9022,0.7222,11.48,0.0,0.0,ADD
2011-03-31,SMH,SELL,14.686354637145996,-1.4249807179337564,-20.927772174670054,0.10208071446704718,0.00490167227638616,REDUCE
2011-03-31,QQQ,SELL,50.32567596435547,-1.3367201377945832,-67.27134450967878,10.966535448055607,0.19477084872187755,REDUCE
2011-03-31,XLY,SELL,16.273107528686523,-0.9361131883811584,-15.233470573548175,-0.08386944215842919,-0.0054754573622070035,REDUCE
2011-03-31,GLD,SELL,139.86000061035156,-5.856360830090254,-819.0706292708619,71.25477091324532,0.09528384577152171,REDUCE
2011-03-31,SSO,BUY,3.0855,273.1471,842.8,0.0,0.0,OPEN
2011-03-31,SHV,BUY,87.2826,0.9132,79.7,0.0,0.0,ADD
2011-04-07,SSO,SELL,3.1220014095306396,-2.054512703468446,-6.4141915561270935,0.07496909362455503,0.011826228542697326,REDUCE
2011-04-07,SMH,SELL,14.864678382873535,-0.998704518027422,-14.845421460000352,0.24963648509326086,0.017103327126456902,REDUCE
2011-04-07,SHV,SELL,87.30631256103516,-18.069873462288065,-1577.6140204368762,0.6865077037009768,0.00043534512408305304,REDUCE
2011-04-07,XLY,SELL,16.373117446899414,-0.2207771664815364,-3.61481047639586,0.002299757953746486,0.0006366093094218872,REDUCE
2011-04-07,GLD,SELL,142.50999450683594,-0.16456659342746444,-23.45238432535666,2.438394256877286,0.11603670930323862,REDUCE
2011-04-07,QQQ,BUY,50.1416,0.544,27.28,0.0,0.0,ADD
2011-04-07,TQQQ,BUY,0.4165,3838.6859,1598.66,0.0,0.0,OPEN
2011-04-19,XLY,SELL,16.248106002807617,-0.23050665567118864,-3.7452965756981484,-0.026414863283717113,-0.007003415746684838,REDUCE
2011-04-19,GLD,SELL,145.92999267578125,-0.36836011391314194,-53.75478872539475,6.717807439113524,0.1428196975104956,REDUCE
2011-04-19,TQQQ,SELL,0.40250059962272644,-3838.6859480595444,-1545.0733958573007,-53.590587463406,-0.03352210847465831,CLOSE
2011-04-19,SSO,BUY,3.0224,6.2402,18.86,0.0,0.0,ADD
2011-04-19,SMH,BUY,14.4571,2.3149,33.47,0.0,0.0,ADD
2011-04-19,QQQ,BUY,49.5984,0.0848,4.2,0.0,0.0,ADD
2011-04-19,SHV,BUY,87.33,17.7034,1546.04,0.0,0.0,ADD
2011-04-20,SSO,SELL,3.10520339012146,-3.275088960303697,-10.169817342484407,0.06914545346209205,0.006845629104855977,REDUCE
2011-04-20,SMH,SELL,15.136414527893066,-3.9031910498463063,-59.08031771203582,2.0473359999338494,0.03589740424704857,REDUCE
2011-04-20,QQQ,SELL,50.720001220703125,-0.4988663981283244,-25.302504322036384,4.253568644468672,0.20207998682811246,REDUCE
2011-04-20,SHV,SELL,87.32215881347656,-42.37976965901493,-3700.6929766430576,1.5198857103254024,0.00041087174699949713,REDUCE
2011-04-20,XLY,SELL,16.53980827331543,-0.3019461522866736,-4.994131467686884,0.05347692033728191,0.010823853362905034,REDUCE
2011-04-20,QLD,BUY,1.3924,2716.3479,3782.24,0.0,0.0,OPEN
2011-04-20,GLD,BUY,146.5,0.1228,18.0,0.0,0.0,ADD
2011-05-02,SSO,SELL,3.254063844680786,-274.05774034837503,-891.8013842225619,46.58241537686736,0.05511283713909587,CLOSE
2011-05-02,QLD,SELL,1.4466010332107544,-36.40624405208745,-52.66531026107259,1.9732333848698609,0.038925873755158547,REDUCE
2011-05-02,QQQ,SELL,51.6751708984375,-37.093624858529466,-1916.8194038070399,351.70833073337974,0.2247178087128816,REDUCE
2011-05-02,XLC,BUY,15.0654,128.666,1938.4,0.0,0.0,OPEN
2011-05-02,SMH,BUY,15.4082,0.8652,13.33,0.0,0.0,ADD
2011-05-02,SHV,BUY,87.3134,0.4621,40.35,0.0,0.0,ADD
2011-05-02,GLD,BUY,150.41,5.7789,869.2,0.0,0.0,ADD
2011-05-03,XLC,SELL,15.025640183302817,-0.33893526277781616,-5.092719303932654,-0.013471644085867531,-0.002638296182616351,REDUCE
2011-05-03,QLD,SELL,1.431638240814209,-2679.9416893038465,-3836.707005559618,105.15452946337125,0.028179834033414952,CLOSE
2011-05-03,SMH,SELL,15.335968971252441,-0.0734268567042993,-1.1260719960737333,0.052765069095167386,0.049161211736240995,REDUCE
2011-05-03,GLD,SELL,149.8800048828125,-0.026854239946148193,-4.02491361425291,0.3816574293474816,0.104757230888332,REDUCE
2011-05-03,SHV,BUY,87.3293,44.0511,3846.95,0.0,0.0,ADD
2011-05-04,SMH,SELL,15.386919975280762,-0.7485523936991566,-11.517915779153782,0.5760546478894074,0.05264686153285525,REDUCE
2011-05-04,QQQ,SELL,51.35094451904297,-0.052248383638604186,-2.683003849435636,0.4784599663598229,0.21703354151075827,REDUCE
2011-05-04,SHV,SELL,87.33718872070312,-62.92154724863698,-5495.391046652847,1.296705617232635,0.00023601808355344644,CLOSE
2011-05-04,QLD,BUY,1.4286,2692.2934,3846.17,0.0,0.0,OPEN
2011-05-04,GLD,BUY,147.73,0.1984,29.31,0.0,0.0,ADD
2011-05-04,TQQQ,BUY,0.4456,3667.4445,1634.11,0.0,0.0,OPEN
2011-05-10,QLD,SELL,1.4560662508010864,-16.253437181150325,-23.666081338988533,0.4466697430902656,0.01923691051538845,REDUCE
2011-05-10,TQQQ,SELL,0.45898908376693726,-3667.4445100867474,-1683.3169954508003,49.20645120068145,0.030112070063939234,CLOSE
2011-05-10,XLC,BUY,15.1507,0.2641,4.0,0.0,0.0,ADD
2011-05-10,SMH,BUY,15.5016,0.6989,10.83,0.0,0.0,ADD
2011-05-10,QQQ,BUY,51.8679,0.095,4.93,0.0,0.0,ADD
2011-05-10,SHV,BUY,87.3213,18.9645,1656.01,0.0,0.0,OPEN
2011-05-10,XLY,BUY,17.0274,0.0809,1.38,0.0,0.0,ADD
2011-05-10,GLD,BUY,147.9,0.2017,29.83,0.0,0.0,ADD
2011-05-16,XLC,SELL,14.783154396823324,-0.4996152862621697,-7.385889915826738,-0.1410953261674632,-0.01874526409063093,REDUCE
2011-05-16,QLD,SELL,1.367972731590271,-2676.0399701842034,-3660.749707857632,-162.2000363874624,-0.04242798028711503,CLOSE
2011-05-16,SMH,SELL,15.34021282196045,-2.240583270900824,-34.3710242209429,1.6085913281598874,0.04909865312579487,REDUCE
2011-05-16,XLY,SELL,16.677331924438477,-0.8753006021232801,-14.5976786752708,0.2749856822717034,0.019199300187898727,REDUCE
2011-05-16,GLD,SELL,145.3699951171875,-0.19067244039813275,-27.718051729658782,1.795816396887702,0.06927706557070779,REDUCE
2011-05-16,QQQ,BUY,50.2994,0.0721,3.63,0.0,0.0,ADD
2011-05-16,SHV,BUY,87.2976,24.418,2131.64,0.0,0.0,ADD
2011-05-16,TQQQ,BUY,0.4179,3851.5685,1609.56,0.0,0.0,OPEN
2011-05-20,QQQ,SELL,50.62361145019531,-0.026170832611549424,-1.3248620614551783,0.21939191995035173,0.19846028555027595,REDUCE
2011-05-20,SHV,SELL,87.2975845336914,-43.38257926308809,-3787.1943805090004,-0.450413594651238,-0.00011891653498041777,CLOSE
2011-05-20,XLY,SELL,16.781511306762695,-0.07040614783575046,-1.1815215659712521,0.029453764549661733,0.025565999252229243,REDUCE
2011-05-20,GLD,SELL,147.49000549316406,-0.1495588763653337,-22.05843949667451,1.7256615600631688,0.08487091952919679,REDUCE
2011-05-20,TQQQ,SELL,0.42567023634910583,-49.07609565896539,-20.890233238243127,0.3814968657342558,0.018601675832433884,REDUCE
2011-05-20,XLC,BUY,14.8549,0.0982,1.46,0.0,0.0,ADD
2011-05-20,QLD,BUY,1.3855,2748.7583,3808.49,0.0,0.0,OPEN
2011-05-20,SMH,BUY,15.2426,1.4894,22.7,0.0,0.0,ADD
2011-05-23,XLC,SELL,14.6797898590355,-0.8089800405072042,-11.875656994799783,-0.3119516730047413,-0.025595806487355488,REDUCE
2011-05-23,QLD,SELL,1.34598708152771,-2748.7583094507177,-3699.7931747626135,-108.69587795469215,-0.028540420216552564,CLOSE
2011-05-23,QQQ,SELL,49.87875747680664,-0.10741584376630596,-5.357768820386127,0.8204654120186247,0.18082665807747333,REDUCE
2011-05-23,XLY,SELL,16.623153686523438,-0.983700962494144,-16.352212281121183,0.25574570890126685,0.015888313609313753,REDUCE
2011-05-23,GLD,SELL,147.8300018310547,-0.3404216983338166,-50.32454028801885,4.043644327570357,0.08737178145872626,REDUCE
2011-05-23,SMH,BUY,14.9454,0.1879,2.81,0.0,0.0,ADD
2011-05-23,SHV,BUY,87.3213,42.8285,3739.85,0.0,0.0,OPEN
2011-05-23,TQQQ,BUY,0.4072,100.8064,41.05,0.0,0.0,ADD
2011-05-27,XLC,SELL,14.814826361338184,-0.12270716953568099,-1.8178854099624004,-0.03074729807968022,-0.01663245378377254,REDUCE
2011-05-27,QQQ,SELL,50.32567596435547,-0.02316498785648576,-1.1657936725837317,0.18729204125367718,0.19140697905541093,REDUCE
2011-05-27,GLD,SELL,149.6999969482422,-0.07182277891140644,-10.751869783851816,0.9874435599700241,0.10112663430800861,REDUCE
2011-05-27,TQQQ,SELL,0.4176989197731018,-3903.2987813081377,-1630.403684504074,0.3061668081273679,0.00018782116088367218,CLOSE
2011-05-27,SMH,BUY,15.0005,0.5651,8.48,0.0,0.0,ADD
2011-05-27,SHV,BUY,87.3293,18.6986,1632.94,0.0,0.0,ADD
2011-05-27,XLY,BUY,16.7357,0.1628,2.73,0.0,0.0,ADD
2011-05-31,XLC,SELL,14.96864231575694,-0.5804869182797074,-8.68910104870497,-0.0561671192677076,-0.006422572548821948,REDUCE
2011-05-31,SMH,SELL,15.238314628601074,-1.2467229574753649,-18.99795668070965,0.7561395022953457,0.041450886986746704,REDUCE
2011-05-31,QQQ,SELL,51.14063262939453,-0.3265126242851754,-16.69806216742768,2.9059921049584143,0.21070021336870592,REDUCE
2011-05-31,SHV,SELL,87.32133483886719,-43.069334540828734,-3760.871782726894,-0.10385662145534338,-2.761427656394755e-05,REDUCE
2011-05-31,XLY,SELL,16.852359771728516,-0.13404771614218317,-2.259020339006611,0.06550252422290412,0.029861861062369766,REDUCE
2011-05-31,QLD,BUY,1.4115,2686.8031,3792.38,0.0,0.0,OPEN
2011-05-31,GLD,BUY,149.64,0.1011,15.13,0.0,0.0,ADD
2011-06-03,QLD,SELL,1.3168264627456665,-2686.803138652268,-3538.0534731654207,-254.32937935144028,-0.06706321308848118,CLOSE
2011-06-03,GLD,SELL,150.22000122070312,-0.6386325289450796,-95.93537927771058,9.058558519191985,0.10426899189107086,REDUCE
2011-06-03,XLC,BUY,14.4271,0.1492,2.15,0.0,0.0,ADD
2011-06-03,SMH,BUY,14.5038,1.7206,24.96,0.0,0.0,ADD
2011-06-03,SHV,BUY,87.3205,23.4509,2047.74,0.0,0.0,ADD
2011-06-03,XLY,BUY,16.2189,0.2975,4.83,0.0,0.0,ADD
2011-06-03,TQQQ,BUY,0.3935,3950.0816,1554.31,0.0,0.0,OPEN
2011-06-06,SMH,SELL,14.452834129333496,-0.3245358567411601,-4.690462906501125,-0.05751837470023435,-0.012114280005265932,REDUCE
2011-06-06,SHV,SELL,87.3047103881836,-41.90868618331501,-3658.8257099835882,-0.7226105335726646,-0.00019745894036193867,CLOSE
2011-06-06,GLD,SELL,150.47999572753906,-0.1234072318575902,-18.570319722677596,1.7825310077704637,0.1061802145620061,REDUCE
2011-06-06,XLC,BUY,14.2975,0.3725,5.33,0.0,0.0,ADD
2011-06-06,QLD,BUY,1.2939,2811.0225,3637.25,0.0,0.0,OPEN
2011-06-06,QQQ,BUY,48.9762,0.0467,2.29,0.0,0.0,ADD
2011-06-06,XLY,BUY,16.0481,0.5083,8.16,0.0,0.0,ADD
2011-06-06,TQQQ,BUY,0.384,75.6946,29.07,0.0,0.0,ADD
2011-06-08,XLC,SELL,14.178715810048237,-0.5674500467363647,-8.045712949073504,-0.5014487320235859,-0.058668450502415315,REDUCE
2011-06-08,QLD,SELL,1.2707183361053467,-2811.022534117441,-3572.01787730835,-65.23525724491819,-0.017935308550618756,CLOSE
2011-06-08,QQQ,SELL,48.53803253173828,-0.12050344601330104,-5.849000182780173,0.7576692828647961,0.14881556468415535,REDUCE
2011-06-08,XLY,SELL,15.939724922180176,-0.6820704176706824,-10.872014835227219,-0.28796212303620716,-0.025803110894685566,REDUCE
2011-06-08,GLD,SELL,149.80999755859375,-0.13062779011079892,-19.569348917583284,1.799306532984982,0.10125505015927705,REDUCE
2011-06-08,SMH,BUY,14.2448,0.2126,3.03,0.0,0.0,ADD
2011-06-08,SHV,BUY,87.2968,41.135,3590.95,0.0,0.0,OPEN
2011-06-08,TQQQ,BUY,0.3735,59.8968,22.37,0.0,0.0,ADD
2011-06-20,XLC,SELL,14.07468702441043,-0.8232827853743029,-11.587447536728178,-0.8131701323146142,-0.06557497005529267,REDUCE
2011-06-20,XLY,SELL,16.00019073486328,-1.973211641820009,-31.57176262937287,-0.7137549447387099,-0.0221075887385197,REDUCE
2011-06-20,GLD,SELL,150.02999877929688,-0.23739766621492556,-35.61677157243321,3.3222147475359542,0.10287228171450602,REDUCE
2011-06-20,TQQQ,SELL,0.34828853607177734,-4085.6730163243387,-1422.9930737235668,-182.7611312446733,-0.11381638028983898,CLOSE
2011-06-20,SMH,BUY,13.7693,2.5548,35.18,0.0,0.0,ADD
2011-06-20,QQQ,BUY,47.4876,0.2523,11.98,0.0,0.0,ADD
2011-06-20,SHV,BUY,87.3205,16.6583,1454.61,0.0,0.0,ADD
2011-06-30,XLC,SELL,14.766265868251512,-3.442554680859765,-50.83367768356902,-1.0194706641239109,-0.01966072835709054,REDUCE
2011-06-30,SMH,SELL,14.469816207885742,-128.59921051425664,-1860.8069406205013,-18.327003454982133,-0.00975289894196385,CLOSE
2011-06-30,XLY,SELL,16.815675735473633,-3.2157844313141637,-54.075588232163454,1.4592025534404423,0.027732854216752312,REDUCE
2011-06-30,GLD,SELL,146.0,-4.823576275335894,-704.2421361990405,48.06357890003266,0.07324771339355274,REDUCE
2011-06-30,SSO,BUY,3.066,265.1963,813.1,0.0,0.0,OPEN
2011-06-30,QQQ,BUY,50.1048,35.0203,1754.68,0.0,0.0,ADD
2011-06-30,SHV,BUY,87.3364,1.1699,102.18,0.0,0.0,ADD
2011-07-05,SSO,SELL,3.1512434482574463,-3.7811409549053914,-11.915295661083519,0.32220937172875885,0.02779323500978559,REDUCE
2011-07-05,XLC,SELL,15.080149234677645,-0.9726565063609812,-14.667805270003782,0.017260313928118814,0.0011781346004444693,REDUCE
2011-07-05,QQQ,SELL,51.11479187011719,-0.4589970126110471,-23.461536768619226,2.1671933558611873,0.1017731945922673,REDUCE
2011-07-05,SHV,SELL,87.33477020263672,-41.14627446145579,-3593.5004247858615,1.2544968054316858,0.00034922353051070054,REDUCE
2011-07-05,XLY,SELL,17.22968292236328,-1.2040453023138165,-20.745318783028097,1.0448340788003474,0.05303595797194394,REDUCE
2011-07-05,QLD,BUY,1.4046,2606.5915,3661.26,0.0,0.0,OPEN
2011-07-05,GLD,BUY,147.63,0.0205,3.03,0.0,0.0,ADD
2011-07-12,SHV,SELL,87.31107330322266,-17.816895572432323,-1555.6122753605016,0.12100896947670826,7.779469553526042e-05,CLOSE
2011-07-12,GLD,SELL,152.77000427246094,-0.47457583500636136,-72.50095234152855,7.930973797291163,0.12282757368205699,REDUCE
2011-07-12,SSO,BUY,3.0365,6.6867,20.3,0.0,0.0,ADD
2011-07-12,XLC,BUY,14.8246,0.6385,9.46,0.0,0.0,ADD
2011-07-12,QLD,BUY,1.3706,33.2927,45.63,0.0,0.0,ADD
2011-07-12,XLY,BUY,16.8826,0.9074,15.32,0.0,0.0,ADD
2011-07-12,TQQQ,BUY,0.4161,3695.0841,1537.39,0.0,0.0,OPEN
2011-07-18,QLD,SELL,1.3719429969787598,-2.098878221786262,-2.879541277890894,-0.06767342325812385,-0.02296182332143648,REDUCE
2011-07-18,GLD,SELL,156.57000732421875,-0.24225526720421175,-37.929908960494004,4.969070561727303,0.15075680119572543,REDUCE
2011-07-18,TQQQ,SELL,0.4163130223751068,-3695.0840712005675,-1538.3116176116225,0.9167663721068121,0.0005963115925409213,CLOSE
2011-07-18,SSO,BUY,2.9976,3.5301,10.58,0.0,0.0,ADD
2011-07-18,XLC,BUY,14.7469,0.6684,9.86,0.0,0.0,ADD
2011-07-18,SHV,BUY,87.319,17.6139,1538.03,0.0,0.0,OPEN
2011-07-18,XLY,BUY,16.686,1.2378,20.65,0.0,0.0,ADD
2011-07-28,QLD,SELL,1.4009507894515991,-33.54063632421696,-46.98878093712074,-0.10849961710642522,-0.002303734224771259,REDUCE
2011-07-28,QQQ,SELL,51.105995178222656,-0.22097600606535678,-11.293198700479024,1.0414131117940006,0.10158358295587222,REDUCE
2011-07-28,SHV,SELL,87.27933502197266,-17.613908165492226,-1537.3301918222558,-0.6985251971758163,-0.00045416915135987335,CLOSE
2011-07-28,SSO,BUY,2.9773,4.0825,12.16,0.0,0.0,ADD
2011-07-28,XLC,BUY,14.7904,0.6376,9.43,0.0,0.0,ADD
2011-07-28,XLY,BUY,16.6609,1.0964,18.27,0.0,0.0,ADD
2011-07-28,GLD,BUY,157.32,0.0329,5.18,0.0,0.0,ADD
2011-07-28,TQQQ,BUY,0.4293,3612.0065,1550.58,0.0,0.0,OPEN
2011-08-01,SSO,SELL,2.9089298248291016,-275.71455566030653,-802.034294099769,-42.513143621490535,-0.050338372627354855,CLOSE
2011-08-01,XLC,SELL,14.650798710429962,-123.33772041036863,-1806.9961151356,-50.2302475399064,-0.02704584026448187,CLOSE
2011-08-01,QQQ,SELL,50.70199966430664,-35.798593890680635,-1815.0602954279393,154.24871919227252,0.09287550821501789,REDUCE
2011-08-01,XLY,SELL,16.493663787841797,-109.49016658585994,-1805.8939957419639,13.223878468727445,0.007376637977790201,CLOSE
2011-08-01,QLD,BUY,1.3809,7.8518,10.84,0.0,0.0,ADD
2011-08-01,SHV,BUY,87.2754,30.9982,2705.38,0.0,0.0,OPEN
2011-08-01,GLD,BUY,157.72,22.1628,3495.52,0.0,0.0,ADD
2011-08-01,TQQQ,BUY,0.4194,43.486,18.24,0.0,0.0,ADD
2011-08-02,QLD,SELL,1.3096513748168945,-2612.0965285092157,-3420.935809716532,-246.75023427951214,-0.06727681467813729,CLOSE
2011-08-02,QQQ,SELL,49.419734954833984,-15.021667681210639,-742.3668353850254,45.46349735155833,0.06523644653482075,REDUCE
2011-08-02,GLD,SELL,161.52000427246094,-5.918803451495871,-956.0051587734697,61.82844656044258,0.06914566854175996,REDUCE
2011-08-02,TQQQ,SELL,0.3875483572483063,-3655.492505222096,-1416.680115332319,-152.13506165773248,-0.09697449635183975,CLOSE
2011-08-02,SHV,BUY,87.3229,74.7448,6526.93,0.0,0.0,ADD
2011-09-30,SHV,SELL,87.33477020263672,-1.0430674776665743,-91.09605846785416,0.02690557859502554,0.0002954411866302742,REDUCE
2011-09-30,GLD,SELL,158.05999755859375,-4.696134814558504,-742.2710573239442,32.80766273702131,0.04624292526906659,REDUCE
2011-09-30,QQQ,BUY,46.1854,0.9071,41.89,0.0,0.0,ADD
2011-09-30,BIL,BUY,73.2247,10.81,791.56,0.0,0.0,OPEN
2011-10-27,SHV,SELL,87.30790710449219,-14.98384774385145,-1308.2083868880372,-0.01600920456539366,-1.223735363231615e-05,REDUCE
2011-10-27,QQQ,BUY,51.7815,13.4364,695.76,0.0,0.0,ADD
2011-10-27,BIL,BUY,73.2087,0.2583,18.91,0.0,0.0,ADD
2011-10-27,GLD,BUY,169.55,3.5536,602.51,0.0,0.0,ADD
2011-10-31,QQQ,SELL,50.9896240234375,-14.689857762775627,-749.030324281704,31.63330500564929,0.044094558738996925,REDUCE
2011-10-31,BIL,SELL,73.19276428222656,-11.06837892994424,-810.1252500057718,-0.34936350010253864,-0.00043106038644602496,CLOSE
2011-10-31,GLD,SELL,167.33999633789062,-4.37300363538621,-731.7784123311108,59.62759916464166,0.08871163732397935,REDUCE
2011-10-31,SHV,BUY,87.3237,16.9009,1475.85,0.0,0.0,ADD
2011-10-31,USD,BUY,0.3684,2187.8373,805.95,0.0,0.0,OPEN
2011-11-08,SHV,SELL,87.32691955566406,-16.362324334433925,-1428.871380896796,0.2552957152035574,0.0001787014145029353,REDUCE
2011-11-08,USD,SELL,0.38073039054870605,-46.312310615303666,-17.63250410777755,0.5720312430507904,0.03352962415440941,REDUCE
2011-11-08,QQQ,BUY,51.8079,14.8586,769.79,0.0,0.0,ADD
2011-11-08,GLD,BUY,173.53,3.9523,685.84,0.0,0.0,ADD
2011-11-09,QQQ,SELL,49.986541748046875,-14.554049323455216,-727.5065941100275,-4.875998032371932,-0.006657719728302758,REDUCE
2011-11-09,GLD,SELL,172.07000732421875,-4.509959739056621,-776.0288053314043,68.42517991732024,0.09669987187710971,REDUCE
2011-11-09,SHV,BUY,87.319,16.4118,1433.06,0.0,0.0,ADD
2011-11-09,USD,BUY,0.3479,176.3158,61.33,0.0,0.0,ADD
2011-11-11,SHV,SELL,87.33479309082031,-16.67341981482249,-1456.1696696439058,0.3718350145942548,0.0002554166559045612,REDUCE
2011-11-11,USD,SELL,0.3767429292201996,-159.7277442891086,-60.17629826121379,1.5853018511645474,0.027057089797036582,REDUCE
2011-11-11,QQQ,BUY,50.9016,14.9983,763.44,0.0,0.0,ADD
2011-11-11,GLD,BUY,173.96,4.3806,762.04,0.0,0.0,ADD
2011-11-14,QQQ,SELL,50.58486557006836,-15.099692682935506,-763.8159245156374,-0.37841538491376603,-0.0004951821351660834,REDUCE
2011-11-14,GLD,SELL,173.1999969482422,-4.407569403189845,-763.3910071816467,58.355298970858115,0.08276928145802698,REDUCE
2011-11-14,SHV,BUY,87.319,17.2291,1504.43,0.0,0.0,ADD
2011-11-14,USD,BUY,0.3693,36.805,13.59,0.0,0.0,ADD
2011-11-30,SHV,SELL,87.31106567382812,-0.9274880687408162,-80.97997168152142,-0.0022860531573074645,-2.8229061787787835e-05,REDUCE
2011-11-30,USD,SELL,0.34688758850097656,-2194.9180566035952,-761.3898316124711,-43.835092109037205,-0.054438320049067235,CLOSE
2011-11-30,SSO,BUY,2.6445,303.8045,803.4,0.0,0.0,OPEN
2011-11-30,QQQ,BUY,49.617,0.1597,7.92,0.0,0.0,ADD
2011-11-30,GLD,BUY,170.13,0.183,31.13,0.0,0.0,ADD
2011-12-05,SSO,SELL,2.698479652404785,-6.6734741296625035,-18.008234149744,0.3604719524069017,0.020425929836095147,REDUCE
2011-12-05,SHV,SELL,87.3157958984375,-17.527745960324,-1530.449088831313,0.039708154320644444,2.594609966588557e-05,REDUCE
2011-12-05,QQQ,BUY,50.3649,14.8395,747.39,0.0,0.0,ADD
2011-12-05,GLD,BUY,167.32,4.842,810.17,0.0,0.0,ADD
2011-12-08,QQQ,SELL,49.37941360473633,-14.893763961937237,-735.4453308078153,-16.447448600294244,-0.021874726092251717,REDUCE
2011-12-08,GLD,SELL,165.97999572753906,-4.50975804023024,-748.5296202496502,20.390456851469345,0.028003516190927558,REDUCE
2011-12-08,SSO,BUY,2.6015,9.1199,23.73,0.0,0.0,ADD
2011-12-08,SHV,BUY,87.3316,16.6173,1451.22,0.0,0.0,ADD
2011-12-09,SSO,SELL,2.686864137649536,-8.752330420418716,-23.516322727482134,0.38230220941767834,0.01652554120971561,REDUCE
2011-12-09,SHV,SELL,87.33164978027344,-16.906158496176293,-1476.442712917862,0.25802535305709934,0.00017479205361681238,REDUCE
2011-12-09,QQQ,BUY,50.1713,14.917,748.41,0.0,0.0,ADD
2011-12-09,GLD,BUY,166.4,4.5708,760.58,0.0,0.0,ADD
2011-12-12,QQQ,SELL,49.608192443847656,-15.098256999544397,-748.9972388000683,-10.881130184193347,-0.01431956827345704,REDUCE
2011-12-12,GLD,SELL,161.99000549316406,-4.220271771284581,-683.6418474130346,-1.556983373405655,-0.0022723088590483886,REDUCE
2011-12-12,SSO,BUY,2.6079,5.7525,15.0,0.0,0.0,ADD
2011-12-12,SHV,BUY,87.3316,16.1302,1408.67,0.0,0.0,ADD
2011-12-22,SSO,SELL,2.685701608657837,-11.08150071137756,-29.76160428688968,0.4785807931422185,0.016343284812936343,REDUCE
2011-12-22,SHV,SELL,87.32371520996094,-17.74474566886599,-1549.5371172612413,0.08826714919124587,5.696680415412381e-05,REDUCE
2011-12-22,QQQ,BUY,49.0662,15.2118,746.39,0.0,0.0,ADD
2011-12-22,GLD,BUY,156.04,5.3953,841.88,0.0,0.0,ADD
2012-01-17,SSO,SELL,2.8523712158203125,-12.135912165167023,-34.61612653764598,2.5468057564118216,0.07941564381064548,REDUCE
2012-01-17,QQQ,SELL,51.85602951049805,-1.112311887560901,-57.680078066235865,2.4059485695849117,0.043527570519779735,REDUCE
2012-01-17,SHV,SELL,87.32613372802734,-39.09656967825101,-3414.1522720300864,0.2890326386689115,8.466438705978518e-05,REDUCE
2012-01-17,GLD,SELL,160.5,-0.2716342936326333,-43.59730412803765,-0.15231265405446348,-0.003481462587731965,REDUCE
2012-01-17,QLD,BUY,1.3718,2587.8945,3550.05,0.0,0.0,OPEN
2012-01-31,SSO,SELL,2.9366061687469482,-280.0337825039144,-822.3489331585362,82.3556736096943,0.11129246455556197,CLOSE
2012-01-31,QLD,SELL,1.458509087562561,-64.16128072066452,-93.57981100074176,5.564057959529626,0.0632166148362594,REDUCE
2012-01-31,SHV,SELL,87.31816864013672,-29.851129841475466,-2606.5459895965723,-0.017083807879425997,-6.5541509636224404e-06,REDUCE
2012-01-31,GLD,SELL,169.30999755859375,-11.858091968424228,-2007.693522223486,97.82061020086819,0.05121838714245808,REDUCE
2012-01-31,XLC,BUY,15.4948,118.778,1840.44,0.0,0.0,OPEN
2012-01-31,QQQ,BUY,53.4636,0.1653,8.84,0.0,0.0,ADD
2012-01-31,XLK,BUY,11.2064,164.232,1840.44,0.0,0.0,OPEN
2012-01-31,XLY,BUY,17.4397,105.5316,1840.44,0.0,0.0,OPEN
2012-02-29,XLC,SELL,16.395634273599274,-0.17796458362023257,-2.917842226690709,0.16031169361288067,0.05813596320688719,REDUCE
2012-02-29,XLK,SELL,12.002382278442383,-2.2206659786457434,-26.653281988437584,1.7676871888350905,0.07103254726559016,REDUCE
2012-02-29,XLY,SELL,18.228994369506836,-105.53159635643078,-1923.734875786445,83.29095251905304,0.045255903462238845,CLOSE
2012-02-29,GLD,SELL,164.2899932861328,-4.070813741234047,-668.7939622164388,13.145741998974094,0.020049992654008753,REDUCE
2012-02-29,QLD,BUY,1.6497,364.1846,600.78,0.0,0.0,ADD
2012-02-29,QQQ,BUY,56.8906,33.9724,1932.71,0.0,0.0,ADD
2012-02-29,SHV,BUY,87.3102,1.0149,88.61,0.0,0.0,ADD
2012-03-06,XLC,SELL,16.208496495044756,-0.47351731440523365,-7.675003730880235,0.33793460256521307,0.046058527820197925,REDUCE
2012-03-06,QQQ,SELL,56.14864730834961,-0.14860170617695534,-8.343784789548863,0.3832186797306313,0.04813962655972226,REDUCE
2012-03-06,SHV,SELL,87.31024932861328,-18.930695591533762,-1652.8437520608932,-0.15213425955362636,-9.20354737797835e-05,CLOSE
2012-03-06,XLK,SELL,11.836542129516602,-0.2535839662338575,-3.0015572996969695,0.1598026675031073,0.056233802064655336,REDUCE
2012-03-06,GLD,SELL,162.6999969482422,-0.05773147934459279,-9.392911513182753,0.09463748521676779,0.010177962590920853,REDUCE
2012-03-06,QLD,BUY,1.6057,33.5074,53.8,0.0,0.0,ADD
2012-03-06,TQQQ,BUY,0.493,3301.1196,1627.45,0.0,0.0,OPEN
2012-03-07,QLD,SELL,1.629353404045105,-9.582850234241043,-15.613849649615076,2.110548761632647,0.1562987286694455,REDUCE
2012-03-07,TQQQ,SELL,0.5041897296905518,-3301.119639699364,-1664.390618816194,36.935977795405684,0.022695549764900624,CLOSE
2012-03-07,XLC,BUY,16.3609,0.2349,3.84,0.0,0.0,ADD
2012-03-07,QQQ,BUY,56.5815,0.2317,13.11,0.0,0.0,ADD
2012-03-07,SHV,BUY,87.3023,18.8543,1646.02,0.0,0.0,OPEN
2012-03-07,XLK,BUY,11.9236,0.6509,7.76,0.0,0.0,ADD
2012-03-07,GLD,BUY,163.63,0.0566,9.27,0.0,0.0,ADD
2012-04-02,QLD,SELL,1.8531761169433594,-167.35664013289147,-310.14132850615897,74.31722481294193,0.3151383749543304,REDUCE
2012-04-02,XLK,SELL,12.677285194396973,-162.40868133181974,-2058.9011712894144,238.4232419530851,0.13096738944811293,CLOSE
2012-04-02,XLC,BUY,17.2671,1.8627,32.16,0.0,0.0,ADD
2012-04-02,QQQ,BUY,60.3846,0.2838,17.14,0.0,0.0,ADD
2012-04-02,SHV,BUY,87.3102,1.3557,118.36,0.0,0.0,ADD
2012-04-02,XLY,BUY,19.1403,108.4582,2075.92,0.0,0.0,OPEN
2012-04-02,GLD,BUY,162.94,0.7699,125.45,0.0,0.0,ADD
2012-04-04,XLC,SELL,17.062111761841084,-0.7599680495747766,-12.966659797273223,1.1689314396792887,0.09908106071342737,REDUCE
2012-04-04,QQQ,SELL,59.544105529785156,-0.27088555518479407,-16.12963808441782,1.6071388419892159,0.11066544505602982,REDUCE
2012-04-04,SHV,SELL,87.29438018798828,-20.209951789169093,-1764.2152150646407,-0.17097000129173398,-9.690055541067277e-05,CLOSE
2012-04-04,XLY,SELL,18.924407958984375,-0.7501655845192235,-14.19643955823176,-0.16197251224278478,-0.011280670275221616,REDUCE
2012-04-04,QLD,BUY,1.8033,24.8796,44.86,0.0,0.0,ADD
2012-04-04,GLD,BUY,157.21,0.1913,30.08,0.0,0.0,ADD
2012-04-04,TQQQ,BUY,0.5855,2958.9584,1732.56,0.0,0.0,OPEN
2012-04-05,QLD,SELL,1.824014663696289,-6.613130305113803,-12.06244664946189,2.7203947777992776,0.2911988517266846,REDUCE
2012-04-05,TQQQ,SELL,0.5962252020835876,-2958.958413530655,-1764.2055780642468,31.641770068091617,0.018262975321346353,CLOSE
2012-04-05,XLC,BUY,17.1411,0.5314,9.11,0.0,0.0,ADD
2012-04-05,QQQ,BUY,59.9157,0.1799,10.78,0.0,0.0,ADD
2012-04-05,SHV,BUY,87.2944,20.028,1748.33,0.0,0.0,OPEN
2012-04-05,XLY,BUY,19.0557,0.2315,4.41,0.0,0.0,ADD
2012-04-05,GLD,BUY,158.31,0.023,3.64,0.0,0.0,ADD
2012-04-10,QQQ,SELL,58.50892639160156,-0.1319472667756428,-7.720092919349099,0.6438856231514632,0.09099304135669573,REDUCE
2012-04-10,SHV,SELL,87.30230712890625,-20.02796392242471,-1748.487457522176,0.15876048672027035,9.080700156061106e-05,CLOSE
2012-04-10,GLD,SELL,161.10000610351562,-0.46808811355296936,-75.40899795036648,-0.015197552931171225,-0.00020149439884320497,REDUCE
2012-04-10,XLC,BUY,16.6764,0.1975,3.29,0.0,0.0,ADD
2012-04-10,QLD,BUY,1.7382,62.4268,108.51,0.0,0.0,ADD
2012-04-10,XLY,BUY,18.4206,0.873,16.08,0.0,0.0,ADD
2012-04-10,TQQQ,BUY,0.5544,3073.1612,1703.73,0.0,0.0,OPEN
2012-04-12,QLD,SELL,1.7951594591140747,-18.06530187715028,-32.43009754651757,6.780155413173671,0.2643341407137032,REDUCE
2012-04-12,XLY,SELL,18.911706924438477,-0.05317465072811474,-1.005623410379485,-0.011840005768075226,-0.01163678770181753,REDUCE
2012-04-12,TQQQ,SELL,0.581273078918457,-3073.1612299172475,-1786.3458901268307,82.61416350535556,0.04849012448056045,CLOSE
2012-04-12,XLC,BUY,17.0511,0.4337,7.39,0.0,0.0,ADD
2012-04-12,QQQ,BUY,59.4645,0.6128,36.44,0.0,0.0,ADD
2012-04-12,SHV,BUY,87.3102,20.024,1748.3,0.0,0.0,OPEN
2012-04-12,GLD,BUY,162.7,0.1699,27.65,0.0,0.0,ADD
2012-04-13,XLC,SELL,16.8950306548495,-0.7442157718008187,-12.573548278397311,1.0095661839439878,0.08730264157259704,REDUCE
2012-04-13,SHV,SELL,87.32613372802734,-20.02399068989423,-1748.617688754478,0.3180690659817489,0.0001819305240360336,CLOSE
2012-04-13,XLY,SELL,18.86089515686035,-1.3721051183688302,-25.87913078174597,-0.3752355738936327,-0.014292311184003537,REDUCE
2012-04-13,GLD,SELL,160.85000610351562,-0.04237127296255551,-6.81541951464078,-0.013018809446433717,-0.0019065573749872389,REDUCE
2012-04-13,QLD,BUY,1.7419,41.6979,72.63,0.0,0.0,ADD
2012-04-13,TQQQ,BUY,0.555,3101.4431,1721.25,0.0,0.0,OPEN
2012-04-17,QLD,SELL,1.7716468572616577,-15.317794618291472,-27.13772269567562,5.316616276596187,0.24364558673099945,REDUCE
2012-04-17,TQQQ,SELL,0.569193422794342,-3101.4431058067066,-1765.3210169960341,44.067765077032206,0.025602139039041294,CLOSE
2012-04-17,XLC,BUY,17.0483,0.3032,5.17,0.0,0.0,ADD
2012-04-17,QQQ,BUY,59.084,0.1658,9.8,0.0,0.0,ADD
2012-04-17,SHV,BUY,87.3182,19.9456,1741.62,0.0,0.0,OPEN
2012-04-17,XLY,BUY,18.9921,0.4974,9.45,0.0,0.0,ADD
2012-04-17,GLD,BUY,160.25,0.1649,26.43,0.0,0.0,ADD
2012-04-19,XLC,SELL,16.836476746675793,-0.20356115316035045,-3.4272526217107497,0.26344640237519046,0.08326881740264036,REDUCE
2012-04-19,QQQ,SELL,58.27006912231445,-0.020847855013638047,-1.214805952696679,0.09529922016402334,0.08512608043761238,REDUCE
2012-04-19,SHV,SELL,87.31024932861328,-19.945624358700226,-1741.4574357729791,-0.1579556128260104,-9.069488797996961e-05,CLOSE
2012-04-19,XLY,SELL,18.869367599487305,-0.8287467588082363,-15.637927238836255,-0.2190760777808716,-0.013815730085097067,REDUCE
2012-04-19,GLD,SELL,159.42999267578125,-0.0980970968074656,-15.639619425529645,-0.1680893340787992,-0.010633377463804106,REDUCE
2012-04-19,QLD,BUY,1.7254,34.9564,60.31,0.0,0.0,ADD
2012-04-19,TQQQ,BUY,0.5468,3140.3999,1717.06,0.0,0.0,OPEN
2012-04-20,XLC,SELL,16.818191412201205,-0.31753571398088115,-5.340376417940433,0.4051446649423431,0.08209232822677937,REDUCE
2012-04-20,QQQ,SELL,58.110801696777344,-0.06408188887153972,-3.7238499365689677,0.28272345242141705,0.08216014544186523,REDUCE
2012-04-20,XLY,SELL,18.899009704589844,-0.5665718825655768,-10.707647506954572,-0.13297675547249488,-0.012266521950528686,REDUCE
2012-04-20,GLD,SELL,159.5399932861328,-0.04756709301950417,-7.58885370097255,-0.07627378459745046,-0.009950752253115147,REDUCE
2012-04-20,TQQQ,SELL,0.5408744215965271,-3140.3998992420825,-1698.5619790843534,-18.501859166662957,-0.010775289045460767,CLOSE
2012-04-20,QLD,BUY,1.7136,8.9068,15.26,0.0,0.0,ADD
2012-04-20,SHV,BUY,87.3023,19.5947,1710.66,0.0,0.0,OPEN
2012-04-23,XLC,SELL,16.66171615061852,-0.10476846159497429,-1.7456223686324392,0.11728068733289863,0.07202461785495773,REDUCE
2012-04-23,QLD,SELL,1.684316635131836,-2345.1340559008186,-3949.9483019679415,598.4966584744434,0.17857833623718355,REDUCE
2012-04-23,QQQ,SELL,57.5799560546875,-0.06700484967958872,-3.858136300001661,0.2600500566175207,0.0722745479199336,REDUCE
2012-04-23,GLD,SELL,159.07000732421875,-0.07770311061447434,-12.360234374559013,-0.1611162289154264,-0.012867320308938557,REDUCE
2012-04-23,SHV,BUY,87.3023,45.4368,3966.74,0.0,0.0,ADD
2012-04-23,XLY,BUY,18.6958,0.0626,1.17,0.0,0.0,ADD
2012-04-24,SHV,SELL,87.30230712890625,-19.510785302164788,-1703.3365707757403,-2.772649353085624e-13,-1.1102230246251565e-16,REDUCE
2012-04-24,GLD,SELL,159.3000030517578,-0.04225213104190914,-6.730764603919397,-0.07789134737966595,-0.011440047483204707,REDUCE
2012-04-24,QLD,BUY,1.6642,5.083,8.46,0.0,0.0,ADD
2012-04-24,QQQ,BUY,57.2703,0.1833,10.5,0.0,0.0,ADD
2012-04-24,XLY,BUY,18.6323,0.0928,1.73,0.0,0.0,ADD
2012-04-24,TQQQ,BUY,0.518,3260.8712,1688.98,0.0,0.0,OPEN
2012-04-25,QQQ,SELL,58.792057037353516,-0.24173384617753735,-14.212030072328616,1.2287243262488794,0.09463878847803375,REDUCE
2012-04-25,SHV,SELL,87.30230712890625,-25.73514970330935,-2246.7379434066934,-3.6571847350770313e-13,-1.1102230246251565e-16,REDUCE
2012-04-25,TQQQ,SELL,0.5590938329696655,-3260.871155782842,-1823.1329533068524,134.1554140285937,0.07942995742022818,CLOSE
2012-04-25,QLD,BUY,1.7526,2303.5434,4037.1,0.0,0.0,ADD
2012-04-25,XLY,BUY,18.9456,0.6178,11.7,0.0,0.0,ADD
2012-04-25,GLD,BUY,159.62,0.219,34.96,0.0,0.0,ADD
2012-05-01,XLC,SELL,17.24185722051215,-0.33937172235414664,-5.851398781509488,0.5767854813731729,0.10935123554143145,REDUCE
2012-05-01,QLD,SELL,1.7745479345321655,-2319.583364927271,-4116.211869206859,191.92597140782095,0.048907234693441604,REDUCE
2012-05-01,XLY,SELL,19.43667984008789,-1.5046228783926257,-29.24487316738896,0.45851729398302193,0.015928285469666514,REDUCE
2012-05-01,QQQ,BUY,59.1636,0.3311,19.59,0.0,0.0,ADD
2012-05-01,SHV,BUY,87.3102,47.3131,4130.92,0.0,0.0,ADD
2012-05-01,GLD,BUY,161.32,0.0094,1.52,0.0,0.0,ADD
2012-05-02,XLC,SELL,17.29456505773309,-0.18885246127484825,-3.2661211778308825,0.3309216948159074,0.11274248879193438,REDUCE
2012-05-02,QQQ,SELL,59.33176803588867,-0.08804187014082697,-5.223679816641379,0.49255727142562533,0.10411002182213891,REDUCE
2012-05-02,SHV,SELL,87.30230712890625,-47.05561301738396,-4108.0635797826135,-0.2635237390271129,-6.414380656327712e-05,REDUCE
2012-05-02,XLY,SELL,19.542524337768555,-0.4183776552006174,-8.176155509136606,0.1717789673202762,0.021460630496687783,REDUCE
2012-05-02,QLD,BUY,1.7828,2307.7613,4114.26,0.0,0.0,ADD
2012-05-02,GLD,BUY,160.59,0.0652,10.47,0.0,0.0,ADD
2012-05-03,XLC,SELL,17.154918385921665,-0.4574956749649583,-7.848300965936005,0.7377710868235694,0.10375753978487756,REDUCE
2012-05-03,QLD,SELL,1.745692253112793,-2304.6750433963675,-4023.2533691994286,-46.86524109076782,-0.0115144656895948,REDUCE
2012-05-03,QQQ,SELL,58.703590393066406,-0.08430560204176538,-4.949041530100658,0.4186955268889069,0.09242020953633046,REDUCE
2012-05-03,XLY,SELL,19.39011001586914,-0.4340057315596123,-8.415418882458653,0.11204690853285748,0.013494145376686362,REDUCE
2012-05-03,GLD,SELL,158.97000122070312,-0.01980492643902175,-3.1483891801872232,-0.04237681577874671,-0.013281079161656772,REDUCE
2012-05-03,SHV,BUY,87.2944,26.5608,2318.61,0.0,0.0,ADD
2012-05-03,TQQQ,BUY,0.556,3109.8665,1729.01,0.0,0.0,OPEN
2012-05-23,XLC,SELL,16.197516336704485,-0.07690809098191383,-1.2457200601043041,0.050392303368063385,0.04215772877696411,REDUCE
2012-05-23,GLD,SELL,151.6199951171875,-0.11616151879363722,-17.61240891229636,-1.1023399330322123,-0.058902202863778674,REDUCE
2012-05-23,TQQQ,SELL,0.46289965510368347,-3109.8665474658014,-1439.5561522404023,-289.4525195595861,-0.1674095244752306,CLOSE
2012-05-23,QLD,BUY,1.5494,33.1145,51.31,0.0,0.0,ADD
2012-05-23,QQQ,BUY,55.3504,0.0476,2.63,0.0,0.0,ADD
2012-05-23,SHV,BUY,87.3023,16.054,1401.55,0.0,0.0,ADD
2012-05-23,XLY,BUY,18.2682,0.1602,2.93,0.0,0.0,ADD
2012-05-31,XLC,SELL,16.1423665477696,-118.49712434777231,-1912.8240160783746,71.10749421557529,0.03860935891678574,CLOSE
2012-05-31,QLD,SELL,1.522786021232605,-557.4667142674349,-848.9025197889207,-128.42368139267433,-0.13140308858742256,CLOSE
2012-05-31,QQQ,SELL,54.907989501953125,-34.53670985928657,-1896.3413023857076,40.394302957402886,0.021764793374943192,REDUCE
2012-05-31,XLY,SELL,18.247020721435547,-105.0656176855047,-1917.1345030178295,-92.83631661481884,-0.04618789273358015,CLOSE
2012-05-31,SHV,BUY,87.3261,14.0166,1224.02,0.0,0.0,ADD
2012-05-31,BIL,BUY,73.196,11.7612,860.87,0.0,0.0,OPEN
2012-05-31,GLD,BUY,151.62,18.8908,2864.22,0.0,0.0,ADD
2012-05-31,TQQQ,BUY,0.4509,3606.1791,1626.09,0.0,0.0,OPEN
2012-06-06,GLD,SELL,157.2100067138672,-0.6637253690946624,-104.34426973153586,1.4245172183724961,0.013841047841523846,REDUCE
2012-06-06,TQQQ,SELL,0.4596325755119324,-3606.1790780468777,-1657.5173773999322,31.422920376611476,0.019324166711774726,CLOSE
2012-06-06,QQQ,BUY,55.315,0.1836,10.16,0.0,0.0,ADD
2012-06-06,SHV,BUY,87.3261,19.9225,1739.76,0.0,0.0,ADD
2012-06-06,BIL,BUY,73.18,0.1632,11.95,0.0,0.0,ADD
2012-06-25,QQQ,SELL,55.09626007080078,-0.08824466829030046,-4.861951193983941,0.11896795087546495,0.025082937210104017,REDUCE
2012-06-25,SHV,SELL,87.31816864013672,-19.404814282994053,-1694.3928459930085,0.16509042407065924,9.744287539148466e-05,REDUCE
2012-06-25,BIL,SELL,73.19596099853516,-0.08490724112205017,-6.214867109662805,1.8551990041587834e-05,2.9851073393150074e-06,REDUCE
2012-06-25,GLD,BUY,153.76,0.4458,68.54,0.0,0.0,ADD
2012-06-25,TQQQ,BUY,0.4507,3631.7905,1636.92,0.0,0.0,OPEN
2012-06-28,QQQ,SELL,55.1583366394043,-0.18145553684727933,-10.008785586506065,0.2558952724461826,0.026237890943701103,REDUCE
2012-06-28,BIL,SELL,73.19596099853516,-0.05905200753520562,-4.322368440432115,1.2902695238373466e-05,2.9851073393150074e-06,REDUCE
2012-06-28,TQQQ,SELL,0.45101767778396606,-3631.7904962931375,-1638.0017158360085,1.0767296510077755,0.000657775805302574,CLOSE
2012-06-28,SHV,BUY,87.3182,18.2682,1595.14,0.0,0.0,ADD
2012-06-28,GLD,BUY,151.05,0.3786,57.19,0.0,0.0,ADD
2012-07-02,SHV,SELL,87.31024932861328,-32.195159686676554,-2810.967419418249,-0.03347391406444443,-1.190818336049837e-05,REDUCE
2012-07-02,BIL,SELL,73.16402435302734,-11.780499434991754,-861.9087475525615,-0.37365562883010867,-0.00043333324146643815,CLOSE
2012-07-02,GLD,SELL,155.08999633789062,-19.189269638967385,-2976.0637580342473,1.855740057555503,0.0006239442723370292,REDUCE
2012-07-02,SSO,BUY,3.1973,272.779,872.16,0.0,0.0,OPEN
2012-07-02,XLC,BUY,16.6335,116.5205,1938.14,0.0,0.0,OPEN
2012-07-02,QQQ,BUY,57.065,33.3041,1900.5,0.0,0.0,ADD
2012-07-02,XLK,BUY,12.0626,160.6731,1938.14,0.0,0.0,OPEN
2012-07-05,QQQ,SELL,57.57926559448242,-0.29175834896498465,-16.799231464462537,0.6048422564882017,0.03734887736243664,REDUCE
2012-07-05,SHV,SELL,87.31024932861328,-44.31495885581711,-3869.1501066886312,-0.04607509759061365,-1.190818336049837e-05,REDUCE
2012-07-05,XLK,SELL,12.158660888671875,-0.5792132172406893,-7.042457090666176,0.055623086296544735,0.007961128926457617,REDUCE
2012-07-05,QLD,BUY,1.6648,2338.4507,3892.99,0.0,0.0,OPEN
2012-07-06,XLC,SELL,16.549716391204417,-0.6291954061273268,-10.41300552605594,-0.05269082286320145,-0.005034621787841531,REDUCE
2012-07-06,QLD,SELL,1.6229413747787476,-2338.4507044912534,-3795.1684011993657,-97.82339404439416,-0.025128076088911655,CLOSE
2012-07-06,QQQ,SELL,56.860984802246094,-0.1391184618522208,-7.91041274509098,0.18847942170224644,0.024408320275359996,REDUCE
2012-07-06,GLD,SELL,153.7100067138672,-0.016176340993525648,-2.4864654827206323,-0.020758814486023985,-0.008279600077724103,REDUCE
2012-07-06,SSO,BUY,3.1484,1.3594,4.28,0.0,0.0,ADD
2012-07-06,SHV,BUY,87.3182,43.6509,3811.51,0.0,0.0,ADD
2012-07-10,SHV,SELL,87.31024932861328,-19.020800913963466,-1660.7108702280657,-0.11101991336095891,-6.684636927056786e-05,REDUCE
2012-07-10,SSO,BUY,3.0895,2.9713,9.18,0.0,0.0,ADD
2012-07-10,XLC,BUY,16.3457,0.5005,8.18,0.0,0.0,ADD
2012-07-10,QQQ,BUY,56.1959,0.2294,12.89,0.0,0.0,ADD
2012-07-10,XLK,BUY,11.8205,0.856,10.12,0.0,0.0,ADD
2012-07-10,GLD,BUY,152.15,0.0223,3.4,0.0,0.0,ADD
2012-07-10,TQQQ,BUY,0.4758,3398.953,1617.13,0.0,0.0,OPEN
2012-07-17,SSO,SELL,3.18683123588562,-7.11683113268106,-22.68013975415124,-0.06473354282093247,-0.002846071814765816,REDUCE
2012-07-17,XLC,SELL,16.451718210365645,-0.1700475577150922,-2.797574501889585,-0.03069423740230841,-0.01085265942938407,REDUCE
2012-07-17,GLD,SELL,153.47000122070312,-0.038546955014403944,-5.915801233114962,-0.058487732832972976,-0.009789906910485868,REDUCE
2012-07-17,TQQQ,SELL,0.47913891077041626,-3398.9530346171405,-1628.5706547662576,11.44369012793206,0.007076556373229126,CLOSE
2012-07-17,QQQ,BUY,56.3378,0.1557,8.77,0.0,0.0,ADD
2012-07-17,SHV,BUY,87.3102,18.8332,1644.33,0.0,0.0,ADD
2012-07-17,XLK,BUY,11.8372,0.5794,6.86,0.0,0.0,ADD
2012-07-19,SSO,SELL,3.249204397201538,-1.902062859162953,-6.180191005745996,0.10133681797770847,0.01667038143168753,REDUCE
2012-07-19,XLC,SELL,16.764054154890104,-0.7522699386568424,-12.611093990739164,0.09917332806830163,0.007926307298621538,REDUCE
2012-07-19,QQQ,SELL,57.730045318603516,-0.7551125787990532,-43.592683394716914,1.675814212775438,0.03997946997189872,REDUCE
2012-07-19,SHV,SELL,87.31024932861328,-43.568314298143456,-3803.960384198292,-0.1775637715571605,-4.667648071277064e-05,REDUCE
2012-07-19,XLK,SELL,12.146133422851562,-2.1586239553465685,-26.218934571402997,0.18477122964713358,0.007097260135522809,REDUCE
2012-07-19,QLD,BUY,1.6709,2317.0256,3871.47,0.0,0.0,OPEN
2012-07-19,GLD,BUY,153.38,0.1375,21.09,0.0,0.0,ADD
2012-07-20,XLC,SELL,16.56677115914891,-0.15474455668385817,-2.563617658705425,-0.010128169375321384,-0.003935186320583206,REDUCE
2012-07-20,QLD,SELL,1.6284376382827759,-2317.025630105702,-3773.13174492999,-98.34270946909122,-0.02540187482248435,CLOSE
2012-07-20,XLK,SELL,12.008353233337402,-0.2819429780079794,-3.3856708715788955,-0.01471274982048354,-0.004326791167882593,REDUCE
2012-07-20,GLD,SELL,153.6699981689453,-0.16042891047220484,-24.65311037850961,-0.20803033593500503,-0.008367690699491392,REDUCE
2012-07-20,SSO,BUY,3.1915,1.2742,4.07,0.0,0.0,ADD
2012-07-20,SHV,BUY,87.3102,43.5143,3799.24,0.0,0.0,ADD
2012-07-25,SHV,SELL,87.31024932861328,-19.154711106516192,-1672.4026025274866,-0.023591570927341824,-1.4106195544316691e-05,REDUCE
2012-07-25,GLD,SELL,155.6699981689453,-0.2683595009748152,-41.77552302536856,0.18873361094484997,0.004538306842205797,REDUCE
2012-07-25,SSO,BUY,3.0732,6.8162,20.95,0.0,0.0,ADD
2012-07-25,XLC,BUY,16.1779,1.2709,20.56,0.0,0.0,ADD
2012-07-25,QQQ,BUY,55.4598,0.8838,49.01,0.0,0.0,ADD
2012-07-25,XLK,BUY,11.7244,1.7814,20.89,0.0,0.0,ADD
2012-07-25,TQQQ,BUY,0.4555,3519.8345,1603.19,0.0,0.0,OPEN
2012-07-27,SSO,SELL,3.2940890789031982,-9.310155046769363,-30.668480062458457,0.9423023890496859,0.03169941320416081,REDUCE
2012-07-27,XLC,SELL,16.77377853462066,-0.12129527172781163,-2.034580025258947,0.01777090706185772,0.00881139761889993,REDUCE
2012-07-27,QQQ,SELL,57.52606201171875,-0.09101279025031588,-5.2356074157992225,0.18348382399614946,0.036318158228323405,REDUCE
2012-07-27,XLK,SELL,12.16283893585205,-0.253959788568566,-3.088872004542509,0.026925895672424295,0.008793719652486098,REDUCE
2012-07-27,TQQQ,SELL,0.5091402530670166,-3519.8344751623895,-1792.0894154381886,188.8964704416058,0.11782516323511416,CLOSE
2012-07-27,SHV,BUY,87.3182,20.5576,1795.05,0.0,0.0,ADD
2012-07-27,GLD,BUY,157.54,0.2416,38.06,0.0,0.0,ADD
2012-08-06,SSO,SELL,3.333144426345825,-0.8924485141915756,-2.9746597908782633,0.12518167113050765,0.04393143792295162,REDUCE
2012-08-06,XLC,SELL,16.99235326591473,-0.5240529423016401,-8.904892725631498,0.19132345457455896,0.02195695571160039,REDUCE
2012-08-06,QQQ,SELL,58.616825103759766,-0.6466934308678374,-37.90711573293038,2.0091377699909163,0.055967992739455186,REDUCE
2012-08-06,SHV,SELL,87.31024932861328,-44.58266177107078,-3892.523314965426,-0.15103736406928997,-3.880041082271468e-05,REDUCE
2012-08-06,XLK,SELL,12.421711921691895,-2.0148508351289935,-25.027896639152686,0.7352134968716406,0.030264812353807624,REDUCE
2012-08-06,QLD,BUY,1.7197,2291.1637,3940.2,0.0,0.0,OPEN
2012-08-06,GLD,BUY,156.3,0.1736,27.14,0.0,0.0,ADD
2012-08-31,SSO,SELL,3.409508228302002,-265.9785355836312,-906.8560056241073,57.61932091221608,0.06784836541978145,CLOSE
2012-08-31,GLD,SELL,164.22000122070312,-0.15140815695303325,-24.86424771965153,1.3889653760885126,0.05916714251870836,REDUCE
2012-08-31,XLC,BUY,17.4067,1.2948,22.54,0.0,0.0,ADD
2012-08-31,QLD,BUY,1.8281,443.6734,811.1,0.0,0.0,ADD
2012-08-31,QQQ,BUY,60.4436,0.2809,16.98,0.0,0.0,ADD
2012-08-31,SHV,BUY,87.334,0.6817,59.53,0.0,0.0,ADD
2012-08-31,XLK,BUY,12.7307,1.6945,21.57,0.0,0.0,ADD
2012-09-04,SHV,SELL,87.32689666748047,-19.86138032147273,-1734.432707006779,0.2494408115899637,0.000143837630342869,CLOSE
2012-09-04,XLK,SELL,12.73068618774414,-0.15969543826295488,-2.0330325101399467,0.10647657896692429,0.05526783689176051,REDUCE
2012-09-04,GLD,SELL,164.47999572753906,-0.027202524304044438,-4.474271081307506,0.25661893266423585,0.060844024974128,REDUCE
2012-09-04,QLD,BUY,1.8236,4.1375,7.55,0.0,0.0,ADD
2012-09-04,TQQQ,BUY,0.5854,2960.1962,1732.85,0.0,0.0,OPEN
2012-09-06,QLD,SELL,1.8986730575561523,-30.04158580591458,-57.03914957595134,4.843301949050309,0.09279094351854411,REDUCE
2012-09-06,TQQQ,SELL,0.6212267875671387,-2960.196247716768,-1838.9532055373857,106.10659226712184,0.06123253579084831,CLOSE
2012-09-06,XLC,BUY,17.7795,0.8411,14.95,0.0,0.0,ADD
2012-09-06,QQQ,BUY,61.6585,0.5294,32.64,0.0,0.0,ADD
2012-09-06,SHV,BUY,87.3269,20.434,1784.44,0.0,0.0,OPEN
2012-09-06,XLK,BUY,13.0021,1.3255,17.23,0.0,0.0,ADD
2012-09-06,GLD,BUY,164.89,0.2867,47.27,0.0,0.0,ADD
2012-09-13,XLC,SELL,18.051448132799393,-0.91577888063972,-16.531134964980993,1.288889528688993,0.08456034473897978,REDUCE
2012-09-13,QLD,SELL,1.8992834091186523,-2207.842810024196,-4193.31921902086,357.29579333727065,0.0931422344673507,REDUCE
2012-09-13,XLK,SELL,13.123167991638184,-0.30264187275169285,-3.971620137424452,0.3182364139032891,0.08710730598990302,REDUCE
2012-09-13,GLD,SELL,171.30999755859375,-0.3282668065084897,-56.23538582153674,5.253214132798088,0.10304021893909354,REDUCE
2012-09-13,QQQ,BUY,61.6851,0.44,27.14,0.0,0.0,ADD
2012-09-13,SHV,BUY,87.3348,48.5822,4242.91,0.0,0.0,ADD
2012-09-14,QQQ,SELL,62.234947204589844,-0.273192928208522,-17.00214746372467,1.805503723440839,0.11880937358916577,REDUCE
2012-09-14,SHV,SELL,87.33480834960938,-48.338359493307784,-4221.621362282556,0.11323046313209323,2.6822277630733637e-05,REDUCE
2012-09-14,QLD,BUY,1.935,2188.9297,4235.6,0.0,0.0,ADD
2012-09-14,GLD,BUY,171.8,0.0176,3.02,0.0,0.0,ADD
2012-09-24,XLC,SELL,18.06311363166569,-0.11145791881527752,-2.013277052709327,0.1581688051659703,0.08526122687203119,REDUCE
2012-09-24,QQQ,SELL,62.02109909057617,-0.0897000964638493,-5.563298571218638,0.5736364362245845,0.11496498574552638,REDUCE
2012-09-24,SHV,SELL,87.32689666748047,-20.677791547509166,-1805.727365781034,-0.11515930428643935,-6.377040228411346e-05,CLOSE
2012-09-24,XLK,SELL,13.127067565917969,-0.09712701671328479,-1.2749929108713332,0.10251053509110424,0.08743034198948063,REDUCE
2012-09-24,QLD,BUY,1.9188,9.5269,18.28,0.0,0.0,ADD
2012-09-24,TQQQ,BUY,0.6314,2844.8315,1796.3,0.0,0.0,OPEN
2012-09-25,XLC,SELL,17.829494696416667,-0.7776476343737554,-13.865064372747838,0.9218786794977091,0.07122502151680243,REDUCE
2012-09-25,QLD,SELL,1.8660004138946533,-2199.612872268407,-4104.478530060855,-71.00747938704164,-0.017005799858117787,REDUCE
2012-09-25,QQQ,SELL,61.14958953857422,-0.3479350156155283,-21.27608339098697,1.921832489428168,0.0992976942999837,REDUCE
2012-09-25,XLK,SELL,12.942596435546875,-0.8884361429302435,-11.498670456699983,0.7737892151926737,0.07214897748219018,REDUCE
2012-09-25,GLD,SELL,170.77000427246094,-0.19275262204891305,-32.91636609082093,2.975190058888053,0.09936784232239071,REDUCE
2012-09-25,SHV,BUY,87.3189,47.4825,4146.12,0.0,0.0,OPEN
2012-09-25,TQQQ,BUY,0.6061,62.5572,37.91,0.0,0.0,ADD
2012-09-27,SHV,SELL,87.31893920898438,-47.482485391106785,-4146.120255357542,0.0,0.0,CLOSE
2012-09-27,GLD,SELL,172.33999633789062,-0.035086550830777226,-6.046816041685361,0.596656227459447,0.10947499666010985,REDUCE
2012-09-27,TQQQ,SELL,0.615186870098114,-26.549637634454168,-16.332988478578955,-0.41664293954566683,-0.024874752712159443,REDUCE
2012-09-27,XLC,BUY,17.91,0.1441,2.58,0.0,0.0,ADD
2012-09-27,QLD,BUY,1.8865,2207.9242,4165.16,0.0,0.0,ADD
2012-09-28,XLC,SELL,17.808464290627022,-0.6280848476744326,-11.185226581294046,0.7303830447103304,0.06986073413289873,REDUCE
2012-09-28,QLD,SELL,1.8574507236480713,-2208.3034859434574,-4101.814908000233,-68.87880180815111,-0.01651495089322097,REDUCE
2012-09-28,QQQ,SELL,60.9805908203125,-0.16183645014798584,-9.868882346286227,0.8665597268150413,0.09625957249529726,REDUCE
2012-09-28,XLK,SELL,12.925823211669922,-0.6480986636399598,-8.37720874992965,0.5535950263894668,0.07075950397752573,REDUCE
2012-09-28,GLD,SELL,171.88999938964844,-0.0868577114199021,-14.929971962953232,1.4379530232877604,0.10657804660059367,REDUCE
2012-09-28,SHV,BUY,87.3269,47.2248,4123.99,0.0,0.0,OPEN
2012-09-28,TQQQ,BUY,0.6004,38.2135,22.94,0.0,0.0,ADD
2012-10-01,QLD,SELL,1.8489009141921997,-499.5547502322438,-923.6272343934515,-19.85262141467564,-0.021041913393764045,CLOSE
2012-10-01,QQQ,SELL,60.89167404174805,-33.809097846111115,-2058.692565690964,178.02596675327968,0.09466109881136808,REDUCE
2012-10-01,SHV,SELL,87.32051086425781,-0.05740502992140515,-5.012636538915103,-0.0003665772250687875,-7.312527372838051e-05,REDUCE
2012-10-01,XLK,BUY,12.8965,0.1569,2.02,0.0,0.0,ADD
2012-10-01,XLY,BUY,19.9359,103.2983,2059.34,0.0,0.0,OPEN
2012-10-01,GLD,BUY,172.29,5.342,920.37,0.0,0.0,ADD
2012-10-01,TQQQ,BUY,0.5979,8.7955,5.26,0.0,0.0,ADD
2012-10-02,QQQ,SELL,61.06955337524414,-0.06299888061705265,-3.847313502423731,0.34293456021596785,0.09785886910960562,REDUCE
2012-10-02,XLK,SELL,12.913248062133789,-0.09201403262578751,-1.188200028494066,0.07736515778507619,0.06964595713105215,REDUCE
2012-10-02,TQQQ,SELL,0.60172039270401,-2927.8480945049737,-1761.7459052032202,-83.92055716586695,-0.0454689722530619,CLOSE
2012-10-02,XLC,BUY,17.777,0.1394,2.48,0.0,0.0,ADD
2012-10-02,SHV,BUY,87.3285,20.0886,1754.31,0.0,0.0,ADD
2012-10-02,XLY,BUY,19.8975,0.274,5.45,0.0,0.0,ADD
2012-10-02,GLD,BUY,172.1,0.0284,4.89,0.0,0.0,ADD
2012-10-09,SHV,SELL,87.32847595214844,-20.372531026401944,-1779.1020858235402,0.022564002129082564,1.268296433765137e-05,REDUCE
2012-10-09,XLY,SELL,19.935850143432617,-0.8864685866225664,-17.672504899768,8.998856931760737e-05,5.09203579523998e-06,REDUCE
2012-10-09,XLC,BUY,17.6145,0.2914,5.13,0.0,0.0,ADD
2012-10-09,QQQ,BUY,59.8156,0.4066,24.32,0.0,0.0,ADD
2012-10-09,XLK,BUY,12.6533,2.1959,27.79,0.0,0.0,ADD
2012-10-09,TQQQ,BUY,0.5629,3090.2673,1739.53,0.0,0.0,OPEN
2012-10-16,XLC,SELL,17.77188166078019,-0.14910100727780104,-2.6498054568442058,0.16736650806193867,0.06742019099564911,REDUCE
2012-10-16,QQQ,SELL,60.580413818359375,-0.14786115038017825,-8.957489677689864,0.7238983155916657,0.08792011696426871,REDUCE
2012-10-16,XLK,SELL,12.779085159301758,-0.36882124661409915,-4.713198119041408,0.25771403829919043,0.05784198386278572,REDUCE
2012-10-16,TQQQ,SELL,0.5864716172218323,-3090.2672646716865,-1812.354040359692,72.8226831690114,0.041863392038312464,CLOSE
2012-10-16,SHV,BUY,87.3205,20.4419,1785.0,0.0,0.0,ADD
2012-10-16,GLD,BUY,169.42,0.2578,43.68,0.0,0.0,ADD
2012-10-19,SHV,SELL,87.32051086425781,-20.819913212580644,-1818.0054578720528,-0.09942296846015103,-5.46849466760424e-05,REDUCE
2012-10-19,XLY,SELL,19.859113693237305,-0.4436552252229297,-8.810599558300964,-0.03399949007925987,-0.0038440962550457813,REDUCE
2012-10-19,GLD,SELL,166.97000122070312,-0.016122430874803275,-2.691962302846605,0.09112633329145174,0.03503732429040429,REDUCE
2012-10-19,XLC,BUY,17.3202,1.1605,20.1,0.0,0.0,ADD
2012-10-19,QQQ,BUY,58.4105,0.6048,35.33,0.0,0.0,ADD
2012-10-19,XLK,BUY,12.2802,3.9257,48.21,0.0,0.0,ADD
2012-10-19,TQQQ,BUY,0.5239,3294.3191,1725.87,0.0,0.0,OPEN
2012-10-31,XLC,SELL,17.101524205104468,-117.22965368644275,-2004.8057600747147,52.22650495498554,0.026747444344727977,CLOSE
2012-10-31,XLK,SELL,12.104070663452148,-165.3430397279675,-2001.3238365772945,3.140127069278164,0.001571490676425924,CLOSE
2012-10-31,GLD,SELL,166.8300018310547,-5.5625616735883465,-928.0021741900985,30.661655512637555,0.034169476218267825,REDUCE
2012-10-31,QQQ,BUY,57.7613,0.0461,2.66,0.0,0.0,ADD
2012-10-31,SHV,BUY,87.3205,45.6153,3983.15,0.0,0.0,ADD
2012-10-31,BIL,BUY,73.18,12.3661,904.95,0.0,0.0,OPEN
2012-10-31,XLY,BUY,19.6417,0.1425,2.8,0.0,0.0,ADD
2012-10-31,TQQQ,BUY,0.5066,80.0794,40.57,0.0,0.0,ADD
2012-11-01,QQQ,SELL,58.57944869995117,-0.20874301362543557,-12.228050658144411,0.5919719703515129,0.05087383698879022,REDUCE
2012-11-01,XLY,SELL,19.867639541625977,-0.45477946903489463,-9.03539456171734,-0.030788479588117618,-0.0033959693343764696,REDUCE
2012-11-01,TQQQ,SELL,0.528052568435669,-3374.3984933668744,-1781.8597913478295,15.420622458112177,0.008729778375444752,CLOSE
2012-11-01,SHV,BUY,87.3285,20.3485,1777.01,0.0,0.0,ADD
2012-11-01,BIL,BUY,73.18,0.0867,6.34,0.0,0.0,ADD
2012-11-01,GLD,BUY,166.07,0.1191,19.77,0.0,0.0,ADD
2012-11-07,SHV,SELL,87.31258392333984,-19.98619780721959,-1745.046573351331,-0.22669586050332202,-0.0001298913267637758,REDUCE
2012-11-07,BIL,SELL,73.18000030517578,-0.03919049218865891,-2.867960230326048,0.0,0.0,REDUCE
2012-11-07,GLD,SELL,166.49000549316406,-0.05868582484295384,-9.77060330047425,0.30032856280807674,0.031712761364100395,REDUCE
2012-11-07,QQQ,BUY,57.0676,0.6835,39.01,0.0,0.0,ADD
2012-11-07,XLY,BUY,19.7781,0.1392,2.75,0.0,0.0,ADD
2012-11-07,TQQQ,BUY,0.4868,3525.1776,1715.92,0.0,0.0,OPEN
2012-11-14,QQQ,SELL,55.351219177246094,-14.881589037810521,-823.7140965375529,-6.286579547444524,-0.007574186056205967,REDUCE
2012-11-14,BIL,SELL,73.18000030517578,-0.20234143044820718,-14.807345941949507,0.0,0.0,REDUCE
2012-11-14,GLD,SELL,167.13999938964844,-5.277142621992383,-882.0216146188948,30.43623443800592,0.035740672804341456,REDUCE
2012-11-14,TQQQ,SELL,0.4430968165397644,-3525.17757016419,-1561.9949590771346,-153.92874094344992,-0.08970605216397642,CLOSE
2012-11-14,SHV,BUY,87.3126,37.1185,3240.91,0.0,0.0,ADD
2012-11-14,XLY,BUY,19.1471,1.6451,31.5,0.0,0.0,ADD
2012-11-19,SHV,SELL,87.32051086425781,-18.74596243580702,-1636.9070165368557,-0.003132447108664072,-1.913634117722829e-06,REDUCE
2012-11-19,XLY,SELL,19.675785064697266,-2.2763495348894867,-44.78896418060913,-0.5618959387913456,-0.012389973140795485,REDUCE
2012-11-19,QQQ,BUY,56.7208,14.7228,835.09,0.0,0.0,ADD
2012-11-19,BIL,BUY,73.18,0.0617,4.52,0.0,0.0,ADD
2012-11-19,GLD,BUY,167.87,5.0766,852.22,0.0,0.0,ADD
2012-11-30,SHV,SELL,87.32847595214844,-45.32916648490159,-3958.5270253076615,0.353476299113953,8.930288041630874e-05,REDUCE
2012-11-30,BIL,SELL,73.16402435302734,-12.273042899343258,-897.9452095732994,-0.19607354607562852,-0.00021831035913932872,CLOSE
2012-11-30,XLY,SELL,20.264142990112305,-2.3548301925164825,-47.71861573858769,0.8042148397202146,0.01714217434970222,REDUCE
2012-11-30,XLC,BUY,17.4503,115.0598,2007.83,0.0,0.0,OPEN
2012-11-30,QQQ,BUY,58.5172,33.5674,1964.27,0.0,0.0,ADD
2012-11-30,USD,BUY,0.2737,3301.5223,903.52,0.0,0.0,OPEN
2012-11-30,GLD,BUY,166.05,0.172,28.56,0.0,0.0,ADD
2012-12-05,SHV,SELL,87.32215881347656,-19.870936974527453,-1735.1731142622698,0.029425864901817478,1.695874819973575e-05,REDUCE
2012-12-05,USD,SELL,0.27542704343795776,-44.704760879169825,-12.312900116550622,0.07858738378342126,0.0064235225549647,REDUCE
2012-12-05,XLC,BUY,17.2284,0.6429,11.08,0.0,0.0,ADD
2012-12-05,QQQ,BUY,57.7168,0.4166,24.05,0.0,0.0,ADD
2012-12-05,XLY,BUY,20.0126,0.5226,10.46,0.0,0.0,ADD
2012-12-05,GLD,BUY,164.12,0.046,7.54,0.0,0.0,ADD
2012-12-05,TQQQ,BUY,0.5008,3383.1564,1694.36,0.0,0.0,OPEN
2012-12-11,USD,SELL,0.29974713921546936,-211.9770397405457,-63.539511241592436,5.527940541961459,0.09529030976567965,REDUCE
2012-12-11,TQQQ,SELL,0.525279700756073,-3383.1564288274544,-1777.1033965454699,82.7405719124024,0.048832853689599,CLOSE
2012-12-11,XLC,BUY,17.4386,0.6013,10.49,0.0,0.0,ADD
2012-12-11,QQQ,BUY,58.6684,0.0615,3.61,0.0,0.0,ADD
2012-12-11,SHV,BUY,87.33,20.5339,1793.22,0.0,0.0,ADD
2012-12-11,XLY,BUY,20.1661,0.9683,19.53,0.0,0.0,ADD
2012-12-11,GLD,BUY,165.65,0.0833,13.8,0.0,0.0,ADD
2012-12-26,XLC,SELL,17.301621441508168,-0.17707863772497875,-3.0637475552955493,-0.026107415580851345,-0.008449398378541417,REDUCE
2012-12-26,SHV,SELL,87.33798217773438,-20.17996578693641,-1762.4774922467418,0.2905405803197787,0.0001648750037814839,REDUCE
2012-12-26,XLY,SELL,20.093778610229492,-0.5836235975011499,-11.727203359893792,0.09824794883104393,0.00844856183192344,REDUCE
2012-12-26,QQQ,BUY,57.6805,0.4859,28.03,0.0,0.0,ADD
2012-12-26,USD,BUY,0.2947,23.408,6.9,0.0,0.0,ADD
2012-12-26,GLD,BUY,160.78,0.2148,34.53,0.0,0.0,ADD
2012-12-26,TQQQ,BUY,0.4983,3426.937,1707.81,0.0,0.0,OPEN
2012-12-31,QQQ,SELL,58.24394226074219,-34.84979581920236,-2029.789495492277,27.70858002181761,0.013839890190105786,REDUCE
2012-12-31,XLY,SELL,20.35550308227539,-0.37815623533222564,-7.697560413886777,0.1626320492310983,0.02158375519453659,REDUCE
2012-12-31,TQQQ,SELL,0.5126059651374817,-3426.9369710515653,-1756.6683335112057,48.86176864619178,0.02861083313030477,CLOSE
2012-12-31,SMH,BUY,14.0247,144.5771,2027.66,0.0,0.0,OPEN
2012-12-31,SHV,BUY,87.3617,20.1388,1759.36,0.0,0.0,ADD
2012-12-31,USD,BUY,0.296,13.8823,4.11,0.0,0.0,ADD
2012-12-31,GLD,BUY,162.02,0.0156,2.53,0.0,0.0,ADD
2013-01-02,XLC,SELL,17.928973257424534,-0.8290512386243295,-14.86403748633029,0.3978764423701293,0.02750394117423771,REDUCE
2013-01-02,SMH,SELL,14.580004692077637,-2.79577113250491,-40.762356229896795,1.5523897181559836,0.03959171242064552,REDUCE
2013-01-02,QQQ,SELL,60.0950813293457,-0.35258777386459295,-21.188790946125664,0.9330265581588061,0.04606227344908698,REDUCE
2013-01-02,SHV,SELL,87.34590148925781,-46.03165939480856,-4020.676786886017,0.4925566549592941,0.0001225209161448415,REDUCE
2013-01-02,USD,SELL,0.3196291923522949,-171.7968210122383,-54.9112791488335,7.851074304760202,0.16683043201306758,REDUCE
2013-01-02,XLY,SELL,20.780292510986328,-0.13465512091617277,-2.7981728007403035,0.1151106289741066,0.04290270653636474,REDUCE
2013-01-02,QLD,BUY,1.7844,2316.9507,4134.35,0.0,0.0,OPEN
2013-01-02,GLD,BUY,163.17,0.1309,21.36,0.0,0.0,ADD
2013-01-03,XLC,SELL,17.89405057478187,-0.3794512373616119,-6.789919632012243,0.16885394599814899,0.025502532976651393,REDUCE
2013-01-03,QLD,SELL,1.7678771018981934,-2316.950667010143,-4096.084030434978,-38.26116420009698,-0.009254467732821792,CLOSE
2013-01-03,XLY,SELL,20.831787109375,-0.7651281818786246,-15.938987396278662,0.6934737657293023,0.04548707131386509,REDUCE
2013-01-03,SHV,BUY,87.3459,46.9801,4103.52,0.0,0.0,ADD
2013-01-03,USD,BUY,0.3167,11.6112,3.68,0.0,0.0,ADD
2013-01-03,GLD,BUY,161.2,0.0721,11.62,0.0,0.0,ADD
2013-01-09,XLC,SELL,17.82760823838308,-0.19358768597272386,-3.4512054252968483,0.0732831559134519,0.021694743119956117,REDUCE
2013-01-09,QQQ,SELL,59.71055221557617,-0.12350455555616806,-7.374525213398101,0.27932973691784496,0.03936885711518312,REDUCE
2013-01-09,SHV,SELL,87.34590148925781,-20.265130016056396,-1770.0760500494634,0.06501318187008492,3.673038219309532e-05,REDUCE
2013-01-09,XLY,SELL,20.831787109375,-0.5321989051102172,-11.086654291098512,0.48235836502273854,0.04548707131386509,REDUCE
2013-01-09,GLD,SELL,160.49000549316406,-0.008251763764999791,-1.3243256119731086,-0.03345035946915816,-0.02463614040365314,REDUCE
2013-01-09,SMH,BUY,14.0681,3.602,50.67,0.0,0.0,ADD
2013-01-09,USD,BUY,0.3136,13.2699,4.16,0.0,0.0,ADD
2013-01-09,TQQQ,BUY,0.5498,3161.8119,1738.48,0.0,0.0,OPEN
2013-01-10,SMH,SELL,14.632060050964355,-4.002237351287925,-58.56097726225744,2.426333044953679,0.043223451021815684,REDUCE
2013-01-10,USD,SELL,0.3221742510795593,-45.74363958410497,-14.737422824662303,2.1909594238706,0.17462765034904937,REDUCE
2013-01-10,TQQQ,SELL,0.5595396757125854,-3161.811918460132,-1769.1592155193698,30.680130199534723,0.01764768438033326,CLOSE
2013-01-10,XLC,BUY,17.9245,0.6868,12.31,0.0,0.0,ADD
2013-01-10,QQQ,BUY,60.0682,0.1581,9.5,0.0,0.0,ADD
2013-01-10,SHV,BUY,87.3459,20.6678,1805.24,0.0,0.0,ADD
2013-01-10,XLY,BUY,20.9519,0.5551,11.63,0.0,0.0,ADD
2013-01-10,GLD,BUY,161.98,0.0233,3.77,0.0,0.0,ADD
2013-01-30,XLC,SELL,18.14606764908948,-0.31722793899026036,-5.7564396410984955,0.2202141778572707,0.03977695260415648,REDUCE
2013-01-30,SMH,SELL,14.944392204284668,-1.6288776666537876,-24.342586703274264,1.4962484515716463,0.06549182784073238,REDUCE
2013-01-30,SHV,SELL,87.33798217773438,-19.673303618281807,-1718.2266407906536,-0.11200969020652869,-6.518487503914816e-05,REDUCE
2013-01-30,USD,SELL,0.3310799300670624,-50.79086318746221,-16.81583543215072,2.8850308029199545,0.2070972122361363,REDUCE
2013-01-30,XLY,SELL,21.612703323364258,-2.101834230483922,-45.42631965834062,3.53422317591613,0.08436491540591406,REDUCE
2013-01-30,QQQ,BUY,59.9341,0.3465,20.77,0.0,0.0,ADD
2013-01-30,GLD,BUY,162.19,0.0898,14.56,0.0,0.0,ADD
2013-01-30,TQQQ,BUY,0.5554,3196.4271,1775.23,0.0,0.0,OPEN
2013-01-31,XLC,SELL,18.118291033047438,-0.22677340059985399,-4.108746470622009,0.1511231957525775,0.038185341366925085,REDUCE
2013-01-31,QQQ,SELL,59.799964904785156,-0.03740376858700228,-2.2367440488094417,0.08632969537736948,0.04014560972381287,REDUCE
2013-01-31,TQQQ,SELL,0.5518162846565247,-3196.4271021454592,-1763.840527681329,-11.394162347543787,-0.006418397754134997,CLOSE
2013-01-31,SMH,BUY,14.8793,0.1201,1.79,0.0,0.0,ADD
2013-01-31,SHV,BUY,87.338,20.0876,1754.41,0.0,0.0,ADD
2013-01-31,USD,BUY,0.3276,20.4968,6.71,0.0,0.0,ADD
2013-01-31,XLY,BUY,21.5097,0.123,2.64,0.0,0.0,ADD
2013-01-31,GLD,BUY,161.2,0.0287,4.63,0.0,0.0,ADD
2013-02-04,SMH,SELL,14.987776756286621,-0.9973034543862842,-14.947361532615105,0.9586357700235406,0.06852917029706229,REDUCE
2013-02-04,SHV,SELL,87.33241271972656,-20.24680717707869,-1768.2025206453582,-0.1939423921336053,-0.00010967133003669804,REDUCE
2013-02-04,USD,SELL,0.3314717411994934,-33.46879867368197,-11.093960972220657,1.9014303432063855,0.20684514634141382,REDUCE
2013-02-04,GLD,SELL,162.0,-0.05302821749717168,-8.590571234541812,-0.13311589918004846,-0.015259132651087692,REDUCE
2013-02-04,XLC,BUY,18.0402,0.5096,9.19,0.0,0.0,ADD
2013-02-04,QQQ,BUY,59.4512,0.1767,10.51,0.0,0.0,ADD
2013-02-04,XLY,BUY,21.3681,0.6515,13.92,0.0,0.0,ADD
2013-02-04,TQQQ,BUY,0.5409,3270.7194,1769.21,0.0,0.0,OPEN
2013-02-05,SMH,SELL,15.217690467834473,-0.4208933839481571,-6.405025236882466,0.5013435666298431,0.08492049446974836,REDUCE
2013-02-05,QQQ,SELL,60.32759094238281,-0.07267744214956236,-4.384455000737489,0.20524399287921635,0.049110703549854584,REDUCE
2013-02-05,USD,SELL,0.33969250321388245,-34.57116641773434,-11.743566059463888,2.24825942254924,0.23677586290986574,REDUCE
2013-02-05,TQQQ,SELL,0.5646888613700867,-3270.7194322387404,-1846.9388320519106,77.72522822603942,0.04393207697361179,CLOSE
2013-02-05,XLC,BUY,18.2407,0.1309,2.39,0.0,0.0,ADD
2013-02-05,SHV,BUY,87.3404,21.0851,1841.58,0.0,0.0,ADD
2013-02-05,XLY,BUY,21.5955,0.1562,3.37,0.0,0.0,ADD
2013-02-05,GLD,BUY,161.96,0.1367,22.13,0.0,0.0,ADD
2013-02-15,XLC,SELL,18.38206908792705,-0.677591435121352,-12.455532573788332,0.6279202793194287,0.053089352583282734,REDUCE
2013-02-15,SMH,SELL,15.391207695007324,-1.3093229375474804,-20.152061271630373,1.7867789420975158,0.09729112300246157,REDUCE
2013-02-15,QQQ,SELL,60.58694839477539,-0.07275647241164708,-4.408092639390361,0.22433711081851263,0.053620989392535456,REDUCE
2013-02-15,SHV,SELL,87.33241271972656,-20.41186443160492,-1782.6173689200277,-0.18542094386190475,-0.00010400530272680619,REDUCE
2013-02-15,USD,SELL,0.3491852879524231,-70.88847841969532,-24.753213749490442,5.283004631118826,0.2713378474262975,REDUCE
2013-02-15,XLY,SELL,21.857276916503906,-0.9911375582615697,-21.663568073270653,1.89487524339302,0.09585232871488492,REDUCE
2013-02-15,GLD,BUY,155.76,0.4613,71.85,0.0,0.0,ADD
2013-02-15,TQQQ,BUY,0.5714,3139.8904,1794.2,0.0,0.0,OPEN
2013-02-19,SMH,SELL,15.603771209716797,-0.9815744107651445,-15.31626253089189,1.5481609692456288,0.11244549310693164,REDUCE
2013-02-19,QQQ,SELL,61.025123596191406,-0.019919746730651992,-1.2156050062428676,0.07014883238396206,0.061240957083184666,REDUCE
2013-02-19,USD,SELL,0.3548608720302582,-25.962082912725467,-9.212927382131625,2.082189147541092,0.29200190485756305,REDUCE
2013-02-19,TQQQ,SELL,0.5838974118232727,-3139.8903815453036,-1833.373867193091,39.17335721447421,0.021833321859294985,CLOSE
2013-02-19,XLC,BUY,18.4781,0.1521,2.81,0.0,0.0,ADD
2013-02-19,SHV,BUY,87.3324,20.996,1833.63,0.0,0.0,ADD
2013-02-19,XLY,BUY,21.9388,0.2717,5.96,0.0,0.0,ADD
2013-02-19,GLD,BUY,155.33,0.1076,16.71,0.0,0.0,ADD
2013-02-20,SHV,SELL,87.33241271972656,-21.322739931086367,-1862.1663239770287,-0.13504138928703383,-7.251317740430974e-05,REDUCE
2013-02-20,XLC,BUY,18.2108,0.1445,2.63,0.0,0.0,ADD
2013-02-20,SMH,BUY,15.2741,1.0992,16.79,0.0,0.0,ADD
2013-02-20,QQQ,BUY,60.0861,0.0649,3.9,0.0,0.0,ADD
2013-02-20,USD,BUY,0.3386,91.9111,31.12,0.0,0.0,ADD
2013-02-20,XLY,BUY,21.6041,0.1995,4.31,0.0,0.0,ADD
2013-02-20,GLD,BUY,151.44,0.1409,21.34,0.0,0.0,ADD
2013-02-20,TQQQ,BUY,0.5573,3197.9087,1782.07,0.0,0.0,OPEN
2013-02-27,XLC,SELL,18.307644333175265,-0.11173369096771184,-2.045580674269786,0.09497031336389451,0.04868748534678602,REDUCE
2013-02-27,USD,SELL,0.3433133661746979,-26.1879639503664,-8.990678057061928,1.742648423190387,0.2404306427013807,REDUCE
2013-02-27,XLY,SELL,21.745731353759766,-0.21319529089585143,-4.63608752170785,0.3818928403213357,0.08976853880059621,REDUCE
2013-02-27,GLD,SELL,154.57000732421875,-0.18821594064095107,-29.092539323406527,-1.7555268274916824,-0.05690881298374573,REDUCE
2013-02-27,TQQQ,SELL,0.5571631789207458,-3197.9086504668944,-1781.7569495922871,-0.3166035573736138,-0.00017766020757903345,CLOSE
2013-02-27,SMH,BUY,15.2524,0.7922,12.08,0.0,0.0,ADD
2013-02-27,QQQ,BUY,60.1309,0.1067,6.41,0.0,0.0,ADD
2013-02-27,SHV,BUY,87.3324,20.7028,1808.02,0.0,0.0,ADD
2013-03-18,XLC,SELL,18.807440905920725,-1.8865907364414345,-35.48194378927974,2.546457586150871,0.07731653240051317,REDUCE
2013-03-18,QQQ,SELL,61.27392578125,-0.2500558812002974,-15.321905505832092,0.9390416290479334,0.06528891861124198,REDUCE
2013-03-18,SHV,SELL,87.33322143554688,-19.990836724132226,-1745.8641703105022,-0.07229531963484073,-4.14077608538177e-05,REDUCE
2013-03-18,USD,SELL,0.34977245330810547,-22.66061964624913,-7.926060527150412,1.6542922052909588,0.26376806673887065,REDUCE
2013-03-18,XLY,SELL,22.460655212402344,-2.1025409493587723,-47.224447333504486,5.269399984316077,0.12559633029273676,REDUCE
2013-03-18,SMH,BUY,15.1656,2.2406,33.98,0.0,0.0,ADD
2013-03-18,GLD,BUY,155.38,0.06,9.32,0.0,0.0,ADD
2013-03-18,TQQQ,BUY,0.5884,3073.8629,1808.52,0.0,0.0,OPEN
2013-03-20,QQQ,SELL,61.5876579284668,-0.02025419827699957,-1.247408635099191,0.08241553294481332,0.0707433655979639,REDUCE
2013-03-20,USD,SELL,0.35396701097488403,-20.45408295170377,-7.240070604646917,1.5790043358604358,0.2789234855925675,REDUCE
2013-03-20,TQQQ,SELL,0.5971655249595642,-3073.862876516035,-1835.6049383084141,27.089476323561573,0.014978846956514635,CLOSE
2013-03-20,SHV,BUY,87.3332,21.0158,1835.38,0.0,0.0,ADD
2013-03-20,GLD,BUY,155.37,0.0523,8.13,0.0,0.0,ADD
2013-03-21,SHV,SELL,87.34114074707031,-21.10230952532306,-1843.0997863394841,0.11379768576971286,6.174636512179532e-05,REDUCE
2013-03-21,GLD,SELL,156.25,-0.13662077559727914,-21.346996187074865,-1.0335817763420445,-0.04618208600472817,REDUCE
2013-03-21,XLC,BUY,18.6982,0.4694,8.78,0.0,0.0,ADD
2013-03-21,SMH,BUY,15.0225,1.0984,16.5,0.0,0.0,ADD
2013-03-21,QQQ,BUY,60.8885,0.1571,9.56,0.0,0.0,ADD
2013-03-21,USD,BUY,0.3445,57.2955,19.74,0.0,0.0,ADD
2013-03-21,XLY,BUY,22.3703,0.2225,4.98,0.0,0.0,ADD
2013-03-21,TQQQ,BUY,0.5781,3123.3506,1805.47,0.0,0.0,OPEN
2013-03-22,XLC,SELL,18.872535417758694,-0.1286563359779173,-2.4280712574623067,0.1813713391749305,0.08072788791178986,REDUCE
2013-03-22,QQQ,SELL,61.480079650878906,-0.04504135293039034,-2.7691459657437463,0.17762650255424178,0.06854145032568204,REDUCE
2013-03-22,USD,SELL,0.35063111782073975,-25.839755230211523,-9.060222260583373,1.8723957779567015,0.26049540601493004,REDUCE
2013-03-22,XLY,SELL,22.645713806152344,-0.3874421023338551,-8.773902965906473,1.0405155439714535,0.134548482728297,REDUCE
2013-03-22,TQQQ,SELL,0.593997061252594,-3123.350610191933,-1855.2610837155044,49.79145432413243,0.02757811791102638,CLOSE
2013-03-22,SHV,BUY,87.3491,21.2322,1854.61,0.0,0.0,ADD
2013-03-22,GLD,BUY,155.55,0.147,22.86,0.0,0.0,ADD
2013-04-01,SMH,SELL,15.169974327087402,-0.35781143353336514,-5.42799026063949,0.3939761407805769,0.0782628199683355,REDUCE
2013-04-01,SHV,SELL,87.33322143554688,-0.05102318594026397,-4.456019196068155,-0.00033543534813558755,-7.527124205308766e-05,REDUCE
2013-04-01,USD,SELL,0.3501403033733368,-2748.3509507575554,-962.3084356746491,197.80159064422747,0.25873096091946235,CLOSE
2013-04-01,XLY,SELL,22.63710594177246,-0.05027203453340517,-1.1380133716411365,0.1345779752455316,0.13411722939906556,REDUCE
2013-04-01,SSO,BUY,4.2457,226.7669,962.78,0.0,0.0,OPEN
2013-04-01,XLC,BUY,18.8377,0.1063,2.0,0.0,0.0,ADD
2013-04-01,GLD,BUY,154.67,0.0559,8.64,0.0,0.0,ADD
2013-04-04,SSO,SELL,4.235726356506348,-0.6248087656102707,-2.6465189562716205,-0.006217543663750047,-0.002343822563568465,REDUCE
2013-04-04,XLC,SELL,18.847946761897212,-0.6399203441397734,-12.061184578201392,0.8855598978632011,0.07924030407187965,REDUCE
2013-04-04,QQQ,SELL,61.336673736572266,-0.10882229084588213,-6.674797348880247,0.4135492644406893,0.06604901432806054,REDUCE
2013-04-04,SHV,SELL,87.34114074707031,-21.077432266063145,-1840.9269781370622,0.028352026147976536,1.5401188173003177e-05,REDUCE
2013-04-04,XLY,SELL,22.74469566345215,-0.9261257231074741,-21.06444771817405,2.5788753576402677,0.13950746600338437,REDUCE
2013-04-04,SMH,BUY,14.862,2.1897,32.54,0.0,0.0,ADD
2013-04-04,GLD,BUY,150.29,0.281,42.24,0.0,0.0,ADD
2013-04-04,TQQQ,BUY,0.5895,3069.0337,1809.32,0.0,0.0,OPEN
2013-04-08,SSO,SELL,4.2550435066223145,-0.6126802997296191,-2.606981330999929,0.005738385413784589,0.0022060167134798636,REDUCE
2013-04-08,SMH,SELL,14.93138313293457,-0.40364767100454735,-6.027018026485621,0.34324416502221555,0.06039018676472119,REDUCE
2013-04-08,XLY,SELL,22.89101791381836,-0.4272237125641111,-9.779585657513053,1.2521528741529435,0.14683819925221986,REDUCE
2013-04-08,GLD,SELL,152.16000366210938,-0.12608860203373257,-19.185642147202998,-1.4117205823866965,-0.06853889990288176,REDUCE
2013-04-08,TQQQ,SELL,0.5838974118232727,-3069.033706765131,-1792.0008381785447,-17.320234683611563,-0.009572781162722421,CLOSE
2013-04-08,QQQ,BUY,61.1484,0.1452,8.88,0.0,0.0,ADD
2013-04-08,SHV,BUY,87.3491,20.837,1820.09,0.0,0.0,ADD
2013-04-17,XLC,SELL,18.802347099237537,-1.2205929506175328,-22.950012324393356,1.6334706196516953,0.07662925076108129,REDUCE
2013-04-17,SMH,SELL,14.935718536376953,-2.1849204868643395,-32.633357416169474,1.8674324655569687,0.060698076477619045,REDUCE
2013-04-17,QQQ,SELL,61.04985046386719,-0.397862944038899,-24.289473238688743,1.390812764443359,0.06073773468136423,REDUCE
2013-04-17,SHV,SELL,87.34906768798828,-21.48479221250937,-1876.6765692328445,0.1395516165201258,7.436656735793079e-05,REDUCE
2013-04-17,XLY,SELL,22.89101791381836,-1.3985471209949911,-32.014167200015436,4.099011233908067,0.14683819925221986,REDUCE
2013-04-17,SSO,BUY,4.186,0.2799,1.17,0.0,0.0,ADD
2013-04-17,GLD,BUY,132.87,1.5247,202.59,0.0,0.0,ADD
2013-04-17,TQQQ,BUY,0.5789,3083.9365,1785.44,0.0,0.0,OPEN
2013-04-22,SSO,SELL,4.245677471160889,-0.4105761332899083,-1.7431738393053138,3.0389762730610113e-05,1.743388516795008e-05,REDUCE
2013-04-22,SMH,SELL,15.265406608581543,-1.3284170516548781,-20.278826439284785,1.5733497136846064,0.08411171427303588,REDUCE
2013-04-22,GLD,SELL,137.89999389648438,-0.329340720385133,-45.416083330973606,-7.244549530999636,-0.1375704988200207,REDUCE
2013-04-22,TQQQ,SELL,0.5945912599563599,-3083.936528677061,-1833.6817062115363,48.245513498736905,0.027021695704192217,CLOSE
2013-04-22,XLC,BUY,18.8393,1.1654,21.96,0.0,0.0,ADD
2013-04-22,QQQ,BUY,61.6594,0.0705,4.35,0.0,0.0,ADD
2013-04-22,SHV,BUY,87.3491,21.2914,1859.79,0.0,0.0,ADD
2013-04-22,XLY,BUY,23.0115,0.6531,15.03,0.0,0.0,ADD
2013-04-30,SSO,SELL,4.437091827392578,-225.39872590206278,-1000.1148446047425,43.16123543331973,0.04510274585900853,CLOSE
2013-04-30,XLC,SELL,19.42830419449952,-0.9612015780776927,-18.674516651126396,1.8743609797647847,0.11156807213161213,REDUCE
2013-04-30,SMH,SELL,16.07227325439453,-4.01899086618183,-64.59431940819013,8.00279943777734,0.14141340331486707,REDUCE
2013-04-30,QQQ,SELL,63.389305114746094,-0.15898041301684548,-10.07765790799317,0.9261063488295089,0.10119664876959322,REDUCE
2013-04-30,SHV,SELL,87.35697937011719,-48.2286887592518,-4213.112568989763,0.5987070233412052,0.00014212582865225087,REDUCE
2013-04-30,GLD,SELL,142.77000427246094,-0.16249225126485448,-23.199019407325068,-2.7830236779255695,-0.1071133501239332,REDUCE
2013-04-30,QLD,BUY,1.9691,2208.5316,4348.82,0.0,0.0,OPEN
2013-04-30,USD,BUY,0.3821,2560.5966,978.48,0.0,0.0,OPEN
2013-04-30,XLY,BUY,23.5021,0.1051,2.47,0.0,0.0,ADD
2013-05-24,XLC,SELL,20.09987625142273,-0.2771240408818668,-5.570158928019737,0.7265058033514114,0.14999129472161776,REDUCE
2013-05-24,QLD,SELL,2.1208038330078125,-92.35132006359079,-195.85903357419465,14.010060387030206,0.07704228482286024,REDUCE
2013-05-24,QQQ,SELL,65.80046081542969,-0.16943843397762207,-11.149127035572292,1.3955697562497567,0.1430831558459551,REDUCE
2013-05-24,SHV,SELL,87.34906768798828,-21.157419341226962,-1848.0808541399863,0.09525570801886707,5.1545698245503146e-05,CLOSE
2013-05-24,USD,SELL,0.403524249792099,-58.142914827679775,-23.46207608656539,1.243842775707818,0.0559829739072899,REDUCE
2013-05-24,XLY,SELL,24.444625854492188,-0.7202672424953076,-17.60666325804459,3.211636572397715,0.2231073719092167,REDUCE
2013-05-24,SMH,BUY,16.4497,1.1266,18.53,0.0,0.0,ADD
2013-05-24,GLD,BUY,133.76,1.3142,175.79,0.0,0.0,ADD
2013-05-24,TQQQ,BUY,0.72,2649.0054,1907.4,0.0,0.0,OPEN
2013-05-30,SMH,SELL,16.818410873413086,-1.0642514620809769,-17.899018361908475,2.892445096789902,0.19274520876215817,REDUCE
2013-05-30,USD,SELL,0.4216790199279785,-73.16122486617586,-30.850553598299484,2.8933524809767492,0.10349220828060579,REDUCE
2013-05-30,GLD,SELL,136.6999969482422,-0.1052110239386089,-14.382346651329271,-2.1871504675699405,-0.1319986027261667,REDUCE
2013-05-30,TQQQ,SELL,0.7355898022651672,-2649.005382161867,-1948.5813452638117,41.17992190815534,0.021589541353968622,CLOSE
2013-05-30,XLC,BUY,20.1785,1.1706,23.62,0.0,0.0,ADD
2013-05-30,QLD,BUY,2.149,2.3897,5.14,0.0,0.0,ADD
2013-05-30,QQQ,BUY,66.2666,0.2117,14.03,0.0,0.0,ADD
2013-05-30,SHV,BUY,87.3411,22.1539,1934.94,0.0,0.0,OPEN
2013-05-30,XLY,BUY,24.4274,1.3912,33.98,0.0,0.0,ADD
2013-05-31,XLC,SELL,19.97006098764041,-0.26322037926186526,-5.256527027049287,0.6485107475179039,0.14073534210340388,REDUCE
2013-05-31,QQQ,SELL,65.65703582763672,-0.10143986438550463,-6.660240810309688,0.814553224675536,0.13934258592219506,REDUCE
2013-05-31,SHV,SELL,87.34906768798828,-0.2820117735893319,-24.633465500064176,0.002235490667414214,9.075838545458126e-05,REDUCE
2013-05-31,USD,SELL,0.4169686436653137,-2429.2924791218556,-1012.9387900857876,84.6298595581835,0.09116562038252085,CLOSE
2013-05-31,XLY,SELL,24.151981353759766,-0.12861931176104802,-3.1064112193862456,0.5273392245200796,0.20446859396317252,REDUCE
2013-05-31,QLD,BUY,2.1092,492.2788,1038.29,0.0,0.0,ADD
2013-05-31,GLD,BUY,133.92,0.1068,14.3,0.0,0.0,ADD
2013-06-04,SMH,SELL,16.818410873413086,-1.637809754413965,-27.545357382217844,4.451273935171626,0.19274520876215817,REDUCE
2013-06-04,SHV,SELL,87.35697937011719,-21.871845402221297,-1910.6583475882383,0.34641991466530925,0.00018134206756870164,CLOSE
2013-06-04,GLD,SELL,135.22999572753906,-0.1260641724135592,-17.047657496881357,-2.7837167834628245,-0.1403693331642628,REDUCE
2013-06-04,QLD,BUY,2.096,17.8505,37.41,0.0,0.0,ADD
2013-06-04,QQQ,BUY,65.433,0.1156,7.56,0.0,0.0,ADD
2013-06-04,TQQQ,BUY,0.708,2698.2597,1910.27,0.0,0.0,OPEN
2013-06-07,XLC,SELL,20.120452205893905,-0.2995747527190574,-6.02757949417628,0.7831324595769306,0.1493260308303901,REDUCE
2013-06-07,QLD,SELL,2.1159005165100098,-13.550246346336738,-28.670973243051776,1.6198869522122359,0.05988251025470981,REDUCE
2013-06-07,QQQ,SELL,65.78250885009766,-0.030277724800236265,-1.9917446996323633,0.24599124318130686,0.14090835236344468,REDUCE
2013-06-07,XLY,SELL,24.461849212646484,-0.7333031229455108,-17.937950420655852,3.233770136669718,0.21992182319687115,REDUCE
2013-06-07,TQQQ,SELL,0.7179655432701111,-2698.259749874108,-1937.257527202238,26.984823369525497,0.014126162885217397,CLOSE
2013-06-07,SMH,BUY,16.6189,2.1874,36.35,0.0,0.0,ADD
2013-06-07,SHV,BUY,87.3491,21.9779,1919.75,0.0,0.0,OPEN
2013-06-07,GLD,BUY,133.28,0.2685,35.78,0.0,0.0,ADD
2013-06-13,XLC,SELL,20.030941338810727,-0.43132378601384425,-8.639821455677065,1.0889356417652527,0.14421296634614555,REDUCE
2013-06-13,QLD,SELL,2.0775914192199707,-2130.006287967219,-4425.282786765277,173.03656015632973,0.04069297753115331,REDUCE
2013-06-13,SMH,SELL,16.493061065673828,-0.09644267265548244,-1.5906348894436633,0.2268271813488123,0.16631903456952513,REDUCE
2013-06-13,XLY,SELL,24.328432083129883,-0.2618020164638029,-6.3692325767660805,1.1195835184994718,0.21326825966327534,REDUCE
2013-06-13,GLD,SELL,133.74000549316406,-0.16831326121198023,-22.510216479062592,-3.892039981537197,-0.14741315718015635,REDUCE
2013-06-13,SHV,BUY,87.3491,51.103,4463.8,0.0,0.0,ADD
2013-06-14,SHV,SELL,87.35697937011719,-21.920736407798024,-1914.9293181537887,0.17342989849004023,9.057546163138142e-05,REDUCE
2013-06-14,GLD,SELL,134.42999267578125,-0.1062183432577968,-14.278931106179243,-2.382881036955439,-0.14301451825798428,REDUCE
2013-06-14,XLC,BUY,19.923,0.3425,6.82,0.0,0.0,ADD
2013-06-14,QLD,BUY,2.0522,4.864,9.98,0.0,0.0,ADD
2013-06-14,SMH,BUY,16.4323,0.1829,3.0,0.0,0.0,ADD
2013-06-14,QQQ,BUY,64.7876,0.1342,8.69,0.0,0.0,ADD
2013-06-14,XLY,BUY,24.251,0.0779,1.89,0.0,0.0,ADD
2013-06-14,TQQQ,BUY,0.6852,2772.0882,1899.41,0.0,0.0,OPEN
2013-06-17,SMH,SELL,16.571142196655273,-0.17448622431753696,-2.8914360345233945,0.4234672524518532,0.17158533589570246,REDUCE
2013-06-17,QQQ,SELL,65.41504669189453,-0.07349699437489336,-4.807809318747559,0.5677200909047727,0.13389343016104616,REDUCE
2013-06-17,SHV,SELL,87.35697937011719,-29.261544237874226,-2556.20011632575,0.23150803661098918,9.057546163138142e-05,REDUCE
2013-06-17,TQQQ,SELL,0.7042014598846436,-2772.0882124772843,-1952.1085661555155,52.70006105052485,0.027745511778474397,CLOSE
2013-06-17,QLD,BUY,2.0899,2148.4254,4489.89,0.0,0.0,ADD
2013-06-17,XLY,BUY,24.3844,0.1514,3.69,0.0,0.0,ADD
2013-06-17,GLD,BUY,133.77,0.1677,22.43,0.0,0.0,ADD
2013-06-20,XLC,SELL,19.535602552295465,-1.3615730685104535,-26.599150312329584,2.7529886149440146,0.11544787164828474,REDUCE
2013-06-20,SMH,SELL,16.06793785095215,-1.1014061774372548,-17.697326007716583,2.11881215696617,0.13600861913179907,REDUCE
2013-06-20,QQQ,SELL,63.66716766357422,-0.3458362754582266,-22.01841613374495,2.066897318050186,0.10359598871361464,REDUCE
2013-06-20,SHV,SELL,87.34114074707031,-21.898609362042805,-1912.6495224552923,-0.17358898259859065,-9.075014911763546e-05,CLOSE
2013-06-20,XLY,SELL,23.717315673828125,-1.031824100920515,-24.472097921395743,3.7709895185034856,0.18216365254995814,REDUCE
2013-06-20,QLD,BUY,1.9755,45.9723,90.82,0.0,0.0,ADD
2013-06-20,GLD,BUY,123.6,0.5886,72.75,0.0,0.0,ADD
2013-06-20,TQQQ,BUY,0.6467,2845.1166,1839.86,0.0,0.0,OPEN
2013-06-21,XLC,SELL,19.495577632984155,-0.17499735426671356,-3.4116745056735454,0.34682598379146035,0.11316252053412379,REDUCE
2013-06-21,QLD,SELL,1.9583724737167358,-2188.8327016290314,-4286.549712441332,-246.36446344121327,-0.05435012750781831,REDUCE
2013-06-21,SMH,SELL,16.05058479309082,-0.3432130159062828,-5.50876961389622,0.6542946421881161,0.13478175209499432,REDUCE
2013-06-21,XLY,SELL,23.76308250427246,-0.5059661004036438,-12.02331418825679,1.8723019340359999,0.18444485014363932,REDUCE
2013-06-21,GLD,SELL,125.05000305175781,-0.2259391547155975,-28.25369198669705,-6.832025798326313,-0.19472384290916867,REDUCE
2013-06-21,QQQ,BUY,63.3291,0.049,3.1,0.0,0.0,ADD
2013-06-21,SHV,BUY,87.3411,49.3856,4313.4,0.0,0.0,OPEN
2013-06-21,TQQQ,BUY,0.6376,30.1933,19.25,0.0,0.0,ADD
2013-06-27,XLC,SELL,19.76778927805638,-1.1332214952501112,-22.40128372346817,2.5543995277855505,0.12870531729817936,REDUCE
2013-06-27,QLD,SELL,1.998213768005371,-8.144156037358497,-16.273764722633814,-0.5921932488761024,-0.03511174698030428,REDUCE
2013-06-27,SMH,SELL,16.26748275756836,-1.3174869276647414,-21.432195879107894,2.7973917793487666,0.1501165112535272,REDUCE
2013-06-27,QQQ,SELL,63.99445343017578,-0.19853502037963852,-12.705140115943777,1.2496328779726034,0.10908577438024647,REDUCE
2013-06-27,XLY,SELL,24.263900756835938,-1.555451104857636,-37.74131124037649,6.534866354731297,0.20940758803760118,REDUCE
2013-06-27,TQQQ,SELL,0.6554856896400452,-2875.309841060249,-1884.7244540961858,25.611298840545842,0.013776083918369153,CLOSE
2013-06-27,SHV,BUY,87.3411,21.2405,1855.17,0.0,0.0,ADD
2013-06-27,GLD,BUY,115.94,1.2084,140.11,0.0,0.0,ADD
2013-07-01,QLD,SELL,2.0288615226745605,-487.42767196250884,-988.9232487315719,-20.504197373328893,-0.020312700484268476,CLOSE
2013-07-01,XLY,SELL,24.518627166748047,-0.15109444146374415,-3.70462827721758,0.6732759284742029,0.22210414726394445,REDUCE
2013-07-01,GLD,SELL,121.12999725341797,-0.546440725530258,-66.19036358263588,-17.028075699488653,-0.2046190224952502,REDUCE
2013-07-01,XLC,BUY,19.8811,0.3323,6.61,0.0,0.0,ADD
2013-07-01,SMH,BUY,16.3065,0.8477,13.82,0.0,0.0,ADD
2013-07-01,QQQ,BUY,64.48,0.0342,2.21,0.0,0.0,ADD
2013-07-01,SHV,BUY,87.3491,0.6141,53.64,0.0,0.0,ADD
2013-07-01,BIL,BUY,73.164,13.4293,982.54,0.0,0.0,OPEN
2013-07-03,XLC,SELL,20.01850997767504,-0.4751711514860409,-9.512218437126648,1.186816690251403,0.14255368405456803,REDUCE
2013-07-03,SMH,SELL,16.406301498413086,-0.47454350279599167,-7.785503780984072,1.0669674166202368,0.15880950236119862,REDUCE
2013-07-03,QQQ,SELL,64.76779174804688,-0.054723202426458936,-3.544300978543106,0.3863212581980389,0.12233177297155873,REDUCE
2013-07-03,SHV,SELL,87.34906768798828,-49.93891961180719,-4362.118069436751,0.3924505058963436,8.997597285653747e-05,REDUCE
2013-07-03,XLY,SELL,24.674055099487305,-0.3350411648146555,-8.266824161233217,1.545016184396904,0.22985128253010312,REDUCE
2013-07-03,QLD,BUY,2.0466,2139.1218,4378.0,0.0,0.0,OPEN
2013-07-03,BIL,BUY,73.164,0.0343,2.51,0.0,0.0,ADD
2013-07-03,GLD,BUY,120.74,0.0887,10.71,0.0,0.0,ADD
2013-07-05,XLC,SELL,20.191714645584042,-0.2611250649688269,-5.272562798660147,0.6974301012193425,0.15243931648353382,REDUCE
2013-07-05,QLD,SELL,2.0763652324676514,-2139.121769611071,-4441.598070435106,63.59320463528015,0.014525613055403008,CLOSE
2013-07-05,SMH,SELL,16.627540588378906,-0.9533299591861597,-15.851532590485476,2.3543885767295127,0.1744360565709291,REDUCE
2013-07-05,QQQ,SELL,65.26232147216797,-0.039682453244132714,-2.589769020422864,0.2997644694844975,0.1309012549174473,REDUCE
2013-07-05,XLY,SELL,24.94173812866211,-0.4041736306495328,-10.08079285417125,1.9720055771515952,0.2431936502687979,REDUCE
2013-07-05,SHV,BUY,87.357,50.5602,4416.79,0.0,0.0,ADD
2013-07-05,BIL,BUY,73.164,0.0841,6.15,0.0,0.0,ADD
2013-07-05,GLD,BUY,118.09,0.4442,52.45,0.0,0.0,ADD
2013-07-11,XLC,SELL,20.72014280520422,-0.8291006600612131,-17.179084076357412,2.6525370374178663,0.1825992804971157,REDUCE
2013-07-11,SMH,SELL,16.965900421142578,-0.25680580615179377,-4.356941734742577,0.7211124861176393,0.19833508033699943,REDUCE
2013-07-11,QQQ,SELL,67.41131591796875,-0.404309735216553,-27.25505128939335,3.923047898915272,0.16814020781928618,REDUCE
2013-07-11,SHV,SELL,87.34114074707031,-50.0314619172056,-4369.804957092342,-0.5585493918275592,-0.00012780387512367763,REDUCE
2013-07-11,XLY,SELL,25.662742614746094,-0.904338211150383,-23.207798749432186,5.064392983662158,0.2791313300844991,REDUCE
2013-07-11,GLD,SELL,124.23999786376953,-0.5079661018502413,-63.109707408741315,-13.672920137433254,-0.17807309510488956,REDUCE
2013-07-11,QLD,BUY,2.2189,2021.866,4486.27,0.0,0.0,OPEN
2013-07-11,BIL,BUY,73.1321,0.2549,18.64,0.0,0.0,ADD
2013-07-19,QLD,SELL,2.193132162094116,-2021.8660121832,-4434.21937876395,-52.05180454147862,-0.011602465034921794,CLOSE
2013-07-19,BIL,SELL,73.14802551269531,-0.07001751133102949,-5.121642705177578,-0.0010789010099536733,-0.00021061090039531383,REDUCE
2013-07-19,XLY,SELL,25.7188720703125,-0.6142864873813997,-15.798755583483853,3.474551143628603,0.28192904139047315,REDUCE
2013-07-19,GLD,SELL,125.11000061035156,-0.1807233716796353,-22.610301141143964,-4.70729994684627,-0.1723174714970036,REDUCE
2013-07-19,XLC,BUY,20.5938,0.1353,2.79,0.0,0.0,ADD
2013-07-19,SMH,BUY,16.736,1.1654,19.5,0.0,0.0,ADD
2013-07-19,SHV,BUY,87.3491,29.2808,2557.65,0.0,0.0,ADD
2013-07-19,TQQQ,BUY,0.755,2513.1306,1897.41,0.0,0.0,OPEN
2013-07-25,QQQ,SELL,67.41131591796875,-0.033793675677372514,-2.2780761471167352,0.3279025875835814,0.16814020781928618,REDUCE
2013-07-25,GLD,SELL,128.6699981689453,-0.36535303945569403,-47.009974917782756,-8.21569122255332,-0.14876581482378337,REDUCE
2013-07-25,TQQQ,SELL,0.7641063332557678,-2513.130614767473,-1920.2990190427874,22.892457206991544,0.012065130197948859,CLOSE
2013-07-25,XLC,BUY,20.6146,0.2892,5.96,0.0,0.0,ADD
2013-07-25,SMH,BUY,16.6319,1.3287,22.1,0.0,0.0,ADD
2013-07-25,SHV,BUY,87.3491,21.9901,1920.81,0.0,0.0,ADD
2013-07-25,BIL,BUY,73.1321,0.0535,3.91,0.0,0.0,ADD
2013-07-25,XLY,BUY,25.6153,0.6717,17.21,0.0,0.0,ADD
2013-07-26,XLC,SELL,20.67689399993733,-0.24973840794414195,-5.16381458877413,0.7851749780719653,0.17931938864136243,REDUCE
2013-07-26,QQQ,SELL,67.77099609375,-0.12973709339592,-8.792412049749373,1.3055126770121177,0.17437294292561245,REDUCE
2013-07-26,SHV,SELL,87.34906768798828,-51.283230335513984,-4479.542357835505,-0.04957397287322273,-1.106662696692684e-05,REDUCE
2013-07-26,XLY,SELL,25.69728660583496,-0.21655646636808187,-5.56491358260746,1.2109861791186212,0.27813651145130436,REDUCE
2013-07-26,QLD,BUY,2.2367,2004.8412,4484.13,0.0,0.0,OPEN
2013-07-26,SMH,BUY,16.5364,0.8749,14.47,0.0,0.0,ADD
2013-07-31,SMH,SELL,16.727310180664062,-135.5833508869723,-2267.9447656201996,339.99744073073896,0.1763520384304238,CLOSE
2013-07-31,BIL,SELL,73.14802551269531,-13.786082245630695,-1008.42469582351,-0.2107520953808399,-0.00020894773807100808,CLOSE
2013-07-31,XLC,BUY,20.6512,0.5282,10.91,0.0,0.0,ADD
2013-07-31,QLD,BUY,2.2612,433.259,979.67,0.0,0.0,ADD
2013-07-31,QQQ,BUY,68.1307,32.9804,2246.97,0.0,0.0,ADD
2013-07-31,SHV,BUY,87.357,0.077,6.73,0.0,0.0,ADD
2013-07-31,XLY,BUY,25.6325,0.5373,13.77,0.0,0.0,ADD
2013-07-31,GLD,BUY,127.96,0.1468,18.78,0.0,0.0,ADD
2013-08-09,QLD,SELL,2.3037705421447754,-21.727704883084773,-50.055646458065894,1.3636757932531969,0.02800617380307968,REDUCE
2013-08-09,SHV,SELL,87.34906768798828,-21.894740247095996,-1912.4851478545095,-0.02170003388476143,-1.1346382319477044e-05,CLOSE
2013-08-09,XLY,SELL,25.939062118530273,-0.19070516578019858,-4.9467131414971846,1.1060820416420343,0.2879948666987959,REDUCE
2013-08-09,QQQ,BUY,68.7781,0.0156,1.08,0.0,0.0,ADD
2013-08-09,GLD,BUY,126.86,0.2768,35.11,0.0,0.0,ADD
2013-08-09,TQQQ,BUY,0.8116,2379.5204,1931.3,0.0,0.0,OPEN
2013-08-13,QLD,SELL,2.33809494972229,-11.258925825843756,-26.32443761270315,1.093089480021166,0.043322674407765493,REDUCE
2013-08-13,TQQQ,SELL,0.8302497267723083,-2379.520403670912,-1975.5961649969074,44.29620822868895,0.022935954652436807,CLOSE
2013-08-13,XLC,BUY,20.9791,0.4454,9.34,0.0,0.0,ADD
2013-08-13,QQQ,BUY,69.3266,0.1331,9.23,0.0,0.0,ADD
2013-08-13,SHV,BUY,87.357,22.3333,1950.97,0.0,0.0,OPEN
2013-08-13,XLY,BUY,25.9045,1.0089,26.13,0.0,0.0,ADD
2013-08-13,GLD,BUY,127.74,0.0489,6.25,0.0,0.0,ADD
2013-08-15,SHV,SELL,87.35697937011719,-22.333303354966418,-1950.9699204463705,0.0,0.0,CLOSE
2013-08-15,GLD,SELL,131.69000244140625,-0.7559045299440114,-99.5450693937969,-14.157202100549103,-0.12451116336099832,REDUCE
2013-08-15,XLC,BUY,20.5037,0.2862,5.87,0.0,0.0,ADD
2013-08-15,QLD,BUY,2.2446,49.7999,111.78,0.0,0.0,ADD
2013-08-15,QQQ,BUY,67.8969,0.0326,2.22,0.0,0.0,ADD
2013-08-15,XLY,BUY,25.1706,0.7507,18.9,0.0,0.0,ADD
2013-08-15,TQQQ,BUY,0.7799,2451.4357,1911.75,0.0,0.0,OPEN
2013-08-22,QLD,SELL,2.279557704925537,-11.222025779140532,-25.581255329712803,0.43177839278891794,0.017168484015466445,REDUCE
2013-08-22,TQQQ,SELL,0.7989603281021118,-2451.4357098795404,-1958.599879086591,46.84670295597251,0.02450457702431552,CLOSE
2013-08-22,XLC,BUY,20.5378,1.0142,20.83,0.0,0.0,ADD
2013-08-22,QQQ,BUY,68.4814,0.1406,9.63,0.0,0.0,ADD
2013-08-22,SHV,BUY,87.3411,22.1274,1932.63,0.0,0.0,OPEN
2013-08-22,XLY,BUY,25.2612,0.6518,16.46,0.0,0.0,ADD
2013-08-22,GLD,BUY,132.81,0.0348,4.62,0.0,0.0,ADD
2013-08-30,QQQ,SELL,67.86095428466797,-0.0453148161486795,-3.0751066670836735,0.20384533890121248,0.0709950490749125,REDUCE
2013-08-30,SHV,SELL,87.35697937011719,-22.12742777408496,-1932.985251574498,0.35046798751068403,0.00018134206756870164,CLOSE
2013-08-30,GLD,SELL,134.6199951171875,-0.33621062949327013,-45.26067330073056,-5.297574301791132,-0.10478160444641094,REDUCE
2013-08-30,XLC,BUY,20.2504,0.4717,9.55,0.0,0.0,ADD
2013-08-30,QLD,BUY,2.2376,21.4796,48.06,0.0,0.0,ADD
2013-08-30,XLY,BUY,24.9029,0.4013,9.99,0.0,0.0,ADD
2013-08-30,TQQQ,BUY,0.7763,2465.2168,1913.71,0.0,0.0,OPEN
2013-09-03,QLD,SELL,2.260863780975342,-455.4608970736066,-1029.7350458442552,9.023881628933154,0.008840778807264638,REDUCE
2013-09-03,TQQQ,SELL,0.7890585660934448,-17.915156079099347,-14.136107367114391,0.22882454372586006,0.016453576635475864,REDUCE
2013-09-03,XLC,BUY,20.3321,0.5575,11.34,0.0,0.0,ADD
2013-09-03,QQQ,BUY,68.2476,0.2057,14.04,0.0,0.0,ADD
2013-09-03,XLY,BUY,25.0799,0.1758,4.41,0.0,0.0,ADD
2013-09-03,GLD,BUY,136.42,7.4336,1014.09,0.0,0.0,ADD
2013-09-04,QLD,SELL,2.3117380142211914,-20.584701965893533,-47.58643804596977,1.4550681662915088,0.03154183736764549,REDUCE
2013-09-04,TQQQ,SELL,0.8148032426834106,-2447.3015961909464,-1994.0692764006699,94.2635866213403,0.049617488319181335,CLOSE
2013-09-04,XLC,BUY,20.5359,0.2219,4.56,0.0,0.0,ADD
2013-09-04,QQQ,BUY,68.9759,0.0827,5.7,0.0,0.0,ADD
2013-09-04,SHV,BUY,87.3649,22.3693,1954.29,0.0,0.0,OPEN
2013-09-04,XLY,BUY,25.3433,0.137,3.47,0.0,0.0,ADD
2013-09-04,GLD,BUY,134.66,0.5468,73.63,0.0,0.0,ADD
2013-09-25,XLC,SELL,21.08573452551532,-0.7361574577948872,-15.52242072404124,2.5458174929822683,0.19618519944333035,REDUCE
2013-09-25,QLD,SELL,2.438619375228882,-65.7364386963322,-160.30615306342133,12.98743195209229,0.08815873402999252,REDUCE
2013-09-25,QQQ,SELL,70.85150909423828,-0.43034621020391645,-30.490678425933766,3.2126038614101713,0.11777238359734943,REDUCE
2013-09-25,SHV,SELL,87.372802734375,-22.369322672358734,-1954.4704171535818,0.17732029919876652,9.073372846901684e-05,CLOSE
2013-09-25,XLY,SELL,26.101795196533203,-0.8726201098009565,-22.776951390400882,5.0451749459062984,0.2845273265033037,REDUCE
2013-09-25,GLD,BUY,128.79,1.4764,190.14,0.0,0.0,ADD
2013-09-25,TQQQ,BUY,0.8817,2260.793,1993.43,0.0,0.0,OPEN
2013-09-26,QLD,SELL,2.4747824668884277,-11.654528910462068,-28.842423807455816,2.7240284654812013,0.10429539907849716,REDUCE
2013-09-26,XLY,SELL,26.348602294921875,-0.06902114863526464,-1.8186107953292776,0.4160903127083722,0.2966732520945574,REDUCE
2013-09-26,TQQQ,SELL,0.9019367694854736,-2260.7929561560436,-2039.092295350896,45.666567332671015,0.022908587308176687,CLOSE
2013-09-26,XLC,BUY,21.2246,0.2316,4.92,0.0,0.0,ADD
2013-09-26,QQQ,BUY,71.4016,0.0556,3.97,0.0,0.0,ADD
2013-09-26,SHV,BUY,87.3728,23.0132,2010.73,0.0,0.0,OPEN
2013-09-26,GLD,BUY,127.79,0.3923,50.14,0.0,0.0,ADD
2013-09-30,XLC,SELL,21.05526467501637,-111.45403482732907,-2346.694202387906,381.2069909466295,0.1939503796959805,CLOSE
2013-09-30,QQQ,SELL,71.14008331298828,-0.030739588398616652,-2.1868168796845566,0.23812295583432308,0.12219618120625086,REDUCE
2013-09-30,SHV,SELL,87.36487579345703,-0.09371734563651771,-8.187604261226852,-0.0007428918618495323,-9.072549660638085e-05,REDUCE
2013-09-30,XLY,SELL,26.253345489501953,-0.049326576333756214,-1.2949876503043924,0.29266394208505236,0.29198545308778456,REDUCE
2013-09-30,GLD,SELL,128.17999267578125,-8.443272396329975,-1082.2585939212022,-133.7061002942935,-0.10995886716970571,REDUCE
2013-09-30,QLD,BUY,2.4515,10.13,24.83,0.0,0.0,ADD
2013-09-30,SMH,BUY,17.2999,136.1692,2355.72,0.0,0.0,OPEN
2013-09-30,USD,BUY,0.4334,2446.1776,1060.07,0.0,0.0,OPEN
2013-10-03,SMH,SELL,17.412715911865234,-1.0476693271718447,-18.242768363618325,0.11816773540936858,0.006519742853006827,REDUCE
2013-10-03,SHV,SELL,87.34906768798828,-22.919495039544792,-2001.9965235837096,-0.5439952779237659,-0.00027165256972327967,CLOSE
2013-10-03,USD,SELL,0.4356241524219513,-15.700570961546228,-6.839547917664277,0.035568910903123835,0.00522766323467172,REDUCE
2013-10-03,QLD,BUY,2.446,1.9764,4.83,0.0,0.0,ADD
2013-10-03,QQQ,BUY,70.9958,0.0493,3.5,0.0,0.0,ADD
2013-10-03,XLY,BUY,26.1581,0.2165,5.66,0.0,0.0,ADD
2013-10-03,GLD,BUY,127.18,0.1036,13.17,0.0,0.0,ADD
2013-10-03,TQQQ,BUY,0.8852,2259.2638,1999.91,0.0,0.0,OPEN
2013-10-04,QLD,SELL,2.4867351055145264,-10.670774465848133,-26.53538946725257,2.607567726453728,0.10897639386905067,REDUCE
2013-10-04,USD,SELL,0.4416319727897644,-6.6305305814409135,-2.928254301324614,0.05485619431915632,0.019091052571314382,REDUCE
2013-10-04,TQQQ,SELL,0.907976508140564,-2259.2637743996515,-2051.3584328478664,51.45108385920361,0.025726733733551166,CLOSE
2013-10-04,SMH,BUY,17.5125,0.7115,12.46,0.0,0.0,ADD
2013-10-04,QQQ,BUY,71.6091,0.1451,10.39,0.0,0.0,ADD
2013-10-04,SHV,BUY,87.357,23.1459,2021.96,0.0,0.0,OPEN
2013-10-04,XLY,BUY,26.4049,0.1417,3.74,0.0,0.0,ADD
2013-10-04,GLD,BUY,126.53,0.255,32.27,0.0,0.0,ADD
2013-10-08,SMH,SELL,17.17412757873535,-1.04735871199919,-17.987472140574027,-0.13292099400969842,-0.007335436545027885,REDUCE
2013-10-08,SHV,SELL,87.34906768798828,-23.145918333927014,-2021.7743872508397,-0.18312314843965388,-9.056725846012803e-05,CLOSE
2013-10-08,GLD,SELL,127.4000015258789,-0.5357820259241929,-68.25863092028067,-8.694470250572381,-0.1129840138770849,REDUCE
2013-10-08,QLD,BUY,2.3543,53.2644,125.4,0.0,0.0,ADD
2013-10-08,QQQ,BUY,69.643,0.0362,2.52,0.0,0.0,ADD
2013-10-08,USD,BUY,0.4274,13.6616,5.84,0.0,0.0,ADD
2013-10-08,XLY,BUY,25.6211,0.2599,6.66,0.0,0.0,ADD
2013-10-08,TQQQ,BUY,0.8354,2355.2869,1967.6,0.0,0.0,OPEN
2013-10-10,QLD,SELL,2.434021472930908,-21.477926822112,-52.27773507905931,4.051142519888796,0.08400225487459734,REDUCE
2013-10-10,USD,SELL,0.44468599557876587,-42.188982178891685,-18.76084954267526,0.47930768663628165,0.026218121557288088,REDUCE
2013-10-10,TQQQ,SELL,0.878667950630188,-2355.286889822828,-2069.515104626774,101.91352535728583,0.051795813965103354,CLOSE
2013-10-10,SMH,BUY,17.5082,0.4104,7.19,0.0,0.0,ADD
2013-10-10,QQQ,BUY,70.8966,0.2751,19.5,0.0,0.0,ADD
2013-10-10,SHV,BUY,87.3332,23.0379,2011.98,0.0,0.0,OPEN
2013-10-10,XLY,BUY,26.0975,0.3515,9.17,0.0,0.0,ADD
2013-10-10,GLD,BUY,124.27,0.7461,92.72,0.0,0.0,ADD
2013-10-31,SMH,SELL,17.85953140258789,-135.1960348009736,-2414.5378290333533,75.42105621050038,0.0322433907903974,CLOSE
2013-10-31,USD,SELL,0.4717700481414795,-2395.3190662891034,-1130.039791217414,92.08809133398191,0.08872097935224144,CLOSE
2013-10-31,XLC,BUY,22.0687,113.1423,2496.9,0.0,0.0,OPEN
2013-10-31,QLD,BUY,2.6982,322.2557,869.51,0.0,0.0,ADD
2013-10-31,QQQ,BUY,74.6664,0.0991,7.4,0.0,0.0,ADD
2013-10-31,SHV,BUY,87.3491,1.2595,110.02,0.0,0.0,ADD
2013-10-31,XLY,BUY,27.4571,0.2384,6.55,0.0,0.0,ADD
2013-10-31,GLD,BUY,127.74,0.4243,54.2,0.0,0.0,ADD
2013-11-01,XLC,SELL,22.098038290316616,-0.15548739997050887,-3.43596651821008,0.004569160505593434,0.0013315742915445128,REDUCE
2013-11-01,QLD,SELL,2.6991214752197266,-0.8725317862991421,-2.3550692822118435,0.33972812425630344,0.1685710247692953,REDUCE
2013-11-01,QQQ,SELL,74.68445587158203,-0.017674753162653517,-1.3200293226173017,0.1981414907108427,0.1766143504508242,REDUCE
2013-11-01,SHV,SELL,87.34114074707031,-24.297485938346277,-2122.170139141064,0.1724603723234582,8.127264890478436e-05,CLOSE
2013-11-01,XLY,SELL,27.522064208984375,-0.21866812838156585,-6.018198269775894,1.5574287364366883,0.3491390274249029,REDUCE
2013-11-01,GLD,BUY,126.95,0.1026,13.03,0.0,0.0,ADD
2013-11-01,TQQQ,BUY,1.0226,2075.2894,2122.27,0.0,0.0,OPEN
2013-11-04,XLC,SELL,22.17895199527475,-0.14732445565933522,-3.2675020297983792,0.016249851354481662,0.004998028594096704,REDUCE
2013-11-04,XLY,SELL,27.617324829101562,-0.10020206388414662,-2.7673129468348634,0.7232184687765278,0.3538087287743694,REDUCE
2013-11-04,TQQQ,SELL,1.0275883674621582,-2075.289414767831,-2132.5432617327733,10.275005729621927,0.0048415207175425135,CLOSE
2013-11-04,QQQ,BUY,74.7927,0.0558,4.17,0.0,0.0,ADD
2013-11-04,SHV,BUY,87.3411,24.3558,2127.26,0.0,0.0,OPEN
2013-11-04,GLD,BUY,126.81,0.0563,7.14,0.0,0.0,ADD
2013-11-07,XLC,SELL,21.859021010726828,-0.6602774611225153,-14.433018895586429,-0.13841477606383865,-0.009499049934471038,REDUCE
2013-11-07,QLD,SELL,2.6102447509765625,-1843.5988226210497,-4812.244149653166,553.9688130653163,0.13009229541958423,REDUCE
2013-11-07,QQQ,SELL,73.44892120361328,-0.14029399647518923,-10.304442692446173,1.397985346194309,0.15696312145733549,REDUCE
2013-11-07,GLD,SELL,126.16000366210938,-0.2525255336084989,-31.858622244824346,-4.0520635043709925,-0.1128372633335688,REDUCE
2013-11-07,SHV,BUY,87.3411,31.7948,2776.99,0.0,0.0,ADD
2013-11-07,XLY,BUY,26.9765,0.2795,7.54,0.0,0.0,ADD
2013-11-07,TQQQ,BUY,0.973,2142.0781,2084.31,0.0,0.0,OPEN
2013-11-08,XLC,SELL,22.13028131928944,-0.17926510725128403,-3.967187254203509,0.011047943446892347,0.0027926072817641145,REDUCE
2013-11-08,QLD,SELL,2.680734157562256,-6.673767485649226,-17.890596458408254,2.475778908319454,0.16061032835936428,REDUCE
2013-11-08,QQQ,SELL,74.44095611572266,-0.16543877321740033,-12.31542045691549,1.8126661402858926,0.17258959751308245,REDUCE
2013-11-08,XLY,SELL,27.40514373779297,-0.45624347908617874,-12.503418123787469,3.1869504486046343,0.34207712190039774,REDUCE
2013-11-08,TQQQ,SELL,1.0114489793777466,-2142.078073022343,-2166.602680705899,82.29472768107361,0.03948299845118597,CLOSE
2013-11-08,SHV,BUY,87.3411,24.7275,2159.73,0.0,0.0,ADD
2013-11-08,GLD,BUY,124.28,0.4309,53.55,0.0,0.0,ADD
2013-11-13,XLC,SELL,22.440627251837952,-0.808616979886237,-18.145872235133993,0.30078531038711737,0.0168553569761547,REDUCE
2013-11-13,QQQ,SELL,75.34285736083984,-0.3294441970125534,-24.82126714387323,3.906753605288507,0.1867962933051741,REDUCE
2013-11-13,SHV,SELL,87.35697937011719,-56.599246716856065,-4944.3392278085685,0.8964541334853606,0.00018134206756870164,REDUCE
2013-11-13,XLY,SELL,27.833831787109375,-0.7961092749375328,-22.158771642768897,5.902262419394765,0.3630707145238967,REDUCE
2013-11-13,QLD,BUY,2.7451,1810.9047,4971.1,0.0,0.0,ADD
2013-11-13,GLD,BUY,122.85,0.3123,38.36,0.0,0.0,ADD
2013-11-15,QLD,SELL,2.7708370685577393,-1818.8131459370663,-5039.63488554254,194.75266483512962,0.040197605630688305,REDUCE
2013-11-15,XLY,SELL,28.12394142150879,-0.28471659113033837,-8.007352730681305,2.1934550215745174,0.37727788332751855,REDUCE
2013-11-15,GLD,SELL,124.31999969482422,-0.08107012233821925,-10.07863758434678,-1.385377018267979,-0.12084571298016289,REDUCE
2013-11-15,XLC,BUY,22.551,0.2541,5.73,0.0,0.0,ADD
2013-11-15,QQQ,BUY,75.7216,0.1333,10.09,0.0,0.0,ADD
2013-11-15,SHV,BUY,87.3491,57.7212,5041.9,0.0,0.0,ADD
2013-11-20,SHV,SELL,87.35697937011719,-25.1829612635418,-2199.907427577681,0.2583447552946397,0.00011744816812475634,REDUCE
2013-11-20,XLC,BUY,22.2381,0.1505,3.35,0.0,0.0,ADD
2013-11-20,QLD,BUY,2.6908,6.8623,18.47,0.0,0.0,ADD
2013-11-20,QQQ,BUY,74.5853,0.1537,11.47,0.0,0.0,ADD
2013-11-20,XLY,BUY,27.639,0.4276,11.82,0.0,0.0,ADD
2013-11-20,GLD,BUY,120.12,0.3778,45.38,0.0,0.0,ADD
2013-11-20,TQQQ,BUY,1.0165,2075.1944,2109.43,0.0,0.0,OPEN
2013-11-21,XLC,SELL,22.44809590496626,-0.0515778258447221,-1.157823981131969,0.019502436725095072,0.01713262550543826,REDUCE
2013-11-21,QLD,SELL,2.7417211532592773,-4.045010273903712,-11.09029023311291,0.31354087445076306,0.02909419751872999,REDUCE
2013-11-21,QQQ,SELL,75.34285736083984,-0.07200124189869725,-5.4247792981768725,0.8499314109311942,0.1857835346396406,REDUCE
2013-11-21,XLY,SELL,27.924758911132812,-0.12123550755134457,-3.385472319840119,0.9056815118396863,0.3652249653147066,REDUCE
2013-11-21,TQQQ,SELL,1.0475890636444092,-2075.1944193356867,-2173.9509786319754,64.51957003027452,0.030586237489012902,CLOSE
2013-11-21,SHV,BUY,87.357,24.874,2172.91,0.0,0.0,ADD
2013-11-21,GLD,BUY,119.94,0.1842,22.09,0.0,0.0,ADD
2013-11-26,QQQ,SELL,76.32591247558594,-0.3781148010586038,-28.85995721132258,4.835125789761063,0.2012553472246923,REDUCE
2013-11-26,SHV,SELL,87.35697937011719,-57.16094296796508,-4993.4073156289705,0.4078464302679191,8.168365183780502e-05,REDUCE
2013-11-26,XLY,SELL,28.27117156982422,-0.49488879237190153,-13.991085957129144,3.8684683915901488,0.3821608755387338,REDUCE
2013-11-26,QLD,BUY,2.8144,1783.6725,5019.89,0.0,0.0,ADD
2013-11-26,GLD,BUY,119.82,0.1366,16.37,0.0,0.0,ADD
2013-12-13,QLD,SELL,2.827227830886841,-11.866063586705744,-33.548065215407405,0.4863718319312235,0.014711038127717568,REDUCE
2013-12-13,QQQ,SELL,76.52427673339844,-0.21069442665074115,-16.123238611206034,2.7360396240865805,0.20437730302799495,REDUCE
2013-12-13,SHV,SELL,87.35697937011719,-24.530099950096364,-2142.8754352874807,0.17502359442126295,8.168365183780502e-05,CLOSE
2013-12-13,XLC,BUY,22.4374,0.7174,16.1,0.0,0.0,ADD
2013-12-13,XLY,BUY,27.9204,1.0427,29.11,0.0,0.0,ADD
2013-12-13,GLD,BUY,119.38,0.0528,6.3,0.0,0.0,ADD
2013-12-13,TQQQ,BUY,1.0953,1954.7214,2141.04,0.0,0.0,OPEN
2013-12-18,QLD,SELL,2.914266586303711,-21.07139410958099,-61.40765978038871,2.69771219559253,0.04594983144374565,REDUCE
2013-12-18,TQQQ,SELL,1.1453182697296143,-1954.721437518295,-2238.778174621838,97.74157117042529,0.04565151806039336,CLOSE
2013-12-18,XLC,BUY,22.845,0.2946,6.73,0.0,0.0,ADD
2013-12-18,QQQ,BUY,77.6877,0.3378,26.24,0.0,0.0,ADD
2013-12-18,SHV,BUY,87.3649,25.0174,2185.65,0.0,0.0,OPEN
2013-12-18,XLY,BUY,28.4444,0.1833,5.21,0.0,0.0,ADD
2013-12-18,GLD,BUY,117.61,0.6492,76.35,0.0,0.0,ADD
2013-12-31,XLC,SELL,23.456348617877406,-0.21162028430399552,-4.963839163248849,0.2924589507448109,0.06260653970361396,REDUCE
2013-12-31,QLD,SELL,3.0524866580963135,-435.12012175466447,-1328.1983663253568,115.84955786702211,0.09555794261417261,REDUCE
2013-12-31,QQQ,BUY,79.5811,0.0275,2.19,0.0,0.0,ADD
2013-12-31,SHV,BUY,87.3586,0.6231,54.43,0.0,0.0,ADD
2013-12-31,USD,BUY,0.5262,2253.6226,1185.84,0.0,0.0,OPEN
2013-12-31,XLY,BUY,29.054,0.301,8.74,0.0,0.0,ADD
2013-12-31,GLD,BUY,116.12,0.7058,81.96,0.0,0.0,ADD
2014-01-03,SHV,SELL,87.35856628417969,-25.640509475373513,-2239.9181465645543,-0.157847777523069,-7.04653672115585e-05,CLOSE
2014-01-03,XLY,SELL,28.84092140197754,-0.35591458928699776,-10.26490469544342,2.9384584634560285,0.40107555155822583,REDUCE
2014-01-03,GLD,SELL,119.29000091552734,-0.7234218776665661,-86.29699644915718,-14.148105705892208,-0.14085411236929068,REDUCE
2014-01-03,QLD,BUY,2.963,32.1766,95.34,0.0,0.0,ADD
2014-01-03,QQQ,BUY,78.3869,0.2351,18.42,0.0,0.0,ADD
2014-01-03,USD,BUY,0.5164,16.8365,8.69,0.0,0.0,ADD
2014-01-03,TQQQ,BUY,1.174,1885.8257,2214.02,0.0,0.0,OPEN
2014-01-07,QLD,SELL,2.9924182891845703,-7.805405596820728,-23.357038462429955,1.584069331660577,0.07275394192434614,REDUCE
2014-01-07,TQQQ,SELL,1.1916580200195312,-1885.8257056915954,-2247.259326546382,33.238079120183954,0.01501253845635997,CLOSE
2014-01-07,XLC,BUY,23.2835,0.1731,4.03,0.0,0.0,ADD
2014-01-07,SHV,BUY,87.3506,25.4931,2226.83,0.0,0.0,OPEN
2014-01-07,USD,BUY,0.5171,9.3197,4.82,0.0,0.0,ADD
2014-01-07,XLY,BUY,28.8366,0.5058,14.59,0.0,0.0,ADD
2014-01-07,GLD,BUY,118.82,0.1712,20.34,0.0,0.0,ADD
2014-01-08,QLD,SELL,3.007741928100586,-5.6033468161502,-16.85342115662388,1.2230358110210324,0.07824732301722159,REDUCE
2014-01-08,QQQ,SELL,78.99304962158203,-0.022645704514473113,-1.7888532604274587,0.3467725060773669,0.24046677346696033,REDUCE
2014-01-08,SHV,SELL,87.35856628417969,-25.493054301049053,-2227.0366739443857,0.20208193526298499,9.074851629664593e-05,CLOSE
2014-01-08,USD,SELL,0.5285598635673523,-45.10778443045777,-23.842164384388298,0.11171933038450858,0.004707848088405742,REDUCE
2014-01-08,XLC,BUY,23.2519,0.3674,8.54,0.0,0.0,ADD
2014-01-08,XLY,BUY,28.7583,0.4207,12.1,0.0,0.0,ADD
2014-01-08,GLD,BUY,118.12,0.1507,17.8,0.0,0.0,ADD
2014-01-08,TQQQ,BUY,1.2006,1858.3477,2231.08,0.0,0.0,OPEN
2014-01-09,XLC,SELL,23.174744780571277,-0.15527340926606595,-3.59842163095027,0.16997897134272558,0.0495790620462595,REDUCE
2014-01-09,QQQ,SELL,78.7306900024414,-0.0842625713248404,-6.634050381784618,1.2682013157092513,0.23634681111834288,REDUCE
2014-01-09,XLY,SELL,28.753986358642578,-0.4141401722072185,-11.908180862212248,3.3486278166201973,0.3912152654214409,REDUCE
2014-01-09,GLD,SELL,118.45999908447266,-0.14249593564447163,-16.880068405985185,-2.8556550024286182,-0.14469472151252305,REDUCE
2014-01-09,TQQQ,SELL,1.188192367553711,-1858.3476703001247,-2208.074518111828,-23.00059162007695,-0.010309196458581305,CLOSE
2014-01-09,QLD,BUY,2.9863,4.2987,12.84,0.0,0.0,ADD
2014-01-09,SHV,BUY,87.3586,25.4196,2220.62,0.0,0.0,OPEN
2014-01-09,USD,BUY,0.52,26.2338,13.64,0.0,0.0,ADD
2014-01-24,QQQ,SELL,78.47734069824219,-0.3313080556177817,-26.000175156788828,4.902444659501669,0.23236834218410585,REDUCE
2014-01-24,SHV,SELL,87.35063934326172,-25.41956738903933,-2220.4154632617115,-0.20149940885323991,-9.074028175071192e-05,CLOSE
2014-01-24,GLD,SELL,122.29000091552734,-0.743216203588525,-90.88791021727548,-12.04772342262727,-0.1170413295824605,REDUCE
2014-01-24,XLC,BUY,22.6698,1.52,34.46,0.0,0.0,ADD
2014-01-24,QLD,BUY,2.9596,0.584,1.73,0.0,0.0,ADD
2014-01-24,USD,BUY,0.5076,35.0104,17.77,0.0,0.0,ADD
2014-01-24,XLY,BUY,27.6062,2.9638,81.82,0.0,0.0,ADD
2014-01-24,TQQQ,BUY,1.1712,1879.7802,2201.53,0.0,0.0,OPEN
2014-01-31,XLC,SELL,22.449985324722974,-0.10077244170310465,-2.2623398373712007,0.03648983887968869,0.01639366484912208,REDUCE
2014-01-31,QQQ,SELL,78.05210876464844,-0.31631018039273684,-24.688676603379463,4.546012317627411,0.22569071564395982,REDUCE
2014-01-31,USD,SELL,0.5045886039733887,-2295.915205650248,-1158.4926484603343,-48.544006144789776,-0.04021750786074574,CLOSE
2014-01-31,XLY,SELL,27.310625076293945,-93.82041057165556,-2562.29405762645,602.6276150224896,0.30751540258133514,CLOSE
2014-01-31,TQQQ,SELL,1.150763988494873,-1879.7802192150393,-2163.1833825576655,-38.34177912093779,-0.017416007678832668,CLOSE
2014-01-31,SHV,BUY,87.3506,24.9369,2178.25,0.0,0.0,OPEN
2014-01-31,XLK,BUY,14.9623,171.2743,2562.65,0.0,0.0,OPEN
2014-01-31,GLD,BUY,120.09,9.7387,1169.53,0.0,0.0,ADD
2014-02-03,SHV,SELL,87.3744125366211,-24.936883105435474,-2178.845511831816,0.5928293438456492,0.0002721582067184425,CLOSE
2014-02-03,GLD,SELL,121.31999969482422,-0.8417436107743839,-102.12033460226849,-9.021145845410102,-0.08116812740907242,REDUCE
2014-02-03,XLC,BUY,21.9198,0.3746,8.21,0.0,0.0,ADD
2014-02-03,QLD,BUY,2.7966,45.0529,125.99,0.0,0.0,ADD
2014-02-03,QQQ,BUY,76.2607,0.1579,12.04,0.0,0.0,ADD
2014-02-03,XLK,BUY,14.6486,0.0969,1.42,0.0,0.0,ADD
2014-02-03,TQQQ,BUY,1.0745,1985.8059,2133.79,0.0,0.0,OPEN
2014-02-04,QLD,SELL,2.8342771530151367,-9.376765473007826,-26.57635214932725,0.41350619732582833,0.015805092384997055,REDUCE
2014-02-04,TQQQ,SELL,1.0955134630203247,-1985.8058529028451,-2175.4770467996254,41.684933523155344,0.01953561139522053,CLOSE
2014-02-04,QQQ,BUY,76.8217,0.0502,3.86,0.0,0.0,ADD
2014-02-04,SHV,BUY,87.3586,24.6256,2151.26,0.0,0.0,OPEN
2014-02-04,XLK,BUY,14.7044,0.7464,10.98,0.0,0.0,ADD
2014-02-04,GLD,BUY,120.99,0.2942,35.59,0.0,0.0,ADD
2014-02-28,XLC,SELL,23.661868832713242,-114.52389907163654,-2709.8494780439537,180.3218394231251,0.07128676384870092,CLOSE
2014-02-28,GLD,SELL,127.62000274658203,-9.05366997151465,-1155.429386631347,-38.91004320595146,-0.03257871442061666,REDUCE
2014-02-28,QLD,BUY,3.2284,280.9616,907.06,0.0,0.0,ADD
2014-02-28,SMH,BUY,19.2368,141.5804,2723.56,0.0,0.0,OPEN
2014-02-28,QQQ,BUY,82.0737,0.4427,36.33,0.0,0.0,ADD
2014-02-28,SHV,BUY,87.3664,1.8723,163.57,0.0,0.0,ADD
2014-02-28,XLK,BUY,15.6197,2.2492,35.13,0.0,0.0,ADD
2014-03-03,SHV,SELL,87.35063934326172,-26.497879024561218,-2314.6066740358265,-0.22477414299065857,-9.710173203647532e-05,CLOSE
2014-03-03,GLD,SELL,130.2899932861328,-0.4806828487037702,-62.62816513037342,-0.7824165740295371,-0.012338896017022538,REDUCE
2014-03-03,QLD,BUY,3.1812,17.8031,56.64,0.0,0.0,ADD
2014-03-03,QQQ,BUY,81.465,0.0795,6.48,0.0,0.0,ADD
2014-03-03,XLK,BUY,15.4521,0.8104,12.52,0.0,0.0,ADD
2014-03-03,TQQQ,BUY,1.2989,1771.3796,2300.83,0.0,0.0,OPEN
2014-03-04,QLD,SELL,3.2624220848083496,-17.342467948465682,-56.57845044015539,7.107690524364508,0.14367457739608636,REDUCE
2014-03-04,TQQQ,SELL,1.3511722087860107,-1771.3795699256837,-2393.4388460949,92.60826740348791,0.040249928987017514,CLOSE
2014-03-04,SMH,BUY,19.3646,0.5793,11.22,0.0,0.0,ADD
2014-03-04,QQQ,BUY,82.5007,0.2601,21.46,0.0,0.0,ADD
2014-03-04,SHV,BUY,87.3506,26.7879,2339.94,0.0,0.0,OPEN
2014-03-04,XLK,BUY,15.6541,0.6792,10.63,0.0,0.0,ADD
2014-03-04,GLD,BUY,128.68,0.5249,67.54,0.0,0.0,ADD
2014-03-11,SMH,SELL,19.452774047851562,-1.2811904945826325,-24.92270920337114,0.2759985211800274,0.011198188867427739,REDUCE
2014-03-11,SHV,SELL,87.35063934326172,-26.7879064051024,-2339.9407511531504,0.0,0.0,CLOSE
2014-03-11,XLK,SELL,15.58962631225586,-0.06776323831782456,-1.0564035630832223,0.04169431964508556,0.041089918037814366,REDUCE
2014-03-11,GLD,SELL,129.86000061035156,-0.24635013159295627,-31.99102823902149,-0.4838946850244166,-0.014900564541944439,REDUCE
2014-03-11,QLD,BUY,3.2195,18.1209,58.34,0.0,0.0,ADD
2014-03-11,QQQ,BUY,81.9647,0.124,10.16,0.0,0.0,ADD
2014-03-11,TQQQ,BUY,1.3238,1759.5789,2329.41,0.0,0.0,OPEN
2014-03-14,QLD,SELL,3.106733560562134,-1696.8999330425345,-5271.81597089888,425.8645091830727,0.08788047353497164,REDUCE
2014-03-14,SMH,SELL,19.24123764038086,-1.4610223342913622,-28.111877932004063,0.005679106957890098,0.00020205887652191556,REDUCE
2014-03-14,QQQ,SELL,80.55648040771484,-0.24870744668666717,-20.034996556267288,4.119423332352897,0.25882971818841827,REDUCE
2014-03-14,XLK,SELL,15.31032657623291,-0.5757621885971651,-8.815107137669202,0.19345284110885036,0.022438018790202463,REDUCE
2014-03-14,GLD,SELL,133.10000610351562,-0.8064957105360345,-107.34458399480536,1.028886621822036,0.009677654826572235,REDUCE
2014-03-14,SHV,BUY,87.3586,61.4151,5365.13,0.0,0.0,OPEN
2014-03-14,TQQQ,BUY,1.2555,56.5422,70.99,0.0,0.0,ADD
2014-03-18,SMH,SELL,19.681941986083984,-0.6673950280773785,-13.135630224419856,0.296718105332906,0.023110844795938057,REDUCE
2014-03-18,QQQ,SELL,82.24630737304688,-0.1791755580565515,-14.73652802165634,3.270519455465532,0.285236090360959,REDUCE
2014-03-18,SHV,SELL,87.35856628417969,-34.843644509260145,-3043.890828444596,0.0,0.0,REDUCE
2014-03-18,XLK,SELL,15.69275951385498,-1.1916885279371479,-18.700881484337515,0.8561415543254105,0.047977250309236164,REDUCE
2014-03-18,TQQQ,SELL,1.3353301286697388,-1816.1210886889978,-2425.1212070389056,24.72394443215125,0.01029993860487144,CLOSE
2014-03-18,QLD,BUY,3.2391,1677.0055,5432.04,0.0,0.0,ADD
2014-03-18,GLD,BUY,130.62,0.6396,83.55,0.0,0.0,ADD
2014-03-20,QLD,SELL,3.221048593521118,-1684.8685719530272,-5427.043543957233,91.04059326836585,0.017061571012926935,REDUCE
2014-03-20,SMH,SELL,19.990432739257812,-2.4354185402139836,-48.685070520089084,1.8340702945118879,0.039146875961692196,REDUCE
2014-03-20,XLK,SELL,15.748620986938477,-0.9907540305915112,-15.603009719067359,0.7671297084399177,0.051707732058387856,REDUCE
2014-03-20,QQQ,BUY,82.0283,0.0306,2.51,0.0,0.0,ADD
2014-03-20,SHV,BUY,87.3664,62.3211,5444.77,0.0,0.0,ADD
2014-03-20,GLD,BUY,127.86,0.3445,44.05,0.0,0.0,ADD
2014-03-24,SHV,SELL,87.3664321899414,-27.19237315891235,-2375.7006256716986,0.0639359966340779,2.6913204747236463e-05,REDUCE
2014-03-24,XLK,SELL,15.656702995300293,-0.8829891352999215,-13.824698639467897,0.6025259734871676,0.04556936206387663,REDUCE
2014-03-24,QLD,BUY,3.0899,11.8318,36.56,0.0,0.0,ADD
2014-03-24,SMH,BUY,19.7172,0.3812,7.52,0.0,0.0,ADD
2014-03-24,QQQ,BUY,80.331,0.6139,49.31,0.0,0.0,ADD
2014-03-24,GLD,BUY,126.18,0.0409,5.16,0.0,0.0,ADD
2014-03-24,TQQQ,BUY,1.243,1843.0299,2290.97,0.0,0.0,OPEN
2014-03-31,QLD,SELL,3.0478906631469727,-392.52944957735696,-1196.3868443770466,-45.846882026989135,-0.03690680831835458,CLOSE
2014-03-31,SMH,SELL,20.10061264038086,-3.1316984648369024,-62.94905774816198,2.6992856106223577,0.044801590360547205,REDUCE
2014-03-31,SHV,SELL,87.3744125366211,-0.2468443259566694,-21.5678779684622,0.0025502953761532524,0.00011825905985829444,REDUCE
2014-03-31,XLK,SELL,15.686907768249512,-1.0032199552928267,-15.737418909945973,0.7148700013077728,0.04758646523005905,REDUCE
2014-03-31,QQQ,BUY,79.8302,0.1452,11.59,0.0,0.0,ADD
2014-03-31,USD,BUY,0.6052,1996.1411,1208.13,0.0,0.0,OPEN
2014-03-31,GLD,BUY,123.61,0.305,37.7,0.0,0.0,ADD
2014-03-31,TQQQ,BUY,1.2169,32.2295,39.22,0.0,0.0,ADD
2014-04-01,SMH,SELL,20.40029525756836,-0.08845093762207995,-1.8044252432991925,0.10274518153130854,0.060378671549201846,REDUCE
2014-04-01,QQQ,SELL,81.2324447631836,-0.20353677966475342,-16.533790211393352,3.4666911351446195,0.26529921560369973,REDUCE
2014-04-01,USD,SELL,0.619075357913971,-16.857465736468207,-10.436041634326557,0.23338804059443627,0.022875229316598134,REDUCE
2014-04-01,TQQQ,SELL,1.2828510999679565,-1875.2594165053858,-2405.6786051892027,75.48617672004988,0.032394825336224065,CLOSE
2014-04-01,SHV,BUY,87.3664,27.3725,2391.44,0.0,0.0,ADD
2014-04-01,XLK,BUY,15.8725,0.4072,6.46,0.0,0.0,ADD
2014-04-01,GLD,BUY,123.39,0.2962,36.55,0.0,0.0,ADD
2014-04-07,SHV,SELL,87.3664321899414,-27.66598514887837,-2417.0784154774083,0.0450039337294489,1.861949177639488e-05,REDUCE
2014-04-07,GLD,SELL,124.91000366210938,-0.5772616910848009,-72.10575994739793,-3.7644939725786637,-0.049617521730574765,REDUCE
2014-04-07,SMH,BUY,19.7392,1.8718,36.95,0.0,0.0,ADD
2014-04-07,QQQ,BUY,77.8997,1.435,111.79,0.0,0.0,ADD
2014-04-07,USD,BUY,0.589,61.8394,36.42,0.0,0.0,ADD
2014-04-07,XLK,BUY,15.3805,2.1529,33.11,0.0,0.0,ADD
2014-04-07,TQQQ,BUY,1.1274,2014.2956,2270.91,0.0,0.0,OPEN
2014-04-14,XLK,SELL,15.341662406921387,-0.8225253413151744,-12.618906107595194,0.29626607783203485,0.024042419247535918,REDUCE
2014-04-14,GLD,SELL,127.8499984741211,-0.5468181320346639,-69.91069734625353,-1.9583200616982528,-0.027248460217317194,REDUCE
2014-04-14,TQQQ,SELL,1.0911567211151123,-2014.2956451223693,-2197.9122314881743,-72.99779709678775,-0.032144733246994295,CLOSE
2014-04-14,SMH,BUY,19.5409,0.3826,7.48,0.0,0.0,ADD
2014-04-14,QQQ,BUY,77.1895,0.1197,9.24,0.0,0.0,ADD
2014-04-14,SHV,BUY,87.3664,25.3612,2215.72,0.0,0.0,ADD
2014-04-14,USD,BUY,0.5612,85.5399,48.01,0.0,0.0,ADD
2014-04-15,SMH,SELL,19.677534103393555,-0.5970001703023357,-11.74749121085597,0.2573610499024425,0.0223984451261503,REDUCE
2014-04-15,QQQ,SELL,77.44446563720703,-0.04695759393112604,-3.636605769605012,0.6062485798241705,0.20005845577168246,REDUCE
2014-04-15,SHV,SELL,87.3744125366211,-25.654514724351017,-2241.548152952266,0.23423128785366062,0.00010450623876900877,REDUCE
2014-04-15,USD,SELL,0.5833749175071716,-75.51157944201502,-44.05156142782175,-1.4810806010936566,-0.03252788626131331,REDUCE
2014-04-15,XLK,SELL,15.419344902038574,-0.4302366299691972,-6.633966986985797,0.1883891398014536,0.0292276572043495,REDUCE
2014-04-15,GLD,BUY,125.49,0.3777,47.39,0.0,0.0,ADD
2014-04-15,TQQQ,BUY,1.102,2050.9322,2260.23,0.0,0.0,OPEN
2014-04-17,QQQ,SELL,78.4916000366211,-0.2094648284842339,-16.441229539123924,2.9236449300313336,0.2162845667017128,REDUCE
2014-04-17,USD,SELL,0.5959343910217285,-22.790062810823404,-13.581382202514988,-0.16077203991558203,-0.011699187556720836,REDUCE
2014-04-17,TQQQ,SELL,1.1454172134399414,-2050.9322002756744,-2349.1730457940107,88.94699097317361,0.03935313938331908,CLOSE
2014-04-17,SHV,BUY,87.3664,26.7592,2337.85,0.0,0.0,ADD
2014-04-17,XLK,BUY,15.5488,0.3049,4.74,0.0,0.0,ADD
2014-04-17,GLD,BUY,124.75,0.2913,36.33,0.0,0.0,ADD
2014-04-30,QQQ,SELL,79.57518005371094,-0.7119628502887206,-56.65457200327819,10.70882475324338,0.23307542904822953,REDUCE
2014-04-30,USD,SELL,0.5892099142074585,-2028.3613124147066,-1195.1305948695972,-27.948702715485247,-0.02285109622137238,CLOSE
2014-04-30,XLK,SELL,15.730060577392578,-1.5800817283444046,-24.854781304088647,1.181249540563225,0.04989747843130088,REDUCE
2014-04-30,SSO,BUY,6.2589,193.5921,1211.68,0.0,0.0,OPEN
2014-04-30,SMH,BUY,19.6863,1.6425,32.33,0.0,0.0,ADD
2014-04-30,SHV,BUY,87.3744,0.2027,17.71,0.0,0.0,ADD
2014-04-30,GLD,BUY,124.22,0.1223,15.19,0.0,0.0,ADD
2014-05-07,SMH,SELL,19.620241165161133,-0.07130654038303576,-1.399051518968463,0.026277524161962693,0.019141915756982764,REDUCE
2014-05-07,SHV,SELL,87.3744125366211,-26.433414726212675,-2309.6040830397014,0.23152531637128315,0.00010025464085350322,REDUCE
2014-05-07,GLD,SELL,124.16999816894531,-0.06405278703293996,-7.953434448595999,-0.44747545702983343,-0.053265117952303376,REDUCE
2014-05-07,SSO,BUY,6.2225,0.3774,2.35,0.0,0.0,ADD
2014-05-07,QQQ,BUY,78.8194,0.3552,27.99,0.0,0.0,ADD
2014-05-07,XLK,BUY,15.6179,0.5613,8.77,0.0,0.0,ADD
2014-05-07,TQQQ,BUY,1.1565,1971.3211,2279.85,0.0,0.0,OPEN
2014-05-12,SSO,SELL,6.348151206970215,-0.6381156293694946,-4.050854502768516,0.05698824842226601,0.014268942621763925,REDUCE
2014-05-12,SMH,SELL,19.98603057861328,-0.24276480092623337,-4.851904734722666,0.17826324579698918,0.03814225935373705,REDUCE
2014-05-12,QQQ,SELL,80.340087890625,-0.15185194210536462,-12.199798375107093,2.387959961238797,0.24337538598919406,REDUCE
2014-05-12,XLK,SELL,15.889737129211426,-0.09683987217267805,-1.5387601124502908,0.08765825902778121,0.060408067718357605,REDUCE
2014-05-12,TQQQ,SELL,1.2228474617004395,-1971.3211174854443,-2410.6250247135495,130.7773830748379,0.05736233452023032,CLOSE
2014-05-12,SHV,BUY,87.3664,27.5738,2409.02,0.0,0.0,ADD
2014-05-12,GLD,BUY,124.94,0.194,24.24,0.0,0.0,ADD
2014-05-20,QQQ,SELL,80.13065338134766,-0.10610644348928319,-8.502378644767305,1.646363082814775,0.24013409362010063,REDUCE
2014-05-20,SHV,SELL,87.3664321899414,-62.548089399502665,-5464.603411132042,0.033600723877430703,6.1488323954694835e-06,REDUCE
2014-05-20,XLK,SELL,15.842265129089355,-0.2245562497925791,-3.557479645608055,0.1926054160078789,0.05724000448919142,REDUCE
2014-05-20,GLD,SELL,124.69000244140625,-0.04259432869767366,-5.3110869493029895,-0.2726477832539585,-0.048828928362989354,REDUCE
2014-05-20,SSO,BUY,6.1908,4.0626,25.15,0.0,0.0,ADD
2014-05-20,QLD,BUY,3.054,1778.3916,5431.24,0.0,0.0,OPEN
2014-05-20,SMH,BUY,19.7128,1.2977,25.58,0.0,0.0,ADD
2014-06-02,SSO,SELL,6.55069637298584,-197.39403079235746,-1293.0683615605512,57.8862766280023,0.046864569470470796,CLOSE
2014-06-02,QLD,SELL,3.277439594268799,-63.927920347983154,-209.519897327742,14.28278511398607,0.07315609697375836,REDUCE
2014-06-02,SMH,SELL,20.536914825439453,-0.9556642988952517,-19.626396308125095,1.224058187344818,0.06651644912243992,REDUCE
2014-06-02,QQQ,SELL,83.06267547607422,-0.12164452100672148,-10.1041193718238,2.2441185874927525,0.28551124218287804,REDUCE
2014-06-02,SHV,BUY,87.3744,0.9111,79.61,0.0,0.0,ADD
2014-06-02,USD,BUY,0.6458,1957.7762,1264.29,0.0,0.0,OPEN
2014-06-02,XLK,BUY,16.2954,0.996,16.23,0.0,0.0,ADD
2014-06-02,GLD,BUY,119.7,1.4385,172.19,0.0,0.0,ADD
2014-06-13,SMH,SELL,21.532907485961914,-2.8536342050882717,-61.44704133694222,6.497262867908586,0.11824001932182582,REDUCE
2014-06-13,SHV,SELL,87.3744125366211,-27.331762406213333,-2388.096683833395,0.22503908329206207,9.424253761158852e-05,CLOSE
2014-06-13,USD,SELL,0.7335948348045349,-188.47495781817943,-138.26425554541902,16.55149884830428,0.13598820121618882,REDUCE
2014-06-13,GLD,SELL,122.95999908447266,-0.01180963396800042,-1.4521125818932887,-0.08632469753296604,-0.056111938190395394,REDUCE
2014-06-13,QLD,BUY,3.3562,4.344,14.58,0.0,0.0,ADD
2014-06-13,QQQ,BUY,84.0643,0.9007,75.72,0.0,0.0,ADD
2014-06-13,XLK,BUY,16.4551,2.8732,47.28,0.0,0.0,ADD
2014-06-13,TQQQ,BUY,1.3957,1756.5613,2451.68,0.0,0.0,OPEN
2014-06-18,QLD,SELL,3.4058523178100586,-8.3626883507556,-28.482081502544133,2.9358818895947683,0.11492440887788913,REDUCE
2014-06-18,TQQQ,SELL,1.428404688835144,-1756.5612785118224,-2509.0803664525424,57.396526284533444,0.023411063589912295,CLOSE
2014-06-18,SMH,BUY,21.6739,0.44,9.54,0.0,0.0,ADD
2014-06-18,QQQ,BUY,84.6562,0.1775,15.02,0.0,0.0,ADD
2014-06-18,SHV,BUY,87.3586,28.3412,2475.85,0.0,0.0,OPEN
2014-06-18,XLK,BUY,16.5802,0.3915,6.49,0.0,0.0,ADD
2014-06-18,GLD,BUY,122.67,0.2441,29.95,0.0,0.0,ADD
2014-07-30,QLD,SELL,3.7149815559387207,-73.38054086656028,-272.60735588407897,48.44571478765322,0.21611955797028504,REDUCE
2014-07-30,QQQ,SELL,88.54491424560547,-0.11970095046234103,-10.598910393805454,2.8248599172198507,0.3633704110525071,REDUCE
2014-07-30,SHV,SELL,87.3664321899414,-28.34120704932738,-2476.07014385615,0.2229292638233683,9.004160778158798e-05,CLOSE
2014-07-30,SMH,BUY,21.9031,4.441,97.27,0.0,0.0,ADD
2014-07-30,XLK,BUY,17.2333,0.7742,13.34,0.0,0.0,ADD
2014-07-30,GLD,BUY,124.83,0.5228,65.26,0.0,0.0,ADD
2014-07-30,TQQQ,BUY,1.6253,1589.9104,2584.12,0.0,0.0,OPEN
2014-07-31,SMH,SELL,21.48883819580078,-138.83110711340498,-2983.3191973038465,297.1582586770897,0.11062563467586028,CLOSE
2014-07-31,QQQ,SELL,86.75537109375,-34.61568251102396,-3003.0963819073154,754.9599879793134,0.33581591847291237,REDUCE
2014-07-31,USD,SELL,0.7450143694877625,-1769.301263782857,-1318.1548654710864,175.5811424916978,0.15367160907031052,CLOSE
2014-07-31,XLK,SELL,16.908119201660156,-176.4511841236971,-2983.4576544375545,331.5196531113628,0.12501033317731225,CLOSE
2014-07-31,QLD,BUY,3.5633,392.2403,1397.68,0.0,0.0,ADD
2014-07-31,SHV,BUY,87.3664,50.6739,4427.2,0.0,0.0,OPEN
2014-07-31,GLD,BUY,123.39,35.5058,4381.06,0.0,0.0,ADD
2014-07-31,TQQQ,BUY,1.5263,53.7802,82.08,0.0,0.0,ADD
2014-08-08,GLD,SELL,126.19000244140625,-0.9711005821138706,-122.54318482780036,0.33933799075081245,0.002776819220783544,REDUCE
2014-08-08,TQQQ,SELL,1.518168568611145,-1643.6906379189077,-2495.399463008888,-170.79974227368172,-0.06406113314236772,CLOSE
2014-08-08,QLD,BUY,3.552,16.7171,59.38,0.0,0.0,ADD
2014-08-08,QQQ,BUY,86.6458,0.182,15.77,0.0,0.0,ADD
2014-08-08,SHV,BUY,87.3823,29.0996,2542.79,0.0,0.0,ADD
2014-09-02,QLD,SELL,3.947360038757324,-499.08486583096334,-1970.0676553297053,394.7862857979771,0.2506131878620086,REDUCE
2014-09-02,QQQ,SELL,91.36613464355469,-0.6953013015741202,-63.52699233745989,18.275839833102708,0.40387567656631407,REDUCE
2014-09-02,SHV,BUY,87.3744,2.3434,204.76,0.0,0.0,ADD
2014-09-02,USD,BUY,0.8306,1654.1758,1373.92,0.0,0.0,OPEN
2014-09-02,GLD,BUY,121.65,3.7395,454.92,0.0,0.0,ADD
2014-09-09,SHV,SELL,87.3664321899414,-30.030453028181753,-2623.653538119862,-0.17620284429098296,-6.71548315578363e-05,REDUCE
2014-09-09,USD,SELL,0.8385986685752869,-26.240751069643558,-22.00545890941862,0.2104785509224536,0.009657203055950747,REDUCE
2014-09-09,QLD,BUY,3.8823,15.9288,61.84,0.0,0.0,ADD
2014-09-09,QQQ,BUY,90.6175,0.0525,4.76,0.0,0.0,ADD
2014-09-09,TQQQ,BUY,1.7337,1487.4173,2578.68,0.0,0.0,OPEN
2014-09-10,QLD,SELL,3.9424490928649902,-14.842893277341199,-58.517351136745674,11.558317653050299,0.24613619139038412,REDUCE
2014-09-10,QQQ,SELL,91.36613464355469,-0.06796214152279748,-6.209438173036233,1.7831655557100956,0.4028594056159347,REDUCE
2014-09-10,TQQQ,SELL,1.7738702297210693,-1487.417287610092,-2638.4852456640037,59.804097167319846,0.02319173783939288,CLOSE
2014-09-10,SHV,BUY,87.3664,29.9934,2620.41,0.0,0.0,ADD
2014-09-10,USD,BUY,0.8404,6.056,5.09,0.0,0.0,ADD
2014-09-10,GLD,BUY,120.26,0.6493,78.09,0.0,0.0,ADD
2014-09-15,SHV,SELL,87.3744125366211,-30.511407456833734,-2665.9163022063276,0.12988544229421506,4.8723124057348244e-05,REDUCE
2014-09-15,GLD,SELL,118.63999938964844,-0.12975754341146425,-15.394434871138401,-0.8923420048756187,-0.05478935529532525,REDUCE
2014-09-15,QLD,BUY,3.8209,24.3046,92.87,0.0,0.0,ADD
2014-09-15,USD,BUY,0.8055,44.0866,35.51,0.0,0.0,ADD
2014-09-15,TQQQ,BUY,1.6921,1508.7633,2552.93,0.0,0.0,OPEN
2014-09-16,QLD,SELL,3.8881149291992188,-10.948704682682175,-42.56982213212996,7.819765920661009,0.22502887112108216,REDUCE
2014-09-16,USD,SELL,0.8318649530410767,-36.06280513382017,-29.999383699174814,0.06888732291279712,0.002301576360338453,REDUCE
2014-09-16,TQQQ,SELL,1.7378230094909668,-1508.763268841835,-2621.9635244681463,69.03062896702772,0.02703973499995871,CLOSE
2014-09-16,QQQ,BUY,90.7361,0.0464,4.21,0.0,0.0,ADD
2014-09-16,SHV,BUY,87.3744,30.0711,2627.45,0.0,0.0,ADD
2014-09-16,GLD,BUY,118.83,0.5291,62.88,0.0,0.0,ADD
2014-09-17,QLD,SELL,3.902235269546509,-8.021741591191553,-31.302722960335814,5.842544858290574,0.22947776857151037,REDUCE
2014-09-17,QQQ,SELL,90.87310791015625,-0.08615343893934112,-7.829030753565803,2.2143875874748655,0.39439507052708755,REDUCE
2014-09-17,SHV,SELL,87.3744125366211,-29.608670888173453,-2587.0402248443106,0.07961602620958128,3.077589428235328e-05,REDUCE
2014-09-17,USD,SELL,0.8406787514686584,-19.692278277861384,-16.55487991620589,0.21118004458590303,0.012921189586490467,REDUCE
2014-09-17,GLD,BUY,117.54,0.5663,66.56,0.0,0.0,ADD
2014-09-17,TQQQ,BUY,1.7463,1475.1801,2576.16,0.0,0.0,OPEN
2014-09-18,QLD,SELL,3.9587185382843018,-9.085214302006737,-35.96580628163974,7.130275793056519,0.2472739593218023,REDUCE
2014-09-18,USD,SELL,0.8590986132621765,-21.224639941053447,-18.23405874034802,0.6185680294657607,0.0351150041527728,REDUCE
2014-09-18,TQQQ,SELL,1.7839717864990234,-1475.1800833576926,-2631.679648715401,55.51466339048026,0.021549343192970305,CLOSE
2014-09-18,QQQ,BUY,91.5579,0.0283,2.59,0.0,0.0,ADD
2014-09-18,SHV,BUY,87.3744,30.1804,2637.0,0.0,0.0,ADD
2014-09-18,GLD,BUY,117.78,0.393,46.29,0.0,0.0,ADD
2014-09-25,SHV,SELL,87.3902816772461,-30.70394247648986,-2683.22618162241,0.5394974905876033,0.00020110342880474974,REDUCE
2014-09-25,GLD,SELL,117.38999938964844,-0.9151366382431819,-107.42788940481205,-7.270807671209243,-0.06339049925205531,REDUCE
2014-09-25,QLD,BUY,3.7767,44.8647,169.44,0.0,0.0,ADD
2014-09-25,QQQ,BUY,89.4511,0.1378,12.32,0.0,0.0,ADD
2014-09-25,USD,BUY,0.8071,72.0897,58.18,0.0,0.0,ADD
2014-09-25,TQQQ,BUY,1.6598,1536.7704,2550.71,0.0,0.0,OPEN
2014-09-29,QLD,SELL,3.8475937843322754,-13.706529829879836,-52.73715897821057,9.000793479015721,0.2057965579966039,REDUCE
2014-09-29,USD,SELL,0.8382879495620728,-46.22471522672286,-38.749621746500225,0.43078247875589926,0.011242054482545782,REDUCE
2014-09-29,TQQQ,SELL,1.7071223258972168,-1536.7704264411223,-2623.4551047562263,72.74673610778301,0.028520209131681185,CLOSE
2014-09-29,QQQ,BUY,90.284,0.0192,1.73,0.0,0.0,ADD
2014-09-29,SHV,BUY,87.3903,29.9936,2621.15,0.0,0.0,ADD
2014-09-29,GLD,BUY,117.03,0.7867,92.07,0.0,0.0,ADD
2014-09-30,QQQ,SELL,90.41207122802734,-0.10332561428690626,-9.341882798587449,2.5915644972033247,0.38391737715122787,REDUCE
2014-09-30,SHV,SELL,87.35856628417969,-0.15036244901296472,-13.135447968750668,-0.003099092007408383,-0.0002358778328438449,REDUCE
2014-09-30,USD,SELL,0.8241147994995117,-1626.9628376787525,-1340.8041527667817,-7.89701641996044,-0.005855275134611371,CLOSE
2014-09-30,QLD,BUY,3.8593,344.3918,1329.1,0.0,0.0,ADD
2014-09-30,GLD,BUY,116.21,0.2942,34.18,0.0,0.0,ADD
2014-10-01,SHV,SELL,87.3744125366211,-29.960809371922373,-2617.808117993409,-0.14275002858433822,-5.452739023026343e-05,REDUCE
2014-10-01,GLD,SELL,116.7699966430664,-0.9106963892764368,-106.34201431866222,-7.662895158141855,-0.06721548390598897,REDUCE
2014-10-01,QLD,BUY,3.7343,44.1026,164.69,0.0,0.0,ADD
2014-10-01,QQQ,BUY,88.9661,0.169,15.03,0.0,0.0,ADD
2014-10-01,TQQQ,BUY,1.6315,1559.5966,2544.42,0.0,0.0,OPEN
2014-10-02,TQQQ,SELL,1.6306689977645874,-1559.5966154681903,-2543.1858498625566,-1.2371010636479065,-0.0004862010316317722,CLOSE
2014-10-02,QLD,BUY,3.7319,0.6467,2.41,0.0,0.0,ADD
2014-10-02,SHV,BUY,87.3744,29.0791,2540.77,0.0,0.0,ADD
2014-10-03,QLD,SELL,3.806767225265503,-35.220843213780434,-134.07755159243425,17.128393055211074,0.14646016499348602,REDUCE
2014-10-03,QQQ,SELL,89.84464263916016,-0.23849808665994074,-21.427775366085825,5.813259696689523,0.37229843177801736,REDUCE
2014-10-03,SHV,SELL,87.35856628417969,-28.995085135093177,-2532.9690666894703,-0.5476892953800597,-0.0002161774908676639,REDUCE
2014-10-03,GLD,BUY,114.61,1.2246,140.35,0.0,0.0,ADD
2014-10-03,TQQQ,BUY,1.6798,1516.9291,2548.12,0.0,0.0,OPEN
2014-10-08,GLD,SELL,117.47000122070312,-0.888048413419142,-104.31904820839009,-6.66360474431532,-0.06004185849796706,REDUCE
2014-10-08,TQQQ,SELL,1.6900887489318848,-1516.9291266886644,-2563.7448499435814,15.622622733356211,0.006131033498522731,CLOSE
2014-10-08,QLD,BUY,3.8295,8.0149,30.69,0.0,0.0,ADD
2014-10-08,QQQ,BUY,90.1009,0.2063,18.59,0.0,0.0,ADD
2014-10-08,SHV,BUY,87.3744,29.972,2618.79,0.0,0.0,ADD
2014-10-10,QLD,SELL,3.515449047088623,-1561.0314023143462,-5487.726355741385,301.10745621691706,0.058054671463238616,REDUCE
2014-10-10,GLD,SELL,117.58999633789062,-1.8253953400350227,-214.64823134992093,-13.478089764258318,-0.05908169516972317,REDUCE
2014-10-10,QQQ,BUY,86.431,0.3452,29.83,0.0,0.0,ADD
2014-10-10,SHV,BUY,87.3744,36.3216,3173.58,0.0,0.0,ADD
2014-10-10,TQQQ,BUY,1.4857,1682.0292,2498.97,0.0,0.0,OPEN
2014-10-13,QQQ,SELL,85.07648468017578,-14.372896574494131,-1222.7955152297009,275.67706002178727,0.291069251692778,REDUCE
2014-10-13,GLD,SELL,118.5199966430664,-11.33221136771223,-1343.0936532597725,-73.13418117464242,-0.05164012413571106,REDUCE
2014-10-13,TQQQ,SELL,1.4161646366119385,-1682.0291969465409,-2382.0302664644687,-116.93646874681335,-0.046793927705855,CLOSE
2014-10-13,QLD,BUY,3.4071,9.6362,32.83,0.0,0.0,ADD
2014-10-13,SHV,BUY,87.3823,56.0775,4900.18,0.0,0.0,ADD
2014-10-20,QLD,SELL,3.509309768676758,-9.332341838453187,-32.75007837831458,1.723127386387377,0.0555364717221396,REDUCE
2014-10-20,SHV,SELL,87.3823471069336,-27.627769994663865,-2414.1793874642426,0.1236110470622794,5.1204718743314004e-05,REDUCE
2014-10-20,QQQ,BUY,86.3852,14.361,1240.58,0.0,0.0,ADD
2014-10-20,GLD,BUY,119.8,10.1941,1221.25,0.0,0.0,ADD
2014-10-21,QQQ,SELL,88.65489196777344,-0.5632342946661211,-49.93347554617003,7.084161130304596,0.16532729232376253,REDUCE
2014-10-21,SHV,SELL,87.3823471069336,-66.73075632109179,-5831.090111557845,0.29856404124187924,5.1204718743314004e-05,REDUCE
2014-10-21,QLD,BUY,3.6929,1584.2369,5850.4,0.0,0.0,ADD
2014-10-21,GLD,BUY,120.02,0.2552,30.63,0.0,0.0,ADD
2014-12-01,QLD,SELL,4.312351703643799,-519.3236901789157,-2239.506400085632,358.4352065465965,0.19054845333750436,REDUCE
2014-12-01,QQQ,SELL,95.9215316772461,-0.7943736077974911,-76.19753318391531,15.763776208307792,0.26084388919706614,REDUCE
2014-12-01,SHV,BUY,87.3744,4.1119,359.28,0.0,0.0,ADD
2014-12-01,USD,BUY,0.9316,1501.4797,1398.71,0.0,0.0,OPEN
2014-12-01,GLD,BUY,116.58,4.784,557.72,0.0,0.0,ADD
2014-12-05,QLD,SELL,4.359624862670898,-12.774356708640042,-55.69140311161391,9.420695891736562,0.20359956563813975,REDUCE
2014-12-05,QQQ,SELL,96.4432144165039,-0.09410109302253336,-9.075411891199565,1.9164598174637908,0.267701165998129,REDUCE
2014-12-05,SHV,SELL,87.3664321899414,-30.12590630848811,-2631.9929506610542,-0.33953560001735666,-0.0001289865933690182,REDUCE
2014-12-05,USD,SELL,0.9999391436576843,-99.8852971264243,-99.87921847259008,6.8308530128552345,0.07341185392247618,REDUCE
2014-12-05,GLD,BUY,114.43,1.3051,149.34,0.0,0.0,ADD
2014-12-05,TQQQ,BUY,2.0454,1294.2568,2647.3,0.0,0.0,OPEN
2014-12-08,GLD,SELL,115.77999877929688,-1.0717383898020185,-124.08586946300329,-8.044838774618087,-0.06088545866378314,REDUCE
2014-12-08,TQQQ,SELL,2.001249074935913,-1294.256834952924,-2590.130293679022,-57.16473000106072,-0.02159363784154078,CLOSE
2014-12-08,QLD,BUY,4.2949,14.0695,60.43,0.0,0.0,ADD
2014-12-08,QQQ,BUY,95.7568,0.0542,5.19,0.0,0.0,ADD
2014-12-08,SHV,BUY,87.3506,29.8842,2610.4,0.0,0.0,ADD
2014-12-08,USD,BUY,0.9675,39.4807,38.2,0.0,0.0,ADD
2014-12-09,SHV,SELL,87.35063934326172,-29.72848968347168,-2596.8025805608113,-0.5161135280611681,-0.00019871012719219205,REDUCE
2014-12-09,GLD,SELL,118.19000244140625,-0.7939995042976504,-93.84280335141466,-4.046492993143018,-0.041337440805579884,REDUCE
2014-12-09,QLD,BUY,4.3265,0.8096,3.5,0.0,0.0,ADD
2014-12-09,QQQ,BUY,96.0588,0.1309,12.57,0.0,0.0,ADD
2014-12-09,USD,BUY,0.9613,20.8572,20.05,0.0,0.0,ADD
2014-12-09,TQQQ,BUY,2.0207,1313.6904,2654.52,0.0,0.0,OPEN
2014-12-18,QQQ,SELL,95.40902709960938,-0.23830356610441078,-22.736311396389283,4.575082101101867,0.251914781026912,REDUCE
2014-12-18,USD,SELL,0.9546443223953247,-12.395612209894892,-11.833400818790324,0.26893953406961774,0.023255690641201587,REDUCE
2014-12-18,TQQQ,SELL,1.9687659740447998,-1313.6903504882262,-2586.348862472207,-68.1728939264458,-0.02568179890110789,CLOSE
2014-12-18,QLD,BUY,4.2583,0.6185,2.63,0.0,0.0,ADD
2014-12-18,SHV,BUY,87.3506,29.1013,2542.02,0.0,0.0,ADD
2014-12-18,GLD,BUY,115.15,0.6623,76.27,0.0,0.0,ADD
2014-12-22,QLD,SELL,4.31635856628418,-1444.2739971840433,-6234.0044398068385,992.191204852169,0.18928396727983565,CLOSE
2014-12-22,QQQ,SELL,96.06765747070312,-0.22411096344394107,-21.5298152715618,4.450211045622963,0.26055703555849474,REDUCE
2014-12-22,USD,SELL,0.975208580493927,-32.4588531507864,-31.65415210563924,1.37173085426589,0.045297925251062354,REDUCE
2014-12-22,SHV,BUY,87.3348,70.2316,6133.66,0.0,0.0,ADD
2014-12-22,GLD,BUY,112.55,1.3641,153.53,0.0,0.0,ADD
2014-12-31,SHV,SELL,87.35856628417969,-30.011281686268326,-2621.7425404630594,0.2735817701810353,0.00010436201019037306,REDUCE
2014-12-31,GLD,SELL,113.58000183105469,-0.627370842492229,-71.25678143901769,-5.893457053285319,-0.07638935625420373,REDUCE
2014-12-31,QQQ,BUY,94.8459,0.3301,31.31,0.0,0.0,ADD
2014-12-31,USD,BUY,0.9369,56.8117,53.23,0.0,0.0,ADD
2014-12-31,TQQQ,BUY,1.9305,1351.2036,2608.46,0.0,0.0,OPEN
2015-01-08,GLD,SELL,115.94000244140625,-0.9103189388169135,-105.5423799888913,-6.403089065410501,-0.05719828698296425,REDUCE
2015-01-08,TQQQ,SELL,1.9274982213974,-1351.2036317217958,-2604.442596889469,-4.01562530265145,-0.0015394631466539854,CLOSE
2015-01-08,QQQ,BUY,94.8919,0.1556,14.76,0.0,0.0,ADD
2015-01-08,SHV,BUY,87.3506,30.8119,2691.44,0.0,0.0,ADD
2015-01-08,USD,BUY,0.9401,4.0249,3.78,0.0,0.0,ADD
2015-01-15,SHV,SELL,87.3744125366211,-29.454534756422436,-2573.5726708818984,0.7282324802303944,0.00028304567091619326,REDUCE
2015-01-15,GLD,SELL,120.94000244140625,-2.2844415018543254,-276.28036081151185,-4.646317243276999,-0.016539252432162477,REDUCE
2015-01-15,QQQ,BUY,91.539,1.1578,105.98,0.0,0.0,ADD
2015-01-15,USD,BUY,0.8731,121.565,106.13,0.0,0.0,ADD
2015-01-15,TQQQ,BUY,1.7292,1525.4052,2637.73,0.0,0.0,OPEN
2015-01-20,QQQ,SELL,93.34857940673828,-0.04877307213045036,-4.5528969966799195,0.790506486150874,0.21010750583668614,REDUCE
2015-01-20,USD,SELL,0.9010663628578186,-21.745444274911318,-19.594088381521715,-0.5977856092497065,-0.029605256526606727,REDUCE
2015-01-20,GLD,SELL,124.19999694824219,-0.5233269285237615,-64.99720292558413,0.6416501799961576,0.00997039342561079,REDUCE
2015-01-20,TQQQ,SELL,1.830430269241333,-1525.4051753570232,-2792.1478058308785,154.41353131667913,0.05854021491422512,CLOSE
2015-01-20,SHV,BUY,87.3744,32.9764,2881.29,0.0,0.0,ADD
2015-01-23,QQQ,SELL,95.77372741699219,-0.5918224171401418,-56.68103885844539,11.027424088990202,0.2415454755264672,REDUCE
2015-01-23,SHV,SELL,87.3744125366211,-71.9002866125569,-6282.2453039868415,1.4049514295671612,0.00022368844783571262,REDUCE
2015-01-23,USD,SELL,0.9337530732154846,-47.81241641470325,-44.64499076508764,0.2484599223570749,0.005596381465867495,REDUCE
2015-01-23,QLD,BUY,4.2749,1485.2293,6349.2,0.0,0.0,OPEN
2015-01-23,GLD,BUY,124.23,0.2767,34.38,0.0,0.0,ADD
2015-01-27,QLD,SELL,4.047603607177734,-1485.2293213520725,-6011.619558590787,-337.5765840128321,-0.05316839745234292,CLOSE
2015-01-27,GLD,SELL,124.4000015258789,-1.2317315830309394,-153.2274108085221,1.7494467438674075,0.011549183108380712,REDUCE
2015-01-27,QQQ,BUY,93.1833,0.2281,21.26,0.0,0.0,ADD
2015-01-27,SHV,BUY,87.3664,69.6508,6085.14,0.0,0.0,ADD
2015-01-27,USD,BUY,0.8776,66.5984,58.45,0.0,0.0,ADD
2015-01-28,SHV,SELL,87.35856628417969,-30.77059656575104,-2688.075199692914,-0.04613765738460767,-1.716353229430645e-05,REDUCE
2015-01-28,QQQ,BUY,92.7056,0.0347,3.22,0.0,0.0,ADD
2015-01-28,USD,BUY,0.862,22.6205,19.5,0.0,0.0,ADD
2015-01-28,GLD,BUY,123.42,0.2352,29.03,0.0,0.0,ADD
2015-01-28,TQQQ,BUY,1.7868,1475.4064,2636.33,0.0,0.0,OPEN
2015-01-30,QQQ,SELL,92.87090301513672,-0.07201190281265292,-6.68781044204934,1.122124879460014,0.2016148535236273,REDUCE
2015-01-30,SHV,SELL,87.3664321899414,-71.05256671740821,-6207.609252037732,0.45235605608740176,7.287653005527694e-05,REDUCE
2015-01-30,GLD,SELL,123.44999694824219,-0.058843121169620476,-7.264183128814693,0.027571332629024448,0.003809978123126223,REDUCE
2015-01-30,TQQQ,SELL,1.7963577508926392,-8.915772762330674,-16.015917506810183,0.08477766685334517,0.0053215066658767185,REDUCE
2015-01-30,QLD,BUY,4.0172,1542.9799,6198.45,0.0,0.0,OPEN
2015-01-30,USD,BUY,0.8372,46.7348,39.13,0.0,0.0,ADD
2015-02-02,QLD,SELL,4.085382461547852,-1542.97987112114,-6303.66290399967,105.21153382799716,0.016973841939665446,CLOSE
2015-02-02,QQQ,SELL,93.67927551269531,-0.07937278542591096,-7.43558503412396,1.3009885486402775,0.21207402177450652,REDUCE
2015-02-02,USD,SELL,0.8422711491584778,-1665.8753519598895,-1403.1187470500397,-134.57469055155744,-0.08751724320385934,CLOSE
2015-02-02,TQQQ,SELL,1.8435050249099731,-29.10034088279782,-53.64662464403091,1.64870900030886,0.03170721325842063,REDUCE
2015-02-02,SHV,BUY,87.3823,71.6553,6261.41,0.0,0.0,ADD
2015-02-02,GLD,BUY,122.42,12.3057,1506.46,0.0,0.0,ADD
2015-02-03,QQQ,SELL,94.57951354980469,-0.2680061560577922,-25.34789186829903,4.634121849798332,0.22372179693311844,REDUCE
2015-02-03,TQQQ,SELL,1.893822193145752,-1437.390301648688,-2722.1616534747523,153.7621988685441,0.05986693331241155,CLOSE
2015-02-03,SHV,BUY,87.3903,30.3173,2649.44,0.0,0.0,ADD
2015-02-03,GLD,BUY,121.05,0.8101,98.07,0.0,0.0,ADD
2015-02-10,QQQ,SELL,95.9023208618164,-0.5556279184752412,-53.28600691739575,10.34240782830395,0.24083700592601343,REDUCE
2015-02-10,SHV,SELL,87.3664321899414,-71.83919726200675,-6276.334356170937,-0.705818784921634,-0.00011244452245784409,REDUCE
2015-02-10,QLD,BUY,4.2783,1448.4844,6197.01,0.0,0.0,OPEN
2015-02-10,GLD,BUY,118.47,1.1194,132.61,0.0,0.0,ADD
2015-03-02,QQQ,SELL,100.47697448730469,-0.6991498232944621,-70.24845895796125,16.21227985961987,0.3000263921347004,REDUCE
2015-03-02,GLD,SELL,115.68000030517578,-8.963436717046143,-1036.8903621633217,-63.79074573232675,-0.0579557014967631,REDUCE
2015-03-02,QLD,BUY,4.692,203.4708,954.68,0.0,0.0,ADD
2015-03-02,SHV,BUY,87.3744,1.7448,152.45,0.0,0.0,ADD
2015-03-06,QQQ,SELL,98.66729736328125,-0.1321787748321623,-13.041722481479155,2.8258349680214434,0.2766117935714232,REDUCE
2015-03-06,SHV,SELL,87.3744125366211,-32.018507021524236,-2797.598241305358,-0.0578513183819201,-2.067849530695831e-05,REDUCE
2015-03-06,QLD,BUY,4.5197,23.775,107.46,0.0,0.0,ADD
2015-03-06,GLD,BUY,111.86,0.6754,75.55,0.0,0.0,ADD
2015-03-06,TQQQ,BUY,2.1405,1227.6075,2627.64,0.0,0.0,OPEN
2015-03-16,QQQ,SELL,98.01509094238281,-0.08218054375629874,-8.054933469968091,1.7033298038335258,0.2681731879643763,REDUCE
2015-03-16,GLD,SELL,110.80999755859375,-0.018937690736430687,-2.098485464269288,-0.2248480071139101,-0.0967781895640003,REDUCE
2015-03-16,TQQQ,SELL,2.0948915481567383,-1227.6074962685861,-2571.7045683869155,-55.9334589420338,-0.021286592125815518,CLOSE
2015-03-16,QLD,BUY,4.4613,5.4939,24.51,0.0,0.0,ADD
2015-03-16,SHV,BUY,87.3744,29.2688,2557.35,0.0,0.0,ADD
2015-03-25,SHV,SELL,87.3664321899414,-29.611278456619562,-2587.031751337726,-0.27079207972857927,-0.00010466193078872976,REDUCE
2015-03-25,GLD,SELL,114.7300033569336,-2.019967940645974,-231.75092861121084,-16.064879183964543,-0.06482588551107471,REDUCE
2015-03-25,QLD,BUY,4.3709,40.2164,175.78,0.0,0.0,ADD
2015-03-25,QQQ,BUY,97.0988,0.3353,32.56,0.0,0.0,ADD
2015-03-25,TQQQ,BUY,2.0297,1286.1097,2610.44,0.0,0.0,OPEN
2015-03-31,QLD,SELL,4.380723476409912,-321.2058417468595,-1407.1139717004744,15.246815789114326,0.01095421766679383,REDUCE
2015-03-31,QQQ,SELL,97.22773742675781,-0.07141083370039208,-6.94311378844759,1.4062404960300758,0.2539773662431206,REDUCE
2015-03-31,SHV,SELL,87.3744125366211,-0.07505624700734345,-6.557995489470159,-8.740674659552234e-05,-1.332809419740677e-05,REDUCE
2015-03-31,TQQQ,SELL,2.0404205322265625,-8.448050383879318,-17.237575460551852,0.09038396189837468,0.005271065054908375,REDUCE
2015-03-31,BIL,BUY,73.0363,18.8969,1380.16,0.0,0.0,OPEN
2015-03-31,GLD,BUY,113.66,0.5076,57.69,0.0,0.0,ADD
2015-04-01,QLD,SELL,4.335546970367432,-1400.2345499798657,-6070.782660969011,3.2078307912713444,0.0005286841746585669,CLOSE
2015-04-01,GLD,SELL,115.5999984741211,-1.0602867865924108,-122.56915091221344,-7.4334747663991685,-0.05717942024321809,REDUCE
2015-04-01,TQQQ,SELL,2.0059473514556885,-1277.6616948298688,-2562.9220928003615,-30.375621610486515,-0.011713125508764577,CLOSE
2015-04-01,QQQ,BUY,96.7213,0.1421,13.74,0.0,0.0,ADD
2015-04-01,SHV,BUY,87.3744,100.0504,8741.84,0.0,0.0,ADD
2015-04-07,QQQ,SELL,97.41189575195312,-0.1354382715762158,-13.193298791607049,2.678331663877793,0.25471612334523663,REDUCE
2015-04-07,SHV,SELL,87.3744125366211,-29.58315058008119,-2584.8104029169954,-0.01187893053664458,-4.59564691157599e-06,REDUCE
2015-04-07,GLD,SELL,116.11000061035156,-0.14480771299715614,-16.813623644483414,-0.941367878750573,-0.053019900207708304,REDUCE
2015-04-07,BIL,BUY,73.0363,0.0405,2.96,0.0,0.0,ADD
2015-04-07,TQQQ,BUY,2.0481,1275.5681,2612.55,0.0,0.0,OPEN
2015-04-08,QQQ,SELL,98.18529510498047,-0.16356235240170647,-16.05941783862636,3.360992653318297,0.264677911179642,REDUCE
2015-04-08,SHV,SELL,87.3823471069336,-40.31315316135411,-3522.657942520422,0.3036800517894202,8.621507922268457e-05,REDUCE
2015-04-08,TQQQ,SELL,2.096884250640869,-1275.5681198696693,-2674.718701174294,62.16773021117161,0.02379579610201943,CLOSE
2015-04-08,QLD,BUY,4.4655,1379.0483,6158.2,0.0,0.0,OPEN
2015-04-08,BIL,BUY,73.0363,0.0339,2.48,0.0,0.0,ADD
2015-04-08,GLD,BUY,115.47,0.4569,52.76,0.0,0.0,ADD
2015-04-14,QLD,SELL,4.509179592132568,-1379.0483088467433,-6218.376490816666,60.17922641392639,0.00977221479438306,CLOSE
2015-04-14,QQQ,SELL,98.67327880859375,-0.12284632298902755,-12.121649478906875,2.58427844663453,0.2709633962954683,REDUCE
2015-04-14,SHV,BUY,87.3823,70.5261,6162.73,0.0,0.0,ADD
2015-04-14,GLD,BUY,114.44,0.5854,66.99,0.0,0.0,ADD
2015-04-17,SHV,SELL,87.3823471069336,-29.73771870937799,-2598.551658431221,0.12097865256376858,4.655835289546495e-05,REDUCE
2015-04-17,GLD,SELL,115.5999984741211,-0.5210300836294657,-60.231076872537415,-3.586565782328914,-0.05620022352949483,REDUCE
2015-04-17,QQQ,BUY,97.6052,0.339,33.09,0.0,0.0,ADD
2015-04-17,BIL,BUY,73.0043,0.0492,3.59,0.0,0.0,ADD
2015-04-17,TQQQ,BUY,2.0563,1275.5486,2622.87,0.0,0.0,OPEN
2015-04-20,QQQ,SELL,99.06916809082031,-0.2894038701732856,-28.671000660331174,6.1297563004942415,0.2719351337770861,REDUCE
2015-04-20,TQQQ,SELL,2.1481964588165283,-1275.5486161353801,-2740.1290202303467,117.25681515361934,0.044705500682290955,CLOSE
2015-04-20,SHV,BUY,87.3744,30.6549,2678.45,0.0,0.0,ADD
2015-04-20,BIL,BUY,73.0043,0.0774,5.65,0.0,0.0,ADD
2015-04-20,GLD,BUY,114.72,0.7383,84.7,0.0,0.0,ADD
2015-04-21,QQQ,SELL,99.4926986694336,-0.056078655118427086,-5.579416735484756,1.2115322713323124,0.2773727833864308,REDUCE
2015-04-21,SHV,SELL,87.3744125366211,-70.7400043130344,-6180.866319689423,-0.21915235581356282,-3.545531877935382e-05,REDUCE
2015-04-21,GLD,SELL,115.37999725341797,-0.22696084974124583,-26.186742219778353,-1.5917432886647593,-0.05730129845203258,REDUCE
2015-04-21,QLD,BUY,4.5796,1356.0128,6209.93,0.0,0.0,OPEN
2015-04-21,BIL,BUY,73.0203,0.037,2.7,0.0,0.0,ADD
2015-04-30,QQQ,SELL,99.09678649902344,-0.09483883394727143,-9.398223679489092,2.011365550994104,0.2722897226407004,REDUCE
2015-04-30,SHV,SELL,87.3823471069336,-30.61260945433044,-2675.0016651872993,0.14806011490864288,5.5352604952929596e-05,REDUCE
2015-04-30,BIL,SELL,73.0202865600586,-19.134879632275116,-1397.2343940409576,-0.3009202973854859,-0.00021532214198671795,CLOSE
2015-04-30,QLD,BUY,4.5378,307.7608,1396.54,0.0,0.0,ADD
2015-04-30,GLD,BUY,113.47,0.5796,65.77,0.0,0.0,ADD
2015-04-30,TQQQ,BUY,2.1456,1220.7748,2619.32,0.0,0.0,OPEN
2015-05-05,QLD,SELL,4.525465965270996,-1357.0765630106239,-6141.403798171519,-62.90750750129504,-0.010139321578492733,REDUCE
2015-05-05,GLD,SELL,114.41999816894531,-0.47291846913002233,-54.111330371917575,-3.7323912425234758,-0.06452543402033906,REDUCE
2015-05-05,QQQ,BUY,98.9311,0.0681,6.74,0.0,0.0,ADD
2015-05-05,SHV,BUY,87.3903,70.6302,6172.39,0.0,0.0,ADD
2015-05-05,TQQQ,BUY,2.1341,7.6774,16.38,0.0,0.0,ADD
2015-05-07,QQQ,SELL,98.8389663696289,-0.06279833426542428,-6.206922448528985,1.3122559569006431,0.2680991563255797,REDUCE
2015-05-07,TQQQ,SELL,2.124422311782837,-1228.452114617912,-2609.751081251099,-25.953433189095442,-0.009846867525135972,CLOSE
2015-05-07,SHV,BUY,87.3903,29.4932,2577.42,0.0,0.0,ADD
2015-05-07,GLD,BUY,113.42,0.3398,38.54,0.0,0.0,ADD
2015-05-14,QQQ,SELL,100.89217376708984,-0.17029434953223901,-17.181367104560195,3.9081799074911006,0.294441707893194,REDUCE
2015-05-14,SHV,SELL,87.3823471069336,-69.17325288783069,-6044.521194360118,-0.24347088124735558,-4.027797519523535e-05,REDUCE
2015-05-14,GLD,SELL,117.18000030517578,-1.160520326865235,-135.98977225623094,-5.901024487587546,-0.041588493566934726,REDUCE
2015-05-14,QLD,BUY,4.6982,1319.1701,6197.69,0.0,0.0,ADD
2015-05-26,QLD,SELL,4.663756370544434,-5.705170144859187,-26.60752360812694,-0.060384057941867325,-0.0022642967981585382,REDUCE
2015-05-26,QQQ,SELL,100.54232788085938,-0.19351824206797436,-19.456774544925793,4.373456395666333,0.289953202099702,REDUCE
2015-05-26,SHV,SELL,87.3823471069336,-30.906489354224714,-2700.681580607612,-0.10878236724731087,-4.027797519523535e-05,REDUCE
2015-05-26,GLD,BUY,113.91,1.0997,125.26,0.0,0.0,ADD
2015-05-26,TQQQ,BUY,2.231,1175.0205,2621.48,0.0,0.0,OPEN
2015-05-27,QLD,SELL,4.813723564147949,-24.382699960867956,-117.37157735917935,3.39853629364684,0.029818773473744065,REDUCE
2015-05-27,TQQQ,SELL,2.3383896350860596,-1175.0205441620192,-2747.655861481647,126.17248360626463,0.04813018639413347,CLOSE
2015-05-27,QQQ,BUY,102.1628,0.013,1.33,0.0,0.0,ADD
2015-05-27,SHV,BUY,87.3823,31.3788,2741.96,0.0,0.0,ADD
2015-05-27,GLD,BUY,113.89,1.069,121.75,0.0,0.0,ADD
2015-06-01,QLD,SELL,4.765168190002441,-284.20069791616726,-1354.2641252866133,25.813302923325892,0.019431131727860596,REDUCE
2015-06-01,SHV,SELL,87.3823471069336,-53.9227838509939,-4711.899415439702,-0.11916394009560616,-2.5289361255342868e-05,REDUCE
2015-06-01,GLD,SELL,114.0,-41.39487627467363,-4719.015895312794,-330.5139708370365,-0.0654544045877774,REDUCE
2015-06-01,XLC,BUY,28.2739,110.5239,3124.95,0.0,0.0,OPEN
2015-06-01,SMH,BUY,26.5709,117.608,3124.95,0.0,0.0,OPEN
2015-06-01,QQQ,BUY,101.6656,0.0405,4.12,0.0,0.0,ADD
2015-06-01,USD,BUY,1.0259,1370.7526,1406.23,0.0,0.0,OPEN
2015-06-01,XLY,BUY,33.8425,92.338,3124.95,0.0,0.0,OPEN
2015-06-03,XLC,SELL,28.416011089430512,-0.813246195090492,-23.10921289812859,0.1155456983333168,0.005025109623850943,REDUCE
2015-06-03,QLD,SELL,4.763939380645752,-2.770890200906365,-13.200352947543252,0.2482687582276993,0.019168247719737685,REDUCE
2015-06-03,QQQ,SELL,101.6471939086914,-0.057210837821327,-5.815321125703122,1.3533679020589209,0.30331288434117387,REDUCE
2015-06-03,SHV,SELL,87.3902816772461,-30.39749136404979,-2656.4453325859668,0.1740156276250221,6.551123995279795e-05,CLOSE
2015-06-03,XLY,SELL,34.183021545410156,-1.1365572318590966,-38.850960344231225,0.3870452905475365,0.010062555774869475,REDUCE
2015-06-03,SMH,BUY,26.0091,2.2553,58.66,0.0,0.0,ADD
2015-06-03,USD,BUY,1.0039,26.6561,26.76,0.0,0.0,ADD
2015-06-03,GLD,BUY,113.64,0.0184,2.09,0.0,0.0,ADD
2015-06-03,TQQQ,BUY,2.3009,1151.6609,2649.91,0.0,0.0,OPEN
2015-06-11,XLC,SELL,28.20802476561729,-0.6443635227034548,-18.17622220647945,-0.04246788537191011,-0.0023310065190089713,REDUCE
2015-06-11,QQQ,SELL,100.95663452148438,-0.16683109308531888,-16.842705691434276,3.8313155083205737,0.29445858239597555,REDUCE
2015-06-11,XLY,SELL,34.028236389160156,-0.7898710403684222,-26.877918478608535,0.1467238247327435,0.00548886148309391,REDUCE
2015-06-11,GLD,SELL,113.26000213623047,-0.2294226897308926,-25.984414329020638,-2.0000668154139505,-0.07147056988804357,REDUCE
2015-06-11,TQQQ,SELL,2.2524073123931885,-1151.6609168229334,-2594.0094704494186,-55.89955713521959,-0.021094896675064922,CLOSE
2015-06-11,QLD,BUY,4.6963,1.3833,6.5,0.0,0.0,ADD
2015-06-11,SMH,BUY,25.6079,0.2772,7.1,0.0,0.0,ADD
2015-06-11,SHV,BUY,87.3903,29.924,2615.06,0.0,0.0,OPEN
2015-06-11,USD,BUY,0.9526,55.8783,53.23,0.0,0.0,ADD
2015-06-26,XLC,SELL,28.23065504710634,-0.7796212306138371,-22.009218028859777,-0.033739229163057,-0.001530612647301588,REDUCE
2015-06-26,QLD,SELL,4.685267925262451,-5.247647875241418,-24.586636272940268,0.05722162117464117,0.002332775648623997,REDUCE
2015-06-26,QQQ,SELL,100.83816528320312,-0.134286201182869,-13.54117415013161,3.0680055849358263,0.29293957848929875,REDUCE
2015-06-26,SHV,SELL,87.3744125366211,-29.923964253557347,-2614.5887974214224,-0.4748675967971747,-0.00018158930627554248,CLOSE
2015-06-26,XLY,SELL,34.56230545043945,-1.9624566575347229,-67.82702643096354,1.4126268248118863,0.021269887753092576,REDUCE
2015-06-26,SMH,BUY,24.9258,2.5037,62.41,0.0,0.0,ADD
2015-06-26,USD,BUY,0.8901,92.2847,82.14,0.0,0.0,ADD
2015-06-26,TQQQ,BUY,2.2421,1158.7355,2598.01,0.0,0.0,OPEN
2015-06-29,XLC,SELL,27.611137538170283,-1.3105819812439747,-36.186659339175094,-0.8686458029769438,-0.023441874237565496,REDUCE
2015-06-29,QLD,SELL,4.465847969055176,-1304.943290561279,-5827.678343885265,-272.1011825267441,-0.044608363523394146,CLOSE
2015-06-29,SMH,SELL,24.212478637695312,-0.6521017456575026,-15.788999586336104,-1.5078528569586578,-0.08717498526983081,REDUCE
2015-06-29,QQQ,SELL,98.45726776123047,-0.2684317071247525,-26.429052463985954,5.49368835213376,0.26241188463608345,REDUCE
2015-06-29,XLY,SELL,33.781436920166016,-1.01253996246551,-34.20505487117589,-0.06180825988530385,-0.001803732651246892,REDUCE
2015-06-29,GLD,SELL,113.06999969482422,-0.884445326932009,-100.00423284629096,-7.878486181387278,-0.07302825005148406,REDUCE
2015-06-29,SHV,BUY,87.3823,67.6048,5907.46,0.0,0.0,OPEN
2015-06-29,USD,BUY,0.8364,43.6511,36.51,0.0,0.0,ADD
2015-06-29,TQQQ,BUY,2.0836,46.2271,96.32,0.0,0.0,ADD
2015-06-30,SMH,SELL,24.32839012145996,-121.99214917428374,-2967.8725968673143,-267.9417795846798,-0.08280505258106696,CLOSE
2015-06-30,SHV,SELL,87.3902816772461,-67.60478297142268,-5908.001026601718,0.5364149039480559,9.080289755547533e-05,CLOSE
2015-06-30,USD,SELL,0.8457518815994263,-1589.222742689814,-1344.088124910511,-260.777057565317,-0.16249156652711216,CLOSE
2015-06-30,XLY,SELL,33.93228530883789,-0.12036573440262589,-4.084284441157706,0.010809517361856914,0.0026536354253001715,REDUCE
2015-06-30,TQQQ,SELL,2.107384443283081,-9.921011959095415,-20.907386264223078,-1.2762375340573244,-0.057530615631710025,REDUCE
2015-06-30,XLC,BUY,27.6861,0.0391,1.08,0.0,0.0,ADD
2015-06-30,QLD,BUY,4.496,1317.9991,5925.68,0.0,0.0,OPEN
2015-06-30,QQQ,BUY,98.8079,29.9737,2961.64,0.0,0.0,ADD
2015-06-30,BIL,BUY,73.0043,18.263,1333.28,0.0,0.0,OPEN
2015-06-30,GLD,BUY,112.37,0.2072,23.28,0.0,0.0,ADD
2015-07-07,XLC,SELL,27.98741426090551,-0.11372775899947643,-3.1829459040827714,-0.03256055196167159,-0.010126103743460013,REDUCE
2015-07-07,QLD,SELL,4.5641889572143555,-1317.9991118468404,-6015.596991909677,89.92162367012307,0.01517491561419071,CLOSE
2015-07-07,XLY,SELL,34.48244857788086,-0.5504307240076018,-18.98019913627786,0.3522585295959904,0.018910224003486187,REDUCE
2015-07-07,TQQQ,SELL,2.1513671875,-1195.0415784499157,-2570.973239575356,-101.16876659689656,-0.0378605502114826,CLOSE
2015-07-07,QQQ,BUY,99.6385,0.0771,7.68,0.0,0.0,ADD
2015-07-07,SHV,BUY,87.3903,97.5727,8526.9,0.0,0.0,OPEN
2015-07-07,BIL,BUY,72.9883,0.1832,13.37,0.0,0.0,ADD
2015-07-07,GLD,BUY,110.76,0.5488,60.78,0.0,0.0,ADD
2015-07-08,SHV,SELL,87.4061279296875,-29.676934225354763,-2593.94590946228,0.4702681914219806,0.00018132739862242175,REDUCE
2015-07-08,BIL,SELL,72.98831176757812,-0.15194079019743703,-11.089901765142713,-0.0024090345854875937,-0.0002171805883357525,REDUCE
2015-07-08,GLD,SELL,111.08999633789062,-0.2567687793899212,-28.524442762110993,-2.7045493837937578,-0.08660379980109034,REDUCE
2015-07-08,XLC,BUY,27.4923,1.0286,28.28,0.0,0.0,ADD
2015-07-08,QQQ,BUY,97.9035,0.5187,50.79,0.0,0.0,ADD
2015-07-08,XLY,BUY,33.8258,0.9558,32.33,0.0,0.0,ADD
2015-07-08,TQQQ,BUY,2.0436,1234.1832,2522.16,0.0,0.0,OPEN
2015-07-10,XLC,SELL,27.914734051170527,-0.29193267391554656,-8.149222953199569,-0.10262484517826516,-0.012436589680972943,REDUCE
2015-07-10,QQQ,SELL,99.34317016601562,-0.11532927888333784,-11.457176177231304,1.1544139329256136,0.11204897342590381,REDUCE
2015-07-10,XLY,SELL,34.46024703979492,-0.5286128499798071,-18.2161293987142,0.3266558546756361,0.018259668395020467,REDUCE
2015-07-10,TQQQ,SELL,2.132347583770752,-1234.1832274135481,-2631.707622905668,109.543919019291,0.04343251742561183,CLOSE
2015-07-10,SHV,BUY,87.3903,30.0942,2629.94,0.0,0.0,ADD
2015-07-10,BIL,BUY,72.9883,0.2308,16.85,0.0,0.0,ADD
2015-07-10,GLD,BUY,111.49,0.204,22.74,0.0,0.0,ADD
2015-07-13,XLC,SELL,28.328183970239387,-0.7999209057923695,-22.660306580926772,0.049526236247965906,0.002190381556628651,REDUCE
2015-07-13,QQQ,SELL,101.08731842041016,-0.5656855351580963,-57.18363381834661,6.648993957534038,0.1315729957875893,REDUCE
2015-07-13,SHV,SELL,87.3981704711914,-68.555070059102,-5991.587699689866,0.540816821602718,9.027083783119672e-05,REDUCE
2015-07-13,XLY,SELL,34.9571533203125,-0.6145821587629922,-21.484042751806555,0.6851702494664229,0.03294266308855609,REDUCE
2015-07-13,QLD,BUY,4.6933,1289.7366,6053.07,0.0,0.0,OPEN
2015-07-13,BIL,BUY,72.9883,0.1347,9.83,0.0,0.0,ADD
2015-07-13,GLD,BUY,110.99,0.2705,30.02,0.0,0.0,ADD
2015-07-24,QLD,SELL,4.826016426086426,-28.51128134871143,-137.59591211765292,3.7851182921893565,0.02828709242339955,REDUCE
2015-07-24,QQQ,SELL,102.52694702148438,-0.4743472666228244,-48.63337707482424,6.258299760807495,0.1476882204705119,REDUCE
2015-07-24,SHV,SELL,87.3902816772461,-29.434863111309202,-2572.3209784284913,0.0,0.0,CLOSE
2015-07-24,XLC,BUY,28.4396,0.1728,4.91,0.0,0.0,ADD
2015-07-24,BIL,BUY,73.0043,0.0995,7.27,0.0,0.0,ADD
2015-07-24,XLY,BUY,34.9838,0.4147,14.51,0.0,0.0,ADD
2015-07-24,GLD,BUY,105.35,1.3765,145.02,0.0,0.0,ADD
2015-07-24,TQQQ,BUY,2.337,1106.9067,2586.84,0.0,0.0,OPEN
2015-07-30,QLD,SELL,4.908375263214111,-7.403318054166802,-36.33826320277876,1.5925829348795348,0.045835422492818134,REDUCE
2015-07-30,XLY,SELL,35.480709075927734,-0.26665193425536027,-9.460999703847847,0.43543452676176203,0.048244571749061604,REDUCE
2015-07-30,TQQQ,SELL,2.3960423469543457,-1106.9066609947918,-2652.195233869359,65.35026284110458,0.02526253547197621,CLOSE
2015-07-30,QQQ,BUY,103.4314,0.1238,12.8,0.0,0.0,ADD
2015-07-30,SHV,BUY,87.3823,29.9322,2615.55,0.0,0.0,OPEN
2015-07-30,BIL,BUY,73.0043,0.2081,15.2,0.0,0.0,ADD
2015-07-30,GLD,BUY,104.27,0.5222,54.45,0.0,0.0,ADD
2015-07-31,XLC,SELL,28.76018452356051,-107.01099429264994,-3077.655941906293,52.824338648470494,0.017463563456417752,CLOSE
2015-07-31,QQQ,SELL,103.31137084960938,-29.716354513575624,-3070.037321450475,414.43055840984135,0.15605870725201942,REDUCE
2015-07-31,BIL,SELL,73.00432586669922,-18.96738955733835,-1384.7014880845568,0.008762039449381087,6.3277861468424845e-06,CLOSE
2015-07-31,XLY,SELL,35.59162521362305,-86.72640705631734,-3086.73377607256,151.24095226396747,0.05152148594515826,CLOSE
2015-07-31,QLD,BUY,4.8967,286.0516,1400.71,0.0,0.0,ADD
2015-07-31,SHV,BUY,87.3744,52.844,4617.22,0.0,0.0,ADD
2015-07-31,GLD,BUY,104.93,43.8502,4601.2,0.0,0.0,ADD
2015-08-06,SHV,SELL,87.3823471069336,-30.527317055724115,-2667.5486152066987,0.15463304289543864,5.797157972509126e-05,REDUCE
2015-08-06,GLD,SELL,104.38999938964844,-0.4069136419215379,-42.47771483182896,-2.476094393009541,-0.0550808582343989,REDUCE
2015-08-06,QLD,BUY,4.767,24.4614,116.61,0.0,0.0,ADD
2015-08-06,QQQ,BUY,101.9271,0.0611,6.23,0.0,0.0,ADD
2015-08-06,TQQQ,BUY,2.291,1129.2656,2587.19,0.0,0.0,OPEN
2015-08-10,QLD,SELL,4.858592510223389,-8.273488395934908,-40.19750875390946,1.0505746569174277,0.026836703337085988,REDUCE
2015-08-10,TQQQ,SELL,2.358994722366333,-1129.2655873697192,-2663.931560755085,76.73818533709463,0.029660784565319398,CLOSE
2015-08-10,QQQ,BUY,102.9607,0.0925,9.52,0.0,0.0,ADD
2015-08-10,SHV,BUY,87.3664,30.7542,2686.88,0.0,0.0,ADD
2015-08-10,GLD,BUY,105.72,0.0731,7.73,0.0,0.0,ADD
2015-08-11,SHV,SELL,87.3744125366211,-30.424847376901898,-2658.3531660731605,0.035012110191225014,1.3170774965098886e-05,REDUCE
2015-08-11,GLD,SELL,106.26000213623047,-0.8607863222730228,-91.46715644356937,-3.6239041523675746,-0.038109829984611765,REDUCE
2015-08-11,QLD,BUY,4.7369,27.998,132.62,0.0,0.0,ADD
2015-08-11,QQQ,BUY,101.641,0.1371,13.93,0.0,0.0,ADD
2015-08-11,TQQQ,BUY,2.269,1147.2928,2603.26,0.0,0.0,OPEN
2015-08-13,GLD,SELL,106.86000061035156,-0.17796569682098995,-19.017414470912627,-0.6424551419264414,-0.03267850471942502,REDUCE
2015-08-13,TQQQ,SELL,2.278756618499756,-1147.292811817602,-2614.401088286555,11.137015064514555,0.004278096555425659,CLOSE
2015-08-13,QLD,BUY,4.748,1.0571,5.02,0.0,0.0,ADD
2015-08-13,QQQ,BUY,101.8256,0.0304,3.09,0.0,0.0,ADD
2015-08-13,SHV,BUY,87.3664,30.0494,2625.31,0.0,0.0,ADD
2015-08-20,QLD,SELL,4.471994876861572,-1279.420388668421,-5721.56142347742,-332.2923728924035,-0.054889395097658555,REDUCE
2015-08-20,QQQ,SELL,98.81718444824219,-12.629204298554372,-1247.9824106047804,117.3592774999382,0.10380052739382206,REDUCE
2015-08-20,GLD,SELL,110.44000244140625,-14.649241736038006,-1617.8622930927877,-0.4393661711304275,-0.0002714983134419757,REDUCE
2015-08-20,SHV,BUY,87.3823,98.0966,8571.91,0.0,0.0,ADD
2015-08-31,QLD,SELL,4.210780143737793,-305.69618170336366,-1287.219411932984,-159.24807172713895,-0.11009447051252041,CLOSE
2015-08-31,SHV,SELL,87.3823471069336,-1.4784940905215656,-129.19428381350554,0.007820362479417359,6.0535463782374066e-05,REDUCE
2015-08-31,QQQ,BUY,96.2609,0.2363,22.75,0.0,0.0,ADD
2015-08-31,GLD,BUY,108.82,12.8083,1393.79,0.0,0.0,ADD
2015-09-30,SHV,SELL,87.40689086914062,-1.184410349888204,-103.52562619695891,0.035334718774811535,0.00034143027592370423,REDUCE
2015-09-30,GLD,SELL,106.86000061035156,-11.826357989522567,-1263.7646219786175,-38.88971457861447,-0.02985420881597456,REDUCE
2015-09-30,QQQ,BUY,94.1361,0.2133,20.08,0.0,0.0,ADD
2015-09-30,BIL,BUY,72.9724,18.4632,1347.31,0.0,0.0,OPEN
2015-10-22,SHV,SELL,87.41403198242188,-96.35993225129438,-8423.210199638652,3.5628397132589154,0.0004231578308393491,REDUCE
2015-10-22,QLD,BUY,4.6429,1309.1441,6078.17,0.0,0.0,OPEN
2015-10-22,QQQ,BUY,101.4905,11.9897,1216.84,0.0,0.0,ADD
2015-10-22,BIL,BUY,72.9724,0.2779,20.28,0.0,0.0,ADD
2015-10-22,GLD,BUY,111.69,10.0563,1123.19,0.0,0.0,ADD
2015-11-02,QQQ,SELL,106.0234146118164,-0.624071680771281,-66.16621055790665,6.715671213929106,0.11296232612916435,REDUCE
2015-11-02,BIL,SELL,72.95638275146484,-18.741182507407224,-1367.288884225459,-0.29940823494347174,-0.00021893155754115767,CLOSE
2015-11-02,QLD,BUY,5.0633,189.4152,959.06,0.0,0.0,ADD
2015-11-02,SHV,BUY,87.3641,1.6039,140.12,0.0,0.0,ADD
2015-11-02,GLD,BUY,108.59,3.0783,334.27,0.0,0.0,ADD
2015-11-09,QQQ,SELL,105.06135559082031,-0.22424045381530083,-23.55900605613624,2.1973318561756368,0.10286327914221682,REDUCE
2015-11-09,SHV,SELL,87.36412811279297,-31.090090497728454,-2716.158649281876,-0.3942423966269696,-0.0001451259785276715,REDUCE
2015-11-09,QLD,BUY,4.9686,1.0234,5.09,0.0,0.0,ADD
2015-11-09,GLD,BUY,104.4,1.4334,149.65,0.0,0.0,ADD
2015-11-09,TQQQ,BUY,2.3828,1084.866,2584.99,0.0,0.0,OPEN
2015-11-12,QLD,SELL,4.83154821395874,-1220.7858149635097,-5898.28552391311,165.25304589181187,0.028824718249083947,REDUCE
2015-11-12,QQQ,SELL,103.64598083496094,-12.379282369357913,-1283.06286320504,103.78324481222295,0.08800562919391752,REDUCE
2015-11-12,GLD,SELL,103.8499984741211,-13.017870432610632,-1351.9058245629203,-82.46061636313182,-0.05748922591209937,REDUCE
2015-11-12,TQQQ,SELL,2.2870776653289795,-1084.8659672997992,-2481.1727236868896,-103.81238931881907,-0.04015976293113366,CLOSE
2015-11-12,SHV,BUY,87.3562,125.9116,10999.16,0.0,0.0,ADD
2015-11-16,SHV,SELL,87.36412811279297,-126.79410030553258,-11077.25602303887,0.23846682426570182,2.152807134736534e-05,REDUCE
2015-11-16,QLD,BUY,4.7756,1255.0179,5993.48,0.0,0.0,ADD
2015-11-16,QQQ,BUY,103.0724,12.4302,1281.21,0.0,0.0,ADD
2015-11-16,GLD,BUY,103.71,12.3087,1276.53,0.0,0.0,ADD
2015-11-16,TQQQ,BUY,2.2423,1133.3419,2541.3,0.0,0.0,OPEN
2015-11-18,QLD,SELL,4.96246337890625,-32.769380240816155,-162.61684939450424,6.595982247331036,0.0422762824482259,REDUCE
2015-11-18,QQQ,SELL,105.11682891845703,-0.07036152788381109,-7.396180689003813,0.41632852360080563,0.05964718359858945,REDUCE
2015-11-18,TQQQ,SELL,2.379004716873169,-1133.3419200961391,-2696.225773738809,154.92963553468778,0.060964809730586156,CLOSE
2015-11-18,SHV,BUY,87.3562,30.4571,2660.61,0.0,0.0,ADD
2015-11-18,GLD,BUY,102.43,2.0075,205.63,0.0,0.0,ADD
2015-11-30,QLD,SELL,4.997496128082275,-282.93252951024266,-1413.9542207359618,66.8619573507634,0.04963428205187781,REDUCE
2015-11-30,QQQ,SELL,105.47759246826172,-0.05671410430719911,-5.982067181317234,0.35603722342351013,0.06328391887141738,REDUCE
2015-11-30,SHV,SELL,87.37203216552734,-29.53468302937145,-2580.505275640897,0.35540411001018135,0.00013774552940959417,REDUCE
2015-11-30,USD,BUY,0.8951,1530.1257,1369.69,0.0,0.0,OPEN
2015-11-30,GLD,BUY,101.92,0.4274,43.56,0.0,0.0,ADD
2015-11-30,TQQQ,BUY,2.4016,1077.2837,2587.19,0.0,0.0,OPEN
2015-12-01,QLD,SELL,5.097680568695068,-10.059592957795111,-51.28059154993389,3.3850743052140944,0.07067622399645934,REDUCE
2015-12-01,USD,SELL,0.9171043038368225,-19.271695697528706,-17.67415506643715,0.42311263223897866,0.024526786358151087,REDUCE
2015-12-01,TQQQ,SELL,2.4729130268096924,-1077.283741356878,-2664.028997571707,76.83527672544751,0.029698308289150877,CLOSE
2015-12-01,QQQ,BUY,106.5322,0.0395,4.2,0.0,0.0,ADD
2015-12-01,SHV,BUY,87.361,30.5732,2670.91,0.0,0.0,ADD
2015-12-01,GLD,BUY,102.28,0.5658,57.87,0.0,0.0,ADD
2015-12-03,SHV,SELL,87.3609848022461,-30.866831196453685,-2696.556771046886,0.019202448488954176,7.121149993460918e-06,REDUCE
2015-12-03,GLD,SELL,101.76000213623047,-0.8592387849053424,-87.43614058749972,-5.984428541003874,-0.06405900324554925,REDUCE
2015-12-03,QLD,BUY,4.8641,36.2712,176.43,0.0,0.0,ADD
2015-12-03,QQQ,BUY,104.0808,0.147,15.29,0.0,0.0,ADD
2015-12-03,USD,BUY,0.8882,22.4485,19.94,0.0,0.0,ADD
2015-12-03,TQQQ,BUY,2.3041,1116.4076,2572.33,0.0,0.0,OPEN
2015-12-04,QLD,SELL,5.088460922241211,-19.46233089263065,-99.03331020287897,6.3112779746298475,0.06806664848645361,REDUCE
2015-12-04,USD,SELL,0.9185009598731995,-6.522114501551706,-5.990568430078156,0.15297009430722955,0.026204285651151737,REDUCE
2015-12-04,TQQQ,SELL,2.4624123573303223,-1116.4075932490205,-2749.055853433792,176.72324339974747,0.06870155232274122,CLOSE
2015-12-04,QQQ,BUY,106.5137,0.1542,16.42,0.0,0.0,ADD
2015-12-04,SHV,BUY,87.361,31.8674,2783.97,0.0,0.0,ADD
2015-12-04,GLD,BUY,104.02,0.5162,53.69,0.0,0.0,ADD
2015-12-09,SHV,SELL,87.31339263916016,-31.26100849822218,-2729.5047093013955,-1.4757243407617466,-0.0005403643038165429,REDUCE
2015-12-09,GLD,SELL,102.63999938964844,-0.34492078660935865,-35.40266932706163,-2.0868784384291756,-0.05566560715758084,REDUCE
2015-12-09,QLD,BUY,4.8924,26.0277,127.34,0.0,0.0,ADD
2015-12-09,QQQ,BUY,104.4323,0.0365,3.82,0.0,0.0,ADD
2015-12-09,USD,BUY,0.8804,37.2787,32.82,0.0,0.0,ADD
2015-12-09,TQQQ,BUY,2.3192,1121.4926,2600.93,0.0,0.0,OPEN
2015-12-10,QLD,SELL,4.934805393218994,-5.0670952648775165,-25.005129041071996,0.8510610193496768,0.03523468670305552,REDUCE
2015-12-10,USD,SELL,0.8908583521842957,-11.313984490399957,-10.079157579756384,-0.043433843770895667,-0.004290783056791647,REDUCE
2015-12-10,TQQQ,SELL,2.3520596027374268,-1121.4925875588042,-2637.81740996653,36.88250649993094,0.014180480430622477,CLOSE
2015-12-10,SHV,BUY,87.3213,30.1584,2633.47,0.0,0.0,ADD
2015-12-10,GLD,BUY,102.55,0.3828,39.26,0.0,0.0,ADD
2015-12-11,QLD,SELL,4.7098517417907715,-1245.8227866284383,-5867.640621564583,-71.00603065349743,-0.011956601362530406,CLOSE
2015-12-11,QQQ,SELL,102.4896011352539,-12.389116501585413,-1269.7556086656812,39.60061775934949,0.03219156777161336,REDUCE
2015-12-11,GLD,SELL,103.11000061035156,-13.914550070410538,-1434.729266252798,-77.18317483895821,-0.051050029579242096,REDUCE
2015-12-11,SHV,BUY,87.3292,97.663,8528.84,0.0,0.0,ADD
2015-12-11,USD,BUY,0.8602,32.5541,28.0,0.0,0.0,ADD
2015-12-16,SHV,SELL,87.31339263916016,-98.56620799778258,-8606.150019863519,-2.330021616737529,-0.0002706658557038999,REDUCE
2015-12-16,USD,SELL,0.9002392888069153,-65.64769336804387,-59.09863278946227,0.41029410614048134,0.0069910669708066475,REDUCE
2015-12-16,QLD,BUY,4.9741,1222.3663,6080.22,0.0,0.0,OPEN
2015-12-16,QQQ,BUY,105.4406,11.9912,1264.36,0.0,0.0,ADD
2015-12-16,GLD,BUY,102.75,13.0036,1336.12,0.0,0.0,ADD
2015-12-17,QLD,SELL,4.8364644050598145,-1222.3662587260048,-5911.9309002744585,-168.2913720682624,-0.027678490116023302,CLOSE
2015-12-17,QQQ,SELL,103.90498352050781,-12.317964158204813,-1279.897862864477,19.75720259137264,0.015678569237731477,REDUCE
2015-12-17,GLD,SELL,100.5,-12.269498796677414,-1233.0846290660802,-86.52727041870203,-0.06557024110837817,REDUCE
2015-12-17,SHV,BUY,87.3292,96.2834,8408.35,0.0,0.0,ADD
2015-12-17,USD,BUY,0.8852,1.4709,1.3,0.0,0.0,ADD
2015-12-23,SHV,SELL,87.34512329101562,-97.22105435396018,-8491.784979029184,1.1982415261120332,0.00014112588012560323,REDUCE
2015-12-23,QLD,BUY,4.8873,1230.2728,6012.73,0.0,0.0,OPEN
2015-12-23,QQQ,BUY,104.4914,12.2661,1281.7,0.0,0.0,ADD
2015-12-23,USD,BUY,0.8854,6.8141,6.03,0.0,0.0,ADD
2015-12-23,GLD,BUY,102.31,11.7934,1206.58,0.0,0.0,ADD
2015-12-31,QLD,SELL,4.81904935836792,-951.7258124687063,-4586.4136659195065,-64.96907188359855,-0.013967689942084638,REDUCE
2015-12-31,QQQ,SELL,103.79550170898438,-12.290556243580339,-1275.7044515849116,4.865240202252313,0.0038283680253767827,REDUCE
2015-12-31,USD,SELL,0.8665127754211426,-1527.9365245011495,-1323.9765185128256,-41.91108921376935,-0.03068414192843205,CLOSE
2015-12-31,GLD,SELL,101.45999908447266,-12.508717859637564,-1269.134502586754,-65.00702341876959,-0.04872573272897318,REDUCE
2015-12-31,SHV,BUY,87.3618,96.6099,8440.02,0.0,0.0,ADD
2016-02-01,QLD,SELL,4.1567063331604,-278.5470314843302,-1157.8382098539448,-203.50855298287073,-0.14949060631605238,CLOSE
2016-02-01,QQQ,BUY,96.8826,0.9294,90.04,0.0,0.0,ADD
2016-02-01,SHV,BUY,87.4085,0.7402,64.7,0.0,0.0,ADD
2016-02-01,GLD,BUY,108.05,9.2829,1003.02,0.0,0.0,ADD
2016-03-11,SHV,SELL,87.4402084350586,-24.29740048929271,-2124.569763213849,2.2205805169829027,0.0010462842472327427,REDUCE
2016-03-11,QQQ,BUY,98.8126,13.5235,1336.29,0.0,0.0,ADD
2016-03-11,GLD,BUY,119.41,6.7295,803.57,0.0,0.0,ADD
2016-03-31,QQQ,SELL,101.62784576416016,-0.7856238078271124,-79.84125517050597,0.6176634171733063,0.007796458144645024,REDUCE
2016-03-31,SHV,SELL,87.48774719238281,-70.97646569186558,-6209.571087058768,9.860792197176346,0.0015905246742495827,REDUCE
2016-03-31,GLD,SELL,117.63999938964844,-10.860173327098705,-1277.5907835713679,104.4970437467955,0.0890781701404546,REDUCE
2016-03-31,QLD,BUY,4.5386,1361.0198,6177.15,0.0,0.0,OPEN
2016-03-31,USD,BUY,0.8291,1676.3478,1389.86,0.0,0.0,OPEN
2016-04-08,SHV,SELL,87.5195083618164,-30.057237056806898,-2630.594609926309,5.1305184177674645,0.0019541377215406275,REDUCE
2016-04-08,GLD,SELL,118.43000030517578,-0.4469212923180519,-52.92888878561644,4.653363669971166,0.09639177738251248,REDUCE
2016-04-08,QLD,BUY,4.5171,5.6969,25.73,0.0,0.0,ADD
2016-04-08,QQQ,BUY,101.4417,0.0325,3.29,0.0,0.0,ADD
2016-04-08,USD,BUY,0.8103,37.9173,30.72,0.0,0.0,ADD
2016-04-08,TQQQ,BUY,2.0153,1301.9524,2623.77,0.0,0.0,OPEN
2016-04-12,QLD,SELL,4.5589094161987305,-1.5625354053468492,-7.123457372579651,0.03185058990757926,0.004491307948066847,REDUCE
2016-04-12,GLD,SELL,120.05000305175781,-0.33684626288189307,-40.43839488694448,4.052949611954939,0.1113893091406204,REDUCE
2016-04-12,TQQQ,SELL,2.040222406387329,-1301.9523640477628,-2656.2723851791984,32.50019895271416,0.012386821966984929,CLOSE
2016-04-12,QQQ,BUY,101.9164,0.0882,8.99,0.0,0.0,ADD
2016-04-12,SHV,BUY,87.5195,30.651,2682.56,0.0,0.0,ADD
2016-04-12,USD,BUY,0.8097,15.1744,12.29,0.0,0.0,ADD
2016-04-19,QLD,SELL,4.6407012939453125,-1365.1541959197682,-6335.272843439741,139.4857130810131,0.02251299312682109,CLOSE
2016-04-19,QQQ,SELL,102.88422393798828,-0.12748964606435784,-13.11667329546026,0.2598472868037261,0.02021084260055872,REDUCE
2016-04-19,SHV,BUY,87.5274,71.7989,6284.38,0.0,0.0,ADD
2016-04-19,USD,BUY,0.8121,2.7113,2.2,0.0,0.0,ADD
2016-04-19,GLD,BUY,119.58,0.5169,61.81,0.0,0.0,ADD
2016-04-22,SHV,SELL,87.53531646728516,-30.991299885500712,-2712.833243209843,2.17771462484113,0.0008033903983284407,REDUCE
2016-04-22,USD,SELL,0.8210960030555725,-27.537687296104508,-22.611084972225626,-0.2036228070222489,-0.008925067504369388,REDUCE
2016-04-22,QQQ,BUY,101.4231,0.2414,24.48,0.0,0.0,ADD
2016-04-22,GLD,BUY,117.89,0.5698,67.18,0.0,0.0,ADD
2016-04-22,TQQQ,BUY,2.0097,1315.5047,2643.79,0.0,0.0,OPEN
2016-05-02,USD,SELL,0.7669767141342163,-1704.6131519595372,-1307.3985941598953,-104.85692753458349,-0.07424784390913342,CLOSE
2016-05-02,GLD,SELL,123.23999786376953,-29.16830668866114,-3594.702054000373,438.5429811217003,0.13894831375584427,REDUCE
2016-05-02,QQQ,BUY,99.3198,0.5708,56.69,0.0,0.0,ADD
2016-05-02,SHV,BUY,87.5291,53.4367,4677.26,0.0,0.0,ADD
2016-05-02,TQQQ,BUY,1.8833,89.2814,168.14,0.0,0.0,ADD
2016-05-06,GLD,SELL,123.18000030517578,-0.13028544640771764,-16.048561328262622,1.9510136669300466,0.13839383372197278,REDUCE
2016-05-06,TQQQ,SELL,1.8218953609466553,-1404.7861077146108,-2559.373292767558,-252.55680594834945,-0.08981617504065331,CLOSE
2016-05-06,QQQ,BUY,98.2589,0.1677,16.48,0.0,0.0,ADD
2016-05-06,SHV,BUY,87.5607,29.2248,2558.94,0.0,0.0,ADD
2016-05-09,QQQ,SELL,98.53805541992188,-0.1570928986121765,-15.479628749522817,-0.3557357043963474,-0.02246463637963858,REDUCE
2016-05-09,SHV,SELL,87.56071472167969,-30.617657011603264,-2680.903931039229,2.009659053302989,0.0007501822951052617,REDUCE
2016-05-09,GLD,BUY,120.65,0.5844,70.51,0.0,0.0,ADD
2016-05-09,TQQQ,BUY,1.8379,1428.7034,2625.88,0.0,0.0,OPEN
2016-05-10,QQQ,SELL,99.88749694824219,-0.19444478424957418,-19.422602793330952,-0.17792690570550102,-0.00907765802442817,REDUCE
2016-05-10,TQQQ,SELL,1.9150116443634033,-1428.7033653543535,-2735.9835809947685,110.10829174497417,0.04193203393769385,CLOSE
2016-05-10,SHV,BUY,87.5528,31.308,2741.1,0.0,0.0,ADD
2016-05-10,GLD,BUY,120.98,0.1183,14.31,0.0,0.0,ADD
2016-05-17,SHV,SELL,87.54489135742188,-30.20595995060515,-2644.377482222364,1.242071311529035,0.00046992345015772763,REDUCE
2016-05-17,GLD,SELL,122.22000122070312,-0.34656921787468586,-42.357690231702236,4.766009557362392,0.12678362530930087,REDUCE
2016-05-17,QQQ,BUY,98.1658,0.4577,44.93,0.0,0.0,ADD
2016-05-17,TQQQ,BUY,1.812,1457.9557,2641.8,0.0,0.0,OPEN
2016-05-18,QQQ,SELL,98.51943969726562,-0.131043535323935,-12.910335676062914,-0.29330956523963925,-0.022214287030533963,REDUCE
2016-05-18,TQQQ,SELL,1.8325937986373901,-1457.955696603361,-2671.840568283376,30.03921875693065,0.011370733368091912,CLOSE
2016-05-18,SHV,BUY,87.5369,29.9286,2619.86,0.0,0.0,ADD
2016-05-18,GLD,BUY,120.1,0.5403,64.89,0.0,0.0,ADD
2016-05-27,QQQ,SELL,102.49334716796875,-1.0874769157794322,-111.45914906613325,1.8874760449241201,0.01722594894173768,REDUCE
2016-05-27,SHV,SELL,87.52106475830078,-71.15466478076058,-6227.5320241321315,0.8899067473936884,0.00014291920598896724,REDUCE
2016-05-27,QLD,BUY,4.5903,1349.8478,6196.17,0.0,0.0,OPEN
2016-05-27,GLD,BUY,115.62,1.2353,142.82,0.0,0.0,ADD
2016-05-31,QLD,SELL,4.608722686767578,-2.889751432232373,-13.318062984848439,0.05331390984749925,0.004019217366725503,REDUCE
2016-05-31,SHV,SELL,87.52906799316406,-106.14099385857004,-9290.422268308786,2.176939949831428,0.0002343758021965403,REDUCE
2016-05-31,GLD,SELL,116.05999755859375,-12.101854432999916,-1404.5411959484272,86.62406865587435,0.0657280088876524,REDUCE
2016-05-31,XLC,BUY,29.5326,105.0999,3103.88,0.0,0.0,OPEN
2016-05-31,SMH,BUY,25.9174,119.7603,3103.88,0.0,0.0,OPEN
2016-05-31,USD,BUY,0.8803,1586.6374,1396.75,0.0,0.0,OPEN
2016-05-31,XLK,BUY,19.7932,156.8104,3103.78,0.0,0.0,OPEN
2016-06-06,QLD,SELL,4.6142578125,-1346.9580264273525,-6215.211596551992,32.306023488650034,0.0052250552926758065,CLOSE
2016-06-06,USD,SELL,0.8966234922409058,-22.844610894859144,-20.48301479943325,0.37249839183402905,0.01852256721231038,REDUCE
2016-06-06,GLD,SELL,118.91999816894531,-0.46111803615739366,-54.83615601550491,4.6194424597552715,0.09199013899280484,REDUCE
2016-06-06,XLC,BUY,29.489,0.5615,16.56,0.0,0.0,ADD
2016-06-06,SMH,BUY,26.004,0.0619,1.61,0.0,0.0,ADD
2016-06-06,QQQ,BUY,102.8004,0.0702,7.21,0.0,0.0,ADD
2016-06-06,SHV,BUY,87.5537,71.2836,6241.14,0.0,0.0,ADD
2016-06-06,XLK,BUY,19.7171,1.2178,24.01,0.0,0.0,ADD
2016-06-09,SMH,SELL,26.281816482543945,-0.8102883427216371,-21.29584952135474,0.29522581783402263,0.014057954754197466,REDUCE
2016-06-09,SHV,SELL,87.56153869628906,-29.982116413590393,-2625.2802465452387,0.6381377177242794,0.0002431332316044088,REDUCE
2016-06-09,XLK,SELL,19.842477798461914,-0.3942344424085599,-7.822588170880863,0.019656260686088837,0.0025190865321287337,REDUCE
2016-06-09,GLD,SELL,121.25,-0.34387180820142266,-41.694456744422496,4.246101359654186,0.11338552296962123,REDUCE
2016-06-09,XLC,BUY,29.5846,0.0642,1.9,0.0,0.0,ADD
2016-06-09,QQQ,BUY,102.5492,0.1626,16.67,0.0,0.0,ADD
2016-06-09,USD,BUY,0.888,21.2285,18.85,0.0,0.0,ADD
2016-06-09,TQQQ,BUY,2.0616,1289.6032,2658.67,0.0,0.0,OPEN
2016-06-21,XLC,SELL,29.288642750444126,-0.4414073622635596,-12.928222540753268,-0.10761290622488265,-0.00825515991380732,REDUCE
2016-06-21,SMH,SELL,26.049518585205078,-0.6361229048404455,-16.570695432115826,0.0839992162059333,0.005094969611004974,REDUCE
2016-06-21,USD,SELL,0.8800172209739685,-8.195109403571339,-7.211837402908486,-0.00330832236827226,-0.0004585246777043528,REDUCE
2016-06-21,XLK,SELL,19.592506408691406,-0.24565123877755773,-4.812923470052283,-0.04915777816557192,-0.010110439471489707,REDUCE
2016-06-21,GLD,SELL,120.83999633789062,-0.2366281462192769,-28.594144322579268,2.824846862556372,0.10962063932626376,REDUCE
2016-06-21,TQQQ,SELL,1.9249175786972046,-1289.6031511427423,-2482.3797751779725,-176.29156197840922,-0.0663081440397083,CLOSE
2016-06-21,QQQ,BUY,100.3122,0.2035,20.41,0.0,0.0,ADD
2016-06-21,SHV,BUY,87.5695,28.9152,2532.09,0.0,0.0,ADD
2016-06-24,SHV,SELL,87.609130859375,-30.925896758667058,-2709.3909360735834,1.8696410818346099,0.0006905360579407827,REDUCE
2016-06-24,GLD,SELL,126.0,-1.1727093680089336,-147.76138036912562,20.050890213091076,0.1570026877869879,REDUCE
2016-06-24,XLC,BUY,28.4426,1.6494,46.91,0.0,0.0,ADD
2016-06-24,SMH,BUY,25.1112,2.7442,68.91,0.0,0.0,ADD
2016-06-24,QQQ,BUY,97.3168,0.436,42.43,0.0,0.0,ADD
2016-06-24,USD,BUY,0.8253,81.5007,67.26,0.0,0.0,ADD
2016-06-24,XLK,BUY,19.0299,2.4375,46.39,0.0,0.0,ADD
2016-06-24,TQQQ,BUY,1.749,1478.1394,2585.25,0.0,0.0,OPEN
2016-06-27,XLC,SELL,27.895295978147946,-0.08533706141702813,-2.380502586133389,-0.13827430513355063,-0.054897401041343885,REDUCE
2016-06-27,QQQ,SELL,95.38521575927734,-13.338152130618623,-1272.2625188091222,-71.07844021758429,-0.0529116898728994,REDUCE
2016-06-27,GLD,SELL,126.68000030517578,-10.558320408696558,-1337.5280325958236,187.7049720804339,0.1632468320789271,REDUCE
2016-06-27,TQQQ,SELL,1.6471551656723022,-1478.1393676669413,-2434.7248950361927,-150.52405018510527,-0.058224199438642654,CLOSE
2016-06-27,SMH,BUY,24.3369,1.3511,32.88,0.0,0.0,ADD
2016-06-27,SHV,BUY,87.6091,56.3878,4940.08,0.0,0.0,ADD
2016-06-27,USD,BUY,0.7735,75.6101,58.49,0.0,0.0,ADD
2016-06-28,XLC,SELL,28.44929725292929,-0.8404850122168721,-23.911207949189702,-0.8962343399543745,-0.036127639823093416,REDUCE
2016-06-28,SMH,SELL,25.001888275146484,-1.84633791252105,-46.161934207018476,-1.6249213687593926,-0.034003521453356056,REDUCE
2016-06-28,SHV,SELL,87.59326934814453,-56.96021708095204,-4989.331636900615,0.9968167823462468,0.00019982956603592505,REDUCE
2016-06-28,USD,SELL,0.8142063617706299,-67.1220347964587,-54.65118774626626,-3.957776413888956,-0.06752851668004078,REDUCE
2016-06-28,XLK,SELL,19.01639747619629,-1.2338524704888851,-23.46342900580339,-0.9433899073578913,-0.038652718763327765,REDUCE
2016-06-28,QQQ,BUY,97.4755,13.0715,1274.15,0.0,0.0,ADD
2016-06-28,GLD,BUY,125.32,10.4959,1315.34,0.0,0.0,ADD
2016-06-28,TQQQ,BUY,1.7504,1464.5264,2563.47,0.0,0.0,OPEN
2016-06-29,SMH,SELL,25.51203727722168,-0.39031042172098945,-9.957614028633998,-0.1443871413653913,-0.014292924633011128,REDUCE
2016-06-29,QQQ,SELL,99.20173645019531,-0.01569168587388668,-1.556642486520559,0.001527398069951004,0.0009821768699271871,REDUCE
2016-06-29,USD,SELL,0.8549811244010925,-52.34435649867014,-44.75343677528463,-0.9520982747166089,-0.020831137271996147,REDUCE
2016-06-29,TQQQ,SELL,1.8413113355636597,-1464.5264213094258,-2696.6491007895256,133.1786186028776,0.05195246815921051,CLOSE
2016-06-29,XLC,BUY,28.8976,0.1405,4.06,0.0,0.0,ADD
2016-06-29,SHV,BUY,87.5933,30.9438,2710.47,0.0,0.0,ADD
2016-06-29,XLK,BUY,19.309,0.2684,5.18,0.0,0.0,ADD
2016-06-29,GLD,BUY,125.84,0.2639,33.21,0.0,0.0,ADD
2016-06-30,XLC,SELL,29.162146661985492,-0.06945851268291132,-2.0255593337824394,-0.024495427370427567,-0.011948669779266008,REDUCE
2016-06-30,SMH,SELL,25.967531204223633,-1.105495823832595,-28.70699730151182,0.09459167692033885,0.0033059672843112065,REDUCE
2016-06-30,QQQ,SELL,100.34950256347656,-0.07988522396925829,-8.016442487486984,0.09946542477453821,0.012563561064614204,REDUCE
2016-06-30,USD,SELL,0.8837344646453857,-1614.470710868969,-1426.7634093554436,17.055608960633304,0.01209868382359569,CLOSE
2016-06-30,XLK,SELL,19.520496368408203,-0.3865972562893569,-7.546570337432968,-0.10039644636215125,-0.013128924082016935,REDUCE
2016-06-30,SHV,BUY,87.6171,0.8205,71.89,0.0,0.0,ADD
2016-06-30,GLD,BUY,126.47,11.079,1401.17,0.0,0.0,ADD
2016-07-07,XLC,SELL,29.40914298222314,-0.3411059081751677,-10.031632425604585,-0.036043430114083425,-0.0035801142816501708,REDUCE
2016-07-07,QQQ,SELL,101.35730743408203,-0.12493952219530728,-12.663533561817076,0.28147737797078815,0.022732684603548048,REDUCE
2016-07-07,SHV,SELL,87.61865234375,-70.45745297360143,-6173.387077120098,2.6185405981267613,0.0004243459437229813,REDUCE
2016-07-07,GLD,SELL,129.74000549316406,-0.6394350865135079,-82.96031163678435,5.855472684044784,0.0759417017605577,REDUCE
2016-07-07,QLD,BUY,4.4661,1392.5635,6219.31,0.0,0.0,OPEN
2016-07-07,SMH,BUY,25.6897,1.9179,49.27,0.0,0.0,ADD
2016-07-07,XLK,BUY,19.5565,0.535,10.46,0.0,0.0,ADD
2016-07-13,QLD,SELL,4.682069301605225,-1392.5635192669029,-6520.078904094901,300.76859872884074,0.048360442550894334,CLOSE
2016-07-13,SMH,SELL,27.042490005493164,-3.013040299432069,-81.48011218353986,3.505884291517404,0.0449620905047281,REDUCE
2016-07-13,XLK,SELL,20.146129608154297,-0.5699276825344555,-11.481836959614157,0.2089886262782367,0.018539114525316425,REDUCE
2016-07-13,QQQ,BUY,103.7834,0.0642,6.66,0.0,0.0,ADD
2016-07-13,SHV,BUY,87.5948,73.6859,6454.51,0.0,0.0,ADD
2016-07-13,GLD,BUY,128.32,1.1783,151.2,0.0,0.0,ADD
2016-07-18,XLC,SELL,30.418292771622635,-0.11591644777879223,-3.5259804455818085,0.10472858622108597,0.030611188689468438,REDUCE
2016-07-18,SMH,SELL,27.985355377197266,-3.2296922875958622,-90.3840864273634,6.803139135826911,0.08139581275738661,REDUCE
2016-07-18,QQQ,SELL,105.01520538330078,-0.13741795727206754,-14.430975006279823,0.8106719247331845,0.059519374853817864,REDUCE
2016-07-18,SHV,SELL,87.602783203125,-72.67933082009935,-6366.911661181364,0.8591508614389489,0.0001349581801353139,REDUCE
2016-07-18,XLK,SELL,20.3936824798584,-0.8981242844431525,-18.31606148438368,0.5516693460856316,0.031054783174724765,REDUCE
2016-07-18,QLD,BUY,4.7904,1341.3724,6425.67,0.0,0.0,OPEN
2016-07-18,GLD,BUY,127.04,0.5397,68.57,0.0,0.0,ADD
2016-07-19,XLC,SELL,30.35665714509221,-0.10934039468261017,-3.3192088734890604,0.09204796768742333,0.02852289376769024,REDUCE
2016-07-19,QLD,SELL,4.754678726196289,-1341.3723776822533,-6377.794708073144,-47.87399278867783,-0.0074504296778102885,CLOSE
2016-07-19,XLK,SELL,20.34866714477539,-0.13453106059795955,-2.737527772741487,0.07657921958546822,0.02877891776398367,REDUCE
2016-07-19,GLD,SELL,127.20999908447266,-0.14438387786080348,-18.367072970485424,0.901524088472835,0.051617277794303806,REDUCE
2016-07-19,SMH,BUY,27.876,0.0976,2.72,0.0,0.0,ADD
2016-07-19,QQQ,BUY,104.6326,0.0152,1.59,0.0,0.0,ADD
2016-07-19,SHV,BUY,87.5948,73.0397,6397.9,0.0,0.0,ADD
2016-07-20,XLC,SELL,30.618335114643383,-0.5308998164833637,-16.255268493390304,0.5858616138405695,0.037388882575075666,REDUCE
2016-07-20,SMH,SELL,28.304195404052734,-1.3369574956906838,-37.84150620494211,3.240222062824936,0.0936445609797727,REDUCE
2016-07-20,QQQ,SELL,105.85501098632812,-0.2092972675433815,-22.155164555213105,1.4098035236265978,0.06795753139605787,REDUCE
2016-07-20,SHV,SELL,87.59484100341797,-73.02209032718407,-6396.358391946914,0.08472862528778558,1.3246560379931438e-05,REDUCE
2016-07-20,XLK,SELL,20.614219665527344,-1.4768729196839125,-30.444582784432896,1.2328688400040895,0.04220460471266585,REDUCE
2016-07-20,QLD,BUY,4.8667,1320.9695,6428.72,0.0,0.0,OPEN
2016-07-20,GLD,BUY,125.39,0.5928,74.33,0.0,0.0,ADD
2016-08-01,QLD,SELL,5.070345401763916,-22.586184444821946,-114.51975644319464,4.600290296616619,0.04185146141887297,REDUCE
2016-08-01,SMH,SELL,29.00565528869629,-0.08258242904733767,-2.395357469850296,0.25807329901958925,0.12074823860192763,REDUCE
2016-08-01,GLD,SELL,129.22000122070312,-11.67328845039652,-1508.422347809858,95.43196963045241,0.06753900883133657,REDUCE
2016-08-01,XLC,BUY,30.9164,1.4869,45.97,0.0,0.0,ADD
2016-08-01,QQQ,BUY,108.0945,0.0728,7.87,0.0,0.0,ADD
2016-08-01,SHV,BUY,87.6187,0.7411,64.93,0.0,0.0,ADD
2016-08-01,USD,BUY,1.0529,1406.7477,1481.23,0.0,0.0,OPEN
2016-08-01,XLK,BUY,20.9473,1.2092,25.33,0.0,0.0,ADD
2016-08-22,QLD,SELL,5.19833517074585,-11.25232098214309,-58.49333591399591,3.7320229401853173,0.06815072060032867,REDUCE
2016-08-22,SMH,SELL,29.966737747192383,-1.8427945490767044,-55.222540974137246,7.529882072361771,0.15788346143312748,REDUCE
2016-08-22,SHV,SELL,87.63451385498047,-31.93249294058293,-2798.3884950255806,1.2853985855418804,0.00045954637395295705,CLOSE
2016-08-22,USD,SELL,1.1278858184814453,-71.98393407467631,-81.18965840133069,5.394344869322961,0.0711698997992134,REDUCE
2016-08-22,XLC,BUY,31.0135,1.4029,43.51,0.0,0.0,ADD
2016-08-22,QQQ,BUY,109.5036,0.0849,9.3,0.0,0.0,ADD
2016-08-22,XLK,BUY,21.1633,0.94,19.89,0.0,0.0,ADD
2016-08-22,GLD,BUY,127.78,0.6022,76.95,0.0,0.0,ADD
2016-08-22,TQQQ,BUY,2.4624,1154.8223,2843.65,0.0,0.0,OPEN
2016-08-23,USD,SELL,1.1544357538223267,-24.712725081337307,-28.529253408277555,2.508047845559839,0.09638476739729862,REDUCE
2016-08-23,TQQQ,SELL,2.4770734310150146,-1154.8223134622997,-2860.5796702207554,16.9309350303977,0.005953947413010585,CLOSE
2016-08-23,QLD,BUY,5.2162,1.4834,7.74,0.0,0.0,ADD
2016-08-23,QQQ,BUY,109.6996,0.0726,7.96,0.0,0.0,ADD
2016-08-23,SHV,BUY,87.6187,32.6038,2856.7,0.0,0.0,OPEN
2016-08-23,XLK,BUY,21.2399,0.1533,3.26,0.0,0.0,ADD
2016-08-23,GLD,BUY,127.76,0.1053,13.46,0.0,0.0,ADD
2016-08-24,XLC,SELL,30.98761692984032,-0.397819626646749,-12.327482197701556,0.5704716940908379,0.04852183247736641,REDUCE
2016-08-24,SMH,SELL,29.875638961791992,-0.16563427871043226,-4.948429910449704,0.6617126738830102,0.15436349947191474,REDUCE
2016-08-24,QQQ,SELL,108.99034118652344,-0.06818765085938866,-7.4317953318723085,0.6670652329190601,0.09860929012116526,REDUCE
2016-08-24,SHV,SELL,87.61865234375,-32.60376994649178,-2856.6983840372677,0.0,0.0,CLOSE
2016-08-24,XLK,SELL,21.12282943725586,-0.5659294349708389,-11.954030928411612,0.7497611036692572,0.06691744445618064,REDUCE
2016-08-24,QLD,BUY,5.1479,5.2591,27.07,0.0,0.0,ADD
2016-08-24,USD,BUY,1.1214,26.3955,29.6,0.0,0.0,ADD
2016-08-24,GLD,BUY,126.34,0.0466,5.89,0.0,0.0,ADD
2016-08-24,TQQQ,BUY,2.4293,1165.2606,2830.8,0.0,0.0,OPEN
2016-08-31,XLC,SELL,30.839615169583176,-107.47359058482456,-3314.444174529327,138.21040241192478,0.043513926344215026,CLOSE
2016-08-31,SMH,SELL,30.158048629760742,-1.2327637979447192,-37.17775056742539,5.273063552102812,0.16527551420800224,REDUCE
2016-08-31,USD,SELL,1.1565392017364502,-42.85072035801027,-49.558537916685054,4.381061292068808,0.09697445761460832,REDUCE
2016-08-31,XLK,SELL,21.14983367919922,-0.4706479421731874,-9.954125698420285,0.6362386780361132,0.06828143297340405,REDUCE
2016-08-31,QLD,BUY,5.114,6.3348,32.4,0.0,0.0,ADD
2016-08-31,QQQ,BUY,108.6544,30.6341,3328.54,0.0,0.0,ADD
2016-08-31,GLD,BUY,124.78,0.2413,30.11,0.0,0.0,ADD
2016-08-31,TQQQ,BUY,2.4079,8.3435,20.09,0.0,0.0,ADD
2016-09-01,QLD,SELL,5.140493392944336,-0.7179214273262804,-3.690470353823912,0.19461684767610996,0.05567076747748634,REDUCE
2016-09-01,SMH,SELL,30.435895919799805,-0.5018162150718924,-15.273226092795994,2.2859131073115853,0.17601124342398555,REDUCE
2016-09-01,TQQQ,SELL,2.418627977371216,-1173.6041170735155,-2838.511751912048,-12.376787138946034,-0.004341378826078546,CLOSE
2016-09-01,QQQ,BUY,108.9344,0.1153,12.57,0.0,0.0,ADD
2016-09-01,SHV,BUY,87.6131,32.4039,2839.01,0.0,0.0,OPEN
2016-09-01,XLK,BUY,21.2173,0.2236,4.74,0.0,0.0,ADD
2016-09-01,GLD,BUY,125.29,0.0092,1.16,0.0,0.0,ADD
2016-09-09,QQQ,SELL,106.63885498046875,-0.35153433452191085,-37.48721891973764,0.8118771836821334,0.02213686758599387,REDUCE
2016-09-09,SHV,SELL,87.62896728515625,-32.40394229557829,-2839.5239993293208,0.5147171620131988,0.00018130168338870156,CLOSE
2016-09-09,XLK,SELL,20.7762508392334,-1.0208144063610856,-21.208696166861046,0.9965565192136817,0.049304850282373636,REDUCE
2016-09-09,GLD,SELL,126.75,-0.8661223027994011,-109.78100187982409,4.71396376653345,0.04486624778982096,REDUCE
2016-09-09,QLD,BUY,4.9208,21.17,104.17,0.0,0.0,ADD
2016-09-09,SMH,BUY,29.0512,2.1104,61.31,0.0,0.0,ADD
2016-09-09,USD,BUY,1.0681,75.422,80.56,0.0,0.0,ADD
2016-09-09,TQQQ,BUY,2.2681,1217.7645,2761.96,0.0,0.0,OPEN
2016-09-12,QLD,SELL,5.094958782196045,-12.727580572933372,-64.84649841617465,2.860206462242433,0.0461425643006379,REDUCE
2016-09-12,USD,SELL,1.1145613193511963,-23.76273154274132,-26.485021419666054,1.413959309553147,0.05639806177109663,REDUCE
2016-09-12,TQQQ,SELL,2.3843538761138916,-1217.7645319168028,-2903.5815818698475,141.62091812571956,0.05127550148876403,CLOSE
2016-09-12,SMH,BUY,29.6479,0.5338,15.83,0.0,0.0,ADD
2016-09-12,QQQ,BUY,108.5518,0.4138,44.91,0.0,0.0,ADD
2016-09-12,SHV,BUY,87.6131,32.3256,2832.14,0.0,0.0,OPEN
2016-09-12,XLK,BUY,21.1228,1.3427,28.36,0.0,0.0,ADD
2016-09-12,GLD,BUY,126.59,0.5819,73.67,0.0,0.0,ADD
2016-09-13,QQQ,SELL,107.58133697509766,-0.10112083505194795,-10.87871463092688,0.3257344323789522,0.03086658235403239,REDUCE
2016-09-13,SHV,SELL,87.62101745605469,-32.325560759241824,-2832.3985235622845,0.25648943473519514,9.056376115479381e-05,CLOSE
2016-09-13,XLK,SELL,20.969797134399414,-0.549738554759702,-11.527905970268876,0.6368847309415219,0.058477962437694764,REDUCE
2016-09-13,GLD,SELL,125.75,-0.0916451228928618,-11.52437420377737,0.3945505522764812,0.03544984760142844,REDUCE
2016-09-13,QLD,BUY,5.0076,8.5771,42.95,0.0,0.0,ADD
2016-09-13,USD,BUY,1.0871,19.204,20.88,0.0,0.0,ADD
2016-09-13,TQQQ,BUY,2.3281,1203.4875,2801.82,0.0,0.0,OPEN
2016-09-15,QLD,SELL,5.21433162689209,-12.01658892230687,-62.658479664945844,4.12413056746877,0.07045658884155137,REDUCE
2016-09-15,SMH,SELL,30.303800582885742,-0.1522826618044395,-4.614743415552766,0.661782452551904,0.1674143657744387,REDUCE
2016-09-15,USD,SELL,1.16214919090271,-47.533851030519976,-55.24142651560874,5.069008477557731,0.1010317755407637,REDUCE
2016-09-15,TQQQ,SELL,2.467365026473999,-1203.4874707659642,-2969.4428951675895,167.6181020253547,0.059824619453585415,CLOSE
2016-09-15,QQQ,BUY,109.7742,0.6333,69.52,0.0,0.0,ADD
2016-09-15,SHV,BUY,87.6131,32.9959,2890.88,0.0,0.0,OPEN
2016-09-15,XLK,BUY,21.4154,1.6214,34.72,0.0,0.0,ADD
2016-09-15,GLD,BUY,125.37,0.7778,97.52,0.0,0.0,ADD
2016-09-29,SMH,SELL,31.146461486816406,-2.0245068039535377,-63.05622319913664,10.503974173997332,0.19987677728069397,REDUCE
2016-09-29,SHV,SELL,87.68453979492188,-32.99593708175669,-2893.2335581160332,2.357787679349771,0.0008155963336307082,CLOSE
2016-09-29,USD,SELL,1.204928994178772,-34.98574994467388,-42.15534449142592,5.22756284647015,0.14156178935227803,REDUCE
2016-09-29,QLD,BUY,5.2494,3.2911,17.28,0.0,0.0,ADD
2016-09-29,QQQ,BUY,110.2363,0.2886,31.82,0.0,0.0,ADD
2016-09-29,XLK,BUY,21.4814,0.9793,21.04,0.0,0.0,ADD
2016-09-29,GLD,BUY,126.07,0.0845,10.65,0.0,0.0,ADD
2016-09-29,TQQQ,BUY,2.4963,1168.8,2917.66,0.0,0.0,OPEN
2016-09-30,QLD,SELL,5.3250932693481445,-3.5678580721830717,-18.99917700617152,1.616285275422966,0.09298138080006124,REDUCE
2016-09-30,SMH,SELL,31.642940521240234,-0.46533965005723193,-14.724714868935735,2.6454049237565815,0.21900298409118646,REDUCE
2016-09-30,USD,SELL,1.2445014715194702,-26.302713391453185,-32.73376552061836,4.971009017600907,0.17905315047014958,REDUCE
2016-09-30,TQQQ,SELL,2.547602653503418,-1168.8000124920004,-2977.6380132394484,59.97315222942611,0.020555188853549344,CLOSE
2016-09-30,QQQ,BUY,111.0595,0.2391,26.56,0.0,0.0,ADD
2016-09-30,SHV,BUY,87.6766,33.6653,2951.66,0.0,0.0,OPEN
2016-09-30,XLK,BUY,21.5944,1.0158,21.94,0.0,0.0,ADD
2016-09-30,GLD,BUY,125.64,0.3498,43.94,0.0,0.0,ADD
2016-10-07,QLD,SELL,5.3054022789001465,-3.5640633475487897,-18.908789806229834,1.5443862793647267,0.08893978287105275,REDUCE
2016-10-07,SMH,SELL,31.71126365661621,-0.9395060101853591,-29.792922795963477,5.40517872345249,0.22163504370808207,REDUCE
2016-10-07,QQQ,SELL,110.82567596435547,-0.2501013274708966,-27.71764867654474,1.5879647881556154,0.06077244542790794,REDUCE
2016-10-07,SHV,SELL,87.67108917236328,-33.66527002969178,-2951.470890784797,-0.18595623398969155,-6.300062765685066e-05,CLOSE
2016-10-07,USD,SELL,1.2475073337554932,-11.067706585096369,-13.807045132761687,2.1249787848571455,0.18190093443856448,REDUCE
2016-10-07,XLK,SELL,21.522048950195312,-0.4956091196505878,-10.666523733283157,0.8292363446520192,0.08429522406861478,REDUCE
2016-10-07,GLD,BUY,119.74,0.9993,119.66,0.0,0.0,ADD
2016-10-07,TQQQ,BUY,2.5331,1157.7353,2932.71,0.0,0.0,OPEN
2016-10-10,QLD,SELL,5.368781089782715,-6.986146490420667,-37.50709116822236,3.470023100706405,0.10194835506463917,REDUCE
2016-10-10,XLK,SELL,21.671192169189453,-0.06672850689050622,-1.446086295987243,0.12159997547935059,0.09180915921632282,REDUCE
2016-10-10,TQQQ,SELL,2.5785088539123535,-1157.7352868960884,-2985.2306877483225,52.52463579372639,0.01790995580982946,CLOSE
2016-10-10,SMH,BUY,31.6111,1.0555,33.36,0.0,0.0,ADD
2016-10-10,QQQ,BUY,111.5272,0.0103,1.15,0.0,0.0,ADD
2016-10-10,SHV,BUY,87.6472,33.6782,2951.8,0.0,0.0,OPEN
2016-10-10,USD,BUY,1.2323,23.5834,29.06,0.0,0.0,ADD
2016-10-10,GLD,BUY,120.16,0.0733,8.81,0.0,0.0,ADD
2016-10-11,QQQ,SELL,109.93695068359375,-0.1842206716479069,-20.25265889385446,1.0057153685897064,0.05225325087432919,REDUCE
2016-10-11,SHV,SELL,87.67108917236328,-33.67820207104593,-2952.6046569355376,0.8047495184823292,0.00027263010492695194,CLOSE
2016-10-11,XLK,SELL,21.42713737487793,-0.9967115339330145,-21.356674960708006,1.5730644214687894,0.07951351540957297,REDUCE
2016-10-11,GLD,SELL,119.55000305175781,-0.3045628212788393,-36.41048621333721,-0.6156837193016805,-0.016628339372443457,REDUCE
2016-10-11,QLD,BUY,5.2143,15.1267,78.88,0.0,0.0,ADD
2016-10-11,SMH,BUY,30.9597,0.3582,11.09,0.0,0.0,ADD
2016-10-11,USD,BUY,1.1791,34.1396,40.25,0.0,0.0,ADD
2016-10-11,TQQQ,BUY,2.4719,1173.3397,2900.4,0.0,0.0,OPEN
2016-10-18,QLD,SELL,5.245715141296387,-1.4614568482073194,-7.66638631699243,0.5402699051048703,0.07581547562198243,REDUCE
2016-10-18,USD,SELL,1.1931071281433105,-9.009137344598987,-10.748865984263148,1.1816143306252145,0.1235061408859155,REDUCE
2016-10-18,GLD,SELL,120.41999816894531,-0.05737008418742184,-6.908505432801576,-0.06606381125102001,-0.00947209912746283,REDUCE
2016-10-18,TQQQ,SELL,2.4887619018554688,-1173.3396996418703,-2920.1631424032257,19.758738595343814,0.006812408148809457,CLOSE
2016-10-18,SMH,BUY,31.0189,0.3281,10.18,0.0,0.0,ADD
2016-10-18,QQQ,BUY,110.255,0.1146,12.64,0.0,0.0,ADD
2016-10-18,SHV,BUY,87.6711,33.2447,2914.6,0.0,0.0,OPEN
2016-10-18,XLK,BUY,21.4814,0.3756,8.07,0.0,0.0,ADD
2016-10-28,SMH,SELL,30.877721786499023,-0.13419047650726076,-4.143496199988931,0.6487391658993547,0.18563212251130312,REDUCE
2016-10-28,SHV,SELL,87.6868896484375,-33.244743396934645,-2915.1281456376296,0.5252827726368077,0.00018022447563259547,CLOSE
2016-10-28,XLK,SELL,21.440704345703125,-0.6184868734508253,-13.260794195357448,0.982145149888717,0.07998804642528357,REDUCE
2016-10-28,GLD,SELL,121.58000183105469,-0.36902165153408467,-44.86565306921284,0.00312414610887674,6.96382077396418e-05,REDUCE
2016-10-28,QLD,BUY,5.1719,11.0268,57.03,0.0,0.0,ADD
2016-10-28,QQQ,BUY,109.5441,0.0398,4.36,0.0,0.0,ADD
2016-10-28,USD,BUY,1.1722,15.5196,18.19,0.0,0.0,ADD
2016-10-28,TQQQ,BUY,2.444,1185.691,2897.81,0.0,0.0,OPEN
2016-11-03,QLD,SELL,4.907897472381592,-1318.3583841467034,-6470.367781246686,38.7424962638559,0.006023748982129762,CLOSE
2016-11-03,SMH,SELL,30.490554809570312,-2.079009714699264,-63.39015965566705,9.245975854421745,0.17076581832616133,REDUCE
2016-11-03,QQQ,SELL,106.6908950805664,-0.3007003754464258,-32.081992207441544,0.6610096806644638,0.02103720595309677,REDUCE
2016-11-03,USD,SELL,1.137203574180603,-1.7586730037596339,-1.9999692256903927,0.13004826799343222,0.06954746801362277,REDUCE
2016-11-03,XLK,SELL,20.907390594482422,-1.0205564754965433,-21.337172856934558,1.0763470712780359,0.05312454105597353,REDUCE
2016-11-03,GLD,SELL,124.30000305175781,-1.2473587780627158,-155.04669991983246,3.403377568169613,0.02244330653925619,REDUCE
2016-11-03,SHV,BUY,87.7075,75.3198,6606.11,0.0,0.0,OPEN
2016-11-03,TQQQ,BUY,2.2514,61.345,138.11,0.0,0.0,ADD
2016-11-07,SMH,SELL,31.242111206054688,-0.7909402463849957,-24.71064313490433,4.11198321846127,0.19962382189624117,REDUCE
2016-11-07,QQQ,SELL,108.84246063232422,-0.1683516900396387,-18.323812195524624,0.7322960451521098,0.041627795972355885,REDUCE
2016-11-07,USD,SELL,1.1881980895996094,-34.619192480897816,-41.13445836928395,4.325367981140638,0.11750814637174245,REDUCE
2016-11-07,XLK,SELL,21.32318878173828,-0.4213303354054027,-8.98410628132251,0.6195515224026462,0.07406867911791282,REDUCE
2016-11-07,TQQQ,SELL,2.3853440284729004,-1247.0359867802413,-2974.6098443570595,-61.31679703890177,-0.02019706148456457,CLOSE
2016-11-07,SHV,BUY,87.6838,33.8831,2971.0,0.0,0.0,ADD
2016-11-07,GLD,BUY,122.15,0.7922,96.76,0.0,0.0,ADD
2016-11-14,SMH,SELL,30.891382217407227,-0.2340111038366944,-7.228926451736697,1.134515190412173,0.1861566510307353,REDUCE
2016-11-14,SHV,SELL,87.65196990966797,-33.56705324087474,-2942.2183406253753,-1.6176467389128766,-0.0005495030109884391,REDUCE
2016-11-14,USD,SELL,1.1860936880111694,-14.794846525031977,-17.54807407843441,1.8173535158707101,0.11552894278700032,REDUCE
2016-11-14,QQQ,BUY,107.2334,0.0815,8.74,0.0,0.0,ADD
2016-11-14,XLK,BUY,20.7989,1.8107,37.66,0.0,0.0,ADD
2016-11-14,GLD,BUY,116.11,0.8872,103.01,0.0,0.0,ADD
2016-11-14,TQQQ,BUY,2.2677,1242.5101,2817.59,0.0,0.0,OPEN
2016-11-15,SMH,SELL,31.406084060668945,-0.18189198319918243,-5.712514914315307,0.9754552937285123,0.20591999507231873,REDUCE
2016-11-15,USD,SELL,1.2290737628936768,-25.848735875412647,-31.7700030684382,4.286159943492169,0.15595198691851753,REDUCE
2016-11-15,TQQQ,SELL,2.3726649284362793,-1242.5101124787373,-2948.0601671057166,130.46743659670904,0.04630457595379278,CLOSE
2016-11-15,QQQ,BUY,108.7208,0.0602,6.55,0.0,0.0,ADD
2016-11-15,SHV,BUY,87.652,33.7553,2958.72,0.0,0.0,ADD
2016-11-15,XLK,BUY,21.0927,0.1279,2.7,0.0,0.0,ADD
2016-11-15,GLD,BUY,117.12,0.1501,17.58,0.0,0.0,ADD
2016-11-30,SMH,SELL,32.36716842651367,-2.4325486381894965,-78.7347114779659,15.383222718495084,0.24282338141888338,REDUCE
2016-11-30,QQQ,SELL,109.91825103759766,-0.2159908630592685,-23.741337907576053,1.1700749448350911,0.051839143727427484,REDUCE
2016-11-30,SHV,SELL,87.65196990966797,-32.07278362582984,-2811.2426652905287,-1.0686921081696648,-0.0003800049042784748,REDUCE
2016-11-30,USD,SELL,1.3050140142440796,-63.32707022383793,-82.64271412312746,15.309778695134588,0.2273742945828814,REDUCE
2016-11-30,XLK,SELL,21.46782112121582,-1.6589165918834357,-35.613324649570586,2.6598438803264135,0.08071511167369216,REDUCE
2016-11-30,GLD,BUY,111.75,1.3575,151.7,0.0,0.0,ADD
2016-11-30,TQQQ,BUY,2.4569,1172.3354,2880.27,0.0,0.0,OPEN
2016-12-07,SMH,SELL,32.62224578857422,-0.1475790987138973,-4.814361631501015,0.9709212716548657,0.2526177540826291,REDUCE
2016-12-07,QQQ,SELL,110.72274780273438,-0.04863848454669713,-5.385386657971139,0.3026159830307585,0.05953760308777034,REDUCE
2016-12-07,USD,SELL,1.3143314123153687,-0.788591606691703,-1.0364707201631518,0.1979953644464416,0.2361373689715658,REDUCE
2016-12-07,XLK,SELL,21.77513885498047,-1.2224081120006336,-26.618106376268315,2.3356304470556974,0.09618584422216414,REDUCE
2016-12-07,TQQQ,SELL,2.491534948348999,-1172.3354285738965,-2920.9146914795647,40.644724054694585,0.014111428621058408,CLOSE
2016-12-07,SHV,BUY,87.6576,33.565,2942.22,0.0,0.0,ADD
2016-12-07,GLD,BUY,111.83,0.1479,16.54,0.0,0.0,ADD
2016-12-28,SMH,SELL,33.307464599609375,-1.1259804563484148,-37.503554189676834,8.17935606107046,0.2789285499026595,REDUCE
2016-12-28,QQQ,SELL,112.47631072998047,-0.3270012575057583,-36.77989504831203,2.6079339395491945,0.07631794766617683,REDUCE
2016-12-28,SHV,SELL,87.71315002441406,-32.34153410952073,-2836.7778333680963,1.172547131567227,0.0004135085857184251,REDUCE
2016-12-28,USD,SELL,1.4155287742614746,-72.62687832373292,-102.80543605203093,25.58441680664959,0.33131415586928825,REDUCE
2016-12-28,XLK,SELL,22.12090301513672,-0.9051307818586373,-20.022310241509786,2.0423768563324765,0.11359201464095614,REDUCE
2016-12-28,GLD,BUY,108.86,0.9737,106.0,0.0,0.0,ADD
2016-12-28,TQQQ,BUY,2.6092,1122.1325,2927.89,0.0,0.0,OPEN
2017-01-03,QQQ,SELL,112.1573257446289,-0.05289016667038771,-5.93201965193839,0.4049439083087289,0.07326548921922327,REDUCE
2017-01-03,USD,SELL,1.3535817861557007,-1095.0385004026182,-1482.2241692842358,317.9170826282521,0.273052604653764,CLOSE
2017-01-03,XLK,SELL,22.148147583007812,-0.7773917307501785,-17.217786782464827,1.775320551923025,0.11496353791027447,REDUCE
2017-01-03,GLD,SELL,110.47000122070312,-0.4918212532597438,-54.331494447971636,-4.871027261182316,-0.08227736117580198,REDUCE
2017-01-03,TQQQ,SELL,2.581679582595825,-1122.132540020898,-2896.986667538345,-30.901622033732842,-0.010554235331925566,CLOSE
2017-01-03,SSO,BUY,9.1872,168.0843,1544.22,0.0,0.0,OPEN
2017-01-03,SMH,BUY,32.9493,0.7303,24.06,0.0,0.0,ADD
2017-01-03,SHV,BUY,87.745,32.9182,2888.41,0.0,0.0,ADD
2017-01-09,SMH,SELL,33.41307067871094,-0.2640609634213316,-8.823087634285457,1.9332926671912913,0.2806023512201372,REDUCE
2017-01-09,QQQ,SELL,114.7750015258789,-0.6546663018826316,-75.13932579752054,6.726037182699446,0.09831477654243792,REDUCE
2017-01-09,SHV,SELL,87.768798828125,-77.84429979919958,-6832.300688992199,5.589257010201273,0.0008187334510751931,REDUCE
2017-01-09,XLK,SELL,22.420516967773438,-0.1215468821511418,-2.7251439336496333,0.31068086593038563,0.12867492987741636,REDUCE
2017-01-09,GLD,SELL,112.66999816894531,-0.21775864711298223,-24.534866371491717,-1.677626373822389,-0.06400102386760953,REDUCE
2017-01-09,SSO,BUY,9.2847,0.148,1.37,0.0,0.0,ADD
2017-01-09,QLD,BUY,5.6463,1229.4961,6942.15,0.0,0.0,OPEN
2017-01-31,SSO,SELL,9.367919921875,-168.23226928766618,-1575.9864269621678,30.392569379224696,0.019664007611128742,CLOSE
2017-01-31,SMH,SELL,34.17987060546875,-0.19950353877815674,-6.819005140770514,1.6136220368770868,0.3099910236520649,REDUCE
2017-01-31,GLD,SELL,115.55000305175781,-0.1168634217600546,-13.503568741013169,-0.5637559585596382,-0.04007556309386662,REDUCE
2017-01-31,QLD,BUY,5.8477,255.2947,1492.88,0.0,0.0,ADD
2017-01-31,QQQ,BUY,116.8767,0.1469,17.17,0.0,0.0,ADD
2017-01-31,SHV,BUY,87.7688,0.7054,61.91,0.0,0.0,ADD
2017-01-31,XLK,BUY,22.7337,1.0709,24.35,0.0,0.0,ADD
2017-02-28,QLD,SELL,6.35998010635376,-315.38568890214333,-2005.8467072463072,214.1544010752529,0.11952632733737234,REDUCE
2017-02-28,SHV,SELL,87.80862426757812,-34.321153700206125,-3013.6932896911985,3.7804809410347255,0.001256010117649975,CLOSE
2017-02-28,SMH,BUY,35.0752,2.3363,81.95,0.0,0.0,ADD
2017-02-28,QQQ,BUY,121.9901,0.2993,36.51,0.0,0.0,ADD
2017-02-28,XLK,BUY,23.7642,0.5953,14.15,0.0,0.0,ADD
2017-02-28,GLD,BUY,119.23,14.4766,1726.04,0.0,0.0,ADD
2017-02-28,TQQQ,BUY,3.3086,955.3634,3160.89,0.0,0.0,OPEN
2017-03-01,QLD,SELL,6.497906684875488,-8.369432500347298,-54.38379139262088,6.837411371100769,0.1438050881687747,REDUCE
2017-03-01,TQQQ,SELL,3.4155590534210205,-955.3634175453279,-3263.1001701041914,102.2080488406079,0.03233519048405542,CLOSE
2017-03-01,SMH,BUY,35.4839,0.2855,10.13,0.0,0.0,ADD
2017-03-01,QQQ,BUY,123.3224,0.1926,23.76,0.0,0.0,ADD
2017-03-01,SHV,BUY,87.772,36.5302,3206.33,0.0,0.0,OPEN
2017-03-01,GLD,BUY,119.06,0.6416,76.38,0.0,0.0,ADD
2017-03-08,SMH,SELL,35.43337631225586,-0.9425895716704962,-33.399131001008755,8.595507659874754,0.3465424200995697,REDUCE
2017-03-08,QQQ,SELL,122.66561126708984,-0.2817039464267616,-34.555386784790244,5.063885341836859,0.17170659661503307,REDUCE
2017-03-08,SHV,SELL,87.732177734375,-36.53018566197559,-3204.8727411661594,-1.4553881036898537,-0.00045391115475801325,CLOSE
2017-03-08,XLK,SELL,23.986642837524414,-0.8388573110055704,-20.121370710736755,3.429006673434877,0.20542366951572522,REDUCE
2017-03-08,QLD,BUY,6.4259,0.9506,6.11,0.0,0.0,ADD
2017-03-08,GLD,BUY,115.06,0.9938,114.35,0.0,0.0,ADD
2017-03-08,TQQQ,BUY,3.3561,945.5477,3173.38,0.0,0.0,OPEN
2017-03-09,QLD,SELL,6.434483528137207,-1.5217358370775051,-9.791584177851291,1.1457421448548952,0.13251944003628924,REDUCE
2017-03-09,SMH,SELL,35.447147369384766,-0.037774530445454674,-1.3389993475093434,0.34498747509199473,0.3470657490770366,REDUCE
2017-03-09,QQQ,SELL,122.75943756103516,-0.04134757694363233,-5.07580529011193,0.7471398931123057,0.17260282895281742,REDUCE
2017-03-09,TQQQ,SELL,3.3664257526397705,-945.547684266626,-3183.1160746640685,9.740644536445707,0.003069490122085572,CLOSE
2017-03-09,SHV,BUY,87.7402,36.169,3173.47,0.0,0.0,OPEN
2017-03-09,GLD,BUY,114.47,0.2187,25.03,0.0,0.0,ADD
2017-03-21,SMH,SELL,35.80988311767578,-0.7772495291116762,-27.833214790757665,7.380405698043595,0.3608504662898715,REDUCE
2017-03-21,SHV,SELL,87.77992248535156,-36.16896695013955,-3174.909115258492,1.4385133721243093,0.0004532934293670632,CLOSE
2017-03-21,GLD,SELL,118.54000091552734,-1.3420339220035737,-159.08470234297238,-1.702441516703815,-0.010588169401090863,REDUCE
2017-03-21,QLD,BUY,6.3587,17.0841,108.63,0.0,0.0,ADD
2017-03-21,QQQ,BUY,122.0464,0.4859,59.31,0.0,0.0,ADD
2017-03-21,XLK,BUY,23.9742,0.518,12.42,0.0,0.0,ADD
2017-03-21,TQQQ,BUY,3.303,963.4453,3182.29,0.0,0.0,OPEN
2017-03-28,QLD,SELL,6.532975196838379,-9.269474392448043,-60.55724629359156,7.801049618669228,0.14786982592278974,REDUCE
2017-03-28,SMH,SELL,36.56749725341797,-0.18883415274260437,-6.905192361766694,1.9361460882449617,0.38964138824023253,REDUCE
2017-03-28,TQQQ,SELL,3.4405221939086914,-963.4453134575845,-3314.7549835681352,132.4680339595035,0.04162667793857966,CLOSE
2017-03-28,QQQ,BUY,123.7669,0.2918,36.12,0.0,0.0,ADD
2017-03-28,SHV,BUY,87.772,36.9565,3243.74,0.0,0.0,OPEN
2017-03-28,XLK,BUY,24.2522,1.1913,28.89,0.0,0.0,ADD
2017-03-28,GLD,BUY,119.04,0.6171,73.46,0.0,0.0,ADD
2017-03-31,QLD,SELL,6.605645179748535,-8.20413231223423,-54.19358706232924,7.500667972554606,0.1606382320654094,REDUCE
2017-03-31,QQQ,SELL,124.4626693725586,-0.09066206920294413,-11.284043143838062,1.770404462479666,0.18609120251210554,REDUCE
2017-03-31,GLD,SELL,118.72000122070312,-14.24267456238018,-1690.8903414318524,-15.341811259714019,-0.008991631786748666,REDUCE
2017-03-31,SMH,BUY,36.5996,0.3278,12.0,0.0,0.0,ADD
2017-03-31,SHV,BUY,87.8197,0.1285,11.29,0.0,0.0,ADD
2017-03-31,USD,BUY,1.5869,1086.544,1724.18,0.0,0.0,OPEN
2017-03-31,XLK,BUY,24.2932,0.3663,8.9,0.0,0.0,ADD
2017-04-05,QQQ,SELL,124.07718658447266,-0.13817511547551828,-17.144379584186936,2.644951819677392,0.18241766934771575,REDUCE
2017-04-05,SHV,SELL,87.76958465576172,-37.08498561915789,-3254.9337847583843,-0.09638869516797753,-2.961222785402562e-05,CLOSE
2017-04-05,XLK,SELL,24.188396453857422,-0.19028945138392828,-4.602796691061485,0.8054939495711483,0.21212265768807637,REDUCE
2017-04-05,GLD,SELL,119.62000274658203,-0.3565737721285782,-42.653355601379644,-0.06317436970347336,-0.0014789209176456763,REDUCE
2017-04-05,QLD,BUY,6.5638,0.9621,6.31,0.0,0.0,ADD
2017-04-05,SMH,BUY,36.168,0.665,24.05,0.0,0.0,ADD
2017-04-05,USD,BUY,1.532,32.7292,50.14,0.0,0.0,ADD
2017-04-05,TQQQ,BUY,3.4635,935.131,3238.83,0.0,0.0,OPEN
2017-04-17,QQQ,SELL,123.61650085449219,-0.24876486242716012,-30.75144182879467,4.647261342331912,0.1780274751295836,REDUCE
2017-04-17,XLK,SELL,24.08358383178711,-0.5920584028528237,-14.258888178419966,2.444123986686626,0.20687031472001394,REDUCE
2017-04-17,GLD,SELL,122.23999786376953,-0.7942852723901827,-97.09343000019953,1.9402995803588523,0.020391337329604742,REDUCE
2017-04-17,TQQQ,SELL,3.416748046875,-935.1309794447892,-3195.106947590289,-43.722565409178564,-0.013499495800471273,CLOSE
2017-04-17,QLD,BUY,6.509,0.3219,2.1,0.0,0.0,ADD
2017-04-17,SMH,BUY,35.3921,1.4405,50.98,0.0,0.0,ADD
2017-04-17,SHV,BUY,87.8094,36.5869,3212.68,0.0,0.0,OPEN
2017-04-17,USD,BUY,1.4557,49.0882,71.46,0.0,0.0,ADD
2017-04-18,SMH,SELL,35.53438949584961,-0.3781146628427803,-13.436073703547208,3.404800700084482,0.33941860608411,REDUCE
2017-04-18,SHV,SELL,87.80940246582031,-36.5869137444179,-3212.6750339658442,0.0,0.0,CLOSE
2017-04-18,USD,SELL,1.4680047035217285,-9.222125666818012,-13.538123855357298,-1.0310430754309248,-0.07076884219454427,REDUCE
2017-04-18,GLD,SELL,122.81999969482422,-0.11190266913619884,-13.743885789157957,0.3382623428071019,0.02523286918813028,REDUCE
2017-04-18,QLD,BUY,6.4923,3.5183,22.84,0.0,0.0,ADD
2017-04-18,QQQ,BUY,123.4285,0.1126,13.9,0.0,0.0,ADD
2017-04-18,XLK,BUY,24.079,0.103,2.48,0.0,0.0,ADD
2017-04-18,TQQQ,BUY,3.4068,943.447,3214.17,0.0,0.0,OPEN
2017-04-19,QLD,SELL,6.510801792144775,-0.9262439501826607,-6.030590770812523,0.7558576471321377,0.1432977990372235,REDUCE
2017-04-19,SMH,SELL,35.72723388671875,-0.3576036671939822,-12.776189856587735,3.289067654839569,0.3466876029312136,REDUCE
2017-04-19,USD,SELL,1.4929412603378296,-17.026497344086188,-25.41956040401874,-1.4789975873521233,-0.05498427045147136,REDUCE
2017-04-19,TQQQ,SELL,3.418729782104492,-943.4469851891538,-3225.390306102856,11.215723413348575,0.0034894568184793417,CLOSE
2017-04-19,QQQ,BUY,123.6259,0.0254,3.14,0.0,0.0,ADD
2017-04-19,SHV,BUY,87.8253,36.6723,3220.76,0.0,0.0,OPEN
2017-04-19,XLK,BUY,24.0608,0.4409,10.61,0.0,0.0,ADD
2017-04-19,GLD,BUY,121.73,0.2884,35.11,0.0,0.0,ADD
2017-05-01,QQQ,SELL,128.99435424804688,-0.09296033552708552,-11.991358451998167,2.232358286284834,0.2287486677301087,REDUCE
2017-05-01,USD,SELL,1.5653361082077026,-1142.112730079553,-1787.790296037202,-16.525934241255456,-0.0091591118917691,CLOSE
2017-05-01,QLD,BUY,7.0749,202.9345,1435.75,0.0,0.0,ADD
2017-05-01,SMH,BUY,36.9762,0.6925,25.6,0.0,0.0,ADD
2017-05-01,SHV,BUY,87.8261,1.5294,134.32,0.0,0.0,ADD
2017-05-01,XLK,BUY,24.9676,0.6109,15.25,0.0,0.0,ADD
2017-05-01,GLD,BUY,119.67,1.5781,188.86,0.0,0.0,ADD
2017-05-17,SMH,SELL,37.458274841308594,-1.9884649667861616,-74.48446723818961,21.596320767795667,0.4083395280242048,REDUCE
2017-05-17,SHV,SELL,87.86595916748047,-38.201751097714755,-3356.633502078057,1.5519683897289271,0.00046257248121861494,CLOSE
2017-05-17,XLK,SELL,24.881053924560547,-0.3750143746183078,-9.330752877363466,1.8346263200796282,0.24474324253463386,REDUCE
2017-05-17,GLD,SELL,119.79000091552734,-0.19142125625616818,-22.93035246217778,-0.003808710443801835,-0.00016607149549241473,REDUCE
2017-05-17,QLD,BUY,6.953,15.8607,110.28,0.0,0.0,ADD
2017-05-17,QQQ,BUY,127.932,0.1372,17.56,0.0,0.0,ADD
2017-05-17,TQQQ,BUY,3.7714,884.4361,3335.54,0.0,0.0,OPEN
2017-05-18,QLD,SELL,7.071228981018066,-7.298217096122162,-51.607364239860544,8.462169309025628,0.1961323693771957,REDUCE
2017-05-18,SMH,SELL,38.01385498046875,-0.3297056661174433,-12.533383378027338,3.7640452941276883,0.4292279825587302,REDUCE
2017-05-18,TQQQ,SELL,3.866872549057007,-884.436064529786,-3420.001539326241,84.45710056919873,0.025320334392148203,CLOSE
2017-05-18,QQQ,BUY,129.0508,0.1627,21.0,0.0,0.0,ADD
2017-05-18,SHV,BUY,87.858,38.407,3374.36,0.0,0.0,OPEN
2017-05-18,XLK,BUY,25.0269,0.9059,22.67,0.0,0.0,ADD
2017-05-18,GLD,BUY,118.81,0.5564,66.11,0.0,0.0,ADD
2017-05-31,QLD,SELL,7.487547397613525,-278.0090011171247,-2081.6055728276624,438.08738369372406,0.26655463054204276,REDUCE
2017-05-31,SMH,SELL,39.48316192626953,-0.37277815816720195,-14.71846038149215,4.803502783835437,0.48447033046018184,REDUCE
2017-05-31,QQQ,BUY,132.8398,0.3087,41.01,0.0,0.0,ADD
2017-05-31,SHV,BUY,87.866,1.3385,117.61,0.0,0.0,ADD
2017-05-31,USD,BUY,1.8054,1024.0429,1848.85,0.0,0.0,OPEN
2017-05-31,XLK,BUY,25.7606,0.8674,22.34,0.0,0.0,ADD
2017-05-31,GLD,BUY,120.62,0.5514,66.51,0.0,0.0,ADD
2017-06-09,SMH,SELL,39.34541702270508,-0.6075269570365536,-23.90340147713823,7.744718661421662,0.47929145894793135,REDUCE
2017-06-09,SHV,SELL,87.8707046508789,-39.74552390323926,-3492.467192095985,0.4942339679728407,0.00014153430564878278,CLOSE
2017-06-09,XLK,SELL,25.52814483642578,-0.04584349280489744,-1.170299324131065,0.2511872786372754,0.27329342474488616,REDUCE
2017-06-09,GLD,SELL,120.54000091552734,-0.2504158905968356,-30.18513168180516,0.18377800154418394,0.006125656978774874,REDUCE
2017-06-09,QLD,BUY,7.3428,11.2156,82.35,0.0,0.0,ADD
2017-06-09,USD,BUY,1.7829,3.2859,5.86,0.0,0.0,ADD
2017-06-09,TQQQ,BUY,4.0919,845.4469,3459.51,0.0,0.0,OPEN
2017-06-12,QLD,SELL,7.261528015136719,-1108.654496475874,-8050.525685266853,1480.3932128141175,0.22532166878234383,CLOSE
2017-06-12,SMH,SELL,39.10666275024414,-0.1881663943801022,-7.358559725952091,2.353808828648018,0.47031488218843287,REDUCE
2017-06-12,QQQ,SELL,130.90298461914062,-0.14685609243949999,-19.22390080983496,3.7666997507616298,0.24368575761978506,REDUCE
2017-06-12,USD,SELL,1.7736718654632568,-2.775871083416076,-4.923484442808103,-0.08799868990882913,-0.01755941057335686,REDUCE
2017-06-12,XLK,SELL,25.377765655517578,-0.3184201764432689,-8.080792617765837,1.6968152680731206,0.26579280832736574,REDUCE
2017-06-12,GLD,SELL,120.36000061035156,-0.1834731667589582,-22.08283046309134,0.10162410412650416,0.004623226881497189,REDUCE
2017-06-12,SHV,BUY,87.8628,91.9222,8076.54,0.0,0.0,OPEN
2017-06-12,TQQQ,BUY,4.0178,8.8752,35.66,0.0,0.0,ADD
2017-06-13,QQQ,SELL,131.96543884277344,-0.05624195641444877,-7.421994459608868,1.5022997856414588,0.2537799444704485,REDUCE
2017-06-13,SHV,SELL,87.89463806152344,-91.92217566967676,-8079.466360314014,2.9300754543144953,0.0003627886201424957,CLOSE
2017-06-13,USD,SELL,1.8008196353912354,-8.25761799735105,-14.870480631189821,-0.037601216479207604,-0.0025222035177574487,REDUCE
2017-06-13,TQQQ,SELL,4.1117472648620605,-13.565731280164814,-55.778858487071375,0.27920803257502164,0.005030807046324304,REDUCE
2017-06-13,QLD,BUY,7.3792,1102.3027,8134.06,0.0,0.0,OPEN
2017-06-13,SMH,BUY,39.3592,0.0683,2.69,0.0,0.0,ADD
2017-06-13,GLD,BUY,120.48,0.1725,20.79,0.0,0.0,ADD
2017-06-14,QLD,SELL,7.313260555267334,-1102.302734787524,-8061.427110284909,-72.63737875520091,-0.008930022481758448,CLOSE
2017-06-14,QQQ,SELL,131.39190673828125,-0.22961158135916915,-30.16910348397323,6.001550612289756,0.2483309189041487,REDUCE
2017-06-14,XLK,SELL,25.437002182006836,-0.5757457646655948,-14.64524627207993,3.102171452317301,0.2687474092263653,REDUCE
2017-06-14,GLD,SELL,119.81999969482422,-0.08102661327624748,-9.708608778032612,0.0007971064235192626,8.210979471834357e-05,REDUCE
2017-06-14,SMH,BUY,39.0194,0.0289,1.13,0.0,0.0,ADD
2017-06-14,SHV,BUY,87.8946,91.7701,8066.1,0.0,0.0,OPEN
2017-06-14,USD,BUY,1.755,17.8377,31.3,0.0,0.0,ADD
2017-06-14,TQQQ,BUY,4.0567,4.2944,17.42,0.0,0.0,ADD
2017-06-19,SMH,SELL,39.32246398925781,-0.13256030638035327,-5.212597874046423,1.6852512767686258,0.4777674181690015,REDUCE
2017-06-19,QQQ,SELL,132.4192352294922,-0.07576735718359752,-10.033055493611755,2.0582329700997133,0.2580913824767206,REDUCE
2017-06-19,USD,SELL,1.8022270202636719,-20.597109706192224,-37.120667651834765,-0.04689402912751314,-0.0012616923738512087,REDUCE
2017-06-19,XLK,SELL,25.65387725830078,-0.3225739852139475,-8.27527342339954,1.8080167369412663,0.27956470952004353,REDUCE
2017-06-19,TQQQ,SELL,4.1454267501831055,-845.0507133575908,-3503.0958324138724,46.00173054563563,0.01330647335309032,CLOSE
2017-06-19,SHV,BUY,87.9026,39.837,3501.78,0.0,0.0,ADD
2017-06-19,GLD,BUY,118.43,0.5232,61.96,0.0,0.0,ADD
2017-06-21,QQQ,SELL,132.6831817626953,-0.1555166804722259,-20.634447982227357,4.265684806200667,0.2605990911059237,REDUCE
2017-06-21,SHV,SELL,87.90260314941406,-92.38545597446785,-8120.922073301312,0.5131165992212235,6.318851697706407e-05,REDUCE
2017-06-21,GLD,SELL,118.5199966430664,-0.04408769669343314,-5.225273664106226,-0.05578767800418603,-0.010563724673929298,REDUCE
2017-06-21,QLD,BUY,7.4523,1088.5539,8112.19,0.0,0.0,OPEN
2017-06-21,SMH,BUY,39.2765,0.0427,1.68,0.0,0.0,ADD
2017-06-21,USD,BUY,1.7754,14.5541,25.84,0.0,0.0,ADD
2017-06-21,XLK,BUY,25.5898,0.2764,7.07,0.0,0.0,ADD
2017-06-27,QLD,SELL,7.164646625518799,-1088.5538599689896,-7799.103739522285,-313.0894157237125,-0.038594916286139425,CLOSE
2017-06-27,QQQ,SELL,130.12826538085938,-0.2638070822943514,-34.32875801414957,6.561989580547239,0.23632528921176732,REDUCE
2017-06-27,XLK,SELL,25.2009220123291,-1.3895085988779268,-35.01689783578331,7.145340824109098,0.2563667620404637,REDUCE
2017-06-27,GLD,SELL,118.80999755859375,-0.7625318130595847,-90.59640284795933,-0.7437573804191743,-0.008142720338562448,REDUCE
2017-06-27,SMH,BUY,38.0644,0.7493,28.52,0.0,0.0,ADD
2017-06-27,SHV,BUY,87.9106,50.8571,4470.88,0.0,0.0,ADD
2017-06-27,USD,BUY,1.6415,57.338,94.12,0.0,0.0,ADD
2017-06-27,TQQQ,BUY,3.9267,857.0855,3365.52,0.0,0.0,OPEN
2017-06-28,SMH,SELL,38.6153564453125,-0.09782158050014764,-3.7774151990570317,1.1658633755744023,0.4464255179970611,REDUCE
2017-06-28,QQQ,SELL,132.00437927246094,-0.04972487515111981,-6.563901278724188,1.3301559156244585,0.2541499105024594,REDUCE
2017-06-28,USD,SELL,1.707135796546936,-27.610385228739524,-47.134676980432005,-2.439859323332298,-0.0492159787109705,REDUCE
2017-06-28,TQQQ,SELL,4.09153938293457,-857.0854587893939,-3506.7989091773497,141.27725250754074,0.041977817087451186,CLOSE
2017-06-28,SHV,BUY,87.9186,40.0073,3517.38,0.0,0.0,ADD
2017-06-28,XLK,BUY,25.5166,0.1543,3.94,0.0,0.0,ADD
2017-06-28,GLD,BUY,118.9,0.3613,42.96,0.0,0.0,ADD
2017-06-29,SHV,SELL,87.92654418945312,-39.93122367893978,-3511.0145033452354,0.7022991182620032,0.00020006742346634354,REDUCE
2017-06-29,GLD,SELL,118.31999969482422,-0.21479283296077248,-25.414287930369028,-0.3123574773537161,-0.012141399409188125,REDUCE
2017-06-29,SMH,BUY,37.7475,1.0785,40.71,0.0,0.0,ADD
2017-06-29,QQQ,BUY,129.7135,0.2876,37.31,0.0,0.0,ADD
2017-06-29,USD,BUY,1.6228,41.2582,66.95,0.0,0.0,ADD
2017-06-29,XLK,BUY,25.0591,0.8971,22.48,0.0,0.0,ADD
2017-06-29,TQQQ,BUY,3.8831,867.595,3368.97,0.0,0.0,OPEN
2017-06-30,QQQ,SELL,129.76063537597656,-0.11151575826620637,-14.47035564705675,2.718989370089671,0.2313764464493755,REDUCE
2017-06-30,SHV,SELL,87.93447875976562,-0.15330021637852131,-13.480374621004557,0.003912572385285491,0.00029032637580761467,REDUCE
2017-06-30,USD,SELL,1.6103159189224243,-1099.0758069283413,-1769.8592679992169,-196.40928147504928,-0.09988934702106922,CLOSE
2017-06-30,XLK,SELL,25.03620719909668,-0.11039571033175455,-2.763889877757265,0.5457908462335084,0.246062433857414,REDUCE
2017-06-30,SSO,BUY,10.6577,167.0811,1780.7,0.0,0.0,OPEN
2017-06-30,SMH,BUY,37.5868,0.2791,10.49,0.0,0.0,ADD
2017-06-30,GLD,BUY,118.02,0.0264,3.12,0.0,0.0,ADD
2017-06-30,TQQQ,BUY,3.8696,1.6183,6.26,0.0,0.0,ADD
2017-07-05,SSO,SELL,10.735162734985352,-1.1740080353407218,-12.603167311563084,0.09092332700918644,0.007266748244473931,REDUCE
2017-07-05,SMH,SELL,37.862327575683594,-0.7462682146902581,-28.25545160392312,8.226234542278245,0.4107117376061167,REDUCE
2017-07-05,XLK,SELL,25.109411239624023,-0.4309932656450959,-10.821987148591234,2.162359503207391,0.24970582936785646,REDUCE
2017-07-05,TQQQ,SELL,3.8716275691986084,-869.2133603564998,-3365.2704094719893,-9.96638245545811,-0.0029527950392383984,CLOSE
2017-07-05,QQQ,BUY,129.6569,0.0558,7.24,0.0,0.0,ADD
2017-07-05,SHV,BUY,87.9273,38.2854,3366.33,0.0,0.0,ADD
2017-07-05,GLD,BUY,116.52,0.3723,43.39,0.0,0.0,ADD
2017-07-06,SMH,SELL,37.701622009277344,-0.04671346435189409,-1.761173375738963,0.5074229160683257,0.4047240119869042,REDUCE
2017-07-06,SHV,SELL,87.95121002197266,-38.707542433098325,-3404.3751939678496,1.4238139874391271,0.0004184056216069987,REDUCE
2017-07-06,GLD,SELL,116.47000122070312,-0.1230592380396584,-14.332709604697811,-0.4012534416474755,-0.027233232524429662,REDUCE
2017-07-06,SSO,BUY,10.5469,2.1694,22.88,0.0,0.0,ADD
2017-07-06,QQQ,BUY,128.4879,0.2466,31.68,0.0,0.0,ADD
2017-07-06,XLK,BUY,24.8807,0.7033,17.5,0.0,0.0,ADD
2017-07-06,TQQQ,BUY,3.7694,888.3139,3348.41,0.0,0.0,OPEN
2017-07-07,SSO,SELL,10.679163932800293,-0.6875750039217,-7.342726182975639,0.01573054365088005,0.002146929577308887,REDUCE
2017-07-07,SMH,SELL,38.206695556640625,-0.5154504788877355,-19.693659521388327,5.8593981620775795,0.42354253760964844,REDUCE
2017-07-07,QQQ,SELL,129.873779296875,-0.13404823496843185,-17.40935088342576,3.2668763445394515,0.2309975058153233,REDUCE
2017-07-07,XLK,SELL,25.16889190673828,-0.49889388527512957,-12.556606271422424,2.5220908248254035,0.251341565843193,REDUCE
2017-07-07,TQQQ,SELL,3.8823256492614746,-888.3138884245394,-3448.723793625785,100.31458693797185,0.029958879200789656,CLOSE
2017-07-07,SHV,BUY,87.9433,39.1547,3443.4,0.0,0.0,ADD
2017-07-07,GLD,BUY,115.28,0.5407,62.33,0.0,0.0,ADD
2017-07-14,SSO,SELL,10.972265243530273,-1.2038798793551684,-13.209289357634134,0.38040148940872376,0.029651945929849655,REDUCE
2017-07-14,SMH,SELL,39.8642692565918,-2.3245623014929824,-92.66697749043897,30.277662237015893,0.48530204433289836,REDUCE
2017-07-14,QQQ,SELL,133.98419189453125,-0.6358494325818679,-85.1937723910778,18.109827473995608,0.2699576999590574,REDUCE
2017-07-14,SHV,SELL,87.99110412597656,-89.59092894727425,-7883.2047577425765,6.0835296220290696,0.0007723036685420848,REDUCE
2017-07-14,XLK,SELL,26.015323638916016,-2.072591493828206,-53.91913848320519,12.232014280760072,0.29342427703474483,REDUCE
2017-07-14,QLD,BUY,7.5748,1069.874,8104.11,0.0,0.0,OPEN
2017-07-14,GLD,BUY,116.77,0.2062,24.08,0.0,0.0,ADD
2017-07-31,SSO,SELL,11.07830810546875,-166.18497875638005,-1841.0483971639571,70.13379479435605,0.03960314896071915,CLOSE
2017-07-31,QLD,SELL,7.685074329376221,-5.965749989903039,-45.8472321028803,0.6576869326427474,0.014553962208849747,REDUCE
2017-07-31,SHV,SELL,88.02299499511719,-39.14314424395613,-3445.4967898789005,3.906261881229272,0.0011350164551684472,CLOSE
2017-07-31,GLD,SELL,120.75,-0.7184415149094212,-86.7518129253126,0.8058239112802807,0.009375933892025179,REDUCE
2017-07-31,SMH,BUY,39.4143,2.0751,81.79,0.0,0.0,ADD
2017-07-31,QQQ,BUY,135.0306,0.0603,8.15,0.0,0.0,ADD
2017-07-31,USD,BUY,1.7615,1044.3741,1839.65,0.0,0.0,OPEN
2017-07-31,XLK,BUY,26.1526,0.5609,14.67,0.0,0.0,ADD
2017-07-31,TQQQ,BUY,4.3558,797.7566,3474.89,0.0,0.0,OPEN
2017-08-04,QLD,SELL,7.728187084197998,-3.163879331283356,-24.451051383985032,0.4852016255820764,0.02024554232265241,REDUCE
2017-08-04,QQQ,SELL,135.4265594482422,-0.01747920095533096,-2.3671480472849,0.522486076870563,0.2832421794618585,REDUCE
2017-08-04,XLK,SELL,26.358476638793945,-0.8147257561192541,-21.474929809693094,5.07026639207379,0.3090746980293486,REDUCE
2017-08-04,TQQQ,SELL,4.387527942657471,-797.7566244673917,-3500.1794812907838,25.288611716255062,0.007277526882261798,CLOSE
2017-08-04,SMH,BUY,39.3454,0.4537,17.85,0.0,0.0,ADD
2017-08-04,SHV,BUY,88.0286,39.578,3483.99,0.0,0.0,OPEN
2017-08-04,USD,BUY,1.7605,3.3344,5.87,0.0,0.0,ADD
2017-08-04,GLD,BUY,119.65,0.3406,40.76,0.0,0.0,ADD
2017-08-10,QLD,SELL,7.439950466156006,-1060.744348531913,-7891.885410332355,-143.07326765209723,-0.017806347659772515,CLOSE
2017-08-10,SMH,SELL,38.74850845336914,-0.15457826226131904,-5.989677101939833,1.7937854431754356,0.4275099523669941,REDUCE
2017-08-10,XLK,SELL,25.946693420410156,-0.15953121319208283,-4.139307479681065,0.927115110206594,0.2886237820053952,REDUCE
2017-08-10,GLD,SELL,122.20999908447266,-1.0841121714935518,-132.48934748569263,2.7984987179166554,0.021578228105574748,REDUCE
2017-08-10,QQQ,BUY,132.9566,0.0916,12.18,0.0,0.0,ADD
2017-08-10,SHV,BUY,88.0206,52.0061,4577.61,0.0,0.0,ADD
2017-08-10,USD,BUY,1.7134,10.8973,18.67,0.0,0.0,ADD
2017-08-10,TQQQ,BUY,4.1434,826.8594,3426.05,0.0,0.0,OPEN
2017-08-11,SMH,SELL,39.10666275024414,-0.25108803385893663,-9.819215060743318,3.003650106964577,0.4407044943940075,REDUCE
2017-08-11,QQQ,SELL,133.96530151367188,-0.04340899478671522,-5.815299075007715,1.2322002443209912,0.2688574455498618,REDUCE
2017-08-11,SHV,SELL,88.03656005859375,-91.5840607846624,-8062.7456676788315,1.1454075144836513,0.00014208190402875687,CLOSE
2017-08-11,TQQQ,SELL,4.2381463050842285,-12.973566407118517,-54.98387253209421,1.2286134763493342,0.022855688874557245,REDUCE
2017-08-11,QLD,BUY,7.552,1074.6971,8116.16,0.0,0.0,OPEN
2017-08-11,USD,BUY,1.7152,6.0802,10.43,0.0,0.0,ADD
2017-08-11,GLD,BUY,122.79,0.0552,6.78,0.0,0.0,ADD
2017-08-14,QLD,SELL,7.74789571762085,-5.898775483075737,-45.703097304529365,1.155297063847119,0.02593387457080465,REDUCE
2017-08-14,USD,SELL,1.8067742586135864,-33.4497499240255,-60.43614711979103,1.5403708665401818,0.026154182261162617,REDUCE
2017-08-14,TQQQ,SELL,4.402981281280518,-813.8857858102213,-3583.523880022689,211.23287806572336,0.06263779666201508,CLOSE
2017-08-14,SMH,BUY,39.878,0.0588,2.34,0.0,0.0,ADD
2017-08-14,QQQ,BUY,135.6905,0.4108,55.74,0.0,0.0,ADD
2017-08-14,SHV,BUY,88.0525,39.9693,3519.4,0.0,0.0,OPEN
2017-08-14,XLK,BUY,26.5415,0.6567,17.43,0.0,0.0,ADD
2017-08-14,GLD,BUY,121.92,0.7772,94.75,0.0,0.0,ADD
2017-08-21,SMH,SELL,39.097469329833984,-0.1972522975814268,-7.71206565492912,2.356402733455126,0.43998339103959005,REDUCE
2017-08-21,QQQ,SELL,132.97540283203125,-0.08220040605983,-10.930632108762438,2.2339454041739937,0.25687316101606195,REDUCE
2017-08-21,SHV,SELL,88.07646179199219,-39.9693258217618,-3520.35679859209,0.958126996856503,0.0002722416771334668,CLOSE
2017-08-21,XLK,SELL,26.102262496948242,-0.7753611163042156,-20.23867938769945,4.6057221101991646,0.2946161771213911,REDUCE
2017-08-21,GLD,SELL,122.76000213623047,-0.8120919464604129,-99.69240908229585,2.4879583368915585,0.025595107197385003,REDUCE
2017-08-21,QLD,BUY,7.4412,20.1982,150.3,0.0,0.0,ADD
2017-08-21,USD,BUY,1.7053,37.927,64.68,0.0,0.0,ADD
2017-08-21,TQQQ,BUY,4.1391,832.0565,3443.95,0.0,0.0,OPEN
2017-08-22,QLD,SELL,7.662900924682617,-9.700926739408164,-74.33724048168915,1.0953810696949742,0.014955669865415633,REDUCE
2017-08-22,USD,SELL,1.7616850137710571,-12.861744723202882,-22.65834292981549,0.037637022330755,0.001663830584451409,REDUCE
2017-08-22,TQQQ,SELL,4.323337554931641,-832.0564502131614,-3597.2608990296694,153.30669613781728,0.044514731354176273,CLOSE
2017-08-22,SMH,BUY,39.6209,0.7398,29.31,0.0,0.0,ADD
2017-08-22,QQQ,BUY,135.0023,0.2987,40.32,0.0,0.0,ADD
2017-08-22,SHV,BUY,88.0605,39.9155,3514.98,0.0,0.0,OPEN
2017-08-22,XLK,BUY,26.4912,0.8754,23.19,0.0,0.0,ADD
2017-08-22,GLD,BUY,122.21,0.7074,86.45,0.0,0.0,ADD
2017-08-23,SMH,SELL,39.70356369018555,-0.4162441019335133,-16.52637421178133,5.188001103595668,0.457561332132405,REDUCE
2017-08-23,SHV,SELL,88.07646179199219,-39.91548775139721,-3515.6149318446683,0.6373833912939023,0.00018133355974758736,CLOSE
2017-08-23,USD,SELL,1.7749700546264648,-9.908956243483075,-17.588100604786405,0.1606372350930234,0.009217476559002513,REDUCE
2017-08-23,GLD,SELL,122.66999816894531,-0.162595329242174,-19.945568740416547,0.4734471174559929,0.024314100262075478,REDUCE
2017-08-23,QLD,BUY,7.605,6.1385,46.68,0.0,0.0,ADD
2017-08-23,QQQ,BUY,134.5215,0.0939,12.63,0.0,0.0,ADD
2017-08-23,XLK,BUY,26.4271,0.0794,2.1,0.0,0.0,ADD
2017-08-23,TQQQ,BUY,4.275,820.6466,3508.26,0.0,0.0,OPEN
2017-08-24,SMH,SELL,39.698970794677734,-0.3644145473378968,-14.466882471922872,4.540331958475251,0.4573927219051983,REDUCE
2017-08-24,QQQ,SELL,134.1255645751953,-0.03855686159530496,-5.171460829717944,1.0844421067441963,0.26533817930619796,REDUCE
2017-08-24,XLK,SELL,26.40422821044922,-0.43063437528845877,-11.370568320380698,2.6713998445868374,0.30708680398824595,REDUCE
2017-08-24,GLD,SELL,122.29000091552734,-0.015005902011751043,-1.8350717707553486,0.0379921719936968,0.02114106243255831,REDUCE
2017-08-24,TQQQ,SELL,4.239334583282471,-820.6466086904447,-3478.995548874879,-29.266824965747382,-0.008342256606568399,CLOSE
2017-08-24,QLD,BUY,7.5656,1.7044,12.9,0.0,0.0,ADD
2017-08-24,SHV,BUY,88.0765,39.6878,3495.56,0.0,0.0,OPEN
2017-08-24,USD,BUY,1.7653,1.9173,3.38,0.0,0.0,ADD
2017-08-31,QLD,SELL,7.959761619567871,-22.722680468535394,-180.8671198871525,9.303588901825254,0.05422824331250764,REDUCE
2017-08-31,USD,SELL,1.832136631011963,-1048.309855957107,-1920.64688774989,76.91021092463914,0.04171431413789062,CLOSE
2017-08-31,SMH,BUY,40.6724,0.5652,22.99,0.0,0.0,ADD
2017-08-31,QQQ,BUY,137.8306,0.1372,18.92,0.0,0.0,ADD
2017-08-31,SHV,BUY,88.0844,1.1913,104.93,0.0,0.0,ADD
2017-08-31,XLK,BUY,26.9167,1.6352,44.01,0.0,0.0,ADD
2017-08-31,GLD,BUY,125.82,15.1857,1910.66,0.0,0.0,ADD
2017-09-08,SHV,SELL,88.10359954833984,-40.87907656215897,-3601.593791338379,1.0998504118637689,0.0003054720907489372,CLOSE
2017-09-08,GLD,SELL,127.97000122070312,-1.1534761369334146,-147.61034265142098,7.0462490533298645,0.05012837114346502,REDUCE
2017-09-08,QLD,BUY,7.7614,16.5919,128.78,0.0,0.0,ADD
2017-09-08,SMH,BUY,40.204,0.1896,7.62,0.0,0.0,ADD
2017-09-08,QQQ,BUY,135.9546,0.2246,30.53,0.0,0.0,ADD
2017-09-08,XLK,BUY,26.5506,0.6195,16.45,0.0,0.0,ADD
2017-09-08,TQQQ,BUY,4.4046,809.5751,3565.83,0.0,0.0,OPEN
2017-09-11,QLD,SELL,7.928967475891113,-8.853308217036185,-70.19759290691945,3.323585677760727,0.04969921521783083,REDUCE
2017-09-11,SMH,SELL,40.93411636352539,-0.5064409153174975,-20.73071135885675,6.886623094474003,0.4974414322531806,REDUCE
2017-09-11,XLK,SELL,26.92581558227539,-0.14227049130545466,-3.8307490116903864,0.9433378127082775,0.3267071254142222,REDUCE
2017-09-11,TQQQ,SELL,4.544834136962891,-809.5751131161121,-3679.3846105257,113.55774573072814,0.031846118736686746,CLOSE
2017-09-11,QQQ,BUY,137.5195,0.0963,13.25,0.0,0.0,ADD
2017-09-11,SHV,BUY,88.1196,41.0006,3612.96,0.0,0.0,OPEN
2017-09-11,GLD,BUY,126.19,1.1724,147.94,0.0,0.0,ADD
2017-09-14,QLD,SELL,7.899402618408203,-1072.154395904515,-8469.37924234599,370.7951803426073,0.045785186336743555,CLOSE
2017-09-14,SMH,SELL,41.27848434448242,-0.9411728634567877,-38.850189309652706,13.12225185505533,0.510039014134438,REDUCE
2017-09-14,GLD,SELL,126.16000366210938,-0.021443967556531964,-2.7053710254622274,0.0896962103302945,0.03429180485716077,REDUCE
2017-09-14,QQQ,BUY,137.2272,0.0801,10.99,0.0,0.0,ADD
2017-09-14,SHV,BUY,88.1036,96.397,8492.92,0.0,0.0,ADD
2017-09-14,XLK,BUY,26.8618,0.2613,7.02,0.0,0.0,ADD
2017-09-15,SMH,SELL,41.82487869262695,-1.1228032528055318,-46.961109844278326,16.268117107641135,0.5300270731899805,REDUCE
2017-09-15,QQQ,SELL,137.69862365722656,-0.07160213611964987,-9.859515594593177,2.2489067599327393,0.2954963011225473,REDUCE
2017-09-15,SHV,SELL,88.11157989501953,-96.33374598907736,-8488.118556303107,0.30929964264527116,3.64404563406584e-05,REDUCE
2017-09-15,XLK,SELL,26.97150421142578,-0.29999892306771264,-8.09142221694401,1.9996215414969478,0.3282480251785651,REDUCE
2017-09-15,QLD,BUY,7.9499,1070.8827,8513.42,0.0,0.0,OPEN
2017-09-15,GLD,BUY,125.53,0.3156,39.61,0.0,0.0,ADD
2017-09-18,QLD,SELL,7.9326605796813965,-1070.8826958705645,-8494.948946995368,-18.468196135306695,-0.0021693047368421814,CLOSE
2017-09-18,SMH,SELL,42.40801239013672,-1.4536160102310338,-61.64496577237878,21.908862824333575,0.5513591217784823,REDUCE
2017-09-18,XLK,SELL,26.994462966918945,-0.21931156163461832,-5.920197828762866,1.466840777885822,0.32937865999245264,REDUCE
2017-09-18,QQQ,BUY,137.5182,0.0441,6.07,0.0,0.0,ADD
2017-09-18,SHV,BUY,88.0877,96.5839,8507.85,0.0,0.0,ADD
2017-09-18,GLD,BUY,124.36,0.3907,48.59,0.0,0.0,ADD
2017-09-20,QQQ,SELL,137.32919311523438,-0.0636782124417176,-8.744877533641557,1.9749709347992193,0.2917279442432694,REDUCE
2017-09-20,SHV,SELL,88.11157989501953,-41.319076346033064,-3640.689096651904,0.7328036222446215,0.00020132209379752908,REDUCE
2017-09-20,XLK,SELL,27.003643035888672,-0.4451523005111528,-12.020733819607813,2.9814377541396713,0.3298307448440969,REDUCE
2017-09-20,SMH,BUY,41.9534,0.8349,35.03,0.0,0.0,ADD
2017-09-20,GLD,BUY,123.62,0.155,19.16,0.0,0.0,ADD
2017-09-20,TQQQ,BUY,4.5314,796.0658,3607.26,0.0,0.0,OPEN
2017-09-28,SMH,SELL,42.45392990112305,-1.6251269308788556,-68.99302480395818,24.37241978618701,0.5462144624995591,REDUCE
2017-09-28,XLK,SELL,26.953140258789062,-0.3869512952461116,-10.429552534088543,2.5720904550885835,0.3273436676153758,REDUCE
2017-09-28,TQQQ,SELL,4.433095455169678,-796.0658430217752,-3529.0358707156497,-78.22630541996213,-0.021685783178577944,CLOSE
2017-09-28,QQQ,BUY,136.4411,0.1231,16.8,0.0,0.0,ADD
2017-09-28,SHV,BUY,88.1355,40.3085,3552.61,0.0,0.0,ADD
2017-09-28,GLD,BUY,122.21,0.3195,39.05,0.0,0.0,ADD
2017-10-02,SMH,SELL,43.13349533081055,-1.2663045763946132,-54.62014253330108,19.851611373126683,0.5709649131184957,REDUCE
2017-10-02,QQQ,SELL,137.54649353027344,-0.28536904785087686,-39.251511893960924,8.894219232347377,0.2929845994993492,REDUCE
2017-10-02,XLK,SELL,27.178125381469727,-0.8188068471571371,-22.25363515524259,5.626881787042379,0.3384233627837512,REDUCE
2017-10-02,GLD,SELL,120.7699966430664,-15.116931772724069,-1825.6717994453497,-19.049861613350384,-0.010326686142134611,REDUCE
2017-10-02,SHV,BUY,88.1547,0.3911,34.48,0.0,0.0,ADD
2017-10-02,USD,BUY,2.0719,920.5779,1907.32,0.0,0.0,OPEN
2017-10-16,SMH,SELL,44.8645133972168,-1.912253785441515,-85.79233557581938,33.288177757340556,0.6340103172862395,REDUCE
2017-10-16,QQQ,SELL,140.63604736328125,-0.14337467650654806,-20.16364779587002,4.9115836783631925,0.32202747382405206,REDUCE
2017-10-16,SHV,SELL,88.17069244384766,-95.35489983743838,-8407.507546580679,6.1422360628861545,0.0007310997481797532,REDUCE
2017-10-16,USD,SELL,2.2357218265533447,-50.497676603137315,-112.89875777186626,8.274011679334752,0.07908274082708022,REDUCE
2017-10-16,XLK,SELL,27.880659103393555,-0.9058788874749174,-25.256500450649582,6.861655688665646,0.37302058144281935,REDUCE
2017-10-16,QLD,BUY,8.2776,1044.4609,8645.59,0.0,0.0,OPEN
2017-10-16,GLD,BUY,122.97,0.049,6.03,0.0,0.0,ADD
2017-10-18,QLD,SELL,8.277560234069824,-1044.4609206039254,-8645.588182431013,0.0,0.0,CLOSE
2017-10-18,SMH,SELL,45.0206413269043,-0.3419418877489021,-15.394443082987891,6.0058509537419695,0.6396966521778544,REDUCE
2017-10-18,QQQ,SELL,140.64552307128906,-0.008450347880475904,-1.1885035977838925,0.28956348626168715,0.3221165487558004,REDUCE
2017-10-18,USD,SELL,2.246189594268799,-4.12513107837976,-9.265826503251446,0.7190809754170178,0.08413506323256814,REDUCE
2017-10-18,XLK,SELL,27.949533462524414,-0.39463601083894323,-11.02989239046019,3.0163838991587313,0.37641239195453147,REDUCE
2017-10-18,SHV,BUY,88.1867,98.0184,8643.92,0.0,0.0,ADD
2017-10-18,GLD,BUY,121.67,0.3168,38.55,0.0,0.0,ADD
2017-10-23,SMH,SELL,45.34204864501953,-0.6654144754889787,-30.17125551672143,11.901177087927975,0.6514026272143332,REDUCE
2017-10-23,SHV,SELL,88.17867279052734,-41.63799509044089,-3671.5831447335713,0.6652118423212735,0.0001812113085832845,REDUCE
2017-10-23,USD,SELL,2.288057327270508,-15.710429446622193,-35.94636320991026,3.3963569041675186,0.10434274181901793,REDUCE
2017-10-23,GLD,SELL,121.80000305175781,-0.02743592675313059,-3.3416959622591094,-0.006252881280912575,-0.0018676752761553894,REDUCE
2017-10-23,QQQ,BUY,139.5874,0.4401,61.43,0.0,0.0,ADD
2017-10-23,XLK,BUY,27.922,0.1772,4.95,0.0,0.0,ADD
2017-10-23,TQQQ,BUY,4.735,776.059,3674.66,0.0,0.0,OPEN
2017-10-27,QQQ,SELL,142.8942413330078,-0.1265539698773033,-18.083833513297577,4.58885832102364,0.3400419975318536,REDUCE
2017-10-27,SHV,SELL,88.17069244384766,-55.4841004252638,-4892.071554119491,0.44363593955198505,9.069290366570115e-05,REDUCE
2017-10-27,USD,SELL,2.433992862701416,-33.85059716318417,-82.39211189337107,12.257991444378408,0.17477928525949693,REDUCE
2017-10-27,XLK,SELL,28.71634292602539,-1.056819461423528,-30.34799006513549,8.87892312175727,0.4135681883695381,REDUCE
2017-10-27,TQQQ,SELL,5.059148788452148,-776.0589971380749,-3926.197935138481,251.5373870099344,0.06845187023820176,CLOSE
2017-10-27,QLD,BUY,8.5239,1036.0899,8831.54,0.0,0.0,OPEN
2017-10-27,SMH,BUY,46.1915,0.2522,11.65,0.0,0.0,ADD
2017-10-27,GLD,BUY,120.9,0.8759,105.9,0.0,0.0,ADD
2017-11-14,QLD,SELL,8.757954597473145,-7.1061504433366585,-62.23534294555611,1.6631117456893152,0.027456669710607784,REDUCE
2017-11-14,SMH,SELL,47.42662811279297,-0.5893418225628984,-27.9504954500062,11.739986653825627,0.7242207386230675,REDUCE
2017-11-14,SHV,SELL,88.20264434814453,-42.56976951427648,-3754.766240450214,1.700561625520915,0.00045311267402414757,CLOSE
2017-11-14,USD,SELL,2.641723155975342,-48.844503326917994,-129.0336554808339,27.834073592008718,0.27504138922813337,REDUCE
2017-11-14,QQQ,BUY,144.8499,0.3792,54.92,0.0,0.0,ADD
2017-11-14,XLK,BUY,29.0883,1.1322,32.93,0.0,0.0,ADD
2017-11-14,GLD,BUY,121.56,0.4616,56.12,0.0,0.0,ADD
2017-11-14,TQQQ,BUY,5.262,727.8595,3830.01,0.0,0.0,OPEN
2017-11-16,QLD,SELL,8.892217636108398,-4.03011972984383,-35.83670173734572,1.4842987048223957,0.04320800217140941,REDUCE
2017-11-16,SMH,SELL,48.15210723876953,-0.36898149278472986,-17.767236409691577,7.617985999457319,0.7505959249734862,REDUCE
2017-11-16,USD,SELL,2.6757402420043945,-1.1541844344066334,-3.0882977378369105,0.6969747796982033,0.2914599123159407,REDUCE
2017-11-16,TQQQ,SELL,5.37891149520874,-727.8595082974218,-3915.0918760779837,85.07981123233084,0.022213979954070817,CLOSE
2017-11-16,QQQ,BUY,146.0121,0.1902,27.76,0.0,0.0,ADD
2017-11-16,SHV,BUY,88.1947,43.9199,3873.5,0.0,0.0,OPEN
2017-11-16,XLK,BUY,29.2765,0.7513,22.0,0.0,0.0,ADD
2017-11-16,GLD,BUY,121.4,0.3997,48.53,0.0,0.0,ADD
2017-11-29,QLD,SELL,8.810920715332031,-1024.9536450814708,-9030.785303703406,294.16627852696257,0.03367049400680733,CLOSE
2017-11-29,QQQ,SELL,145.36959838867188,-0.5576515788819235,-81.06558606287399,21.38861084290778,0.3584064166132832,REDUCE
2017-11-29,XLK,SELL,29.056123733520508,-1.0174879687388982,-29.564256317045874,8.785255374382222,0.42279488790744746,REDUCE
2017-11-29,GLD,SELL,122.04000091552734,-0.6121846656128301,-74.7110171518616,0.035316396800918505,0.00047293023625938346,REDUCE
2017-11-29,SMH,BUY,45.7461,3.5813,163.83,0.0,0.0,ADD
2017-11-29,SHV,BUY,88.2347,57.9264,5111.11,0.0,0.0,ADD
2017-11-29,USD,BUY,2.4791,49.2024,121.98,0.0,0.0,ADD
2017-11-29,TQQQ,BUY,5.3009,720.489,3819.21,0.0,0.0,OPEN
2017-11-30,QQQ,SELL,146.58839416503906,-30.9567101608661,-4537.894431113909,1225.068116041556,0.3697954554598497,REDUCE
2017-11-30,USD,SELL,2.5187344551086426,-815.5977645846336,-2054.274191168904,344.42400568290134,0.20143519508699126,CLOSE
2017-11-30,XLK,SELL,29.313262939453125,-0.35387507394634476,-10.373233090307622,3.1464444490325976,0.43538625594527836,REDUCE
2017-11-30,TQQQ,SELL,5.432404041290283,-720.4890077123994,-3913.9873972020646,94.78089734349831,0.024816908262752513,CLOSE
2017-11-30,SSO,BUY,12.768,159.3957,2035.16,0.0,0.0,OPEN
2017-11-30,XLC,BUY,40.1956,112.5142,4522.57,0.0,0.0,OPEN
2017-11-30,SMH,BUY,46.0308,0.031,1.43,0.0,0.0,ADD
2017-11-30,SHV,BUY,88.2347,44.234,3902.97,0.0,0.0,ADD
2017-11-30,GLD,BUY,121.1,0.4492,54.4,0.0,0.0,ADD
2017-12-01,SHV,SELL,88.24346160888672,-43.81240808584884,-3866.1585509164797,0.9115128012503371,0.00023582265047017437,REDUCE
2017-12-01,GLD,SELL,121.58999633789062,-0.2002394825361211,-24.347117948268078,-0.07605694216392457,-0.0031141300222077284,REDUCE
2017-12-01,SSO,BUY,12.7179,0.2618,3.33,0.0,0.0,ADD
2017-12-01,XLC,BUY,40.0834,0.0569,2.28,0.0,0.0,ADD
2017-12-01,SMH,BUY,45.6313,0.6334,28.9,0.0,0.0,ADD
2017-12-01,QQQ,BUY,145.9648,0.0518,7.56,0.0,0.0,ADD
2017-12-01,XLK,BUY,29.1617,0.447,13.03,0.0,0.0,ADD
2017-12-01,TQQQ,BUY,5.3599,715.5732,3835.4,0.0,0.0,OPEN
2017-12-06,XLC,SELL,39.88397857687953,-0.4402486694154712,-17.55886849946637,-0.1371632509406032,-0.007751073962525501,REDUCE
2017-12-06,QQQ,SELL,145.02944946289062,-0.06499899583737033,-9.426768581934539,2.465923166582543,0.35425627484040967,REDUCE
2017-12-06,TQQQ,SELL,5.2509284019470215,-715.5731819680328,-3757.4235448675477,-77.97203334685565,-0.020329593586056127,CLOSE
2017-12-06,SMH,BUY,44.7635,1.0233,45.81,0.0,0.0,ADD
2017-12-06,SHV,BUY,88.2435,42.1717,3721.38,0.0,0.0,ADD
2017-12-06,XLK,BUY,28.8862,0.0908,2.62,0.0,0.0,ADD
2017-12-06,GLD,BUY,120.07,0.1161,13.94,0.0,0.0,ADD
2017-12-07,SSO,SELL,12.678523063659668,-0.6235244509032295,-7.905369131532325,-0.055718822135264405,-0.00699889543483756,REDUCE
2017-12-07,XLC,SELL,40.05924809226668,-0.27903554027450606,-11.17795393441611,-0.03802949319013146,-0.0033906516923454255,REDUCE
2017-12-07,SMH,SELL,45.20429229736328,-0.7867095682488208,-35.56264927625216,13.174953016807853,0.5884907881600352,REDUCE
2017-12-07,QQQ,SELL,145.52078247070312,-0.038994561301681094,-5.674519072722433,1.4985297399086002,0.3588442451549254,REDUCE
2017-12-07,SHV,SELL,88.25144958496094,-42.895550146501726,-3785.5944811731606,0.9745228568296326,0.0002574955656216016,REDUCE
2017-12-07,XLK,SELL,29.065309524536133,-0.662278298472491,-19.249323736486076,5.704368521341105,0.4211434021548406,REDUCE
2017-12-07,GLD,BUY,118.49,0.483,57.23,0.0,0.0,ADD
2017-12-07,TQQQ,BUY,5.3028,718.2187,3808.59,0.0,0.0,OPEN
2017-12-08,SSO,SELL,12.813287734985352,-1.1812075814666694,-15.135152616078585,0.05363105910827756,0.0035560774757166236,REDUCE
2017-12-08,XLC,SELL,40.249367943326035,-0.1806716995298644,-7.271921711323557,0.00972569940731069,0.0013392229280719814,REDUCE
2017-12-08,QQQ,SELL,146.16319274902344,-0.03365376383957411,-4.918941570813786,1.3149066974418766,0.36484294509937953,REDUCE
2017-12-08,XLK,SELL,29.203062057495117,-0.2480069191626105,-7.24256145099389,2.170309165434255,0.42787878899734166,REDUCE
2017-12-08,TQQQ,SELL,5.372968673706055,-718.218703770857,-3858.9665962305835,50.37166757012615,0.01322578759717108,CLOSE
2017-12-08,SMH,BUY,44.9977,0.7661,34.47,0.0,0.0,ADD
2017-12-08,SHV,BUY,88.2675,43.5817,3846.85,0.0,0.0,ADD
2017-12-08,GLD,BUY,118.48,0.1031,12.22,0.0,0.0,ADD
2017-12-15,SSO,SELL,13.039880752563477,-1.2755724690151247,-16.633312887210195,0.3469513782172254,0.02130318536928244,REDUCE
2017-12-15,XLC,SELL,40.84753602160532,-0.5943047503818251,-24.27588469903276,0.387486021671792,0.01622067794937676,REDUCE
2017-12-15,SMH,SELL,45.57162857055664,-0.3249352369745549,-14.80782792889022,5.51980017887924,0.5942919559938562,REDUCE
2017-12-15,QQQ,SELL,148.95045471191406,-0.24646449852550903,-36.710999125718445,10.316725606465774,0.39086984526929625,REDUCE
2017-12-15,SHV,SELL,88.26749420166016,-101.43306633216956,-8953.242594331386,2.751111606510624,0.000307369892683651,REDUCE
2017-12-15,XLK,SELL,29.75438117980957,-1.4227227926655384,-42.33223628617361,13.234624972821555,0.4548354444046261,REDUCE
2017-12-15,QLD,BUY,9.2199,984.2253,9074.43,0.0,0.0,OPEN
2017-12-15,GLD,BUY,119.18,0.1139,13.57,0.0,0.0,ADD
2017-12-21,SSO,SELL,13.132903099060059,-0.35502870567315353,-4.662557588990239,0.12959220512047961,0.02858883625752462,REDUCE
2017-12-21,XLC,SELL,41.10380999122652,-0.15717026295264502,-6.46029662467663,0.1427534799747839,0.02259636012054833,REDUCE
2017-12-21,QLD,SELL,9.250665664672852,-984.2253157243761,-9104.739334473283,30.308375782718755,0.0033399753572087576,CLOSE
2017-12-21,SMH,SELL,46.161216735839844,-0.7949300286222665,-36.69493734105981,13.97246429102613,0.6149182908154189,REDUCE
2017-12-21,GLD,SELL,120.30999755859375,-0.14846209645998715,-17.861474462644765,-0.2345907571760059,-0.012963633493045634,REDUCE
2017-12-21,QQQ,BUY,149.1673,0.0878,13.09,0.0,0.0,ADD
2017-12-21,SHV,BUY,88.2771,103.5005,9136.73,0.0,0.0,ADD
2017-12-21,XLK,BUY,29.7636,0.6921,20.6,0.0,0.0,ADD
2017-12-26,SHV,SELL,88.28507995605469,-44.14127592266599,-3897.0160741948384,0.8335011609431466,0.00021392764464178704,REDUCE
2017-12-26,GLD,SELL,121.7699966430664,-0.4577674641082351,-55.74234256776481,-0.05499617079460609,-0.000985641466742626,REDUCE
2017-12-26,SSO,BUY,13.0936,0.1164,1.52,0.0,0.0,ADD
2017-12-26,XLC,BUY,40.9606,0.1376,5.64,0.0,0.0,ADD
2017-12-26,SMH,BUY,45.6582,0.8635,39.43,0.0,0.0,ADD
2017-12-26,QQQ,BUY,148.1921,0.1122,16.62,0.0,0.0,ADD
2017-12-26,XLK,BUY,29.547,0.776,22.93,0.0,0.0,ADD
2017-12-26,TQQQ,BUY,5.5873,692.034,3866.62,0.0,0.0,OPEN
2018-01-02,SMH,SELL,46.74335479736328,-0.9440400947764567,-44.12760109307237,17.003233016431764,0.6268619039672625,REDUCE
2018-01-02,GLD,SELL,125.1500015258789,-0.42302799033610367,-52.94195363605286,1.3790141015500432,0.02674428793236827,REDUCE
2018-01-02,TQQQ,SELL,5.778714179992676,-692.0339935822651,-3999.0666517507957,132.4424722329157,0.03425273987952715,CLOSE
2018-01-02,SSO,BUY,13.2465,0.3693,4.89,0.0,0.0,ADD
2018-01-02,XLC,BUY,41.3663,0.4574,18.92,0.0,0.0,ADD
2018-01-02,QQQ,BUY,150.0572,0.0381,5.72,0.0,0.0,ADD
2018-01-02,SHV,BUY,88.3011,45.8355,4047.32,0.0,0.0,ADD
2018-01-02,XLK,BUY,29.8373,0.6462,19.28,0.0,0.0,ADD
2018-01-03,SSO,SELL,13.405340194702148,-1.0755067338868591,-14.41753364944634,0.6841150564107715,0.049813893880559235,REDUCE
2018-01-03,XLC,SELL,41.633807454772835,-0.15734777058928293,-6.5509867841519736,0.2254044600637322,0.0356337880870472,REDUCE
2018-01-03,SMH,SELL,47.404666900634766,-0.885672095964874,-41.98499069240188,16.53766482236075,0.6498782978933897,REDUCE
2018-01-03,QQQ,SELL,151.51531982421875,-0.120870644847589,-18.313754411442005,5.3235452282548845,0.4098121248998059,REDUCE
2018-01-03,SHV,SELL,88.30110931396484,-104.25823661606861,-9206.117948316687,2.5193146185584565,0.0002737314738316954,REDUCE
2018-01-03,XLK,SELL,30.086225509643555,-0.5052028963459559,-15.19964826758951,4.803268779837716,0.46201360632290833,REDUCE
2018-01-03,QLD,BUY,9.5278,973.1988,9272.46,0.0,0.0,OPEN
2018-01-03,GLD,BUY,124.82,0.2413,30.13,0.0,0.0,ADD
2018-01-04,SSO,SELL,13.524774551391602,-0.7654428586043743,-10.352442094596881,0.5783078608920617,0.059167169906245265,REDUCE
2018-01-04,XLC,SELL,41.80729452175519,-0.0243540061416552,-1.0181751075488137,0.039112803752287664,0.03994924899122276,REDUCE
2018-01-04,QLD,SELL,9.562304496765137,-973.1987770993576,-9306.023042503519,33.56341111778647,0.0036196880279941723,CLOSE
2018-01-04,SMH,SELL,47.64683151245117,-0.11297896227734419,-5.3830895800801954,2.136953134516164,0.6583066270785973,REDUCE
2018-01-04,XLK,SELL,30.238309860229492,-0.16981853153943696,-5.13502537669865,1.6403939905639497,0.4694040112706528,REDUCE
2018-01-04,GLD,SELL,125.45999908447266,-0.037065197573196054,-4.650199653598975,0.13148750086990407,0.029098445846012178,REDUCE
2018-01-04,QQQ,BUY,151.7804,0.0571,8.66,0.0,0.0,ADD
2018-01-04,SHV,BUY,88.3171,105.5729,9323.9,0.0,0.0,ADD
2018-01-05,SSO,SELL,13.694375038146973,-1.1630612509061693,-15.927396962245439,1.0759725082965566,0.07244911164130552,REDUCE
2018-01-05,XLC,SELL,42.19273298004883,-0.47255713136208116,-19.93847686137815,0.9410736819687412,0.0495369642409198,REDUCE
2018-01-05,SMH,SELL,47.954200744628906,-0.14707356830381488,-7.05279541867003,2.8270452380463382,0.6690043464966702,REDUCE
2018-01-05,QQQ,SELL,153.30470275878906,-0.1317945161038895,-20.20471911654522,6.027716672207288,0.42517568123963057,REDUCE
2018-01-05,SHV,SELL,88.31714630126953,-105.18380948365794,-9289.53389069308,1.2564046398585667,0.00013526777615613383,REDUCE
2018-01-05,XLK,SELL,30.556325912475586,-0.8501717491041572,-25.97812504720605,8.48276190225706,0.48485772098455016,REDUCE
2018-01-05,QLD,BUY,9.752,959.2913,9355.01,0.0,0.0,OPEN
2018-01-05,GLD,BUY,125.33,0.1885,23.63,0.0,0.0,ADD
2018-01-10,SSO,SELL,13.76364517211914,-0.9801979091474966,-13.491096219959218,0.9747002121989031,0.0778738713280227,REDUCE
2018-01-10,XLC,SELL,42.19688513517559,-0.16068356516229634,-6.780345942263921,0.32066039504885446,0.04964024838439696,REDUCE
2018-01-10,QLD,SELL,9.779101371765137,-959.2912844256291,-9381.00671544901,25.998248787696387,0.002779072716005304,CLOSE
2018-01-10,QQQ,SELL,153.55091857910156,-0.07657076603853141,-11.757511461521972,3.5208718092515596,0.42746459210231924,REDUCE
2018-01-10,SMH,BUY,47.1998,1.4252,67.27,0.0,0.0,ADD
2018-01-10,SHV,BUY,88.3091,105.7349,9337.36,0.0,0.0,ADD
2018-01-10,XLK,BUY,30.4872,0.1399,4.26,0.0,0.0,ADD
2018-01-10,GLD,BUY,125.03,0.0332,4.15,0.0,0.0,ADD
2018-01-12,SSO,SELL,14.141058921813965,-2.6342458068804357,-37.251025169637614,3.613671536253929,0.10743031617884191,REDUCE
2018-01-12,XLC,SELL,43.02684253659382,-1.082284825372719,-46.56729876105692,3.0580597335997872,0.0702852957660316,REDUCE
2018-01-12,QQQ,SELL,155.73800659179688,-0.11584250885539783,-18.041081407732236,5.580020206167217,0.44779654925909584,REDUCE
2018-01-12,SHV,SELL,88.32515716552734,-105.36376683376194,-9306.271265144002,1.8118883174593767,0.00019473332561070755,REDUCE
2018-01-12,XLK,SELL,30.791366577148438,-0.04213466393727271,-1.2973838828975204,0.4299294555288662,0.4956219508072821,REDUCE
2018-01-12,GLD,SELL,126.95999908447266,-0.17940664957000366,-22.777468065155972,0.9013252672029031,0.041201288340796394,REDUCE
2018-01-12,QLD,BUY,10.055,938.0595,9432.21,0.0,0.0,OPEN
2018-01-31,SSO,SELL,14.52922534942627,-150.08931415064814,-2180.6814678356,264.1529026231897,0.13782883668833468,CLOSE
2018-01-31,SMH,SELL,49.602821350097656,-0.8960453240908846,-44.446376132470505,18.46270064179391,0.7105500008425927,REDUCE
2018-01-31,XLC,BUY,44.1273,0.6218,27.44,0.0,0.0,ADD
2018-01-31,QLD,BUY,10.6438,181.6686,1933.65,0.0,0.0,ADD
2018-01-31,QQQ,BUY,160.3868,0.0386,6.19,0.0,0.0,ADD
2018-01-31,SHV,BUY,88.4213,1.374,121.5,0.0,0.0,ADD
2018-01-31,XLK,BUY,31.5472,1.0236,32.29,0.0,0.0,ADD
2018-01-31,GLD,BUY,127.65,0.8153,104.07,0.0,0.0,ADD
2018-02-02,XLC,SELL,43.04063463437124,-0.8608750181583077,-37.05260712240943,2.4252635509508558,0.07003897211883925,REDUCE
2018-02-02,QQQ,SELL,155.8516387939453,-0.10523620666659225,-16.401235269446715,5.072763871359955,0.44778891106320695,REDUCE
2018-02-02,SHV,SELL,88.39723205566406,-46.76337209067318,-4133.752654404601,4.018946044296144,0.0009731731700182156,CLOSE
2018-02-02,XLK,SELL,30.639272689819336,-0.5497477053035313,-16.843869853397337,5.4858531150047485,0.4829939276688475,REDUCE
2018-02-02,GLD,SELL,126.38999938964844,-0.7319044650836777,-92.505404895207,3.154590163524065,0.03530566758677223,REDUCE
2018-02-02,QLD,BUY,10.0439,28.6169,287.43,0.0,0.0,ADD
2018-02-02,SMH,BUY,47.9263,0.158,7.57,0.0,0.0,ADD
2018-02-02,TQQQ,BUY,6.4258,622.7359,4001.56,0.0,0.0,OPEN
2018-02-12,XLC,SELL,41.76632105638286,-2.277165428215281,-95.10882237333499,3.513424680707478,0.03835809188249506,REDUCE
2018-02-12,SMH,SELL,46.48255920410156,-1.9938230817634988,-92.67799944057606,34.80006763487264,0.6012666062722607,REDUCE
2018-02-12,QQQ,SELL,150.41700744628906,-0.3974352114012495,-59.78101515275921,16.997893567848383,0.39730372488395904,REDUCE
2018-02-12,XLK,SELL,29.805089950561523,-3.5671508335528688,-106.31925146126378,32.62042837387198,0.4426180365891432,REDUCE
2018-02-12,GLD,SELL,125.37000274658203,-1.3322483654182133,-167.02398123161083,4.3832507074968765,0.026950510449453402,REDUCE
2018-02-12,TQQQ,SELL,5.695899963378906,-622.7359126540518,-3547.041462080944,-454.51527167528207,-0.11358461266863829,CLOSE
2018-02-12,QLD,BUY,9.3123,28.5337,265.71,0.0,0.0,ADD
2018-02-12,SHV,BUY,88.3972,43.0131,3802.24,0.0,0.0,OPEN
2018-03-02,QLD,SELL,10.127694129943848,-41.480147829846686,-420.0982496855413,0.002697495203287601,6.421146782509268e-06,REDUCE
2018-03-02,SMH,SELL,49.588844299316406,-1.5869985938486724,-78.69742617359589,32.6290476746976,0.7082742813593477,REDUCE
2018-03-02,SHV,SELL,88.44053649902344,-43.01310314920303,-3804.1019190033508,1.8626584890356173,0.0004898846078360553,CLOSE
2018-03-02,XLC,BUY,42.9073,2.2849,98.04,0.0,0.0,ADD
2018-03-02,QQQ,BUY,157.1582,0.1069,16.8,0.0,0.0,ADD
2018-03-02,XLK,BUY,31.1923,0.3858,12.03,0.0,0.0,ADD
2018-03-02,GLD,BUY,125.39,1.4881,186.59,0.0,0.0,ADD
2018-03-02,TQQQ,BUY,6.442,619.2844,3989.44,0.0,0.0,OPEN
2018-03-06,QLD,SELL,10.433174133300781,-7.4951373881676835,-78.19807352376665,2.2901020107251893,0.03016945341941768,REDUCE
2018-03-06,SMH,SELL,50.897491455078125,-0.279182611640944,-14.209694590401341,6.1054087559727215,0.7533555554069589,REDUCE
2018-03-06,TQQQ,SELL,6.7280964851379395,-619.2843957515854,-4166.605166357014,177.16687492137964,0.04440897739957883,CLOSE
2018-03-06,XLC,BUY,43.5794,0.829,36.13,0.0,0.0,ADD
2018-03-06,QQQ,BUY,159.5725,0.2,31.92,0.0,0.0,ADD
2018-03-06,SHV,BUY,88.4486,46.1584,4082.64,0.0,0.0,OPEN
2018-03-06,XLK,BUY,31.5795,1.6276,51.4,0.0,0.0,ADD
2018-03-06,GLD,BUY,126.53,0.45,56.93,0.0,0.0,ADD
2018-03-16,QLD,SELL,10.737422943115234,-15.272774411054787,-163.99023836628294,9.313243819172621,0.06021091789662414,REDUCE
2018-03-16,SMH,SELL,51.884796142578125,-0.38620882807329543,-20.038366313046936,8.827257153744771,0.7873669793341147,REDUCE
2018-03-16,SHV,SELL,88.49673461914062,-46.15837003960001,-4084.8650238465734,2.2238930267339634,0.0005447192039353954,CLOSE
2018-03-16,XLK,SELL,32.182193756103516,-0.5760581869747173,-18.53881618801006,6.554516964062992,0.5469253430326351,REDUCE
2018-03-16,XLC,BUY,44.0968,0.3653,16.11,0.0,0.0,ADD
2018-03-16,QQQ,BUY,161.9206,0.0129,2.09,0.0,0.0,ADD
2018-03-16,GLD,BUY,124.6,0.9987,124.44,0.0,0.0,ADD
2018-03-16,TQQQ,BUY,7.0181,590.5841,4144.8,0.0,0.0,OPEN
2018-03-26,XLC,SELL,42.752421846213466,-2.1699902190296187,-92.77233724611142,5.2851999476685965,0.060411165696727664,REDUCE
2018-03-26,SMH,SELL,50.40848922729492,-2.037148218405962,-102.68956402191998,43.55396330516785,0.7365100341803028,REDUCE
2018-03-26,QQQ,SELL,155.90533447265625,-0.32868528557576454,-51.24378938393011,15.651188783073934,0.4397315318031987,REDUCE
2018-03-26,XLK,SELL,30.84608268737793,-1.263973806763637,-38.988640558111,12.692963048450501,0.48270150270086654,REDUCE
2018-03-26,GLD,SELL,128.27999877929688,-2.5540634915182587,-327.6352615742089,15.110302810409188,0.04834910744466092,REDUCE
2018-03-26,TQQQ,SELL,6.190008640289307,-590.5840991852954,-3655.720676774455,-489.08252616180584,-0.11799897418901095,CLOSE
2018-03-26,QLD,BUY,9.9097,33.2471,329.47,0.0,0.0,ADD
2018-03-26,SHV,BUY,88.5208,44.5046,3939.58,0.0,0.0,OPEN
2018-03-27,XLC,SELL,41.64814849146032,-1.1110309776310738,-46.27238313499129,1.4791306906095636,0.03302128356153977,REDUCE
2018-03-27,SMH,SELL,48.6713981628418,-0.12883015208315496,-6.270343627418697,2.5305821485856916,0.6766693980107417,REDUCE
2018-03-27,QQQ,SELL,150.86021423339844,-0.09017257647737273,-13.603454205353955,3.838865887726099,0.39314160135106313,REDUCE
2018-03-27,SHV,SELL,88.5528793334961,-44.5045999076183,-3941.0104654048446,1.427778950588493,0.0003624188306792231,CLOSE
2018-03-27,XLK,SELL,29.85672378540039,-0.5804411882142935,-17.33007223018376,5.254589164844092,0.4351452555903432,REDUCE
2018-03-27,GLD,SELL,127.48999786376953,-0.9163650523315598,-116.82737856418362,4.697452607540424,0.0418929430967141,REDUCE
2018-03-27,QLD,BUY,9.2556,37.0393,342.82,0.0,0.0,ADD
2018-03-27,TQQQ,BUY,5.5964,678.7333,3798.49,0.0,0.0,OPEN
2018-03-28,XLC,SELL,41.256193568515535,-0.9108731770698953,-37.57916010956433,0.8556366554270233,0.023299416149313634,REDUCE
2018-03-28,QLD,SELL,9.053582191467285,-964.7567872569364,-8734.504868206592,-1003.941259825141,-0.10309049787063418,REDUCE
2018-03-28,QQQ,SELL,149.12478637695312,-0.16089971013103838,-23.994134901404777,6.570662142483542,0.37711552876961374,REDUCE
2018-03-28,XLK,SELL,29.65792465209961,-1.6818542185359693,-49.88030568915565,14.891055190269254,0.4255894304092964,REDUCE
2018-03-28,GLD,SELL,125.7300033569336,-0.12130942037043872,-15.252233830402929,0.4083500644614035,0.027509651173525107,REDUCE
2018-03-28,SMH,BUY,47.591,0.4111,19.57,0.0,0.0,ADD
2018-03-28,SHV,BUY,88.5369,99.1492,8778.36,0.0,0.0,OPEN
2018-03-28,TQQQ,BUY,5.4035,11.7115,63.28,0.0,0.0,ADD
2018-03-29,QLD,SELL,9.386160850524902,-4.10999343945725,-38.577059517347834,-2.9100284465731083,-0.0701429912146112,REDUCE
2018-03-29,SMH,SELL,48.56428146362305,-0.29363486812732564,-14.26016638326928,5.7120530897239785,0.6682238399948632,REDUCE
2018-03-29,QQQ,SELL,151.85598754882812,-0.027314212170136815,-4.147826663214346,1.1900312060927078,0.4023372215368739,REDUCE
2018-03-29,XLK,SELL,30.24506378173828,-0.3764351885975878,-11.385306288824722,3.553958621901559,0.4538118818185306,REDUCE
2018-03-29,TQQQ,SELL,5.702638149261475,-690.4448108666054,-3937.3569184075272,75.5803820705375,0.0195714022702691,CLOSE
2018-03-29,XLC,BUY,41.9537,0.0311,1.3,0.0,0.0,ADD
2018-03-29,SHV,BUY,88.577,44.5039,3942.02,0.0,0.0,ADD
2018-03-29,GLD,BUY,125.79,0.4961,62.4,0.0,0.0,ADD
2018-04-02,QLD,SELL,8.846641540527344,-214.05019934223463,-1893.6253852591717,-267.03973005517327,-0.12359144791224297,CLOSE
2018-04-02,SHV,SELL,88.57133483886719,-2.274312520247354,-201.43889575905632,0.05013535414498153,0.0002489481242358149,REDUCE
2018-04-02,XLK,SELL,29.523853302001953,-147.6170800859535,-4358.225017327564,1287.2032033574626,0.41914492352413957,CLOSE
2018-04-02,XLC,BUY,40.8612,1.1086,45.3,0.0,0.0,ADD
2018-04-02,SMH,BUY,46.7853,1.979,92.59,0.0,0.0,ADD
2018-04-02,QQQ,BUY,147.4746,0.3334,49.17,0.0,0.0,ADD
2018-04-02,XLY,BUY,45.5055,96.5537,4393.72,0.0,0.0,OPEN
2018-04-02,GLD,BUY,127.26,14.714,1872.51,0.0,0.0,ADD
2018-04-03,XLC,SELL,41.322184501889616,-0.6393357135914225,-26.41874831567202,0.6388656026557767,0.02478155582659869,REDUCE
2018-04-03,SMH,SELL,47.64683151245117,-1.2122263316272488,-57.75874377800028,22.017703133385112,0.6160341930811226,REDUCE
2018-04-03,QQQ,SELL,149.13424682617188,-0.1498565502424846,-22.348743752381324,6.043789759178913,0.3706719909604521,REDUCE
2018-04-03,SHV,SELL,88.57133483886719,-41.6428152917863,-3688.359736841903,0.9179817081694172,0.0002489481242358149,REDUCE
2018-04-03,XLY,SELL,46.08340072631836,-0.7083895390537085,-32.644998998544,0.40937286247553006,0.012699392304264423,REDUCE
2018-04-03,GLD,BUY,126.3,0.5795,73.19,0.0,0.0,ADD
2018-04-03,TQQQ,BUY,5.3706,699.0561,3754.34,0.0,0.0,OPEN
2018-04-04,XLC,SELL,41.98983945295781,-0.3575979981036856,-15.01548252907287,0.5960871260908,0.04133925934006388,REDUCE
2018-04-04,QQQ,SELL,151.486083984375,-0.07465273905866768,-11.308851098704963,3.186353457804111,0.39228739713745475,REDUCE
2018-04-04,XLY,SELL,46.929439544677734,-0.5271639638720954,-24.73950937266818,0.7506451744627244,0.031291401221024806,REDUCE
2018-04-04,TQQQ,SELL,5.62457799911499,-699.056073055449,-3931.8954086554,177.55070648233357,0.04729206308082601,CLOSE
2018-04-04,SMH,BUY,48.229,0.0495,2.39,0.0,0.0,ADD
2018-04-04,SHV,BUY,88.5794,44.1879,3914.14,0.0,0.0,ADD
2018-04-04,GLD,BUY,126.45,0.5254,66.43,0.0,0.0,ADD
2018-04-06,SHV,SELL,88.5874252319336,-43.93134420214814,-3891.7646698461376,1.2696142021532952,0.0003263374413782216,REDUCE
2018-04-06,XLY,SELL,46.54571533203125,-0.16340683707185258,-7.605888121654061,0.16997692092934055,0.022858922913546076,REDUCE
2018-04-06,GLD,SELL,126.38999938964844,-0.4326062843240019,-54.67710801166868,1.006413315635844,0.018751635717326298,REDUCE
2018-04-06,XLC,BUY,41.3876,0.4826,19.97,0.0,0.0,ADD
2018-04-06,SMH,BUY,46.3196,2.8695,132.92,0.0,0.0,ADD
2018-04-06,QQQ,BUY,148.5368,0.2455,36.47,0.0,0.0,ADD
2018-04-06,TQQQ,BUY,5.2866,712.1202,3764.69,0.0,0.0,OPEN
2018-04-09,SMH,SELL,46.6362419128418,-0.23465571858321738,-10.943460858078652,3.9040855125462226,0.5546068111034834,REDUCE
2018-04-09,QQQ,SELL,149.57992553710938,-0.06686324163509293,-10.00139870494695,2.7006900858795047,0.36992163730874617,REDUCE
2018-04-09,TQQQ,SELL,5.392383575439453,-712.1201748197396,-3840.0251344370363,75.33800826385324,0.020011758145871417,CLOSE
2018-04-09,XLC,BUY,41.4998,0.1766,7.33,0.0,0.0,ADD
2018-04-09,SHV,BUY,88.6035,43.0931,3818.19,0.0,0.0,ADD
2018-04-09,XLY,BUY,46.4348,0.6438,29.9,0.0,0.0,ADD
2018-04-09,GLD,BUY,126.82,0.0438,5.55,0.0,0.0,ADD
2018-04-17,XLC,SELL,43.341179257429324,-2.0915224919359727,-90.64905124394227,6.298676177280015,0.07467277024319285,REDUCE
2018-04-17,SMH,SELL,49.36064529418945,-3.1024920798601476,-153.14101108200884,60.07016504195361,0.6454240785143501,REDUCE
2018-04-17,QQQ,SELL,157.5175018310547,-0.6979025928827048,-109.93187295229927,33.72881503094815,0.4426176055265332,REDUCE
2018-04-17,SHV,SELL,88.61152648925781,-99.39111052032845,-8807.198022668836,3.9222693993896995,0.00044554657940065745,REDUCE
2018-04-17,XLY,SELL,48.02511215209961,-0.950102920374633,-45.62879930702911,2.3879492962181357,0.05522438378572825,REDUCE
2018-04-17,QLD,BUY,10.0402,907.3703,9110.21,0.0,0.0,OPEN
2018-04-17,GLD,BUY,127.75,0.7541,96.34,0.0,0.0,ADD
2018-04-20,XLC,SELL,42.5600670444073,-0.9163947222335215,-39.001820817399675,2.043940217245161,0.0553045841388593,REDUCE
2018-04-20,QLD,SELL,9.593101501464844,-907.3703009313592,-8704.495396249229,-405.7178590903028,-0.04453439757324118,CLOSE
2018-04-20,QQQ,SELL,153.91378784179688,-0.09323887620487477,-14.350748610804658,4.170119456506764,0.4096131381768571,REDUCE
2018-04-20,XLY,SELL,47.60904312133789,-1.7146384118575413,-81.632294087628,3.596093166708668,0.04608237105690072,REDUCE
2018-04-20,GLD,SELL,126.62999725341797,-0.8332043409133918,-105.50866340139874,2.086193052751964,0.02017156470657877,REDUCE
2018-04-20,SMH,BUY,46.0914,3.9183,180.6,0.0,0.0,ADD
2018-04-20,SHV,BUY,88.6276,98.89,8764.39,0.0,0.0,ADD
2018-04-24,SHV,SELL,88.63560485839844,-43.44699874491145,-3850.9510130373037,1.0871609828369708,0.00028238946222902683,REDUCE
2018-04-24,GLD,SELL,126.2300033569336,-0.2723414020735618,-34.377656097977706,0.5729587415226277,0.01694908655684868,REDUCE
2018-04-24,XLC,BUY,41.8218,0.8718,36.46,0.0,0.0,ADD
2018-04-24,SMH,BUY,45.2624,0.8682,39.3,0.0,0.0,ADD
2018-04-24,QQQ,BUY,150.2723,0.3646,54.79,0.0,0.0,ADD
2018-04-24,XLY,BUY,46.9572,0.4315,20.26,0.0,0.0,ADD
2018-04-24,TQQQ,BUY,5.4292,687.8552,3734.53,0.0,0.0,OPEN
2018-04-27,XLC,SELL,42.68990806014755,-0.5165519414024342,-22.05155488676064,1.2127983534290139,0.058199170928895816,REDUCE
2018-04-27,QQQ,SELL,153.7146759033203,-0.17420803185069877,-26.778331155685464,7.65179049884066,0.40006139302050525,REDUCE
2018-04-27,XLY,SELL,48.13145065307617,-0.8462233612930279,-40.72995795555562,2.2112083106059957,0.057406025143287964,REDUCE
2018-04-27,TQQQ,SELL,5.802093505859375,-687.8552421044018,-3991.000433185278,256.47400249830554,0.0686764459318947,CLOSE
2018-04-27,SMH,BUY,45.6815,0.6229,28.46,0.0,0.0,ADD
2018-04-27,SHV,BUY,88.6597,44.3176,3929.19,0.0,0.0,ADD
2018-04-27,GLD,BUY,125.5,0.9794,122.92,0.0,0.0,ADD
2018-04-30,SMH,SELL,45.24842834472656,-97.69160180067163,-4420.391443959251,1403.6894816939775,0.4653059862234228,CLOSE
2018-04-30,SHV,SELL,88.65973663330078,-0.6116236847873381,-54.22639481193437,0.020776355708587123,0.00038328786388386327,REDUCE
2018-04-30,XLY,SELL,47.9419059753418,-0.030295070251880996,-1.452403409532053,0.07341970394715797,0.0532418937582857,REDUCE
2018-04-30,GLD,SELL,124.58999633789062,-15.910762674255993,-1982.3218633186011,6.916591211015536,0.003501353017872688,REDUCE
2018-04-30,XLC,BUY,42.4666,0.1018,4.32,0.0,0.0,ADD
2018-04-30,QQQ,BUY,152.6241,29.1855,4454.42,0.0,0.0,ADD
2018-04-30,BIL,BUY,73.8699,27.0699,1999.65,0.0,0.0,OPEN
2018-05-01,XLC,SELL,42.76119140793625,-0.41178734028385156,-17.608517277242754,0.9953269714820484,0.05991185035284374,REDUCE
2018-05-01,QQQ,SELL,154.36904907226562,-0.45039755117227775,-69.52744167894161,9.624497822428959,0.16066819429580637,REDUCE
2018-05-01,SHV,SELL,88.67015838623047,-100.11936937969136,-8877.600340426747,4.444392320408785,0.000500880672716919,REDUCE
2018-05-01,QLD,BUY,9.6177,926.8081,8913.8,0.0,0.0,OPEN
2018-05-01,BIL,BUY,73.8756,0.0785,5.8,0.0,0.0,ADD
2018-05-01,XLY,BUY,48.0066,0.1505,7.22,0.0,0.0,ADD
2018-05-01,GLD,BUY,123.71,0.3065,37.92,0.0,0.0,ADD
2018-05-17,QLD,SELL,10.268115997314453,-33.91809272864661,-348.27491054541133,22.059653713639563,0.06762299816349682,REDUCE
2018-05-17,QQQ,SELL,159.63226318359375,-0.2863284864857055,-45.70726431164621,7.625531394069079,0.20024118678037928,REDUCE
2018-05-17,SHV,SELL,88.7345199584961,-42.72421878453247,-3791.11304444725,4.646365871977678,0.0012270980484967442,CLOSE
2018-05-17,XLC,BUY,43.9257,0.1337,5.87,0.0,0.0,ADD
2018-05-17,BIL,BUY,73.9321,0.7538,55.73,0.0,0.0,ADD
2018-05-17,XLY,BUY,48.5429,1.5957,77.46,0.0,0.0,ADD
2018-05-17,GLD,BUY,122.36,1.2218,149.5,0.0,0.0,ADD
2018-05-17,TQQQ,BUY,6.4567,603.4882,3896.53,0.0,0.0,OPEN
2018-05-22,XLC,SELL,43.98833305623307,-0.2373566262120704,-10.440922326920372,0.863893089131157,0.09020470416049187,REDUCE
2018-05-22,BIL,SELL,73.94021606445312,-0.026835553292309754,-1.9842266086425298,0.001840350143165182,0.0009283509383071209,REDUCE
2018-05-22,XLY,SELL,48.533660888671875,-0.0625110952552658,-3.033892298898536,0.18504342242733982,0.06495375165584383,REDUCE
2018-05-22,GLD,SELL,122.41000366210938,-0.0401412536569196,-4.913691007145189,-0.06712069941938414,-0.01347585561825615,REDUCE
2018-05-22,TQQQ,SELL,6.43052339553833,-603.4881512025323,-3880.7446752380574,-15.78221519687256,-0.004050328828889671,CLOSE
2018-05-22,QLD,BUY,10.2509,0.7395,7.58,0.0,0.0,ADD
2018-05-22,SHV,BUY,88.7265,43.8787,3893.21,0.0,0.0,OPEN
2018-05-31,QLD,SELL,10.471360206604004,-9.57511143862833,-100.26444089225151,8.168531386395296,0.08869591961493017,REDUCE
2018-05-31,QQQ,SELL,161.28233337402344,-0.033356012348137586,-5.379735503560369,0.9433807104071006,0.21264771516088898,REDUCE
2018-05-31,BIL,SELL,73.98059844970703,-27.87534203423032,-2062.234485682633,3.0373304123653626,0.0014750070941929039,CLOSE
2018-05-31,XLC,BUY,44.3201,0.3123,13.84,0.0,0.0,ADD
2018-05-31,SHV,BUY,88.7989,0.4274,37.95,0.0,0.0,ADD
2018-05-31,USD,BUY,2.9773,699.5789,2082.88,0.0,0.0,OPEN
2018-05-31,XLY,BUY,48.8943,0.2935,14.35,0.0,0.0,ADD
2018-05-31,GLD,BUY,123.1,0.1558,19.18,0.0,0.0,ADD
2018-06-21,XLC,SELL,46.49080276489258,-1.3568631591963127,-63.08165751314482,8.317889157049718,0.1518867201205658,REDUCE
2018-06-21,QLD,SELL,11.196877479553223,-28.057214220629977,-314.1531900459722,44.29161418741265,0.16412716055073684,REDUCE
2018-06-21,SHV,SELL,88.89391326904297,-44.30611758423493,-3938.5441738209997,7.3877854046501445,0.0018792906398787945,CLOSE
2018-06-21,XLY,SELL,51.687984466552734,-1.9510892896825833,-100.84787289797077,11.90983058446904,0.13391154420160878,REDUCE
2018-06-21,USD,BUY,2.9298,36.4756,106.87,0.0,0.0,ADD
2018-06-21,GLD,BUY,120.05,1.9705,236.56,0.0,0.0,ADD
2018-06-21,TQQQ,BUY,7.3343,555.3604,4073.2,0.0,0.0,OPEN
2018-07-02,XLC,SELL,46.093135833740234,-103.07948629056129,-4751.256763263006,590.910105442923,0.14203386257061212,CLOSE
2018-07-02,QQQ,SELL,164.22203063964844,-29.007182044806687,-4763.618338532104,905.6586472702472,0.23475067645769654,REDUCE
2018-07-02,USD,SELL,2.6625969409942627,-736.0545009185336,-1959.816462550746,-229.93259615220208,-0.10500408493765845,CLOSE
2018-07-02,XLY,SELL,50.73311233520508,-92.71493395804579,-4703.717159644657,477.4191818644126,0.11296391886574098,CLOSE
2018-07-02,TQQQ,SELL,6.940876483917236,-555.3604139915976,-3854.688037572821,-218.51384941386928,-0.053646702392039614,CLOSE
2018-07-02,QLD,BUY,10.8101,198.6563,2147.49,0.0,0.0,ADD
2018-07-02,SHV,BUY,88.935,122.9614,10935.57,0.0,0.0,OPEN
2018-07-02,GLD,BUY,117.46,59.1694,6950.04,0.0,0.0,ADD
2018-07-20,QLD,SELL,11.563945770263672,-45.92720169281376,-531.0996697556602,79.04939705635832,0.1748685972122861,REDUCE
2018-07-20,QQQ,SELL,170.104736328125,-0.29461984346198566,-50.11623078913453,10.931746113356935,0.2789814949414031,REDUCE
2018-07-20,SHV,SELL,89.00751495361328,-42.723796656897235,-3802.738969813914,3.0998482224051873,0.0008158270096731979,REDUCE
2018-07-20,GLD,BUY,116.56,2.8909,336.96,0.0,0.0,ADD
2018-07-20,TQQQ,BUY,7.6719,527.5061,4046.99,0.0,0.0,OPEN
2018-07-23,QLD,SELL,11.63662338256836,-4.505067829847418,-52.42377764885896,8.081491031165204,0.182252464805017,REDUCE
2018-07-23,QQQ,SELL,170.6464385986328,-0.03305583262242964,-5.640860111930124,1.2444292686499052,0.28305443961480004,REDUCE
2018-07-23,TQQQ,SELL,7.738500118255615,-527.506052193016,-4082.105647276207,35.11471743500205,0.008676747253391959,CLOSE
2018-07-23,SHV,BUY,89.0156,45.6817,4066.38,0.0,0.0,ADD
2018-07-23,GLD,BUY,116.0,0.6361,73.79,0.0,0.0,ADD
2018-07-27,QLD,SELL,11.386573791503906,-817.2499027435969,-9305.676323689357,1261.684358541456,0.15684803813926473,REDUCE
2018-07-27,GLD,SELL,115.83000183105469,-0.642594115381391,-74.43167756125149,-2.4643635435765283,-0.03204798983366386,REDUCE
2018-07-27,QQQ,BUY,168.8027,0.0648,10.94,0.0,0.0,ADD
2018-07-27,SHV,BUY,89.0317,105.2341,9369.17,0.0,0.0,ADD
2018-07-30,SHV,SELL,89.03974914550781,-45.83955729424809,-4081.5426824209826,2.0543871329472463,0.0005035894171629973,REDUCE
2018-07-30,GLD,SELL,115.6500015258789,-0.18912502532094733,-21.872309466949446,-0.7593414817986567,-0.03355219128813314,REDUCE
2018-07-30,QLD,BUY,11.0602,4.8404,53.54,0.0,0.0,ADD
2018-07-30,QQQ,BUY,166.4173,0.2564,42.67,0.0,0.0,ADD
2018-07-30,TQQQ,BUY,7.1596,559.6981,4007.21,0.0,0.0,OPEN
2018-07-31,QLD,SELL,11.18702507019043,-191.81168964886268,-2145.802180857413,251.95376029794224,0.13303797577607157,CLOSE
2018-07-31,SHV,SELL,89.0478286743164,-78.95559207611642,-7030.824036073229,4.1764693335225855,0.0005943758092110674,REDUCE
2018-07-31,GLD,SELL,115.98999786376953,-61.09300388460741,-7086.177390066878,-224.51846829770716,-0.030710957294280417,REDUCE
2018-07-31,TQQQ,SELL,7.302244663238525,-8.475813957723078,-61.89246723938595,1.209043608315857,0.01992378702405362,REDUCE
2018-07-31,SSO,BUY,14.278,149.2483,2130.97,0.0,0.0,OPEN
2018-07-31,QQQ,BUY,167.6908,28.1635,4722.76,0.0,0.0,ADD
2018-07-31,XLK,BUY,32.904,143.9182,4735.48,0.0,0.0,OPEN
2018-07-31,XLY,BUY,51.5767,91.8143,4735.48,0.0,0.0,OPEN
2018-08-02,QQQ,SELL,170.61790466308594,-0.2887884649699137,-49.272482784035674,5.402651764684642,0.12315187086773882,REDUCE
2018-08-02,SHV,SELL,89.06803131103516,-60.63154438122177,-5400.332293383079,4.432109602987564,0.0008213846535394254,REDUCE
2018-08-02,XLK,SELL,33.618473052978516,-1.3921952757945892,-46.80347936378439,0.9947134977582037,0.021714479291307986,REDUCE
2018-08-02,TQQQ,SELL,7.696895122528076,-551.2223037849938,-4242.700261431408,296.16996447983,0.075045658387217,CLOSE
2018-08-02,SSO,BUY,14.3774,0.7213,10.37,0.0,0.0,ADD
2018-08-02,QLD,BUY,11.6132,825.1816,9583.02,0.0,0.0,OPEN
2018-08-02,XLY,BUY,51.6741,0.9113,47.09,0.0,0.0,ADD
2018-08-02,GLD,BUY,114.52,0.8613,98.63,0.0,0.0,ADD
2018-08-13,QLD,SELL,11.708067893981934,-4.177918307258649,-48.915351196894335,0.39626983944579713,0.008167298892705954,REDUCE
2018-08-13,QQQ,SELL,171.3686981201172,-0.06918505924186812,-11.856153531642121,1.3462570982068442,0.12809423068375625,REDUCE
2018-08-13,SHV,SELL,89.1084213256836,-45.726635750957584,-4074.6283243023945,5.189474107871873,0.001275230885364964,CLOSE
2018-08-13,XLK,SELL,33.836524963378906,-0.48474465829236696,-16.402074731174253,0.4520460659439481,0.028341395205725872,REDUCE
2018-08-13,XLY,SELL,51.98464584350586,-0.2716524408386994,-14.121755929523715,0.11054663772980375,0.007889871275746918,REDUCE
2018-08-13,SSO,BUY,14.3367,0.8868,12.71,0.0,0.0,ADD
2018-08-13,GLD,BUY,112.96,0.6016,67.95,0.0,0.0,ADD
2018-08-13,TQQQ,BUY,7.7908,524.3691,4085.26,0.0,0.0,OPEN
2018-08-14,SSO,SELL,14.524796485900879,-0.5742554381057764,-8.34094336940825,0.14125201598309592,0.017226504010311672,REDUCE
2018-08-14,QLD,SELL,11.849720001220703,-2.3002298788893714,-27.257080003280862,0.5440060686453784,0.020364787293911224,REDUCE
2018-08-14,XLY,SELL,52.489891052246094,-0.04176005248356291,-2.191980605198296,0.03809296267598402,0.017685677713149106,REDUCE
2018-08-14,TQQQ,SELL,7.934638023376465,-524.3690922595907,-4160.67893772635,75.42291394931996,0.01846222452407953,CLOSE
2018-08-14,QQQ,BUY,172.4426,0.1545,26.64,0.0,0.0,ADD
2018-08-14,SHV,BUY,89.1246,46.2622,4123.1,0.0,0.0,OPEN
2018-08-14,XLK,BUY,34.0453,0.4366,14.87,0.0,0.0,ADD
2018-08-14,GLD,BUY,113.07,0.2995,33.86,0.0,0.0,ADD
2018-08-15,QLD,SELL,11.565179824829102,-818.7034747298223,-9468.452908462823,-39.330053455891935,-0.004136616665885162,CLOSE
2018-08-15,QQQ,SELL,170.33282470703125,-0.09803657692288105,-16.698847071882483,1.8001428650973261,0.12082546509497827,REDUCE
2018-08-15,XLK,SELL,33.739105224609375,-0.7334952207129,-24.747472433380608,0.6099946649708885,0.025271682104632598,REDUCE
2018-08-15,XLY,SELL,51.850215911865234,-0.1785845572444714,-9.259647851650698,0.04866634856022456,0.005283513873510115,REDUCE
2018-08-15,SSO,BUY,14.3056,0.1523,2.18,0.0,0.0,ADD
2018-08-15,SHV,BUY,89.1246,61.0557,5441.56,0.0,0.0,ADD
2018-08-15,GLD,BUY,111.19,0.0939,10.44,0.0,0.0,ADD
2018-08-15,TQQQ,BUY,7.6458,531.6632,4064.98,0.0,0.0,OPEN
2018-08-17,SSO,SELL,14.627823829650879,-2.509501464816761,-36.7085453275904,0.8757519097604035,0.024439956426189235,REDUCE
2018-08-17,XLK,SELL,33.938602447509766,-0.06245095778136258,-2.119498228607881,0.06439471532465868,0.031334049554410104,REDUCE
2018-08-17,XLY,SELL,52.15150451660156,-0.03127043221991821,-1.6308000871531476,0.017942977806264925,0.011124964327144271,REDUCE
2018-08-17,GLD,SELL,112.12999725341797,-0.10818463602309186,-12.130742940131313,-0.7819260258476615,-0.06055495017395729,REDUCE
2018-08-17,TQQQ,SELL,7.714726448059082,-531.6631857783001,-4101.636040783201,36.65548167482035,0.009017381791085466,CLOSE
2018-08-17,QQQ,BUY,170.9316,0.1012,17.29,0.0,0.0,ADD
2018-08-17,SHV,BUY,89.1488,46.4048,4136.93,0.0,0.0,ADD
2018-08-21,SSO,SELL,14.757210731506348,-0.717177062285515,-10.583533039949998,0.3430697936934316,0.0335013939744222,REDUCE
2018-08-21,SHV,SELL,89.16492462158203,-45.44017636563278,-4051.6699004330403,1.5017714325421623,0.00037079236829429263,REDUCE
2018-08-21,XLY,SELL,52.93951416015625,-1.0132871511162667,-53.64292948482398,1.3799043371660076,0.026403070493286274,REDUCE
2018-08-21,GLD,SELL,113.0199966430664,-0.14404287520981907,-16.279725272671385,-0.9129005276798144,-0.05309837707636067,REDUCE
2018-08-21,QQQ,BUY,171.4068,0.0609,10.44,0.0,0.0,ADD
2018-08-21,XLK,BUY,33.9432,0.5408,18.36,0.0,0.0,ADD
2018-08-21,TQQQ,BUY,7.7789,527.4997,4103.38,0.0,0.0,OPEN
2018-08-22,QQQ,SELL,172.0719757080078,-0.05324431891897259,-9.161855151614873,1.0670989845655348,0.13182595776130812,REDUCE
2018-08-22,TQQQ,SELL,7.86925745010376,-527.4997355302451,-4151.0312237491435,47.65490169230685,0.011613583047732634,CLOSE
2018-08-22,SSO,BUY,14.7464,0.5282,7.79,0.0,0.0,ADD
2018-08-22,SHV,BUY,89.173,46.4466,4141.78,0.0,0.0,ADD
2018-08-22,XLY,BUY,52.9951,0.1644,8.71,0.0,0.0,ADD
2018-08-22,GLD,BUY,113.27,0.0168,1.91,0.0,0.0,ADD
2018-08-27,SSO,SELL,15.1058349609375,-1.9413665820377686,-29.325963186941863,1.6022365775631222,0.05779297278963558,REDUCE
2018-08-27,QQQ,SELL,175.18911743164062,-0.36829853174335797,-64.52189472748796,8.529314266806383,0.15232936572365574,REDUCE
2018-08-27,SHV,SELL,89.17298889160156,-108.07833282125766,-9637.667972092826,3.109648577786713,0.00032275984776553024,REDUCE
2018-08-27,XLK,SELL,34.778358459472656,-1.4998930037130151,-52.16381653398639,2.8002137840986276,0.05672628471399399,REDUCE
2018-08-27,XLY,SELL,53.59772491455078,-0.04149544498763462,-2.2240614456541152,0.08371581796981567,0.03911322399849504,REDUCE
2018-08-27,GLD,SELL,114.58999633789062,-0.020201921367459793,-2.314938095515572,-0.09625967706947113,-0.03992193347386486,REDUCE
2018-08-27,QLD,BUY,12.2069,801.857,9788.22,0.0,0.0,OPEN
2018-08-31,SSO,SELL,15.156152725219727,-145.79460195769673,-2209.6852537834707,127.66235136197223,0.06131649714971643,CLOSE
2018-08-31,QQQ,SELL,177.38450622558594,-0.09238892200003425,-16.38836330969025,2.3424366960937353,0.16676982306217147,REDUCE
2018-08-31,XLY,SELL,54.209571838378906,-0.06265982234425553,-3.3967621407509796,0.16475253521554492,0.05097526162464816,REDUCE
2018-08-31,QLD,BUY,12.505,167.2831,2091.88,0.0,0.0,ADD
2018-08-31,SHV,BUY,89.2053,0.4831,43.09,0.0,0.0,ADD
2018-08-31,XLK,BUY,35.0753,0.3047,10.69,0.0,0.0,ADD
2018-08-31,GLD,BUY,113.51,0.7383,83.81,0.0,0.0,ADD
2018-09-05,QLD,SELL,12.082527160644531,-788.1551330732523,-9522.905802158975,-138.608034613838,-0.014346409574685914,REDUCE
2018-09-05,QQQ,SELL,174.3433380126953,-0.024575680296097822,-4.284606136754519,0.5483551399296841,0.14676614081754424,REDUCE
2018-09-05,XLK,SELL,34.504634857177734,-0.19256768764900378,-6.644477747619931,0.3059021967491555,0.04826040082572369,REDUCE
2018-09-05,XLY,SELL,53.72750473022461,-0.8028365787033739,-43.134406079882865,1.723890745372165,0.04162929950150862,REDUCE
2018-09-05,GLD,SELL,113.31999969482422,-0.5913895176384457,-67.01625995831091,-3.500062139635479,-0.049634780083594454,REDUCE
2018-09-05,SHV,BUY,89.2239,108.0875,9643.99,0.0,0.0,ADD
2018-09-06,SHV,SELL,89.23199462890625,-46.750131199720634,-4171.607456114134,1.50022783400431,0.0003597576157827742,REDUCE
2018-09-06,XLY,SELL,53.57917404174805,-0.12114230869018403,-6.490704841130537,0.24215368545832175,0.03875357333651719,REDUCE
2018-09-06,GLD,SELL,113.54000091552734,-0.219656268855289,-24.939772966930832,-1.2516824840978096,-0.047789726173795066,REDUCE
2018-09-06,QLD,BUY,11.8645,2.5708,30.5,0.0,0.0,ADD
2018-09-06,QQQ,BUY,172.7848,0.252,43.54,0.0,0.0,ADD
2018-09-06,XLK,BUY,34.2541,0.4489,15.38,0.0,0.0,ADD
2018-09-06,TQQQ,BUY,7.9323,518.5936,4113.62,0.0,0.0,OPEN
2018-09-12,QLD,SELL,11.960582733154297,-0.4570789769348647,-5.466930919214974,-0.1336003857438126,-0.023854948480605986,REDUCE
2018-09-12,XLY,SELL,54.306915283203125,-0.7124436352043142,-38.69061614109796,1.942591869145573,0.05286248465412702,REDUCE
2018-09-12,TQQQ,SELL,8.028546333312988,-518.5935706111987,-4163.55250981023,49.933207196825926,0.01213850955169904,CLOSE
2018-09-12,QQQ,BUY,173.5165,0.0698,12.11,0.0,0.0,ADD
2018-09-12,SHV,BUY,89.2563,46.9217,4188.06,0.0,0.0,ADD
2018-09-12,XLK,BUY,34.3933,0.2146,7.38,0.0,0.0,ADD
2018-09-27,QQQ,SELL,176.92295837402344,-0.6217840525077802,-110.0078740394656,15.397139593985715,0.16274199417465063,REDUCE
2018-09-27,SHV,SELL,89.32100677490234,-108.737983448886,-9712.586156327165,11.31793369834986,0.0011666447559866011,REDUCE
2018-09-27,XLK,SELL,34.93818664550781,-1.1742968633246764,-41.027802988071926,2.3669253751135164,0.06122275336864491,REDUCE
2018-09-27,QLD,BUY,12.3991,785.6448,9741.28,0.0,0.0,ADD
2018-09-27,XLY,BUY,54.5436,0.2725,14.86,0.0,0.0,ADD
2018-09-27,GLD,BUY,112.05,0.9606,107.63,0.0,0.0,ADD
2018-10-01,QLD,SELL,12.442207336425781,-178.64092602489876,-2222.6874403728907,12.638721103179908,0.005718752257803716,REDUCE
2018-10-01,XLK,SELL,35.23613357543945,-0.8278260969827939,-29.16939093052042,1.9152234198847007,0.07027268101795081,REDUCE
2018-10-01,GLD,SELL,112.56999969482422,-0.07635685328610607,-8.595490951114698,-0.4949990221657646,-0.0544524028540494,REDUCE
2018-10-01,SSO,BUY,15.3982,143.6457,2211.89,0.0,0.0,OPEN
2018-10-01,QQQ,BUY,177.2467,0.0383,6.79,0.0,0.0,ADD
2018-10-01,SHV,BUY,89.3388,0.111,9.91,0.0,0.0,ADD
2018-10-01,XLY,BUY,54.3298,0.5865,31.86,0.0,0.0,ADD
2018-10-04,SSO,SELL,15.160806655883789,-0.7717250438918161,-11.699974181947255,-0.1832289110682982,-0.015419151691179356,REDUCE
2018-10-04,QLD,SELL,11.938409805297852,-790.1026168611772,-9432.56882832697,-342.15253783026355,-0.03500381494401361,CLOSE
2018-10-04,QQQ,SELL,173.6383819580078,-0.0183873235727612,-3.19274511371259,0.39458352990919116,0.1410152766706394,REDUCE
2018-10-04,XLK,SELL,34.7100830078125,-0.8184293119195328,-28.407749352753854,1.462948211587492,0.0542942664123951,REDUCE
2018-10-04,GLD,SELL,113.4800033569336,-1.0600633161189918,-120.29598867174536,-5.90741719825,-0.0468086986838957,REDUCE
2018-10-04,SHV,BUY,89.3631,60.9635,5447.89,0.0,0.0,ADD
2018-10-04,XLY,BUY,52.577,1.08,56.78,0.0,0.0,ADD
2018-10-04,TQQQ,BUY,7.9976,511.5876,4091.49,0.0,0.0,OPEN
2018-10-11,QQQ,SELL,161.47093200683594,-11.38551558864445,-1838.4298134767787,105.79525109084615,0.06106033746963946,REDUCE
2018-10-11,XLY,SELL,49.51790237426758,-0.14026093383984148,-6.945427228804874,-0.29462439504505056,-0.04069368705528409,REDUCE
2018-10-11,GLD,SELL,115.77999877929688,-19.50550774281101,-2258.3476626522242,-63.835807839639905,-0.02748956258228763,REDUCE
2018-10-11,TQQQ,SELL,6.360785484313965,-511.5875775439752,-3254.0988371970625,-837.3935286879313,-0.20466701482083838,CLOSE
2018-10-11,SSO,BUY,13.3657,9.5259,127.32,0.0,0.0,ADD
2018-10-11,SHV,BUY,89.3793,79.5664,7111.59,0.0,0.0,ADD
2018-10-11,XLK,BUY,31.9495,2.9992,95.82,0.0,0.0,ADD
2018-10-12,SSO,SELL,13.742217063903809,-2.295136261247372,-31.540260693298023,-3.509196790528614,-0.10012128695994538,REDUCE
2018-10-12,SHV,SELL,89.39550018310547,-84.74184482788978,-7575.539604828316,5.24831314806306,0.0006932775696268934,REDUCE
2018-10-12,XLK,SELL,32.97365188598633,-2.6588913150781437,-87.6733566260591,0.19057776022153444,0.0021784602946117726,REDUCE
2018-10-12,XLY,SELL,50.43377685546875,-0.5213250989693107,-26.29239371057338,-0.6175984448784402,-0.02295052489464655,REDUCE
2018-10-12,QQQ,BUY,165.9647,11.1976,1858.41,0.0,0.0,ADD
2018-10-12,GLD,BUY,115.23,17.2644,1989.38,0.0,0.0,ADD
2018-10-12,TQQQ,BUY,6.8981,564.8447,3896.35,0.0,0.0,OPEN
2018-10-16,SSO,SELL,14.172708511352539,-2.4015455280074423,-34.0364047451917,-2.6380486633497813,-0.07193150594400899,REDUCE
2018-10-16,QQQ,SELL,168.7257080078125,-0.09099637776602951,-15.353428264719696,1.2307969627558981,0.08715068293149808,REDUCE
2018-10-16,XLY,SELL,51.32642364501953,-0.2566319147528334,-13.171998377436466,-0.07494259373643032,-0.005657350923470972,REDUCE
2018-10-16,TQQQ,SELL,7.209524631500244,-564.844700718088,-4072.261782799439,175.91603652334786,0.04514898009024959,CLOSE
2018-10-16,SHV,BUY,89.4036,45.7387,4089.2,0.0,0.0,ADD
2018-10-16,XLK,BUY,33.4112,0.2133,7.13,0.0,0.0,ADD
2018-10-16,GLD,BUY,115.8,0.3324,38.49,0.0,0.0,ADD
2018-10-23,QQQ,SELL,164.9650115966797,-11.426216834192475,-1884.9259925587385,111.57795951391257,0.06291938042321799,REDUCE
2018-10-23,GLD,SELL,116.38999938964844,-17.46203591226687,-2032.40634917076,-12.193129127899255,-0.005963578322951246,REDUCE
2018-10-23,SSO,BUY,13.476,5.4829,73.89,0.0,0.0,ADD
2018-10-23,SHV,BUY,89.436,41.403,3702.92,0.0,0.0,ADD
2018-10-23,XLK,BUY,32.7362,0.9011,29.5,0.0,0.0,ADD
2018-10-23,XLY,BUY,49.6481,1.765,87.63,0.0,0.0,ADD
2018-10-31,SSO,SELL,13.148640632629395,-153.18604237872074,-2014.188221172536,-315.3018498486419,-0.13535230468289705,CLOSE
2018-10-31,QQQ,SELL,161.68043518066406,-27.67357636961516,-4474.275870444721,179.33880295285527,0.041755862806526434,REDUCE
2018-10-31,XLK,SELL,32.261383056640625,-140.13263736144356,-4520.87269265484,-89.72729754888026,-0.019461089172673085,CLOSE
2018-10-31,XLY,SELL,48.992549896240234,-92.39859747761966,-4526.842897264898,-239.15149817905615,-0.05017871997660606,CLOSE
2018-10-31,SHV,BUY,89.4846,74.4798,6664.79,0.0,0.0,ADD
2018-10-31,GLD,BUY,115.15,77.0438,8871.59,0.0,0.0,ADD
2018-11-06,SHV,SELL,89.4894790649414,-42.5786872512447,-3810.3445413829504,3.6252063809899533,0.0009523177471102429,REDUCE
2018-11-06,QQQ,BUY,162.0802,12.0014,1945.19,0.0,0.0,ADD
2018-11-06,GLD,BUY,116.04,16.2732,1888.34,0.0,0.0,ADD
2018-11-12,QQQ,SELL,158.35765075683594,-11.834117910746091,-1874.0231111251464,-3.5046722572747293,-0.0018666420216487678,REDUCE
2018-11-12,GLD,SELL,113.66000366210938,-15.6890742075297,-1783.2202318829313,-30.05463160616217,-0.016574779814865548,REDUCE
2018-11-12,SHV,BUY,89.5544,40.581,3634.21,0.0,0.0,ADD
2018-11-28,SHV,SELL,89.63556671142578,-41.704547336503396,-3738.2107349509643,8.674632333690298,0.0023259279693264023,REDUCE
2018-11-28,QQQ,BUY,160.614,11.9692,1922.43,0.0,0.0,ADD
2018-11-28,GLD,BUY,115.38,15.9371,1838.82,0.0,0.0,ADD
2018-11-29,QQQ,SELL,160.09039306640625,-12.020704211564524,-1924.3992621643697,5.538253964864569,0.0028862194506007466,REDUCE
2018-11-29,GLD,SELL,115.73999786376953,-17.017770022398967,-1969.6366660385775,3.2782214633960787,0.0016671535509917845,REDUCE
2018-11-29,SHV,BUY,89.6437,43.1804,3870.85,0.0,0.0,ADD
2018-11-30,SHV,SELL,89.6518325805664,-43.06052321501443,-3860.4548181040664,8.132949660535381,0.0021111812403726837,REDUCE
2018-11-30,QQQ,BUY,161.2519,11.943,1925.83,0.0,0.0,ADD
2018-11-30,GLD,BUY,115.54,16.9449,1957.82,0.0,0.0,ADD
2018-12-04,QQQ,SELL,157.77688598632812,-11.736476940047071,-1851.7447840509758,-31.233611380213738,-0.01658734452609667,REDUCE
2018-12-04,GLD,SELL,117.12000274658203,-17.815349925931418,-2086.5338322564075,28.037304330417903,0.01362028254605141,REDUCE
2018-12-04,SHV,BUY,89.66,43.6654,3915.03,0.0,0.0,ADD
2019-01-31,GLD,SELL,124.75,-20.46733015432875,-2553.2994367525116,188.37659023155487,0.07965443376246961,REDUCE
2019-01-31,QQQ,BUY,160.558,0.0657,10.55,0.0,0.0,ADD
2019-01-31,SHV,BUY,90.0515,4.928,443.77,0.0,0.0,ADD
2019-01-31,USD,BUY,2.0565,1020.3786,2098.43,0.0,0.0,OPEN
2019-02-04,SHV,SELL,90.05805206298828,-147.33678025408173,-13268.863426915155,81.38340246808028,0.006171262615542128,REDUCE
2019-02-04,USD,SELL,2.1449320316314697,-40.71234130265789,-87.32520494278378,3.5992381583191766,0.04298831409835713,REDUCE
2019-02-04,QLD,BUY,9.9066,942.7254,9339.19,0.0,0.0,OPEN
2019-02-04,QQQ,BUY,161.866,12.2271,1979.15,0.0,0.0,ADD
2019-02-04,GLD,BUY,123.96,16.6314,2061.63,0.0,0.0,ADD
2019-02-07,QLD,SELL,9.748808860778809,-942.7254452339267,-9190.450173778152,-148.73933568906864,-0.015926364438615392,CLOSE
2019-02-07,QQQ,SELL,160.62484741210938,-12.271300732957771,-1971.0758077794478,-6.4495925012933775,-0.0032614460984308202,REDUCE
2019-02-07,USD,SELL,2.171149492263794,-16.23377323718674,-35.24594852144355,1.860780404018353,0.05573673906548726,REDUCE
2019-02-07,GLD,SELL,123.73999786376953,-16.27530908242181,-2013.9067110910637,107.62938586194777,0.05646050783771028,REDUCE
2019-02-07,SHV,BUY,90.0825,146.3877,13186.97,0.0,0.0,ADD
2019-02-12,SHV,SELL,90.0906982421875,-146.5121355044893,-13199.38058855343,39.58907001198041,0.0030083356530536953,REDUCE
2019-02-12,USD,SELL,2.2784571647644043,-41.7858291958515,-95.20722191690948,9.27359993961553,0.10791585093510747,REDUCE
2019-02-12,QLD,BUY,10.0594,927.7893,9333.03,0.0,0.0,OPEN
2019-02-12,QQQ,BUY,163.1646,12.0601,1967.78,0.0,0.0,ADD
2019-02-12,GLD,BUY,123.86,16.2884,2017.48,0.0,0.0,ADD
2019-02-15,QLD,SELL,10.177762031555176,-927.7893085693964,-9442.818798040433,109.78531058184964,0.011763089753120015,CLOSE
2019-02-15,USD,SELL,2.3571083545684814,-23.69362308174174,-55.84843691597007,7.121897599597634,0.14616054617292784,REDUCE
2019-02-15,QQQ,BUY,164.1671,0.043,7.06,0.0,0.0,ADD
2019-02-15,SHV,BUY,90.1396,105.2582,9487.93,0.0,0.0,ADD
2019-02-15,GLD,BUY,124.8,0.0294,3.67,0.0,0.0,ADD
2019-02-19,SHV,SELL,90.14778900146484,-103.82684917259951,-9359.760891898415,18.617037887428122,0.0019930147933042708,REDUCE
2019-02-19,GLD,SELL,126.69999694824219,-0.9407707431816763,-119.19565029011392,7.838713826597052,0.07039268567850021,REDUCE
2019-02-19,QLD,BUY,10.211,925.3472,9448.76,0.0,0.0,OPEN
2019-02-19,QQQ,BUY,164.4917,0.0599,9.85,0.0,0.0,ADD
2019-02-19,USD,BUY,2.3449,8.6775,20.35,0.0,0.0,ADD
2019-02-20,QLD,SELL,10.209811210632324,-925.34723605926,-9447.620584445469,-1.1410465013738853,-0.0001207614866308715,CLOSE
2019-02-20,USD,SELL,2.376009702682495,-11.697654404620087,-27.793740364003952,3.7049280652890215,0.15380285334726396,REDUCE
2019-02-20,QQQ,BUY,164.4631,0.0088,1.45,0.0,0.0,ADD
2019-02-20,SHV,BUY,90.1478,104.8568,9452.61,0.0,0.0,ADD
2019-02-20,GLD,BUY,126.48,0.1688,21.36,0.0,0.0,ADD
2019-02-25,QQQ,SELL,165.67568969726562,-0.18507377144113682,-30.662224728384444,0.6507014902530798,0.021681721553750588,REDUCE
2019-02-25,SHV,SELL,90.17229461669922,-104.89937694058179,-9459.017522594326,12.730095668050852,0.0013476295069916322,REDUCE
2019-02-25,USD,SELL,2.4345405101776123,-21.743890295020233,-52.93638177208459,8.159499685901695,0.18222572242071156,REDUCE
2019-02-25,QLD,BUY,10.354,912.5013,9448.06,0.0,0.0,OPEN
2019-02-25,GLD,BUY,125.37,0.7542,94.55,0.0,0.0,ADD
2019-02-28,QLD,SELL,10.3071870803833,-1.3476638030329526,-13.890622939321474,-0.06312418716999385,-0.004523816190573737,REDUCE
2019-02-28,QQQ,SELL,165.36061096191406,-0.09937135600807807,-16.43210814160966,0.31807028082297667,0.019738707552437562,REDUCE
2019-02-28,GLD,SELL,123.98999786376953,-56.3587118412678,-6987.916560803596,312.62845635826983,0.04683370237609341,REDUCE
2019-02-28,SHV,BUY,90.1968,77.32,6974.02,0.0,0.0,ADD
2019-02-28,USD,BUY,2.3693,18.665,44.22,0.0,0.0,ADD
2019-03-07,QQQ,SELL,163.68017578125,-0.008880174741078915,-1.4535085625880129,0.013501323716131925,0.009375872114857575,REDUCE
2019-03-07,SHV,SELL,90.2499008178711,-45.98667527142091,-4150.292882189382,6.562418185072353,0.0015836981295185293,REDUCE
2019-03-07,QLD,BUY,10.0927,9.5675,96.56,0.0,0.0,ADD
2019-03-07,USD,BUY,2.2681,29.9909,68.02,0.0,0.0,ADD
2019-03-07,GLD,BUY,121.51,0.3112,37.82,0.0,0.0,ADD
2019-03-07,TQQQ,BUY,5.8837,671.231,3949.34,0.0,0.0,OPEN
2019-03-11,QLD,SELL,10.477290153503418,-15.300871318402523,-160.3116684043216,1.9275849993679874,0.012170320135259871,REDUCE
2019-03-11,USD,SELL,2.3747899532318115,-23.058447393062185,-54.75896920616833,6.973659224341942,0.145937302216814,REDUCE
2019-03-11,TQQQ,SELL,6.2158284187316895,-671.2310305048181,-4172.256914946406,222.91352739920336,0.05644318701232187,CLOSE
2019-03-11,QQQ,BUY,166.831,0.038,6.33,0.0,0.0,ADD
2019-03-11,SHV,BUY,90.2499,47.8933,4322.37,0.0,0.0,ADD
2019-03-11,GLD,BUY,122.24,0.4796,58.63,0.0,0.0,ADD
2019-03-27,QLD,SELL,10.886791229248047,-19.85176785881354,-216.1220522103995,10.630221656636664,0.05173062903761272,REDUCE
2019-03-27,QQQ,SELL,170.16676330566406,-0.0874939781592956,-14.888567072103797,0.6999203633482359,0.04932960681277154,REDUCE
2019-03-27,SHV,SELL,90.36434173583984,-42.30520878221658,-3822.882343602272,9.449559138255195,0.002477966617571603,REDUCE
2019-03-27,USD,SELL,2.483323812484741,-25.26969708813522,-62.75284051324252,10.38503413323814,0.19830951210519787,REDUCE
2019-03-27,GLD,BUY,123.65,0.1554,19.22,0.0,0.0,ADD
2019-03-27,TQQQ,BUY,6.5562,624.9691,4097.42,0.0,0.0,OPEN
2019-03-29,QLD,SELL,11.092785835266113,-8.556432708215013,-94.91467554609517,6.344376279746659,0.07163096808183811,REDUCE
2019-03-29,QQQ,SELL,171.85032653808594,-0.019479504387639412,-3.347559189815911,0.1886240078464162,0.05971126249219694,REDUCE
2019-03-29,USD,SELL,2.548706293106079,-14.68331852286165,-37.42346632289855,6.994404243551939,0.22985934385073659,REDUCE
2019-03-29,TQQQ,SELL,6.746722221374512,-624.9690805954353,-4216.492783725222,119.06809629229727,0.029059251938781783,CLOSE
2019-03-29,SHV,BUY,90.397,47.1325,4260.64,0.0,0.0,ADD
2019-03-29,GLD,BUY,122.01,0.7502,91.54,0.0,0.0,ADD
2019-04-01,QLD,SELL,11.390055656433105,-14.2944382709901,-162.81444748402464,14.848265936147302,0.10034905125495075,REDUCE
2019-04-01,QQQ,SELL,174.1267852783203,-0.07560554333334563,-13.164950209856215,0.9042167725530292,0.07374899529272505,REDUCE
2019-04-01,SHV,SELL,90.39705657958984,-79.44235895059137,-7181.355416872693,15.715461421933936,0.0021931692800136737,REDUCE
2019-04-01,USD,SELL,2.656252384185791,-26.480108153215973,-70.33785041547753,15.461641498027408,0.28175491352338566,REDUCE
2019-04-01,GLD,BUY,121.53,61.118,7427.67,0.0,0.0,ADD
2019-04-30,QLD,SELL,12.29543685913086,-39.80769012599689,-489.45294045204173,77.39114463186097,0.18781441380125807,REDUCE
2019-04-30,QQQ,SELL,181.3008270263672,-0.26539148532478773,-48.11569577514001,5.077922159113874,0.11798756609526362,REDUCE
2019-04-30,SHV,SELL,90.56908416748047,-127.72564089682034,-11567.994320729507,47.23929990949117,0.004100364934773948,CLOSE
2019-04-30,USD,SELL,2.923893690109253,-53.74824662330044,-157.1541591563041,45.768662028390935,0.41090324331749395,REDUCE
2019-04-30,GLD,SELL,121.19999694824219,-59.525613998806456,-7214.504234997585,41.979651424370104,0.005852841762371108,REDUCE
2019-04-30,SMH,BUY,55.1784,91.6847,5059.02,0.0,0.0,OPEN
2019-04-30,XLK,BUY,36.92,137.0266,5059.02,0.0,0.0,OPEN
2019-04-30,XLY,BUY,56.2321,89.9667,5059.02,0.0,0.0,OPEN
2019-04-30,TQQQ,BUY,7.8696,546.4283,4300.17,0.0,0.0,OPEN
2019-05-03,QLD,SELL,12.487859725952148,-5.091560669573955,-63.58269542781454,10.878365525942215,0.20640363981851428,REDUCE
2019-05-03,SMH,SELL,55.76700210571289,-0.11801232870347629,-6.581193783306844,0.06945892413325523,0.010666731007237251,REDUCE
2019-05-03,USD,SELL,2.981332540512085,-7.848933119693296,-23.400279718044658,7.134496694682174,0.4386199351383775,REDUCE
2019-05-03,TQQQ,SELL,8.045816421508789,-546.4283274345844,-4396.462010050761,96.29625720816557,0.022393615209950868,CLOSE
2019-05-03,QQQ,BUY,182.8026,0.0255,4.65,0.0,0.0,ADD
2019-05-03,SHV,BUY,90.6003,47.9076,4340.44,0.0,0.0,OPEN
2019-05-03,XLK,BUY,36.981,1.0553,39.03,0.0,0.0,ADD
2019-05-03,XLY,BUY,56.2462,0.8199,46.12,0.0,0.0,ADD
2019-05-03,GLD,BUY,120.65,0.4956,59.79,0.0,0.0,ADD
2019-05-07,QQQ,SELL,178.14427185058594,-0.11381820208012859,-20.276060732907354,1.8159717888038516,0.09837286235741072,REDUCE
2019-05-07,SHV,SELL,90.6166763305664,-47.907586803403504,-4341.22628714253,0.7858376436410335,0.0001810502074119924,CLOSE
2019-05-07,XLK,SELL,35.906803131103516,-0.1575962428842817,-5.658777267447476,-0.1597461739630352,-0.027454761602594857,REDUCE
2019-05-07,XLY,SELL,55.05663299560547,-0.8352075167913355,-45.98371372715155,-0.9818980025164111,-0.020906743601428524,REDUCE
2019-05-07,GLD,SELL,121.20999908447266,-1.246015958923682,-151.02959324037784,0.888534590709492,0.00591799870535592,REDUCE
2019-05-07,QLD,BUY,11.8464,18.2838,216.6,0.0,0.0,ADD
2019-05-07,SMH,BUY,53.6216,0.792,42.47,0.0,0.0,ADD
2019-05-07,USD,BUY,2.7675,34.5259,95.55,0.0,0.0,ADD
2019-05-07,TQQQ,BUY,7.4421,565.6401,4209.56,0.0,0.0,OPEN
2019-05-13,QLD,SELL,10.86952018737793,-836.102173192175,-9088.029450222904,405.93874122774037,0.04675587422821592,CLOSE
2019-05-13,QQQ,SELL,170.81723022460938,-0.5246106005473739,-89.61252973197134,4.526329369166128,0.053196985526042795,REDUCE
2019-05-13,XLK,SELL,34.38705062866211,-2.893760007306101,-99.50787187843252,-7.331035751427772,-0.0686176591848533,REDUCE
2019-05-13,XLY,SELL,53.29572677612305,-2.8280447906204182,-150.72270247154393,-8.30466608071021,-0.052221615413207356,REDUCE
2019-05-13,GLD,SELL,122.66999816894531,-2.555276944746474,-313.45581813319814,5.552871240987289,0.01803448553199849,REDUCE
2019-05-13,SMH,BUY,50.0,0.5074,25.37,0.0,0.0,ADD
2019-05-13,SHV,BUY,90.6577,102.4359,9286.6,0.0,0.0,OPEN
2019-05-13,USD,BUY,2.3776,73.5352,174.84,0.0,0.0,ADD
2019-05-13,TQQQ,BUY,6.5276,38.9911,254.52,0.0,0.0,ADD
2019-05-15,SMH,SELL,51.756187438964844,-1.0460564103460166,-54.139891645599164,-3.5363726885729574,-0.06131417714717913,REDUCE
2019-05-15,QQQ,SELL,175.1311798095703,-0.04034026441286366,-7.0648381004548355,0.5220808307006145,0.07979523145602285,REDUCE
2019-05-15,SHV,SELL,90.66593933105469,-102.43588846709552,-9287.446049080367,0.8432641880492864,9.080437783137718e-05,CLOSE
2019-05-15,USD,SELL,2.5132651329040527,-27.9261343558296,-70.18577977330051,10.836969228556857,0.18259791778618317,REDUCE
2019-05-15,XLK,SELL,35.320472717285156,-0.4837575347303521,-17.086544807224527,-0.7739987201634002,-0.04333567558996876,REDUCE
2019-05-15,TQQQ,SELL,7.012256622314453,-28.580276104451354,-200.41223038101452,-10.599923634364073,-0.05023371134153509,REDUCE
2019-05-15,QLD,BUY,11.4123,832.8336,9504.51,0.0,0.0,OPEN
2019-05-15,XLY,BUY,54.1996,0.5573,30.21,0.0,0.0,ADD
2019-05-15,GLD,BUY,122.39,0.8303,101.62,0.0,0.0,ADD
2019-05-16,QLD,SELL,11.644155502319336,-10.417790464958914,-121.30637216456125,2.4158779150211998,0.02032019405984209,REDUCE
2019-05-16,QQQ,SELL,176.8911895751953,-0.05691781528082714,-10.068260053046743,0.836802224812742,0.0906468122784918,REDUCE
2019-05-16,XLK,SELL,35.644134521484375,-0.21417504930538736,-7.634084268586776,-0.2733538920023935,-0.03456921021081072,REDUCE
2019-05-16,XLY,SELL,54.700706481933594,-0.1466784175013366,-8.023413062975123,-0.22275179686715743,-0.02701277510857547,REDUCE
2019-05-16,TQQQ,SELL,7.23135232925415,-576.0509403833112,-4165.627309509901,-87.43691242513623,-0.020558568566677926,CLOSE
2019-05-16,SMH,BUY,51.0252,2.0192,103.03,0.0,0.0,ADD
2019-05-16,SHV,BUY,90.6906,44.8773,4069.94,0.0,0.0,OPEN
2019-05-16,USD,BUY,2.4381,32.859,80.11,0.0,0.0,ADD
2019-05-16,GLD,BUY,121.51,0.4903,59.57,0.0,0.0,ADD
2019-05-17,QLD,SELL,11.406088829040527,-822.415826150746,-9380.54796748416,-5.072177074162364,-0.0005404200251064584,CLOSE
2019-05-17,QQQ,SELL,175.08338928222656,-0.07487230069777805,-13.108896169524996,0.9654137996523356,0.07950057242619923,REDUCE
2019-05-17,XLK,SELL,35.358001708984375,-0.7330619691196062,-25.919606356922486,-1.1453678662313602,-0.04231919294611808,REDUCE
2019-05-17,XLY,SELL,54.28390884399414,-0.5134601599153544,-27.872624515867756,-0.9937704163274456,-0.03442655096563774,REDUCE
2019-05-17,GLD,SELL,120.6500015258789,-0.2146506623349511,-25.897602738242767,0.019607658124916664,0.0007576961841213592,REDUCE
2019-05-17,SMH,BUY,50.0427,0.5564,27.84,0.0,0.0,ADD
2019-05-17,SHV,BUY,90.6906,103.5711,9392.92,0.0,0.0,ADD
2019-05-17,USD,BUY,2.3458,22.4153,52.58,0.0,0.0,ADD
2019-05-22,QQQ,SELL,173.15121459960938,-0.04177828649514909,-7.233961050525522,0.4579720563421499,0.06758748527119529,REDUCE
2019-05-22,SHV,SELL,90.70694732666016,-45.629976122847566,-4138.955840691895,0.7477812859487654,0.00018070171320871964,REDUCE
2019-05-22,XLK,SELL,34.98743438720703,-0.3182195535277401,-11.133685749778124,-0.6151218222139004,-0.05235610664696633,REDUCE
2019-05-22,XLY,SELL,53.717227935791016,-0.21089053246644057,-11.328454802000124,-0.527673234575832,-0.04450637113128075,REDUCE
2019-05-22,GLD,SELL,120.23999786376953,-0.3152042519883588,-37.90015858573133,-0.10044198757895612,-0.002643168425330189,REDUCE
2019-05-22,SMH,BUY,48.2865,2.1774,105.14,0.0,0.0,ADD
2019-05-22,USD,BUY,2.1637,63.6482,137.72,0.0,0.0,ADD
2019-05-22,TQQQ,BUY,6.7658,585.8451,3963.7,0.0,0.0,OPEN
2019-05-31,SMH,SELL,46.625179290771484,-96.57303909770624,-4502.735262585238,-795.9461312577507,-0.15021588808540776,CLOSE
2019-05-31,QQQ,SELL,166.38853454589844,-11.390889362345764,-1895.313388175175,47.8335744164824,0.025891256868006085,REDUCE
2019-05-31,USD,SELL,2.005479097366333,-969.8136048614706,-1944.9409128911716,-133.7932986715697,-0.06436286944591496,CLOSE
2019-05-31,XLK,SELL,33.720970153808594,-133.28130777750258,-4494.375001625742,-426.4302118251595,-0.08665862462093055,CLOSE
2019-05-31,XLY,SELL,51.95631408691406,-86.80959889591612,-4510.306785995246,-370.07218254648757,-0.07582857497991924,CLOSE
2019-05-31,TQQQ,SELL,5.979886054992676,-585.8451333870796,-3503.2871435267216,-460.4082157438186,-0.11615630718616832,CLOSE
2019-05-31,SHV,BUY,90.7891,156.0177,14164.7,0.0,0.0,ADD
2019-05-31,GLD,BUY,123.33,54.0274,6663.21,0.0,0.0,ADD
2019-06-04,SHV,SELL,90.81453704833984,-41.24900284838981,-3746.0090973821716,2.6648215868708323,0.0007118825815999319,REDUCE
2019-06-04,QQQ,BUY,167.3068,11.5777,1937.03,0.0,0.0,ADD
2019-06-04,GLD,BUY,125.15,14.6387,1832.04,0.0,0.0,ADD
2019-06-24,QQQ,SELL,180.3787384033203,-0.9474779911083335,-170.90488470103355,14.80165681237203,0.09481967165297256,REDUCE
2019-06-24,SHV,SELL,90.97904205322266,-96.27857556786535,-8759.332575413197,22.058220967492414,0.002524611231449869,REDUCE
2019-06-24,GLD,SELL,133.94000244140625,-3.453438688419098,-462.5535863581008,38.839999477611286,0.09166569277035319,REDUCE
2019-06-24,QLD,BUY,12.0315,780.6852,9392.79,0.0,0.0,OPEN
2019-06-25,QLD,SELL,11.61449909210205,-780.6851588966196,-9067.267069222333,-325.52397724999645,-0.034656788982041054,CLOSE
2019-06-25,GLD,SELL,134.1999969482422,-1.1513370330038248,-154.50942631551152,13.248153718339276,0.09378475412803611,REDUCE
2019-06-25,QQQ,BUY,177.2823,0.1657,29.37,0.0,0.0,ADD
2019-06-25,SHV,BUY,90.979,101.0387,9192.41,0.0,0.0,ADD
2019-06-27,QQQ,SELL,178.78741455078125,-0.240743784803158,-43.04195885412628,3.3554311332758573,0.08454836756890138,REDUCE
2019-06-27,SHV,SELL,91.0201644897461,-43.95698807232103,-4000.9722848164674,7.302119524016806,0.0018284232852969762,REDUCE
2019-06-27,GLD,BUY,132.84,0.7582,100.72,0.0,0.0,ADD
2019-06-27,TQQQ,BUY,7.3242,538.3907,3943.3,0.0,0.0,OPEN
2019-07-01,QQQ,SELL,181.4332275390625,-0.313416493108945,-56.86416590873023,5.197567943968534,0.10059822300499532,REDUCE
2019-07-01,SHV,SELL,91.01112365722656,-58.55672460591855,-5329.313304071415,9.198021123751749,0.001728913873959348,REDUCE
2019-07-01,TQQQ,SELL,7.648110866546631,-538.3907415734172,-4117.6720810757515,174.37486887367754,0.0442205746840727,CLOSE
2019-07-01,QLD,BUY,12.155,763.6248,9281.86,0.0,0.0,OPEN
2019-07-01,GLD,BUY,130.62,1.6995,221.99,0.0,0.0,ADD
2019-07-19,SHV,SELL,91.11003112792969,-42.246553642938736,-3849.0848174558996,10.814538504032928,0.0028175552314118057,REDUCE
2019-07-19,GLD,SELL,134.47000122070312,-1.3552649274070452,-182.2424764428015,15.672300508793095,0.09408827493225513,REDUCE
2019-07-19,QLD,BUY,12.3413,0.0906,1.12,0.0,0.0,ADD
2019-07-19,QQQ,BUY,183.1109,0.1336,24.47,0.0,0.0,ADD
2019-07-19,TQQQ,BUY,7.8279,511.7249,4005.74,0.0,0.0,OPEN
2019-07-23,QLD,SELL,12.711532592773438,-13.599767043737069,-172.8738820305898,7.568494546578059,0.045784923660217025,REDUCE
2019-07-23,QQQ,SELL,185.77587890625,-0.06250023367597159,-11.611035842999627,1.300921623876957,0.1261791670032204,REDUCE
2019-07-23,TQQQ,SELL,8.16727066040039,-511.72488090231343,-4179.3956059903485,173.65858890514642,0.043352468762792196,CLOSE
2019-07-23,SHV,BUY,91.1265,45.3605,4133.54,0.0,0.0,ADD
2019-07-23,GLD,BUY,133.69,1.7229,230.34,0.0,0.0,ADD
2019-07-31,SHV,SELL,91.1512222290039,-45.244255717354356,-4124.069207478447,8.898067187715098,0.0021622593288030956,REDUCE
2019-07-31,GLD,SELL,133.2100067138672,-0.6015010109916062,-80.12595371258976,6.085951690526999,0.08219815673037778,REDUCE
2019-07-31,QLD,BUY,12.3586,14.0199,173.27,0.0,0.0,ADD
2019-07-31,QQQ,BUY,183.1972,0.0949,17.38,0.0,0.0,ADD
2019-07-31,TQQQ,BUY,7.8112,513.8174,4013.55,0.0,0.0,OPEN
2019-08-05,QLD,SELL,11.003663063049316,-764.1355627485684,-8408.290266978825,-882.6441526031026,-0.09500057935430128,CLOSE
2019-08-05,GLD,SELL,137.7899932861328,-6.922843157427386,-953.89851218287,101.75144674510337,0.11940596978155571,REDUCE
2019-08-05,QQQ,BUY,173.256,0.3822,66.21,0.0,0.0,ADD
2019-08-05,SHV,BUY,91.2255,96.6146,8813.71,0.0,0.0,ADD
2019-08-05,TQQQ,BUY,6.5776,73.3188,482.26,0.0,0.0,ADD
2019-08-07,QQQ,SELL,176.63043212890625,-0.06868477795945675,-12.131822011656823,0.7864003657394942,0.06931433579839519,REDUCE
2019-08-07,SHV,SELL,91.2420654296875,-98.4035551201488,-8978.543614786477,13.514715573182821,0.0015074926946825329,REDUCE
2019-08-07,GLD,SELL,141.02000427246094,-0.6410794948029559,-90.40503309609994,11.493233740576994,0.14564658054236346,REDUCE
2019-08-07,TQQQ,SELL,6.9479570388793945,-22.214057610431635,-154.34231793647086,-15.755051999711648,-0.09262372490311088,REDUCE
2019-08-07,QLD,BUY,11.4245,808.3901,9235.42,0.0,0.0,OPEN
2019-08-08,QLD,SELL,11.940275192260742,-17.577268797214114,-209.8774265670745,9.066581532555007,0.04514985996396992,REDUCE
2019-08-08,TQQQ,SELL,7.407580852508545,-564.9221293200604,-4184.706348309635,-141.01253210624722,-0.03259863527994444,CLOSE
2019-08-08,QQQ,BUY,180.4746,0.0144,2.59,0.0,0.0,ADD
2019-08-08,SHV,BUY,91.2586,45.6631,4167.15,0.0,0.0,ADD
2019-08-08,GLD,BUY,141.73,1.5864,224.84,0.0,0.0,ADD
2019-08-15,SHV,SELL,91.32460021972656,-45.087176990836895,-4117.568413724233,7.308579099849669,0.001778130676382883,REDUCE
2019-08-15,GLD,SELL,143.6999969482422,-2.531783216214925,-363.8172404436955,51.372230724211605,0.16442007113614676,REDUCE
2019-08-15,QLD,BUY,11.2011,40.7035,455.92,0.0,0.0,ADD
2019-08-15,QQQ,BUY,175.0008,0.3832,67.05,0.0,0.0,ADD
2019-08-15,TQQQ,BUY,6.7122,589.7343,3958.41,0.0,0.0,OPEN
2019-08-16,QLD,SELL,11.555266380310059,-15.609202086171694,-180.3684880898054,2.212410772060976,0.01241838507768156,REDUCE
2019-08-16,QQQ,SELL,177.80958557128906,-0.08453877167211259,-15.031803955724172,1.0527198870758132,0.07530678561672044,REDUCE
2019-08-16,TQQQ,SELL,7.021782875061035,-589.7342794213221,-4140.9860640770985,182.5777231188799,0.046124024454405665,CLOSE
2019-08-16,SHV,BUY,91.3163,44.8237,4093.13,0.0,0.0,ADD
2019-08-16,GLD,BUY,142.78,1.7037,243.25,0.0,0.0,ADD
2019-08-23,QLD,SELL,11.125829696655273,-815.9071421293661,-9077.643911616036,-234.73574077334982,-0.025206848253133796,CLOSE
2019-08-23,GLD,SELL,144.1699981689453,-1.5966369278384325,-230.1871429629373,32.57767810062843,0.16485889541438747,REDUCE
2019-08-23,QQQ,BUY,174.5406,0.2452,42.8,0.0,0.0,ADD
2019-08-23,SHV,BUY,91.3576,57.8933,5288.99,0.0,0.0,ADD
2019-08-23,TQQQ,BUY,6.6419,598.6267,3976.04,0.0,0.0,OPEN
2019-08-27,QQQ,SELL,176.8030548095703,-0.1031735909665277,-18.241406058555185,1.170724329962939,0.06858099451306932,REDUCE
2019-08-27,SHV,SELL,91.34934997558594,-101.75381829470982,-9295.145158755626,8.682930047114741,0.0009350094614364313,REDUCE
2019-08-27,GLD,SELL,145.57000732421875,-0.12022759990601313,-17.501532598891572,2.6214360253572493,0.17617063252262244,REDUCE
2019-08-27,TQQQ,SELL,6.8693671226501465,-14.972049830502696,-102.84850686433492,3.405105576995408,0.034241644321441056,REDUCE
2019-08-27,QLD,BUY,11.4109,826.7313,9433.74,0.0,0.0,OPEN
2019-08-28,QLD,SELL,11.477523803710938,-826.731312595003,-9488.828319582335,55.09171530492385,0.005839861511497402,CLOSE
2019-08-28,QQQ,SELL,177.43572998046875,-0.037414717965330406,-6.63870779419176,0.4482210972771614,0.0724048235982091,REDUCE
2019-08-28,TQQQ,SELL,6.9384307861328125,-4.698605639103784,-32.600950018254935,1.3931106542400828,0.04463976624560728,REDUCE
2019-08-28,SHV,BUY,91.3493,103.6184,9465.48,0.0,0.0,ADD
2019-08-28,GLD,BUY,145.16,0.4312,62.59,0.0,0.0,ADD
2019-08-29,QQQ,SELL,180.14862060546875,-0.25111310495289535,-45.237679473220396,3.6895289012375954,0.08880127876800259,REDUCE
2019-08-29,SHV,SELL,91.36585998535156,-59.027324476258315,-5393.082263407732,3.129097396939135,0.0005805425948171017,REDUCE
2019-08-29,TQQQ,SELL,7.253975868225098,-578.956043360225,-4199.733167298155,354.3440055344501,0.09214776206731923,CLOSE
2019-08-29,QLD,BUY,11.8292,802.2464,9489.95,0.0,0.0,OPEN
2019-08-29,GLD,BUY,144.12,1.0277,148.11,0.0,0.0,ADD
2019-08-30,QLD,SELL,11.776153564453125,-802.246412570795,-9447.3769509653,-42.56915130180266,-0.004485710544934851,CLOSE
2019-08-30,SHV,BUY,91.3576,103.368,9443.46,0.0,0.0,ADD
2019-08-30,GLD,BUY,143.75,0.0246,3.54,0.0,0.0,ADD
2019-09-05,QQQ,SELL,183.84901428222656,-0.47713074734293964,-87.72001758274155,8.775909361684043,0.1111661092821512,REDUCE
2019-09-05,SHV,SELL,91.3807373046875,-103.53539095667728,-9461.140362750244,4.902807609148433,0.0005184733971157485,REDUCE
2019-09-05,QLD,BUY,12.3129,769.7976,9478.48,0.0,0.0,OPEN
2019-09-05,GLD,BUY,143.14,0.4943,70.76,0.0,0.0,ADD
2019-09-09,QLD,SELL,12.226567268371582,-769.7975774317746,-9411.981863499073,-66.49511849733392,-0.007015380068299604,CLOSE
2019-09-09,QQQ,SELL,183.28341674804688,-0.07099321140048687,-13.011878351397627,1.2656310282667316,0.10774769110934956,REDUCE
2019-09-09,SHV,BUY,91.3973,102.2617,9346.45,0.0,0.0,ADD
2019-09-09,GLD,BUY,141.39,0.5555,78.55,0.0,0.0,ADD
2019-09-20,SHV,SELL,91.4220962524414,-43.1623868492609,-3945.995885018241,2.570364877337705,0.0006518101747350347,REDUCE
2019-09-20,GLD,SELL,142.9499969482422,-0.6679208977788638,-95.47929029915576,12.455243312596346,0.15001970832152645,REDUCE
2019-09-20,QQQ,BUY,182.9095,0.1276,23.35,0.0,0.0,ADD
2019-09-20,TQQQ,BUY,7.5517,532.0855,4018.13,0.0,0.0,OPEN
2019-09-30,QQQ,SELL,181.36688232421875,-0.11373445380182662,-20.62766329888518,1.7980904585204676,0.09549289693210272,REDUCE
2019-09-30,GLD,SELL,138.8699951171875,-13.683207997460247,-1900.1870277947655,199.33396647293614,0.11719646511852266,REDUCE
2019-09-30,TQQQ,SELL,7.338518142700195,-532.0855360677746,-3904.719359901723,-113.40947807642677,-0.028224450397039136,CLOSE
2019-09-30,SHV,BUY,91.4883,40.7391,3727.15,0.0,0.0,ADD
2019-09-30,USD,BUY,2.7651,758.874,2098.38,0.0,0.0,OPEN
2019-10-02,SHV,SELL,91.53298950195312,-43.44769121939935,-3976.897064269382,6.401500942469131,0.0016122674966811967,REDUCE
2019-10-02,GLD,SELL,141.25999450683594,-1.3511346359044731,-190.86127124586164,22.91224334519483,0.1364237925732219,REDUCE
2019-10-02,QQQ,BUY,176.7945,0.5606,99.11,0.0,0.0,ADD
2019-10-02,USD,BUY,2.6251,40.3269,105.86,0.0,0.0,ADD
2019-10-02,TQQQ,BUY,6.7943,583.2482,3962.79,0.0,0.0,OPEN
2019-10-04,QQQ,SELL,181.36688232421875,-0.20134169918420267,-36.516716262899536,3.1265383352481106,0.09363646824591876,REDUCE
2019-10-04,USD,SELL,2.817960023880005,-42.31459262566796,-119.24083044589997,2.534677696458687,0.021718458168186183,REDUCE
2019-10-04,TQQQ,SELL,7.313512802124023,-583.2482199063408,-4265.59332310107,302.80097241311415,0.07641101163439634,CLOSE
2019-10-04,SHV,BUY,91.5993,46.8191,4288.6,0.0,0.0,ADD
2019-10-04,GLD,BUY,141.9,0.9356,132.76,0.0,0.0,ADD
2019-10-07,QQQ,SELL,180.81935119628906,-0.017002049646206514,-3.074299586034158,0.2547074939746681,0.09033487315132316,REDUCE
2019-10-07,SHV,SELL,91.59103393554688,-103.93718429954623,-9519.714174344928,16.72833076189469,0.0017603236537693245,REDUCE
2019-10-07,QLD,BUY,11.8514,796.8318,9443.59,0.0,0.0,OPEN
2019-10-07,USD,BUY,2.7725,9.5013,26.34,0.0,0.0,ADD
2019-10-07,GLD,BUY,140.69,0.3757,52.85,0.0,0.0,ADD
2019-10-22,QLD,SELL,12.285798072814941,-796.8318034424165,-9789.714635090495,346.1206229645928,0.036651366261633234,CLOSE
2019-10-22,QQQ,SELL,184.2870635986328,-0.12624031344459413,-23.264456672475262,2.3289696638893638,0.11124506742710238,REDUCE
2019-10-22,USD,SELL,2.9199399948120117,-28.960955104984603,-84.56425109899965,4.6830370492046525,0.05862501096046713,REDUCE
2019-10-22,SHV,BUY,91.6573,61.5683,5643.18,0.0,0.0,ADD
2019-10-22,GLD,BUY,140.2,1.3347,187.13,0.0,0.0,ADD
2019-10-22,TQQQ,BUY,7.6398,532.376,4067.23,0.0,0.0,OPEN
2019-10-23,QQQ,SELL,184.6424560546875,-0.06184502511443646,-11.419217331893378,1.1629395668891678,0.11338807250884653,REDUCE
2019-10-23,GLD,SELL,140.52999877929688,-0.25868775712213726,-36.353390192593,4.05653274159114,0.1256014690514511,REDUCE
2019-10-23,TQQQ,SELL,7.675496578216553,-532.3760339179244,-4086.250426661528,19.016911245755935,0.004675637917930464,CLOSE
2019-10-23,SHV,BUY,91.6573,44.1747,4048.93,0.0,0.0,ADD
2019-10-23,USD,BUY,2.802,30.3672,85.09,0.0,0.0,ADD
2019-10-24,QQQ,SELL,186.43870544433594,-0.09341917928963778,-17.416950850432386,1.924467023312115,0.1242193985668878,REDUCE
2019-10-24,SHV,SELL,91.66556549072266,-103.66250199872236,-9502.281865896053,13.433439315425359,0.0014157080724142013,REDUCE
2019-10-24,USD,SELL,2.915024995803833,-25.756761972737387,-75.08160496149912,3.9937513867413093,0.05618050322114976,REDUCE
2019-10-24,GLD,SELL,141.52999877929688,-0.1328593802322973,-18.803587922095176,2.2162530125229845,0.13361115722357741,REDUCE
2019-10-24,QLD,BUY,12.5647,765.1273,9613.58,0.0,0.0,OPEN
2019-11-22,QLD,SELL,13.554359436035156,-39.36375664969572,-533.5505063825949,38.95730886408337,0.0787663660954927,REDUCE
2019-11-22,QQQ,SELL,193.87364196777344,-0.3500880944526064,-67.87285388108467,9.814817162965381,0.16905182671983598,REDUCE
2019-11-22,SHV,SELL,91.78660583496094,-42.848643976486805,-3932.9315952323677,10.739094202328344,0.0027380334339806023,REDUCE
2019-11-22,USD,SELL,3.26826810836792,-64.80258776052352,-211.79223091743233,32.93912528010524,0.18416859557864318,REDUCE
2019-11-22,GLD,BUY,137.74,4.1042,565.31,0.0,0.0,ADD
2019-11-22,TQQQ,BUY,8.8353,473.1981,4180.84,0.0,0.0,OPEN
2019-11-25,QLD,SELL,13.872735977172852,-8.101960621692395,-112.39636060218982,10.597778578822798,0.10410536540076909,REDUCE
2019-11-25,USD,SELL,3.4218525886535645,-22.593610162032814,-77.31200341998147,14.954349432893276,0.23981578004826365,REDUCE
2019-11-25,TQQQ,SELL,9.14129638671875,-473.1981108982552,-4325.644181356359,144.80843449945215,0.034636240997584444,CLOSE
2019-11-25,SHV,BUY,91.7949,47.0571,4319.6,0.0,0.0,ADD
2019-11-25,GLD,BUY,137.08,1.4212,194.82,0.0,0.0,ADD
2019-12-02,SHV,SELL,91.80238342285156,-81.59289505075928,-7490.422236030291,13.934795888228475,0.0018638158627020118,REDUCE
2019-12-02,GLD,SELL,137.7899932861328,-54.793986138030924,-7550.062982079736,663.9667919587505,0.09642136467848039,REDUCE
2019-12-02,QLD,BUY,13.6753,6.4857,88.69,0.0,0.0,ADD
2019-12-02,SMH,BUY,62.265,79.5224,4951.46,0.0,0.0,OPEN
2019-12-02,QQQ,BUY,194.9974,25.4113,4955.14,0.0,0.0,ADD
2019-12-02,USD,BUY,3.2591,29.0421,94.65,0.0,0.0,ADD
2019-12-02,XLK,BUY,41.0331,120.6701,4951.46,0.0,0.0,OPEN
2019-12-03,QQQ,SELL,193.47018432617188,-0.06420266768208122,-12.42130195068421,0.7613449008433053,0.06529568656118623,REDUCE
2019-12-03,SHV,SELL,91.83564758300781,-45.845703348262006,-4210.269855886111,9.354751028949407,0.002226836485729855,CLOSE
2019-12-03,XLK,SELL,40.66948699951172,-0.03985546882233506,-1.6209014711294003,-0.01449090745694885,-0.008860813861365169,REDUCE
2019-12-03,GLD,SELL,139.11000061035156,-0.5678226608852147,-78.98981070231366,7.630128055094059,0.10692491575130836,REDUCE
2019-12-03,QLD,BUY,13.4766,3.924,52.88,0.0,0.0,ADD
2019-12-03,SMH,BUY,61.3916,0.3902,23.96,0.0,0.0,ADD
2019-12-03,USD,BUY,3.1466,17.9205,56.39,0.0,0.0,ADD
2019-12-03,TQQQ,BUY,8.7579,476.1512,4170.07,0.0,0.0,OPEN
2019-12-06,QLD,SELL,13.950477600097656,-5.322879882661571,-74.25671657108069,7.297585569542832,0.10898566723297565,REDUCE
2019-12-06,SMH,SELL,63.59878158569336,-0.6447570035761886,-41.00575984628813,0.8627176199846298,0.021491087175733226,REDUCE
2019-12-06,USD,SELL,3.3407604694366455,-22.53523528166021,-75.28482319842442,12.400162605318922,0.19718898835367882,REDUCE
2019-12-06,TQQQ,SELL,9.210358619689941,-476.15118887253516,-4385.523206707768,215.44904048200897,0.05166551766080629,CLOSE
2019-12-06,QQQ,BUY,196.9186,0.4503,88.67,0.0,0.0,ADD
2019-12-06,SHV,BUY,91.8523,46.6525,4285.14,0.0,0.0,OPEN
2019-12-06,XLK,BUY,41.4391,1.0263,42.53,0.0,0.0,ADD
2019-12-06,GLD,BUY,137.62,1.1607,159.73,0.0,0.0,ADD
2020-01-27,QLD,SELL,15.77962589263916,-28.41005772062008,-448.3000824196697,90.91595604238074,0.25439282086748616,REDUCE
2020-01-27,SHV,SELL,92.0603256225586,-46.652523440074525,-4294.846499007308,9.705157139896485,0.002264839445334843,CLOSE
2020-01-27,USD,SELL,3.9024927616119385,-47.372005176056305,-184.86890730260302,52.67714494121748,0.3984903748934734,REDUCE
2020-01-27,XLK,SELL,45.056243896484375,-0.07071951596097001,-3.1863557593787846,0.2842744084043905,0.09795535480386985,REDUCE
2020-01-27,SMH,BUY,68.2679,0.9777,66.75,0.0,0.0,ADD
2020-01-27,QQQ,BUY,209.9564,0.9082,190.69,0.0,0.0,ADD
2020-01-27,GLD,BUY,148.99,0.1161,17.29,0.0,0.0,ADD
2020-01-27,TQQQ,BUY,11.0445,421.6092,4656.47,0.0,0.0,OPEN
2020-01-28,QLD,SELL,16.256147384643555,-4.6585627719521945,-75.7302830214685,17.12792456094656,0.2922736389950067,REDUCE
2020-01-28,SMH,SELL,69.97817993164062,-0.13829012802965382,-9.677291462028734,1.0571250844099602,0.12263395369660834,REDUCE
2020-01-28,USD,SELL,4.08779764175415,-14.592355250409335,-59.650595380262075,18.930572016547355,0.46489590262406955,REDUCE
2020-01-28,TQQQ,SELL,11.55790901184082,-421.6091975577298,-4872.920743927461,216.45097821278594,0.046483922177805725,CLOSE
2020-01-28,QQQ,BUY,213.1813,0.3768,80.34,0.0,0.0,ADD
2020-01-28,SHV,BUY,92.0603,51.7585,4764.9,0.0,0.0,OPEN
2020-01-28,XLK,BUY,45.9184,0.4952,22.74,0.0,0.0,ADD
2020-01-28,GLD,BUY,147.66,1.0159,150.0,0.0,0.0,ADD
2020-01-31,SMH,SELL,66.27812194824219,-80.10737293012151,-5309.366232015909,315.95930868492337,0.06327529751453831,CLOSE
2020-01-31,QQQ,SELL,210.89019775390625,-26.533501551349804,-5595.655389267738,752.5712598748594,0.15539091202390498,REDUCE
2020-01-31,USD,SELL,3.6685519218444824,-617.1038519062537,-2263.8775218883197,541.846853346577,0.3146557510531598,CLOSE
2020-01-31,XLK,SELL,45.160457611083984,-122.08103617162041,-5513.235459145674,501.0394572632493,0.09996405908210182,CLOSE
2020-01-31,QLD,BUY,15.8932,156.0924,2480.81,0.0,0.0,ADD
2020-01-31,SHV,BUY,92.0936,37.6051,3463.19,0.0,0.0,ADD
2020-01-31,GLD,BUY,149.33,54.0721,8074.58,0.0,0.0,ADD
2020-01-31,TQQQ,BUY,11.1541,418.1027,4663.56,0.0,0.0,OPEN
2020-02-03,QLD,SELL,16.366025924682617,-13.191551272869612,-215.89327011856403,41.88275112470835,0.24069091550831612,REDUCE
2020-02-03,QQQ,SELL,214.07664489746094,-0.030944677910992036,-6.624532824617745,0.9762892940809363,0.17284830032605725,REDUCE
2020-02-03,TQQQ,SELL,11.666305541992188,-418.1026834685993,-4877.713653271526,214.15314058815548,0.04592052360116883,CLOSE
2020-02-03,SHV,BUY,92.0945,52.5545,4839.98,0.0,0.0,ADD
2020-02-03,GLD,BUY,148.36,1.7542,260.25,0.0,0.0,ADD
2020-02-21,QLD,SELL,17.5289363861084,-25.445006649002536,-446.02390289447067,110.37734236437883,0.3288499134031291,REDUCE
2020-02-21,SHV,SELL,92.16950988769531,-47.93711225466782,-4418.340141944165,4.204984720660869,0.0009526180261560935,REDUCE
2020-02-21,GLD,SELL,154.6999969482422,-0.3726394289264732,-57.64731851772012,5.072880964783248,0.09648949567316611,REDUCE
2020-02-21,QQQ,BUY,221.672,0.0606,13.44,0.0,0.0,ADD
2020-02-21,TQQQ,BUY,12.8813,381.0617,4908.57,0.0,0.0,OPEN
2020-02-27,QLD,SELL,13.882168769836426,-640.1637656086024,-8886.861434512626,442.42402223384727,0.0523923620525073,REDUCE
2020-02-27,QQQ,SELL,197.961669921875,-11.129130894820207,-2203.1413367177393,170.57986897198003,0.08392359674178218,REDUCE
2020-02-27,GLD,SELL,154.0,-23.39290132507208,-3602.5068040611004,302.0814211645258,0.09152802627502754,REDUCE
2020-02-27,TQQQ,SELL,9.031440734863281,-381.0617306952914,-3441.536437098956,-1467.0325704049862,-0.29887174208252343,CLOSE
2020-02-27,SHV,BUY,92.2362,196.3196,18107.78,0.0,0.0,ADD
2020-03-02,SHV,SELL,92.32793426513672,-158.95342476600268,-14675.84135301385,22.52820173835306,0.0015374135190984184,REDUCE
2020-03-02,QLD,BUY,15.3414,505.7753,7759.29,0.0,0.0,ADD
2020-03-02,QQQ,BUY,208.3392,10.0397,2091.67,0.0,0.0,ADD
2020-03-02,GLD,BUY,149.2,32.5145,4851.16,0.0,0.0,ADD
2020-03-03,QLD,SELL,14.362398147583008,-672.7471151282822,-9662.261920110253,-299.56025622353593,-0.030070829504987406,CLOSE
2020-03-03,QQQ,SELL,201.6582794189453,-10.309395799187502,-2078.9750187130544,69.7578836140062,0.03471893723948716,REDUCE
2020-03-03,GLD,SELL,153.88999938964844,-17.90415546636324,-2755.27047379081,180.4632424938719,0.07008805952551711,REDUCE
2020-03-03,SHV,BUY,92.4114,156.5867,14470.4,0.0,0.0,ADD
2020-03-04,SHV,SELL,92.4448013305664,-157.42885013204565,-14553.478774156474,21.42793879598474,0.001474529578705086,REDUCE
2020-03-04,QLD,BUY,15.5414,660.6674,10267.67,0.0,0.0,OPEN
2020-03-04,QQQ,BUY,210.0719,10.0281,2106.63,0.0,0.0,ADD
2020-03-04,GLD,BUY,154.16,14.3052,2205.29,0.0,0.0,ADD
2020-03-05,QLD,SELL,14.605598449707031,-660.6674027235814,-9649.442792991511,-618.2289780620886,-0.06021121358836057,CLOSE
2020-03-05,QQQ,SELL,203.6894989013672,-10.215299253831882,-2080.749186140526,15.010470928465425,0.007266393768935453,REDUCE
2020-03-05,GLD,SELL,157.49000549316406,-16.68998166721737,-2628.5053044508713,201.80971303222614,0.08316235202547517,REDUCE
2020-03-05,SHV,BUY,92.5283,154.9017,14332.79,0.0,0.0,ADD
2020-04-30,QQQ,SELL,211.1852569580078,-0.3175857984927566,-67.0694384609069,2.847210306217108,0.04433372039598393,REDUCE
2020-04-30,GLD,SELL,158.8000030517578,-14.682212325724542,-2331.5353621316135,196.766095542688,0.09217206684687462,REDUCE
2020-04-30,QLD,BUY,14.443,159.171,2298.9,0.0,0.0,OPEN
2020-04-30,SHV,BUY,92.6986,1.074,99.56,0.0,0.0,ADD
2020-05-26,SHV,SELL,92.69107055664062,-155.5990664861073,-14422.644050211185,40.79756164381225,0.0028367401693685235,REDUCE
2020-05-26,QLD,BUY,15.7146,645.6712,10146.49,0.0,0.0,ADD
2020-05-26,QQQ,BUY,220.9578,9.6192,2125.45,0.0,0.0,ADD
2020-05-26,GLD,BUY,160.89,13.5295,2176.76,0.0,0.0,ADD
2020-05-28,QLD,SELL,15.802302360534668,-1.5317594444954192,-24.205325885521233,0.5195083004910667,0.02193330665602211,REDUCE
2020-05-28,QQQ,SELL,221.87429809570312,-0.009558232805409937,-2.120726194735653,0.10110800528626462,0.05006293061453859,REDUCE
2020-05-28,SHV,SELL,92.69107055664062,-47.03407691778469,-4359.638942152843,12.332179721556718,0.0028367401693685235,REDUCE
2020-05-28,GLD,SELL,161.72000122070312,-0.11210264451963148,-18.12923980855885,1.5180945950071634,0.09139012244433764,REDUCE
2020-05-28,TQQQ,BUY,9.4686,465.1263,4404.09,0.0,0.0,OPEN
2020-05-29,QLD,SELL,16.23196029663086,-8.441418263794127,-137.02076610516087,6.489895952091156,0.049719242233508876,REDUCE
2020-05-29,TQQQ,SELL,9.859301567077637,-465.12631161509205,-4585.820572995718,181.72633895406165,0.04126304508868106,CLOSE
2020-05-29,QQQ,BUY,225.1254,0.0341,7.68,0.0,0.0,ADD
2020-05-29,SHV,BUY,92.6743,49.6915,4605.13,0.0,0.0,ADD
2020-05-29,GLD,BUY,162.91,0.6754,110.04,0.0,0.0,ADD
2020-06-04,QLD,SELL,16.51469612121582,-650.9227474581699,-10749.791372658583,684.4788892616652,0.06800373961471506,REDUCE
2020-06-04,QQQ,SELL,226.73641967773438,-0.07945210280653624,-18.014685326221297,1.2248746159411072,0.07295344998685027,REDUCE
2020-06-04,SHV,BUY,92.6668,114.4447,10605.22,0.0,0.0,ADD
2020-06-04,GLD,BUY,161.28,1.0081,162.58,0.0,0.0,ADD
2020-06-09,QQQ,SELL,234.7146453857422,-0.5262322909756002,-123.5144255668647,12.31106853764631,0.11070770583312162,REDUCE
2020-06-09,SHV,SELL,92.66680908203125,-112.98664701967165,-10470.112048190767,8.919121019735165,0.0008525911989032409,REDUCE
2020-06-09,QLD,BUY,17.6827,593.6172,10496.74,0.0,0.0,ADD
2020-06-09,GLD,BUY,161.26,0.6008,96.89,0.0,0.0,ADD
2020-06-29,SHV,SELL,92.6751937866211,-48.16791223765598,-4463.970600921726,4.206229567021664,0.0009431506278758661,REDUCE
2020-06-29,GLD,SELL,166.6300048828125,-1.917386095478665,-319.49405445184675,34.61296004957392,0.12149967382776872,REDUCE
2020-06-29,QLD,BUY,17.5654,10.6871,187.72,0.0,0.0,ADD
2020-06-29,QQQ,BUY,234.6782,0.1526,35.82,0.0,0.0,ADD
2020-06-29,TQQQ,BUY,10.9993,414.5667,4559.92,0.0,0.0,OPEN
2020-06-30,QLD,SELL,18.234567642211914,-147.37685407334098,-2687.3532144967303,144.51112599042355,0.05683055453723074,REDUCE
2020-06-30,TQQQ,SELL,11.631763458251953,-414.56674375471613,-4822.142301012608,262.21847861065544,0.057505012983425585,CLOSE
2020-06-30,QQQ,BUY,239.2783,0.0304,7.28,0.0,0.0,ADD
2020-06-30,SHV,BUY,92.6919,52.0618,4825.71,0.0,0.0,ADD
2020-06-30,USD,BUY,3.736,659.8551,2465.25,0.0,0.0,OPEN
2020-06-30,GLD,BUY,167.37,1.2622,211.25,0.0,0.0,ADD
2020-07-16,QLD,SELL,19.943321228027344,-33.22633246229896,-662.643421524861,89.355864512742,0.15586569675164452,REDUCE
2020-07-16,QQQ,SELL,250.4110870361328,-0.24724048645190724,-61.91175897176436,9.608824690222797,0.1837148301947924,REDUCE
2020-07-16,SHV,SELL,92.68355560302734,-47.282891442428024,-4382.346498076184,2.68009038172426,0.0006119393881267587,REDUCE
2020-07-16,USD,SELL,3.9020814895629883,-7.082051682135121,-27.634742776987878,1.1758528077663042,0.04444074596984682,REDUCE
2020-07-16,GLD,BUY,168.73,1.9155,323.21,0.0,0.0,ADD
2020-07-16,TQQQ,BUY,13.2601,362.8429,4811.33,0.0,0.0,OPEN
2020-07-20,QLD,SELL,21.156986236572266,-13.81319487363689,-292.24557382462626,53.91253623689308,0.22620672644700912,REDUCE
2020-07-20,USD,SELL,4.1267499923706055,-13.909912873987588,-57.40273284660407,5.434620958533511,0.10457607099982114,REDUCE
2020-07-20,TQQQ,SELL,14.456023216247559,-362.84286108779656,-5245.264823734875,433.9365675421414,0.09019059694869402,CLOSE
2020-07-20,QQQ,BUY,257.8137,0.1023,26.36,0.0,0.0,ADD
2020-07-20,SHV,BUY,92.6919,56.927,5276.67,0.0,0.0,ADD
2020-07-20,GLD,BUY,170.94,1.7075,291.88,0.0,0.0,ADD
2020-07-27,SHV,SELL,92.69192504882812,-53.70180767620527,-4977.723932109402,2.154523562404154,0.00043302050187521424,REDUCE
2020-07-27,GLD,SELL,182.22999572753906,-4.971124709456459,-905.8880345653142,161.08584466610873,0.216280036297837,REDUCE
2020-07-27,QLD,BUY,20.0754,29.9835,601.93,0.0,0.0,ADD
2020-07-27,QQQ,BUY,251.3774,0.4995,125.57,0.0,0.0,ADD
2020-07-27,USD,BUY,3.8539,45.3947,174.95,0.0,0.0,ADD
2020-07-27,TQQQ,BUY,13.3411,373.3703,4981.17,0.0,0.0,OPEN
2020-07-30,USD,SELL,4.0181193351745605,-22.44578593375921,-90.18984645362707,6.155749388920028,0.07325299615202674,REDUCE
2020-07-30,TQQQ,SELL,13.4923677444458,-373.3702539063211,-5037.6487705411855,56.48324645676795,0.01133936348504494,CLOSE
2020-07-30,QLD,BUY,20.231,0.3773,7.63,0.0,0.0,ADD
2020-07-30,QQQ,BUY,252.3535,0.0892,22.5,0.0,0.0,ADD
2020-07-30,SHV,BUY,92.6836,55.0005,5097.64,0.0,0.0,ADD
2020-08-11,QLD,SELL,20.833505630493164,-584.1948216440668,-12170.826106026616,2005.402313572445,0.19727680365486222,CLOSE
2020-08-11,QQQ,SELL,256.27703857421875,-0.2242926084051664,-57.481045456162974,9.714156385137882,0.20336589997924714,REDUCE
2020-08-11,USD,SELL,4.096507549285889,-9.999805748064357,-40.964279738338064,3.526310342168279,0.0941907480305022,REDUCE
2020-08-11,SHV,BUY,92.6886,74.2267,6879.97,0.0,0.0,ADD
2020-08-11,GLD,BUY,179.94,1.9214,345.74,0.0,0.0,ADD
2020-08-11,TQQQ,BUY,14.076,358.3127,5043.62,0.0,0.0,OPEN
2020-08-12,QQQ,SELL,262.7229309082031,-0.22600182920823458,-59.37586296020254,11.24496652808527,0.23363301666207104,REDUCE
2020-08-12,SHV,SELL,92.6801986694336,-71.59328500563778,-6635.279877719891,0.6023417922807836,9.078689793429184e-05,REDUCE
2020-08-12,USD,SELL,4.400179862976074,-36.86480938516061,-162.21179190903513,24.194750345560017,0.17530262981642508,REDUCE
2020-08-12,TQQQ,SELL,15.129033088684082,-358.3127271840364,-5420.92510566392,377.3007293044702,0.07480746010209649,CLOSE
2020-08-12,QLD,BUY,21.8817,549.597,12026.13,0.0,0.0,OPEN
2020-08-12,GLD,BUY,179.1,1.4051,251.66,0.0,0.0,ADD
2020-08-31,SHV,SELL,92.68859100341797,-93.64550402672772,-8679.869822042296,1.573779922946348,0.00018134665092173208,REDUCE
2020-08-31,USD,SELL,4.747677326202393,-614.9475086630578,-2919.5723436842486,617.2890204272137,0.26812035434193926,CLOSE
2020-08-31,GLD,SELL,184.8300018310547,-49.400409554406245,-9130.677788395758,1667.2428797661296,0.22338814502667836,REDUCE
2020-08-31,QLD,BUY,25.7203,61.3968,1579.14,0.0,0.0,ADD
2020-08-31,SMH,BUY,84.4893,75.9179,6414.25,0.0,0.0,OPEN
2020-08-31,QQQ,BUY,284.9692,22.1865,6322.47,0.0,0.0,ADD
2020-08-31,XLK,BUY,58.9968,108.722,6414.25,0.0,0.0,OPEN
2020-09-04,SMH,SELL,82.58146667480469,-1.641547267088138,-135.56138093215577,-3.1317919483174212,-0.02258072177075665,REDUCE
2020-09-04,QQQ,SELL,274.04901123046875,-0.23358286961763908,-64.01315445908949,5.30673672987161,0.09039449067304406,REDUCE
2020-09-04,SHV,SELL,92.68355560302734,-58.82185159557663,-5451.818353031649,0.6923518695618939,0.00012701079912935676,CLOSE
2020-09-04,GLD,SELL,181.63999938964844,-0.7941047044398968,-144.2411780297798,24.267501178043954,0.20227354712178958,REDUCE
2020-09-04,QLD,BUY,23.646,24.5434,580.35,0.0,0.0,ADD
2020-09-04,XLK,BUY,56.4039,0.0267,1.51,0.0,0.0,ADD
2020-09-04,TQQQ,BUY,16.8717,309.0247,5213.77,0.0,0.0,OPEN
2020-09-08,QLD,SELL,21.391569137573242,-515.1137864049086,-11019.09217559774,-478.6018237598777,-0.04162589679170603,REDUCE
2020-09-08,SMH,SELL,78.91995239257812,-1.7402853322457568,-137.34323557033713,-9.692246919703818,-0.06591774145645624,REDUCE
2020-09-08,QQQ,SELL,260.8771667480469,-0.8119071846695729,-211.80804599898147,7.751291243855285,0.03798595764769974,REDUCE
2020-09-08,XLK,SELL,53.854007720947266,-2.45119976327029,-132.0069309767423,-12.604515574012478,-0.087161257802567,REDUCE
2020-09-08,GLD,SELL,181.2899932861328,-1.8636695609630398,-337.86464219455956,56.300651432030264,0.19995685982272549,REDUCE
2020-09-08,SHV,BUY,92.6836,123.5288,11449.09,0.0,0.0,OPEN
2020-09-08,TQQQ,BUY,14.487,26.8534,389.02,0.0,0.0,ADD
2020-09-09,SMH,SELL,81.17949676513672,-0.05220073237965018,-4.2376291853515795,-0.17277394197391205,-0.039174183625859116,REDUCE
2020-09-09,QQQ,SELL,268.54058837890625,-0.058564257688901104,-15.726880217751386,1.0079165304135917,0.06847741130584262,REDUCE
2020-09-09,SHV,SELL,92.68355560302734,-123.52882382937099,-11449.090611966076,0.0,0.0,CLOSE
2020-09-09,XLK,SELL,55.61125183105469,-0.4878458860235104,-27.12972042239744,-1.6513280783465842,-0.05737553579064003,REDUCE
2020-09-09,TQQQ,SELL,15.731764793395996,-17.949640142740336,-282.3795168516899,-17.03934028867765,-0.05690803996586502,REDUCE
2020-09-09,QLD,BUY,22.6386,516.3794,11690.09,0.0,0.0,ADD
2020-09-09,GLD,BUY,183.05,0.4833,88.47,0.0,0.0,ADD
2020-09-10,QLD,SELL,21.710113525390625,-518.2586475689565,-11251.454074237454,-450.02657692073086,-0.038458942960879816,REDUCE
2020-09-10,SMH,SELL,80.15812683105469,-1.1358396389919392,-91.04677784205523,-4.919513579235297,-0.05126293312345176,REDUCE
2020-09-10,QQQ,SELL,263.1867980957031,-0.3357756556857024,-88.37171969840529,3.9811736868140932,0.04717558867633431,REDUCE
2020-09-10,XLK,SELL,54.35539627075195,-0.592361291116805,-32.198032714108194,-2.7490264659183747,-0.07866259795300701,REDUCE
2020-09-10,GLD,SELL,182.4600067138672,-0.6806801793839132,-124.19691010038514,20.97452809686176,0.2031974818808755,REDUCE
2020-09-10,SHV,BUY,92.6836,123.4119,11438.25,0.0,0.0,OPEN
2020-09-10,TQQQ,BUY,14.8217,10.0538,149.01,0.0,0.0,ADD
2020-09-15,SMH,SELL,83.5257568359375,-1.166945374691308,-97.46999560728818,-1.1243975235434676,-0.011404274501202405,REDUCE
2020-09-15,SHV,SELL,92.68355560302734,-69.65218604909343,-6455.612258553556,0.0,0.0,REDUCE
2020-09-15,TQQQ,SELL,15.892571449279785,-327.9822220471092,-5212.480897977231,-239.9137547959659,-0.04400153878698798,CLOSE
2020-09-15,QLD,BUY,22.8139,510.9728,11657.28,0.0,0.0,ADD
2020-09-15,QQQ,BUY,269.6809,0.0116,3.12,0.0,0.0,ADD
2020-09-15,XLK,BUY,55.616,0.1827,10.16,0.0,0.0,ADD
2020-09-15,GLD,BUY,183.45,0.5179,95.01,0.0,0.0,ADD
2020-09-16,QLD,SELL,22.060749053955078,-511.97245013239063,-11294.4957449092,-362.88887477169874,-0.03112952747214337,REDUCE
2020-09-16,SMH,SELL,82.49956512451172,-0.33240086016483467,-27.42292641061249,-0.6613882410375103,-0.02355009368187133,REDUCE
2020-09-16,QQQ,SELL,265.38043212890625,-0.04157626569748049,-11.033527357103594,0.5839390343532594,0.05588153488132508,REDUCE
2020-09-16,XLK,SELL,54.756507873535156,-0.1616023529699791,-8.848780512782469,-0.6841954843184767,-0.07177144729269702,REDUCE
2020-09-16,GLD,SELL,183.97000122070312,-0.5362264497054857,-98.6495806068915,17.00783683860485,0.2083228022036867,REDUCE
2020-09-16,SHV,BUY,92.6836,123.4356,11440.45,0.0,0.0,ADD
2020-09-21,SHV,SELL,92.68355560302734,-54.771999914250294,-5076.463699541426,0.0,0.0,REDUCE
2020-09-21,QLD,BUY,21.0187,3.9183,82.36,0.0,0.0,ADD
2020-09-21,SMH,BUY,81.1072,0.0996,8.08,0.0,0.0,ADD
2020-09-21,QQQ,BUY,258.5191,0.428,110.66,0.0,0.0,ADD
2020-09-21,XLK,BUY,53.8106,0.1928,10.37,0.0,0.0,ADD
2020-09-21,GLD,BUY,179.52,0.2377,42.68,0.0,0.0,ADD
2020-09-21,TQQQ,BUY,14.0391,343.4915,4822.32,0.0,0.0,OPEN
2020-09-22,QQQ,SELL,263.32208251953125,-0.15835209368712605,-41.69760308102195,1.8861195168308318,0.047376268050641546,REDUCE
2020-09-22,SHV,SELL,92.68355560302734,-122.42331058781568,-11346.6277139725,0.0,0.0,CLOSE
2020-09-22,XLK,SELL,54.662437438964844,-0.12710272639969117,-6.947744830144984,-0.5488830020467695,-0.07321732041835871,REDUCE
2020-09-22,TQQQ,SELL,14.806224822998047,-13.039149283430154,-193.06057579110075,10.002460123596729,0.05464089962427354,REDUCE
2020-09-22,QLD,BUY,21.7718,526.2839,11458.17,0.0,0.0,ADD
2020-09-22,SMH,BUY,81.7721,0.4446,36.36,0.0,0.0,ADD
2020-09-22,GLD,BUY,178.65,0.5251,93.81,0.0,0.0,ADD
2020-09-23,QLD,SELL,20.433481216430664,-526.6561342634824,-10761.418226990854,-797.8081201528994,-0.06901916237240524,REDUCE
2020-09-23,SMH,SELL,79.90278625488281,-1.5787408328773702,-126.14579132125618,-7.206258032165182,-0.05403934972957569,REDUCE
2020-09-23,QQQ,SELL,255.28170776367188,-0.5940249092885562,-151.6436932973429,2.2992017771519775,0.01539529013590113,REDUCE
2020-09-23,XLK,SELL,52.95871353149414,-1.4789211708984966,-78.32176262527537,-8.906276657776743,-0.10210336872156633,REDUCE
2020-09-23,GLD,SELL,174.7899932861328,-0.6485268954805709,-113.35601170692553,14.134523837036307,0.1424542620805198,REDUCE
2020-09-23,SHV,BUY,92.6836,118.6499,10996.9,0.0,0.0,OPEN
2020-09-23,TQQQ,BUY,13.4352,17.4162,233.99,0.0,0.0,ADD
2020-09-24,SMH,SELL,80.60136413574219,-0.22915994462242412,-18.47060414183852,-0.8859283609794981,-0.04576895995450225,REDUCE
2020-09-24,SHV,SELL,92.68355560302734,-118.64991218476872,-10996.895733271323,0.0,0.0,CLOSE
2020-09-24,XLK,SELL,53.255435943603516,-0.022641254031943486,-1.205769853781021,-0.12963073076539897,-0.09707254307472779,REDUCE
2020-09-24,TQQQ,SELL,13.631732940673828,-3.1697443503733282,-43.20910847449886,-1.195457559591917,-0.026921951194706528,REDUCE
2020-09-24,QLD,BUY,20.6384,535.1473,11044.6,0.0,0.0,ADD
2020-09-24,QQQ,BUY,256.4704,0.0288,7.4,0.0,0.0,ADD
2020-09-24,GLD,BUY,175.44,0.0444,7.78,0.0,0.0,ADD
2020-09-25,QLD,SELL,21.61627769470215,-9.970245188666965,-215.51958868249312,7.3394894650066504,0.03525548067560025,REDUCE
2020-09-25,TQQQ,SELL,14.587050437927246,-344.6987973881321,-5028.138743393548,199.29489398649775,0.0412717619790024,CLOSE
2020-09-25,SMH,BUY,81.536,1.3472,109.85,0.0,0.0,ADD
2020-09-25,QQQ,BUY,262.433,0.3203,84.05,0.0,0.0,ADD
2020-09-25,SHV,BUY,92.6836,52.293,4846.7,0.0,0.0,OPEN
2020-09-25,XLK,BUY,54.5284,0.7668,41.81,0.0,0.0,ADD
2020-09-25,GLD,BUY,174.94,0.9217,161.25,0.0,0.0,ADD
2020-09-30,QLD,SELL,22.63115882873535,-128.38134453086425,-2905.4185987245837,224.79835956645343,0.08386057684808534,REDUCE
2020-09-30,SMH,SELL,83.92562866210938,-0.10638940489309592,-8.92879768864077,-0.051625019767391554,-0.00574861801539206,REDUCE
2020-09-30,QQQ,SELL,268.50201416015625,-21.644140865400374,-5811.495417126148,367.9375292077892,0.06759136887740347,REDUCE
2020-09-30,SHV,BUY,92.6836,1.4507,134.46,0.0,0.0,ADD
2020-09-30,USD,BUY,4.7003,561.042,2637.08,0.0,0.0,OPEN
2020-09-30,XLK,BUY,55.8493,0.3592,20.06,0.0,0.0,ADD
2020-09-30,XLY,BUY,70.1791,83.5033,5860.18,0.0,0.0,OPEN
2020-09-30,GLD,BUY,177.12,0.4181,74.06,0.0,0.0,ADD
2020-10-02,QLD,SELL,22.003955841064453,-517.8863072974231,-11395.547436464432,582.0096752160505,0.05382231865890841,CLOSE
2020-10-02,SMH,SELL,83.41976165771484,-0.3096531327503301,-25.83119053059727,-0.30690120772065765,-0.011741530743453077,REDUCE
2020-10-02,XLY,SELL,70.79505920410156,-1.5903337469825645,-112.58777177191132,0.9795685175238827,0.008776850526758917,REDUCE
2020-10-02,GLD,SELL,178.5399932861328,-0.5148170686224937,-91.9154359754466,12.577745260811913,0.15853429999685908,REDUCE
2020-10-02,QQQ,BUY,265.0905,0.0427,11.31,0.0,0.0,ADD
2020-10-02,SHV,BUY,92.6861,124.5705,11545.94,0.0,0.0,ADD
2020-10-02,USD,BUY,4.5775,9.0451,41.4,0.0,0.0,ADD
2020-10-02,XLK,BUY,55.007,0.4949,27.23,0.0,0.0,ADD
2020-10-05,SMH,SELL,86.26224517822266,-1.2720047562767092,-109.72598615380684,2.354952262330993,0.0219328451722951,REDUCE
2020-10-05,QQQ,SELL,270.7439270019531,-0.1123917524787208,-30.42938442872037,2.159061965151955,0.07637203176349727,REDUCE
2020-10-05,SHV,SELL,92.68605041503906,-124.32688285949766,-11523.367732660055,0.09348555496574043,8.112759703582384e-06,REDUCE
2020-10-05,USD,SELL,4.8799729347229,-27.23448628652311,-132.90355596931477,4.945572407307742,0.03864997141746285,REDUCE
2020-10-05,XLK,SELL,56.21299362182617,-0.6985142524634336,-39.26557721848167,-1.890287135124255,-0.045929958337969756,REDUCE
2020-10-05,QLD,BUY,22.9571,512.861,11773.81,0.0,0.0,OPEN
2020-10-05,XLY,BUY,71.7309,0.1563,11.21,0.0,0.0,ADD
2020-10-05,GLD,BUY,179.41,0.2824,50.67,0.0,0.0,ADD
2020-10-06,QLD,SELL,22.105195999145508,-512.8609654515168,-11336.892161616772,-436.9131555499822,-0.037108916257766134,CLOSE
2020-10-06,SMH,SELL,85.50585174560547,-0.6346788628058837,-54.26875674914936,0.6949588900873286,0.012971992239855235,REDUCE
2020-10-06,USD,SELL,4.860218048095703,-7.5975451369866125,-36.925725996004076,1.2295668864704916,0.03444535538676785,REDUCE
2020-10-06,XLK,SELL,55.34201431274414,-0.2651692951104953,-14.675002925305307,-0.9485459168568521,-0.06071257730491286,REDUCE
2020-10-06,GLD,SELL,177.3000030517578,-0.1757228888758434,-31.155668733950733,4.030252732035106,0.14857846721135948,REDUCE
2020-10-06,SHV,BUY,92.6945,123.7568,11471.57,0.0,0.0,ADD
2020-10-06,XLY,BUY,70.4035,0.0333,2.35,0.0,0.0,ADD
2020-10-12,SMH,SELL,91.50880432128906,-1.9307568719982675,-176.68125279167361,13.7043767095934,0.08408785981817113,REDUCE
2020-10-12,QQQ,SELL,284.6310119628906,-0.5335523555789233,-151.865546903613,17.65910549886238,0.131581653712169,REDUCE
2020-10-12,SHV,SELL,92.69445037841797,-122.6311747043823,-11367.22933848247,0.3408852706162831,2.998932135378496e-05,REDUCE
2020-10-12,USD,SELL,5.39729118347168,-34.15454242338837,-184.3420106972635,23.87096923897644,0.14875561984298247,REDUCE
2020-10-12,XLK,SELL,59.084434509277344,-2.7377184646431867,-161.75654732904968,0.4525089764241226,0.0028053170958739493,REDUCE
2020-10-12,XLY,SELL,74.21379089355469,-1.1177786076298355,-82.95458785192932,4.506477743331618,0.05744533217043957,REDUCE
2020-10-12,QLD,BUY,25.2881,475.3368,12020.38,0.0,0.0,OPEN
2020-10-12,GLD,BUY,180.56,0.5785,104.45,0.0,0.0,ADD
2020-10-19,SMH,SELL,89.39379119873047,-0.9006774715167606,-80.51497382616981,4.488000780420035,0.05903169099892147,REDUCE
2020-10-19,SHV,SELL,92.67768096923828,-55.11291849622053,-5107.737477676358,-0.7710103786629412,-0.00015092670991267987,CLOSE
2020-10-19,USD,SELL,5.204067707061768,-0.3684716326577843,-1.9175513244827016,0.1863313330844383,0.10763007244038536,REDUCE
2020-10-19,XLY,SELL,72.08423614501953,-0.651528557434974,-46.96493838936658,1.2392609934357035,0.02710208058166419,REDUCE
2020-10-19,GLD,SELL,178.38999938964844,-0.7013614350913935,-125.11586597787664,16.474767765209485,0.1516439730106538,REDUCE
2020-10-19,QLD,BUY,23.4436,18.6806,437.94,0.0,0.0,ADD
2020-10-19,XLK,BUY,56.9021,0.045,2.56,0.0,0.0,ADD
2020-10-19,TQQQ,BUY,16.425,299.6496,4921.75,0.0,0.0,OPEN
2020-10-22,QLD,SELL,23.537397384643555,-494.0174017715652,-11627.883900426443,-830.4356049918558,-0.0666571125127019,CLOSE
2020-10-22,QQQ,SELL,274.6288757324219,-0.02229507884381356,-6.122872437242222,0.5149069561040541,0.09181706945877122,REDUCE
2020-10-22,XLY,SELL,72.41371154785156,-0.35141194048577906,-25.447042892807985,0.7841960530752194,0.031796655843146615,REDUCE
2020-10-22,GLD,SELL,178.8300018310547,-0.06303695117314788,-11.27289809371814,1.5084553103240745,0.15448452551633918,REDUCE
2020-10-22,TQQQ,SELL,16.496496200561523,-1.2215989790285333,-20.152102916154035,0.08731265743472334,0.00435153601452587,REDUCE
2020-10-22,SMH,BUY,88.859,0.4013,35.66,0.0,0.0,ADD
2020-10-22,SHV,BUY,92.6777,124.9877,11583.57,0.0,0.0,OPEN
2020-10-22,USD,BUY,5.096,10.7052,54.55,0.0,0.0,ADD
2020-10-22,XLK,BUY,56.7442,0.3012,17.09,0.0,0.0,ADD
2020-10-27,QQQ,SELL,273.15997314453125,-0.14167030487894014,-38.69865667610884,3.0637892226631935,0.08597728689929363,REDUCE
2020-10-27,SHV,SELL,92.67768096923828,-124.98768684007273,-11583.568966047322,0.0,0.0,CLOSE
2020-10-27,XLY,SELL,71.61156463623047,-0.17244465392188463,-12.349031480499434,0.2464942641288028,0.02036715605347439,REDUCE
2020-10-27,GLD,SELL,179.02000427246094,-0.3924750910208028,-70.26089247137861,9.46638228554227,0.15571113668989978,REDUCE
2020-10-27,QLD,BUY,23.2485,491.6689,11430.56,0.0,0.0,OPEN
2020-10-27,SMH,BUY,86.4501,0.9312,80.5,0.0,0.0,ADD
2020-10-27,USD,BUY,4.7423,30.8884,146.48,0.0,0.0,ADD
2020-10-27,XLK,BUY,55.7296,0.4854,27.05,0.0,0.0,ADD
2020-10-27,TQQQ,BUY,16.2106,1.2514,20.29,0.0,0.0,ADD
2020-10-30,QLD,SELL,21.112533569335938,-491.66886340721373,-10380.375383682045,-1050.1810900917471,-0.09187488750012096,CLOSE
2020-10-30,SMH,SELL,84.2869644165039,-2.540061541817713,-214.09407679091964,-0.45629097678650804,-0.0021267312730991472,REDUCE
2020-10-30,QQQ,SELL,260.3262939453125,-0.28924479961764155,-75.29802672741516,2.5431886208635217,0.03495559452883312,REDUCE
2020-10-30,USD,SELL,4.462040901184082,-1.9498632240121299,-8.700369457256784,-0.4810139293668437,-0.05239013655258462,REDUCE
2020-10-30,XLK,SELL,53.054439544677734,-1.5597386053449422,-82.7510575427732,-9.11252212426225,-0.09919624466291299,REDUCE
2020-10-30,XLY,SELL,68.26445007324219,-1.3179835884395732,-89.97142487038582,-2.5275019846110105,-0.027324662788500986,REDUCE
2020-10-30,GLD,SELL,176.1999969482422,-1.2883770669787007,-227.01203526983227,27.442038310501793,0.13750583118009518,REDUCE
2020-10-30,SHV,BUY,92.6945,115.6094,10716.35,0.0,0.0,OPEN
2020-10-30,TQQQ,BUY,13.9903,25.8645,361.85,0.0,0.0,ADD
2020-11-02,SMH,SELL,84.94216918945312,-0.25722658139474636,-21.849383796857182,0.12232847583567644,0.00563023723317535,REDUCE
2020-11-02,USD,SELL,4.483030319213867,-540.3758122450743,-2422.521150064488,-121.96373686587289,-0.047932584505545495,CLOSE
2020-11-02,XLK,SELL,53.18842315673828,-100.99391396381365,-5371.70703216254,-576.5091814437964,-0.09692135604032881,CLOSE
2020-11-02,XLY,SELL,68.75148010253906,-0.2679985216411261,-18.425295028119763,-0.3834184247384981,-0.020385148920445295,REDUCE
2020-11-02,GLD,SELL,177.91000366210938,-0.15383352689578592,-27.368523333384474,3.539663536283926,0.14854523323497948,REDUCE
2020-11-02,QQQ,BUY,260.906,20.6383,5384.67,0.0,0.0,ADD
2020-11-02,SHV,BUY,92.6752,0.4514,41.83,0.0,0.0,ADD
2020-11-02,BIL,BUY,76.6476,31.5742,2420.09,0.0,0.0,OPEN
2020-11-02,TQQQ,BUY,13.995,1.0919,15.28,0.0,0.0,ADD
2020-11-04,SMH,SELL,89.89002990722656,-0.6001930116776197,-53.95136776980962,3.2551034206831817,0.06420795422452596,REDUCE
2020-11-04,QQQ,SELL,277.26702880859375,-0.5199678194654124,-144.16993237925817,10.742983558122534,0.08051584520998034,REDUCE
2020-11-04,SHV,SELL,92.67517852783203,-64.3565766145037,-5964.2572271892295,-1.2354465842778413,-0.00020709883522429529,REDUCE
2020-11-04,TQQQ,SELL,16.685890197753906,-326.63581057450534,-5450.209269900541,151.1039377522734,0.02851499041462069,CLOSE
2020-11-04,QLD,BUY,23.8386,472.954,11274.58,0.0,0.0,OPEN
2020-11-04,BIL,BUY,76.6392,1.5261,116.96,0.0,0.0,ADD
2020-11-04,XLY,BUY,71.7596,0.3346,24.01,0.0,0.0,ADD
2020-11-04,GLD,BUY,178.82,1.1019,197.04,0.0,0.0,ADD
2020-11-09,QLD,SELL,24.070764541625977,-472.9540429703841,-11384.36540735017,109.7805313364484,0.009736990988466587,CLOSE
2020-11-09,SMH,SELL,93.87432861328125,-2.136201801912213,-200.53450993699062,20.096802156761857,0.11137806173662734,REDUCE
2020-11-09,XLY,SELL,72.70018768310547,-0.3378127778963675,-24.55905235481714,0.8483543623423309,0.035779392180338876,REDUCE
2020-11-09,QQQ,BUY,278.8906,0.1083,30.2,0.0,0.0,ADD
2020-11-09,SHV,BUY,92.6752,123.1741,11415.19,0.0,0.0,ADD
2020-11-09,BIL,BUY,76.6476,0.286,21.92,0.0,0.0,ADD
2020-11-09,GLD,BUY,175.08,0.8119,142.15,0.0,0.0,ADD
2020-11-12,QQQ,SELL,278.7070617675781,-0.03513132837293173,-9.791349306811753,0.7741864879838061,0.08585699332913177,REDUCE
2020-11-12,SHV,SELL,92.68354797363281,-52.36275142580954,-4853.1655838054285,0.14105087168530744,2.9064528878519624e-05,REDUCE
2020-11-12,BIL,SELL,76.63920593261719,-0.04939389204653197,-3.785508664367626,-0.00039558215009806154,-0.00010448815509844778,REDUCE
2020-11-12,GLD,SELL,175.9600067138672,-0.18171711285840375,-31.974944398589287,3.545589194713602,0.12471577949225665,REDUCE
2020-11-12,SMH,BUY,93.1517,0.373,34.74,0.0,0.0,ADD
2020-11-12,XLY,BUY,72.0986,0.5274,38.02,0.0,0.0,ADD
2020-11-12,TQQQ,BUY,16.8467,286.4628,4825.95,0.0,0.0,OPEN
2020-11-13,SMH,SELL,94.52472686767578,-0.3197222407235704,-30.22165747791678,3.1988142974057783,0.11837445364419596,REDUCE
2020-11-13,XLY,SELL,73.26838684082031,-0.5275402712967399,-38.65202467148083,1.6178210006623874,0.04368450892160447,REDUCE
2020-11-13,TQQQ,SELL,17.288625717163086,-286.46280184569844,-4952.548163000135,126.59563407753522,0.026232258464796265,CLOSE
2020-11-13,QQQ,BUY,281.152,0.0241,6.77,0.0,0.0,ADD
2020-11-13,SHV,BUY,92.6835,53.7132,4978.33,0.0,0.0,ADD
2020-11-13,BIL,BUY,76.6476,0.3103,23.78,0.0,0.0,ADD
2020-11-13,GLD,BUY,177.16,0.0708,12.54,0.0,0.0,ADD
2020-11-23,SMH,SELL,97.82971954345703,-1.8984928085453314,-185.72901901525984,25.26888546763993,0.1574776544738501,REDUCE
2020-11-23,SHV,SELL,92.68354797363281,-52.24327792443944,-4842.092355809615,0.09783588472554582,2.0205699185149584e-05,REDUCE
2020-11-23,XLY,SELL,74.18992614746094,-0.7740854527096731,-57.429342568354514,3.0872574725566406,0.05681153873860767,REDUCE
2020-11-23,QQQ,BUY,280.6302,0.1667,46.78,0.0,0.0,ADD
2020-11-23,BIL,BUY,76.6476,0.086,6.59,0.0,0.0,ADD
2020-11-23,GLD,BUY,172.23,0.8594,148.02,0.0,0.0,ADD
2020-11-23,TQQQ,BUY,17.1886,284.134,4883.85,0.0,0.0,OPEN
2020-11-24,QQQ,SELL,284.572998046875,-0.21787197328693741,-62.00048062865244,6.0528829874321195,0.10818843422461022,REDUCE
2020-11-24,XLY,SELL,75.29288482666016,-0.5074553641704009,-38.207778289152884,2.5835684741549882,0.07252282892931139,REDUCE
2020-11-24,TQQQ,SELL,17.891347885131836,-284.13396330543424,-5083.539583478808,199.68468523689958,0.04088669491568675,CLOSE
2020-11-24,SMH,BUY,98.1381,0.2965,29.1,0.0,0.0,ADD
2020-11-24,SHV,BUY,92.6835,54.1456,5018.41,0.0,0.0,ADD
2020-11-24,BIL,BUY,76.6476,0.2772,21.25,0.0,0.0,ADD
2020-11-24,GLD,BUY,169.59,0.6781,114.99,0.0,0.0,ADD
2020-11-30,SMH,SELL,100.50359344482422,-1.1098595757778305,-111.54487558482015,17.66389341827926,0.18815198787486342,REDUCE
2020-11-30,QQQ,SELL,289.5498352050781,-0.4678398202397573,-135.4629428527951,15.325810809459963,0.12756930807980105,REDUCE
2020-11-30,SHV,SELL,92.67517852783203,-124.74193939191201,-11560.481503053448,-0.8814243184499071,-7.623878983709087e-05,REDUCE
2020-11-30,BIL,SELL,76.63920593261719,-34.010401784383745,-2606.530186204437,-0.27263833895873263,-0.00010458725009498959,CLOSE
2020-11-30,XLY,SELL,75.08756256103516,-76.9385260965771,-5777.12639163057,375.9140091346337,0.06959807956318897,CLOSE
2020-11-30,QLD,BUY,25.8808,449.8331,11642.02,0.0,0.0,OPEN
2020-11-30,USD,BUY,5.9819,437.8967,2619.46,0.0,0.0,OPEN
2020-11-30,XLK,BUY,59.094,98.5043,5821.01,0.0,0.0,OPEN
2020-11-30,GLD,BUY,166.67,0.6519,108.66,0.0,0.0,ADD
2020-12-09,QLD,SELL,26.2017765045166,-449.8331229427017,-11786.42695167341,144.40376998304637,0.012403666246787237,CLOSE
2020-12-09,SMH,SELL,103.14372253417969,-0.6875043290346303,-70.91175575499528,12.75702783972252,0.21936355472780456,REDUCE
2020-12-09,USD,SELL,6.168951034545898,-7.295913506100696,-45.008133171417285,1.3646961626775866,0.03126921837994345,REDUCE
2020-12-09,GLD,SELL,172.5,-0.5992602020924359,-103.3723848609452,9.001317845927739,0.09538217729905862,REDUCE
2020-12-09,QQQ,BUY,291.1831,0.3124,90.96,0.0,0.0,ADD
2020-12-09,SHV,BUY,92.6852,73.9884,6857.63,0.0,0.0,ADD
2020-12-09,XLK,BUY,59.5247,0.6648,39.57,0.0,0.0,ADD
2020-12-09,TQQQ,BUY,19.1147,262.4977,5017.56,0.0,0.0,OPEN
2020-12-10,QQQ,SELL,292.3523864746094,-0.06456201916818811,-18.87486037943927,2.2774104699369917,0.13721448067953745,REDUCE
2020-12-10,SHV,SELL,92.6936264038086,-73.1232244859952,-6778.056851946667,0.7056255594744255,0.00010411524147180273,REDUCE
2020-12-10,TQQQ,SELL,19.349346160888672,-262.4977176323989,-5079.1592049124965,61.59900511884557,0.012276684816134198,CLOSE
2020-12-10,QLD,BUY,26.3722,448.694,11833.03,0.0,0.0,OPEN
2020-12-10,SMH,BUY,103.2208,0.0881,9.09,0.0,0.0,ADD
2020-12-10,USD,BUY,6.1646,1.2875,7.94,0.0,0.0,ADD
2020-12-10,XLK,BUY,59.6109,0.0832,4.96,0.0,0.0,ADD
2020-12-10,GLD,BUY,172.17,0.1224,21.08,0.0,0.0,ADD
2020-12-11,QLD,SELL,26.275854110717773,-448.69404296472885,-11789.819213289347,-43.20929247903098,-0.0036515835703402333,CLOSE
2020-12-11,QQQ,SELL,291.70489501953125,-0.046498228504131836,-13.563760864391952,1.6101071772689288,0.1346958193212009,REDUCE
2020-12-11,XLK,SELL,59.486446380615234,-0.1359505400110241,-8.087214508781472,0.05290141382334243,0.006584435184202597,REDUCE
2020-12-11,GLD,SELL,172.49000549316406,-0.1548927474132249,-26.717450852158436,2.3155158879564417,0.09489066712755934,REDUCE
2020-12-11,SMH,BUY,102.3825,0.2697,27.62,0.0,0.0,ADD
2020-12-11,SHV,BUY,92.6852,72.9736,6763.58,0.0,0.0,ADD
2020-12-11,USD,BUY,6.0615,5.8284,35.33,0.0,0.0,ADD
2020-12-11,TQQQ,BUY,19.2135,260.8403,5011.67,0.0,0.0,OPEN
2020-12-14,SMH,SELL,103.42797088623047,-0.2058758385290839,-21.293320233564373,3.85563684339223,0.22110946489401573,REDUCE
2020-12-14,QQQ,SELL,293.8213195800781,-0.024332749778961733,-7.1494806490663905,0.8940753686849766,0.14292844805580085,REDUCE
2020-12-14,SHV,SELL,92.68522644042969,-127.22801757425506,-11792.157618436799,0.06780992867416782,5.750458974995709e-06,CLOSE
2020-12-14,USD,SELL,6.224510192871094,-8.647343472345707,-53.82547758487317,2.0841024691942844,0.0402792245960768,REDUCE
2020-12-14,TQQQ,SELL,19.623313903808594,-3.761174657769412,-73.80671095645903,1.541198649600776,0.021326890246850194,REDUCE
2020-12-14,QLD,BUY,26.6191,445.9201,11869.98,0.0,0.0,OPEN
2020-12-14,XLK,BUY,59.7018,0.2943,17.57,0.0,0.0,ADD
2020-12-14,GLD,BUY,171.54,0.3537,60.68,0.0,0.0,ADD
2020-12-15,QLD,SELL,27.211715698242188,-1.6967866546296333,-46.17247604635304,1.0055673306909918,0.02226336402655571,REDUCE
2020-12-15,USD,SELL,6.390570640563965,-3.4708094780798433,-22.180453149608184,1.4128664642063904,0.06803228924040261,REDUCE
2020-12-15,TQQQ,SELL,20.233190536499023,-257.0790832481868,-5201.530074309057,262.1285987802795,0.05306889915285096,CLOSE
2020-12-15,SMH,BUY,105.0516,0.1512,15.88,0.0,0.0,ADD
2020-12-15,QQQ,BUY,296.9621,0.2841,84.37,0.0,0.0,ADD
2020-12-15,SHV,BUY,92.6769,55.4338,5137.43,0.0,0.0,OPEN
2020-12-15,XLK,BUY,60.6972,0.1663,10.09,0.0,0.0,ADD
2020-12-15,GLD,BUY,173.94,0.1271,22.11,0.0,0.0,ADD
2020-12-31,QLD,SELL,28.42414665222168,-8.898389857551553,-252.92913827968732,16.06213952306896,0.0678107951187108,REDUCE
2020-12-31,XLK,SELL,62.368778228759766,-99.5768745857438,-6210.488007751279,325.3173200598454,0.055277465569559814,CLOSE
2020-12-31,GLD,SELL,178.36000061035156,-0.0512540611859717,-9.141674384412909,1.0548556596783811,0.13044136335738243,REDUCE
2020-12-31,SMH,BUY,105.9627,0.8532,90.41,0.0,0.0,ADD
2020-12-31,QQQ,BUY,303.7449,0.0291,8.84,0.0,0.0,ADD
2020-12-31,SHV,BUY,92.6936,1.2997,120.48,0.0,0.0,ADD
2020-12-31,USD,BUY,6.3866,10.3281,65.96,0.0,0.0,ADD
2020-12-31,XLY,BUY,76.9106,80.4424,6186.87,0.0,0.0,OPEN
2021-01-06,QLD,SELL,27.32036781311035,-435.32490982255115,-11893.236654561193,305.2857416040357,0.026345101381356262,CLOSE
2021-01-06,SMH,SELL,107.70433807373047,-1.4814008961903016,-159.55330294600753,33.54030696616797,0.2661654594065359,REDUCE
2021-01-06,USD,SELL,6.478609085083008,-10.209948166145978,-66.14626294741993,4.957533555049358,0.08102037097811499,REDUCE
2021-01-06,XLY,SELL,77.61376190185547,-1.4743829897139833,-114.43241031580692,1.0367880261378315,0.009143104514999223,REDUCE
2021-01-06,GLD,SELL,179.89999389648438,-0.5257989295959465,-94.59122422508881,11.631151775929185,0.1402018035007997,REDUCE
2021-01-06,QQQ,BUY,297.7424,0.4001,119.14,0.0,0.0,ADD
2021-01-06,SHV,BUY,92.6936,75.5086,6999.17,0.0,0.0,ADD
2021-01-06,TQQQ,BUY,20.3499,256.0036,5209.65,0.0,0.0,OPEN
2021-01-07,SMH,SELL,112.14816284179688,-0.8949315808046236,-100.36493265634363,24.23901023778609,0.31840678533278766,REDUCE
2021-01-07,SHV,SELL,92.6936264038086,-74.64070445904956,-6918.71757364423,0.5244458656356806,7.5806768609743e-05,REDUCE
2021-01-07,USD,SELL,6.973211765289307,-20.353468591745262,-141.92904664840444,19.94969263112291,0.16354974816718992,REDUCE
2021-01-07,TQQQ,SELL,21.81982421875,-256.0036165700536,-5585.953912922845,376.3002378786945,0.07223133462427422,CLOSE
2021-01-07,QLD,BUY,28.6538,438.4424,12563.04,0.0,0.0,OPEN
2021-01-07,QQQ,BUY,304.9454,0.0257,7.85,0.0,0.0,ADD
2021-01-07,XLY,BUY,79.111,0.4333,34.28,0.0,0.0,ADD
2021-01-07,GLD,BUY,179.48,0.7901,141.8,0.0,0.0,ADD
2021-01-15,SMH,SELL,113.88978576660156,-1.3681578663596792,-155.81920629459455,39.43904738100037,0.3388811954646125,REDUCE
2021-01-15,SHV,SELL,92.67686462402344,-57.601490853950494,-5338.325570013494,-0.560779782837379,-0.00010503684590679185,CLOSE
2021-01-15,USD,SELL,7.104735374450684,-11.194792644412063,-79.5360393103947,12.445087762381084,0.18549577066998024,REDUCE
2021-01-15,XLY,SELL,79.31192779541016,-0.9358323939626166,-74.22267125856888,2.236039282672048,0.03106186831217128,REDUCE
2021-01-15,QLD,BUY,28.0414,5.4191,151.96,0.0,0.0,ADD
2021-01-15,QQQ,BUY,301.9248,0.0242,7.31,0.0,0.0,ADD
2021-01-15,GLD,BUY,171.13,1.1621,198.87,0.0,0.0,ADD
2021-01-15,TQQQ,BUY,21.1278,250.3703,5289.76,0.0,0.0,OPEN
2021-01-19,QLD,SELL,28.8710880279541,-2.149350489604906,-62.054087188309495,0.4831166875226399,0.007846501096104408,REDUCE
2021-01-19,SMH,SELL,117.79996490478516,-0.5140612673314177,-60.556399250550385,16.828600394606056,0.3848490167558112,REDUCE
2021-01-19,USD,SELL,7.524622440338135,-12.838956513100788,-96.60830028900364,19.663792542586396,0.25555810438597537,REDUCE
2021-01-19,TQQQ,SELL,22.043764114379883,-250.37025323494223,-5519.102803568623,229.34067628161284,0.04335557455382899,CLOSE
2021-01-19,QQQ,BUY,306.3298,0.3763,115.28,0.0,0.0,ADD
2021-01-19,SHV,BUY,92.6769,58.4817,5419.9,0.0,0.0,OPEN
2021-01-19,XLY,BUY,79.7616,1.4772,117.82,0.0,0.0,ADD
2021-01-19,GLD,BUY,172.58,0.4944,85.32,0.0,0.0,ADD
2021-01-27,QLD,SELL,29.419273376464844,-12.307178579943686,-362.0682511363357,9.512940609516509,0.02698283170178728,REDUCE
2021-01-27,QQQ,SELL,309.25360107421875,-0.7227858816309295,-223.52413669996895,36.7770933410835,0.19693534462233098,REDUCE
2021-01-27,SHV,SELL,92.68522644042969,-58.48172211272447,-5420.391656644151,0.48901342342793286,9.022549953718872e-05,CLOSE
2021-01-27,XLY,SELL,79.10145568847656,-0.09091118933097887,-7.191207414451128,0.19331597295284644,0.0276248888067141,REDUCE
2021-01-27,GLD,SELL,172.52000427246094,-0.2845189182573011,-49.08520499334554,3.831889670347482,0.08467644067616154,REDUCE
2021-01-27,SMH,BUY,109.6837,3.4587,379.36,0.0,0.0,ADD
2021-01-27,USD,BUY,6.6305,47.352,313.97,0.0,0.0,ADD
2021-01-27,TQQQ,BUY,22.6513,237.0258,5368.93,0.0,0.0,OPEN
2021-02-01,SMH,SELL,114.24393463134766,-1.2291916950040385,-140.42769565343679,34.05088760069363,0.3200969104450915,REDUCE
2021-02-01,USD,SELL,7.103499889373779,-20.80369357383909,-147.779035000332,21.63659869302312,0.17152513718945395,REDUCE
2021-02-01,XLY,SELL,79.5128402709961,-79.85177960670313,-6349.241797222569,202.64874074233282,0.03296927889649104,CLOSE
2021-02-01,TQQQ,SELL,23.13726043701172,-0.48996410555203157,-11.336427114944854,0.23812071613858937,0.021455590392080115,REDUCE
2021-02-01,QLD,BUY,29.8884,1.4356,42.91,0.0,0.0,ADD
2021-02-01,QQQ,BUY,312.1484,0.3737,116.66,0.0,0.0,ADD
2021-02-01,XLK,BUY,63.3953,101.5624,6438.58,0.0,0.0,OPEN
2021-02-01,GLD,BUY,174.23,0.2907,50.64,0.0,0.0,ADD
2021-02-02,QLD,SELL,30.868751525878906,-4.79421337370756,-147.9913813950243,10.634993825558926,0.07742627782912881,REDUCE
2021-02-02,USD,SELL,7.366547584533691,-6.184542760894452,-45.55872853671235,8.058979343762113,0.21490755317577315,REDUCE
2021-02-02,TQQQ,SELL,24.256956100463867,-236.53580011141048,-5737.638519490581,379.8036206146056,0.07088751851877428,CLOSE
2021-02-02,SMH,BUY,115.8061,0.4244,49.14,0.0,0.0,ADD
2021-02-02,QQQ,BUY,317.2407,0.1875,59.47,0.0,0.0,ADD
2021-02-02,SHV,BUY,92.6769,60.3106,5589.4,0.0,0.0,OPEN
2021-02-02,XLK,BUY,64.2539,0.7778,49.98,0.0,0.0,ADD
2021-02-02,GLD,BUY,172.11,1.0644,183.2,0.0,0.0,ADD
2021-02-19,SMH,SELL,123.15583801269531,-2.3171480699434865,-285.37031235338964,84.33271833071265,0.4194873040571703,REDUCE
2021-02-19,SHV,SELL,92.68522644042969,-60.31059002782829,-5589.900693485186,0.5043060811653123,9.022549953718872e-05,CLOSE
2021-02-19,USD,SELL,8.183473587036133,-32.842774325122015,-268.76797621462447,69.62701339676546,0.3496368221361301,REDUCE
2021-02-19,QLD,BUY,31.4515,0.4977,15.65,0.0,0.0,ADD
2021-02-19,QQQ,BUY,320.4744,0.3749,120.14,0.0,0.0,ADD
2021-02-19,XLK,BUY,65.2613,0.4425,28.88,0.0,0.0,ADD
2021-02-19,GLD,BUY,167.01,1.6634,277.8,0.0,0.0,ADD
2021-02-19,TQQQ,BUY,24.9717,228.3216,5701.57,0.0,0.0,OPEN
2021-02-22,QLD,SELL,29.821767807006836,-426.54406593071445,-12720.298093642381,498.22319392161575,0.04076420722417584,CLOSE
2021-02-22,SMH,SELL,118.65380859375,-0.03553658822009761,-4.216551536742372,1.133369115984398,0.367597164654879,REDUCE
2021-02-22,QQQ,SELL,312.1678161621094,-0.4477875180666208,-139.78485161950812,23.46018554077876,0.2016785118033413,REDUCE
2021-02-22,XLK,SELL,63.82224655151367,-1.5905849569862849,-101.51470528590744,0.6559664828726501,0.006503814053769652,REDUCE
2021-02-22,GLD,SELL,169.50999450683594,-1.7542080532829465,-297.3557974758396,16.724366617747695,0.0595954863879975,REDUCE
2021-02-22,SHV,BUY,92.6852,139.36,12916.61,0.0,0.0,OPEN
2021-02-22,USD,BUY,7.5623,15.4563,116.88,0.0,0.0,ADD
2021-02-22,TQQQ,BUY,23.0372,9.9695,229.67,0.0,0.0,ADD
2021-03-01,SMH,SELL,120.40997314453125,-0.7242564822244424,-87.20770357439778,24.370639974366068,0.3878386190909431,REDUCE
2021-03-01,QQQ,SELL,313.2810974121094,-0.08652450721386197,-27.10649257300065,4.629460491499746,0.20596404697530746,REDUCE
2021-03-01,USD,SELL,7.7716145515441895,-9.86596453867747,-76.67447357380479,16.25783089028981,0.2690952387979322,REDUCE
2021-03-01,XLK,SELL,64.70964813232422,-101.19210266686092,-6548.105357342597,131.5302432760495,0.020498512202826946,CLOSE
2021-03-01,TQQQ,SELL,23.108671188354492,-238.29115541728223,-5506.5919576310525,-424.64778186775334,-0.0715951134195153,CLOSE
2021-03-01,XLC,BUY,69.4722,93.0831,6466.69,0.0,0.0,OPEN
2021-03-01,SHV,BUY,92.6852,59.4857,5513.44,0.0,0.0,ADD
2021-03-01,GLD,BUY,161.53,1.644,265.55,0.0,0.0,ADD
2021-03-03,XLC,SELL,67.97672271728516,-0.6138681962279302,-41.72874815994601,-0.9180203294023248,-0.021526140477246547,REDUCE
2021-03-03,SHV,SELL,92.68522644042969,-63.20907470837219,-5858.5474024355135,0.0,0.0,REDUCE
2021-03-03,GLD,SELL,160.6199951171875,-0.7646957771368751,-122.82543198985877,0.43494883164362014,0.003553779839902793,REDUCE
2021-03-03,SMH,BUY,113.0311,1.9053,215.35,0.0,0.0,ADD
2021-03-03,QQQ,BUY,299.3108,0.6641,198.77,0.0,0.0,ADD
2021-03-03,USD,BUY,6.8435,38.8818,266.09,0.0,0.0,ADD
2021-03-03,TQQQ,BUY,20.0926,265.913,5342.89,0.0,0.0,OPEN
2021-03-05,XLC,SELL,69.44379425048828,-2.3065434580049384,-160.1751293275047,-0.06549800682597641,-0.000408747818300248,REDUCE
2021-03-05,QQQ,SELL,298.84613037109375,-0.09135851094957424,-27.30213747374546,3.507609434172578,0.14741243988277652,REDUCE
2021-03-05,TQQQ,SELL,19.954458236694336,-265.9130149269553,-5306.150150953407,-36.74228008337674,-0.006876851921992944,CLOSE
2021-03-05,SMH,BUY,110.9935,0.8,88.79,0.0,0.0,ADD
2021-03-05,SHV,BUY,92.6769,56.9091,5274.16,0.0,0.0,ADD
2021-03-05,USD,BUY,6.5694,15.57,102.29,0.0,0.0,ADD
2021-03-05,GLD,BUY,159.14,0.1784,28.39,0.0,0.0,ADD
2021-03-08,XLC,SELL,68.5162124633789,-0.7755281574129267,-53.136252004636845,-0.7413881620800364,-0.013760590845959708,REDUCE
2021-03-08,SHV,SELL,92.67686462402344,-60.37745003039352,-5595.59276281052,-0.3556464888151876,-6.355428299231747e-05,REDUCE
2021-03-08,GLD,SELL,157.49000549316406,-0.3877962158362389,-61.0740281622775,-0.9913396544472111,-0.015972509135442126,REDUCE
2021-03-08,SMH,BUY,104.8954,1.9756,207.23,0.0,0.0,ADD
2021-03-08,QQQ,BUY,290.3845,0.2581,74.95,0.0,0.0,ADD
2021-03-08,USD,BUY,5.9087,37.5422,221.82,0.0,0.0,ADD
2021-03-08,TQQQ,BUY,18.2487,285.2695,5205.8,0.0,0.0,OPEN
2021-03-09,SMH,SELL,111.1099853515625,-1.0856234565157503,-120.62360635077766,24.476792488472416,0.2545772605998817,REDUCE
2021-03-09,USD,SELL,6.626187801361084,-34.057762230855545,-225.67312863575125,15.151494144438411,0.07197119754959735,REDUCE
2021-03-09,TQQQ,SELL,20.397571563720703,-285.2695377153261,-5818.805810497886,613.0061968393885,0.11775447430420471,CLOSE
2021-03-09,XLC,BUY,69.2829,2.507,173.69,0.0,0.0,ADD
2021-03-09,QQQ,BUY,301.8376,0.0041,1.23,0.0,0.0,ADD
2021-03-09,SHV,BUY,92.6852,63.6026,5895.03,0.0,0.0,ADD
2021-03-09,GLD,BUY,160.84,0.5916,95.16,0.0,0.0,ADD
2021-03-18,XLC,SELL,70.75939178466797,-1.307445654455292,-92.51405930076362,1.6896973377276698,0.0186040099947562,REDUCE
2021-03-18,SMH,SELL,112.08995056152344,-0.11584465553404011,-12.985021711627269,2.725392126686892,0.2656423513269295,REDUCE
2021-03-18,SHV,SELL,92.68522644042969,-57.45632385719103,-5325.352387138413,0.09586613847829592,1.8002163482799816e-05,REDUCE
2021-03-18,USD,SELL,6.8237810134887695,-9.673414688679745,-66.00926348821622,6.2148748384491554,0.10393742588207511,REDUCE
2021-03-18,GLD,SELL,162.55999755859375,-0.13028575724508337,-21.179252379680293,0.3256747068772049,0.015617210245028934,REDUCE
2021-03-18,QQQ,BUY,302.099,0.2306,69.66,0.0,0.0,ADD
2021-03-18,TQQQ,BUY,20.3428,267.8287,5448.38,0.0,0.0,OPEN
2021-03-19,XLC,SELL,71.37461853027344,-0.19572367197137738,-13.969702424301431,0.373360911147732,0.02746039519429,REDUCE
2021-03-19,SMH,SELL,113.3658447265625,-0.2752178397264064,-31.200302884403754,6.825996812677259,0.280048867548899,REDUCE
2021-03-19,USD,SELL,6.992353439331055,-7.502971038763399,-52.46342534809855,6.085224810001257,0.13120873038190783,REDUCE
2021-03-19,TQQQ,SELL,20.602453231811523,-267.828722003529,-5517.928719213556,69.54817491235437,0.012764926081585637,CLOSE
2021-03-19,QQQ,BUY,303.164,0.1169,35.45,0.0,0.0,ADD
2021-03-19,SHV,BUY,92.6852,60.0678,5567.4,0.0,0.0,ADD
2021-03-19,GLD,BUY,163.24,0.0778,12.71,0.0,0.0,ADD
2021-03-24,QQQ,SELL,302.31585693359375,-0.24273731600736292,-73.38333969852647,10.02318417290122,0.15819380634012914,REDUCE
2021-03-24,SHV,SELL,92.68522644042969,-60.41212243045895,-5599.311247214049,0.07027749627580672,1.2551254117365573e-05,REDUCE
2021-03-24,GLD,SELL,162.3699951171875,-0.12214115281510325,-19.832058386195968,0.2812086977286513,0.014383451471908781,REDUCE
2021-03-24,XLC,BUY,69.6423,1.4197,98.87,0.0,0.0,ADD
2021-03-24,SMH,BUY,111.2216,0.5783,64.31,0.0,0.0,ADD
2021-03-24,USD,BUY,6.7021,14.1038,94.53,0.0,0.0,ADD
2021-03-24,TQQQ,BUY,20.3356,267.256,5434.82,0.0,0.0,OPEN
2021-03-25,SMH,SELL,111.62908172607422,-0.29478805299293953,-32.906919659419145,6.732218803656141,0.2572032758179117,REDUCE
2021-03-25,USD,SELL,6.7058424949646,-0.8732999977807756,-5.8562122359708155,0.4431304011710949,0.08186286752996974,REDUCE
2021-03-25,TQQQ,SELL,20.22604751586914,-267.25600332600163,-5405.53262217299,-29.286178404017345,-0.005388620941862543,CLOSE
2021-03-25,XLC,BUY,69.301,0.3154,21.86,0.0,0.0,ADD
2021-03-25,QQQ,BUY,301.7924,0.0098,2.95,0.0,0.0,ADD
2021-03-25,SHV,BUY,92.6852,58.3459,5407.8,0.0,0.0,ADD
2021-03-25,GLD,BUY,161.78,0.0723,11.69,0.0,0.0,ADD
2021-03-29,SMH,SELL,115.35005187988281,-1.3002384461781116,-149.98257222286338,34.532329160640955,0.29911006027098264,REDUCE
2021-03-29,QQQ,SELL,306.23211669921875,-0.1878293468263047,-57.51937845685097,8.489585582112188,0.17315156936928866,REDUCE
2021-03-29,SHV,SELL,92.68522644042969,-57.19464049764735,-5301.098205703414,0.04676026791902192,8.820942109410979e-06,REDUCE
2021-03-29,USD,SELL,7.1041178703308105,-20.038984804310914,-142.35931005159273,18.149227711396815,0.1461171860565098,REDUCE
2021-03-29,XLC,BUY,69.2441,0.9831,68.07,0.0,0.0,ADD
2021-03-29,GLD,BUY,160.31,0.6407,102.72,0.0,0.0,ADD
2021-03-29,TQQQ,BUY,21.1075,259.6313,5480.17,0.0,0.0,OPEN
2021-03-31,SMH,SELL,118.15411376953125,-0.7161897365782266,-84.6207636162344,21.029135934661518,0.3306903235747052,REDUCE
2021-03-31,USD,SELL,7.4017438888549805,-12.037724403271858,-89.10015303763794,14.485258424946545,0.1941336042908881,REDUCE
2021-03-31,TQQQ,SELL,21.741212844848633,-259.6312636227349,-5644.698563598885,164.53016125170814,0.030022829441014753,CLOSE
2021-03-31,XLC,BUY,69.5191,0.6689,46.5,0.0,0.0,ADD
2021-03-31,QQQ,BUY,309.3534,0.0382,11.83,0.0,0.0,ADD
2021-03-31,SHV,BUY,92.6769,61.362,5686.84,0.0,0.0,ADD
2021-03-31,GLD,BUY,159.96,0.458,73.25,0.0,0.0,ADD
2021-04-13,XLC,SELL,72.73332977294922,-1.0960970874658977,-79.7227909258263,3.5800432705979373,0.04701752144285942,REDUCE
2021-04-13,SMH,SELL,122.54940795898438,-0.16985609431701895,-20.815763796776082,5.733970582507926,0.38019156615164906,REDUCE
2021-04-13,QQQ,SELL,330.16558837890625,-1.2153248842469242,-401.25845547891186,83.96010335053046,0.26460932679713234,REDUCE
2021-04-13,SHV,SELL,92.68522644042969,-138.66240499163305,-12851.956405424076,0.43354636213772696,3.37350185570795e-05,REDUCE
2021-04-13,USD,SELL,8.149513244628906,-24.126050707180244,-196.61556977875398,47.07212862409375,0.31477227125869733,REDUCE
2021-04-13,QLD,BUY,32.943,409.2567,13482.13,0.0,0.0,OPEN
2021-04-13,GLD,BUY,163.43,0.4175,68.24,0.0,0.0,ADD
2021-04-14,XLC,SELL,71.98429107666016,-0.2925072479952175,-21.055926881720552,0.7362801769590153,0.036234890677822706,REDUCE
2021-04-14,QLD,SELL,32.150325775146484,-409.2567176551941,-13157.736798281634,-324.39508663719107,-0.02406111210053219,CLOSE
2021-04-14,SMH,SELL,121.37539672851562,-0.21338375927387254,-25.899538437288356,6.952854507035826,0.3669694671970576,REDUCE
2021-04-14,QQQ,SELL,326.2010192871094,-0.054063701787586904,-17.635634629545166,3.5206241418012025,0.24942412510838396,REDUCE
2021-04-14,GLD,SELL,162.72000122070312,-0.3196535261271397,-52.01402216161023,0.8329334256221705,0.01627424203339567,REDUCE
2021-04-14,SHV,BUY,92.6852,142.6794,13224.27,0.0,0.0,ADD
2021-04-14,USD,BUY,7.9056,6.3339,50.07,0.0,0.0,ADD
2021-04-20,XLC,SELL,72.06013488769531,-0.47141630403577445,-33.97032245707669,1.2223723993468214,0.03732668448534815,REDUCE
2021-04-20,QQQ,SELL,326.10406494140625,-0.14174902477974488,-46.22493318215493,9.216942511176464,0.24905276790410458,REDUCE
2021-04-20,SHV,SELL,92.67686462402344,-61.560302547210085,-5705.215825381714,-0.456569722709951,-8.002031856957359e-05,REDUCE
2021-04-20,GLD,SELL,166.47999572753906,-0.9222931308654166,-153.54335648601318,5.871071611420167,0.03975743733095238,REDUCE
2021-04-20,SMH,BUY,117.7466,1.4597,171.87,0.0,0.0,ADD
2021-04-20,USD,BUY,7.5117,18.2386,137.0,0.0,0.0,ADD
2021-04-20,TQQQ,BUY,25.3433,222.1526,5630.08,0.0,0.0,OPEN
2021-04-21,SMH,SELL,120.85145568847656,-0.7974651607236573,-96.3748255342989,24.967463404945313,0.3496483088076696,REDUCE
2021-04-21,USD,SELL,7.857444763183594,-12.979077058424625,-101.9823810636749,20.39545665516107,0.24998437927429396,REDUCE
2021-04-21,TQQQ,SELL,25.984153747558594,-222.1526008420665,-5772.447335700271,142.36650916466888,0.025286761158680005,CLOSE
2021-04-21,XLC,BUY,72.1834,0.9275,66.95,0.0,0.0,ADD
2021-04-21,QQQ,BUY,328.8957,0.1214,39.92,0.0,0.0,ADD
2021-04-21,SHV,BUY,92.6769,63.1569,5853.19,0.0,0.0,ADD
2021-04-21,GLD,BUY,168.13,0.0639,10.74,0.0,0.0,ADD
2021-04-22,XLC,SELL,71.65243530273438,-0.22901419277771914,-16.409424631413458,0.4942454622557898,0.03105497318016992,REDUCE
2021-04-22,SHV,SELL,92.67686462402344,-62.88554123456469,-5828.034791804195,-0.3234741466670119,-5.5500045108236584e-05,REDUCE
2021-04-22,GLD,SELL,167.0399932861328,-0.11325830654567487,-18.918666764988302,0.7826849049192934,0.04315646712475907,REDUCE
2021-04-22,SMH,BUY,118.1784,0.6984,82.53,0.0,0.0,ADD
2021-04-22,QQQ,BUY,324.931,0.0859,27.9,0.0,0.0,ADD
2021-04-22,USD,BUY,7.4882,14.9782,112.16,0.0,0.0,ADD
2021-04-22,TQQQ,BUY,25.0384,225.2851,5640.77,0.0,0.0,OPEN
2021-04-23,SMH,SELL,120.89511108398438,-0.5657315009627577,-68.39417265260181,17.535449323871482,0.3447874460105771,REDUCE
2021-04-23,USD,SELL,7.730861186981201,-7.619389306674411,-58.90444105946881,10.664675714858273,0.22107644261270765,REDUCE
2021-04-23,TQQQ,SELL,25.981765747070312,-225.2851096412994,-5853.304945003293,212.53427356743177,0.037678233338518385,CLOSE
2021-04-23,XLC,BUY,72.4868,0.095,6.89,0.0,0.0,ADD
2021-04-23,QQQ,BUY,329.0219,0.0034,1.13,0.0,0.0,ADD
2021-04-23,SHV,BUY,92.6852,63.4344,5879.43,0.0,0.0,ADD
2021-04-23,GLD,BUY,166.4,0.5598,93.15,0.0,0.0,ADD
2021-04-26,SMH,SELL,122.9617919921875,-0.6088607430635083,-74.86660804078383,20.130606908630813,0.36777635362926975,REDUCE
2021-04-26,QQQ,SELL,331.1640930175781,-0.020887798076485442,-6.917288705133615,1.4561688501005952,0.2666429026930395,REDUCE
2021-04-26,SHV,SELL,92.67686462402344,-144.64216921911324,-13404.982735644848,-0.886899159488319,-6.615752529670615e-05,REDUCE
2021-04-26,USD,SELL,7.978470325469971,-9.88313866964739,-78.85232859828648,16.28034663190954,0.26018588704218737,REDUCE
2021-04-26,XLC,BUY,72.6385,0.3573,25.95,0.0,0.0,ADD
2021-04-26,QLD,BUY,33.101,408.4698,13520.76,0.0,0.0,OPEN
2021-04-26,GLD,BUY,166.84,0.1133,18.91,0.0,0.0,ADD
2021-04-27,XLC,SELL,72.34458923339844,-0.13011679689303385,-9.413246223592068,0.36890367590327167,0.04078833524472625,REDUCE
2021-04-27,QLD,SELL,32.79727554321289,-408.46977128553664,-13396.695639924894,-124.06296993161936,-0.009175740319864789,CLOSE
2021-04-27,QQQ,SELL,329.72943115234375,-0.0419778064319082,-13.841318235816289,2.8662105994541065,0.26115557991959193,REDUCE
2021-04-27,GLD,SELL,166.4199981689453,-0.10087725067778945,-16.787991873085957,0.6220719597814877,0.03848045537263389,REDUCE
2021-04-27,SMH,BUY,122.2438,0.0221,2.71,0.0,0.0,ADD
2021-04-27,SHV,BUY,92.6769,144.7607,13415.97,0.0,0.0,ADD
2021-04-27,USD,BUY,7.8877,2.2902,18.06,0.0,0.0,ADD
2021-04-30,XLC,SELL,74.0038833618164,-2.75246675308333,-203.69322855245628,12.370872327568492,0.06465983678889708,REDUCE
2021-04-30,QQQ,SELL,327.6355895996094,-20.408897040138196,-6686.681014823401,1350.7699514789635,0.2531470137795604,REDUCE
2021-04-30,SHV,SELL,92.67686462402344,-1.5216288704240166,-141.0197928322923,-0.0027978900856578484,-1.9840013371852372e-05,REDUCE
2021-04-30,USD,SELL,7.352344512939453,-383.58766695101275,-2820.268678338525,388.13939188187004,0.15958830562307247,CLOSE
2021-04-30,GLD,SELL,165.66000366210938,-0.09633817452069919,-15.95938234389996,0.5208647055671548,0.03373799983710102,REDUCE
2021-04-30,SSO,BUY,27.485,109.2726,3003.36,0.0,0.0,OPEN
2021-04-30,SMH,BUY,117.8873,1.6128,190.13,0.0,0.0,ADD
2021-04-30,XLK,BUY,67.1536,99.386,6674.13,0.0,0.0,OPEN
2021-05-03,SSO,SELL,27.59674072265625,-0.5963598848219068,-16.457589118823307,0.06663390810537743,0.004065285228880722,REDUCE
2021-05-03,SHV,SELL,92.67686462402344,-61.416521145125216,-5691.890615845243,-0.11292942645052305,-1.9840013371852372e-05,REDUCE
2021-05-03,GLD,SELL,167.80999755859375,-0.4865650412225361,-81.65047837965085,3.676788214946102,0.04715421582817969,REDUCE
2021-05-03,XLC,BUY,73.6151,0.348,25.62,0.0,0.0,ADD
2021-05-03,SMH,BUY,116.5192,0.5837,68.01,0.0,0.0,ADD
2021-05-03,QQQ,BUY,325.8908,0.0681,22.19,0.0,0.0,ADD
2021-05-03,XLK,BUY,66.9661,0.1373,9.19,0.0,0.0,ADD
2021-05-03,TQQQ,BUY,25.229,224.5431,5664.99,0.0,0.0,OPEN
2021-05-17,SSO,SELL,27.20811653137207,-0.9175752117637211,-24.965493287965728,-0.25406721781108743,-0.01007421274264042,REDUCE
2021-05-17,XLC,SELL,72.51526641845703,-0.6861860589802612,-49.75896487958471,2.0517420708339134,0.04300694842495778,REDUCE
2021-05-17,GLD,SELL,174.6999969482422,-2.0579719787826654,-359.52769841289955,29.7307425155848,0.0901486262500304,REDUCE
2021-05-17,TQQQ,SELL,22.477354049682617,-224.54305724647122,-5047.133797127086,-617.8523076543365,-0.10906510558478688,CLOSE
2021-05-17,SMH,BUY,111.9396,1.006,112.62,0.0,0.0,ADD
2021-05-17,QQQ,BUY,314.4717,0.2276,71.57,0.0,0.0,ADD
2021-05-17,SHV,BUY,92.6769,56.5339,5239.39,0.0,0.0,ADD
2021-05-17,XLK,BUY,64.8847,0.8911,57.82,0.0,0.0,ADD
2021-06-01,SSO,SELL,27.727893829345703,-107.75867467250029,-2987.9210905100917,26.173234765663537,0.008837090812743975,CLOSE
2021-06-01,XLC,SELL,74.75291442871094,-0.7779407910594528,-58.153341384670966,4.066852501111813,0.07519165294436458,REDUCE
2021-06-01,SMH,SELL,120.71076202392578,-3.045512386327507,-367.626120906898,89.46475922970454,0.3216289950921669,REDUCE
2021-06-01,QQQ,SELL,322.6240234375,-0.06852023355176672,-22.106273435348157,4.127623971862688,0.22958476276240147,REDUCE
2021-06-01,SHV,BUY,92.6685,4.4129,408.94,0.0,0.0,ADD
2021-06-01,XLK,BUY,66.2018,0.1607,10.64,0.0,0.0,ADD
2021-06-01,GLD,BUY,177.9,16.9547,3016.23,0.0,0.0,ADD
2021-06-03,SHV,SELL,92.66845703125,-61.970650630666114,-5742.724575166489,-0.5898296618834311,-0.0001026984804083364,REDUCE
2021-06-03,XLK,SELL,66.03840637207031,-0.38113996812474193,-25.169876099659632,-0.41670708122150746,-0.016286155844867922,REDUCE
2021-06-03,XLC,BUY,74.0228,0.3164,23.42,0.0,0.0,ADD
2021-06-03,SMH,BUY,119.3427,0.2837,33.86,0.0,0.0,ADD
2021-06-03,QQQ,BUY,319.8903,0.0394,12.59,0.0,0.0,ADD
2021-06-03,GLD,BUY,175.27,0.4215,73.88,0.0,0.0,ADD
2021-06-03,TQQQ,BUY,23.5637,238.6785,5624.15,0.0,0.0,OPEN
2021-06-04,SMH,SELL,122.00121307373047,-0.34017269990857785,-41.50148204341258,10.383115587869433,0.33366518781450627,REDUCE
2021-06-04,QQQ,SELL,325.3188171386719,-0.016696344432713856,-5.431635021390321,1.048623073925549,0.23924714020733973,REDUCE
2021-06-04,XLK,SELL,67.30742645263672,-0.31578410090230513,-21.254615146393917,0.055484011733765846,0.002617277631867143,REDUCE
2021-06-04,TQQQ,SELL,24.771543502807617,-238.67854721096657,-5912.43601542338,288.2863987917371,0.051258664588015534,CLOSE
2021-06-04,XLC,BUY,75.0848,0.1461,10.97,0.0,0.0,ADD
2021-06-04,SHV,BUY,92.6769,63.9291,5924.75,0.0,0.0,ADD
2021-06-04,GLD,BUY,177.16,0.2535,44.91,0.0,0.0,ADD
2021-06-10,XLC,SELL,75.58728790283203,-0.29341739002170786,-22.178624735268386,1.7713957168490093,0.08680236377266914,REDUCE
2021-06-10,QQQ,SELL,329.9233703613281,-0.18636540019859107,-61.4863009522569,12.56291062832434,0.25678740874543937,REDUCE
2021-06-10,SHV,SELL,92.66845703125,-144.8599743899013,-13423.950312298544,-1.3290240773196051,-9.89941470878053e-05,REDUCE
2021-06-10,XLK,SELL,67.84098052978516,-0.4492353968123312,-30.47656980843567,0.31862309691970964,0.010565145564039424,REDUCE
2021-06-10,QLD,BUY,32.6738,412.8905,13490.71,0.0,0.0,OPEN
2021-06-10,SMH,BUY,121.5743,0.3811,46.34,0.0,0.0,ADD
2021-06-10,GLD,BUY,177.74,0.0059,1.05,0.0,0.0,ADD
2021-06-30,SMH,SELL,127.22123718261719,-0.935205617138745,-118.97801563252415,33.23379265449034,0.38759220738409694,REDUCE
2021-06-30,QQQ,SELL,343.9704895019531,-0.2294784905664992,-78.93382873032806,18.692680142830806,0.31029753882731215,REDUCE
2021-06-30,XLK,SELL,71.11006927490234,-1.8381202912464842,-130.70886124614117,7.312677004841762,0.05926177579804204,REDUCE
2021-06-30,GLD,SELL,165.6300048828125,-13.721961865363447,-2272.7686107619147,-12.41851681760807,-0.005434354442019673,REDUCE
2021-06-30,XLC,BUY,76.9105,0.9914,76.25,0.0,0.0,ADD
2021-06-30,QLD,BUY,35.4641,66.5302,2359.43,0.0,0.0,ADD
2021-06-30,SHV,BUY,92.6601,1.7883,165.7,0.0,0.0,ADD
2021-07-16,QLD,SELL,36.05181884765625,-6.320312795900588,-227.8587719783318,18.902701322072787,0.09046256116276452,REDUCE
2021-07-16,QQQ,SELL,347.0469970703125,-0.09814424700571256,-34.060666203059554,8.296499146339846,0.3220169752849038,REDUCE
2021-07-16,SHV,SELL,92.65169525146484,-63.65993709368293,-5898.201091331333,-1.6196901534649875,-0.00027453209401684386,CLOSE
2021-07-16,XLK,SELL,72.38145446777344,-1.4102723626883835,-102.07756480708849,7.403549659418963,0.07820044019334271,REDUCE
2021-07-16,GLD,SELL,169.41000366210938,-0.6842710364617957,-115.92235879286818,1.9672713468809484,0.017263567524472334,REDUCE
2021-07-16,XLC,BUY,76.806,0.4091,31.42,0.0,0.0,ADD
2021-07-16,SMH,BUY,119.7551,3.5845,429.26,0.0,0.0,ADD
2021-07-16,TQQQ,BUY,29.9055,197.8712,5917.43,0.0,0.0,OPEN
2021-07-21,QLD,SELL,36.81731033325195,-1.6975042151049426,-62.49753947952195,6.376296407370527,0.11361644999867404,REDUCE
2021-07-21,SMH,SELL,124.67914581298828,-1.314911859770801,-163.9420874955913,41.10864360389798,0.3346697959567506,REDUCE
2021-07-21,TQQQ,SELL,30.839351654052734,-197.8711667879395,-6102.218494770987,184.78638637614702,0.031227462012449303,CLOSE
2021-07-21,XLC,BUY,77.129,1.2063,93.04,0.0,0.0,ADD
2021-07-21,QQQ,BUY,350.8901,0.1095,38.43,0.0,0.0,ADD
2021-07-21,SHV,BUY,92.6517,64.9896,6021.39,0.0,0.0,OPEN
2021-07-21,XLK,BUY,73.1424,0.6716,49.12,0.0,0.0,ADD
2021-07-21,GLD,BUY,168.76,0.7506,126.67,0.0,0.0,ADD
2021-07-30,XLC,SELL,78.26880645751953,-0.18078070117482636,-14.149489711507158,1.5379608715560813,0.12194880502386796,REDUCE
2021-07-30,QLD,SELL,37.434627532958984,-1.8480125449973313,-69.1796612982107,8.082457347074298,0.13228849807166942,REDUCE
2021-07-30,SMH,SELL,127.65788269042969,-0.616524901441206,-78.7042635439102,21.111143270274205,0.36655668541608977,REDUCE
2021-07-30,SHV,SELL,92.66006469726562,-64.98957883128912,-6021.938579155295,0.5439267576440747,9.03323547190027e-05,CLOSE
2021-07-30,QQQ,BUY,353.8113,0.0758,26.83,0.0,0.0,ADD
2021-07-30,XLK,BUY,73.8743,0.266,19.65,0.0,0.0,ADD
2021-07-30,GLD,BUY,169.82,0.2305,39.14,0.0,0.0,ADD
2021-07-30,TQQQ,BUY,31.6231,192.8446,6098.35,0.0,0.0,OPEN
2021-08-02,SMH,SELL,128.56021118164062,-56.201266578528596,-7225.246700011317,1975.164670848462,0.3762159638415039,CLOSE
2021-08-02,XLC,BUY,78.0883,0.2075,16.2,0.0,0.0,ADD
2021-08-02,QLD,BUY,37.4297,0.0394,1.48,0.0,0.0,ADD
2021-08-02,QQQ,BUY,353.8405,20.273,7173.4,0.0,0.0,ADD
2021-08-02,XLK,BUY,73.6095,0.3448,25.38,0.0,0.0,ADD
2021-08-02,GLD,BUY,169.61,0.0427,7.25,0.0,0.0,ADD
2021-08-02,TQQQ,BUY,31.6136,0.0489,1.55,0.0,0.0,ADD
2021-08-03,QLD,SELL,37.88404083251953,-2.322755887342239,-87.99537888004852,11.201817151175781,0.1458692226143241,REDUCE
2021-08-03,TQQQ,SELL,32.16393280029297,-192.89352065783945,-6204.214236050671,104.31398891192786,0.01710093357032494,CLOSE
2021-08-03,XLC,BUY,77.7369,1.0736,83.46,0.0,0.0,ADD
2021-08-03,QQQ,BUY,355.9852,0.0399,14.22,0.0,0.0,ADD
2021-08-03,SHV,BUY,92.6601,66.2805,6141.56,0.0,0.0,OPEN
2021-08-03,XLK,BUY,74.0814,0.0698,5.17,0.0,0.0,ADD
2021-08-03,GLD,BUY,169.49,0.2821,47.81,0.0,0.0,ADD
2021-08-12,XLC,SELL,78.97169494628906,-1.4111039464731905,-111.43727039838541,12.840354492128801,0.1302307924553856,REDUCE
2021-08-12,QLD,SELL,38.03220748901367,-1.6055984102319434,-61.06445188197176,7.981120439419922,0.15035078286405779,REDUCE
2021-08-12,QQQ,SELL,356.6839294433594,-0.056262137115908856,-20.067800145383444,2.4935930253433707,0.14188936139826747,REDUCE
2021-08-12,SHV,SELL,92.643310546875,-66.28051095442943,-6140.445959556756,-1.1104736484979785,-0.00018081306596717805,CLOSE
2021-08-12,XLK,SELL,74.23551940917969,-0.15752052768968935,-11.69361819065216,1.105186996987244,0.10437684079663101,REDUCE
2021-08-12,GLD,BUY,164.04,1.2212,200.32,0.0,0.0,ADD
2021-08-12,TQQQ,BUY,32.3474,189.9502,6144.39,0.0,0.0,OPEN
2021-08-13,QLD,SELL,38.27912902832031,-0.16182326025431606,-6.194453459058423,0.8443499061075548,0.15781935765371324,REDUCE
2021-08-13,GLD,SELL,166.38999938964844,-0.3021842729957277,-50.28044099932049,-0.04660677582884542,-0.0009260780810563807,REDUCE
2021-08-13,TQQQ,SELL,32.67137145996094,-189.95019716388393,-6205.93345043407,61.54266393936216,0.010016072557532008,CLOSE
2021-08-13,XLC,BUY,79.0192,0.5069,40.06,0.0,0.0,ADD
2021-08-13,QQQ,BUY,357.9359,0.0984,35.21,0.0,0.0,ADD
2021-08-13,SHV,BUY,92.6433,66.7305,6182.13,0.0,0.0,OPEN
2021-08-13,XLK,BUY,74.6401,0.0671,5.01,0.0,0.0,ADD
2021-08-17,XLC,SELL,78.49676513671875,-0.12829755079833366,-10.070942712633041,1.100049428825362,0.12262429102918149,REDUCE
2021-08-17,QLD,SELL,37.637115478515625,-379.240208980862,-14273.507539509103,1735.2952559247105,0.1384005324424631,REDUCE
2021-08-17,XLK,SELL,74.35591125488281,-0.40977466318006256,-30.46916848991623,2.922276880976689,0.10608372525153986,REDUCE
2021-08-17,GLD,SELL,166.97000122070312,-0.42512279618772875,-70.9827537984138,0.18100405167107053,0.0025564912211706314,REDUCE
2021-08-17,QQQ,BUY,354.9371,0.0145,5.14,0.0,0.0,ADD
2021-08-17,SHV,BUY,92.6517,155.2038,14379.89,0.0,0.0,ADD
2021-08-18,SHV,SELL,92.643310546875,-67.10277659490542,-6216.623370639398,-0.39346504744119204,-6.32883998612499e-05,REDUCE
2021-08-18,GLD,SELL,167.10000610351562,-0.24675652432712478,-41.23301672114485,0.1371407990495235,0.0033370939534054234,REDUCE
2021-08-18,XLC,BUY,77.8984,0.1555,12.11,0.0,0.0,ADD
2021-08-18,QLD,BUY,36.9062,1.1854,43.75,0.0,0.0,ADD
2021-08-18,QQQ,BUY,351.521,0.1397,49.12,0.0,0.0,ADD
2021-08-18,XLK,BUY,73.3302,0.7724,56.64,0.0,0.0,ADD
2021-08-18,TQQQ,BUY,30.9418,197.0229,6096.24,0.0,0.0,OPEN
2021-08-19,QQQ,SELL,353.2192687988281,-0.026926997009873863,-9.511134194775877,1.0925972873698635,0.12978470004789977,REDUCE
2021-08-19,SHV,SELL,92.643310546875,-154.83147359861152,-14344.100291026445,-0.9078726126735653,-6.32883998612499e-05,CLOSE
2021-08-19,XLK,SELL,74.0477294921875,-0.5492632465879229,-40.6716963033432,3.721272222424294,0.10070986504173707,REDUCE
2021-08-19,TQQQ,SELL,31.382530212402344,-1.9676969130534359,-61.75130782275028,0.8672251237855169,0.01424387270599814,REDUCE
2021-08-19,XLC,BUY,77.9078,0.3676,28.64,0.0,0.0,ADD
2021-08-19,QLD,BUY,37.2717,385.9351,14384.44,0.0,0.0,ADD
2021-08-19,GLD,BUY,166.61,0.2578,42.96,0.0,0.0,ADD
2021-08-20,QLD,SELL,38.047019958496094,-2.7847085475667384,-105.94986168786636,4.298213155041967,0.04228375257145012,REDUCE
2021-08-20,TQQQ,SELL,32.35213851928711,-195.0551908450331,-6310.452553124494,275.0940121372187,0.04558039265919378,CLOSE
2021-08-20,XLC,BUY,78.5822,0.5629,44.23,0.0,0.0,ADD
2021-08-20,QQQ,BUY,356.878,0.1657,59.15,0.0,0.0,ADD
2021-08-20,SHV,BUY,92.6517,67.0458,6211.91,0.0,0.0,OPEN
2021-08-20,XLK,BUY,75.0013,0.1845,13.83,0.0,0.0,ADD
2021-08-20,GLD,BUY,166.7,0.5236,87.28,0.0,0.0,ADD
2021-09-09,QLD,SELL,40.43729782104492,-13.391825122750223,-541.5292208560022,52.680539804496746,0.10776451250964159,REDUCE
2021-09-09,SHV,SELL,92.65169525146484,-67.04582677350191,-6211.909510101002,0.0,0.0,CLOSE
2021-09-09,XLC,BUY,80.558,0.6747,54.35,0.0,0.0,ADD
2021-09-09,QQQ,BUY,368.2715,0.024,8.84,0.0,0.0,ADD
2021-09-09,XLK,BUY,76.1811,1.6163,123.13,0.0,0.0,ADD
2021-09-09,GLD,BUY,168.03,0.9095,152.82,0.0,0.0,ADD
2021-09-09,TQQQ,BUY,35.473,180.8218,6414.29,0.0,0.0,OPEN
2021-09-16,QLD,SELL,40.20518493652344,-0.7251209227963985,-29.153620802371734,2.6841587639462348,0.10140586763908033,REDUCE
2021-09-16,QQQ,SELL,367.1458435058594,-0.16199267521921173,-59.474937385128214,8.79202400461939,0.1734711645049305,REDUCE
2021-09-16,XLK,SELL,76.06072998046875,-0.5691863380479131,-43.292728366834126,4.911096610786588,0.1279543465478843,REDUCE
2021-09-16,TQQQ,SELL,35.12755584716797,-180.82180066986407,-6351.827901416124,-62.46306671012704,-0.009738109328142008,CLOSE
2021-09-16,XLC,BUY,79.8551,0.1331,10.63,0.0,0.0,ADD
2021-09-16,SHV,BUY,92.6517,68.7236,6367.36,0.0,0.0,OPEN
2021-09-16,GLD,BUY,164.03,0.6448,105.76,0.0,0.0,ADD
2021-09-17,XLC,SELL,78.97169494628906,-0.23186834749524834,-18.3110364060949,2.0548359831137484,0.1264032141366107,REDUCE
2021-09-17,QQQ,SELL,362.79803466796875,-0.06357680871554,-23.065541252459298,3.1741610725933365,0.15957470240331628,REDUCE
2021-09-17,SHV,SELL,92.643310546875,-68.7235992372138,-6366.78174603218,-0.5762270779548491,-9.04970445180231e-05,CLOSE
2021-09-17,GLD,SELL,163.77000427246094,-0.463507204462652,-75.90857685516494,-1.2838292555611595,-0.01663154862305516,REDUCE
2021-09-17,QLD,BUY,39.252,4.7694,187.21,0.0,0.0,ADD
2021-09-17,XLK,BUY,74.876,0.207,15.5,0.0,0.0,ADD
2021-09-17,TQQQ,BUY,33.8864,185.3653,6281.36,0.0,0.0,OPEN
2021-09-24,QQQ,SELL,362.71441650390625,-0.024750277356910908,-8.977282409821782,1.2336226318325414,0.15930744211400127,REDUCE
2021-09-24,XLK,SELL,75.60111236572266,-1.0332817143237174,-78.11724699003389,8.424392586042417,0.1208788570662982,REDUCE
2021-09-24,TQQQ,SELL,33.7791633605957,-185.36530386530572,-6261.484880652624,-19.871983087641475,-0.003163644976510449,CLOSE
2021-09-24,XLC,BUY,78.4503,0.5384,42.23,0.0,0.0,ADD
2021-09-24,QLD,BUY,39.178,0.4622,18.11,0.0,0.0,ADD
2021-09-24,SHV,BUY,92.6349,67.7475,6275.78,0.0,0.0,OPEN
2021-09-24,GLD,BUY,163.3,0.0763,12.45,0.0,0.0,ADD
2021-09-27,XLC,SELL,78.4407730102539,-0.7039767625433717,-55.220481435158035,5.831355022809027,0.11806961261317195,REDUCE
2021-09-27,QLD,SELL,38.57050704956055,-376.2287825312524,-14511.334908869254,765.9731342172697,0.055725934811684086,REDUCE
2021-09-27,GLD,SELL,163.63999938964844,-0.3713402156078323,-60.7661126554176,-1.074432268782624,-0.01737423675841776,REDUCE
2021-09-27,QQQ,BUY,359.8192,0.0145,5.21,0.0,0.0,ADD
2021-09-27,SHV,BUY,92.6349,157.6794,14606.62,0.0,0.0,ADD
2021-09-27,XLK,BUY,74.8678,0.207,15.5,0.0,0.0,ADD
2021-09-28,SHV,SELL,92.63491821289062,-70.00750553979088,-6485.139549967016,0.0,0.0,REDUCE
2021-09-28,GLD,SELL,162.0500030517578,-0.30073163669306163,-48.733562643870755,-1.3482962751912817,-0.02692184963362243,REDUCE
2021-09-28,XLC,BUY,76.5283,0.6549,50.12,0.0,0.0,ADD
2021-09-28,QLD,BUY,36.3679,3.5871,130.45,0.0,0.0,ADD
2021-09-28,QQQ,BUY,349.6372,0.417,145.81,0.0,0.0,ADD
2021-09-28,XLK,BUY,72.6487,1.2204,88.66,0.0,0.0,ADD
2021-09-28,TQQQ,BUY,30.2152,202.5087,6118.84,0.0,0.0,OPEN
2021-09-30,QLD,SELL,35.938228607177734,-89.07263248751391,-3201.1126289794015,-52.520947995259476,-0.016142244279423568,CLOSE
2021-09-30,SHV,SELL,92.643310546875,-0.6188010684821201,-57.32777955412712,0.005193185236590059,9.059579418080332e-05,REDUCE
2021-09-30,GLD,SELL,164.22000122070312,-0.6439337253792176,-105.74679716782703,-1.4896690127597605,-0.013891440718040382,REDUCE
2021-09-30,QQQ,BUY,347.7816,0.0542,18.86,0.0,0.0,ADD
2021-09-30,BIL,BUY,76.5915,42.1297,3226.78,0.0,0.0,OPEN
2021-09-30,XLK,BUY,72.036,0.4539,32.7,0.0,0.0,ADD
2021-09-30,TQQQ,BUY,29.6768,2.8717,85.22,0.0,0.0,ADD
2021-10-05,XLC,SELL,76.9659652709961,-0.8099687440081412,-62.340026221922926,5.478859391053774,0.09635502921265027,REDUCE
2021-10-05,XLK,SELL,72.44605255126953,-0.4689881948858369,-33.976343412624374,2.297047855232029,0.07250943604697713,REDUCE
2021-10-05,GLD,SELL,164.58999633789062,-0.04810127166948587,-7.916988127928562,-0.09347970335380913,-0.011669693371559875,REDUCE
2021-10-05,TQQQ,SELL,29.450456619262695,-205.38035075871383,-6048.545110468458,-155.51406521595064,-0.02506650256100995,CLOSE
2021-10-05,QQQ,BUY,347.218,0.0984,34.15,0.0,0.0,ADD
2021-10-05,SHV,BUY,92.6349,66.0207,6115.82,0.0,0.0,ADD
2021-10-05,BIL,BUY,76.5831,0.0448,3.43,0.0,0.0,ADD
2021-10-27,QQQ,SELL,369.1947937011719,-1.4580728082991437,-538.3128896612907,81.3117959072223,0.17792472932456405,REDUCE
2021-10-27,SHV,SELL,92.63491821289062,-153.46382587741437,-14216.108958791567,0.0,0.0,REDUCE
2021-10-27,XLK,SELL,76.8216552734375,-3.51717832701957,-270.19546097350303,32.61649211090626,0.13728695038562067,REDUCE
2021-10-27,XLC,BUY,75.9193,3.4367,260.91,0.0,0.0,ADD
2021-10-27,QLD,BUY,40.4324,363.1136,14681.54,0.0,0.0,OPEN
2021-10-27,BIL,BUY,76.5663,0.969,74.2,0.0,0.0,ADD
2021-10-27,GLD,BUY,168.12,0.0474,7.97,0.0,0.0,ADD
2021-11-01,XLC,SELL,76.52828979492188,-96.69173134619304,-7399.652837234192,592.0808278093789,0.08697386189814327,CLOSE
2021-11-01,QQQ,SELL,376.4135437011719,-0.10504637293391844,-39.54087748901111,6.616384931126894,0.20095632209045267,REDUCE
2021-11-01,BIL,SELL,76.58308410644531,-43.14358581320624,-3304.0688609864146,-0.337667694976568,-0.00010218709231013534,CLOSE
2021-11-01,QLD,BUY,42.0325,71.8876,3021.61,0.0,0.0,ADD
2021-11-01,SMH,BUY,134.2751,55.5794,7462.93,0.0,0.0,OPEN
2021-11-01,SHV,BUY,92.6181,1.1333,104.96,0.0,0.0,ADD
2021-11-01,XLK,BUY,77.8106,0.3554,27.66,0.0,0.0,ADD
2021-11-01,GLD,BUY,167.52,0.7528,126.1,0.0,0.0,ADD
2021-11-10,SMH,SELL,142.04689025878906,-2.1172470756940642,-300.7483630118568,16.45486331255433,0.05787984364735266,REDUCE
2021-11-10,SHV,SELL,92.61814880371094,-68.49078194367279,-6343.489433741604,-1.1295451794485347,-0.00017803199580646023,CLOSE
2021-11-10,XLK,SELL,79.37369537353516,-0.23572322847743282,-18.71022372963398,2.7785860344729105,0.1744068053541572,REDUCE
2021-11-10,GLD,SELL,173.14999389648438,-0.5871618228185319,-101.66706603727744,3.8723354120725286,0.03959656504309139,REDUCE
2021-11-10,QLD,BUY,42.4473,3.3217,141.0,0.0,0.0,ADD
2021-11-10,QQQ,BUY,378.4344,0.4455,168.6,0.0,0.0,ADD
2021-11-10,TQQQ,BUY,37.8958,170.3357,6455.01,0.0,0.0,OPEN
2021-11-16,QLD,SELL,44.17582321166992,-3.717012841701396,-164.20210217050771,12.882288864714651,0.08513286253322039,REDUCE
2021-11-16,SMH,SELL,147.771484375,-0.43193085794496194,-63.82706402589429,5.829517757922009,0.10051317914360136,REDUCE
2021-11-16,TQQQ,SELL,40.21862030029297,-170.33567680228842,-6850.665908904659,395.6524071195367,0.061293815576082045,CLOSE
2021-11-16,QQQ,BUY,386.1194,0.4217,162.81,0.0,0.0,ADD
2021-11-16,SHV,BUY,92.6181,71.9179,6660.9,0.0,0.0,OPEN
2021-11-16,XLK,BUY,81.4819,0.4973,40.52,0.0,0.0,ADD
2021-11-16,GLD,BUY,172.92,1.2402,214.46,0.0,0.0,ADD
2021-11-26,SMH,SELL,145.248779296875,-0.2614246971660577,-37.9716181414251,2.8687985799408757,0.0817255883082566,REDUCE
2021-11-26,QQQ,SELL,380.0763244628906,-0.2390194378396134,-90.84562940926662,15.550703573330278,0.20653056498407918,REDUCE
2021-11-26,SHV,SELL,92.60975646972656,-71.9178948566134,-6660.2987284863675,-0.6035589930898647,-9.061219742323434e-05,CLOSE
2021-11-26,XLK,SELL,80.07804107666016,-0.45878252501335265,-36.73840588327312,5.698074509443415,0.18357002832281277,REDUCE
2021-11-26,QLD,BUY,42.6942,5.2258,223.11,0.0,0.0,ADD
2021-11-26,GLD,BUY,166.85,0.5264,87.83,0.0,0.0,ADD
2021-11-26,TQQQ,BUY,38.3175,170.0244,6514.91,0.0,0.0,OPEN
2021-11-29,QLD,SELL,44.59067153930664,-4.71678144082596,-210.3244519505679,18.192802021402684,0.09468925098030434,REDUCE
2021-11-29,SMH,SELL,151.08009338378906,-0.3515065827801872,-53.10564735144726,5.907076276239543,0.12515370998895325,REDUCE
2021-11-29,TQQQ,SELL,40.69746398925781,-170.02444317163798,-6919.563653271348,404.64992466107645,0.06211132510996342,CLOSE
2021-11-29,QQQ,BUY,388.3249,0.4205,163.29,0.0,0.0,ADD
2021-11-29,SHV,BUY,92.6181,72.6783,6731.33,0.0,0.0,OPEN
2021-11-29,XLK,BUY,82.0801,0.7673,62.98,0.0,0.0,ADD
2021-11-29,GLD,BUY,166.62,1.3528,225.4,0.0,0.0,ADD
2021-11-30,QLD,SELL,43.26712417602539,-75.24332124445763,-3255.562123700518,190.6281982659016,0.06219651154106698,REDUCE
2021-11-30,SMH,SELL,147.9169921875,-52.417297559350224,-7753.40899357627,715.0726846018798,0.10159683385548224,CLOSE
2021-11-30,QQQ,SELL,382.6217956542969,-20.43235876970571,-7817.86580191762,1364.6528596462647,0.21146874771591584,REDUCE
2021-11-30,XLK,SELL,81.39507293701172,-96.48146920201928,-7853.116222768409,1314.3022479951644,0.20100009773419836,CLOSE
2021-11-30,SHV,BUY,92.5762,53.466,4949.68,0.0,0.0,ADD
2021-11-30,USD,BUY,13.3573,262.2817,3503.39,0.0,0.0,OPEN
2021-11-30,GLD,BUY,165.5,70.1473,11609.38,0.0,0.0,ADD
2021-11-30,TQQQ,BUY,38.9488,169.9026,6617.51,0.0,0.0,OPEN
2021-12-07,QLD,SELL,44.11656188964844,-2.290718686876605,-101.05863272136594,7.749335618105811,0.08304998385670026,REDUCE
2021-12-07,USD,SELL,13.885910987854004,-6.668002943270227,-92.59129533699888,3.5244756882486667,0.03957114110673343,REDUCE
2021-12-07,TQQQ,SELL,39.889862060546875,-169.90262209209413,-6777.392158978859,159.88387387622961,0.024160736486898093,CLOSE
2021-12-07,QQQ,BUY,386.5178,0.0507,19.59,0.0,0.0,ADD
2021-12-07,SHV,BUY,92.593,74.0427,6855.83,0.0,0.0,ADD
2021-12-07,GLD,BUY,166.81,0.5733,95.62,0.0,0.0,ADD
2021-12-13,QLD,SELL,42.82759094238281,-357.58084722322906,-15314.326253707137,748.7588171041853,0.05140608633087451,CLOSE
2021-12-13,QQQ,SELL,381.1062316894531,-0.017652781522308165,-6.727585044804073,1.1486091445895332,0.2058817182819097,REDUCE
2021-12-13,GLD,SELL,167.0,-1.791798865615964,-299.230410557866,1.8571175955762178,0.0062450718996198695,REDUCE
2021-12-13,SHV,BUY,92.6014,164.7788,15258.75,0.0,0.0,ADD
2021-12-13,USD,BUY,12.2632,29.4816,361.54,0.0,0.0,ADD
2021-12-14,SHV,SELL,92.60136413574219,-72.5769349478327,-6720.723180960329,0.14839731976455606,2.2081045824462464e-05,REDUCE
2021-12-14,QQQ,BUY,377.1617,0.106,39.98,0.0,0.0,ADD
2021-12-14,USD,BUY,12.1644,1.0805,13.14,0.0,0.0,ADD
2021-12-14,GLD,BUY,165.44,0.5567,92.1,0.0,0.0,ADD
2021-12-14,TQQQ,BUY,37.0453,177.4988,6575.5,0.0,0.0,OPEN
2021-12-15,QQQ,SELL,385.75994873046875,-0.12079062886438152,-46.596186797844894,8.376694334218271,0.21917335354964074,REDUCE
2021-12-15,SHV,SELL,92.59297943115234,-92.96821333174852,-8608.203864777573,-0.589419846020851,-6.846718541531072e-05,REDUCE
2021-12-15,USD,SELL,13.253610610961914,-19.392490193159308,-257.0205137970311,0.2616113135391626,0.0010188987061743315,REDUCE
2021-12-15,TQQQ,SELL,39.49676513671875,-177.49879645032826,-7010.628275448863,435.12406947667006,0.06617349116459681,CLOSE
2021-12-15,QLD,BUY,43.8449,358.4188,15714.85,0.0,0.0,OPEN
2021-12-15,GLD,BUY,166.15,1.2495,207.6,0.0,0.0,ADD
2021-12-16,QLD,SELL,41.60281753540039,-358.41883796804296,-14911.233517234728,-803.6176275879707,-0.05113746354846793,CLOSE
2021-12-16,GLD,SELL,168.16000366210938,-3.213965397562353,-540.4604330239781,7.061031474708166,0.013237794144873805,REDUCE
2021-12-16,QQQ,BUY,375.8403,0.1518,57.05,0.0,0.0,ADD
2021-12-16,SHV,BUY,92.6098,92.4357,8560.45,0.0,0.0,ADD
2021-12-16,USD,BUY,12.0137,22.48,270.07,0.0,0.0,ADD
2021-12-16,TQQQ,BUY,36.4831,179.9222,6564.12,0.0,0.0,OPEN
2021-12-21,QQQ,SELL,378.6259460449219,-0.06990274534352273,-26.466993086828552,4.312881882291608,0.19467636694937118,REDUCE
2021-12-21,USD,SELL,12.566969871520996,-11.800249918611405,-148.2933852036076,-6.818657683896802,-0.043959563403094704,REDUCE
2021-12-21,TQQQ,SELL,37.1811408996582,-179.92224246870146,-6689.714248211256,125.59086462361476,0.019132922598260604,CLOSE
2021-12-21,SHV,BUY,92.6014,72.1383,6680.11,0.0,0.0,ADD
2021-12-21,GLD,BUY,167.02,1.1038,184.37,0.0,0.0,ADD
2021-12-27,QQQ,SELL,392.5078430175781,-0.38310811195186134,-150.37293866476193,28.95539384828816,0.23847784018409435,REDUCE
2021-12-27,SHV,SELL,92.60136413574219,-164.6337928531984,-15245.313801047374,-0.16644445343615283,-1.0917626126261126e-05,REDUCE
2021-12-27,USD,SELL,13.86368179321289,-22.472863982260513,-311.55663523221483,16.155108496445553,0.0546886425231512,REDUCE
2021-12-27,GLD,SELL,169.3699951171875,-0.02552045533960036,-4.322399396256515,0.08667445776831353,0.020462721028162267,REDUCE
2021-12-27,QLD,BUY,45.2623,347.1224,15711.57,0.0,0.0,OPEN
2021-12-28,QLD,SELL,44.891929626464844,-347.1224318038729,-15582.995780306805,-128.5699940338022,-0.008183143289497985,CLOSE
2021-12-28,QQQ,SELL,390.6886901855469,-0.01212533153861185,-4.737229896885765,0.8943773454133053,0.23273787724970307,REDUCE
2021-12-28,GLD,SELL,168.63999938964844,-0.11319974678608884,-19.09000522891438,0.30182202011530807,0.016064460132257707,REDUCE
2021-12-28,SHV,BUY,92.593,167.7299,15530.61,0.0,0.0,ADD
2021-12-28,USD,BUY,13.4907,5.649,76.21,0.0,0.0,ADD
2021-12-31,SHV,SELL,92.60136413574219,-126.30614460674022,-11696.12128931046,0.4145437850293436,3.544409876621302e-05,REDUCE
2021-12-31,GLD,SELL,170.9600067138672,-69.98752056923745,-11965.066986403752,348.97776255382786,0.030042620698652378,REDUCE
2021-12-31,SMH,BUY,150.6065,51.9467,7823.5,0.0,0.0,OPEN
2021-12-31,QQQ,BUY,387.031,0.182,70.43,0.0,0.0,ADD
2021-12-31,USD,BUY,13.0461,9.2168,120.24,0.0,0.0,ADD
2021-12-31,XLK,BUY,84.0383,93.0946,7823.5,0.0,0.0,OPEN
2021-12-31,XLY,BUY,98.3903,79.515,7823.5,0.0,0.0,OPEN
2022-01-04,SMH,SELL,153.12802124023438,-0.6295531753687494,-96.40223200972287,1.587446919800363,0.01674260948115669,REDUCE
2022-01-04,SHV,SELL,92.58460998535156,-71.0353235818449,-6576.777729008358,-0.9569946151347247,-0.0001454899985092739,REDUCE
2022-01-04,USD,SELL,13.270898818969727,-3.397712618964905,-45.09070038221989,0.41526117918484884,0.009295066519606543,REDUCE
2022-01-04,XLY,SELL,100.59925842285156,-1.402253367863187,-141.0656489279827,3.0975878744334358,0.022451485153735407,REDUCE
2022-01-04,QQQ,BUY,385.6884,0.136,52.46,0.0,0.0,ADD
2022-01-04,XLK,BUY,83.9368,0.5246,44.03,0.0,0.0,ADD
2022-01-04,GLD,BUY,169.57,0.4922,83.46,0.0,0.0,ADD
2022-01-04,TQQQ,BUY,39.1847,170.4588,6679.38,0.0,0.0,OPEN
2022-01-12,QQQ,SELL,376.81646728515625,-0.022727968360983532,-8.564272746354618,1.332134303465758,0.1841964605607911,REDUCE
2022-01-12,GLD,SELL,170.74000549316406,-1.2199573469453115,-208.29552411886834,5.759840581123008,0.028438645874713675,REDUCE
2022-01-12,TQQQ,SELL,36.37352752685547,-170.45884080754593,-6200.189338309146,-479.18595191872555,-0.07174113312958907,CLOSE
2022-01-12,SMH,BUY,149.1774,0.0798,11.9,0.0,0.0,ADD
2022-01-12,SHV,BUY,92.5762,66.2905,6136.92,0.0,0.0,ADD
2022-01-12,USD,BUY,12.4089,11.5894,143.81,0.0,0.0,ADD
2022-01-12,XLK,BUY,81.5587,0.3898,31.8,0.0,0.0,ADD
2022-01-12,XLY,BUY,96.9705,0.9551,92.62,0.0,0.0,ADD
2022-01-13,SHV,SELL,92.57620239257812,-72.7538457045009,-6735.274744778277,-1.144774176415018,-0.000169938076628684,REDUCE
2022-01-13,GLD,SELL,170.16000366210938,-0.41465351579056237,-70.55744376542862,1.7172228656928559,0.024945051646390715,REDUCE
2022-01-13,SMH,BUY,146.5827,0.1658,24.31,0.0,0.0,ADD
2022-01-13,QQQ,BUY,367.39,0.1915,70.34,0.0,0.0,ADD
2022-01-13,USD,BUY,11.6852,13.0204,152.15,0.0,0.0,ADD
2022-01-13,XLK,BUY,79.4465,1.1267,89.51,0.0,0.0,ADD
2022-01-13,XLY,BUY,95.0214,0.4742,45.06,0.0,0.0,ADD
2022-01-13,TQQQ,BUY,33.7339,190.4455,6424.47,0.0,0.0,OPEN
2022-01-14,SMH,SELL,149.6895294189453,-0.698660301409835,-104.5821317417367,-0.630048890306074,-0.0059883645270079056,REDUCE
2022-01-14,USD,SELL,12.166842460632324,-9.46519226125211,-115.16150310225066,-8.394840310937854,-0.06794341819314298,REDUCE
2022-01-14,XLK,SELL,80.11835479736328,-0.10361360082307061,-8.301351232575144,-0.3994102872932169,-0.045905210294656995,REDUCE
2022-01-14,TQQQ,SELL,34.243717193603516,-190.44552363232978,-6521.562652053236,97.09275227114237,0.01511295932360679,CLOSE
2022-01-14,QQQ,BUY,369.6761,0.0197,7.3,0.0,0.0,ADD
2022-01-14,SHV,BUY,92.5595,71.1511,6585.71,0.0,0.0,ADD
2022-01-14,XLY,BUY,94.5786,0.9604,90.83,0.0,0.0,ADD
2022-01-14,GLD,BUY,169.67,0.3877,65.77,0.0,0.0,ADD
2022-01-18,SHV,SELL,92.51751708984375,-72.91046765908159,-6745.49543767758,-4.707426734202635,-0.0006973755942981663,REDUCE
2022-01-18,GLD,SELL,169.38999938964844,-0.648469534251275,-109.84425401102908,2.162147048701832,0.020078981640452742,REDUCE
2022-01-18,SMH,BUY,142.993,1.3904,198.82,0.0,0.0,ADD
2022-01-18,QQQ,BUY,360.4733,0.1126,40.58,0.0,0.0,ADD
2022-01-18,USD,BUY,11.1542,19.8457,221.36,0.0,0.0,ADD
2022-01-18,XLK,BUY,78.1947,0.5246,41.02,0.0,0.0,ADD
2022-01-18,XLY,BUY,92.7883,0.0252,2.33,0.0,0.0,ADD
2022-01-18,TQQQ,BUY,31.7756,199.8771,6351.22,0.0,0.0,OPEN
2022-01-21,QQQ,SELL,342.1261901855469,-8.85664471029367,-3030.0901125597497,204.23084087492714,0.0722721201729064,REDUCE
2022-01-21,XLK,SELL,74.59380340576172,-0.6139606729372811,-45.797661735952715,-5.739080532961693,-0.11135900874400739,REDUCE
2022-01-21,GLD,SELL,171.08999633789062,-19.97247445665942,-3417.090581648474,100.54598371677912,0.030316487762438893,REDUCE
2022-01-21,TQQQ,SELL,27.001407623291016,-199.8771275798212,-5396.963796355295,-954.2546140343088,-0.15024748833598556,CLOSE
2022-01-21,SMH,BUY,132.5409,1.1791,156.28,0.0,0.0,ADD
2022-01-21,SHV,BUY,92.5595,121.4468,11241.05,0.0,0.0,ADD
2022-01-21,USD,BUY,9.3561,39.1819,366.59,0.0,0.0,ADD
2022-01-21,XLY,BUY,86.8302,1.0354,89.9,0.0,0.0,ADD
2022-01-24,SMH,SELL,134.23822021484375,-0.39521152793230246,-53.05249211802129,-6.227373260963531,-0.10505039478667888,REDUCE
2022-01-24,SHV,SELL,92.54266357421875,-129.10323798655799,-11947.557519332333,-3.835754716270771,-0.00032094623851097737,REDUCE
2022-01-24,USD,SELL,9.541315078735352,-4.838098552887472,-46.161822675072926,-14.400286359232382,-0.2377771611466728,REDUCE
2022-01-24,XLY,SELL,87.87456512451172,-0.540998601674959,-47.540016855155955,-5.564774355015779,-0.10478855538650345,REDUCE
2022-01-24,QQQ,BUY,343.6924,8.8458,3040.22,0.0,0.0,ADD
2022-01-24,GLD,BUY,172.03,17.6566,3037.47,0.0,0.0,ADD
2022-01-24,TQQQ,BUY,27.3921,220.9326,6051.81,0.0,0.0,OPEN
2022-01-25,QQQ,SELL,335.7251281738281,-8.845449741559255,-2969.6397482401358,37.92379313861242,0.012935698314368027,REDUCE
2022-01-25,XLK,SELL,73.24526977539062,-0.05775679637018429,-4.2304121314964505,-0.6177764577952161,-0.12742418047839899,REDUCE
2022-01-25,XLY,SELL,86.387451171875,-0.5720247430698223,-49.41575956104862,-6.734578820096053,-0.11993834791131963,REDUCE
2022-01-25,GLD,SELL,172.5800018310547,-18.132335134110733,-3129.2784306461276,63.92917816808468,0.020855430459157054,REDUCE
2022-01-25,TQQQ,SELL,25.37189483642578,-220.93260742641527,-5605.47888156035,-446.33242861955307,-0.0737518745617145,CLOSE
2022-01-25,SMH,BUY,128.9219,0.8692,112.06,0.0,0.0,ADD
2022-01-25,SHV,BUY,92.5427,123.8689,11463.16,0.0,0.0,ADD
2022-01-25,USD,BUY,8.872,16.7162,148.31,0.0,0.0,ADD
2022-01-28,SHV,SELL,92.52590942382812,-63.25831355433714,-5853.032990232718,-2.1010742347171685,-0.0003588430617614824,REDUCE
2022-01-28,XLK,SELL,76.3676528930664,-3.7053907144387344,-282.9719919134486,-28.063836068917137,-0.09022702063283916,REDUCE
2022-01-28,SMH,BUY,127.6343,0.648,82.71,0.0,0.0,ADD
2022-01-28,QQQ,BUY,342.2332,8.5316,2919.78,0.0,0.0,ADD
2022-01-28,USD,BUY,8.8003,3.549,31.23,0.0,0.0,ADD
2022-01-28,XLY,BUY,85.7137,0.7875,67.5,0.0,0.0,ADD
2022-01-28,GLD,BUY,167.1,18.3736,3070.23,0.0,0.0,ADD
2022-01-31,SMH,SELL,134.3211212158203,-1.4372272974956897,-193.04998204160438,-21.66304856044966,-0.10089303150212448,REDUCE
2022-01-31,QQQ,SELL,353.1772766113281,-0.12254761642135899,-43.28103342290524,2.011491276133859,0.048740334190773726,REDUCE
2022-01-31,USD,SELL,9.761137962341309,-356.057481127727,-3475.5261958114797,-907.3756788503566,-0.20702623622400063,CLOSE
2022-01-31,XLK,SELL,78.2865219116211,-0.04099923373821358,-3.2096874104063318,-0.23184726034145162,-0.06736740510333883,REDUCE
2022-01-31,XLY,SELL,89.01036834716797,-1.0792434751608666,-96.06385926034636,-9.745192348453223,-0.09210168884684311,REDUCE
2022-01-31,SHV,BUY,92.5259,5.2903,489.49,0.0,0.0,ADD
2022-01-31,BIL,BUY,76.5663,41.9338,3210.71,0.0,0.0,OPEN
2022-01-31,GLD,BUY,168.09,0.6599,110.92,0.0,0.0,ADD
2022-02-07,SHV,SELL,92.5091552734375,-66.3663859487727,-6139.498302671895,-3.2631566791577287,-0.0005312198269054047,REDUCE
2022-02-07,BIL,SELL,76.54960632324219,-0.22155768311400903,-16.960153420267034,-0.0037086300411387314,-0.00021861944114731635,REDUCE
2022-02-07,XLY,SELL,88.5627670288086,-0.03805322471109098,-3.3700988747832525,-0.3606400270543719,-0.09666718485089743,REDUCE
2022-02-07,GLD,SELL,170.11000061035156,-0.6245570439630294,-106.24339912975029,1.29192978521776,0.01230978273373795,REDUCE
2022-02-07,SMH,BUY,133.1311,0.18,23.97,0.0,0.0,ADD
2022-02-07,QQQ,BUY,345.4727,0.2864,98.94,0.0,0.0,ADD
2022-02-07,XLK,BUY,76.6287,1.4596,111.85,0.0,0.0,ADD
2022-02-07,TQQQ,BUY,27.3349,220.6451,6031.32,0.0,0.0,OPEN
2022-02-09,SMH,SELL,140.58847045898438,-1.3445444143548866,-189.0274426783244,-11.765476462149195,-0.05859507652218621,REDUCE
2022-02-09,QQQ,SELL,356.75726318359375,-0.0555953117088297,-19.834031251080887,1.1036265178614926,0.058921658852579384,REDUCE
2022-02-09,XLK,SELL,79.29669952392578,-0.48696389776395005,-38.61462987998766,-2.2056889917708222,-0.05403409509612689,REDUCE
2022-02-09,TQQQ,SELL,30.017446517944336,-220.64511517051602,-6623.202944076633,591.8823900062941,0.09813479232286082,CLOSE
2022-02-09,SHV,BUY,92.5092,71.6186,6625.38,0.0,0.0,ADD
2022-02-09,BIL,BUY,76.5496,1.2253,93.8,0.0,0.0,ADD
2022-02-09,XLY,BUY,90.998,0.1465,13.33,0.0,0.0,ADD
2022-02-09,GLD,BUY,171.21,0.807,138.17,0.0,0.0,ADD
2022-02-11,QQQ,SELL,337.6221008300781,-8.490890379886945,-2866.7122479753307,6.078707621910135,0.0021249515312469214,REDUCE
2022-02-11,BIL,SELL,76.54960632324219,-1.1533328430465355,-88.28717509487797,-0.01875458349520391,-0.00021238192682537793,REDUCE
2022-02-11,GLD,SELL,173.80999755859375,-18.951702704764397,-3293.9954008462946,107.98742082011613,0.03389427192182648,REDUCE
2022-02-11,SMH,BUY,129.3707,2.9884,386.61,0.0,0.0,ADD
2022-02-11,SHV,BUY,92.4756,59.2377,5478.04,0.0,0.0,ADD
2022-02-11,XLK,BUY,74.8645,2.8326,212.06,0.0,0.0,ADD
2022-02-11,XLY,BUY,86.8591,1.566,136.02,0.0,0.0,ADD
2022-02-15,SMH,SELL,136.31593322753906,-2.03994628185533,-278.07718114515774,-24.350733645406763,-0.08051748021431815,REDUCE
2022-02-15,SHV,SELL,92.45878601074219,-61.97201227090518,-5729.8570212107115,-4.332647368697376,-0.0007555814542442585,REDUCE
2022-02-15,XLK,SELL,76.80750274658203,-1.054167801255523,-80.96799629029192,-7.116998416926402,-0.08079694436699769,REDUCE
2022-02-15,XLY,SELL,89.3087387084961,-1.0855640977008871,-96.95036035289286,-9.232406414478415,-0.08694825625240188,REDUCE
2022-02-15,QQQ,BUY,346.4455,8.7815,3042.3,0.0,0.0,ADD
2022-02-15,BIL,BUY,76.558,0.6039,46.23,0.0,0.0,ADD
2022-02-15,GLD,BUY,173.08,18.1048,3133.57,0.0,0.0,ADD
2022-02-16,SHV,SELL,92.46720123291016,-66.10775756822915,-6112.799322117884,-4.0654781342268675,-0.0006646342966513119,REDUCE
2022-02-16,XLY,SELL,89.56380462646484,-0.12507932244025022,-11.20257999784917,-1.031859728208714,-0.08434057883427037,REDUCE
2022-02-16,GLD,SELL,174.86000061035156,-0.3148534055680743,-55.05526668980474,1.3250060045666139,0.0246603308390545,REDUCE
2022-02-16,SMH,BUY,136.2867,0.0803,10.94,0.0,0.0,ADD
2022-02-16,QQQ,BUY,346.3579,0.0275,9.53,0.0,0.0,ADD
2022-02-16,BIL,BUY,76.558,0.0552,4.23,0.0,0.0,ADD
2022-02-16,XLK,BUY,76.7302,0.2171,16.65,0.0,0.0,ADD
2022-02-16,TQQQ,BUY,27.2968,224.8503,6137.7,0.0,0.0,OPEN
2022-02-17,QQQ,SELL,336.0558776855469,-8.835927999173002,-2969.3655389283813,-49.41220532907022,-0.016368281972088172,REDUCE
2022-02-17,BIL,SELL,76.54960632324219,-0.9785731752155208,-74.90939132123322,-0.01579285997004468,-0.00021078173037047954,REDUCE
2022-02-17,GLD,SELL,177.25,-18.255653712054023,-3235.814620461576,120.45675682867952,0.038665463841194736,REDUCE
2022-02-17,TQQQ,SELL,24.876365661621094,-224.85033748389924,-5593.459214388386,-544.2403333138807,-0.08867171308794752,CLOSE
2022-02-17,SMH,BUY,130.8241,0.9338,122.17,0.0,0.0,ADD
2022-02-17,SHV,BUY,92.4924,125.8551,11640.63,0.0,0.0,ADD
2022-02-17,XLK,BUY,74.4343,0.6556,48.8,0.0,0.0,ADD
2022-02-17,XLY,BUY,87.1671,0.298,25.97,0.0,0.0,ADD
2022-02-28,SMH,SELL,130.78506469726562,-53.9164240161961,-7051.463003203414,-924.566270889275,-0.11591811402854324,CLOSE
2022-02-28,QQQ,SELL,337.3691711425781,-0.05213635922071772,-17.58920029668525,-0.22308618831611807,-0.012524287014132884,REDUCE
2022-02-28,BIL,SELL,76.54960632324219,-41.46469045790522,-3174.1057308677414,-0.6691845502087482,-0.00021078173037047954,CLOSE
2022-02-28,XLK,SELL,74.46813201904297,-94.76234347103711,-7056.774704035086,-853.9882977480211,-0.10795270918311295,CLOSE
2022-02-28,XLY,SELL,85.3912124633789,-80.92008325603986,-6909.86402187081,-1002.0359662879022,-0.12664922051436345,CLOSE
2022-02-28,SHV,BUY,92.4924,113.6055,10507.64,0.0,0.0,ADD
2022-02-28,GLD,BUY,178.38,76.8148,13702.23,0.0,0.0,ADD
2022-03-18,SHV,SELL,92.48397064208984,-63.809917411737516,-5901.39452858131,-1.4510848395394231,-0.00024582801831041223,REDUCE
2022-03-18,QQQ,BUY,341.9316,8.7052,2976.57,0.0,0.0,ADD
2022-03-18,GLD,BUY,179.3,16.5127,2960.72,0.0,0.0,ADD
2022-03-24,QQQ,SELL,350.30230712890625,-0.24994099710960585,-87.55490793359422,2.1278682727841356,0.024908603660303452,REDUCE
2022-03-24,SHV,SELL,92.4504165649414,-150.7295439213759,-13935.009124174834,-8.485292346021948,-0.000608548480929394,REDUCE
2022-03-24,GLD,SELL,183.1300048828125,-1.2384123712347268,-226.7904635911509,7.175046598260974,0.03267096042940043,REDUCE
2022-03-24,QLD,BUY,35.0839,406.1513,14249.35,0.0,0.0,OPEN
2022-03-25,QLD,SELL,35.03446578979492,-406.15133734818414,-14229.295133804413,-20.059361895168077,-0.0014077382874586597,CLOSE
2022-03-25,QQQ,SELL,350.0101013183594,-0.018450929718488527,-6.458011780186098,0.15169019602065906,0.02405367281007975,REDUCE
2022-03-25,SHV,BUY,92.4421,153.5228,14191.97,0.0,0.0,ADD
2022-03-25,GLD,BUY,182.38,0.2401,43.79,0.0,0.0,ADD
2022-03-28,QQQ,SELL,355.42559814453125,-0.3443672189046493,-122.3969247605537,4.696057726124619,0.039898242421195995,REDUCE
2022-03-28,SHV,SELL,92.4336166381836,-154.69781987306254,-14299.278976909442,-6.718665986082746,-0.00046963980798775395,REDUCE
2022-03-28,QLD,BUY,36.116,391.9128,14154.33,0.0,0.0,OPEN
2022-03-28,GLD,BUY,179.06,1.493,267.34,0.0,0.0,ADD
2022-03-31,SHV,SELL,92.45878601074219,-114.97161746793549,-10630.136176776756,-2.099557675093932,-0.00019747094849398295,REDUCE
2022-03-31,GLD,SELL,180.64999389648438,-59.821683519491025,-10806.786762673473,196.18745809237979,0.018489762214249028,REDUCE
2022-03-31,QLD,BUY,35.5185,5.9407,211.0,0.0,0.0,ADD
2022-03-31,SMH,BUY,131.585,53.6959,7065.57,0.0,0.0,OPEN
2022-03-31,QQQ,BUY,353.1172,0.0827,29.21,0.0,0.0,ADD
2022-03-31,XLK,BUY,76.9591,91.8094,7065.57,0.0,0.0,OPEN
2022-03-31,XLY,BUY,89.1712,79.236,7065.57,0.0,0.0,OPEN
2022-04-05,QLD,SELL,35.306087493896484,-1.3389009882680143,-47.271355437454986,-1.0724830776494554,-0.022184483288689827,REDUCE
2022-04-05,QQQ,SELL,351.714599609375,-0.09139266789999537,-32.14413559767945,0.9021070813151845,0.028874792199958144,REDUCE
2022-04-05,SHV,SELL,92.423583984375,-64.95579271158167,-6003.4471629505215,-3.4727677039684757,-0.0005781278498896425,CLOSE
2022-04-05,XLK,SELL,76.54266357421875,-0.3612092610766789,-27.64791895048438,-0.15042026594046298,-0.005411124195922712,REDUCE
2022-04-05,XLY,SELL,89.14710235595703,-0.7175881444917056,-63.97090376642336,-0.017294776523203263,-0.00027028072233659106,REDUCE
2022-04-05,GLD,SELL,179.24000549316406,-0.07784645118955281,-13.953198338838774,0.1455377672861585,0.010540363918418283,REDUCE
2022-04-05,SMH,BUY,125.9126,1.8958,238.7,0.0,0.0,ADD
2022-04-05,TQQQ,BUY,27.3873,217.2439,5949.74,0.0,0.0,OPEN
2022-04-06,QLD,SELL,33.730674743652344,-396.5145395628746,-13374.702965124392,-942.2891332348936,-0.06581613838725797,CLOSE
2022-04-06,SMH,SELL,123.30816650390625,-0.46077328424593517,-56.8171088543495,-3.7245964519623644,-0.061521168475808574,REDUCE
2022-04-06,QQQ,SELL,344.078369140625,-0.12260655137594634,-42.186262243391866,0.27395721502985004,0.006536438758127483,REDUCE
2022-04-06,XLK,SELL,74.73162841796875,-0.4815674073891693,-35.98831654721198,-1.0726771445765264,-0.028943561349090263,REDUCE
2022-04-06,XLY,SELL,86.87201690673828,-0.2643904114681593,-22.968128295041424,-0.6078829193850175,-0.025783959544990687,REDUCE
2022-04-06,GLD,SELL,179.66000366210938,-1.5774674178063561,-283.40780205994815,3.6116863100137246,0.01290827894566493,REDUCE
2022-04-06,SHV,BUY,92.4152,147.1205,13596.17,0.0,0.0,OPEN
2022-04-06,TQQQ,BUY,25.5863,8.5945,219.9,0.0,0.0,ADD
2022-04-11,QQQ,SELL,332.02996826171875,-8.34711645597346,-2771.492811953738,-81.91825853050003,-0.028708887891360835,REDUCE
2022-04-11,XLY,SELL,84.90545654296875,-0.22109061275739073,-18.77179941353097,-0.9431166336434349,-0.04783771999772757,REDUCE
2022-04-11,GLD,SELL,182.3699951171875,-17.463586597021322,-3184.8342024273597,87.30987846759963,0.02818698719885626,REDUCE
2022-04-11,TQQQ,SELL,22.946670532226562,-225.8384520170641,-5182.240551943627,-987.3966705356819,-0.16004128523765782,CLOSE
2022-04-11,SMH,BUY,117.6895,1.1649,137.1,0.0,0.0,ADD
2022-04-11,SHV,BUY,92.4236,117.9936,10905.39,0.0,0.0,ADD
2022-04-11,XLK,BUY,71.9425,1.1267,81.06,0.0,0.0,ADD
2022-05-02,SMH,SELL,115.36788940429688,-56.2957761057212,-6494.724871693902,-886.1012717008712,-0.12005448366967131,CLOSE
2022-05-02,XLK,SELL,69.52128601074219,-92.09333866166985,-6402.44733678209,-679.3207159022766,-0.09592529871756783,CLOSE
2022-05-02,XLY,SELL,79.65638732910156,-78.03292650914874,-6215.821018436069,-742.4689598514452,-0.10670279079604728,CLOSE
2022-05-02,QQQ,BUY,310.2024,0.3851,119.47,0.0,0.0,ADD
2022-05-02,SHV,BUY,92.4177,98.9283,9142.73,0.0,0.0,ADD
2022-05-02,BIL,BUY,76.5848,38.0291,2912.45,0.0,0.0,OPEN
2022-05-02,GLD,BUY,173.63,39.965,6939.12,0.0,0.0,ADD
2022-05-31,SHV,SELL,92.49319458007812,-1.9700574055300961,-182.21690294361906,0.14695130772200302,0.000807114553508903,REDUCE
2022-05-31,BIL,SELL,76.60152435302734,-38.02909707956665,-2913.0868060640655,0.6368550727054504,0.00021866644351731246,CLOSE
2022-05-31,QQQ,BUY,300.2674,0.2503,75.14,0.0,0.0,ADD
2022-05-31,USD,BUY,6.9899,414.7499,2899.05,0.0,0.0,OPEN
2022-05-31,GLD,BUY,171.14,0.7085,121.26,0.0,0.0,ADD
2022-06-30,SHV,SELL,92.42353820800781,-9.688804368599174,-895.4735807511388,0.04782419768544028,5.340945057197288e-05,REDUCE
2022-06-30,USD,SELL,4.687915802001953,-414.74994230697246,-1944.3128084202547,-954.7413334762618,-0.32932856260893595,CLOSE
2022-06-30,GLD,SELL,168.4600067138672,-0.8703103272149117,-146.61248356577198,-5.904829877483403,-0.038715800483073104,REDUCE
2022-06-30,QQQ,BUY,273.5199,0.614,167.95,0.0,0.0,ADD
2022-06-30,BIL,BUY,76.661,36.7769,2819.35,0.0,0.0,OPEN
2022-08-01,QQQ,SELL,307.6660461425781,-1.0571868486124265,-325.26049774651756,-29.094988595295675,-0.08210678179603659,REDUCE
2022-08-01,BIL,SELL,76.6945571899414,-36.77687047363658,-2820.585795807388,1.2331721933870907,0.000437395515218153,CLOSE
2022-08-01,SHV,BUY,92.489,0.5236,48.43,0.0,0.0,ADD
2022-08-01,USD,BUY,6.3551,444.6094,2825.54,0.0,0.0,OPEN
2022-08-01,GLD,BUY,165.03,1.647,271.81,0.0,0.0,ADD
2022-08-16,SHV,SELL,92.55631256103516,-192.52495830037094,-17819.400216249393,26.492565544429297,0.0014889396418229506,REDUCE
2022-08-16,USD,SELL,6.594696044921875,-13.574788495741094,-89.52160400351477,3.252282288832021,0.037699175375323524,REDUCE
2022-08-16,QLD,BUY,28.3871,445.0443,12633.52,0.0,0.0,OPEN
2022-08-16,QQQ,BUY,324.2658,7.9193,2567.95,0.0,0.0,ADD
2022-08-16,GLD,BUY,165.42,16.5607,2739.48,0.0,0.0,ADD
2022-08-17,QLD,SELL,27.730268478393555,-445.044300453564,-12341.197936356177,-292.3217694011588,-0.023138584987360433,CLOSE
2022-08-17,QQQ,SELL,320.56719970703125,-8.314814310951041,-2665.456739745524,-78.13103729965678,-0.028477688212987795,REDUCE
2022-08-17,GLD,SELL,164.35000610351562,-16.682233503979123,-2741.725178199242,-148.37417289333183,-0.0513387793527722,REDUCE
2022-08-17,SHV,BUY,92.5563,190.2323,17607.2,0.0,0.0,ADD
2022-08-17,USD,BUY,6.2637,17.457,109.35,0.0,0.0,ADD
2022-08-31,SHV,SELL,92.62360382080078,-8.647032209656848,-800.9192856129594,1.1261597656365876,0.0014080638220583808,REDUCE
2022-08-31,USD,SELL,4.895388603210449,-448.49156143842214,-2195.540478501711,-653.0789536848667,-0.22926156660511465,CLOSE
2022-08-31,QQQ,BUY,292.0519,0.5881,171.76,0.0,0.0,ADD
2022-08-31,BIL,BUY,76.8373,35.685,2741.94,0.0,0.0,OPEN
2022-08-31,GLD,BUY,159.27,0.5244,83.52,0.0,0.0,ADD
2022-10-31,BIL,SELL,77.11821746826172,-35.68500305567142,-2751.963826002853,10.026061420655486,0.0036565605354588193,CLOSE
2022-10-31,GLD,SELL,151.91000366210938,-56.82825978028864,-8632.78115133495,-1206.7226609944296,-0.12264060099070717,REDUCE
2022-10-31,SSO,BUY,22.3765,120.8957,2705.22,0.0,0.0,OPEN
2022-10-31,QQQ,BUY,271.7337,0.5333,144.9,0.0,0.0,ADD
2022-10-31,SHV,BUY,92.794,91.9783,8535.03,0.0,0.0,ADD
2022-11-30,SSO,SELL,24.63996696472168,-120.89566458328446,-2978.8651815102016,273.6411366754896,0.10115285541616159,CLOSE
2022-11-30,SHV,SELL,93.10858917236328,-50.2107364288209,-4675.0508301929,27.69117331307158,0.0059584743505010085,REDUCE
2022-11-30,QQQ,BUY,286.7989,8.7364,2505.6,0.0,0.0,ADD
2022-11-30,USD,BUY,5.1696,531.649,2748.39,0.0,0.0,OPEN
2022-11-30,GLD,BUY,164.81,14.7478,2430.59,0.0,0.0,ADD
2022-12-05,QQQ,SELL,281.2069091796875,-8.95380671469722,-2517.8723116323376,-223.63329490294677,-0.0815731670837524,REDUCE
2022-12-05,GLD,SELL,164.38999938964844,-15.851722243483657,-2605.864609931155,-76.91816326710403,-0.028671036669661754,REDUCE
2022-12-05,SHV,BUY,93.1595,53.1945,4955.57,0.0,0.0,ADD
2022-12-05,USD,BUY,4.8855,28.0782,137.18,0.0,0.0,ADD
2022-12-13,SHV,SELL,93.27816772460938,-53.27668194031052,-4969.551273838952,34.50949888090539,0.006992747063665705,REDUCE
2022-12-13,USD,SELL,5.241178035736084,-34.501339538595424,-180.82766299315927,2.962846759919699,0.016657857482248906,REDUCE
2022-12-13,QQQ,BUY,282.1943,9.2787,2618.4,0.0,0.0,ADD
2022-12-13,GLD,BUY,168.51,15.2096,2562.97,0.0,0.0,ADD
2022-12-14,QQQ,SELL,280.1021728515625,-9.206591807098926,-2578.7863697258026,-128.9023586815714,-0.047606047670549656,REDUCE
2022-12-14,GLD,SELL,168.10000610351562,-15.494854394668188,-2604.6851183168083,-12.107138001990633,-0.004626709656739281,REDUCE
2022-12-14,SHV,BUY,93.2697,54.4736,5080.74,0.0,0.0,ADD
2022-12-14,USD,BUY,5.0905,14.0692,71.62,0.0,0.0,ADD
2023-01-03,SHV,SELL,93.4848403930664,-71.2053172867274,-6656.617721687362,55.17914489901765,0.00835865459583851,REDUCE
2023-01-03,USD,SELL,3.9870412349700928,-539.2950712123353,-2150.1916867397135,-629.12560093388,-0.22635976242226197,CLOSE
2023-01-03,SMH,BUY,99.336,60.5985,6019.61,0.0,0.0,OPEN
2023-01-03,QQQ,BUY,259.184,0.6118,158.56,0.0,0.0,ADD
2023-01-03,GLD,BUY,171.06,15.3692,2629.05,0.0,0.0,ADD
2023-01-11,SMH,SELL,109.3396224975586,-4.553652623673936,-497.8946588575254,45.55316746909059,0.1007052599337459,REDUCE
2023-01-11,SHV,SELL,93.5528793334961,-49.23513955478387,-4606.089069736536,41.50369921264215,0.009092545290237064,REDUCE
2023-01-11,QQQ,BUY,271.9922,9.3191,2534.71,0.0,0.0,ADD
2023-01-11,GLD,BUY,174.62,14.8893,2599.97,0.0,0.0,ADD
2023-01-18,SMH,SELL,111.33738708496094,-0.7166536003240218,-79.7903393051065,8.600860183637257,0.12081645054547696,REDUCE
2023-01-18,QQQ,SELL,272.3155517578125,-9.574771427585665,-2607.3591642579286,-94.90856353758413,-0.035121821039919565,REDUCE
2023-01-18,GLD,SELL,177.0800018310547,-15.241219335773183,-2698.9151478862213,85.22512235967693,0.0326072034278464,REDUCE
2023-01-18,SHV,BUY,93.6379,57.1846,5354.65,0.0,0.0,ADD
2023-01-20,SMH,SELL,112.1463623046875,-0.20641384325208506,-23.148561650051306,2.6442427183768005,0.1289602803774208,REDUCE
2023-01-20,SHV,SELL,93.68042755126953,-186.80703774074712,-17500.163165139333,154.85519777216234,0.00892778600780697,REDUCE
2023-01-20,QLD,BUY,19.4459,635.7844,12363.42,0.0,0.0,OPEN
2023-01-20,QQQ,BUY,277.0194,9.3923,2601.84,0.0,0.0,ADD
2023-01-20,GLD,BUY,179.29,14.4429,2589.47,0.0,0.0,ADD
2023-01-31,QLD,SELL,21.03588104248047,-29.97952647347365,-630.6457526058857,47.666022132115025,0.08176274343771484,REDUCE
2023-01-31,SMH,SELL,116.95580291748047,-0.6412199400024335,-74.99439292968327,11.298189477368165,0.17737618358724205,REDUCE
2023-01-31,QQQ,SELL,288.72039794921875,-0.209017282621486,-60.34755301673977,1.8961127540916165,0.032439110919620484,REDUCE
2023-01-31,GLD,SELL,179.41000366210938,-14.634380395885387,-2625.554240418499,79.1403804201275,0.031079150825929824,REDUCE
2023-01-31,SHV,BUY,93.774,5.5903,524.22,0.0,0.0,ADD
2023-01-31,USD,BUY,5.4159,529.4224,2867.32,0.0,0.0,OPEN
2023-02-09,QLD,SELL,21.937345504760742,-12.226202004307838,-268.21041757949934,30.46056667722127,0.1281202346147483,REDUCE
2023-02-09,SMH,SELL,122.42129516601562,-1.297262850177231,-158.8125982894535,29.94773729385584,0.23239645829345923,REDUCE
2023-02-09,QQQ,SELL,295.6390075683594,-0.039496778519168885,-11.676788403554383,0.631560175412991,0.05717945907209798,REDUCE
2023-02-09,SHV,SELL,93.87632751464844,-54.94428023107217,-5157.967246028755,54.846906400582334,0.01074771958142362,REDUCE
2023-02-09,USD,SELL,6.0028486251831055,-41.34635808662529,-248.19592879662696,24.26662098584173,0.10836732906059088,REDUCE
2023-02-09,GLD,BUY,173.03,1.7957,310.71,0.0,0.0,ADD
2023-02-09,TQQQ,BUY,11.6478,475.1233,5534.15,0.0,0.0,OPEN
2023-02-13,QLD,SELL,22.358360290527344,-6.748433801247,-150.8839143250534,19.654352642279644,0.14977077108426884,REDUCE
2023-02-13,QQQ,SELL,298.4024963378906,-0.0323269360800434,-9.646438425240376,0.6062483057518333,0.06706145531662022,REDUCE
2023-02-13,TQQQ,SELL,11.949563026428223,-475.12332134852346,-5677.516073780091,143.36129940805628,0.025904822913870085,CLOSE
2023-02-13,SMH,BUY,122.1747,0.5126,62.63,0.0,0.0,ADD
2023-02-13,SHV,BUY,93.9019,60.4003,5671.71,0.0,0.0,ADD
2023-02-13,USD,BUY,5.9583,7.3907,44.04,0.0,0.0,ADD
2023-02-13,GLD,BUY,172.48,0.346,59.68,0.0,0.0,ADD
2023-02-21,SHV,SELL,93.961669921875,-64.21245480377966,-6033.509483146061,49.63536735584604,0.008294854870838364,REDUCE
2023-02-21,GLD,SELL,170.6199951171875,-0.7569575973227903,-129.15210155913246,-2.50695449108349,-0.019041261317621183,REDUCE
2023-02-21,QLD,BUY,20.7734,23.335,484.75,0.0,0.0,ADD
2023-02-21,SMH,BUY,116.1123,0.8857,102.84,0.0,0.0,ADD
2023-02-21,QQQ,BUY,288.1422,0.0085,2.45,0.0,0.0,ADD
2023-02-21,USD,BUY,5.3813,34.5044,185.68,0.0,0.0,ADD
2023-02-21,TQQQ,BUY,10.7043,503.2505,5386.95,0.0,0.0,OPEN
2023-02-28,SMH,SELL,118.09033966064453,-0.7274029106567076,-85.89925678959207,13.28795147183297,0.18300113754576786,REDUCE
2023-02-28,USD,SELL,5.775018215179443,-34.41496486267735,-198.7470489567222,12.175135492834762,0.06525706504688533,REDUCE
2023-02-28,TQQQ,SELL,10.598950386047363,-503.25054489295013,-5333.92755707168,-53.025852634904474,-0.009843384303149683,CLOSE
2023-02-28,QLD,BUY,20.6693,5.2057,107.6,0.0,0.0,ADD
2023-02-28,QQQ,BUY,287.6816,0.0951,27.37,0.0,0.0,ADD
2023-02-28,SHV,BUY,94.047,57.8257,5438.33,0.0,0.0,ADD
2023-02-28,GLD,BUY,169.78,0.2667,45.28,0.0,0.0,ADD
2023-03-01,SMH,SELL,118.16925048828125,-0.2712388309123634,-32.05208935223163,4.976303323785888,0.18379164758348288,REDUCE
2023-03-01,SHV,SELL,94.0641098022461,-58.094609714990426,-5464.617747149492,35.89679800428994,0.0066123859267333,REDUCE
2023-03-01,GLD,SELL,170.75999450683594,-0.32112098069803396,-54.83461690002605,-1.0073911977284067,-0.01804002456295828,REDUCE
2023-03-01,QLD,BUY,20.3375,7.3074,148.61,0.0,0.0,ADD
2023-03-01,QQQ,BUY,285.3689,0.0695,19.83,0.0,0.0,ADD
2023-03-01,TQQQ,BUY,10.3403,520.4941,5382.08,0.0,0.0,OPEN
2023-03-03,QLD,SELL,21.526235580444336,-14.103721002148859,-303.6000208531168,28.346651264505333,0.10298384832444274,REDUCE
2023-03-03,USD,SELL,6.109335422515869,-13.086019993513206,-79.94688548612112,9.004381271502284,0.1269250553132686,REDUCE
2023-03-03,TQQQ,SELL,11.235941886901855,-520.4941118194802,-5848.241592878276,466.16462017294816,0.086614261099768,CLOSE
2023-03-03,SMH,BUY,120.833,0.6255,75.58,0.0,0.0,ADD
2023-03-03,QQQ,BUY,293.679,0.0982,28.83,0.0,0.0,ADD
2023-03-03,SHV,BUY,94.1154,63.7232,5997.34,0.0,0.0,ADD
2023-03-03,GLD,BUY,172.49,0.7596,131.03,0.0,0.0,ADD
2023-03-10,QLD,SELL,19.896663665771484,-608.574595549175,-12108.604043174846,231.43999225420893,0.019486132486001173,CLOSE
2023-03-10,QQQ,SELL,282.7718811035156,-9.437524367833058,-2668.666518452421,28.17402190229354,0.01066998748873682,REDUCE
2023-03-10,GLD,SELL,173.8699951171875,-16.79409888166938,-2919.989890553419,0.10089960577673943,3.455597321999626e-05,REDUCE
2023-03-10,SMH,BUY,117.2616,0.0293,3.44,0.0,0.0,ADD
2023-03-10,SHV,BUY,94.2095,186.3357,17554.59,0.0,0.0,ADD
2023-03-10,USD,BUY,5.7106,18.7007,106.79,0.0,0.0,ADD
2023-03-14,SMH,SELL,120.68989562988281,-0.9999754370823938,-120.68693113392055,20.61499796569615,0.2060017960384719,REDUCE
2023-03-14,SHV,SELL,94.26937866210938,-190.4358151539103,-17952.26596957144,65.24379656694715,0.0036475493760730338,REDUCE
2023-03-14,USD,SELL,6.079617977142334,-25.587332981742968,-155.5612095829315,16.5697437700447,0.11921410910473629,REDUCE
2023-03-14,QLD,BUY,21.13,608.1649,12850.52,0.0,0.0,OPEN
2023-03-14,QQQ,BUY,291.4153,9.2205,2686.99,0.0,0.0,ADD
2023-03-14,GLD,BUY,176.83,15.4015,2723.45,0.0,0.0,ADD
2023-03-15,QLD,SELL,21.33802032470703,-608.1648794191187,-12977.034557818157,126.51928596161514,0.00984546403666009,CLOSE
2023-03-15,QQQ,SELL,292.94403076171875,-9.43547748527828,-2764.066806698865,70.16447280496563,0.026045663171294864,REDUCE
2023-03-15,GLD,SELL,178.2100067138672,-15.588568323212028,-2778.038865539193,44.691957110632295,0.01635063481068566,REDUCE
2023-03-15,SMH,BUY,119.3334,0.7287,86.96,0.0,0.0,ADD
2023-03-15,SHV,BUY,94.3635,194.6388,18366.79,0.0,0.0,ADD
2023-03-15,USD,BUY,6.0251,5.4015,32.54,0.0,0.0,ADD
2023-03-16,SMH,SELL,124.10830688476562,-1.5070402952273732,-187.0362194477866,35.82816534371242,0.2369461438810161,REDUCE
2023-03-16,SHV,SELL,94.35492706298828,-192.23565380313585,-18138.38109350075,40.28983681596068,0.0022261925992377307,REDUCE
2023-03-16,USD,SELL,6.51051664352417,-30.97578931397484,-201.66839187493133,33.20029259151328,0.1970716873564271,REDUCE
2023-03-16,QLD,BUY,22.4525,579.9494,13021.3,0.0,0.0,OPEN
2023-03-16,QQQ,BUY,300.6663,9.1003,2736.14,0.0,0.0,ADD
2023-03-16,GLD,BUY,178.57,15.6941,2802.49,0.0,0.0,ADD
2023-03-28,QLD,SELL,22.526769638061523,-0.08868683027529918,-1.9978277955415251,0.006588991952673823,0.003308991337853673,REDUCE
2023-03-28,SHV,SELL,94.49179077148438,-58.4164727107216,-5519.877116989632,20.23835021352808,0.0036799417328625683,REDUCE
2023-03-28,GLD,SELL,183.44000244140625,-0.7275548127881288,-133.46265663411123,4.70204071396008,0.036517693553718145,REDUCE
2023-03-28,SMH,BUY,123.2697,0.5235,64.54,0.0,0.0,ADD
2023-03-28,QQQ,BUY,301.436,0.0109,3.3,0.0,0.0,ADD
2023-03-28,USD,BUY,6.4511,5.5792,35.99,0.0,0.0,ADD
2023-03-28,TQQQ,BUY,11.9807,463.372,5551.51,0.0,0.0,OPEN
2023-03-29,QLD,SELL,23.353940963745117,-7.4123021760085175,-173.10646742394238,6.6819411331988405,0.04014997838434886,REDUCE
2023-03-29,SMH,SELL,127.107421875,-0.393867083906205,-50.063429596742026,10.455732312511497,0.26398233246128044,REDUCE
2023-03-29,USD,SELL,6.812639236450195,-14.05484816007787,-95.75061003769633,19.136226778156157,0.2497732927423033,REDUCE
2023-03-29,TQQQ,SELL,12.635842323303223,-463.37202323247084,-5855.095822595499,303.58102406717876,0.054684358248969556,CLOSE
2023-03-29,QQQ,BUY,306.9323,0.0947,29.05,0.0,0.0,ADD
2023-03-29,SHV,BUY,94.5004,63.3558,5987.14,0.0,0.0,ADD
2023-03-29,GLD,BUY,182.53,0.8646,157.82,0.0,0.0,ADD
2023-03-31,QLD,SELL,24.55259132385254,-16.155810836901637,-396.66702098391397,33.9290886210326,0.09353609202108504,REDUCE
2023-03-31,QQQ,SELL,314.9903259277344,-0.08295337293286388,-26.129509976927693,1.817648934669854,0.07476387478155178,REDUCE
2023-03-31,SHV,SELL,94.52601623535156,-140.18424205106882,-13251.057940059784,37.723213760466756,0.0028549351501241382,REDUCE
2023-03-31,USD,SELL,7.159338474273682,-12.283561048921415,-87.94217121863267,20.983251187951204,0.3133749943747062,REDUCE
2023-03-31,XLC,BUY,55.9529,122.0528,6829.21,0.0,0.0,OPEN
2023-03-31,SMH,BUY,129.8254,0.014,1.81,0.0,0.0,ADD
2023-03-31,XLK,BUY,73.8687,92.4506,6829.21,0.0,0.0,OPEN
2023-03-31,GLD,BUY,183.22,0.5543,101.56,0.0,0.0,ADD
2023-04-10,XLC,SELL,56.75406265258789,-3.046117352173655,-172.87953505239875,2.4402962222873112,0.014317690216392842,REDUCE
2023-04-10,QQQ,SELL,311.987060546875,-0.02721226463190311,-8.48987445333114,0.5145411668665989,0.06451657233433239,REDUCE
2023-04-10,SHV,SELL,94.5955581665039,-61.40986748102418,-5809.100691298519,20.795795881999712,0.003592726412609437,CLOSE
2023-04-10,GLD,SELL,185.11000061035156,-0.6683343042070612,-123.71536345968798,5.2611541927301575,0.044415088541709835,REDUCE
2023-04-10,QLD,BUY,24.0474,5.4412,130.85,0.0,0.0,ADD
2023-04-10,SMH,BUY,126.3872,0.8368,105.76,0.0,0.0,ADD
2023-04-10,USD,BUY,6.8003,17.6964,120.34,0.0,0.0,ADD
2023-04-10,XLK,BUY,72.8807,0.2229,16.25,0.0,0.0,ADD
2023-04-10,TQQQ,BUY,13.185,435.4181,5740.99,0.0,0.0,OPEN
2023-04-13,XLC,SELL,57.18840026855469,-0.5524634688188197,-31.594501988564843,0.6825435114133632,0.022080241597046246,REDUCE
2023-04-13,QLD,SELL,24.22072982788086,-2.361256835751835,-57.19136387298204,4.138825768165186,0.07801371840095639,REDUCE
2023-04-13,QQQ,SELL,313.2629699707031,-0.020424128095501475,-6.398123026258872,0.41224750834624296,0.068870043674079,REDUCE
2023-04-13,XLK,SELL,73.12032318115234,-0.028945370496527185,-2.11649484530426,-0.021594509337265824,-0.01009990966485419,REDUCE
2023-04-13,GLD,SELL,189.72000122070312,-0.6635778956805978,-125.89399917855462,8.282806059961796,0.07042532126691259,REDUCE
2023-04-13,TQQQ,SELL,13.31026840209961,-435.4180855998268,-5795.531586462077,54.53730116693921,0.009499626450879761,CLOSE
2023-04-13,SMH,BUY,124.4783,0.981,122.11,0.0,0.0,ADD
2023-04-13,SHV,BUY,94.6728,60.8208,5758.07,0.0,0.0,OPEN
2023-04-13,USD,BUY,6.5105,21.2796,138.54,0.0,0.0,ADD
2023-04-20,SMH,SELL,123.7679443359375,-0.3931371760736287,-48.657780124668534,8.794924516519108,0.22062956560294955,REDUCE
2023-04-20,QQQ,SELL,310.4264831542969,-0.07112629169578887,-22.079484590930406,1.2338883358075576,0.05919179862769952,REDUCE
2023-04-20,SHV,SELL,94.74148559570312,-60.82077834324196,-5762.250895325711,4.176231423104688,0.0007252826103985033,CLOSE
2023-04-20,USD,SELL,6.530327796936035,-7.437201448565191,-48.56736335097821,7.289121876185467,0.1765850873428485,REDUCE
2023-04-20,XLK,SELL,72.51376342773438,-0.429151965283093,-31.119424085085484,-0.580472401137026,-0.018311492007215602,REDUCE
2023-04-20,XLC,BUY,55.5476,1.9272,107.05,0.0,0.0,ADD
2023-04-20,QLD,BUY,23.7551,3.6123,85.81,0.0,0.0,ADD
2023-04-20,GLD,BUY,186.09,0.1932,35.96,0.0,0.0,ADD
2023-04-20,TQQQ,BUY,12.9201,439.9249,5683.86,0.0,0.0,OPEN
2023-04-27,XLC,SELL,57.32353591918945,-2.8357496967394016,-162.5551995988717,3.905054423640089,0.024614250553171013,REDUCE
2023-04-27,QLD,SELL,24.304935455322266,-8.51878157274238,-207.04843628349226,15.578744268612578,0.08136402218374017,REDUCE
2023-04-27,QQQ,SELL,314.421142578125,-0.09410305537360358,-29.587990190661003,2.0083954736802725,0.07282179068584016,REDUCE
2023-04-27,TQQQ,SELL,13.339173316955566,-439.9248978788592,-5868.234459250081,184.37663557150506,0.0324386431348449,CLOSE
2023-04-27,SMH,BUY,119.9549,2.1445,257.25,0.0,0.0,ADD
2023-04-27,SHV,BUY,94.8102,60.4092,5727.41,0.0,0.0,OPEN
2023-04-27,USD,BUY,6.1663,30.9426,190.8,0.0,0.0,ADD
2023-04-27,XLK,BUY,72.9883,0.1025,7.48,0.0,0.0,ADD
2023-04-27,GLD,BUY,184.75,0.4573,84.48,0.0,0.0,ADD
2023-05-01,SMH,SELL,122.89484405517578,-0.6743465502745432,-82.87371413513574,14.019342198746973,0.20360859890928595,REDUCE
2023-05-01,USD,SELL,6.57737922668457,-491.7312775814656,-3234.303090275396,486.0149335954219,0.176842785722493,CLOSE
2023-05-01,XLC,BUY,57.8061,0.4418,25.54,0.0,0.0,ADD
2023-05-01,QLD,BUY,24.5724,125.5642,3085.41,0.0,0.0,ADD
2023-05-01,QQQ,BUY,316.2271,0.1171,37.03,0.0,0.0,ADD
2023-05-01,SHV,BUY,94.8084,0.7387,70.03,0.0,0.0,ADD
2023-05-01,XLK,BUY,73.8247,0.0684,5.05,0.0,0.0,ADD
2023-05-01,GLD,BUY,183.97,0.5115,94.11,0.0,0.0,ADD
2023-05-04,QQQ,SELL,310.3185729980469,-0.02377571304464389,-7.37804534402494,0.40637635461903054,0.058289680023041246,REDUCE
2023-05-04,SHV,SELL,94.9031982421875,-61.14793954661116,-5803.135028893336,5.689590354395302,0.0009813961019060624,CLOSE
2023-05-04,GLD,SELL,190.44000244140625,-1.6781362092607857,-319.58426378863624,21.69742358666374,0.07283780502674264,REDUCE
2023-05-04,XLC,BUY,55.6055,2.2216,123.54,0.0,0.0,ADD
2023-05-04,QLD,BUY,23.6511,12.3891,293.02,0.0,0.0,ADD
2023-05-04,SMH,BUY,120.167,0.1271,15.27,0.0,0.0,ADD
2023-05-04,XLK,BUY,72.1713,0.2305,16.63,0.0,0.0,ADD
2023-05-04,TQQQ,BUY,12.8044,443.724,5681.64,0.0,0.0,OPEN
2023-05-05,QLD,SELL,24.641746520996094,-9.70737971129962,-239.20679022890545,17.127791144069867,0.07712476737850804,REDUCE
2023-05-05,TQQQ,SELL,13.58967113494873,-443.7240066322108,-6030.063324813554,348.4222988555306,0.061324236653402586,CLOSE
2023-05-05,XLC,BUY,56.3004,1.7548,98.79,0.0,0.0,ADD
2023-05-05,SMH,BUY,122.7074,0.3343,41.03,0.0,0.0,ADD
2023-05-05,QQQ,BUY,316.9141,0.108,34.23,0.0,0.0,ADD
2023-05-05,SHV,BUY,94.8946,61.5064,5836.63,0.0,0.0,OPEN
2023-05-05,XLK,BUY,73.9813,0.1988,14.71,0.0,0.0,ADD
2023-05-05,GLD,BUY,187.46,1.301,243.89,0.0,0.0,ADD
2023-05-31,QLD,SELL,28.391252517700195,-154.78111881726764,-4394.429829313203,853.4499803269637,0.2410208520591557,REDUCE
2023-05-31,SMH,SELL,142.38912963867188,-3.326691475652683,-473.6847037945745,133.465849227322,0.3922940996232742,REDUCE
2023-05-31,XLC,BUY,60.0744,2.7866,167.4,0.0,0.0,ADD
2023-05-31,QQQ,BUY,341.5496,0.2337,79.82,0.0,0.0,ADD
2023-05-31,SHV,BUY,95.1272,5.4583,519.23,0.0,0.0,ADD
2023-05-31,USD,BUY,9.1083,370.2606,3372.44,0.0,0.0,OPEN
2023-05-31,XLK,BUY,80.36,0.4436,35.65,0.0,0.0,ADD
2023-05-31,GLD,BUY,182.32,3.8041,693.57,0.0,0.0,ADD
2023-06-23,QLD,SELL,30.778654098510742,-22.31101558812118,-686.703031373263,176.28640425723472,0.3453774718376508,REDUCE
2023-06-23,QQQ,SELL,356.3183898925781,-0.0887860502568771,-31.636102472451967,5.535739077318992,0.2120943296272748,REDUCE
2023-06-23,SHV,SELL,95.46641540527344,-66.96466501551147,-6392.8765278457995,37.0217306400045,0.005824823225395237,CLOSE
2023-06-23,USD,SELL,9.828922271728516,-14.01435533206159,-137.74600924721744,10.099280853786802,0.0791189949080322,REDUCE
2023-06-23,XLC,BUY,61.9315,0.8908,55.17,0.0,0.0,ADD
2023-06-23,SMH,BUY,145.5461,0.8292,120.68,0.0,0.0,ADD
2023-06-23,XLK,BUY,82.6704,0.8633,71.37,0.0,0.0,ADD
2023-06-23,GLD,BUY,178.2,2.176,387.76,0.0,0.0,ADD
2023-06-23,TQQQ,BUY,18.8228,351.3807,6613.98,0.0,0.0,OPEN
2023-06-27,SMH,SELL,149.47256469726562,-0.8414251026795431,-125.76996809817138,39.15313683824978,0.45202688979418126,REDUCE
2023-06-27,USD,SELL,10.277155876159668,-11.853039329057495,-121.81553279097488,13.854684359263084,0.12833063615674112,REDUCE
2023-06-27,XLK,SELL,83.69491577148438,-0.14674290490629285,-12.281635066195122,1.4266474812957315,0.13142783168912797,REDUCE
2023-06-27,TQQQ,SELL,18.97262954711914,-351.3806895432645,-6666.615652715638,52.63927863713661,0.007958794477016973,CLOSE
2023-06-27,XLC,BUY,62.3472,0.5119,31.92,0.0,0.0,ADD
2023-06-27,QLD,BUY,30.9718,2.2802,70.62,0.0,0.0,ADD
2023-06-27,QQQ,BUY,357.5862,0.1342,47.99,0.0,0.0,ADD
2023-06-27,SHV,BUY,95.5011,70.0045,6685.5,0.0,0.0,OPEN
2023-06-27,GLD,BUY,177.69,0.5091,90.45,0.0,0.0,ADD
2023-06-30,XLC,SELL,62.917572021484375,-126.15321010502124,-7937.253682524125,858.6323632695323,0.12129937802068347,CLOSE
2023-06-30,USD,SELL,10.457934379577637,-344.39323133232756,-3601.6418140441824,464.81045656877006,0.14817833781885525,CLOSE
2023-06-30,XLK,SELL,85.22431182861328,-0.3491662426736406,-29.757452745643604,3.9286385231864376,0.15210293780233375,REDUCE
2023-06-30,QLD,BUY,31.8881,105.1553,3353.21,0.0,0.0,ADD
2023-06-30,SMH,BUY,150.2026,0.503,75.55,0.0,0.0,ADD
2023-06-30,QQQ,BUY,363.0804,21.9605,7973.42,0.0,0.0,ADD
2023-06-30,SHV,BUY,95.5789,0.9565,91.42,0.0,0.0,ADD
2023-06-30,GLD,BUY,178.27,0.421,75.05,0.0,0.0,ADD
2023-07-10,SMH,SELL,149.1272735595703,-0.11599439363210814,-17.29792767055187,5.305482658194531,0.44240208337229125,REDUCE
2023-07-10,QQQ,SELL,360.0727844238281,-0.04278352041339596,-15.405181322705175,1.2220503548601647,0.0861622414423664,REDUCE
2023-07-10,SHV,SELL,95.65886688232422,-70.96098252389949,-6788.0471810926365,11.123082952577429,0.0016413173279645754,CLOSE
2023-07-10,GLD,SELL,178.77999877929688,-0.46237116100008013,-82.66271559917641,0.1840690464806022,0.0022317175920558707,REDUCE
2023-07-10,QLD,BUY,31.3334,5.0346,157.75,0.0,0.0,ADD
2023-07-10,XLK,BUY,84.1459,0.3155,26.55,0.0,0.0,ADD
2023-07-10,TQQQ,BUY,19.2819,348.4671,6719.11,0.0,0.0,OPEN
2023-07-12,QLD,SELL,32.4230842590332,-4.923614944015939,-159.63878218886384,38.96550455706105,0.3229008552825776,REDUCE
2023-07-12,TQQQ,SELL,20.28226089477539,-348.46714636801147,-7067.7015758938915,348.5867830683484,0.05187986718735016,CLOSE
2023-07-12,SMH,BUY,152.4224,0.2302,35.08,0.0,0.0,ADD
2023-07-12,QQQ,BUY,366.422,0.3552,130.17,0.0,0.0,ADD
2023-07-12,SHV,BUY,95.6849,72.0845,6897.4,0.0,0.0,OPEN
2023-07-12,XLK,BUY,85.2831,1.2067,102.91,0.0,0.0,ADD
2023-07-12,GLD,BUY,181.88,0.3397,61.78,0.0,0.0,ADD
2023-07-21,QLD,SELL,32.794578552246094,-2.968243344331887,-97.34228951787372,24.593372869822975,0.3380582694970198,REDUCE
2023-07-21,QQQ,SELL,369.1837463378906,-0.03967347628310463,-14.64680260444402,1.4826698210342548,0.11262950970099639,REDUCE
2023-07-21,SHV,SELL,95.83260345458984,-72.08451002116921,-6908.046264077117,10.646148261946056,0.0015435016213625197,CLOSE
2023-07-21,XLK,SELL,86.3370361328125,-0.5447940353185906,-47.03590231224189,6.63942432617814,0.1643565146562691,REDUCE
2023-07-21,SMH,BUY,151.7219,0.5967,90.53,0.0,0.0,ADD
2023-07-21,GLD,BUY,182.18,0.186,33.88,0.0,0.0,ADD
2023-07-21,TQQQ,BUY,20.6302,336.5288,6942.66,0.0,0.0,OPEN
2023-07-26,QLD,SELL,33.12147521972656,-498.45167349623074,-16509.454751936642,4292.86229582831,0.3513960469133819,REDUCE
2023-07-26,TQQQ,SELL,20.91048812866211,-2.1911942851891015,-45.818942088038966,0.6141669895116975,0.013586329943530817,REDUCE
2023-07-26,SMH,BUY,152.5999,0.0642,9.8,0.0,0.0,ADD
2023-07-26,QQQ,BUY,371.0413,0.0796,29.54,0.0,0.0,ADD
2023-07-26,SHV,BUY,95.8673,171.5891,16449.8,0.0,0.0,OPEN
2023-07-26,XLK,BUY,86.3027,0.6989,60.31,0.0,0.0,ADD
2023-07-26,GLD,BUY,183.3,0.0318,5.82,0.0,0.0,ADD
2023-07-27,SMH,SELL,155.3425750732422,-1.0291845290627393,-159.87617497014799,52.64412950706913,0.4909365412151452,REDUCE
2023-07-27,SHV,SELL,95.902099609375,-98.79699684796465,-9474.839432820614,3.4333825732611007,0.0003624997761733084,REDUCE
2023-07-27,TQQQ,SELL,20.731687545776367,-334.3376276184655,-6931.383230582158,33.93129506673991,0.004919395652766445,CLOSE
2023-07-27,QLD,BUY,32.9382,499.1391,16440.75,0.0,0.0,ADD
2023-07-27,QQQ,BUY,370.1568,0.0378,13.98,0.0,0.0,ADD
2023-07-27,XLK,BUY,86.0527,0.1368,11.77,0.0,0.0,ADD
2023-07-27,GLD,BUY,180.42,0.5521,99.6,0.0,0.0,ADD
2023-07-31,QLD,SELL,34.19135284423828,-120.06862306359257,-4105.30865668914,335.5970217382586,0.08902458708691952,REDUCE
2023-07-31,SMH,BUY,158.4601,0.0832,13.18,0.0,0.0,ADD
2023-07-31,QQQ,BUY,377.0956,0.118,44.48,0.0,0.0,ADD
2023-07-31,SHV,BUY,95.9455,1.544,148.14,0.0,0.0,ADD
2023-07-31,USD,BUY,11.867,318.1827,3775.88,0.0,0.0,OPEN
2023-07-31,XLK,BUY,87.4253,0.5377,47.01,0.0,0.0,ADD
2023-07-31,GLD,BUY,182.35,0.4202,76.62,0.0,0.0,ADD
2023-08-02,QLD,SELL,32.492431640625,-490.8168011001362,-15947.831357816412,537.995228050813,0.034912456142971005,CLOSE
2023-08-02,QQQ,SELL,367.9650573730469,-0.3136893360821939,-115.42671454879746,11.265308468665724,0.10815242317292917,REDUCE
2023-08-02,XLK,SELL,85.40567016601562,-0.8398104327833357,-71.7245728242724,9.301610427710125,0.14900943612093576,REDUCE
2023-08-02,GLD,SELL,179.60000610351562,-0.6579339668106955,-118.16494445491116,0.719961981186619,0.006130206382785941,REDUCE
2023-08-02,SMH,BUY,152.5605,0.307,46.84,0.0,0.0,ADD
2023-08-02,SHV,BUY,95.9778,166.9391,16022.45,0.0,0.0,ADD
2023-08-02,USD,BUY,10.9136,16.847,183.86,0.0,0.0,ADD
2023-08-04,SMH,SELL,152.17572021484375,-0.052667562390393656,-8.014724238718372,2.5080752549072214,0.45546307060439917,REDUCE
2023-08-04,SHV,SELL,96.03889465332031,-72.66061206753682,-6978.244867799944,6.874767411425648,0.0009861429406885502,REDUCE
2023-08-04,USD,SELL,10.891307830810547,-0.49222343913913313,-5.360956997204539,-0.4566691590427003,-0.07849750856752935,REDUCE
2023-08-04,GLD,SELL,180.19000244140625,-0.26038783567179025,-46.91928474541237,0.4385642787587949,0.00943540191192671,REDUCE
2023-08-04,QQQ,BUY,365.6554,0.1138,41.62,0.0,0.0,ADD
2023-08-04,XLK,BUY,83.9008,1.3666,114.66,0.0,0.0,ADD
2023-08-04,TQQQ,BUY,19.8812,346.1702,6882.26,0.0,0.0,OPEN
2023-08-23,USD,SELL,10.821969032287598,-0.48610752416891234,-5.260640572917964,-0.4847011204797047,-0.0843641938714812,REDUCE
2023-08-23,XLK,SELL,83.79783630371094,-0.6360694821913888,-53.301246346460175,5.936100839359942,0.1253263507544824,REDUCE
2023-08-23,TQQQ,SELL,19.223926544189453,-346.1702078745934,-6654.750647967977,-227.51159549405676,-0.03305767601491594,CLOSE
2023-08-23,SMH,BUY,150.7156,0.0959,14.45,0.0,0.0,ADD
2023-08-23,SHV,BUY,96.2657,69.2229,6663.79,0.0,0.0,ADD
2023-08-23,GLD,BUY,177.89,0.1917,34.1,0.0,0.0,ADD
2023-08-29,SMH,SELL,152.71832275390625,-0.1520015894712054,-23.213427799970304,7.308305458952958,0.4594938223207339,REDUCE
2023-08-29,QQQ,SELL,368.3385314941406,-0.19646630767800943,-72.366111258194,7.110592589180884,0.10896538306969861,REDUCE
2023-08-29,SHV,SELL,96.3442611694336,-166.22434910211342,-16014.76210261312,50.93632332147114,0.00319073410256987,REDUCE
2023-08-29,USD,SELL,11.178572654724121,-7.2937020690604495,-81.53317850090389,-4.671639390441463,-0.054192323639378426,REDUCE
2023-08-29,XLK,SELL,85.04783630371094,-0.4268204486483581,-36.30015564772202,4.516815585586622,0.14211267842701214,REDUCE
2023-08-29,GLD,SELL,179.8699951171875,-0.027795861021046128,-4.9996413861335895,0.038006402339822706,0.0076600561032731385,REDUCE
2023-08-29,QLD,BUY,32.3141,502.3856,16234.15,0.0,0.0,OPEN
2023-08-31,USD,SELL,11.49307918548584,-326.75766341553253,-3755.451700099045,-106.52190433775098,-0.027582245568787522,CLOSE
2023-08-31,XLK,SELL,86.10665893554688,-0.19194787322171503,-16.527990052905807,2.234521808520909,0.15633167334308284,REDUCE
2023-08-31,QLD,BUY,32.8292,109.6885,3600.99,0.0,0.0,ADD
2023-08-31,SMH,BUY,154.1192,0.0653,10.07,0.0,0.0,ADD
2023-08-31,QQQ,BUY,371.5033,0.0736,27.35,0.0,0.0,ADD
2023-08-31,SHV,BUY,96.4053,0.6999,67.47,0.0,0.0,ADD
2023-08-31,GLD,BUY,180.02,0.3671,66.09,0.0,0.0,ADD
2023-09-07,QQQ,SELL,365.6750183105469,-0.20827996553927103,-76.162780212293,6.96862267461003,0.10071114271193982,REDUCE
2023-09-07,SHV,SELL,96.50257873535156,-72.3130368906169,-6978.39453612914,33.350171388538655,0.004802009841413657,CLOSE
2023-09-07,XLK,SELL,84.5233383178711,-0.22511953817476232,-19.027854887108333,2.264246538216573,0.13506916238390065,REDUCE
2023-09-07,GLD,SELL,178.02000427246094,-0.37586461350956507,-66.91142010283966,-0.18681832101576676,-0.002784250755372253,REDUCE
2023-09-07,QLD,BUY,31.7792,7.1307,226.61,0.0,0.0,ADD
2023-09-07,SMH,BUY,149.295,0.582,86.89,0.0,0.0,ADD
2023-09-07,TQQQ,BUY,19.5139,349.8536,6827.0,0.0,0.0,OPEN
2023-09-11,QLD,SELL,32.606361389160156,-6.400935486285205,-208.71121569451498,1.3259318596633471,0.006393567736075356,REDUCE
2023-09-11,TQQQ,SELL,20.2387638092041,-349.85361206401797,-7080.604622360578,253.60396463645546,0.037147200850131235,CLOSE
2023-09-11,SMH,BUY,148.4663,1.1346,168.45,0.0,0.0,ADD
2023-09-11,QQQ,BUY,370.5009,0.0892,33.07,0.0,0.0,ADD
2023-09-11,SHV,BUY,96.5289,71.8157,6932.29,0.0,0.0,OPEN
2023-09-11,XLK,BUY,85.141,0.7655,65.18,0.0,0.0,ADD
2023-09-11,GLD,BUY,178.41,0.5063,90.33,0.0,0.0,ADD
2023-09-12,SMH,SELL,147.3514862060547,-0.30947329864382905,-45.60135049625842,12.773940305346477,0.3891242175687335,REDUCE
2023-09-12,QQQ,SELL,366.39251708984375,-0.082837478966677,-30.35103242797777,2.8240588573094096,0.10259242085074738,REDUCE
2023-09-12,SHV,SELL,96.53762817382812,-71.81571337288923,-6932.918634630197,0.6295490620838144,9.081402323429799e-05,CLOSE
2023-09-12,GLD,SELL,177.49000549316406,-0.3102545565938998,-55.067082954130456,-0.31820955382617333,-0.0057453800353308715,REDUCE
2023-09-12,QLD,BUY,31.8832,5.6893,181.39,0.0,0.0,ADD
2023-09-12,XLK,BUY,83.5969,0.4913,41.07,0.0,0.0,ADD
2023-09-12,TQQQ,BUY,19.5912,349.2116,6841.47,0.0,0.0,OPEN
2023-09-13,QLD,SELL,32.115989685058594,-1.2609628045936228,-40.49706842557134,-0.35115101332426424,-0.008596482738973399,REDUCE
2023-09-13,SMH,SELL,148.5452117919922,-0.1546223537716058,-22.968410288779523,6.566829104916001,0.4003778069505084,REDUCE
2023-09-13,TQQQ,SELL,19.784500122070312,-349.2115839274802,-6908.976624841599,67.50201942738829,0.009866589196131592,CLOSE
2023-09-13,QQQ,BUY,367.7881,0.0582,21.42,0.0,0.0,ADD
2023-09-13,SHV,BUY,96.5551,71.2275,6877.38,0.0,0.0,OPEN
2023-09-13,XLK,BUY,83.8077,0.2618,21.94,0.0,0.0,ADD
2023-09-13,GLD,BUY,177.08,0.292,51.7,0.0,0.0,ADD
2023-09-15,QLD,SELL,31.48200035095215,-502.96409040430103,-15834.315670624534,-458.9385474018463,-0.028167396227948727,REDUCE
2023-09-15,QQQ,SELL,364.4465026855469,-0.11836727990112844,-43.138541192367484,3.798969694894409,0.09656865975620588,REDUCE
2023-09-15,GLD,SELL,178.33999633789062,-0.7359059540693929,-131.24146515376742,-0.12131853716645351,-0.0009235381114630625,REDUCE
2023-09-15,SMH,BUY,144.8358,0.7265,105.22,0.0,0.0,ADD
2023-09-15,SHV,BUY,96.6077,164.6074,15902.35,0.0,0.0,ADD
2023-09-15,XLK,BUY,82.793,0.0137,1.13,0.0,0.0,ADD
2023-09-18,SMH,SELL,145.31918334960938,-0.06859097725233732,-9.967584799461292,2.6567982584029197,0.36340799221560904,REDUCE
2023-09-18,SHV,SELL,96.62522888183594,-235.8348815703066,-22787.59941005155,7.876951137228987,0.00034578784493244363,CLOSE
2023-09-18,XLK,SELL,83.19087982177734,-0.26094186803212266,-21.7079835839304,2.235725207545194,0.1148159173081098,REDUCE
2023-09-18,GLD,SELL,179.38999938964844,-0.14381925724854341,-25.799736470035896,0.12730118661420398,0.004958672023468225,REDUCE
2023-09-18,QLD,BUY,31.5613,507.5937,16020.29,0.0,0.0,ADD
2023-09-18,QQQ,BUY,364.8264,0.0425,15.5,0.0,0.0,ADD
2023-09-18,TQQQ,BUY,19.2529,353.675,6809.28,0.0,0.0,OPEN
2023-09-19,QQQ,SELL,364.0487976074219,-0.06481181852170532,-23.594664603577257,2.052141951727313,0.09526005774217383,REDUCE
2023-09-19,XLK,SELL,83.14665222167969,-0.30752907994588885,-25.57001345831395,2.621278753076094,0.1142232365637923,REDUCE
2023-09-19,GLD,SELL,179.22000122070312,-0.1054670972103917,-18.901813290790415,0.0754246731315833,0.004006327217788153,REDUCE
2023-09-19,TQQQ,SELL,19.136940002441406,-353.67500974248264,-6768.25744180477,-41.01928008539418,-0.006024028947674731,CLOSE
2023-09-19,QLD,BUY,31.4226,0.4189,13.16,0.0,0.0,ADD
2023-09-19,SMH,BUY,144.0663,0.2724,39.24,0.0,0.0,ADD
2023-09-19,SHV,BUY,96.6252,70.2086,6783.92,0.0,0.0,OPEN
2023-09-20,QLD,SELL,30.596071243286133,-506.69394364855265,-15502.843998412725,-566.5284752893723,-0.03525517105391074,REDUCE
2023-09-20,QQQ,SELL,358.8027648925781,-0.037026179546751165,-13.285095594783343,0.9781224255268246,0.07947709092031063,REDUCE
2023-09-20,GLD,SELL,179.35000610351562,-0.6065400235604068,-108.78295692758547,0.5126195641423275,0.004734626090815208,REDUCE
2023-09-20,SMH,BUY,141.6985,0.0634,8.98,0.0,0.0,ADD
2023-09-20,SHV,BUY,96.6427,92.4295,8932.64,0.0,0.0,ADD
2023-09-20,XLK,BUY,81.84,0.0395,3.24,0.0,0.0,ADD
2023-09-20,TQQQ,BUY,18.3072,364.8876,6680.06,0.0,0.0,OPEN
2023-09-28,SMH,SELL,142.3496551513672,-1.2259764954673296,-174.51733135345603,43.57147657501749,0.3327442220201684,REDUCE
2023-09-28,SHV,SELL,96.7829360961914,-94.83257124853286,-9178.174682984274,14.012114135637562,0.0015290119561244264,REDUCE
2023-09-28,TQQQ,SELL,17.23542022705078,-364.8875912878217,-6288.9909714819605,-391.06920577576835,-0.05854276689110738,CLOSE
2023-09-28,QLD,BUY,29.4338,527.0481,15513.04,0.0,0.0,ADD
2023-09-28,QQQ,BUY,352.3755,0.0124,4.39,0.0,0.0,ADD
2023-09-28,XLK,BUY,80.2533,0.1739,13.96,0.0,0.0,ADD
2023-09-28,GLD,BUY,173.23,0.6367,110.3,0.0,0.0,ADD
2023-10-02,QLD,SELL,29.95037269592285,-122.56758464925325,-3670.9448406842075,13.041742956284484,0.003565360428597897,REDUCE
2023-10-02,SMH,SELL,144.26358032226562,-54.236090494092096,-7824.292597360122,2031.366504692718,0.3506632869464692,CLOSE
2023-10-02,QQQ,SELL,355.5743713378906,-0.012853048942427819,-4.570214797478911,0.29796602489371876,0.06974453987926732,REDUCE
2023-10-02,XLK,SELL,81.3929443359375,-96.20153490370976,-7830.126175449397,650.016741546814,0.09053019978743038,CLOSE
2023-10-02,XLC,BUY,64.0243,121.6429,7788.1,0.0,0.0,OPEN
2023-10-02,SHV,BUY,96.8049,0.5783,55.98,0.0,0.0,ADD
2023-10-02,BIL,BUY,80.4219,43.5783,3504.65,0.0,0.0,OPEN
2023-10-02,XLY,BUY,78.7487,98.8983,7788.1,0.0,0.0,OPEN
2023-10-02,GLD,BUY,169.65,1.1382,193.09,0.0,0.0,ADD
2023-10-18,XLC,SELL,65.1388931274414,-0.8779578795798522,-57.18920448834706,0.9785326595625448,0.017408307492625452,REDUCE
2023-10-18,SHV,SELL,97.03366088867188,-68.38381539681149,-6635.531953487744,27.151503819795913,0.004108647198294957,CLOSE
2023-10-18,GLD,SELL,180.8699951171875,-2.0522136909929594,-371.1838802693219,5.560475082448854,0.015208203314027058,REDUCE
2023-10-18,QLD,BUY,30.1242,2.2031,66.37,0.0,0.0,ADD
2023-10-18,QQQ,BUY,357.6512,0.1702,60.87,0.0,0.0,ADD
2023-10-18,BIL,BUY,80.6066,0.3378,27.22,0.0,0.0,ADD
2023-10-18,XLY,BUY,77.2872,2.8844,222.93,0.0,0.0,ADD
2023-10-18,TQQQ,BUY,17.7883,375.8948,6686.52,0.0,0.0,OPEN
2023-10-25,XLC,SELL,62.73531723022461,-1.1989020578959406,-75.21350093007095,-1.545409376074064,-0.020133289671653176,REDUCE
2023-10-25,QLD,SELL,27.97355079650879,-522.2704359634305,-14609.758569937814,-977.4811291944685,-0.06271034179636592,CLOSE
2023-10-25,QQQ,SELL,344.8262023925781,-9.7294462943939,-3354.9680170783904,119.95145324585083,0.037079084721515,REDUCE
2023-10-25,BIL,SELL,80.68571472167969,-2.0814260797358806,-167.94135088383337,0.5462217343271822,0.0032630682690852897,REDUCE
2023-10-25,GLD,SELL,183.72000122070312,-19.6859442871293,-3616.701708462089,109.44414743455242,0.031205049965731035,REDUCE
2023-10-25,TQQQ,SELL,15.892083168029785,-375.8948392420604,-5973.75204766801,-712.7672015957555,-0.10659764445817399,CLOSE
2023-10-25,SHV,BUY,97.1304,285.6055,27740.99,0.0,0.0,OPEN
2023-10-25,XLY,BUY,73.5089,0.2597,19.09,0.0,0.0,ADD
2023-10-31,BIL,SELL,80.756103515625,-41.83461035837057,-3378.4001246364114,13.923205644729268,0.004138297268777791,CLOSE
2023-10-31,XLY,SELL,74.34468078613281,-102.0422992872841,-7586.302167196164,-443.81585806341434,-0.0552689084602922,CLOSE
2023-10-31,XLC,BUY,62.7256,0.287,18.0,0.0,0.0,ADD
2023-10-31,SMH,BUY,137.0815,54.8422,7517.86,0.0,0.0,OPEN
2023-10-31,QQQ,BUY,345.3479,0.0226,7.82,0.0,0.0,ADD
2023-10-31,SHV,BUY,97.2184,0.3823,37.17,0.0,0.0,ADD
2023-10-31,GLD,BUY,184.09,18.3811,3383.77,0.0,0.0,ADD
2023-11-01,XLC,SELL,63.64634323120117,-0.8064375998031054,-51.32680427161449,-0.30232104234374935,-0.005855629753657943,REDUCE
2023-11-01,SMH,SELL,140.4949493408203,-0.9123380618118039,-128.17888977595157,3.1142501595408842,0.02490112448324866,REDUCE
2023-11-01,SHV,SELL,97.25199890136719,-219.7645319178595,-21372.540016635146,26.686867112394868,0.0012502131878009415,REDUCE
2023-11-01,QLD,BUY,28.9967,522.6023,15153.76,0.0,0.0,OPEN
2023-11-01,QQQ,BUY,351.342,8.9125,3131.34,0.0,0.0,ADD
2023-11-01,GLD,BUY,183.51,18.0115,3305.29,0.0,0.0,ADD
2023-11-30,QLD,SELL,34.12752914428711,-36.967797016761466,-1261.619570089617,189.67431156128046,0.17694402774044882,REDUCE
2023-11-30,SMH,SELL,158.3219451904297,-53.929908155967034,-8538.28796319392,1145.4970555364473,0.15494784985058052,CLOSE
2023-11-30,SHV,SELL,97.71143341064453,-66.22329443028022,-6470.773023957832,38.467020572707874,0.005980284605935138,CLOSE
2023-11-30,GLD,SELL,188.75,-16.357412911247543,-3087.4616869979736,110.63910434106012,0.03716684527510905,REDUCE
2023-11-30,XLC,BUY,67.62,3.5023,236.82,0.0,0.0,ADD
2023-11-30,QQQ,BUY,382.7104,0.1614,61.78,0.0,0.0,ADD
2023-11-30,USD,BUY,11.0027,338.9189,3729.04,0.0,0.0,OPEN
2023-11-30,XLK,BUY,90.9573,91.106,8286.75,0.0,0.0,OPEN
2023-11-30,TQQQ,BUY,21.2751,331.0788,7043.74,0.0,0.0,OPEN
2023-12-01,QLD,SELL,34.32621383666992,-0.059925782192979934,-2.057025213885936,0.31937343939039126,0.18379599645798317,REDUCE
2023-12-01,GLD,SELL,192.00999450683594,-0.4245752656055295,-81.52269441665612,4.255876885686084,0.05508026629905194,REDUCE
2023-12-01,TQQQ,SELL,21.454557418823242,-331.07877109212194,-7103.148504549366,59.40799245459281,0.00843415403400849,CLOSE
2023-12-01,XLC,BUY,67.7557,0.4514,30.59,0.0,0.0,ADD
2023-12-01,QQQ,BUY,383.803,0.1136,43.58,0.0,0.0,ADD
2023-12-01,SHV,BUY,97.7425,72.4749,7083.87,0.0,0.0,OPEN
2023-12-01,XLK,BUY,91.1636,0.3117,28.42,0.0,0.0,ADD
2023-12-04,XLC,SELL,67.07726287841797,-0.46973359444596996,-31.508443797476502,1.3809505056315912,0.04583688700066513,REDUCE
2023-12-04,QLD,SELL,33.665618896484375,-485.57461919793195,-16347.170075723103,2267.093557370575,0.1610142923879394,CLOSE
2023-12-04,QQQ,SELL,380.2399597167969,-0.1828753558603176,-69.53651794552206,7.901582388369732,0.12819973472743906,REDUCE
2023-12-04,XLK,SELL,90.05343627929688,-0.14950601976098996,-13.463530823917608,-0.13524141506521686,-0.009945119507004274,REDUCE
2023-12-04,SHV,BUY,97.7514,95.6867,9353.51,0.0,0.0,ADD
2023-12-04,USD,BUY,10.7155,6.2412,66.88,0.0,0.0,ADD
2023-12-04,GLD,BUY,187.86,0.2949,55.39,0.0,0.0,ADD
2023-12-04,TQQQ,BUY,20.8435,335.1721,6986.16,0.0,0.0,OPEN
2023-12-05,QQQ,SELL,381.19464111328125,-0.043393285811770106,-16.541288011743745,1.916341079777742,0.13103234416455645,REDUCE
2023-12-05,SHV,SELL,97.76912689208984,-168.16158851717762,-16441.01168611134,3.6283650968853043,0.00022073860699256542,CLOSE
2023-12-05,USD,SELL,10.765009880065918,-1.0992024605870274,-11.832925348412118,-0.2556121725519217,-0.021145003860776113,REDUCE
2023-12-05,XLK,SELL,90.59378814697266,-0.4152869071382866,-37.62241408549744,-0.151262673695655,-0.004004446658977701,REDUCE
2023-12-05,TQQQ,SELL,20.99384880065918,-1.9267440563348923,-40.44977339626348,0.2896686935585573,0.007212847070566797,REDUCE
2023-12-05,XLC,BUY,66.7671,0.7443,49.7,0.0,0.0,ADD
2023-12-05,QLD,BUY,33.8295,486.5992,16461.42,0.0,0.0,OPEN
2023-12-05,GLD,BUY,187.15,0.1942,36.34,0.0,0.0,ADD
2023-12-06,XLC,SELL,66.59266662597656,-0.7393292713752565,-49.23390769551861,1.8035082794036867,0.038024311445939984,REDUCE
2023-12-06,QLD,SELL,33.437129974365234,-486.5991584447284,-16270.479306333125,-190.93723005332984,-0.011599076521226492,CLOSE
2023-12-06,QQQ,SELL,378.9898986816406,-0.11292721278849195,-42.79827293311064,4.738133828397911,0.12449071232667186,REDUCE
2023-12-06,XLK,SELL,89.82748413085938,-0.012443746376059597,-1.1177904301239323,-0.014068160173822631,-0.012429255999304445,REDUCE
2023-12-06,GLD,SELL,187.83999633789062,-0.45742024914299356,-85.92181792389692,2.6442040191170912,0.03175167845395399,REDUCE
2023-12-06,SHV,BUY,97.7869,166.8929,16319.94,0.0,0.0,OPEN
2023-12-06,USD,BUY,10.4827,6.2292,65.3,0.0,0.0,ADD
2023-12-06,TQQQ,BUY,20.6204,3.1189,64.31,0.0,0.0,ADD
2023-12-07,XLC,SELL,67.9883041381836,-0.7180157465348983,-48.816672951419605,2.753606109954464,0.05977904422715774,REDUCE
2023-12-07,SHV,SELL,97.83124542236328,-94.93389998458561,-9287.501668294084,4.212460039599227,0.000453768049782699,REDUCE
2023-12-07,USD,SELL,11.017605781555176,-12.015563182792016,-132.38273839137082,0.35095378305234637,0.0026581007300134907,REDUCE
2023-12-07,TQQQ,SELL,21.483652114868164,-336.3642150077027,-7226.331779116202,216.01741149217884,0.030814226033830883,CLOSE
2023-12-07,QLD,BUY,34.3759,481.8593,16564.34,0.0,0.0,OPEN
2023-12-07,QQQ,BUY,384.2853,0.0394,15.14,0.0,0.0,ADD
2023-12-07,XLK,BUY,90.918,0.2545,23.13,0.0,0.0,ADD
2023-12-07,GLD,BUY,188.15,0.4912,92.42,0.0,0.0,ADD
2024-01-02,QLD,SELL,36.514305114746094,-481.8592987566285,-17594.757457177126,1030.4212885276634,0.06220721905402371,CLOSE
2024-01-02,USD,SELL,12.616251945495605,-31.262482432960972,-394.41535481586607,50.890770564883226,0.14814302352143116,REDUCE
2024-01-02,XLK,SELL,92.28047180175781,-91.09490707062037,-8406.281003214131,120.47837604482258,0.014540338632949235,CLOSE
2024-01-02,XLC,BUY,70.1956,0.8031,56.38,0.0,0.0,ADD
2024-01-02,SMH,BUY,167.7026,51.3255,8607.43,0.0,0.0,OPEN
2024-01-02,QQQ,BUY,397.2542,0.2131,84.64,0.0,0.0,ADD
2024-01-02,SHV,BUY,98.1733,103.3926,10150.39,0.0,0.0,ADD
2024-01-02,GLD,BUY,190.72,0.9454,180.31,0.0,0.0,ADD
2024-01-02,TQQQ,BUY,23.4435,312.0826,7316.31,0.0,0.0,OPEN
2024-01-09,SMH,SELL,171.12669372558594,-0.4835335406179191,-82.74549611137081,1.655675920338179,0.020417802338662305,REDUCE
2024-01-09,SHV,SELL,98.26244354248047,-100.09034081500015,-9835.12146348158,24.794440034906472,0.002527381602636547,REDUCE
2024-01-09,USD,SELL,13.597406387329102,-19.075446933597085,-259.3766039760503,49.76801031054151,0.23743306245334939,REDUCE
2024-01-09,TQQQ,SELL,23.9013729095459,-312.0825633010342,-7459.2017240249825,142.88982261736538,0.019530307693671922,CLOSE
2024-01-09,XLC,BUY,70.934,0.0346,2.45,0.0,0.0,ADD
2024-01-09,QLD,BUY,37.0264,469.9576,17400.85,0.0,0.0,OPEN
2024-01-09,QQQ,BUY,400.3723,0.1175,47.06,0.0,0.0,ADD
2024-01-09,GLD,BUY,187.93,0.9901,186.08,0.0,0.0,ADD
2024-01-31,QLD,SELL,38.880977630615234,-2.934955878773266,-114.11395386942604,5.443031883332867,0.050087289072870966,REDUCE
2024-01-31,SMH,SELL,184.47579956054688,-1.6260758424340562,-299.97164117911234,27.27453414605158,0.10001768791315024,REDUCE
2024-01-31,QQQ,SELL,411.4435729980469,-21.44546092692923,-8823.597068365769,1583.971003054807,0.2187918255397865,REDUCE
2024-01-31,SHV,SELL,98.57447052001953,-75.26132033106585,-7418.844802272397,42.127342304671295,0.005710852087434493,CLOSE
2024-01-31,USD,SELL,15.849600791931152,-30.16249911540925,-478.06356986621313,146.6260395673685,0.4423941954767807,REDUCE
2024-01-31,XLC,BUY,73.7224,0.498,36.71,0.0,0.0,ADD
2024-01-31,XLK,BUY,97.3218,93.29,9079.15,0.0,0.0,OPEN
2024-01-31,GLD,BUY,188.45,1.5996,301.45,0.0,0.0,ADD
2024-01-31,TQQQ,BUY,25.6403,300.9826,7717.28,0.0,0.0,OPEN
2024-02-01,QLD,SELL,39.80577087402344,-2.878449756917404,-114.57891149624265,8.00020915963247,0.07506386345712124,REDUCE
2024-02-01,USD,SELL,16.248502731323242,-1.9343005577216668,-31.42948789534057,10.174624455347118,0.4786962985705381,REDUCE
2024-02-01,TQQQ,SELL,26.54625701904297,-300.98257987853674,-7989.960923710267,272.68451791649926,0.03533429458504056,CLOSE
2024-02-01,XLC,BUY,74.4802,0.8772,65.33,0.0,0.0,ADD
2024-02-01,SMH,BUY,186.1631,0.4062,75.62,0.0,0.0,ADD
2024-02-01,QQQ,BUY,416.2885,0.1057,43.99,0.0,0.0,ADD
2024-02-01,SHV,BUY,98.6398,79.6041,7852.14,0.0,0.0,OPEN
2024-02-01,XLK,BUY,98.5477,0.4495,44.3,0.0,0.0,ADD
2024-02-01,GLD,BUY,190.41,0.2867,54.6,0.0,0.0,ADD
2024-02-16,QLD,SELL,41.27251052856445,-464.14420584367355,-19156.396622455202,1970.79627039227,0.1146771849698982,CLOSE
2024-02-16,SMH,SELL,200.23667907714844,-1.9035125763518643,-381.15303687028427,61.641422203549745,0.1929238856241411,REDUCE
2024-02-16,USD,SELL,19.239042282104492,-32.34851680725671,-622.3544826181796,266.896120948457,0.7508505910361618,REDUCE
2024-02-16,XLC,BUY,76.705,0.5379,41.26,0.0,0.0,ADD
2024-02-16,QQQ,BUY,424.8634,0.2539,107.89,0.0,0.0,ADD
2024-02-16,SHV,BUY,98.801,113.8154,11245.07,0.0,0.0,ADD
2024-02-16,XLK,BUY,99.7293,2.0701,206.45,0.0,0.0,ADD
2024-02-16,GLD,BUY,186.34,2.3477,437.47,0.0,0.0,ADD
2024-02-16,TQQQ,BUY,27.9637,290.4398,8121.77,0.0,0.0,OPEN
2024-02-21,XLC,SELL,76.50100708007812,-1.458664348461826,-111.5892916491357,17.710681781601643,0.1886551346104508,REDUCE
2024-02-21,QQQ,SELL,419.9690856933594,-0.0545132076612973,-22.893861979727262,4.4042037691821925,0.23819822513919564,REDUCE
2024-02-21,GLD,SELL,187.47999572753906,-0.886186525311084,-166.1422459791247,3.99738184209558,0.02465315113969546,REDUCE
2024-02-21,TQQQ,SELL,26.974895477294922,-290.4398029223199,-7834.583326275716,-287.1830135214938,-0.035359674423810716,CLOSE
2024-02-21,SMH,BUY,195.036,0.57,111.16,0.0,0.0,ADD
2024-02-21,SHV,BUY,98.8279,78.1774,7726.11,0.0,0.0,ADD
2024-02-21,USD,BUY,17.7178,15.7098,278.34,0.0,0.0,ADD
2024-02-21,XLK,BUY,98.0948,0.1998,19.6,0.0,0.0,ADD
2024-02-22,SMH,SELL,208.35533142089844,-1.8115168347970667,-377.43919048867974,72.78818946095502,0.2389231915057155,REDUCE
2024-02-22,QQQ,SELL,432.2639465332031,-0.019635420724016233,-8.487684454003102,1.8277898416178273,0.27444726200602676,REDUCE
2024-02-22,SHV,SELL,98.86365509033203,-188.3389739321282,-18619.87935889296,19.241505057202204,0.0010344540444473527,REDUCE
2024-02-22,USD,SELL,21.00313377380371,-31.723173148978542,-666.2860493775343,303.67892591066527,0.8374874795817742,REDUCE
2024-02-22,XLK,SELL,101.3047103881836,-0.4190447896976981,-42.451211060002606,1.6441771875568634,0.040291514269236384,REDUCE
2024-02-22,XLC,BUY,77.6475,1.6046,124.59,0.0,0.0,ADD
2024-02-22,QLD,BUY,42.6547,454.0527,19367.49,0.0,0.0,OPEN
2024-02-22,GLD,BUY,187.56,1.1861,222.46,0.0,0.0,ADD
2024-02-23,XLC,SELL,77.45315551757812,-0.07948867290205808,-6.156648544169002,1.027223494712731,0.20026094246598225,REDUCE
2024-02-23,QLD,SELL,42.381263732910156,-454.0527174918657,-19243.32796866731,-124.16543238114122,-0.006411022315072512,CLOSE
2024-02-23,QQQ,SELL,430.9910583496094,-0.003695046117187284,-1.5925318366971624,0.33925501241848866,0.2706943955608112,REDUCE
2024-02-23,XLK,SELL,101.0683822631836,-0.07716195281666655,-7.79863374344859,0.28451950156694594,0.03786467604938859,REDUCE
2024-02-23,GLD,SELL,188.6199951171875,-0.3835730667250195,-72.34954997275781,2.11989203885956,0.03018513974330972,REDUCE
2024-02-23,SMH,BUY,207.0552,0.1451,30.04,0.0,0.0,ADD
2024-02-23,SHV,BUY,98.8816,194.9746,19279.39,0.0,0.0,ADD
2024-02-23,USD,BUY,20.8322,1.0462,21.79,0.0,0.0,ADD
2024-02-29,SMH,SELL,210.3601837158203,-0.4820079730444847,-101.39528576212797,20.275502515883254,0.24994522549863785,REDUCE
2024-02-29,SHV,SELL,98.962158203125,-194.86586958104743,-19284.34701386914,22.704981980986943,0.0011787666878761982,REDUCE
2024-02-29,USD,SELL,21.491233825683594,-5.291366387273604,-113.71799228625969,52.98619968699331,0.872462303831838,REDUCE
2024-02-29,XLK,SELL,101.9004135131836,-0.2627849615398075,-26.777896245952434,1.1876130820446598,0.04640875110439002,REDUCE
2024-02-29,XLC,BUY,77.1034,1.2488,96.28,0.0,0.0,ADD
2024-02-29,QLD,BUY,42.779,453.7762,19412.1,0.0,0.0,OPEN
2024-02-29,QQQ,BUY,433.1816,0.0071,3.08,0.0,0.0,ADD
2024-02-29,GLD,BUY,189.31,0.078,14.77,0.0,0.0,ADD
2024-03-05,QLD,SELL,42.14260482788086,-453.77616255473686,-19123.309498856503,-288.7893095067286,-0.014876768986067157,CLOSE
2024-03-05,SMH,SELL,219.00485229492188,-1.4302329458552951,-313.2279550543699,72.52615540029646,0.3013112303461296,REDUCE
2024-03-05,USD,SELL,23.825193405151367,-18.291551432957693,-435.7997505704907,225.85800270419247,1.075812719478884,REDUCE
2024-03-05,GLD,SELL,197.19000244140625,-1.3723746634179577,-270.61856322991116,19.33068385629127,0.0769264474851572,REDUCE
2024-03-05,XLC,BUY,76.1027,2.7806,211.61,0.0,0.0,ADD
2024-03-05,QQQ,BUY,430.2707,0.298,128.23,0.0,0.0,ADD
2024-03-05,SHV,BUY,99.0143,198.4746,19651.82,0.0,0.0,ADD
2024-03-05,XLK,BUY,101.2112,1.4948,151.29,0.0,0.0,ADD
2024-03-07,SMH,SELL,232.41351318359375,-1.575140521698428,-366.08394240577036,100.99484668917128,0.38098453810843536,REDUCE
2024-03-07,SHV,SELL,99.06824493408203,-195.826407448764,-19400.1784976955,20.33458277617231,0.0010492645279005508,REDUCE
2024-03-07,USD,SELL,26.805822372436523,-16.645779206426806,-446.2038006582743,255.15144547657658,1.3355053657094063,REDUCE
2024-03-07,XLC,BUY,77.4434,0.7865,60.91,0.0,0.0,ADD
2024-03-07,QLD,BUY,43.9425,456.2832,20050.21,0.0,0.0,OPEN
2024-03-07,QQQ,BUY,439.5461,0.0432,18.98,0.0,0.0,ADD
2024-03-07,GLD,BUY,199.94,0.4118,82.33,0.0,0.0,ADD
2024-03-08,XLC,SELL,77.32682800292969,-2.4235494124644004,-187.40538857423599,29.926574240196572,0.19003555727005428,REDUCE
2024-03-08,QLD,SELL,42.63980484008789,-456.28320097479667,-19455.82664137593,-594.380998999319,-0.02964463060234901,CLOSE
2024-03-08,QQQ,SELL,433.20135498046875,-0.1133886223928187,-49.12010485993778,10.47317297985701,0.2709962336041234,REDUCE
2024-03-08,XLK,SELL,102.08258056640625,-0.5229914245007821,-53.388314227140654,2.4278953494091873,0.047642766736953224,REDUCE
2024-03-08,GLD,SELL,201.6300048828125,-1.2108885283241577,-244.15145987854157,22.235439034895347,0.10019753846686719,REDUCE
2024-03-08,SMH,BUY,223.3024,0.8531,190.51,0.0,0.0,ADD
2024-03-08,SHV,BUY,99.0772,112.2669,11123.1,0.0,0.0,ADD
2024-03-08,USD,BUY,24.3207,13.4497,327.11,0.0,0.0,ADD
2024-03-08,TQQQ,BUY,29.2545,285.3997,8349.21,0.0,0.0,OPEN
2024-03-12,SMH,SELL,226.26002502441406,-0.12391476175928617,-28.036957096550395,7.050459729026205,0.3359521889506214,REDUCE
2024-03-12,QQQ,SELL,437.77984619140625,-0.0034003209296101355,-1.4885919735661446,0.32963996794253086,0.2844293519861134,REDUCE
2024-03-12,USD,SELL,25.279579162597656,-5.076767328956957,-128.33854158245686,65.24467855313432,1.034089139902754,REDUCE
2024-03-12,XLK,SELL,103.88938903808594,-0.6910375914021323,-71.79147317311799,4.456592583582345,0.06618549768802784,REDUCE
2024-03-12,TQQQ,SELL,30.140960693359375,-285.3996585353419,-8602.219889811928,253.00608309565777,0.03030298288590183,CLOSE
2024-03-12,XLC,BUY,77.8612,0.439,34.18,0.0,0.0,ADD
2024-03-12,SHV,BUY,99.1042,87.128,8634.75,0.0,0.0,ADD
2024-03-12,GLD,BUY,199.79,0.8156,162.95,0.0,0.0,ADD
2024-03-14,XLC,SELL,77.81261444091797,-1.3523037193890175,-105.22628792383694,17.295502878457757,0.19669451227498902,REDUCE
2024-03-14,QQQ,SELL,433.3197937011719,-0.020223366832633864,-8.763185143860028,1.8703323701571748,0.2713437282880524,REDUCE
2024-03-14,SHV,SELL,99.15814971923828,-87.47848614910485,-8674.204826785251,9.332375241658495,0.0010770355009663835,REDUCE
2024-03-14,XLK,SELL,102.78659057617188,-0.05904944888672589,-6.069491526468482,0.3156980438331934,0.054867809348033925,REDUCE
2024-03-14,GLD,SELL,200.35000610351562,-0.5907360358819465,-118.3539683945146,9.902958412124022,0.09131273571110121,REDUCE
2024-03-14,SMH,BUY,217.8139,1.1894,259.06,0.0,0.0,ADD
2024-03-14,USD,BUY,23.2281,13.4448,312.3,0.0,0.0,ADD
2024-03-14,TQQQ,BUY,29.2009,285.6509,8341.26,0.0,0.0,OPEN
2024-03-18,XLC,SELL,78.61746215820312,-1.548720997628356,-121.75651442466187,21.054097367603422,0.20907241338282945,REDUCE
2024-03-18,USD,SELL,23.208255767822266,-0.23036791945468485,-5.346437595405405,2.307483135214863,0.7593016497753586,REDUCE
2024-03-18,GLD,SELL,200.02999877929688,-0.019461914288156464,-3.8929666913027177,0.3200269474285442,0.08956964582938531,REDUCE
2024-03-18,TQQQ,SELL,28.928112030029297,-285.65093909694883,-8263.342367679612,-77.91753092039924,-0.009341218457115441,CLOSE
2024-03-18,SMH,BUY,216.6427,0.1501,32.51,0.0,0.0,ADD
2024-03-18,QQQ,BUY,432.2526,0.0077,3.33,0.0,0.0,ADD
2024-03-18,SHV,BUY,99.1851,83.4621,8278.2,0.0,0.0,ADD
2024-03-18,XLK,BUY,101.7333,0.7893,80.3,0.0,0.0,ADD
2024-03-19,QQQ,SELL,433.32952880859375,-0.04006604676428104,-17.361801165588986,3.7043834003952845,0.2712360025945757,REDUCE
2024-03-19,SHV,SELL,99.194091796875,-83.86209767904711,-8318.624615453897,8.636516607746433,0.001039293498981797,REDUCE
2024-03-19,XLK,SELL,102.26099395751953,-0.4578396163732896,-46.81913424346203,2.191007049914202,0.04909475677552,REDUCE
2024-03-19,XLC,BUY,78.5882,0.0969,7.61,0.0,0.0,ADD
2024-03-19,SMH,BUY,216.1663,0.118,25.51,0.0,0.0,ADD
2024-03-19,USD,BUY,23.1686,0.4021,9.32,0.0,0.0,ADD
2024-03-19,GLD,BUY,199.8,0.0648,12.95,0.0,0.0,ADD
2024-03-19,TQQQ,BUY,29.1278,285.8924,8327.42,0.0,0.0,OPEN
2024-03-20,SMH,SELL,219.630126953125,-0.1407493357019366,-30.91279446878434,6.857002832716712,0.2850458191712879,REDUCE
2024-03-20,USD,SELL,23.840059280395508,-2.9795923847823174,-71.03365908462547,31.664826685305417,0.8043120599597033,REDUCE
2024-03-20,TQQQ,SELL,30.161724090576172,-285.8923826250906,-8623.007164335415,295.58611753019284,0.03549551726384648,CLOSE
2024-03-20,XLC,BUY,79.5137,0.1345,10.7,0.0,0.0,ADD
2024-03-20,QQQ,BUY,438.4674,0.0192,8.43,0.0,0.0,ADD
2024-03-20,SHV,BUY,99.2211,87.4955,8681.4,0.0,0.0,ADD
2024-03-20,XLK,BUY,103.4051,0.1592,16.47,0.0,0.0,ADD
2024-03-20,GLD,BUY,202.18,0.0394,7.97,0.0,0.0,ADD
2024-03-28,SMH,SELL,223.30238342285156,-0.4990422202242361,-111.4373172047035,26.14486727984305,0.306532023677075,REDUCE
2024-03-28,SHV,SELL,99.37389373779297,-84.21914252169863,-8369.184119639322,20.455940171892355,0.002450186391527387,REDUCE
2024-03-28,USD,SELL,24.568490982055664,-4.5555942323083825,-111.92407581437328,51.73180699027351,0.8594427158319895,REDUCE
2024-03-28,GLD,SELL,205.72000122070312,-0.49278956432526455,-101.37666977454319,10.886218476111518,0.12030240008649606,REDUCE
2024-03-28,XLC,BUY,79.5527,0.6237,49.62,0.0,0.0,ADD
2024-03-28,QQQ,BUY,438.7045,0.0952,41.74,0.0,0.0,ADD
2024-03-28,XLK,BUY,102.7048,1.1847,121.67,0.0,0.0,ADD
2024-03-28,TQQQ,BUY,30.0933,281.82,8480.89,0.0,0.0,OPEN
2024-04-03,XLC,SELL,80.67300415039062,-1.3902369624303619,-112.15459224017104,21.620650873323864,0.23881265464535684,REDUCE
2024-04-03,SMH,SELL,224.21548461914062,-0.055505353825505935,-12.445159806942684,2.958612537261975,0.3118745369790956,REDUCE
2024-04-03,GLD,SELL,212.74000549316406,-1.2470706758544532,-265.3018224316402,36.30349042835812,0.15853168060559408,REDUCE
2024-04-03,TQQQ,SELL,29.663103103637695,-281.8199591538932,-8359.654505044899,-121.23427121652325,-0.014294996009836414,CLOSE
2024-04-03,QQQ,BUY,436.8174,0.1387,60.58,0.0,0.0,ADD
2024-04-03,SHV,BUY,99.4028,86.073,8555.89,0.0,0.0,ADD
2024-04-03,USD,BUY,24.2959,2.5752,62.57,0.0,0.0,ADD
2024-04-03,XLK,BUY,102.2709,0.6895,70.51,0.0,0.0,ADD
2024-04-04,SHV,SELL,99.46600341796875,-88.25434336075271,-8778.306818371217,22.368408063789136,0.002554655710855336,REDUCE
2024-04-04,GLD,SELL,211.52000427246094,-0.28214595372272666,-59.679513336888704,7.869336067095841,0.15188784292548507,REDUCE
2024-04-04,XLC,BUY,79.5819,0.0972,7.73,0.0,0.0,ADD
2024-04-04,SMH,BUY,218.2406,0.6371,139.04,0.0,0.0,ADD
2024-04-04,QQQ,BUY,430.1381,0.0502,21.59,0.0,0.0,ADD
2024-04-04,USD,BUY,22.678,10.6897,242.42,0.0,0.0,ADD
2024-04-04,XLK,BUY,100.6534,0.3046,30.66,0.0,0.0,ADD
2024-04-04,TQQQ,BUY,28.265,297.0647,8396.54,0.0,0.0,OPEN
2024-04-09,SMH,SELL,222.41905212402344,-0.11867479176018703,-26.395534694316666,6.033495814134228,0.29631098583189486,REDUCE
2024-04-09,GLD,SELL,217.6699981689453,-0.48609331848109655,-105.80793174371684,16.547105324362473,0.1853792530064966,REDUCE
2024-04-09,TQQQ,SELL,29.584888458251953,-297.0647365893838,-8788.627096876919,392.0907986738519,0.04669673121734297,CLOSE
2024-04-09,XLC,BUY,80.4879,0.6246,50.27,0.0,0.0,ADD
2024-04-09,QQQ,BUY,436.9459,0.0124,5.43,0.0,0.0,ADD
2024-04-09,SHV,BUY,99.4931,89.0006,8854.95,0.0,0.0,ADD
2024-04-09,XLK,BUY,102.2018,0.0996,10.18,0.0,0.0,ADD
2024-04-10,SHV,SELL,99.48406219482422,-86.90501480089031,-8645.66389749389,16.05183313081713,0.0018600874536534029,REDUCE
2024-04-10,USD,SELL,23.022428512573242,-0.8596258230040127,-19.790674057671822,7.863691301986576,0.6593194157372437,REDUCE
2024-04-10,XLC,BUY,79.8547,0.2792,22.3,0.0,0.0,ADD
2024-04-10,SMH,BUY,220.4837,0.1391,30.67,0.0,0.0,ADD
2024-04-10,QQQ,BUY,433.132,0.0607,26.3,0.0,0.0,ADD
2024-04-10,XLK,BUY,100.9493,0.6631,66.94,0.0,0.0,ADD
2024-04-10,GLD,BUY,215.61,0.1511,32.58,0.0,0.0,ADD
2024-04-10,TQQQ,BUY,28.8076,294.5979,8486.66,0.0,0.0,OPEN
2024-04-11,SMH,SELL,225.60496520996094,-0.1846772873092647,-41.66411297847662,9.949721830332667,0.31372892463410773,REDUCE
2024-04-11,USD,SELL,24.531328201293945,-8.513934408500846,-208.8581192592237,90.73050355037029,0.7680719110930996,REDUCE
2024-04-11,XLK,SELL,102.9661865234375,-0.08968542673173543,-9.234566377293959,0.4795726745573895,0.054777043918088575,REDUCE
2024-04-11,GLD,SELL,219.8000030517578,-0.014620805038670914,-3.213652992119023,0.5270543705911483,0.1961790519684743,REDUCE
2024-04-11,TQQQ,SELL,30.161724090576172,-294.59785659858943,-8885.57926840178,398.91474364831805,0.04700489131917318,CLOSE
2024-04-11,XLC,BUY,80.5561,1.273,102.55,0.0,0.0,ADD
2024-04-11,QQQ,BUY,440.0483,0.0595,26.19,0.0,0.0,ADD
2024-04-11,SHV,BUY,99.5292,90.6248,9019.81,0.0,0.0,ADD
2024-04-15,SHV,SELL,99.54724884033203,-91.34632164292421,-9093.275011237183,16.11361487185926,0.0017751821487179686,REDUCE
2024-04-15,GLD,SELL,220.9499969482422,-1.0504413783851736,-232.0950193485114,39.07456994773146,0.20243746229498494,REDUCE
2024-04-15,XLC,BUY,78.2278,0.9492,74.26,0.0,0.0,ADD
2024-04-15,SMH,BUY,215.7296,1.0455,225.55,0.0,0.0,ADD
2024-04-15,QQQ,BUY,425.9093,0.2137,91.03,0.0,0.0,ADD
2024-04-15,USD,BUY,22.1899,15.2358,338.08,0.0,0.0,ADD
2024-04-15,XLK,BUY,99.3762,1.3577,134.92,0.0,0.0,ADD
2024-04-15,TQQQ,BUY,27.2629,310.3681,8461.53,0.0,0.0,OPEN
2024-04-24,XLC,SELL,78.75385284423828,-3.456065714637945,-272.1784907106139,45.83314603206987,0.2024921082302893,REDUCE
2024-04-24,QQQ,SELL,421.4136657714844,-0.2020287772384988,-85.1376876074064,15.663014587032047,0.22544927390214076,REDUCE
2024-04-24,XLK,SELL,97.65513610839844,-0.3362467350404479,-32.836220676379526,0.004171874619462427,0.00012706714237209482,REDUCE
2024-04-24,TQQQ,SELL,26.255857467651367,-310.3681155672008,-8148.981004835971,-312.5466027064969,-0.03693737315563417,CLOSE
2024-04-24,SMH,BUY,206.4795,1.0733,221.6,0.0,0.0,ADD
2024-04-24,SHV,BUY,99.6827,78.7449,7849.51,0.0,0.0,ADD
2024-04-24,USD,BUY,19.747,20.298,400.82,0.0,0.0,ADD
2024-04-24,GLD,BUY,214.64,0.3131,67.2,0.0,0.0,ADD
2024-04-30,SMH,SELL,212.484130859375,-1.2460200649608304,-264.75949053654404,48.58389040544596,0.22474271090716358,REDUCE
2024-04-30,USD,SELL,21.724136352539062,-222.17473071855784,-4826.5541442185995,1498.077037402682,0.4500788166260725,CLOSE
2024-04-30,XLK,SELL,96.78723907470703,-99.83602901312246,-9662.853608362471,-85.40870960018059,-0.008761429146485145,CLOSE
2024-04-30,XLC,BUY,75.8508,4.9856,378.16,0.0,0.0,ADD
2024-04-30,QQQ,BUY,419.5166,23.4115,9821.52,0.0,0.0,ADD
2024-04-30,SHV,BUY,99.7459,0.3595,35.86,0.0,0.0,ADD
2024-04-30,GLD,BUY,211.87,21.3273,4518.62,0.0,0.0,ADD
2024-05-01,XLC,SELL,76.55218505859375,-1.5088197154844885,-115.50344607982333,16.082467548033705,0.16176130818196865,REDUCE
2024-05-01,SHV,SELL,99.77671813964844,-83.80676293347523,-8361.963763409694,26.600335501516202,0.003191262832338504,REDUCE
2024-05-01,GLD,SELL,213.7899932861328,-0.691335245138774,-147.80055741668548,13.737890296529061,0.10247364603164422,REDUCE
2024-05-01,SMH,BUY,206.2909,1.2581,259.54,0.0,0.0,ADD
2024-05-01,QQQ,BUY,416.4833,0.2019,84.1,0.0,0.0,ADD
2024-05-01,TQQQ,BUY,25.2244,328.3184,8281.63,0.0,0.0,OPEN
2024-05-02,SMH,SELL,210.43959045410156,-0.4557554526898536,-95.90899081127645,16.44047990477035,0.20688043247862553,REDUCE
2024-05-02,QQQ,SELL,421.7989807128906,-0.10667620139294398,-44.99591301386681,3.9109850577691216,0.0951926960161229,REDUCE
2024-05-02,TQQQ,SELL,26.158084869384766,-328.3183573066662,-8588.179454604766,306.5479034878371,0.03701539987570368,CLOSE
2024-05-02,XLC,BUY,77.3218,0.0269,2.08,0.0,0.0,ADD
2024-05-02,SHV,BUY,99.8221,85.7312,8557.86,0.0,0.0,ADD
2024-05-02,GLD,BUY,213.13,0.7936,169.14,0.0,0.0,ADD
2024-05-14,XLC,SELL,79.89366912841797,-0.6968191617909274,-55.671439554465906,9.75410472894249,0.21242750185754722,REDUCE
2024-05-14,SMH,SELL,225.37669372558594,-1.8943456981626063,-426.941370225175,96.63082564114207,0.2925453856244018,REDUCE
2024-05-14,QQQ,SELL,440.6015625,-0.7014090387690032,-309.0419184332459,38.90350471685411,0.14401322707735087,REDUCE
2024-05-14,SHV,SELL,99.95809173583984,-195.01684888658144,-19493.512071039324,75.68864639304695,0.0038978954920858566,REDUCE
2024-05-14,QLD,BUY,43.3936,466.1913,20229.71,0.0,0.0,OPEN
2024-05-14,GLD,BUY,218.09,0.2543,55.46,0.0,0.0,ADD
2024-05-30,QLD,SELL,44.338871002197266,-2.4678046339335586,-109.4196713226047,2.332771256594604,0.02178390872419178,REDUCE
2024-05-30,SMH,SELL,240.4527587890625,-2.125070980635351,-510.9791799163486,140.43786131002557,0.37900729084205587,REDUCE
2024-05-30,SHV,SELL,100.1666488647461,-86.01232032374833,-8615.565887910963,51.321014064172054,0.005992473921535568,CLOSE
2024-05-30,XLC,BUY,80.2541,1.4952,120.0,0.0,0.0,ADD
2024-05-30,QQQ,BUY,446.1544,0.1582,70.59,0.0,0.0,ADD
2024-05-30,GLD,BUY,216.57,1.4174,306.97,0.0,0.0,ADD
2024-05-30,TQQQ,BUY,30.6017,285.5533,8738.41,0.0,0.0,OPEN
2024-05-31,XLC,SELL,81.11141204833984,-1.4921036606696085,-121.02663483940887,22.45345705953111,0.22778465263310865,REDUCE
2024-05-31,QLD,SELL,44.338871002197266,-0.5055257956087418,-22.414443039779144,0.477864426238427,0.02178390872419178,REDUCE
2024-05-31,GLD,SELL,215.3000030517578,-21.16754620999756,-4557.3727636107,434.2438938988549,0.10531902048678954,REDUCE
2024-05-31,TQQQ,SELL,30.567466735839844,-285.55334628511093,-8728.642413877884,-9.771561786082662,-0.0011182305866139775,CLOSE
2024-05-31,SMH,BUY,238.6762,0.2713,64.75,0.0,0.0,ADD
2024-05-31,QQQ,BUY,445.3245,0.0329,14.64,0.0,0.0,ADD
2024-05-31,SHV,BUY,100.2029,87.1121,8728.89,0.0,0.0,OPEN
2024-05-31,USD,BUY,29.0778,158.9243,4621.18,0.0,0.0,OPEN
2024-06-03,SMH,SELL,241.6536865234375,-0.16992681146901326,-41.063440430660194,11.364983821209396,0.38267927423517256,REDUCE
2024-06-03,SHV,SELL,100.22295379638672,-87.11211797564323,-8730.63377497828,1.7459376062177812,0.00020001833437954808,CLOSE
2024-06-03,USD,SELL,30.428159713745117,-5.7653301752108685,-175.42838737379043,7.785067339920256,0.04643827942770029,REDUCE
2024-06-03,GLD,SELL,217.22000122070312,-0.017735498322086672,-3.852504967173445,0.39788890421269435,0.1151760128943784,REDUCE
2024-06-03,XLC,BUY,81.4329,0.5691,46.35,0.0,0.0,ADD
2024-06-03,QLD,BUY,44.6225,0.9575,42.73,0.0,0.0,ADD
2024-06-03,QQQ,BUY,447.7156,0.1318,59.03,0.0,0.0,ADD
2024-06-03,TQQQ,BUY,30.8657,285.1997,8802.88,0.0,0.0,OPEN
2024-06-05,QLD,SELL,46.65731430053711,-3.499595086668171,-163.28170788329226,11.412845559336185,0.07514934519619376,REDUCE
2024-06-05,SMH,SELL,252.50169372558594,-0.2941790917025102,-74.2807189135383,22.86643699530311,0.44474873794149095,REDUCE
2024-06-05,USD,SELL,33.592132568359375,-9.192955335699807,-308.8109743318346,41.499735154898865,0.15524874779930165,REDUCE
2024-06-05,TQQQ,SELL,32.97258377075195,-285.19970659352464,-9403.771217048868,600.8935788979168,0.06826103958252161,CLOSE
2024-06-05,XLC,BUY,82.7383,2.7146,224.6,0.0,0.0,ADD
2024-06-05,QQQ,BUY,457.9913,0.6177,282.92,0.0,0.0,ADD
2024-06-05,SHV,BUY,100.2503,91.121,9134.91,0.0,0.0,OPEN
2024-06-05,GLD,BUY,217.82,1.4127,307.71,0.0,0.0,ADD
2024-06-24,QLD,SELL,48.731964111328125,-12.675764330216703,-617.7148924237736,67.63585177985637,0.12295660583737655,REDUCE
2024-06-24,QQQ,SELL,469.0409851074219,-0.3560501075245057,-167.00209318089765,29.341896057650487,0.21314727619764118,REDUCE
2024-06-24,SHV,SELL,100.53253936767578,-91.12103314205491,-9160.628851576925,25.722337541624924,0.0028158293138635937,CLOSE
2024-06-24,XLC,BUY,83.0255,1.5865,131.72,0.0,0.0,ADD
2024-06-24,SMH,BUY,253.8614,0.4378,111.14,0.0,0.0,ADD
2024-06-24,USD,BUY,32.8117,5.7424,188.42,0.0,0.0,ADD
2024-06-24,GLD,BUY,215.63,1.0922,235.51,0.0,0.0,ADD
2024-06-24,TQQQ,BUY,35.1382,264.0595,9278.57,0.0,0.0,OPEN
2024-06-27,QLD,SELL,50.27273941040039,-3.979277733886383,-200.04919255727873,27.3639625949368,0.15846151173962109,REDUCE
2024-06-27,USD,SELL,34.24623489379883,-3.0504832724301547,-104.4675666872472,15.329231923203865,0.17197126201405522,REDUCE
2024-06-27,TQQQ,SELL,36.8035774230957,-264.0595420809187,-9718.335801282288,439.7681684974797,0.04739612684867511,CLOSE
2024-06-27,XLC,BUY,84.4418,0.6975,58.89,0.0,0.0,ADD
2024-06-27,SMH,BUY,256.9183,0.4424,113.67,0.0,0.0,ADD
2024-06-27,QQQ,BUY,476.6116,0.2675,127.5,0.0,0.0,ADD
2024-06-27,SHV,BUY,100.5781,94.3239,9486.91,0.0,0.0,OPEN
2024-06-27,GLD,BUY,214.99,1.0972,235.88,0.0,0.0,ADD
2024-07-01,SMH,SELL,259.0522155761719,-0.312102494100531,-80.85084258359166,25.794190876580092,0.46850271632655693,REDUCE
2024-07-01,QQQ,SELL,476.91839599609375,-23.409223122671996,-11164.289143179398,2100.538701000316,0.23175160375392134,REDUCE
2024-07-01,USD,SELL,34.83343505859375,-2.319154751450296,-80.784126425473,13.01598146537588,0.19206636795266974,REDUCE
2024-07-01,GLD,SELL,215.57000732421875,-0.07199331576741376,-15.519599607276177,1.3699533055264281,0.09681890814168415,REDUCE
2024-07-01,XLC,BUY,83.3185,1.9242,160.32,0.0,0.0,ADD
2024-07-01,QLD,BUY,50.3176,0.0755,3.8,0.0,0.0,ADD
2024-07-01,SHV,BUY,100.6382,0.0437,4.4,0.0,0.0,ADD
2024-07-01,XLK,BUY,112.6019,99.225,11172.92,0.0,0.0,OPEN
2024-07-17,XLC,SELL,83.55290222167969,-1.0362614613367214,-86.58265255516199,17.14290330442759,0.24687449896352098,REDUCE
2024-07-17,QLD,SELL,50.04861831665039,-444.0962944404227,-22226.405936287505,2953.8255637379702,0.15326570218615787,CLOSE
2024-07-17,QQQ,SELL,476.76995849609375,-0.09211991621762272,-43.92000863173962,8.252360586541524,0.2313682297213464,REDUCE
2024-07-17,GLD,SELL,227.22999572753906,-2.466924586240283,-560.5592631915406,75.70716301657048,0.15614485941021972,REDUCE
2024-07-17,SMH,BUY,252.3131,0.9334,235.51,0.0,0.0,ADD
2024-07-17,SHV,BUY,100.876,126.057,12716.13,0.0,0.0,ADD
2024-07-17,USD,BUY,31.9222,12.386,395.39,0.0,0.0,ADD
2024-07-17,XLK,BUY,110.8334,1.0857,120.33,0.0,0.0,ADD
2024-07-17,TQQQ,BUY,36.3865,259.7149,9450.11,0.0,0.0,OPEN
2024-07-31,XLC,SELL,83.7970962524414,-3.016141441091313,-252.74389465010609,50.63263876690164,0.25051864897698284,REDUCE
2024-07-31,USD,SELL,30.24481201171875,-156.7247990457562,-4740.112084713295,126.99202054357438,0.027528444691896636,CLOSE
2024-07-31,XLK,SELL,108.08679962158203,-100.31066707423182,-10842.25897195972,-450.99704658184356,-0.039935076814107906,CLOSE
2024-07-31,TQQQ,SELL,33.505977630615234,-259.71487716426424,-8702.00086460382,-748.1079190106268,-0.07916394785928516,CLOSE
2024-07-31,SMH,BUY,245.1374,0.3914,95.94,0.0,0.0,ADD
2024-07-31,QQQ,BUY,466.181,23.4248,10920.2,0.0,0.0,ADD
2024-07-31,SHV,BUY,101.0863,86.8172,8776.03,0.0,0.0,ADD
2024-07-31,GLD,BUY,226.55,20.9444,4744.95,0.0,0.0,ADD
2024-08-02,XLC,SELL,82.77149963378906,-1.995340170468353,-165.1572981892059,31.449806135501223,0.2352134921719209,REDUCE
2024-08-02,SHV,SELL,101.2038803100586,-97.78356208964225,-9896.075914011337,35.19723406344913,0.003569381107489278,REDUCE
2024-08-02,GLD,SELL,225.33999633789062,-1.3864712170431819,-312.42741897110136,25.99335929108062,0.09074814398859599,REDUCE
2024-08-02,SMH,BUY,216.7916,4.4355,961.57,0.0,0.0,ADD
2024-08-02,QQQ,BUY,444.0927,0.9073,402.95,0.0,0.0,ADD
2024-08-02,TQQQ,BUY,28.8246,312.5508,9009.14,0.0,0.0,OPEN
2024-08-09,XLC,SELL,83.23057556152344,-0.06727806407067673,-5.599591995267474,1.0912974446660257,0.2420643621256815,REDUCE
2024-08-09,SMH,SELL,223.16342163085938,-1.1576054528773678,-258.33519376265394,47.57111997671688,0.22570791654479305,REDUCE
2024-08-09,TQQQ,SELL,28.878541946411133,-312.5508409012662,-9026.012569353288,16.869666473053037,0.001872505148925896,CLOSE
2024-08-09,QQQ,BUY,445.7354,0.058,25.86,0.0,0.0,ADD
2024-08-09,SHV,BUY,101.2682,90.327,9147.25,0.0,0.0,ADD
2024-08-09,GLD,BUY,224.56,0.5203,116.84,0.0,0.0,ADD
2024-08-26,SMH,SELL,240.75051879882812,-2.0233883168011424,-487.1317870013627,118.73548803795732,0.3223036940709112,REDUCE
2024-08-26,QQQ,SELL,470.4067077636719,-0.9330423981393176,-438.90940271263753,37.43453241189351,0.09324252943615474,REDUCE
2024-08-26,SHV,SELL,101.50704193115234,-82.96232170949979,-8421.259868471945,44.40792362129335,0.005301266384275971,REDUCE
2024-08-26,GLD,SELL,232.75999450683594,-0.20456495075056558,-47.61453681299281,5.3220140024048135,0.12583817773747086,REDUCE
2024-08-26,XLC,BUY,85.6627,0.4794,41.07,0.0,0.0,ADD
2024-08-26,TQQQ,BUY,33.5943,278.4354,9353.85,0.0,0.0,OPEN
2024-08-27,SMH,SELL,243.1721954345703,-0.3172564091525759,-77.14793752932019,19.385378566341206,0.3356045665976404,REDUCE
2024-08-27,TQQQ,SELL,33.87892150878906,-278.4354311306692,-9433.092116541784,79.2467785517091,0.008472106998589357,CLOSE
2024-08-27,XLC,BUY,85.4674,0.6861,58.64,0.0,0.0,ADD
2024-08-27,QQQ,BUY,471.812,0.0026,1.24,0.0,0.0,ADD
2024-08-27,SHV,BUY,101.5254,93.0355,9445.47,0.0,0.0,ADD
2024-08-27,GLD,BUY,233.39,0.0209,4.89,0.0,0.0,ADD
2024-08-28,SHV,SELL,101.54376983642578,-93.89509581452626,-9534.4619981594,38.10062459988205,0.004012128761860856,REDUCE
2024-08-28,SMH,BUY,239.0831,0.4702,112.41,0.0,0.0,ADD
2024-08-28,QQQ,BUY,466.4581,0.2064,96.29,0.0,0.0,ADD
2024-08-28,GLD,BUY,231.75,0.0245,5.67,0.0,0.0,ADD
2024-08-28,TQQQ,BUY,32.7306,284.7514,9320.1,0.0,0.0,OPEN
2024-09-03,XLC,SELL,83.72872924804688,-1.1145993892542112,-93.32399048290426,18.44835228162522,0.24638657812882703,REDUCE
2024-09-03,QQQ,SELL,457.01708984375,-0.09204634623549823,-42.066753287297615,2.4444835454962064,0.06169468739236006,REDUCE
2024-09-03,SHV,SELL,101.62197875976562,-4.98141000879829,-506.22074210778374,2.4109405090042815,0.004785418031474364,REDUCE
2024-09-03,GLD,SELL,230.2899932861328,-21.939092634165622,-5052.353495425847,516.1663373037344,0.11378858925155466,REDUCE
2024-09-03,SSO,BUY,41.1056,117.3586,4824.09,0.0,0.0,OPEN
2024-09-03,SMH,BUY,223.5009,2.1028,469.97,0.0,0.0,ADD
2024-09-03,TQQQ,BUY,30.596,13.0705,399.91,0.0,0.0,ADD
2024-09-10,QQQ,SELL,453.8998107910156,-0.048118813509130304,-21.841120347282413,1.127896123951799,0.054452948116178845,REDUCE
2024-09-10,GLD,SELL,232.6199951171875,-0.7066572271232138,-164.38260072292724,18.272208086244046,0.12505755241983074,REDUCE
2024-09-10,TQQQ,SELL,29.786365509033203,-297.8218555235827,-8871.030645203913,-848.971324302278,-0.08734271113994518,CLOSE
2024-09-10,SSO,BUY,40.5399,0.6948,28.17,0.0,0.0,ADD
2024-09-10,XLC,BUY,82.1561,1.4171,116.42,0.0,0.0,ADD
2024-09-10,SMH,BUY,220.2753,0.3168,69.79,0.0,0.0,ADD
2024-09-10,SHV,BUY,101.7511,86.9069,8842.88,0.0,0.0,ADD
2024-09-25,SSO,SELL,43.8719367980957,-3.89680835721138,-170.96052996186882,10.79301172845081,0.067385771144445,REDUCE
2024-09-25,XLC,SELL,87.16698455810547,-1.7718955755785784,-154.45079427503333,35.129319644458235,0.29440903033775156,REDUCE
2024-09-25,SMH,SELL,243.69822692871094,-2.612605928854417,-636.6874325252593,154.19306828909603,0.31957485873062796,REDUCE
2024-09-25,QQQ,SELL,481.45355224609375,-0.5817359952627825,-280.07886138868344,29.664787767062364,0.11846294155130543,REDUCE
2024-09-25,SHV,SELL,102.00940704345703,-205.15168617744752,-20927.401860926802,142.07563802852067,0.006835381677676056,REDUCE
2024-09-25,GLD,SELL,245.72999572753906,-0.36378590418147644,-89.39310868025314,14.17573418027011,0.18846356010835374,REDUCE
2024-09-25,QLD,BUY,49.8151,446.8319,22258.97,0.0,0.0,OPEN
2024-09-30,SSO,SELL,44.43870544433594,-114.15654739142755,-5072.969184070025,380.88037453334795,0.08117501394244875,CLOSE
2024-09-30,XLC,SELL,88.5680160522461,-1.4567651085616526,-129.02279551944048,30.92256696212972,0.31521401547056094,REDUCE
2024-09-30,QLD,SELL,50.17885208129883,-1.2518222160324697,-62.815001810377,0.45535567944332955,0.007302088893949676,REDUCE
2024-09-30,SMH,SELL,243.60890197753906,-45.669131179746586,-11125.406900966258,2691.2614485551544,0.319091182828225,CLOSE
2024-09-30,QQQ,SELL,483.6833190917969,-0.006438111144351527,-3.114006966981833,0.3426576758698743,0.12364290454791016,REDUCE
2024-09-30,SHV,BUY,102.0555,0.3734,38.1,0.0,0.0,ADD
2024-09-30,XLY,BUY,98.7422,113.2175,11179.35,0.0,0.0,OPEN
2024-09-30,GLD,BUY,243.06,21.2946,5175.88,0.0,0.0,ADD
2024-10-01,XLC,SELL,88.6365966796875,-1.2300101192917794,-109.02391085559975,26.193622622332455,0.31623242150945763,REDUCE
2024-10-01,QLD,SELL,48.75869369506836,-445.58003332252775,-21725.900361411484,-470.7125802154831,-0.02120650485969955,CLOSE
2024-10-01,XLY,SELL,98.34307861328125,-0.5610490460932542,-55.17529044585535,-0.22394962343256353,-0.004042467426493057,REDUCE
2024-10-01,GLD,SELL,245.61000061035156,-1.1520238791411899,-282.9485856590072,29.860742910177343,0.11798568665272402,REDUCE
2024-10-01,QQQ,BUY,476.9444,0.2148,102.47,0.0,0.0,ADD
2024-10-01,SHV,BUY,102.0778,123.9589,12653.44,0.0,0.0,ADD
2024-10-01,TQQQ,BUY,34.1751,275.5554,9417.13,0.0,0.0,OPEN
2024-10-03,QQQ,SELL,477.26153564453125,-0.16086213675609007,-76.77331041527214,7.491211513760434,0.10812622066213096,REDUCE
2024-10-03,SHV,SELL,102.07777404785156,-217.06938570823417,-22157.959707031067,70.57260994430166,0.003195154303861081,CLOSE
2024-10-03,GLD,SELL,245.49000549316406,-0.15208128160815007,-37.334434657392194,3.9237352946520327,0.11743948404228277,REDUCE
2024-10-03,TQQQ,SELL,34.22432327270508,-1.244057724927646,-42.57703374782977,0.06124330497814664,0.0014404837435744167,REDUCE
2024-10-03,XLC,BUY,88.0585,0.4329,38.12,0.0,0.0,ADD
2024-10-03,QLD,BUY,48.8434,452.2554,22089.7,0.0,0.0,OPEN
2024-10-03,XLY,BUY,96.3817,1.9384,186.83,0.0,0.0,ADD
2024-10-04,QLD,SELL,50.004451751708984,-3.803683265507126,-190.20109632883396,4.41623321033382,0.023770683661763048,REDUCE
2024-10-04,TQQQ,SELL,35.43044662475586,-274.3113718787802,-9718.974419914679,344.35733486932617,0.03673294938293048,CLOSE
2024-10-04,XLC,BUY,89.0383,0.5004,44.56,0.0,0.0,ADD
2024-10-04,QQQ,BUY,482.9401,0.138,66.66,0.0,0.0,ADD
2024-10-04,SHV,BUY,102.1148,93.3307,9530.45,0.0,0.0,OPEN
2024-10-04,XLY,BUY,97.6581,0.2169,21.18,0.0,0.0,ADD
2024-10-04,GLD,BUY,245.0,1.0055,246.34,0.0,0.0,ADD
2024-10-07,QQQ,SELL,477.76702880859375,-0.06845774410422385,-32.70685299961406,3.211129623060454,0.10886763420126888,REDUCE
2024-10-07,SHV,SELL,102.1055679321289,-93.330691116294,-9529.583221927298,-0.8644367905821299,-9.07026428912383e-05,CLOSE
2024-10-07,GLD,SELL,244.1699981689453,-0.5313286053722271,-129.73450460084496,12.779780345893402,0.10927117675071041,REDUCE
2024-10-07,XLC,BUY,87.843,0.145,12.74,0.0,0.0,ADD
2024-10-07,QLD,BUY,48.8783,4.6947,229.47,0.0,0.0,ADD
2024-10-07,XLY,BUY,96.1403,0.3795,36.48,0.0,0.0,ADD
2024-10-07,TQQQ,BUY,34.2637,274.7319,9413.33,0.0,0.0,OPEN
2024-10-08,QLD,SELL,50.33830642700195,-5.816030999913292,-292.7691506625779,8.692259522238302,0.030598263334078002,REDUCE
2024-10-08,TQQQ,SELL,35.75043869018555,-274.7318753252275,-9821.785065054246,408.45070709897186,0.04339065113030727,CLOSE
2024-10-08,XLC,BUY,88.617,0.9799,86.84,0.0,0.0,ADD
2024-10-08,QQQ,BUY,484.9023,0.0726,35.19,0.0,0.0,ADD
2024-10-08,SHV,BUY,102.1333,93.7019,9570.09,0.0,0.0,OPEN
2024-10-08,XLY,BUY,97.0766,0.7887,76.56,0.0,0.0,ADD
2024-10-08,GLD,BUY,242.37,1.427,345.87,0.0,0.0,ADD
2024-10-15,XLC,SELL,89.20484161376953,-0.10837424219470283,-9.667507109990765,2.332230019084864,0.31794709186600545,REDUCE
2024-10-15,QLD,SELL,50.577491760253906,-447.3304027868524,-22624.849761063087,775.545632845851,0.0354952097464869,CLOSE
2024-10-15,GLD,SELL,245.9199981689453,-0.5280502880387276,-129.85812586759494,13.34734499404111,0.11455888368413425,REDUCE
2024-10-15,QQQ,BUY,486.4383,0.1116,54.3,0.0,0.0,ADD
2024-10-15,SHV,BUY,102.2167,222.0317,22695.35,0.0,0.0,ADD
2024-10-15,XLY,BUY,97.5103,0.151,14.72,0.0,0.0,ADD
2024-10-21,QQQ,SELL,490.96728515625,-0.15306357697844253,-75.14920884541061,9.164200271647982,0.1388830655588018,REDUCE
2024-10-21,SHV,SELL,102.29081726074219,-221.0971358943539,-22616.206724642838,21.8568038988487,0.0009673570594204151,REDUCE
2024-10-21,GLD,SELL,251.22000122070312,-0.9275260136575257,-233.01308628327752,28.360645825093023,0.13857956329080667,REDUCE
2024-10-21,XLC,BUY,89.0285,0.9794,87.2,0.0,0.0,ADD
2024-10-21,QLD,BUY,51.4844,442.4157,22777.51,0.0,0.0,OPEN
2024-10-21,XLY,BUY,97.5546,0.6116,59.66,0.0,0.0,ADD
2024-10-23,XLC,SELL,88.47982788085938,-1.0105517308486878,-89.41344321019642,20.849422647639262,0.30408693184228386,REDUCE
2024-10-23,QLD,SELL,49.989501953125,-442.4157358559465,-22116.14229166407,-661.3705481833044,-0.02903611789546623,CLOSE
2024-10-23,GLD,SELL,250.8699951171875,-0.7448215158319611,-186.85337003994027,22.51346077993182,0.13699326524704603,REDUCE
2024-10-23,QQQ,BUY,483.9707,0.0103,4.99,0.0,0.0,ADD
2024-10-23,SHV,BUY,102.2908,124.9171,12777.87,0.0,0.0,ADD
2024-10-23,XLY,BUY,95.6327,0.6773,64.77,0.0,0.0,ADD
2024-10-23,TQQQ,BUY,35.3418,270.0703,9544.78,0.0,0.0,OPEN
2024-10-24,SHV,SELL,102.3093490600586,-125.32048673175532,-12821.457421415596,7.662444555102667,0.0005979840140208914,REDUCE
2024-10-24,XLY,SELL,98.64861297607422,-2.4432458727611737,-241.0228165074077,-0.017971866992521856,-7.455944329470832e-05,REDUCE
2024-10-24,TQQQ,SELL,36.183658599853516,-270.0703436528211,-9772.133112678795,227.35055273672967,0.02381935379972755,CLOSE
2024-10-24,XLC,BUY,88.7836,0.8398,74.56,0.0,0.0,ADD
2024-10-24,QLD,BUY,50.7918,446.6182,22684.53,0.0,0.0,OPEN
2024-10-24,QQQ,BUY,487.8951,0.0836,40.79,0.0,0.0,ADD
2024-10-24,GLD,BUY,252.8,0.1374,34.73,0.0,0.0,ADD
2024-10-31,XLC,SELL,90.1747817993164,-3.537515311544914,-318.9946713303034,78.49411740205885,0.3263781148108218,REDUCE
2024-10-31,SHV,SELL,102.42048645019531,-94.23306174072559,-9651.396023176403,16.23448911633262,0.0016849213226932669,CLOSE
2024-10-31,XLY,SELL,97.02730560302734,-114.97640213944145,-11155.850507520152,-187.2578243575357,-0.01650851061972869,CLOSE
2024-10-31,GLD,SELL,253.50999450683594,-0.8877477178401127,-225.0529190731031,29.110049468830173,0.1485639642188612,REDUCE
2024-10-31,QLD,BUY,48.973,10.8178,529.78,0.0,0.0,ADD
2024-10-31,SMH,BUY,239.8672,46.6967,11201.0,0.0,0.0,OPEN
2024-10-31,QQQ,BUY,479.5013,0.2078,99.66,0.0,0.0,ADD
2024-10-31,TQQQ,BUY,34.1899,278.4699,9520.85,0.0,0.0,OPEN
2024-11-06,QLD,SELL,53.3580207824707,-15.125015717788044,-807.0409030049304,39.46518942907525,0.05141537014664177,REDUCE
2024-11-06,SMH,SELL,252.898681640625,-0.03601955601526558,-9.10929822954131,0.4693891827756548,0.054328023620962895,REDUCE
2024-11-06,TQQQ,SELL,38.822364807128906,-278.46991385560494,-10810.860583512056,1290.0107286753973,0.1354932330983103,CLOSE
2024-11-06,XLC,BUY,93.4667,2.0384,190.52,0.0,0.0,ADD
2024-11-06,QQQ,BUY,501.0359,0.3559,178.3,0.0,0.0,ADD
2024-11-06,SHV,BUY,102.4828,97.8735,10030.36,0.0,0.0,OPEN
2024-11-06,GLD,BUY,245.7,4.9973,1227.84,0.0,0.0,ADD
2024-11-14,XLC,SELL,95.12244415283203,-2.5299893849070667,-240.65877397308032,67.61478700070417,0.39073757016184474,REDUCE
2024-11-14,QLD,SELL,53.90614700317383,-5.6703946778547225,-305.66912907045116,17.90366010685297,0.06221615182437934,REDUCE
2024-11-14,QQQ,SELL,504.11798095703125,-0.38239906107498967,-192.77424258898827,27.570557816252833,0.16688827403686934,REDUCE
2024-11-14,SHV,SELL,102.59445190429688,-97.87352940824462,-10041.281105577938,10.925198431183068,0.00108921343692292,CLOSE
2024-11-14,SMH,BUY,246.3184,1.1182,275.43,0.0,0.0,ADD
2024-11-14,GLD,BUY,237.01,2.1158,501.47,0.0,0.0,ADD
2024-11-14,TQQQ,BUY,39.4131,253.8111,10003.48,0.0,0.0,OPEN
2024-11-15,XLC,SELL,93.22174072265625,-1.5438995159091384,-143.9250003739162,38.326720273838866,0.3629483381501666,REDUCE
2024-11-15,QLD,SELL,51.30002975463867,-436.64056593285073,-22399.67402443751,240.70902065847253,0.01086282778177683,CLOSE
2024-11-15,QQQ,SELL,492.1069030761719,-0.3709815108987025,-182.5625624268796,22.29147700440862,0.1390860799728708,REDUCE
2024-11-15,GLD,SELL,236.58999633789062,-1.9683800017553295,-465.69901740687055,26.382248865011213,0.06005290659078821,REDUCE
2024-11-15,SMH,BUY,238.1501,0.047,11.18,0.0,0.0,ADD
2024-11-15,SHV,BUY,102.6131,221.9936,22779.44,0.0,0.0,OPEN
2024-11-15,TQQQ,BUY,36.5627,10.9739,401.24,0.0,0.0,ADD
2024-11-19,SMH,SELL,242.34841918945312,-0.054918621862354064,-13.309441192404847,0.12807585252020146,0.009716432950436893,REDUCE
2024-11-19,SHV,SELL,102.65025329589844,-221.9935769199184,-22787.696900892137,8.256673335911577,0.0003624616431936456,CLOSE
2024-11-19,GLD,SELL,243.25,-0.7115615024130498,-173.08733546197436,14.27607971860906,0.08989337469680869,REDUCE
2024-11-19,TQQQ,SELL,38.049461364746094,-6.158027039621868,-234.30961192715404,-7.669913243866499,-0.031696538120098094,REDUCE
2024-11-19,QLD,BUY,52.7252,439.1525,23154.39,0.0,0.0,OPEN
2024-11-19,QQQ,BUY,498.935,0.1083,54.01,0.0,0.0,ADD
2024-11-21,QLD,SELL,53.04408264160156,-439.1524843961463,-23294.440674573823,140.04786889279723,0.006048436254326495,CLOSE
2024-11-21,SMH,SELL,244.2540283203125,-0.04705097332374311,-11.492389770715818,0.19938845447994674,0.017655931217619436,REDUCE
2024-11-21,GLD,SELL,246.66000366210938,-0.436152299028234,-107.58132767554162,10.237817565544283,0.10517206081818542,REDUCE
2024-11-21,TQQQ,SELL,38.379295349121094,-258.62697103859784,-9925.920906738935,-236.81973172731756,-0.023302742847824742,CLOSE
2024-11-21,XLC,BUY,95.1224,0.3657,34.79,0.0,0.0,ADD
2024-11-21,QQQ,BUY,500.4413,0.1657,82.95,0.0,0.0,ADD
2024-11-21,SHV,BUY,102.6689,323.581,33221.7,0.0,0.0,OPEN
2024-12-02,XLC,SELL,97.19947052001953,-1.8112568336295574,-176.05320520456007,52.023980124204876,0.4194493684089369,REDUCE
2024-12-02,SMH,SELL,246.0107421875,-47.723825525730994,-11740.57373761184,286.0769141438795,0.024975074728535107,CLOSE
2024-12-02,QQQ,SELL,510.65863037109375,-0.5778902085310607,-295.1046223933372,45.19580721622616,0.18084919167095315,REDUCE
2024-12-02,SHV,SELL,102.81404876708984,-226.56188230339504,-23293.744415904926,32.89046857047272,0.001413983710354838,REDUCE
2024-12-02,GLD,SELL,243.44000244140625,-20.46091133577306,-4981.00430553399,414.3954995933611,0.09074468981321115,REDUCE
2024-12-02,SSO,BUY,48.5144,108.851,5280.85,0.0,0.0,OPEN
2024-12-02,QLD,BUY,55.0971,425.9831,23470.42,0.0,0.0,OPEN
2024-12-02,XLY,BUY,110.5054,106.1958,11735.21,0.0,0.0,OPEN
2024-12-18,QLD,SELL,55.10206985473633,-1.6481782098063051,-90.81803084980129,0.008223789590555752,9.056058873802009e-05,REDUCE
2024-12-18,QQQ,SELL,511.82794189453125,-0.25741601035851536,-131.75270679250025,20.433066475635716,0.18355311261763196,REDUCE
2024-12-18,SHV,SELL,103.035400390625,-97.01913352612722,-9996.405268416027,35.559815931157516,0.00356995960842732,CLOSE
2024-12-18,XLY,SELL,112.6736831665039,-2.437232910117415,-274.6120087175459,5.284681543120727,0.019621779930627747,REDUCE
2024-12-18,SSO,BUY,45.6806,6.3157,288.5,0.0,0.0,ADD
2024-12-18,XLC,BUY,95.7201,1.4027,134.27,0.0,0.0,ADD
2024-12-18,GLD,BUY,239.26,0.5583,133.58,0.0,0.0,ADD
2024-12-18,TQQQ,BUY,40.4125,245.8953,9937.24,0.0,0.0,OPEN
2024-12-24,SSO,SELL,48.176029205322266,-1.7804481378651362,-85.77492148835245,-0.3258121980769478,-0.0037840815533991545,REDUCE
2024-12-24,QLD,SELL,58.103736877441406,-6.499829614760965,-377.66438968427246,19.542755913823903,0.054570162958517576,REDUCE
2024-12-24,TQQQ,SELL,43.6832275390625,-245.89526852904484,-10741.49896593314,804.2633678215783,0.08093431617686697,CLOSE
2024-12-24,XLC,BUY,97.4129,2.4768,241.27,0.0,0.0,ADD
2024-12-24,QQQ,BUY,526.0438,0.4337,228.13,0.0,0.0,ADD
2024-12-24,SHV,BUY,103.1292,100.0498,10318.06,0.0,0.0,OPEN
2024-12-24,XLY,BUY,115.7657,1.0988,127.2,0.0,0.0,ADD
2024-12-24,GLD,BUY,241.44,1.2023,290.28,0.0,0.0,ADD
2024-12-31,SSO,SELL,45.71039962768555,-113.38626798196587,-5182.931621747506,-300.3175982603,-0.054770007017822975,CLOSE
2024-12-31,XLC,SELL,95.09468078613281,-1.6643735474130987,-158.2730712001321,42.83432466027578,0.371056737396978,REDUCE
2024-12-31,QQQ,SELL,507.4521179199219,-0.0661031936916111,-33.54420564007887,4.895007546924943,0.17086019409718367,REDUCE
2024-12-31,SHV,SELL,103.21350860595703,-100.04984831646198,-10326.495880235843,8.440026648217163,0.0008179861369215224,CLOSE
2024-12-31,GLD,SELL,242.1300048828125,-1.6915068252093013,-409.5645558472388,30.818476257408236,0.08136975646265077,REDUCE
2024-12-31,QLD,BUY,53.9656,112.9618,6096.05,0.0,0.0,ADD
2024-12-31,XLY,BUY,110.7691,0.6931,76.78,0.0,0.0,ADD
2024-12-31,TQQQ,BUY,39.0847,254.2675,9937.98,0.0,0.0,OPEN
2025-01-06,QLD,SELL,56.74263381958008,-8.55770013768792,-485.5864452505957,16.142855719367777,0.03438721090107455,REDUCE
2025-01-06,TQQQ,SELL,42.087825775146484,-254.26754552873481,-10701.568156487518,763.5892690455543,0.0768354690318831,CLOSE
2025-01-06,XLC,BUY,97.1869,1.5045,146.21,0.0,0.0,ADD
2025-01-06,QQQ,BUY,520.6638,0.352,183.25,0.0,0.0,ADD
2025-01-06,SHV,BUY,103.2791,99.545,10280.92,0.0,0.0,OPEN
2025-01-06,XLY,BUY,111.964,2.477,277.34,0.0,0.0,ADD
2025-01-06,GLD,BUY,243.19,1.2313,299.43,0.0,0.0,ADD
2025-01-10,XLC,SELL,94.11238861083984,-0.18033427184620388,-16.971689071842775,4.403276971635529,0.35034473221664353,REDUCE
2025-01-10,SHV,SELL,103.32598114013672,-99.54497237817473,-10285.581938542713,4.66617058022694,0.00045386721237106187,CLOSE
2025-01-10,XLY,SELL,109.02622985839844,-0.7544415673412899,-82.25391973568185,-1.1828003628726889,-0.014176017003971086,REDUCE
2025-01-10,GLD,SELL,248.2100067138672,-2.223477663005294,-551.8894056626777,52.780974469543466,0.10575051666302038,REDUCE
2025-01-10,QLD,BUY,52.9634,18.7789,994.6,0.0,0.0,ADD
2025-01-10,TQQQ,BUY,37.9487,261.9655,9941.25,0.0,0.0,OPEN
2025-01-15,QLD,SELL,54.88295364379883,-5.00148046964168,-274.49602076570955,0.4620126250440782,0.0016859682058401049,REDUCE
2025-01-15,XLY,SELL,112.21573638916016,-0.27015000589442184,-30.3150818469785,0.438108729139907,0.014663758855756548,REDUCE
2025-01-15,TQQQ,SELL,39.9491081237793,-261.9655023798753,-10465.288179273803,524.0399305400829,0.05271369524514524,CLOSE
2025-01-15,XLC,BUY,95.3795,1.6184,154.36,0.0,0.0,ADD
2025-01-15,QQQ,BUY,512.8817,0.3355,172.06,0.0,0.0,ADD
2025-01-15,SHV,BUY,103.3729,98.7329,10206.31,0.0,0.0,OPEN
2025-01-15,GLD,BUY,248.88,0.9572,238.22,0.0,0.0,ADD
2025-01-27,XLC,SELL,99.14167785644531,-4.2931848731792055,-425.6335516748968,125.00213207658638,0.4157986289111375,REDUCE
2025-01-27,QLD,SELL,54.174983978271484,-435.8794526180823,-23613.762362042355,-268.32499031509576,-0.011235407791463814,REDUCE
2025-01-27,XLY,SELL,114.21043395996094,-1.448677077280919,-165.45403766410163,5.239026929412951,0.03269997552282189,REDUCE
2025-01-27,GLD,SELL,252.99000549316406,-0.5049998192818348,-127.75990705415825,14.113897996558224,0.12419176100944096,REDUCE
2025-01-27,QQQ,BUY,510.4101,0.3837,195.82,0.0,0.0,ADD
2025-01-27,SHV,BUY,103.5228,134.1704,13889.7,0.0,0.0,ADD
2025-01-27,TQQQ,BUY,39.0897,262.1432,10247.09,0.0,0.0,OPEN
2025-01-28,QLD,SELL,55.80531692504883,-1.8052472869431742,-100.7423969759484,1.8318538419987773,0.018520309200182883,REDUCE
2025-01-28,QQQ,SELL,517.9539184570312,-0.14021478224176417,-72.62479588772112,11.576626257958193,0.18963101315185416,REDUCE
2025-01-28,TQQQ,SELL,40.823368072509766,-262.1432182215918,-10701.56908517229,454.47564463689565,0.04435166394004786,CLOSE
2025-01-28,XLC,BUY,99.623,0.807,80.39,0.0,0.0,ADD
2025-01-28,SHV,BUY,103.5322,102.778,10640.83,0.0,0.0,ADD
2025-01-28,XLY,BUY,114.3487,1.0873,124.33,0.0,0.0,ADD
2025-01-28,GLD,BUY,255.18,0.1151,29.38,0.0,0.0,ADD
2025-01-29,XLC,SELL,100.06503295898438,-0.642829154247561,-64.32472050677825,19.18500097878962,0.42501373910606755,REDUCE
2025-01-29,SHV,SELL,103.54157257080078,-100.33412385643635,-10388.752966608918,6.01808966283376,0.0005796247071854221,REDUCE
2025-01-29,QLD,BUY,55.581,0.3142,17.46,0.0,0.0,ADD
2025-01-29,QQQ,BUY,516.9812,0.0454,23.47,0.0,0.0,ADD
2025-01-29,XLY,BUY,114.0228,0.2152,24.53,0.0,0.0,ADD
2025-01-29,GLD,BUY,254.2,0.1224,31.12,0.0,0.0,ADD
2025-01-29,TQQQ,BUY,40.5715,255.2654,10356.49,0.0,0.0,OPEN
2025-01-31,XLC,SELL,100.56599426269531,-0.013732823232658597,-1.3810550224261533,0.41673069930914985,0.43214786697710106,REDUCE
2025-01-31,QLD,SELL,55.8452033996582,-98.64617692856818,-5508.9158151745605,103.78637073407707,0.019201458873631116,CLOSE
2025-01-31,XLY,SELL,114.6301040649414,-0.04602203788369776,-5.27551099188895,0.1836731875261764,0.03607208135514495,REDUCE
2025-01-31,TQQQ,SELL,40.857940673828125,-0.5495394342551384,-22.453049602725514,0.15742993329503016,0.00706102524303831,REDUCE
2025-01-31,QQQ,BUY,518.4304,0.0909,47.11,0.0,0.0,ADD
2025-01-31,SHV,BUY,103.5885,1.0445,108.2,0.0,0.0,ADD
2025-01-31,GLD,BUY,258.56,20.8181,5382.72,0.0,0.0,ADD
2025-02-03,XLC,SELL,100.7820816040039,-0.8571921777573751,-86.3896120090576,26.197235496755866,0.43522514003749024,REDUCE
2025-02-03,GLD,SELL,259.94000244140625,-0.6272920524112683,-163.0582976352598,14.709259840065245,0.09915305187467638,REDUCE
2025-02-03,TQQQ,SELL,39.870079040527344,-254.7158851716662,-10155.542474672218,-178.65402798157973,-0.017287655400756274,CLOSE
2025-02-03,QQQ,BUY,514.2813,0.1364,70.13,0.0,0.0,ADD
2025-02-03,SHV,BUY,103.6007,98.7739,10233.05,0.0,0.0,ADD
2025-02-03,XLY,BUY,113.1143,0.9001,101.82,0.0,0.0,ADD
2025-02-04,XLC,SELL,101.68579864501953,-0.22784746360635688,-23.16885130605442,7.169311561480729,0.4480948624732928,REDUCE
2025-02-04,QQQ,SELL,520.59423828125,-0.2255660003255196,-117.42836012161206,19.10583107407882,0.19431793770115768,REDUCE
2025-02-04,SHV,SELL,103.6100845336914,-234.50681370032046,-24297.270791216826,21.824313563490215,0.0008990283076186767,REDUCE
2025-02-04,XLY,SELL,114.44742584228516,-0.5024600992102849,-57.50526494307633,1.903127820526081,0.0342276020134169,REDUCE
2025-02-04,GLD,SELL,262.5,-0.16792149832130582,-44.07939330934278,4.3674399929617955,0.10997796955911121,REDUCE
2025-02-04,QLD,BUY,56.2989,435.878,24539.45,0.0,0.0,OPEN
2025-02-07,QLD,SELL,55.91500473022461,-435.87800822961873,-24372.120891960014,-167.33176893690455,-0.006818887578676325,CLOSE
2025-02-07,QQQ,SELL,519.0557250976562,-0.122636147776968,-63.654994607557455,10.198816882734198,0.19078836753414574,REDUCE
2025-02-07,GLD,SELL,263.8999938964844,-0.6704783744299593,-176.93923891979102,18.377016862561714,0.11589782625478695,REDUCE
2025-02-07,XLC,BUY,100.9196,0.2158,21.78,0.0,0.0,ADD
2025-02-07,SHV,BUY,103.6665,234.7176,24332.36,0.0,0.0,ADD
2025-02-07,XLY,BUY,111.3764,2.3216,258.57,0.0,0.0,ADD
2025-02-10,QQQ,SELL,525.3388671875,-0.2377620582160217,-124.90565032337327,21.26695104418378,0.20520279772031214,REDUCE
2025-02-10,SHV,SELL,103.67594909667969,-234.7037860768624,-24333.137778102784,12.739448578290194,0.0005238174311819055,REDUCE
2025-02-10,GLD,SELL,268.3699951171875,-0.6126677040093559,-164.42162873344932,19.531120351254565,0.1347991705552929,REDUCE
2025-02-10,XLC,BUY,101.3715,0.2519,25.53,0.0,0.0,ADD
2025-02-10,QLD,BUY,57.2312,429.1086,24558.42,0.0,0.0,OPEN
2025-02-10,XLY,BUY,111.7566,0.3446,38.51,0.0,0.0,ADD
2025-02-21,XLC,SELL,101.19464874267578,-0.7594917397563801,-76.8564998276106,23.433944436494347,0.4386526302407321,REDUCE
2025-02-21,QQQ,SELL,522.1923217773438,-0.0875977611625597,-45.74287828397428,7.5596706907409335,0.19798417071908392,REDUCE
2025-02-21,SHV,SELL,103.82647705078125,-100.67260988513243,-10452.482419880957,20.61843419549364,0.001976486102942543,CLOSE
2025-02-21,GLD,SELL,270.739990234375,-0.9925571490735775,-268.72491284723947,33.993901262113724,0.1448206652906865,REDUCE
2025-02-21,QLD,BUY,56.4086,2.7737,156.46,0.0,0.0,ADD
2025-02-21,XLY,BUY,107.8265,3.0934,333.55,0.0,0.0,ADD
2025-02-21,TQQQ,BUY,41.3469,250.4126,10353.8,0.0,0.0,OPEN
2025-02-24,XLC,SELL,101.39111328125,-1.6661161089858338,-168.92936714589814,51.73496533597498,0.4414457050592193,REDUCE
2025-02-24,QLD,SELL,55.0474853515625,-431.8823837042415,-23774.039190557127,-940.8430418212073,-0.03806787477176943,CLOSE
2025-02-24,QQQ,SELL,516.0283203125,-0.005362820582557041,-2.7673672973542125,0.4297539968380228,0.18384306623474678,REDUCE
2025-02-24,XLY,SELL,107.42159271240234,-0.9266612237656907,-99.54342456173435,-2.9455786706298297,-0.02874043631736356,REDUCE
2025-02-24,GLD,SELL,272.2099914550781,-1.009673662695734,-274.8432590948232,36.064343002546956,0.15103654708194525,REDUCE
2025-02-24,SHV,BUY,103.8453,231.7998,24071.31,0.0,0.0,OPEN
2025-02-24,TQQQ,BUY,39.8602,6.2421,248.81,0.0,0.0,ADD
2025-03-10,XLC,SELL,96.05731964111328,-2.0990811147035884,-201.63210558770697,53.98299862484679,0.36561683125131084,REDUCE
2025-03-10,QQQ,SELL,469.2366943359375,-9.173962510485167,-4304.759842381878,305.89833791555327,0.07649635716913328,REDUCE
2025-03-10,GLD,SELL,266.0400085449219,-20.711113349548594,-5509.984772488753,611.9891335158674,0.12494685145211815,REDUCE
2025-03-10,TQQQ,SELL,29.5419921875,-256.6547116741147,-7582.0914871617615,-3020.5149140631524,-0.2848841878836692,CLOSE
2025-03-10,SHV,BUY,104.0225,166.4235,17311.8,0.0,0.0,ADD
2025-03-10,XLY,BUY,97.9222,2.3442,229.55,0.0,0.0,ADD
2025-03-24,SHV,SELL,104.18296813964844,-86.3089855063942,-8991.926287178045,22.75236548103594,0.002536729210478983,REDUCE
2025-03-24,XLY,SELL,101.14244079589844,-1.6518022817962215,-167.06731449310428,-15.193327151727997,-0.08336043928417047,REDUCE
2025-03-24,XLC,BUY,97.2283,0.6659,64.75,0.0,0.0,ADD
2025-03-24,QQQ,BUY,487.7604,9.2719,4522.45,0.0,0.0,ADD
2025-03-24,GLD,BUY,277.25,16.6958,4628.92,0.0,0.0,ADD
2025-03-26,XLC,SELL,97.62236022949219,-0.7603613866252907,-74.22827318973032,20.628453849274166,0.3848605107835539,REDUCE
2025-03-26,QQQ,SELL,481.5175476074219,-9.62621472355395,-4635.191306428154,332.1506811393524,0.0771897618598616,REDUCE
2025-03-26,GLD,SELL,278.239990234375,-17.764143276879942,-4942.695051881114,515.5244109165056,0.11644557048385673,REDUCE
2025-03-26,SHV,BUY,104.2019,91.7734,9562.96,0.0,0.0,ADD
2025-03-26,XLY,BUY,100.6177,0.3096,31.15,0.0,0.0,ADD
2025-03-31,XLC,SELL,95.02145385742188,-116.51170698728731,-11071.11178934198,2857.9034973165876,0.3479643271791204,CLOSE
2025-03-31,QQQ,SELL,466.1488952636719,-23.378792120356135,-10897.998119503049,447.38018160053707,0.04280896921683164,REDUCE
2025-03-31,XLY,SELL,97.76097106933594,-113.04326331835753,-11051.219194849275,-1419.017869060151,-0.11379237313514934,CLOSE
2025-03-31,SHV,BUY,104.2585,158.6478,16540.38,0.0,0.0,ADD
2025-03-31,GLD,BUY,288.14,57.1959,16480.44,0.0,0.0,ADD
2025-05-12,SHV,SELL,104.7381362915039,-304.79771412309304,-31923.94452316336,206.3479179680815,0.006505786694263049,REDUCE
2025-05-12,QLD,BUY,50.1996,457.3066,22956.62,0.0,0.0,OPEN
2025-05-12,QQQ,BUY,504.8488,9.0841,4586.09,0.0,0.0,ADD
2025-05-12,GLD,BUY,298.19,14.8857,4438.76,0.0,0.0,ADD
2025-05-21,QLD,SELL,51.12721633911133,-1.5942196577235404,-81.50801333249547,1.4787934450175741,0.018478168937505313,REDUCE
2025-05-21,SHV,SELL,104.83318328857422,-90.84933583998766,-9524.025075758662,70.13991683344945,0.00741916319633229,REDUCE
2025-05-21,GLD,SELL,305.82000732421875,-1.120290521435005,-342.60725547050606,32.693824309195634,0.1054934088744881,REDUCE
2025-05-21,QQQ,BUY,510.0081,0.0901,45.93,0.0,0.0,ADD
2025-05-21,TQQQ,BUY,33.6567,294.2124,9902.21,0.0,0.0,OPEN
2025-05-27,QLD,SELL,52.67818069458008,-7.854105733541544,-413.74000102583886,19.46688331341279,0.04937410753834737,REDUCE
2025-05-27,QQQ,SELL,518.1397705078125,-0.06433390630666233,-33.33395544960513,2.8162156642588143,0.09228126604615317,REDUCE
2025-05-27,TQQQ,SELL,35.14281463623047,-294.2124162537372,-10339.452408082567,437.24680642494576,0.04415650654150727,CLOSE
2025-05-27,SHV,BUY,104.8997,97.5738,10235.46,0.0,0.0,ADD
2025-05-27,GLD,BUY,304.5,1.8097,551.07,0.0,0.0,ADD
2025-06-02,SHV,SELL,104.97293090820312,-167.73865593200463,-17608.01833978518,101.00800683322713,0.005769574868137672,REDUCE
2025-06-02,GLD,SELL,311.6700134277344,-75.96072526941165,-23674.68026469797,2625.8462433693567,0.12475019949839528,REDUCE
2025-06-02,XLC,BUY,100.3907,118.7403,11920.42,0.0,0.0,OPEN
2025-06-02,QLD,BUY,53.0323,1.6954,89.91,0.0,0.0,ADD
2025-06-02,SMH,BUY,242.5453,49.1472,11920.42,0.0,0.0,OPEN
2025-06-02,QQQ,BUY,520.1182,23.0481,11987.75,0.0,0.0,ADD
2025-06-02,USD,BUY,28.3378,189.2948,5364.19,0.0,0.0,OPEN
2025-06-13,SMH,SELL,256.19281005859375,-1.7725424768479274,-454.1126380918904,24.190785353396812,0.05626786635596126,REDUCE
2025-06-13,SHV,SELL,105.14461517333984,-96.52355996269284,-10148.932567438133,74.69564064904235,0.007414520940083769,CLOSE
2025-06-13,USD,SELL,30.30903434753418,-9.095376801725953,-275.6720878872775,17.929526598675164,0.06956370150523528,REDUCE
2025-06-13,XLC,BUY,101.0607,1.3564,137.08,0.0,0.0,ADD
2025-06-13,QLD,BUY,53.6656,2.7674,148.52,0.0,0.0,ADD
2025-06-13,QQQ,BUY,523.8459,0.4633,242.7,0.0,0.0,ADD
2025-06-13,GLD,BUY,316.29,0.1073,33.94,0.0,0.0,ADD
2025-06-13,TQQQ,BUY,36.0791,285.941,10316.49,0.0,0.0,OPEN
2025-06-16,QLD,SELL,55.14178466796875,-2.985007074707695,-164.59861734589504,14.657405349872336,0.09775434755230017,REDUCE
2025-06-16,SMH,SELL,262.5630187988281,-0.19133330275592675,-50.237049568346265,3.8300556114616024,0.08253186179264249,REDUCE
2025-06-16,USD,SELL,31.68942642211914,-4.277409864554648,-135.5486651800511,14.336471534347293,0.1182758194794491,REDUCE
2025-06-16,TQQQ,SELL,37.55039978027344,-285.94095270407405,-10737.197087590239,420.7055048801133,0.0407799009486125,CLOSE
2025-06-16,XLC,BUY,102.7946,0.4213,43.31,0.0,0.0,ADD
2025-06-16,QQQ,BUY,531.1326,0.2881,153.04,0.0,0.0,ADD
2025-06-16,SHV,BUY,105.1446,100.1507,10530.31,0.0,0.0,OPEN
2025-06-16,GLD,BUY,311.78,1.1576,360.92,0.0,0.0,ADD
2025-06-17,XLC,SELL,101.88822174072266,-0.1307149112352945,-13.318309860760564,0.19366017368216706,0.014755454682560565,REDUCE
2025-06-17,SMH,SELL,260.778564453125,-0.1470824532414134,-38.35595101253966,2.6817927744144905,0.07517466162799158,REDUCE
2025-06-17,QQQ,SELL,525.9533081054688,-0.006144515251356269,-3.231728123155335,0.16123251127112956,0.05251025620980765,REDUCE
2025-06-17,SHV,SELL,105.1541519165039,-100.15071727929279,-10531.263739333586,0.9551116683892517,9.070120375009871e-05,CLOSE
2025-06-17,GLD,SELL,311.94000244140625,-0.3512652377214987,-109.57367911242545,11.776303082933273,0.12041532770145036,REDUCE
2025-06-17,QLD,BUY,54.0446,4.5866,247.88,0.0,0.0,ADD
2025-06-17,USD,BUY,31.2525,0.6951,21.72,0.0,0.0,ADD
2025-06-17,TQQQ,BUY,36.4407,286.1122,10426.14,0.0,0.0,OPEN
2025-06-18,SMH,SELL,261.77545166015625,-0.15410885891251697,-40.34191614665542,2.9635362136093253,0.07928476886686231,REDUCE
2025-06-18,USD,SELL,31.734115600585938,-2.58778180482422,-82.1209669433847,8.759356307768158,0.1193997273488916,REDUCE
2025-06-18,TQQQ,SELL,36.39118957519531,-286.11223597907144,-10411.964619297405,-14.174421724930575,-0.001359508219596961,CLOSE
2025-06-18,QLD,BUY,54.0197,0.452,24.42,0.0,0.0,ADD
2025-06-18,QQQ,BUY,525.8639,0.0304,15.97,0.0,0.0,ADD
2025-06-18,SHV,BUY,105.1828,99.1769,10431.7,0.0,0.0,OPEN
2025-06-18,GLD,BUY,310.26,0.1989,61.72,0.0,0.0,ADD
2025-06-20,QQQ,SELL,523.7166137695312,-0.08368919995095425,-43.82942440739498,2.007283781937811,0.04799572073352887,REDUCE
2025-06-20,SHV,SELL,105.22091674804688,-99.17694988429594,-10435.48958710072,3.78481371552466,0.00036281833101536876,CLOSE
2025-06-20,GLD,SELL,310.1300048828125,-0.18818847588569848,-58.36289294532071,5.933014853365292,0.11316095076474397,REDUCE
2025-06-20,XLC,BUY,101.3168,0.0151,1.53,0.0,0.0,ADD
2025-06-20,QLD,BUY,53.536,1.3485,72.19,0.0,0.0,ADD
2025-06-20,SMH,BUY,259.4626,0.1334,34.62,0.0,0.0,ADD
2025-06-20,USD,BUY,31.1929,1.9549,60.98,0.0,0.0,ADD
2025-06-20,TQQQ,BUY,35.8909,288.9029,10368.97,0.0,0.0,OPEN
2025-06-23,QLD,SELL,54.65305709838867,-2.9782768924175858,-162.7719370561099,13.014180644146004,0.08690154657729843,REDUCE
2025-06-23,TQQQ,SELL,37.005470275878906,-288.9029035831936,-10690.98781116298,322.0170146975591,0.03105583196428019,CLOSE
2025-06-23,XLC,BUY,102.5997,0.1822,18.7,0.0,0.0,ADD
2025-06-23,SMH,BUY,261.1075,0.367,95.82,0.0,0.0,ADD
2025-06-23,QQQ,BUY,529.1017,0.1669,88.29,0.0,0.0,ADD
2025-06-23,SHV,BUY,105.24,99.9255,10516.16,0.0,0.0,OPEN
2025-06-23,USD,BUY,31.5256,0.6145,19.37,0.0,0.0,ADD
2025-06-23,GLD,BUY,311.08,0.371,115.42,0.0,0.0,ADD
2025-06-30,QLD,SELL,58.7670783996582,-11.23157468425922,-660.046830021478,95.28556488514143,0.16871830765896978,REDUCE
2025-06-30,SMH,SELL,278.0149230957031,-0.7188009735929479,-199.83739739455996,25.3580096252468,0.14533527397960455,REDUCE
2025-06-30,QQQ,SELL,548.9959716796875,-23.172217296105714,-12721.453950448418,1138.9386969586924,0.09833258770071884,REDUCE
2025-06-30,USD,SELL,36.8314094543457,-18.094068732821423,-666.43005419362,152.70764748353793,0.29725712853657593,REDUCE
2025-06-30,XLC,BUY,107.182,0.4545,48.71,0.0,0.0,ADD
2025-06-30,SHV,BUY,105.3163,4.7805,503.46,0.0,0.0,ADD
2025-06-30,XLK,BUY,125.954,102.9997,12973.23,0.0,0.0,OPEN
2025-06-30,GLD,BUY,304.83,2.3697,722.37,0.0,0.0,ADD
2025-07-31,XLC,SELL,106.07597351074219,-121.03916365650818,-12839.34711779015,682.7142311299674,0.05615981312384033,CLOSE
2025-07-31,QLD,SELL,61.293296813964844,-5.5824103677541155,-342.16433560810765,61.46200931529589,0.2189579620768174,REDUCE
2025-07-31,SMH,SELL,287.88421630859375,-0.2568429491514997,-73.94103113086749,11.595817132595629,0.18599370166436602,REDUCE
2025-07-31,USD,SELL,42.68461608886719,-17.659568169506546,-753.7918876105659,252.40571540909465,0.5034157888735526,REDUCE
2025-07-31,XLK,SELL,130.68417358398438,-0.7698685331337778,-100.60963302090204,3.6416158396281695,0.03755481390137594,REDUCE
2025-07-31,QQQ,BUY,562.3019,23.8683,13421.17,0.0,0.0,ADD
2025-07-31,SHV,BUY,105.6618,2.7676,292.43,0.0,0.0,ADD
2025-07-31,GLD,BUY,302.96,1.3079,396.25,0.0,0.0,ADD
2025-08-01,SMH,SELL,283.0692138671875,-0.12598528756978367,-35.66255631121021,5.0813013454025615,0.1661573846816906,REDUCE
2025-08-01,SHV,SELL,105.75300598144531,-107.47357263770698,-11365.653370002723,53.605001565638766,0.004738752860640849,CLOSE
2025-08-01,GLD,SELL,309.1099853515625,-1.4582687955904075,-450.7654460435915,40.36114888022924,0.09834484960122958,REDUCE
2025-08-01,QLD,BUY,58.847,9.3158,548.21,0.0,0.0,ADD
2025-08-01,QQQ,BUY,551.2252,0.0136,7.51,0.0,0.0,ADD
2025-08-01,USD,BUY,40.9227,3.2148,131.56,0.0,0.0,ADD
2025-08-01,XLK,BUY,127.864,0.2283,29.19,0.0,0.0,ADD
2025-08-01,TQQQ,BUY,41.1925,270.3306,11135.6,0.0,0.0,OPEN
2025-08-04,QLD,SELL,61.008724212646484,-3.5117077758551503,-214.24481121255303,37.035148838724524,0.2089905727634529,REDUCE
2025-08-04,USD,SELL,43.38639831542969,-4.300006198255522,-186.5617816763306,63.27459783453973,0.5132293224877074,REDUCE
2025-08-04,TQQQ,SELL,43.44789505004883,-270.33060140105295,-11745.29559848953,609.6916992383641,0.05475156127629188,CLOSE
2025-08-04,SMH,BUY,289.2899,0.2981,86.24,0.0,0.0,ADD
2025-08-04,QQQ,BUY,561.3961,0.4363,244.95,0.0,0.0,ADD
2025-08-04,SHV,BUY,105.7722,108.2857,11453.62,0.0,0.0,OPEN
2025-08-04,XLK,BUY,130.4604,0.8287,108.12,0.0,0.0,ADD
2025-08-04,GLD,BUY,310.91,0.8143,253.17,0.0,0.0,ADD
2025-08-05,QQQ,SELL,557.5845336914062,-0.06598929925645969,-36.79461265453574,1.553860570823782,0.04409271876867704,REDUCE
2025-08-05,SHV,SELL,105.76260375976562,-108.28572047571454,-11452.579747513737,-1.0401284948648424,-9.081220663198497e-05,CLOSE
2025-08-05,GLD,SELL,311.1600036621094,-0.33384574991293103,-103.87944476548728,9.70686223445142,0.10307524731258577,REDUCE
2025-08-05,QLD,BUY,60.165,2.4924,149.96,0.0,0.0,ADD
2025-08-05,SMH,BUY,286.2094,0.1122,32.11,0.0,0.0,ADD
2025-08-05,USD,BUY,42.6548,1.2223,52.14,0.0,0.0,ADD
2025-08-05,TQQQ,BUY,42.5438,266.9945,11358.95,0.0,0.0,OPEN
2025-08-06,QLD,SELL,61.6777229309082,-4.549244991043397,-280.58707210239663,50.77300899234824,0.22093081818076188,REDUCE
2025-08-06,TQQQ,SELL,44.13344192504883,-266.9944682487244,-11783.384858764372,424.43467249481745,0.037365660165308734,CLOSE
2025-08-06,SMH,BUY,285.7309,0.7631,218.05,0.0,0.0,ADD
2025-08-06,QQQ,BUY,564.6008,0.0903,50.96,0.0,0.0,ADD
2025-08-06,SHV,BUY,105.7914,108.9436,11525.3,0.0,0.0,OPEN
2025-08-06,USD,BUY,43.038,0.7908,34.04,0.0,0.0,ADD
2025-08-06,XLK,BUY,130.8383,0.3461,45.29,0.0,0.0,ADD
2025-08-06,GLD,BUY,310.5,0.6133,190.44,0.0,0.0,ADD
2025-08-19,QLD,SELL,61.947322845458984,-439.6782343047189,-27236.88952859578,5025.678286827904,0.22626763719113097,CLOSE
2025-08-19,SMH,SELL,289.9677429199219,-0.6652772049565124,-192.90892953731418,30.69882844374889,0.18925349430638305,REDUCE
2025-08-19,QQQ,SELL,566.5513916015625,-0.12636093252045094,-71.58996216353262,4.100655230034774,0.060760073207974274,REDUCE
2025-08-19,SHV,BUY,105.9547,147.1531,15591.56,0.0,0.0,ADD
2025-08-19,USD,BUY,42.3959,2.2335,94.69,0.0,0.0,ADD
2025-08-19,XLK,BUY,130.1271,0.629,81.86,0.0,0.0,ADD
2025-08-19,GLD,BUY,305.27,0.6586,201.05,0.0,0.0,ADD
2025-08-19,TQQQ,BUY,44.3818,259.8411,11532.22,0.0,0.0,OPEN
2025-08-26,SMH,SELL,295.8294982910156,-0.3988636902147693,-117.99564536273829,20.743373632611142,0.21329448930687733,REDUCE
2025-08-26,USD,SELL,44.566001892089844,-5.434238242758319,-242.18227180883423,84.14458560188598,0.5324336721286831,REDUCE
2025-08-26,GLD,SELL,312.0799865722656,-0.3987191527465464,-124.43226783524733,11.61480478164029,0.10295218902521608,REDUCE
2025-08-26,TQQQ,SELL,45.02267074584961,-259.84110310018855,-11698.74043111815,166.51621472170592,0.014439210649837442,CLOSE
2025-08-26,QQQ,BUY,569.8654,0.2497,142.28,0.0,0.0,ADD
2025-08-26,SHV,BUY,106.0315,112.777,11957.92,0.0,0.0,ADD
2025-08-26,XLK,BUY,130.8284,0.6356,83.15,0.0,0.0,ADD
2025-09-02,SHV,SELL,106.13531494140625,-112.47051360156632,-11937.093382723957,23.097566024716137,0.0019386918024884014,REDUCE
2025-09-02,GLD,SELL,325.5899963378906,-1.856094056338199,-604.3256570059348,79.14440804279938,0.15069922659853918,REDUCE
2025-09-02,SMH,BUY,285.5914,1.2538,358.07,0.0,0.0,ADD
2025-09-02,QQQ,BUY,562.9089,0.1665,93.71,0.0,0.0,ADD
2025-09-02,USD,BUY,40.7783,11.5814,472.27,0.0,0.0,ADD
2025-09-02,XLK,BUY,129.2218,0.3997,51.65,0.0,0.0,ADD
2025-09-02,TQQQ,BUY,43.2591,267.3589,11565.71,0.0,0.0,OPEN
2025-09-03,QQQ,SELL,567.3375854492188,-0.08557050982664972,-48.5473664307101,2.8179374241109296,0.06162196828882949,REDUCE
2025-09-03,GLD,SELL,328.1400146484375,-0.06672259266255537,-21.894352533672645,3.015215224375399,0.15971149396167172,REDUCE
2025-09-03,TQQQ,SELL,44.267578125,-267.35890394843125,-11835.331167951552,269.62000734982007,0.023312012863357046,CLOSE
2025-09-03,SMH,BUY,285.5415,0.2913,83.19,0.0,0.0,ADD
2025-09-03,SHV,BUY,106.1546,111.0746,11791.08,0.0,0.0,ADD
2025-09-03,USD,BUY,40.8082,0.7722,31.51,0.0,0.0,ADD
2025-09-08,SMH,SELL,295.6001892089844,-0.946822033651173,-279.8807722945221,47.74902383401299,0.2056979458892767,REDUCE
2025-09-08,QQQ,SELL,576.095458984375,-0.02892024454277585,-16.66082155381082,1.2056574750702314,0.07801000810652536,REDUCE
2025-09-08,SHV,SELL,106.2509536743164,-256.3603076456946,-27238.5271715962,64.88605257988323,0.0023878306295315177,REDUCE
2025-09-08,USD,SELL,42.7343864440918,-4.6639830298317415,-199.31245316551576,59.20928771955244,0.42261206255463946,REDUCE
2025-09-08,GLD,SELL,334.82000732421875,-0.19383625596228876,-64.90025664099267,10.0543469453129,0.18331990482245364,REDUCE
2025-09-08,QLD,BUY,63.8045,435.3864,27779.63,0.0,0.0,OPEN
2025-09-08,XLK,BUY,131.7237,0.1492,19.65,0.0,0.0,ADD
2025-09-10,QLD,SELL,64.18897247314453,-435.38637933492964,-27947.00431831186,167.37555604498624,0.0060251185311854805,CLOSE
2025-09-10,SMH,SELL,299.8968200683594,-0.12190538292308738,-36.559036687849584,6.67157243486863,0.22322310044095528,REDUCE
2025-09-10,USD,SELL,46.67633819580078,-10.758293395600777,-502.1577409427118,178.98526156633497,0.5538381916421884,REDUCE
2025-09-10,XLK,SELL,134.3698272705078,-0.8460916646331852,-113.68919083177752,7.010225680192082,0.06571328912153307,REDUCE
2025-09-10,QQQ,BUY,577.9166,0.3887,224.64,0.0,0.0,ADD
2025-09-10,SHV,BUY,106.2606,265.8536,28249.76,0.0,0.0,ADD
2025-09-10,GLD,BUY,335.26,0.3729,125.02,0.0,0.0,ADD
2025-09-12,SMH,SELL,303.37603759765625,-0.329128329515889,-99.84964846966614,19.157467803159257,0.23741417873356596,REDUCE
2025-09-12,QQQ,SELL,583.8480224609375,-0.25679958273845804,-149.93192855064262,12.600056641239263,0.09174896159248025,REDUCE
2025-09-12,SHV,SELL,106.29914093017578,-264.0764248916645,-28071.09710589602,30.630885247798776,0.0010923814535310772,REDUCE
2025-09-12,QLD,BUY,65.477,431.2461,28236.71,0.0,0.0,OPEN
2025-09-12,USD,BUY,46.8057,0.2331,10.91,0.0,0.0,ADD
2025-09-12,XLK,BUY,134.7329,0.1873,25.23,0.0,0.0,ADD
2025-09-12,GLD,BUY,335.42,0.1432,48.03,0.0,0.0,ADD
2025-09-29,QLD,SELL,68.17852020263672,-3.0156999961908775,-205.6059631153912,8.146867339715817,0.04125850626284189,REDUCE
2025-09-29,SMH,SELL,321.65911865234375,-1.1538588654759834,-371.14922571819807,88.2583904820175,0.31198745059496935,REDUCE
2025-09-29,SHV,SELL,106.47261810302734,-112.89464303363633,-12020.188213597958,32.679575613738265,0.0027261357301706646,CLOSE
2025-09-29,XLK,SELL,139.61245727539062,-0.2264533767174177,-31.615712381828416,3.059973059913891,0.10715790004307735,REDUCE
2025-09-29,GLD,SELL,352.4599914550781,-0.5728569737607104,-201.90916407668192,39.386837968397295,0.24234724490809234,REDUCE
2025-09-29,QQQ,BUY,596.551,0.535,319.17,0.0,0.0,ADD
2025-09-29,USD,BUY,47.6376,2.1612,102.95,0.0,0.0,ADD
2025-09-29,TQQQ,BUY,51.0178,243.2161,12408.35,0.0,0.0,OPEN
2025-09-30,SMH,SELL,325.3476257324219,-0.16903927597858912,-54.99652709516158,13.553276624857302,0.32703218186442107,REDUCE
2025-09-30,USD,SELL,49.30567169189453,-3.6394434241927422,-179.44520261447178,69.01166158172516,0.6249157722947711,REDUCE
2025-09-30,GLD,SELL,355.4700012207031,-0.0293308720937447,-10.426245138967715,2.1049332272597785,0.2529568954503647,REDUCE
2025-09-30,TQQQ,SELL,51.41558837890625,-243.21611179095862,-12505.099490961975,96.75147763699705,0.007797289174441113,CLOSE
2025-09-30,QLD,BUY,68.5181,1.1586,79.38,0.0,0.0,ADD
2025-09-30,QQQ,BUY,598.185,0.224,133.97,0.0,0.0,ADD
2025-09-30,SHV,BUY,106.4823,117.427,12503.89,0.0,0.0,OPEN
2025-09-30,XLK,BUY,140.3744,0.2331,32.73,0.0,0.0,ADD
2025-10-10,SMH,SELL,324.330810546875,-0.4368695664262765,-141.6902605822961,34.58323022237746,0.32288478269040977,REDUCE
2025-10-10,SHV,SELL,106.6340560913086,-117.42697621276946,-12521.71476810522,17.825657239574234,0.0014256090310400538,CLOSE
2025-10-10,XLK,SELL,138.64630126953125,-0.047360207050512554,-6.566317534912741,0.5926979383858693,0.09921923028551571,REDUCE
2025-10-10,GLD,SELL,369.1199951171875,-1.7329399975933821,-639.6628034500482,148.0192478762501,0.30107024936693527,REDUCE
2025-10-10,QLD,BUY,65.8263,11.8568,780.49,0.0,0.0,ADD
2025-10-10,QQQ,BUY,587.3546,0.2478,145.55,0.0,0.0,ADD
2025-10-10,USD,BUY,48.3845,0.8107,39.23,0.0,0.0,ADD
2025-10-10,TQQQ,BUY,48.268,255.7465,12344.37,0.0,0.0,OPEN
2025-10-13,QLD,SELL,68.63296508789062,-1.784007910002752,-122.44175260373959,5.599213695324239,0.04792102044027868,REDUCE
2025-10-13,SMH,SELL,338.69610595703125,-0.2517260308169561,-85.25862640572268,23.54311748243535,0.3814781388532267,REDUCE
2025-10-13,USD,SELL,52.641849517822266,-6.153740695234387,-323.94429165022757,136.5517296724825,0.7286934349544754,REDUCE
2025-10-13,TQQQ,SELL,51.3310546875,-255.74654682295008,-13127.73998110813,783.366236610602,0.06345937451543748,CLOSE
2025-10-13,QQQ,BUY,599.819,0.7704,462.12,0.0,0.0,ADD
2025-10-13,SHV,BUY,106.6244,120.2226,12818.66,0.0,0.0,OPEN
2025-10-13,XLK,BUY,142.0229,1.4385,204.3,0.0,0.0,ADD
2025-10-13,GLD,BUY,378.09,0.461,174.31,0.0,0.0,ADD
2025-10-15,SMH,SELL,340.7198181152344,-0.2324119447739507,-79.18735555118838,22.207068669355287,0.3897324826638513,REDUCE
2025-10-15,SHV,SELL,106.64371490478516,-120.22260848604712,-12820.985584495615,2.323332727776774,0.00018124611462133622,CLOSE
2025-10-15,GLD,SELL,387.3900146484375,-0.7899609175356312,-306.0229714158213,80.89332486133753,0.3593188462709218,REDUCE
2025-10-15,QLD,BUY,68.638,0.2862,19.64,0.0,0.0,ADD
2025-10-15,QQQ,BUY,600.0283,0.0175,10.47,0.0,0.0,ADD
2025-10-15,USD,BUY,50.4211,5.7756,291.21,0.0,0.0,ADD
2025-10-15,XLK,BUY,141.5896,0.4021,56.93,0.0,0.0,ADD
2025-10-15,TQQQ,BUY,51.3161,249.9788,12827.94,0.0,0.0,OPEN
2025-10-17,QLD,SELL,68.9975357055664,-0.11745034596541029,-8.103784439379524,0.41120350037290265,0.05345455623194306,REDUCE
2025-10-17,USD,SELL,51.367130279541016,-1.8236401538010452,-93.6751613633005,36.580463203808634,0.6406980750055373,REDUCE
2025-10-17,TQQQ,SELL,51.708961486816406,-249.97877403657998,-12926.142799179095,98.19818196855506,0.007655020730040318,CLOSE
2025-10-17,SMH,BUY,341.7665,0.0838,28.64,0.0,0.0,ADD
2025-10-17,QQQ,BUY,601.7321,0.0989,59.48,0.0,0.0,ADD
2025-10-17,SHV,BUY,106.7114,120.809,12891.7,0.0,0.0,OPEN
2025-10-17,XLK,BUY,141.9432,0.2629,37.32,0.0,0.0,ADD
2025-10-17,GLD,BUY,388.99,0.0277,10.77,0.0,0.0,ADD
2025-11-04,QLD,SELL,72.23367309570312,-9.651173402437713,-697.1397045416306,65.02208969437599,0.1028639103975737,REDUCE
2025-11-04,SMH,SELL,351.665771484375,-0.21759213172998138,-76.51970487375365,23.133085499779018,0.4333124249305085,REDUCE
2025-11-04,QQQ,SELL,616.996337890625,-0.06583037679588866,-40.61710140502328,5.245396789375626,0.1482935822961493,REDUCE
2025-11-04,SHV,SELL,106.87690734863281,-120.80901849506257,-12911.69427657607,19.9935091338722,0.0015508821911509596,CLOSE
2025-11-04,USD,SELL,56.76476287841797,-9.758121822673063,-553.9174714027522,248.40927182301672,0.8131018158096399,REDUCE
2025-11-04,XLK,SELL,146.39064025878906,-0.767979001103618,-112.42493767686392,15.319655579529888,0.1577633600216941,REDUCE
2025-11-04,GLD,BUY,362.32,3.2906,1192.25,0.0,0.0,ADD
2025-11-04,TQQQ,BUY,55.2345,238.9824,13200.07,0.0,0.0,OPEN
2025-11-11,QLD,SELL,72.64817810058594,-0.21071409921829232,-15.307995408315037,1.5069695373145462,0.10919257389996484,REDUCE
2025-11-11,GLD,SELL,379.8699951171875,-1.500884664620792,-570.1410502209619,131.80452011829814,0.3006925297497518,REDUCE
2025-11-11,TQQQ,SELL,55.58253860473633,-238.98240651842,-13283.24883616287,83.18309662923139,0.006301718360394393,CLOSE
2025-11-11,SMH,BUY,349.9611,0.4479,156.74,0.0,0.0,ADD
2025-11-11,QQQ,BUY,619.3079,0.0695,43.07,0.0,0.0,ADD
2025-11-11,SHV,BUY,106.9545,124.0649,13269.31,0.0,0.0,OPEN
2025-11-11,USD,BUY,54.8776,4.9016,268.99,0.0,0.0,ADD
2025-11-11,XLK,BUY,145.9275,0.8949,130.6,0.0,0.0,ADD
2025-11-13,QLD,SELL,69.5418930053711,-429.76850306611993,-29886.91525730261,1738.603154028903,0.06176580491398975,CLOSE
2025-11-13,SMH,SELL,343.7503967285156,-0.22723302012037447,-78.1114408161975,22.120745331323786,0.39507895266812443,REDUCE
2025-11-13,QQQ,SELL,606.1858520507812,-0.07442592637886358,-45.115943596640136,5.116613664157553,0.12791748443771955,REDUCE
2025-11-13,XLK,SELL,142.73011779785156,-0.09185971235568283,-13.111147565403371,1.4811908298974854,0.1273599604524287,REDUCE
2025-11-13,GLD,SELL,382.8699951171875,-1.0621751924600473,-406.675010750776,96.46450677330985,0.31096466926960376,REDUCE
2025-11-13,SHV,BUY,106.9739,282.38,30207.3,0.0,0.0,ADD
2025-11-13,USD,BUY,51.89,4.2904,222.63,0.0,0.0,ADD
2025-11-17,QQQ,SELL,601.4630126953125,-0.03349153182562249,-20.143917631619843,2.144291740261608,0.11912979487485353,REDUCE
2025-11-17,SHV,SELL,107.01272583007812,-406.44498952788575,-43494.786229356614,18.178378114388373,0.0004181185932579101,CLOSE
2025-11-17,QLD,BUY,68.4182,442.1642,30252.09,0.0,0.0,OPEN
2025-11-17,SMH,BUY,339.2444,0.207,70.23,0.0,0.0,ADD
2025-11-17,USD,BUY,51.158,0.7517,38.45,0.0,0.0,ADD
2025-11-17,XLK,BUY,141.2609,0.1932,27.29,0.0,0.0,ADD
2025-11-17,GLD,BUY,371.65,0.7257,269.72,0.0,0.0,ADD
2025-11-17,TQQQ,BUY,50.7443,253.3711,12857.14,0.0,0.0,OPEN
2025-11-18,QLD,SELL,66.75521087646484,-442.1642439258528,-29516.767345302946,-735.3267751292249,-0.0243066404660095,CLOSE
2025-11-18,QQQ,SELL,594.1397705078125,-0.32397944142725377,-192.48907097883784,18.370169145855215,0.10550358951537686,REDUCE
2025-11-18,XLK,SELL,138.96502685546875,-0.30493269680787405,-42.37498040101673,3.760722746680215,0.09739207679052386,REDUCE
2025-11-18,GLD,SELL,374.3500061035156,-0.9039456333069622,-338.3920533457076,72.88337018304789,0.27450465768156085,REDUCE
2025-11-18,SMH,BUY,332.2562,0.0703,23.37,0.0,0.0,ADD
2025-11-18,SHV,BUY,107.0321,277.2593,29675.66,0.0,0.0,OPEN
2025-11-18,USD,BUY,48.8974,3.4989,171.09,0.0,0.0,ADD
2025-11-18,TQQQ,BUY,48.9095,4.4963,219.91,0.0,0.0,ADD
2025-11-24,SMH,SELL,338.06805419921875,-0.12608648433829892,-42.625812421068986,11.486521314710064,0.3688754915928196,REDUCE
2025-11-24,QQQ,SELL,602.9575805664062,-0.010101688585992032,-6.090889709445037,0.6618571896558167,0.12191070641837176,REDUCE
2025-11-24,USD,SELL,51.30738067626953,-4.511597573384607,-231.4782541557779,80.9679378906161,0.5379560677287443,REDUCE
2025-11-24,GLD,SELL,380.20001220703125,-0.033427436015100044,-12.709111580990793,2.8907395563323046,0.294421473241421,REDUCE
2025-11-24,TQQQ,SELL,50.79899978637695,-257.867427832374,-13099.407411370341,22.355140023758533,0.0017094938186292818,CLOSE
2025-11-24,SHV,BUY,107.1,123.3571,13211.55,0.0,0.0,ADD
2025-11-24,XLK,BUY,139.3037,1.2976,180.76,0.0,0.0,ADD
2025-12-01,SMH,SELL,351.8651428222656,-1.0295212471147888,-362.25264065460215,107.99412926591354,0.4247414518242867,REDUCE
2025-12-01,QQQ,SELL,614.923828125,-0.14025643066765994,-86.2470212653061,10.867868886742711,0.14417605589623683,REDUCE
2025-12-01,USD,SELL,52.36300277709961,-132.0402034804755,-6914.021541536936,2509.0602252168674,0.5695986967969453,CLOSE
2025-12-01,XLK,SELL,142.610595703125,-0.7378796194223368,-105.22945208301462,11.6779637653312,0.12482926755451507,REDUCE
2025-12-01,SHV,BUY,107.1797,6.4074,686.74,0.0,0.0,ADD
2025-12-01,GLD,BUY,389.75,17.3984,6781.01,0.0,0.0,ADD
2025-12-02,SMH,SELL,358.3150634765625,-0.5948045266950757,-213.12742173889274,66.22990607462278,0.4508579044045191,REDUCE
2025-12-02,QQQ,SELL,619.7362670898438,-0.15622646046450495,-96.81920342893136,12.857148264263133,0.15313046160015276,REDUCE
2025-12-02,SHV,SELL,107.19913482666016,-285.1178848030701,-30564.390574496472,41.08647880644084,0.0013460691764441979,REDUCE
2025-12-02,XLK,SELL,144.07977294921875,-0.6262765775988257,-90.23378710385259,10.831802836089643,0.13641728145687337,REDUCE
2025-12-02,QLD,BUY,72.3835,424.803,30748.72,0.0,0.0,OPEN
2025-12-02,GLD,BUY,387.24,0.5574,215.85,0.0,0.0,ADD
2025-12-11,QLD,SELL,73.09264373779297,-424.80300697088376,-31049.97484726599,301.249996169614,0.009797154113819317,CLOSE
2025-12-11,SMH,SELL,369.7395324707031,-0.7736617448531311,-286.0533318324651,94.98385743744088,0.49711686148812895,REDUCE
2025-12-11,XLK,SELL,147.38668823242188,-1.0091224510224517,-148.7312160771835,20.790418278965905,0.16250030198932808,REDUCE
2025-12-11,GLD,SELL,393.239990234375,-0.11264328067411984,-44.29584259225885,7.449981597753585,0.20219317439385076,REDUCE
2025-12-11,QQQ,BUY,623.3033,0.3433,213.95,0.0,0.0,ADD
2025-12-11,SHV,BUY,107.3257,291.7765,31315.1,0.0,0.0,ADD
2025-12-12,SHV,SELL,107.35485076904297,-127.13870006080977,-13648.956171998347,13.850543743198225,0.0010158002527311805,REDUCE
2025-12-12,GLD,SELL,395.44000244140625,-0.93604895300597,-370.15120026195655,63.967561077216054,0.20891893912927295,REDUCE
2025-12-12,SMH,BUY,353.0215,1.4356,506.81,0.0,0.0,ADD
2025-12-12,QQQ,BUY,611.3868,0.3034,185.48,0.0,0.0,ADD
2025-12-12,XLK,BUY,143.1236,1.7679,253.03,0.0,0.0,ADD
2025-12-12,TQQQ,BUY,52.5294,248.885,13073.79,0.0,0.0,OPEN
2025-12-19,SMH,SELL,355.125,-0.0032673908819268933,-1.160332186944288,0.341974018331528,0.4178781754097052,REDUCE
2025-12-19,XLK,SELL,144.0299835205078,-0.04806846150084156,-6.923299717822374,0.8160570209803741,0.13362118741446927,REDUCE
2025-12-19,GLD,SELL,399.0199890136719,-0.1588602579455032,-63.38841838012377,11.42488405493711,0.2198634908749746,REDUCE
2025-12-19,TQQQ,SELL,53.22557830810547,-248.88504334788792,-13247.050364429233,173.26270376467176,0.01325267843273692,CLOSE
2025-12-19,QQQ,BUY,614.8043,0.0136,8.34,0.0,0.0,ADD
2025-12-19,SHV,BUY,107.4299,123.8965,13310.18,0.0,0.0,ADD
2025-12-31,SMH,SELL,360.1300048828125,-0.6057754077830241,-218.1579005627882,66.43401100733723,0.43786124388181746,REDUCE
2025-12-31,SHV,SELL,107.55680084228516,-122.75395648021951,-13203.02284974551,31.34699107351292,0.0023798787192956805,REDUCE
2025-12-31,QQQ,BUY,612.8629,0.1471,90.18,0.0,0.0,ADD
2025-12-31,XLK,BUY,143.62,0.3059,43.93,0.0,0.0,ADD
2025-12-31,GLD,BUY,396.31,0.3443,136.46,0.0,0.0,ADD
2025-12-31,TQQQ,BUY,52.5121,250.4302,13150.61,0.0,0.0,OPEN
2026-01-06,SMH,SELL,387.6199951171875,-1.9722248293267035,-764.4737787136128,270.5058520881364,0.5476182511202441,REDUCE
2026-01-06,GLD,SELL,413.17999267578125,-0.7616386105685317,-314.69383553629814,65.2025715576964,0.26134210279718917,REDUCE
2026-01-06,TQQQ,SELL,54.79304122924805,-250.43017392371235,-13721.83084484973,571.2231409312913,0.04343701475948425,CLOSE
2026-01-06,QQQ,BUY,621.9514,0.5564,346.08,0.0,0.0,ADD
2026-01-06,SHV,BUY,107.5959,133.1502,14326.41,0.0,0.0,ADD
2026-01-06,XLK,BUY,146.2934,0.8784,128.51,0.0,0.0,ADD
2026-01-14,SHV,SELL,107.67396545410156,-125.01420236821318,-13460.774907067047,34.92572415424282,0.002601379151397909,REDUCE
2026-01-14,GLD,SELL,425.94000244140625,-1.380419671838785,-587.9759583931773,135.7895225047672,0.3002954350852691,REDUCE
2026-01-14,SMH,BUY,388.35,0.0217,8.44,0.0,0.0,ADD
2026-01-14,QQQ,BUY,618.0905,0.41,253.44,0.0,0.0,ADD
2026-01-14,XLK,BUY,144.3482,1.7293,249.62,0.0,0.0,ADD
2026-01-14,TQQQ,BUY,53.6177,252.4772,13537.25,0.0,0.0,OPEN
2026-01-15,SMH,SELL,396.4100036621094,-0.6652632443755776,-263.7170051391895,97.04502376498324,0.5822515756088664,REDUCE
2026-01-15,XLK,SELL,145.10635375976562,-0.11596443085866331,-16.82717572772708,2.039019170678914,0.13788190318468718,REDUCE
2026-01-15,TQQQ,SELL,54.16552734375,-252.4772394445793,-13675.562816809877,138.3152345042247,0.010217382349201776,CLOSE
2026-01-15,QQQ,BUY,620.3153,0.0283,17.57,0.0,0.0,ADD
2026-01-15,SHV,BUY,107.6837,127.4547,13724.8,0.0,0.0,ADD
2026-01-15,GLD,BUY,423.33,0.5049,213.74,0.0,0.0,ADD
2026-01-16,SMH,SELL,400.3900146484375,-0.3805498556247641,-152.36836226806008,57.02715863944125,0.5981375991599422,REDUCE
2026-01-16,SHV,SELL,107.71302795410156,-126.16895474219486,-13590.04014908581,29.192020789095015,0.002152669251429984,REDUCE
2026-01-16,XLK,SELL,145.2659454345703,-0.06461244800789215,-9.385988346708473,1.1464015216810641,0.13913337477055476,REDUCE
2026-01-16,QQQ,BUY,619.7965,0.0644,39.92,0.0,0.0,ADD
2026-01-16,GLD,BUY,421.29,0.2631,110.85,0.0,0.0,ADD
2026-01-16,TQQQ,BUY,53.9265,252.2142,13601.02,0.0,0.0,OPEN
2026-01-22,GLD,SELL,451.7900085449219,-2.8131040513440726,-1270.932303394493,345.27951019429315,0.3730119033083459,REDUCE
2026-01-22,TQQQ,SELL,53.68741989135742,-252.21415476193806,-13540.727229247972,-60.292252434965555,-0.0044329215553410295,CLOSE
2026-01-22,SMH,BUY,402.82,0.2077,83.68,0.0,0.0,ADD
2026-01-22,QQQ,BUY,619.2977,0.5785,358.29,0.0,0.0,ADD
2026-01-22,SHV,BUY,107.7423,130.9381,14107.58,0.0,0.0,ADD
2026-01-22,XLK,BUY,144.5278,1.8135,262.11,0.0,0.0,ADD
2026-01-27,SHV,SELL,107.80091094970703,-298.29496902396744,-32156.46939249833,71.44753448175408,0.002226818943678044,REDUCE
2026-01-27,XLK,SELL,147.6900634765625,-0.5445364171423007,-80.4226180130463,10.83160453020756,0.15564659843441775,REDUCE
2026-01-27,GLD,SELL,476.1000061035156,-1.630337198204026,-776.2035500157253,239.7405703919538,0.4468911732923062,REDUCE
2026-01-27,QLD,BUY,73.8952,445.3777,32911.27,0.0,0.0,OPEN
2026-01-27,SMH,BUY,407.25,0.2349,95.68,0.0,0.0,ADD
2026-01-27,QQQ,BUY,629.6432,0.0097,6.14,0.0,0.0,ADD
2026-01-30,QLD,SELL,71.64717102050781,-445.37767746409264,-31910.050625986412,-1001.2231000938779,-0.030421888512338735,CLOSE
2026-01-30,SMH,SELL,403.4599914550781,-0.6921270338248404,-279.2455671527987,104.67068219325782,0.5995746880630399,REDUCE
2026-01-30,QQQ,SELL,620.405029296875,-0.5693916579501116,-353.2534482319352,44.88460016460525,0.14555491076973204,REDUCE
2026-01-30,SHV,BUY,107.84,293.7121,31673.9,0.0,0.0,ADD
2026-01-30,XLK,BUY,143.5302,0.2167,31.11,0.0,0.0,ADD
2026-01-30,GLD,BUY,444.95,1.8823,837.54,0.0,0.0,ADD
2026-02-02,SMH,SELL,407.9700012207031,-0.5275122684492635,-215.20918080318188,82.15500277120182,0.6174552651135505,REDUCE
2026-02-02,QQQ,SELL,624.6650390625,-0.43274589436675803,-270.3212310087474,35.956446965080026,0.1534208610384935,REDUCE
2026-02-02,SHV,SELL,107.86152648925781,-1.0384325205879814,-112.00691682670731,0.11103183888714747,0.000992278124430035,REDUCE
2026-02-02,XLK,SELL,144.9068145751953,-111.63678305588834,-16176.930622050919,1906.4923146152769,0.13359732010627146,CLOSE
2026-02-02,XLC,BUY,118.9798,134.3686,15987.15,0.0,0.0,OPEN
2026-02-02,GLD,BUY,427.13,1.8433,787.31,0.0,0.0,ADD
2026-02-03,SHV,SELL,107.87130737304688,-125.52607055729958,-13540.661340417231,14.6493217455236,0.001083048109472351,REDUCE
2026-02-03,GLD,SELL,454.2900085449219,-2.8338591908122397,-1287.3939160091977,331.67677011319006,0.3470449091945873,REDUCE
2026-02-03,XLC,BUY,117.0609,2.427,284.11,0.0,0.0,ADD
2026-02-03,SMH,BUY,397.68,1.08,429.51,0.0,0.0,ADD
2026-02-03,QQQ,BUY,615.0677,0.8178,503.02,0.0,0.0,ADD
2026-02-03,TQQQ,BUY,52.3129,260.1925,13611.41,0.0,0.0,OPEN
2026-02-10,SMH,SELL,404.760009765625,-0.6969649195414969,-282.1035276399143,103.58934399681272,0.58028634970494,REDUCE
2026-02-10,GLD,SELL,462.3999938964844,-0.795303547915085,-367.74835570178766,99.5327579054418,0.3710923552664387,REDUCE
2026-02-10,TQQQ,SELL,50.81877517700195,-260.1925024802715,-13222.664286286441,-388.75029249739845,-0.02856060920393566,CLOSE
2026-02-10,XLC,BUY,116.9019,0.2117,24.75,0.0,0.0,ADD
2026-02-10,QQQ,BUY,610.0295,0.4069,248.19,0.0,0.0,ADD
2026-02-10,SHV,BUY,107.9399,125.9921,13599.57,0.0,0.0,ADD
2026-02-13,SMH,SELL,407.7200012207031,-0.5066023226630934,-206.55189961460746,76.79544053572728,0.5918429115659098,REDUCE
2026-02-13,SHV,SELL,108.00843048095703,-127.96960601253073,-13821.796294679887,25.418511976830835,0.00184240475124553,REDUCE
2026-02-13,GLD,SELL,462.6199951171875,-0.2727040504465486,-126.15834648601958,34.18908505904117,0.3717446952228334,REDUCE
2026-02-13,XLC,BUY,113.9192,2.8022,319.23,0.0,0.0,ADD
2026-02-13,QQQ,BUY,600.502,0.4951,297.34,0.0,0.0,ADD
2026-02-13,TQQQ,BUY,48.2788,280.4116,13537.94,0.0,0.0,OPEN
2026-02-20,XLC,SELL,116.12635803222656,-0.8721120344417796,-101.27519435579961,-2.368271082292409,-0.02285017267882672,REDUCE
2026-02-20,SMH,SELL,415.0299987792969,-0.18852143412496158,-78.2420505747541,29.955904502748613,0.6203830071275025,REDUCE
2026-02-20,TQQQ,SELL,49.86256408691406,-280.41156623307825,-13982.039692008811,444.0958705717313,0.03280379032660141,CLOSE
2026-02-20,QQQ,BUY,607.3758,0.0761,46.25,0.0,0.0,ADD
2026-02-20,SHV,BUY,108.0574,130.6189,14114.34,0.0,0.0,ADD
2026-03-03,XLC,SELL,117.2796630859375,-2.547582499776839,-298.7796172574581,-3.979969055687336,-0.01314564174219357,REDUCE
2026-03-03,SHV,SELL,108.1495590209961,-129.73195160193518,-14030.453356682498,34.21706163101147,0.002444733063210025,REDUCE
2026-03-03,GLD,SELL,468.1400146484375,-0.3367660207401305,-157.6536498823807,44.07953116116652,0.38811246485976936,REDUCE
2026-03-03,SMH,BUY,391.06,2.0286,793.29,0.0,0.0,ADD
2026-03-03,QQQ,BUY,600.1628,0.1636,98.17,0.0,0.0,ADD
2026-03-03,TQQQ,BUY,47.9103,283.7887,13596.4,0.0,0.0,OPEN
2026-03-05,SMH,SELL,395.3500061035156,-0.12824611662429697,-50.70210299016799,16.996142220715036,0.5042473744323084,REDUCE
2026-03-05,QQQ,SELL,607.4755859375,-0.21356487361519058,-129.73544673505603,13.503297715429667,0.11617523920296424,REDUCE
2026-03-05,TQQQ,SELL,49.60358810424805,-283.78866885336373,-14076.936238455102,480.53779926800945,0.035343021272679076,CLOSE
2026-03-05,XLC,BUY,117.7569,0.5068,59.68,0.0,0.0,ADD
2026-03-05,SHV,BUY,108.1692,128.9295,13946.2,0.0,0.0,ADD
2026-03-05,GLD,BUY,466.13,0.5395,251.49,0.0,0.0,ADD
2026-03-06,SHV,SELL,108.19866180419922,-128.70000623081597,-13925.168448366388,29.193511057052614,0.0021008609463357697,REDUCE
2026-03-06,GLD,SELL,473.510009765625,-0.9892563332013797,-468.4227759948917,133.26671532890344,0.39762585544205686,REDUCE
2026-03-06,XLC,BUY,116.7826,0.2422,28.29,0.0,0.0,ADD
2026-03-06,SMH,BUY,380.56,1.3085,497.97,0.0,0.0,ADD
2026-03-06,QQQ,BUY,598.3372,0.4249,254.21,0.0,0.0,ADD
2026-03-06,TQQQ,BUY,47.3525,287.4848,13613.12,0.0,0.0,OPEN
2026-03-09,SMH,SELL,394.3699951171875,-1.0045585334601215,-396.1677439355972,128.46966847413094,0.4799050880461915,REDUCE
2026-03-09,QQQ,SELL,606.3283081054688,-0.08813330258734929,-53.43771624553483,5.430485748240441,0.113118080172246,REDUCE
2026-03-09,SHV,SELL,108.20848083496094,-168.77979129231298,-18263.404811382956,39.94221483874447,0.002191801619869871,REDUCE
2026-03-09,TQQQ,SELL,49.19520568847656,-287.4847862833038,-14142.873193514855,529.7484911671019,0.03891454039760167,CLOSE
2026-03-09,XLC,BUY,116.882,1.4662,171.38,0.0,0.0,ADD
2026-03-09,QLD,BUY,67.8805,477.3228,32400.9,0.0,0.0,OPEN
2026-03-09,GLD,BUY,472.53,0.6002,283.6,0.0,0.0,ADD
2026-03-12,SMH,SELL,388.1300048828125,-0.13328067675097255,-51.730229718139526,16.213154829985687,0.4564890234075365,REDUCE
2026-03-12,QQQ,SELL,595.85302734375,-0.08748175184090437,-52.12626667173754,4.473943410947368,0.09388720433340692,REDUCE
2026-03-12,SHV,SELL,108.2281265258789,-127.2578964061486,-13772.883713661842,32.61601030932046,0.0023737536279124782,CLOSE
2026-03-12,GLD,SELL,466.8800048828125,-0.31842206600076184,-148.66489572923092,40.21134295814539,0.37077017700858583,REDUCE
2026-03-12,XLC,BUY,114.6052,0.0655,7.51,0.0,0.0,ADD
2026-03-12,QLD,BUY,65.5225,7.7739,509.37,0.0,0.0,ADD
2026-03-12,TQQQ,BUY,46.6453,289.601,13508.53,0.0,0.0,OPEN
2026-03-17,QLD,SELL,66.79142761230469,-4.228878534742903,-282.45283453450975,-4.445664898528094,-0.015495601780119106,REDUCE
2026-03-17,SMH,SELL,396.8800048828125,-0.4831153409006933,-191.73881885562878,62.996647367062344,0.48932410133114046,REDUCE
2026-03-17,TQQQ,SELL,47.97005844116211,-289.60103040902675,-13892.178353341778,383.6497781231887,0.02840056013406178,CLOSE
2026-03-17,XLC,BUY,114.7046,1.3317,152.75,0.0,0.0,ADD
2026-03-17,QQQ,BUY,601.8888,0.0171,10.28,0.0,0.0,ADD
2026-03-17,SHV,BUY,108.2871,126.0546,13650.09,0.0,0.0,OPEN
2026-03-17,GLD,BUY,459.27,1.2046,553.25,0.0,0.0,ADD
2026-03-18,XLC,SELL,113.00447082519531,-0.49907911566453816,-56.39817136557758,-2.8787337532920856,-0.048564170945147644,REDUCE
2026-03-18,SMH,SELL,393.6700134277344,-0.417952819460581,-164.53549204920637,53.158044467419685,0.47727835052410117,REDUCE
2026-03-18,QQQ,SELL,593.4986572265625,-0.2199583651278263,-130.54499434911486,10.726775230805675,0.08952541032356698,REDUCE
2026-03-18,SHV,SELL,108.28705596923828,-126.054648237646,-13650.086748892616,0.0,0.0,CLOSE
2026-03-18,QLD,BUY,64.8931,4.9929,324.01,0.0,0.0,ADD
2026-03-18,GLD,BUY,444.74,0.6245,277.73,0.0,0.0,ADD
2026-03-18,TQQQ,BUY,45.9182,291.8197,13399.83,0.0,0.0,OPEN
2026-03-19,XLC,SELL,112.48746490478516,-0.7833659493706858,-88.11884973743872,-4.9235309127096745,-0.05291707798430911,REDUCE
2026-03-19,QLD,SELL,64.47346496582031,-1.8086017157203207,-116.60681935561661,-6.038766329593254,-0.0492375350963935,REDUCE
2026-03-19,SMH,SELL,394.9200134277344,-0.5325106980851481,-210.29913203819888,68.3939226433548,0.481969075941759,REDUCE
2026-03-19,QQQ,SELL,591.623046875,-0.3452916668295641,-204.2825079902541,16.19130913147042,0.08608222622700512,REDUCE
2026-03-19,TQQQ,SELL,45.509796142578125,-291.81969334012757,-13280.654754298868,-119.17403133593504,-0.008893698064537547,CLOSE
2026-03-19,SHV,BUY,108.2871,122.4858,13263.62,0.0,0.0,OPEN
2026-03-19,GLD,BUY,426.41,1.4923,636.34,0.0,0.0,ADD
2026-03-20,XLC,SELL,111.58271789550781,-2.0547457081158185,-229.2741106956928,-14.773300948064746,-0.06053455289101661,REDUCE
2026-03-20,QLD,SELL,62.07556915283203,-484.05220796652895,-30047.8163092073,-2776.915654861204,-0.08459827357923122,CLOSE
2026-03-20,QQQ,SELL,580.6888427734375,-11.417078095756775,-6629.769867278963,410.5294025062279,0.06600957220283798,REDUCE
2026-03-20,GLD,SELL,413.3800048828125,-15.357042027987749,-6348.294108515132,1009.2521083560342,0.18903243471880526,REDUCE
2026-03-20,SMH,BUY,384.74,0.1233,47.46,0.0,0.0,ADD
2026-03-20,SHV,BUY,108.3165,398.1842,43129.92,0.0,0.0,ADD
2026-03-31,XLC,SELL,110.57234191894531,-136.66525788683754,-15111.397623504237,-1120.6851676521994,-0.0690413659214929,CLOSE
2026-03-31,QQQ,SELL,576.54638671875,-26.157746969112832,-15081.154499745338,832.2094497807257,0.05840498695605478,REDUCE
2026-03-31,GLD,SELL,430.2900085449219,-17.18269811614195,-7393.543319219533,1419.7922054995443,0.23767180427699608,REDUCE
2026-03-31,SMH,BUY,383.4,0.2217,84.99,0.0,0.0,ADD
2026-03-31,SHV,BUY,108.4246,282.4483,30624.34,0.0,0.0,ADD
2026-03-31,BIL,BUY,90.0282,76.3829,6876.61,0.0,0.0,OPEN
2026-04-08,SMH,SELL,422.9200134277344,-3.1230502168725507,-1320.8004396552278,485.386058670002,0.5810123331819756,REDUCE
2026-04-08,SHV,SELL,108.50731658935547,-395.06460351749854,-42867.40000712141,62.14245131689155,0.001451748099771999,REDUCE
2026-04-08,QLD,BUY,67.0351,463.5098,31071.45,0.0,0.0,OPEN
2026-04-08,QQQ,BUY,605.4247,10.5922,6412.77,0.0,0.0,ADD
2026-04-08,BIL,BUY,90.1011,1.2086,108.9,0.0,0.0,ADD
2026-04-08,GLD,BUY,434.53,15.3569,6673.03,0.0,0.0,ADD
2026-04-30,QLD,SELL,80.99580383300781,-46.948372468024175,-3802.621166699071,655.4300408095284,0.20825873440535747,REDUCE
2026-04-30,SMH,SELL,506.7200012207031,-3.4421472019699744,-1744.2048343840652,823.4321684634247,0.8942838975786824,REDUCE
2026-04-30,SHV,SELL,108.74372863769531,-276.18969224189465,-30033.896945681176,108.7383629810689,0.0036336770841352006,REDUCE
2026-04-30,BIL,SELL,90.28829193115234,-77.59146477108695,-7005.600822617621,20.094119061408964,0.0028765442385416673,CLOSE
2026-04-30,QQQ,BUY,667.007,24.9782,16660.66,0.0,0.0,ADD
2026-04-30,USD,BUY,77.6452,97.7709,7591.44,0.0,0.0,OPEN
2026-04-30,XLK,BUY,159.31,105.8933,16869.86,0.0,0.0,OPEN
2026-04-30,GLD,BUY,423.66,3.4564,1464.36,0.0,0.0,ADD
2026-05-18,QLD,SELL,90.13967895507812,-15.279699632776003,-1377.3072194284541,353.03028366710384,0.3446629240017933,REDUCE
2026-05-18,SMH,SELL,546.1599731445312,-0.17798332857097685,-97.207369952499,49.59691801019498,1.0417233188691055,REDUCE
2026-05-18,SHV,SELL,108.92948150634766,-131.86400363105287,-14363.877544881734,76.4101597740459,0.005348054887158726,CLOSE
2026-05-18,USD,SELL,91.99396514892578,-9.302403949338462,-855.7650247166721,133.478127005094,0.1847993192566455,REDUCE
2026-05-18,XLK,SELL,174.15234375,-2.0433876074856534,-355.8607410333316,30.32857273466999,0.09316613130179152,REDUCE
2026-05-18,QQQ,BUY,705.1051,0.6619,466.69,0.0,0.0,ADD
2026-05-18,GLD,BUY,418.43,2.8929,1210.48,0.0,0.0,ADD
2026-05-18,TQQQ,BUY,74.1493,207.3229,15372.85,0.0,0.0,OPEN
2026-05-19,SMH,SELL,543.9600219726562,-0.1983414438656743,-107.88981616326055,54.833578496775345,1.0334991870600136,REDUCE
2026-05-19,QQQ,SELL,700.7599487304688,-0.18291957947793164,-128.18271513675427,13.87973672278722,0.12142935307004388,REDUCE
2026-05-19,USD,SELL,91.09529876708984,-0.020080022858954983,-1.8291956815864978,0.2700785441498267,0.17322530659489788,REDUCE
2026-05-19,XLK,SELL,173.03367614746094,-0.3731420307398113,-64.56613730403842,5.120864216783758,0.08614417851638567,REDUCE
2026-05-19,TQQQ,SELL,72.76246643066406,-207.322948443089,-15085.32907639656,-287.51760089414347,-0.018702951179424332,CLOSE
2026-05-19,QLD,BUY,89.0704,0.759,67.6,0.0,0.0,ADD
2026-05-19,SHV,BUY,108.9394,139.7036,15219.22,0.0,0.0,OPEN
2026-05-19,GLD,BUY,411.5,0.2454,100.97,0.0,0.0,ADD
2026-06-05,SMH,SELL,569.6900024414062,-1.2354559362581545,-703.826895343158,373.34304636515446,1.1296862086292263,REDUCE
2026-06-05,SHV,SELL,109.12828826904297,-139.70357232057256,-15245.611712414535,26.393734446520526,0.0017342372311592857,CLOSE
2026-06-05,XLK,SELL,180.08526611328125,-3.2572108548841605,-586.5756835888824,67.66928114618159,0.13040748934226887,REDUCE
2026-06-05,QLD,BUY,89.4801,1.3575,121.47,0.0,0.0,ADD
2026-06-05,QQQ,BUY,704.286,0.1392,98.06,0.0,0.0,ADD
2026-06-05,USD,BUY,88.5491,3.2706,289.61,0.0,0.0,ADD
2026-06-05,GLD,BUY,396.24,1.7313,686.02,0.0,0.0,ADD
2026-06-05,TQQQ,BUY,72.8822,210.4884,15340.85,0.0,0.0,OPEN
2026-06-12,QLD,SELL,93.31755065917969,-1.1048120878590229,-103.09835797765845,28.907861008926588,0.3896437170532774,REDUCE
2026-06-12,SMH,SELL,619.9600219726562,-1.4035148356303817,-870.1230883363605,494.6835672946833,1.3176118644146921,REDUCE
2026-06-12,USD,SELL,97.86528778076172,-5.409160426769574,-529.3690418181122,107.27059772654306,0.25413644430130145,REDUCE
2026-06-12,TQQQ,SELL,77.3419189453125,-210.48835060674102,-16279.572951559083,938.720038646068,0.06119086363548343,CLOSE
2026-06-12,QQQ,BUY,720.5482,0.7849,565.59,0.0,0.0,ADD
2026-06-12,SHV,BUY,109.2076,146.0974,15954.94,0.0,0.0,OPEN
2026-06-12,XLK,BUY,184.5799,1.4736,272.0,0.0,0.0,ADD
2026-06-12,GLD,BUY,386.54,2.5602,989.63,0.0,0.0,ADD
2026-06-23,SMH,SELL,622.0499877929688,-0.4328052094120494,-269.2264752314986,153.4512968002567,1.3254248352671758,REDUCE
2026-06-23,QQQ,SELL,713.6500244140625,-0.06804801930507717,-48.56247063839692,5.918912309253152,0.13879968138606302,REDUCE
2026-06-23,SHV,SELL,109.27693176269531,-146.09740330550406,-15965.075971722543,10.135373598151768,0.000635249848522923,CLOSE
2026-06-23,XLK,SELL,184.19000244140625,-0.9028592608734266,-166.2976494645227,22.132485744301913,0.15352173280400883,REDUCE
2026-06-23,QLD,BUY,91.159,5.0074,456.47,0.0,0.0,ADD
2026-06-23,USD,BUY,96.707,0.0754,7.3,0.0,0.0,ADD
2026-06-23,GLD,BUY,377.32,0.5447,205.51,0.0,0.0,ADD
2026-06-23,TQQQ,BUY,74.269,212.4693,15779.88,0.0,0.0,OPEN
2026-06-25,SMH,SELL,636.8800048828125,-0.4951863479826783,-315.37428372111026,182.9121817230987,1.3808642544857435,REDUCE
2026-06-25,USD,SELL,100.6500015258789,-2.8154077724294932,-283.3707965909998,63.62734706794912,0.2895528727070189,REDUCE
2026-06-25,TQQQ,SELL,74.94999694824219,-212.46931086154584,-15924.574200667981,144.689927812124,0.009169264191690951,CLOSE
2026-06-25,QLD,BUY,91.77,0.0607,5.57,0.0,0.0,ADD
2026-06-25,QQQ,BUY,716.38,0.1451,103.97,0.0,0.0,ADD
2026-06-25,SHV,BUY,109.3067,145.3527,15888.02,0.0,0.0,OPEN
2026-06-25,XLK,BUY,184.57,0.4817,88.91,0.0,0.0,ADD
2026-06-25,GLD,BUY,369.46,1.1824,436.85,0.0,0.0,ADD
2026-06-26,QQQ,SELL,706.52001953125,-0.35408267863328863,-250.1665010236684,28.17849188177631,0.12693699984382922,REDUCE
2026-06-26,SHV,SELL,109.33639526367188,-145.35268778291655,-15892.338924070054,4.3215898459627216,0.0002720030923337724,CLOSE
2026-06-26,XLK,SELL,181.11000061035156,-0.2323992815850693,-42.08983402971717,4.953672755889751,0.13339215971632923,REDUCE
2026-06-26,GLD,SELL,373.6300048828125,-1.3728624830781306,-512.9426162559121,-29.560048560352566,-0.05448830112265712,REDUCE
2026-06-26,QLD,BUY,89.12,3.3048,294.52,0.0,0.0,ADD
2026-06-26,SMH,BUY,611.61,0.5709,349.16,0.0,0.0,ADD
2026-06-26,USD,BUY,92.56,5.3961,499.46,0.0,0.0,ADD
2026-06-26,TQQQ,BUY,71.83,216.5446,15554.4,0.0,0.0,OPEN
2026-06-30,QLD,SELL,96.76000213623047,-7.485136086761776,-724.2617837450452,218.0772840708703,0.43082568551831213,REDUCE
2026-06-30,SMH,SELL,655.8900146484375,-0.18027170890203778,-118.23841379245641,68.83219987057625,1.393189123526282,REDUCE
2026-06-30,USD,SELL,104.26000213623047,-4.7757983071190155,-497.9247417024344,120.96922657893015,0.32091114660915965,REDUCE
2026-06-30,TQQQ,SELL,81.0,-216.54460348769763,-17540.11288250351,1985.713617477176,0.12766250779880672,CLOSE
2026-06-30,QQQ,BUY,736.4,1.087,800.5,0.0,0.0,ADD
2026-06-30,SHV,BUY,109.3562,151.6148,16580.02,0.0,0.0,OPEN
2026-06-30,XLK,BUY,190.52,1.3428,255.83,0.0,0.0,ADD
2026-06-30,GLD,BUY,368.38,3.3774,1244.18,0.0,0.0,ADD
2026-07-02,QLD,SELL,90.61000061035156,-403.1812168981516,-36532.250309223804,9267.003533743085,0.33988335444213846,CLOSE
2026-07-02,QQQ,SELL,712.5999755859375,-0.8025421574048287,-571.8915217733665,66.79832322242065,0.13224950051605777,REDUCE
2026-07-02,GLD,SELL,378.1300048828125,-3.272540037346043,-1237.4455803008586,-49.159975710172475,-0.03820904975926509,REDUCE
2026-07-02,SMH,BUY,592.29,1.6071,951.89,0.0,0.0,ADD
2026-07-02,SHV,BUY,109.4148,331.9952,36325.2,0.0,0.0,ADD
2026-07-02,USD,BUY,87.51,11.2831,987.39,0.0,0.0,ADD
2026-07-02,XLK,BUY,180.59,0.427,77.11,0.0,0.0,ADD
2026-07-07,QQQ,SELL,709.4299926757812,-0.05653501204645825,-40.10763318204408,4.526387011747826,0.12721271734227568,REDUCE
2026-07-07,SHV,SELL,109.42478942871094,-146.17121517995912,-15994.754441605823,4.1402946302775065,0.00025892030113561226,REDUCE
2026-07-07,GLD,SELL,377.489990234375,-0.16403015733617152,-61.919742490974386,-2.5690366755693894,-0.03983695627009454,REDUCE
2026-07-07,SMH,BUY,581.45,0.4051,235.53,0.0,0.0,ADD
2026-07-07,USD,BUY,85.68,1.4915,127.79,0.0,0.0,ADD
2026-07-07,XLK,BUY,179.18,0.2271,40.69,0.0,0.0,ADD
2026-07-07,TQQQ,BUY,72.23,217.2611,15692.77,0.0,0.0,OPEN
2026-07-09,SMH,SELL,607.72998046875,-0.5742447664893029,-348.98576072282594,180.10395966293163,1.0664497804535928,REDUCE
2026-07-09,USD,SELL,94.05000305175781,-6.3066698773373915,-593.1423212100108,88.40348328755496,0.17514698027088738,REDUCE
2026-07-09,XLK,SELL,185.35000610351562,-0.8108239583371484,-150.28622562666715,20.29171045989831,0.15609666633908548,REDUCE
2026-07-09,TQQQ,SELL,76.33999633789062,-217.2611318684335,-16585.714011202184,892.9417270140416,0.05690146462609147,CLOSE
2026-07-09,QQQ,BUY,723.28,0.3198,231.29,0.0,0.0,ADD
2026-07-09,SHV,BUY,109.4645,155.876,17062.89,0.0,0.0,ADD
2026-07-09,GLD,BUY,378.18,1.0153,383.95,0.0,0.0,ADD
2026-07-13,QQQ,SELL,711.739990234375,-0.04764754049359637,-33.912660005604266,3.8953659988514215,0.12977072476869833,REDUCE
2026-07-13,SHV,SELL,109.48442077636719,-153.0491469559029,-16756.49720478413,10.1695768986401,0.0006072720613505833,REDUCE
2026-07-13,SMH,BUY,585.62,0.6296,368.69,0.0,0.0,ADD
2026-07-13,USD,BUY,89.2,3.3117,295.4,0.0,0.0,ADD
2026-07-13,XLK,BUY,181.28,0.5264,95.42,0.0,0.0,ADD
2026-07-13,GLD,BUY,367.13,0.5394,198.04,0.0,0.0,ADD
2026-07-13,TQQQ,BUY,72.64,217.9634,15832.86,0.0,0.0,OPEN
2026-07-14,SMH,SELL,600.3099975585938,-0.2842909057571142,-170.6626729409836,85.41403252145236,1.001940114248241,REDUCE
2026-07-14,USD,SELL,94.88999938964844,-4.22831980084472,-401.22526332139387,61.455981798337206,0.18087562690439052,REDUCE
2026-07-14,TQQQ,SELL,75.0199966430664,-217.96337823847023,-16351.61190376145,518.752241553261,0.03276427964503981,CLOSE
2026-07-14,QQQ,BUY,719.69,0.2276,163.77,0.0,0.0,ADD
2026-07-14,SHV,BUY,109.5142,152.1992,16667.98,0.0,0.0,ADD
2026-07-14,XLK,BUY,183.62,0.3058,56.14,0.0,0.0,ADD
2026-07-14,GLD,BUY,372.15,0.0957,35.6,0.0,0.0,ADD
2026-07-16,QQQ,SELL,705.9400024414062,-0.17634232728703975,-124.4871029555361,13.319866344155976,0.11981827335260431,REDUCE
2026-07-16,SHV,SELL,109.53411102294922,-154.76829372637084,-16952.40746785672,13.369865273209193,0.0007892930865900372,REDUCE
2026-07-16,GLD,SELL,364.9599914550781,-0.147257042512905,-53.742928977209885,-4.045010327699538,-0.06999748349489754,REDUCE
2026-07-16,SMH,BUY,568.92,0.9855,560.67,0.0,0.0,ADD
2026-07-16,USD,BUY,85.5,7.5988,649.7,0.0,0.0,ADD
2026-07-16,XLK,BUY,177.52,1.1256,199.82,0.0,0.0,ADD
2026-07-16,TQQQ,BUY,70.74,222.2286,15720.45,0.0,0.0,OPEN
2026-07-30,XLK,SELL,175.72999572753906,-1.850664049415679,-325.2171854969274,27.845077175467637,0.0936371515561476,REDUCE
2026-07-30,GLD,SELL,377.1600036621094,-2.546556443571117,-960.4592375830507,-38.88345385201047,-0.03890902909008487,REDUCE
2026-07-30,TQQQ,SELL,63.29999923706055,-222.22857841594015,-14067.068844182062,-1653.3803182300846,-0.10517385992910078,CLOSE
2026-07-30,SMH,BUY,538.9,0.8614,464.19,0.0,0.0,ADD
2026-07-30,QQQ,BUY,683.55,0.2027,138.53,0.0,0.0,ADD
2026-07-30,SHV,BUY,109.6931,129.5285,14208.38,0.0,0.0,ADD
2026-07-30,USD,BUY,77.57,6.9826,541.64,0.0,0.0,ADD
2026-07-31,SMH,SELL,540.530029296875,-0.06950059383590763,-37.56715802227336,15.745340761372827,0.7215412251473987,REDUCE
2026-07-31,QQQ,SELL,687.989990234375,-0.26885257414650754,-184.96787986154231,15.422146626671564,0.09096157321344878,REDUCE
2026-07-31,USD,SELL,78.69000244140625,-104.32284212592997,-8209.164701583868,-193.40269511714322,-0.02301709536933627,CLOSE
2026-07-31,SSO,BUY,66.99,120.912,8099.89,0.0,0.0,OPEN
2026-07-31,SHV,BUY,109.7229,0.3101,34.03,0.0,0.0,ADD
2026-07-31,XLK,BUY,175.35,0.3177,55.71,0.0,0.0,ADD
2026-07-31,GLD,BUY,371.54,0.6515,242.07,0.0,0.0,ADD
2026-08-11,SSO,SELL,71.16000366210938,-2.7990257991828074,-199.1786861201872,11.671953812295122,0.06224818527117959,REDUCE
2026-08-11,SMH,SELL,572.9299926757812,-0.7000720431032121,-401.09227052764254,181.28344083429445,0.8247322961830068,REDUCE
2026-08-11,QQQ,SELL,718.4500122070312,-0.3066474688013954,-220.31087770361773,26.93065767932269,0.1392627316068793,REDUCE
2026-08-11,SHV,SELL,109.83261108398438,-127.42486677016733,-13995.405834396312,40.35713479039539,0.00289193794010445,REDUCE
2026-08-11,XLK,SELL,186.08999633789062,-2.2818631978304333,-424.6319141278327,57.86942043462307,0.1577844556892718,REDUCE
2026-08-11,GLD,SELL,400.9599914550781,-1.5845453744204727,-635.3392997878163,14.041376288695764,0.022600069560212654,REDUCE
2026-08-11,TQQQ,BUY,73.06,217.3003,15875.96,0.0,0.0,OPEN
2026-08-12,SMH,SELL,584.8300170898438,-0.350951226282369,-205.2468116644195,95.05504056237052,0.862632841016229,REDUCE
2026-08-12,XLK,SELL,188.86000061035156,-0.5047436138387267,-95.32587921765298,14.198742997030907,0.1750184174924896,REDUCE
2026-08-12,GLD,SELL,404.9200134277344,-0.0037173794480062014,-1.5052413360026549,0.04766229207703254,0.032699627698177025,REDUCE
2026-08-12,TQQQ,SELL,74.5999984741211,-217.3002930903601,-16210.60153296693,334.6426503035147,0.021078578798093606,CLOSE
2026-08-12,SSO,BUY,71.54,0.5218,37.33,0.0,0.0,ADD
2026-08-12,QQQ,BUY,723.7,0.1181,85.49,0.0,0.0,ADD
2026-08-12,SHV,BUY,109.8526,149.1987,16389.86,0.0,0.0,ADD
2026-08-19,SHV,SELL,109.93230438232422,-149.26292444067235,-16408.817242607853,46.83186291939045,0.0028622359593064584,REDUCE
2026-08-19,GLD,SELL,413.8399963378906,-1.201029088995081,-497.0338737914244,26.112124814941968,0.05544896762932483,REDUCE
2026-08-19,SSO,BUY,70.81,0.1473,10.43,0.0,0.0,ADD
2026-08-19,SMH,BUY,560.92,1.0729,601.81,0.0,0.0,ADD
2026-08-19,QQQ,BUY,716.08,0.0757,54.23,0.0,0.0,ADD
2026-08-19,XLK,BUY,183.64,1.9169,352.02,0.0,0.0,ADD
2026-08-19,TQQQ,BUY,72.06,220.4742,15887.37,0.0,0.0,OPEN
2026-08-27,SMH,SELL,573.0,-0.30569097295710496,-175.16092750442112,76.74947306658451,0.7798835359664833,REDUCE
2026-08-27,XLK,SELL,188.61000061035156,-1.4764868788966186,-278.4801911298673,40.528262202576265,0.17032121733696948,REDUCE
2026-08-27,GLD,SELL,422.6000061035156,-0.3384595781012144,-143.03301977136653,10.323514283344958,0.07779031536122161,REDUCE
2026-08-27,TQQQ,SELL,73.30000305175781,-220.47417805245215,-16160.757924078538,273.38919188587226,0.017207959133717532,CLOSE
2026-08-27,SSO,BUY,71.07,1.0051,71.43,0.0,0.0,ADD
2026-08-27,QQQ,BUY,721.11,0.2465,177.75,0.0,0.0,ADD
2026-08-27,SHV,BUY,110.0121,150.0586,16508.25,0.0,0.0,ADD
2026-08-31,SSO,SELL,70.29000091552734,-119.78720464105344,-8419.842723888107,388.2603116211845,0.04834169553289791,CLOSE
2026-08-31,QQQ,SELL,716.760009765625,-0.21729344856462773,-155.7472543151889,18.538058463019585,0.13510798855634065,REDUCE
2026-08-31,SHV,SELL,110.0320053100586,-5.2253619721312505,-574.957056264524,1.53087929122813,0.002669705975594905,REDUCE
2026-08-31,SMH,BUY,556.63,0.6147,342.17,0.0,0.0,ADD
2026-08-31,XLK,BUY,186.5,0.0715,13.33,0.0,0.0,ADD
2026-08-31,GLD,BUY,408.42,21.5343,8795.05,0.0,0.0,ADD
2026-09-09,SMH,SELL,574.2899780273438,-0.9340746056994698,-536.4296847830483,231.71489944582976,0.7604320846768167,REDUCE
2026-09-09,SHV,SELL,110.13999938964844,-339.9642195614784,-37443.658935003536,136.31376531811102,0.0036538050268148936,REDUCE
2026-09-09,XLK,SELL,187.8699951171875,-0.4259306155207885,-80.0195826581512,11.36854210435112,0.16559897727175565,REDUCE
2026-09-09,QLD,BUY,89.98,417.3722,37555.15,0.0,0.0,OPEN
2026-09-09,QQQ,BUY,716.31,0.1788,128.11,0.0,0.0,ADD
2026-09-09,GLD,BUY,403.35,0.9343,376.84,0.0,0.0,ADD
2026-09-10,QLD,SELL,88.0199966430664,-417.3722323390423,-36737.10248939163,-818.0523775662585,-0.02178269216208195,CLOSE
2026-09-10,QQQ,SELL,708.6900024414062,-0.24096335027239074,-170.76831729283003,18.537432131376743,0.12177182121562447,REDUCE
2026-09-10,XLK,SELL,185.22000122070312,-0.14681827008310888,-27.19368016401495,3.529668594453704,0.14915766010670306,REDUCE
2026-09-10,SMH,BUY,560.28,0.2963,166.02,0.0,0.0,ADD
2026-09-10,SHV,BUY,110.12,190.819,21012.99,0.0,0.0,ADD
2026-09-10,GLD,BUY,396.36,0.1094,43.36,0.0,0.0,ADD
2026-09-10,TQQQ,BUY,69.21,227.0292,15712.69,0.0,0.0,OPEN
2026-09-17,QQQ,SELL,716.9199829101562,-0.126394261872795,-90.61457206178602,10.763796653519577,0.13479889955339464,REDUCE
2026-09-17,SHV,SELL,110.18000030517578,-191.84653374703768,-21137.651146795528,43.05753169303288,0.002041164313409949,REDUCE
2026-09-17,XLK,SELL,188.05999755859375,-0.6261285266609301,-117.74972919522043,16.831003681363434,0.16677780655337737,REDUCE
2026-09-17,TQQQ,SELL,71.37999725341797,-227.02918486280097,-16205.342591952454,492.652915449425,0.03135382455787594,CLOSE
2026-09-17,QLD,BUY,89.94,414.7478,37302.42,0.0,0.0,OPEN
2026-09-17,SMH,BUY,560.61,0.2761,154.8,0.0,0.0,ADD
2026-09-17,GLD,BUY,398.36,0.2363,94.14,0.0,0.0,ADD
2026-09-28,QLD,SELL,94.87000274658203,-11.774353283064316,-1117.032928303539,58.04756527875454,0.054814322563395024,REDUCE
2026-09-28,SMH,SELL,600.010009765625,-1.4116128271883897,-846.9818262265871,380.7950607889193,0.8168294104862011,REDUCE
2026-09-28,QQQ,SELL,736.530029296875,-0.11637851572342603,-85.7162715953018,12.193038944667567,0.1658392661079815,REDUCE
2026-09-28,SHV,SELL,110.27999877929688,-143.88751647841835,-15867.915141596035,46.68226802859,0.0029506087421657945,CLOSE
2026-09-28,XLK,SELL,194.52999877929688,-0.9141922434994468,-177.83781601199007,30.489289055991406,0.2069195375471662,REDUCE
2026-09-28,GLD,BUY,377.91,4.8892,1847.7,0.0,0.0,ADD
2026-09-28,TQQQ,BUY,77.04,210.9007,16247.79,0.0,0.0,OPEN
