Date,Platinum_Equity,Benchmark_Equity
2007-12-04,10000.0,10000.0
2007-12-05,10000.0,10167.393950907044
2007-12-06,10000.0,10312.924127028995
2007-12-07,10000.0,10310.872903685426
2007-12-10,10000.0,10390.81911278116
2007-12-11,10000.0,10105.901394574368
2007-12-12,10000.0,10205.654269248374
2007-12-13,10000.0,10184.4739903335
2007-12-14,10000.0,10055.341829233597
2007-12-17,10000.0,9911.85993352359
2007-12-18,10000.0,9967.20544142172
2007-12-19,10000.0,9967.20544142172
2007-12-20,10000.0,10030.062046563213
2007-12-21,10000.0,10174.649748831824
2007-12-24,10000.0,10250.202896742318
2007-12-26,10000.0,10272.181445860839
2007-12-27,10000.0,10143.050020493845
2007-12-28,10000.0,10117.635598701554
2007-12-31,10000.0,10042.76815386
2008-01-02,10058.623442121245,9954.848071522658
2008-01-03,10077.725148319134,9950.039321245195
2008-01-04,10046.536923796893,9706.195364014526
2008-01-07,10030.720101613622,9697.957362659452
2008-01-08,10077.916679712383,9541.34852043009
2008-01-09,10084.87902617466,9641.634801461372
2008-01-10,10135.320560423443,9704.821750677924
2008-01-11,10137.770761680189,9626.522847560043
2008-01-14,10174.63336931962,9704.141197739329
2008-01-15,10115.515993950377,9490.522619777134
2008-01-16,10075.906541445553,9408.78195812223
2008-01-17,10064.448625841804,9164.946093953535
2008-01-18,10097.58245008408,9070.84144080341
2008-01-22,10112.026387293377,8978.801254189171
2008-01-23,10103.468062273942,9194.481355755628
2008-01-24,10176.363157332271,9272.096027270381
2008-01-25,10174.284107285373,9138.156587358828
2008-01-28,10214.971340699485,9289.270976241785
2008-01-29,10204.605638391777,9335.288126617279
2008-01-30,10233.071155115702,9266.605252588512
2008-01-31,10225.910165517154,9435.575879114376
2008-02-01,10178.038460564167,9587.373763867554
2008-02-04,10161.352388687546,9466.481075588537
2008-02-05,10108.534820861092,9213.026975132007
2008-02-06,10134.893394741424,9138.840818961957
2008-02-07,10163.180411549098,9199.286427368559
2008-02-08,10200.565668457819,9140.21663949728
2008-02-11,10214.195842047018,9186.925378804965
2008-02-12,10157.230064077316,9272.096027270385
2008-02-13,10176.333695403651,9366.885647756542
2008-02-14,10175.303841653458,9284.462961697232
2008-02-15,10158.799733328928,9282.398495161346
2008-02-19,10223.189233816123,9308.497884289669
2008-02-20,10271.76924770796,9335.974565419128
2008-02-21,10269.158509361687,9258.359893904375
2008-02-22,10274.255954523023,9315.366686705582
2008-02-25,10259.550743066025,9432.824973776642
2008-02-26,10289.643747759445,9503.573785807112
2008-02-27,10322.555349701355,9493.957756717999
2008-02-28,10350.923862414427,9401.231867034821
2008-02-29,10342.672645790926,9191.732657616614
2008-03-03,10368.372902389676,9169.75263703228
2008-03-04,10319.877095277181,9134.71924321925
2008-03-05,10392.89687037452,9192.419096418462
2008-03-06,10353.520819585972,9002.153416644296
2008-03-07,10339.204317450243,8909.42679122821
2008-03-10,10327.246503367742,8791.971447088776
2008-03-11,10346.88861868159,9107.935622487794
2008-03-12,10376.792241392912,9022.760559624934
2008-03-13,10415.723884442701,9042.682735269542
2008-03-14,10418.248626300914,8902.558724545206
2008-03-17,10425.880608780582,8812.578590069415
2008-03-18,10384.870192836222,9178.679284387916
2008-03-19,10284.961485430542,8951.328987457151
2008-03-20,10213.987166489178,9117.133755285964
2008-03-24,10226.557029340996,9299.36302452146
2008-03-25,10300.376090821563,9308.336758783124
2008-03-26,10328.961930750074,9194.442361911579
2008-03-27,10311.024400013574,9165.450806727453
2008-03-28,10267.077683242147,9077.78528797579
2008-03-31,10230.486748656165,9109.53878449125
2008-04-01,10156.389501012636,9429.829069381009
2008-04-02,10221.756243822732,9436.037183646804
2008-04-03,10228.284357040462,9459.505591901167
2008-04-04,10255.167397255427,9449.150886973839
2008-04-07,10277.048051210662,9453.980973505593
2008-04-08,10253.47247784656,9444.318593243364
2008-04-09,10301.51836458128,9375.985192345226
2008-04-10,10298.976823755545,9389.095952740638
2008-04-11,10271.21855551055,9206.866683505139
2008-04-14,10263.876366000766,9175.801097257341
2008-04-15,10276.491314570705,9197.201360311286
2008-04-16,10337.078984692867,9446.39041710832
2008-04-17,10316.955860727418,9460.196445100457
2008-04-18,10279.528405030764,9558.908993444547
2008-04-21,10274.134587885941,9563.742758640834
2008-04-22,10268.533898123735,9521.630878533513
2008-04-23,10245.798368523021,9506.4424084099
2008-04-24,10195.567746338465,9547.859020920492
2008-04-25,10191.998645291755,9636.216864337253
2008-04-28,10205.048919903202,9638.287952469302
2008-04-29,10158.99589486277,9600.32560595514
2008-04-30,10179.672639567201,9543.719787588025
2008-05-01,10157.794681396215,9741.144148543297
2008-05-02,10179.579458002665,9768.058729732122
2008-05-05,10220.145908766559,9721.121913223395
2008-05-06,10244.536148366977,9805.334637444435
2008-05-07,10192.844184734842,9630.6944531404
2008-05-08,10238.786701769606,9605.848752884902
2008-05-09,10240.789310784834,9587.896134231232
2008-05-12,10258.29169217028,9695.579473905356
2008-05-13,10215.31921199705,9696.961916036837
2008-05-14,10203.875845749675,9716.9797369593
2008-05-15,10288.20539289412,9838.472047557187
2008-05-16,10351.37800759885,9847.442103154315
2008-05-19,10350.489990070606,9874.360363007674
2008-05-20,10377.755286591071,9794.292757982355
2008-05-21,10369.487546252565,9628.624100741261
2008-05-22,10344.29595007245,9630.002128475302
2008-05-23,10347.498710330909,9500.921468678858
2008-05-27,10326.44661011094,9571.332579305203
2008-05-28,10329.316688620016,9615.505247283878
2008-05-29,10271.51154559065,9663.825241656992
2008-05-30,10307.88962566691,9687.987446042269
2008-06-02,10304.87864006036,9587.896134231232
2008-06-03,10258.541673253432,9531.98190479631
2008-06-04,10275.79565921968,9527.152553997463
2008-06-05,10301.30025012979,9717.669118692775
2008-06-06,10321.870678217167,9407.734274463248
2008-06-09,10276.176215078087,9430.515508182858
2008-06-10,10184.0799808741,9383.57427727669
2008-06-11,10178.11983070839,9245.5213546844
2008-06-12,10144.98163713382,9280.722495600134
2008-06-13,10193.135519617486,9398.072629933926
2008-06-16,10248.628639757455,9403.592098199153
2008-06-17,10240.994137019483,9358.036988089
2008-06-18,10246.621553646664,9266.918674806719
2008-06-19,10288.077882161335,9278.65729333134
2008-06-20,10283.259993182923,9128.046881489394
2008-06-23,10198.952986924189,9119.031946184963
2008-06-24,10212.537038633425,9100.990303849598
2008-06-25,10239.424615271542,9144.005663966209
2008-06-26,10256.81663662585,8895.650192552337
2008-06-27,10271.711686409653,8847.088142052955
2008-06-30,10258.735894274487,8878.306760745323
2008-07-01,10308.740441579737,8906.056398783126
2008-07-02,10313.087246366567,8753.437436106195
2008-07-03,10276.270889698053,8762.453842876439
2008-07-07,10252.684920750999,8672.959292118998
2008-07-08,10253.277180471447,8826.970261455195
2008-07-09,10263.330723201094,8657.006395505437
2008-07-10,10337.312461293412,8692.389262449096
2008-07-11,10381.448172131742,8591.10312039776
2008-07-14,10404.10540235305,8513.406782530374
2008-07-15,10415.053410198441,8393.390352143104
2008-07-16,10373.789732661891,8599.42573103709
2008-07-17,10370.252341648713,8685.449829674151
2008-07-18,10355.383614981913,8739.560777755025
2008-07-21,10389.933214506234,8744.415879205602
2008-07-22,10321.952756672992,8843.61842566548
2008-07-23,10249.045285074108,8891.488151499761
2008-07-24,10266.431349453733,8706.955302533737
2008-07-25,10286.09092163992,8704.87317840809
2008-07-28,10277.809949770532,8577.227933512402
2008-07-29,10250.57409313356,8760.36951155207
2008-07-30,10217.407110866006,8916.459662082285
2008-07-31,10238.078334987737,8798.530505951008
2008-08-01,10214.997628396293,8752.050579577271
2008-08-04,10170.496326492606,8670.881582390786
2008-08-05,10131.6420472891,8904.669542254203
2008-08-06,10156.010356727862,8944.208564387183
2008-08-07,10138.533370328285,8811.013686177097
2008-08-08,10102.981974772367,8974.731915482824
2008-08-11,10011.840874010086,9067.692503963202
2008-08-12,9995.107829370696,8973.34579468681
2008-08-13,10025.528344747006,8919.234846605936
2008-08-14,9966.807512005978,8986.527921174158
2008-08-15,9915.182456228531,9030.231927291337
2008-08-18,9942.300304847173,8906.747251982408
2008-08-19,9988.647458470741,8809.627565381083
2008-08-20,9982.037411283096,8850.560065639142
2008-08-21,10045.659270604348,8865.817694655976
2008-08-22,10017.012517094494,8994.155999949671
2008-08-25,10002.455844036884,8811.707482308011
2008-08-26,10010.809491910779,8837.3786748847
2008-08-27,10019.857530716707,8923.396151925603
2008-08-28,10047.85493527396,9031.619519553165
2008-08-29,10022.620526782124,8934.496890020213
2008-09-02,9943.640086024157,8878.99908541042
2008-09-03,9930.490629160224,8871.369535169095
2008-09-04,9899.530398504667,8604.283039686386
2008-09-05,9913.876086078997,8631.34035305909
2008-09-08,9908.118314798046,8809.627565381084
2008-09-09,9827.62877443515,8548.093646144398
2008-09-10,9763.204129558704,8582.779038292612
2008-09-11,9737.25929822741,8706.955302533734
2008-09-12,9815.760049524593,8747.18959226344
2008-09-15,9872.27425475374,8330.953850491269
2008-09-16,9855.377634251741,8470.395836811198
2008-09-17,10112.77031554112,8089.5407547839695
2008-09-18,10051.808156014362,8329.56699396235
2008-09-19,10145.263453085388,8660.36869488854
2008-09-22,10211.011964210194,8464.301761145924
2008-09-23,10188.728697445054,8271.725880045069
2008-09-24,10146.658049908048,8298.240958265616
2008-09-25,10154.482168977496,8428.019828590412
2008-09-26,10153.609883086325,8432.205413095995
2008-09-29,10193.017775365961,7771.444425421655
2008-09-30,10081.540517874222,8093.102437784763
2008-10-01,10115.645985542289,8097.986232818699
2008-10-02,9972.000642047198,7804.239719732844
2008-10-03,9966.119672199944,7698.880560310632
2008-10-06,10005.030908317805,7306.748164291213
2008-10-07,10081.484867504307,6979.508146365816
2008-10-08,10155.667165135623,6803.676810486014
2008-10-09,10155.015277648376,6328.514013026441
2008-10-10,9933.730455419305,6175.010699395789
2008-10-13,9930.75196844616,7071.60719161258
2008-10-14,9936.07496747626,6966.949921383254
2008-10-15,9934.05366415488,6281.070276545072
2008-10-16,9806.348611514884,6542.720441580999
2008-10-17,9730.675994049025,6503.647138377891
2008-10-20,9789.242548359975,6894.386056272231
2008-10-21,9670.45060895846,6688.547853797211
2008-10-22,9498.434849124389,6324.3276927879515
2008-10-23,9451.455190120208,6397.591239893139
2008-10-24,9500.076154335613,6073.141856882434
2008-10-27,9491.091109339895,5857.540846603436
2008-10-28,9609.383641426406,6542.023702518461
2008-10-29,9617.91923591087,6494.579230304186
2008-10-30,9584.022505130562,6719.252930920781
2008-10-31,9528.40145363273,6756.2323382717395
2008-11-03,9526.266078017288,6775.766782674574
2008-11-04,9675.696170389054,7006.023224586364
2008-11-05,9567.78575070595,6711.5748223076225
2008-11-06,9536.10771576304,6339.678759883922
2008-11-07,9555.959650275687,6549.002129137452
2008-11-10,9584.381833818372,6463.179621316795
2008-11-11,9526.554280114933,6263.62531359695
2008-11-12,9439.912932633424,5988.01424879205
2008-11-13,9538.395409479275,6361.3093073376285
2008-11-14,9549.86244530105,6043.839454545276
2008-11-17,9520.22728924797,5963.598584420454
2008-11-18,9514.138773289298,6075.9335953964855
2008-11-19,9483.20404812811,5686.59440935693
2008-11-20,9497.925558734065,5264.459929006185
2008-11-21,9690.865719572144,5548.4384841577175
2008-11-24,9780.341542224442,5932.898289560778
2008-11-25,9778.648202426933,5976.852812732648
2008-11-26,9786.316671596991,6207.8059937069775
2008-11-28,9779.684334181438,6285.952600113195
2008-12-01,9606.139092313286,5729.153982937908
2008-12-02,9669.888773511548,5949.641731182468
2008-12-03,9658.55268702523,6092.677772751083
2008-12-04,9620.215320643552,5951.735627034619
2008-12-05,9603.287847268763,6135.242864328861
2008-12-08,9685.275219722398,6349.447821417606
2008-12-09,9692.967581725514,6244.785401057935
2008-12-10,9821.240347027731,6287.349756902807
2008-12-11,9838.717036270456,6135.9392355249465
2008-12-12,9856.808013032927,6209.200943297869
2008-12-15,9911.858753136172,6122.67801775014
2008-12-16,10000.923338154234,6410.849146869867
2008-12-17,10025.65246786378,6348.747403690534
2008-12-18,9962.028525284912,6230.135487421942
2008-12-19,9925.586363367736,6203.335680566545
2008-12-22,9943.731405978968,6123.847833071617
2008-12-23,9913.447365967504,6060.543166590012
2008-12-24,9943.846171584191,6095.712303124309
2008-12-26,10018.139875906476,6130.88438259023
2008-12-29,10043.352223305243,6113.296319591776
2008-12-30,10038.26975573849,6258.1992834108605
2008-12-31,10063.084536819002,6347.531237195944
2009-01-02,10066.103573127222,6538.859315287224
2009-01-05,10010.076472832974,6531.1216123086315
2009-01-06,10041.16687109793,6574.732916079579
2009-01-07,9943.97907880887,6377.7823671161495
2009-01-08,10003.441131315116,6403.802297090563
2009-01-09,9977.314281821175,6266.638875582339
2009-01-12,9859.727651382711,6116.113073024651
2009-01-13,9864.250328563068,6127.3690507625515
2009-01-14,9810.066870867178,5934.634619220328
2009-01-15,9836.428440277909,5936.741390398344
2009-01-16,9926.948251163074,5983.168344002806
2009-01-20,9965.327958879847,5667.336600526974
2009-01-21,9972.480488896952,5912.125238809703
2009-01-22,9982.298234085938,5820.683203048521
2009-01-23,10125.522720850633,5846.004186761676
2009-01-26,10141.280532584966,5886.097951506222
2009-01-27,10127.07167220293,5945.886182560786
2009-01-28,10113.262434805249,6147.062781339661
2009-01-29,10169.28426050902,5947.293639611091
2009-01-30,10220.835941413376,5826.308248985844
2009-02-02,10146.107950355841,5808.721657453203
2009-02-03,10140.177480292845,5890.31885119132
2009-02-04,10160.853137889355,5861.476649787232
2009-02-05,10208.68516189374,5948.700728794941
2009-02-06,10200.796889788924,6118.222051401386
2009-02-09,10162.543957073973,6126.664954370944
2009-02-10,10208.457842417027,5846.004186761674
2009-02-11,10274.588732193952,5880.470698370178
2009-02-12,10309.103472858546,5884.692701654638
2009-02-13,10286.861497920372,5821.385092241407
2009-02-17,10358.412004265801,5572.381072270378
2009-02-18,10408.848543203187,5559.015748289289
2009-02-19,10356.68362827467,5499.227517234724
2009-02-20,10425.779234207252,5445.764014111648
2009-02-23,10409.184810004532,5250.923914990768
2009-02-24,10331.968097668838,5449.986017396107
2009-02-25,10274.795378603445,5407.078810016765
2009-02-26,10257.243892536459,5319.152473949717
2009-02-27,10239.319155686935,5200.27863676638
2009-03-02,10168.166804140215,4966.042983429305
2009-03-03,10138.237990117474,4928.761925586647
2009-03-04,10118.670408726075,5045.5289915919675
2009-03-05,10203.202833369094,4839.4314432673755
2009-03-06,10208.797702961969,4847.871035438854
2009-03-09,10140.852698916045,4790.89698275199
2009-03-10,10094.482309870236,5076.477228441166
2009-03-11,10139.384802861681,5109.538490198084
2009-03-12,10221.74912326272,5310.713249644693
2009-03-13,10230.929310401678,5352.210057042105
2009-03-16,10202.857912113743,5336.034601224301
2009-03-17,10198.561660529895,5499.2275172347245
2009-03-18,10310.258693754608,5622.324093435429
2009-03-19,10350.078378587188,5552.683295162283
2009-03-20,10316.4023350166,5434.446602676051
2009-03-23,10300.412819183728,5824.797053595713
2009-03-24,10252.252328210778,5710.026766698872
2009-03-25,10289.804496463626,5770.243562171525
2009-03-26,10305.546526389819,5887.844581426464
2009-03-27,10252.85328546426,5781.582309861416
2009-03-30,10217.478538937552,5581.799924940527
2009-03-31,10232.260588102901,5633.516430276908
2009-04-01,10271.547989428109,5742.615687929761
2009-04-02,10277.3022513806,5910.518030275259
2009-04-03,10280.409624620659,5969.316700570463
2009-04-06,10196.348452895232,5922.560506490302
2009-04-07,10184.205952697883,5784.415249418235
2009-04-08,10208.376621738991,5846.754634326397
2009-04-09,10270.620513482017,6079.123733279455
2009-04-13,10306.784493208199,6080.543697789171
2009-04-14,10291.666945205208,5975.694401271226
2009-04-15,10269.575598449228,6039.451911356836
2009-04-16,10278.445952035152,6128.008402658376
2009-04-17,10254.636247696602,6169.0998212242575
2009-04-20,10238.696743908233,5910.518030275259
2009-04-21,10250.816892626677,6025.992781430157
2009-04-22,10298.504938782202,5989.152795464998
2009-04-23,10333.942208932802,6047.954408691828
2009-04-24,10379.0467484269,6139.342000217921
2009-04-27,10342.420450764506,6081.250001379497
2009-04-28,10290.302716747989,6062.122417274005
2009-04-29,10337.126049993933,6191.059241287209
2009-04-30,10343.984824998282,6193.18550938725
2009-05-01,10334.432120685975,6226.480366342012
2009-05-04,10417.503714134627,6438.303756012131
2009-05-05,10402.978802976437,6416.342128750461
2009-05-06,10440.144308217907,6527.5658151710895
2009-05-07,10395.774173392134,6436.889677365667
2009-05-08,10412.640651351676,6587.079249985043
2009-05-11,10411.344910277327,6463.807201486118
2009-05-12,10418.880704199242,6444.684031778066
2009-05-13,10383.030841855565,6282.449775744928
2009-05-14,10400.126707487463,6336.289974116177
2009-05-15,10413.42128619972,6284.570157981716
2009-05-18,10425.152669727591,6463.103105094512
2009-05-19,10451.740342514762,6455.3065434833925
2009-05-20,10483.107990588407,6412.09327121491
2009-05-21,10495.11344660427,6319.994225968145
2009-05-22,10494.383908915137,6306.533256709199
2009-05-26,10548.430970674772,6468.059737686199
2009-05-27,10527.605244056733,6352.582043599675
2009-05-28,10576.422882580147,6441.139270634122
2009-05-29,10644.797197661137,6555.194057279305
2009-06-01,10853.23629839343,6713.889438031751
2009-06-02,10794.79599292149,6719.556788611202
2009-06-03,10711.505379258748,6634.54211552198
2009-06-04,10850.912932775727,6696.88591482758
2009-06-05,10772.249132227109,6698.300729206949
2009-06-08,10762.790381393994,6670.674694297451
2009-06-09,10940.38017504411,6704.678062041258
2009-06-10,10895.13207386996,6687.673803104181
2009-06-11,10874.493651317052,6717.428313312438
2009-06-12,10789.220668332526,6735.849593827605
2009-06-15,10556.609865428292,6581.408956473959
2009-06-16,10382.923235733984,6492.145425849188
2009-06-17,10548.712183022593,6485.768828747783
2009-06-18,10464.729095425553,6533.237580147976
2009-06-19,10633.38510424354,6557.316646714809
2009-06-22,10176.559653787092,6360.683198634119
2009-06-23,10128.047734237118,6365.66926054207
2009-06-24,10366.95975560175,6420.526241790225
2009-06-25,10612.458223137948,6560.16761172784
2009-06-26,10619.591010856773,6543.067707512909
2009-06-29,10647.590217490631,6604.335865309076
2009-06-30,10619.770454876392,6550.906205899703
2009-07-01,10662.145656858158,6577.977498197632
2009-07-02,10408.386865214858,6398.443954331875
2009-07-06,10327.916423621466,6397.728821946671
2009-07-07,9962.828716059585,6273.768127447179
2009-07-08,9982.54386042828,6269.490576328272
2009-07-09,10028.411332068776,6281.602947169441
2009-07-10,10095.61223143716,6266.642554246869
2009-07-13,10376.6026447584,6419.100391417257
2009-07-14,10437.873454952663,6455.436768207856
2009-07-15,10861.926788401688,6644.234660833376
2009-07-16,11017.983805174363,6633.548876098084
2009-07-17,11096.184064159388,6706.218686747657
2009-07-20,11234.30979386583,6777.459704092633
2009-07-21,11302.362961038949,6808.810018975282
2009-07-22,11419.824105658558,6807.3841686023125
2009-07-23,11685.766946144431,6957.708380343595
2009-07-24,11655.54974434278,6986.206994480306
2009-07-27,11686.083058208425,7006.866374497315
2009-07-28,11684.92439568072,6974.095359372044
2009-07-29,11650.072165796797,6956.995455157111
2009-07-30,11718.527402988208,7029.6645300737755
2009-07-31,11712.230862554401,7039.641068287118
2009-08-03,11901.639855208505,7155.7713574617865
2009-08-04,11905.913752271734,7174.289754720622
2009-08-05,11803.084866406409,7153.629638970707
2009-08-06,11676.616328756325,7116.584751391063
2009-08-07,11699.40932828199,7209.913206324737
2009-08-10,11650.672027315024,7194.952813402163
2009-08-11,11546.352439587465,7105.185305736378
2009-08-12,11705.805656561037,7181.416063653839
2009-08-13,11823.385193854932,7236.275252100713
2009-08-14,11708.161510110196,7180.703138467355
2009-08-17,11508.159549813845,7004.018352415909
2009-08-18,11669.418558219044,7059.58605165183
2009-08-19,11712.9931976382,7121.5693418332
2009-08-20,11807.915866677668,7194.952813402163
2009-08-21,11929.769285639988,7336.014883582401
2009-08-24,11879.267797813838,7335.301958395917
2009-08-25,11915.54604378804,7349.550897597818
2009-08-26,11950.01445340341,7350.2638227843045
2009-08-27,11967.89025149192,7366.6500660798465
2009-08-28,12053.218011870676,7365.227158638503
2009-08-31,11976.093230906492,7299.682185456335
2009-09-01,11749.283871573361,7138.667038849413
2009-09-02,11754.905078693235,7111.5972180172985
2009-09-03,11853.598919000833,7170.729543185639
2009-09-04,12078.62306224568,7271.18651425125
2009-09-08,12213.702912276225,7333.8819938862
2009-09-09,12327.783211079373,7390.16114684279
2009-09-10,12458.828642863824,7465.679715306673
2009-09-11,12429.800128532104,7464.25680786533
2009-09-14,12449.847136809096,7500.589505991396
2009-09-15,12522.351507981553,7531.939820874045
2009-09-16,12594.598133484067,7645.928391557633
2009-09-17,12527.346688329972,7634.529681635857
2009-09-18,12569.77290310714,7639.399497744565
2009-09-21,12559.924488525066,7620.067379891042
2009-09-22,12627.404561956939,7664.450467481002
2009-09-23,12571.209957457457,7600.741147900773
2009-09-24,12397.566782782304,7516.990463945071
2009-09-25,12259.292928891591,7476.900377865056
2009-09-28,12567.931517589264,7610.762565821417
2009-09-29,12502.788046455009,7587.8577289735
2009-09-30,12527.73600760159,7558.502721733521
2009-10-01,12101.934428804429,7370.95998944664
2009-10-02,12030.498170652403,7336.599055510233
2009-10-05,12203.674543416215,7446.120991717921
2009-10-06,12430.868599210744,7552.783134117701
2009-10-07,12454.227211576883,7573.538895145473
2009-10-08,12536.000143502875,7631.524212712442
2009-10-09,12591.314262703781,7678.049754526386
2009-10-12,12641.92962031925,7708.11547975413
2009-10-13,12649.382276208058,7692.367116888601
2009-10-14,12750.471976060624,7824.798304341647
2009-10-15,12702.16333845749,7853.42787893573
2009-10-16,12644.334479044135,7794.735522045529
2009-10-19,12745.838172639991,7859.157031079337
2009-10-20,12712.13272216202,7817.641094626354
2009-10-21,12657.463841712715,7747.489697716034
2009-10-22,12749.49948533037,7826.228569112057
2009-10-23,12653.238715235279,7736.749468745654
2009-10-26,12592.562925469312,7652.995841858325
2009-10-27,12320.340100267726,7617.922718468339
2009-10-28,11897.714519923476,7474.04205552296
2009-10-29,12223.71779694311,7634.388420917792
2009-10-30,11918.174640336783,7413.192529750641
2009-11-02,11980.769336176576,7467.596299528339
2009-11-03,12033.421599284444,7491.217004494367
2009-11-04,12068.977055243657,7510.548386614983
2009-11-05,12204.273833351395,7648.7035760812905
2009-11-06,12238.568363923046,7668.745676189671
2009-11-09,12507.78036768278,7843.409403946718
2009-11-10,12530.622596853362,7844.841140182941
2009-11-11,12629.573559801049,7884.929019064235
2009-11-12,12528.024726052787,7804.753261301646
2009-11-13,12668.998114916738,7846.98727307146
2009-11-16,12837.510271856969,7960.804417987813
2009-11-17,12875.2020760712,7970.112174989065
2009-11-18,12815.434084271788,7965.1003624293835
2009-11-19,12623.049506706098,7861.305371166579
2009-11-20,12576.7877496685,7833.38872175898
2009-11-23,12752.844760152017,7932.889240046027
2009-11-24,12719.665373482107,7945.057526588096
2009-11-25,12789.599057732725,7972.9719687969755
2009-11-27,12659.085354228579,7843.409403946718
2009-11-30,12676.787771983623,7869.895788583909
2009-12-01,12788.772365827004,7967.2501739824365
2009-12-02,12823.065695217563,7963.6700976589755
2009-12-03,12798.154724161499,7901.391778582062
2009-12-04,12791.306251656744,7946.4907342901315
2009-12-07,12729.27621265516,7934.320976282249
2009-12-08,12638.626051891497,7846.272876419162
2009-12-09,12783.581811837657,7875.622733528796
2009-12-10,12850.60177853212,7920.002878187129
2009-12-11,12790.304908928083,7953.649415471241
2009-12-14,12920.074869368204,8008.05465671475
2009-12-15,12852.860529546986,7970.826571641366
2009-12-16,12900.085006775531,7982.994858183435
2009-12-17,12667.249720027141,7887.075151952756
2009-12-18,12947.525171618398,7931.697352737357
2009-12-21,13047.209758077002,8012.30572144902
2009-12-22,13107.509058709918,8041.092007152208
2009-12-23,13198.44591960082,8056.920564904556
2009-12-24,13346.602339925565,8095.068316111176
2009-12-28,13407.46905646914,8112.339646093344
2009-12-29,13346.474377460758,8100.823954639419
2009-12-30,13367.28976944063,8097.947238974658
2009-12-31,13263.132890838839,8020.2200003251955
2010-01-04,13481.280636674526,8156.240092896582
2010-01-05,13484.821975101298,8177.830175040426
2010-01-06,13433.649897818927,8183.586549301575
2010-01-07,13425.396403052924,8218.136566594978
2010-01-08,13534.100336787647,8245.480815801251
2010-01-11,13507.63321470437,8256.995771522268
2010-01-12,13270.330266444675,8179.990286854169
2010-01-13,13500.411181821617,8249.080021180282
2010-01-14,13522.534113605696,8271.392593038394
2010-01-15,13308.347367505035,8178.5489860901625
2010-01-19,13604.153608772447,8280.745965479857
2010-01-20,13375.789831225098,8196.541334320787
2010-01-21,13207.682649381042,8038.928216673932
2010-01-22,12646.63510694953,7859.728695547767
2010-01-25,12737.779165546921,7900.031408437784
2010-01-26,12733.007889045364,7866.924899107109
2010-01-27,12852.293397627778,7904.350896332366
2010-01-28,12434.334468539277,7813.668136930784
2010-01-29,12230.186730243184,7728.744694721979
2010-02-01,12402.477666246112,7848.935493808111
2010-02-02,12514.790394998965,7943.928912309394
2010-02-03,12547.748098400729,7904.350896332365
2010-02-04,12176.80148130802,7660.373771445605
2010-02-05,12240.025665048384,7676.208215061204
2010-02-08,12145.374483423062,7620.791341071136
2010-02-09,12341.853722559106,7716.508720752503
2010-02-10,12303.961592472133,7701.394559652454
2010-02-11,12479.86684764984,7782.000721165397
2010-02-12,12494.426985067495,7775.524800121604
2010-02-16,12707.957776963314,7897.871296624039
2010-02-17,12773.092933568765,7935.29435091767
2010-02-18,12867.050628679983,7982.0759277831075
2010-02-19,12855.20461127232,7998.628446715537
2010-02-22,12833.320645752108,8000.069747479544
2010-02-23,12748.005746704153,7902.9073883696365
2010-02-24,12806.28055735425,7975.598535273501
2010-02-25,12827.00638824823,7964.803126335125
2010-02-26,12878.244398306855,7969.838482347817
2010-03-01,13054.03128565171,8052.60181274288
2010-03-02,13084.32642141328,8074.9114416693665
2010-03-03,13099.218457795576,8082.114266824869
2010-03-04,13146.32442493334,8106.584743298007
2010-03-05,13361.72957363549,8222.451640092118
2010-03-08,13382.507102466701,8223.888526458686
2010-03-09,13442.95233593837,8237.562122527635
2010-03-10,13533.18930748114,8274.267837237343
2010-03-11,13587.168269935612,8308.814911599118
2010-03-12,13587.433409696561,8309.534458381762
2010-03-15,13556.07218623204,8311.690891530976
2010-03-16,13711.864326113258,8377.904645925233
2010-03-17,13761.98151661995,8427.558524057993
2010-03-18,13797.29455361742,8423.244922026664
2010-03-19,13675.357602341677,8380.608464356947
2010-03-22,13818.451801730276,8425.409448237848
2010-03-23,13950.285030362556,8484.672733863561
2010-03-24,13830.177811306574,8443.478312690759
2010-03-25,13828.690293283897,8429.751743852536
2010-03-26,13869.368819676149,8424.687694256485
2010-03-29,13932.123291986629,8478.167383503505
2010-03-30,13961.949217693165,8483.946565484759
2010-03-31,13901.729476086037,8455.040355317798
2010-04-01,13930.280732549278,8512.851304185906
2010-04-05,14086.1830843552,8582.230181544306
2010-04-06,14126.41206654076,8602.461365009682
2010-04-07,14108.922994385466,8553.321764178627
2010-04-08,14157.609450050557,8582.947521128233
2010-04-09,14270.795652222245,8639.319376431053
2010-04-12,14273.57848896483,8653.04741673509
2010-04-13,14347.940184050827,8659.552031362238
2010-04-14,14552.774454607392,8757.831968757255
2010-04-15,14630.840636717949,8765.064223229021
2010-04-16,14403.766444156689,8625.588393195389
2010-04-19,14398.76574762315,8658.108523399513
2010-04-20,14504.166771558625,8735.43110895035
2010-04-21,14598.764101984874,8719.532656571877
2010-04-22,14709.814778265818,8745.548907881759
2010-04-23,14786.096378434479,8802.637367035597
2010-04-26,14771.080211397837,8769.396218583015
2010-04-27,14440.445156824242,8561.99090501696
2010-04-28,14435.976598199337,8627.03116542521
2010-04-29,14790.016329231428,8733.986129521812
2010-04-30,14486.14359785235,8585.84263011566
2010-05-03,14791.035940213531,8697.131796764976
2010-05-04,14283.603425891493,8492.617913521814
2010-05-05,14150.848901323367,8442.03333326222
2010-05-06,13535.055330669005,8161.644051095479
2010-05-07,13093.755345706817,8040.23634978185
2010-05-10,13692.018099569515,8394.33724039389
2010-05-11,13708.561154804136,8370.491401158446
2010-05-12,14009.911997427342,8487.557542590295
2010-05-13,13723.744036479959,8382.055650984206
2010-05-14,13427.085474397169,8230.296760075078
2010-05-17,13487.421343300448,8234.629491161977
2010-05-18,13192.173470473572,8122.620777730019
2010-05-19,13027.485453305895,8076.372607221858
2010-05-20,12363.087605511935,7771.412053173777
2010-05-21,12441.604535787399,7884.866481767183
2010-05-24,12402.33402698376,7783.6965855150875
2010-05-25,12438.213623279182,7791.6454438378705
2010-05-26,12397.875343931277,7744.674783615439
2010-05-27,12661.613532882371,8004.106713938002
2010-05-28,12532.448364118807,7903.657100201457
2010-06-01,12440.146390454,7770.688827726601
2010-06-02,12441.737029404645,7973.031563162417
2010-06-03,12433.544506455268,8000.492793900838
2010-06-04,12230.519824714755,7719.379550554014
2010-06-07,12277.172827178962,7623.2641393701815
2010-06-08,12264.198063937716,7704.929020535706
2010-06-09,12243.369960247337,7663.736806561622
2010-06-10,12216.10870384917,7887.757912090073
2010-06-11,12254.676610124521,7926.05943147417
2010-06-14,12241.390999284748,7913.775634865768
2010-06-15,12298.088867556804,8093.71530329596
2010-06-16,12301.353808622982,8090.823872973067
2010-06-17,12380.023450365768,8103.833102227368
2010-06-18,12422.097146902312,8112.615545933316
2010-06-21,12280.19532090605,8089.3825722090605
2010-06-22,12246.67145711179,7955.780833701631
2010-06-23,12221.044210630205,7931.094787486863
2010-06-24,12221.70623656626,7799.672289848749
2010-06-25,12266.912773924352,7832.345452497443
2010-06-28,12214.394135946903,7807.658670549768
2010-06-29,12194.851369765141,7566.598726637631
2010-06-30,12198.696998016072,7494.713207266483
2010-07-01,12055.79686788067,7461.311669040265
2010-07-02,12099.731818761029,7420.652861423458
2010-07-06,12040.281268858636,7469.3039356045365
2010-07-07,12100.155072231239,7704.552325287532
2010-07-08,12089.221514416575,7780.794854931498
2010-07-09,12130.487698270055,7838.882439372482
2010-07-12,12101.345189104466,7843.963410825382
2010-07-13,12138.710476798962,7962.315613377949
2010-07-14,12143.004553165449,7961.590916464959
2010-07-15,12139.293758536647,7963.768685868461
2010-07-16,12074.740054402986,7744.489378922973
2010-07-19,12049.933101218814,7790.2335723901215
2010-07-20,12086.761955607279,7876.637309206983
2010-07-21,12052.695776756625,7774.259339522268
2010-07-22,12101.431083982263,7947.795924466421
2010-07-23,12080.408249972645,8016.774563123638
2010-07-26,12067.371979909558,8100.27289069238
2010-07-27,11991.957394408315,8099.547458046483
2010-07-28,11992.968096578736,8047.269220635921
2010-07-29,12000.59915402834,8008.059806845094
2010-07-30,12036.81545355942,8006.608941553301
2010-08-02,12050.172529714122,8187.4072102854825
2010-08-03,12050.534060448199,8148.197060761749
2010-08-04,12101.90766068856,8202.652331842904
2010-08-05,12101.77461102905,8193.939047030175
2010-08-06,12123.73672579798,8160.541187468491
2010-08-09,12127.960787613465,8204.103197134698
2010-08-10,12116.142704035354,8159.813547623877
2010-08-11,12032.177228655602,7936.178701871384
2010-08-12,12049.802448006321,7887.528363423211
2010-08-13,12032.940080697259,7864.293918233142
2010-08-16,12061.491179154715,7860.663076339127
2010-08-17,12087.990831358593,7957.2339061921375
2010-08-18,12108.403409015358,7971.755802302383
2010-08-19,12080.2696104477,7833.073092342053
2010-08-20,12074.850405850033,7807.658670549762
2010-08-23,12048.52147689788,7777.892388615
2010-08-24,12025.410280101862,7662.4411809131125
2010-08-25,12068.25494130035,7692.209670046595
2010-08-26,12034.660242388818,7640.657601014837
2010-08-27,12062.740274634463,7759.0105393003105
2010-08-30,12037.538497160203,7646.464740846543
2010-08-31,12060.306626584805,7646.464740846543
2010-09-01,12066.539863102256,7875.185708182283
2010-09-02,12091.321689796752,7948.518414180691
2010-09-03,12090.02307917421,8051.624023710021
2010-09-07,12109.007335425906,7960.865483819061
2010-09-08,12117.010982996198,8016.7745631236385
2010-09-09,12085.818518643016,8053.804736045151
2010-09-10,12093.174129696608,8094.467222326492
2010-09-13,12186.73240160023,8184.500329571556
2010-09-14,12299.768439637579,8179.419358118655
2010-09-15,12345.237516600626,8210.637976811022
2010-09-16,12398.522108640045,8208.459471674614
2010-09-17,12419.347041147703,8211.526006429274
2010-09-20,12562.107358226493,8337.084712801876
2010-09-21,12594.797659132053,8320.295287873523
2010-09-22,12587.3060372784,8279.41796758346
2010-09-23,12588.846857350056,8212.25806067133
2010-09-24,12755.524699861775,8381.61126830862
2010-09-27,12717.004240487362,8341.463059328984
2010-09-28,12760.882538557806,8370.662091192766
2010-09-29,12743.34136737196,8356.063678860235
2010-09-30,12708.138337261404,8331.242993523561
2010-10-01,12698.986411157892,8366.281537466937
2010-10-04,12516.233848414515,8303.50365574645
2010-10-05,12960.748540285278,8470.668793719544
2010-10-06,12857.217543727516,8469.939682409115
2010-10-07,12886.272494865683,8459.721823802412
2010-10-08,12998.430494971482,8507.169238948312
2010-10-11,13019.572378926145,8515.201970822445
2010-10-12,13105.909645056416,8541.477200115445
2010-10-13,13225.549566663096,8607.907259984238
2010-10-14,13208.132518363518,8574.325467195908
2010-10-15,13464.759922349196,8591.84621063341
2010-10-18,13456.77526874267,8634.18690367468
2010-10-19,13224.877440209995,8521.03927570332
2010-10-20,13358.374803909799,8604.254346103027
2010-10-21,13375.959099817308,8623.236255093014
2010-10-22,13473.008523009454,8639.295097245124
2010-10-25,13552.323374481939,8664.842686693506
2010-10-26,13599.032279659348,8666.307530910524
2010-10-27,13609.58108939341,8641.486109840944
2010-10-28,13663.328443969898,8642.94727539343
2010-10-29,13658.095568727631,8649.515163050546
2010-11-01,13649.180889503174,8652.437494155518
2010-11-02,13808.680878357245,8721.054887955599
2010-11-03,13874.118057128171,8756.091224700258
2010-11-04,14116.045982083186,8924.716056760024
2010-11-05,14122.852786922544,8958.297113815448
2010-11-08,14154.118103643888,8941.506217421284
2010-11-09,14042.312284091131,8877.269377347031
2010-11-10,14073.01092221138,8913.034089669209
2010-11-11,14026.151946047863,8879.456711278319
2010-11-12,13660.572925096289,8774.344022379813
2010-11-15,13584.159718229372,8761.929265314038
2010-11-16,13247.728777122778,8625.425060490115
2010-11-17,13294.282052287388,8629.804142750132
2010-11-18,13607.501135035873,8756.823278942311
2010-11-19,13631.973714341184,8780.911174304023
2010-11-22,13761.451828727606,8773.611232404852
2010-11-23,13538.031914605415,8646.595774877203
2010-11-24,13821.843113174604,8774.344022379813
2010-11-26,13699.626706571804,8672.142628592681
2010-11-29,13691.439150043014,8698.423743748934
2010-11-30,13539.006248449692,8649.515163050548
2010-12-01,13950.718623672197,8833.468254486183
2010-12-02,14130.32322214231,8946.615146724635
2010-12-03,14208.831196771693,8970.703777819253
2010-12-06,14214.32658354559,8961.216501988794
2010-12-07,14200.24704913619,8966.32616702505
2010-12-08,14249.473224506199,8999.174434105513
2010-12-09,14267.312802463533,9034.215185247609
2010-12-10,14336.05529660637,9086.773001162674
2010-12-13,14265.35590895529,9092.611041776456
2010-12-14,14260.208813937385,9100.64377365059
2010-12-15,14192.891442893211,9059.03219191975
2010-12-16,14238.556296505463,9111.592950766442
2010-12-17,14265.43476819224,9121.350976306527
2010-12-20,14261.52704312541,9143.366312070379
2010-12-21,14313.761012300169,9201.337650712123
2010-12-22,14298.409396800487,9229.953982113888
2010-12-23,14272.36182015926,9216.746840707716
2010-12-27,14281.884337366411,9220.41667644578
2010-12-28,14286.54312473058,9233.626760783578
2010-12-29,14314.5351065875,9240.229227887305
2010-12-30,14287.759056981768,9225.553563599582
2010-12-31,14270.718036054399,9227.757083654815
2011-01-03,14434.107581893342,9323.15368378891
2011-01-04,14380.341059759085,9318.01458943639
2011-01-05,14440.225123480563,9366.447150944214
2011-01-06,14430.738745293247,9348.099443719708
2011-01-07,14416.137734232303,9329.754679426827
2011-01-10,14447.482604042874,9318.014589436392
2011-01-11,14474.28606684317,9351.037225215718
2011-01-12,14585.223468194488,9435.425053868526
2011-01-13,14571.613950633988,9420.01659960584
2011-01-14,14668.385251405407,9488.257298157749
2011-01-18,14718.631903925272,9504.405899724463
2011-01-19,14550.254196752692,9411.207669515255
2011-01-20,14439.344716341653,9398.731846618233
2011-01-21,14373.658975125938,9420.01659960584
2011-01-24,14508.839505180451,9473.581633870026
2011-01-25,14520.501649602857,9478.71778529092
2011-01-26,14590.945867089826,9515.410256808309
2011-01-27,14599.805673231182,9538.895586919525
2011-01-28,14211.043106010105,9372.31682807298
2011-01-31,14237.6749874823,9442.761046680123
2011-02-01,14411.910784072612,9593.929879798168
2011-02-02,14414.792267860139,9575.584379772381
2011-02-03,14438.729244378488,9596.868397027083
2011-02-04,14513.132642458797,9624.014734081484
2011-02-07,14531.48163770229,9684.188857045554
2011-02-08,14572.868543017112,9728.217321374537
2011-02-09,14551.049473646895,9706.203457076499
2011-02-10,14565.52904439278,9709.874028547469
2011-02-11,14657.502134141047,9767.844631456306
2011-02-14,14711.510868964922,9791.324075704268
2011-02-15,14682.086701758193,9760.504959980177
2011-02-16,14793.31406969401,9822.148341558704
2011-02-17,14838.518223329498,9851.498934401245
2011-02-18,14814.635652152716,9872.04721874936
2011-02-22,14566.747998259976,9673.916554203763
2011-02-23,14428.120898586616,9614.475221214654
2011-02-24,14492.71435404303,9607.872754110927
2011-02-25,14721.63470295572,9710.608289988244
2011-02-28,14718.708478690734,9770.77873428778
2011-03-01,14559.373404080989,9607.872754110927
2011-03-02,14618.03066819319,9628.417359794506
2011-03-03,14723.911087742323,9794.259650001555
2011-03-04,14701.157650232566,9720.877649898404
2011-03-07,14489.631043331085,9644.562282696686
2011-03-08,14505.791691512402,9728.952318548216
2011-03-09,14436.164818743498,9715.011651434175
2011-03-10,14302.639174600423,9535.225751181459
2011-03-11,14375.04878785818,9601.265136876853
2011-03-14,14334.242040727147,9543.296741166734
2011-03-15,14137.656567533868,9433.956530986972
2011-03-16,13874.799109854639,9259.309725086778
2011-03-17,13985.731391780819,9381.854133741086
2011-03-18,13997.090953285671,9415.980368880293
2011-03-21,14216.259601893595,9561.907105038896
2011-03-22,14180.913033208004,9528.742472808599
2011-03-23,14259.154198005239,9556.011677258399
2011-03-24,14357.053270872431,9647.399268784493
2011-03-25,14371.1868085143,9676.880822084408
2011-03-28,14317.281569714307,9653.296168030804
2011-03-29,14373.348597329572,9718.152495212404
2011-03-30,14416.823282186606,9785.216756846676
2011-03-31,14427.311579061272,9771.95443547251
2011-04-01,14413.104008909706,9813.224637134692
2011-04-04,14400.999070707563,9821.3324137653
2011-04-05,14463.133309983796,9819.856533554681
2011-04-06,14499.830306107711,9850.814702798118
2011-04-07,14487.20211467916,9825.754168533897
2011-04-08,14433.524882810465,9791.85453912992
2011-04-11,14380.41933721999,9762.3722500971
2011-04-12,14267.299819864977,9689.408146284892
2011-04-13,14344.868757838118,9688.67535630993
2011-04-14,14350.396482224816,9696.042985636508
2011-04-15,14377.649839386533,9731.416288052384
2011-04-18,14275.248770641581,9622.340205986087
2011-04-19,14344.835509439388,9677.615083525185
2011-04-20,14560.858849729682,9809.541558204312
2011-04-21,14665.34284830445,9859.656005136594
2011-04-25,14699.773224147608,9849.338822587502
2011-04-26,14800.891329708084,9934.095253426512
2011-04-27,14951.756601680225,9998.94790194358
2011-04-28,14948.728139557388,10031.379744198912
2011-04-29,14977.152903602515,10054.962926786702
2011-05-02,14917.609229460322,10039.486049363704
2011-05-03,14833.651086531216,10003.374071109614
2011-05-04,14786.910453840646,9937.04333518321
2011-05-05,14625.01210212884,9847.127209470294
2011-05-06,14714.178178979744,9890.614910112934
2011-05-09,14794.88047124762,9928.93408708679
2011-05-10,14970.565388110528,10013.688310727082
2011-05-11,14836.258902138945,9908.299721988607
2011-05-12,14941.784838391552,9955.466822897099
2011-05-13,14774.707961453996,9878.819640154508
2011-05-16,14546.180017555327,9816.178604754647
2011-05-17,14525.996899247626,9814.698310146588
2011-05-18,14668.062337591879,9902.405765673926
2011-05-19,14681.826485195166,9925.986741063
2011-05-20,14621.769329778928,9847.127209470296
2011-05-23,14350.922180905256,9732.892168263
2011-05-24,14287.455401999394,9724.783655899486
2011-05-25,14324.966255737841,9757.21549815482
2011-05-26,14390.743049716319,9802.170250213196
2011-05-27,14462.166477580327,9839.755165746275
2011-05-31,14542.594671958885,9942.20450152293
2011-06-01,14211.781731863495,9718.887492386084
2011-06-02,14225.741020052576,9708.568838371179
2011-06-03,14023.948970060412,9612.022287704083
2011-06-06,13931.707811985447,9510.315306430179
2011-06-07,13914.474209893582,9504.419878649685
2011-06-08,13747.49434652778,9464.622614266493
2011-06-09,13788.204016471725,9536.848042240486
2011-06-10,13591.898484498113,9404.188777586396
2011-06-13,13554.500490270968,9411.558614111696
2011-06-14,13726.279270577028,9530.95482165871
2011-06-15,13539.675560324986,9361.441224247785
2011-06-16,13487.546907143023,9382.076325078875
2011-06-17,13494.550637261633,9410.077583770733
2011-06-20,13552.147691925977,9458.218059314639
2011-06-21,13695.388454426748,9587.830654002544
2011-06-22,13651.49735861359,9530.060906177205
2011-06-23,13665.508145729302,9502.655591139684
2011-06-24,13530.703751520197,9392.298598083016
2011-06-27,13605.249398083053,9475.992630604913
2011-06-28,13707.32023057784,9599.683311127685
2011-06-29,13743.861042047858,9681.897784774432
2011-06-30,13822.893803018276,9774.477999342103
2011-07-01,13944.477464769212,9918.906783302891
2011-07-05,13999.737644962794,9910.758541362422
2011-07-06,14032.11586004371,9922.61193422047
2011-07-07,14244.97990701806,10025.56230410651
2011-07-08,14192.689828498655,9954.457397349252
2011-07-11,13927.397031218712,9774.477999342102
2011-07-12,13828.38676033851,9732.262380894952
2011-07-13,13922.136418407807,9764.847991327764
2011-07-14,13720.188445610967,9697.447499755179
2011-07-15,13936.057523629803,9753.741367369903
2011-07-18,13829.790501690297,9673.748807101054
2011-07-19,14135.784644722424,9830.770395491012
2011-07-20,14084.635900337711,9824.843331195534
2011-07-21,14203.011992047219,9961.123137482946
2011-07-22,14339.223642029412,9967.788877616638
2011-07-25,14304.049447123853,9912.241778902104
2011-07-26,14322.012388192263,9875.207191583151
2011-07-27,13946.74624471754,9673.007924064119
2011-07-28,13944.765007657637,9644.864668921291
2011-07-29,13871.16693401731,9578.945943422576
2011-08-01,13784.05310378426,9538.206205186043
2011-08-02,13563.681726228291,9294.532937989703
2011-08-03,13558.071463103803,9344.896062644413
2011-08-04,13503.562976302192,8907.165884006256
2011-08-05,13526.75929566548,8893.83661093759
2011-08-08,13615.311094064464,8314.641916219292
2011-08-09,13689.279341433716,8701.264408501269
2011-08-10,13801.011471238882,8316.860886665563
2011-08-11,13744.165489473127,8690.153370145968
2011-08-12,13731.167091512212,8748.666943939868
2011-08-15,13785.739485893262,8933.83031600684
2011-08-16,13830.845626412287,8857.545113854292
2011-08-17,13838.296932471,8863.46629228652
2011-08-18,13880.027370375534,8481.286155294523
2011-08-19,13920.070205344284,8342.784435629215
2011-08-22,14029.200599789978,8349.452382961628
2011-08-23,13903.779614202773,8624.234644647257
2011-08-24,13769.790836696195,8745.704883257946
2011-08-25,13773.172379498637,8612.384194720833
2011-08-26,13912.589648649277,8737.557377050382
2011-08-29,13852.298735680228,8988.638738883163
2011-08-30,13977.805952129826,9012.341845934729
2011-08-31,13946.242469329141,9052.336286736885
2011-09-01,13943.445367796348,8957.531951592595
2011-09-02,14050.196625520468,8728.66972353879
2011-09-06,14045.085116063396,8664.972175685067
2011-09-07,13928.84462172353,8909.390004582874
2011-09-08,14035.846869302226,8816.803904151948
2011-09-09,13993.903035579635,8585.721969918965
2011-09-12,13910.7845785203,8641.269804366406
2011-09-13,13965.944916656319,8720.518538666694
2011-09-14,13943.996141182215,8841.247894240449
2011-09-15,13891.793858249686,8993.823448675892
2011-09-16,13935.415535284965,9047.054460200485
2011-09-19,13871.79622398258,8956.971323117772
2011-09-20,13927.205043229536,8946.548195030131
2011-09-21,13862.092826667691,8682.9991033623
2011-09-22,13732.334052773156,8402.326564026524
2011-09-23,13516.344648883054,8452.953081061793
2011-09-26,13470.549419118122,8653.964875669591
2011-09-27,13553.729112659597,8750.7475965997
2011-09-28,13432.71372304333,8572.069710104306
2011-09-29,13461.200867159892,8639.818939074614
2011-09-30,13453.52871118195,8423.918853369089
2011-10-03,13491.15042487321,8184.1920574836895
2011-10-04,13440.491602555308,8363.613034214737
2011-10-05,13496.057477776669,8518.46641772898
2011-10-06,13528.856029811866,8672.577446740472
2011-10-07,13496.946636829023,8614.505312690526
2011-10-10,13606.44175906749,8902.626411972606
2011-10-11,13585.655864027764,8911.554530794057
2011-10-12,13612.435464471957,8989.727623584913
2011-10-13,13599.976841708729,8971.860349948409
2011-10-14,13636.124663350945,9125.226817258434
2011-10-17,13610.11274008575,8951.016300971845
2011-10-18,13603.51193882417,9125.973586158621
2011-10-19,13549.80060606808,9018.01802530906
2011-10-20,13501.889117984709,9057.478324021036
2011-10-21,13548.278242798331,9229.452948004502
2011-10-24,13592.202739289374,9342.618233565618
2011-10-25,13670.972362091235,9160.96283599726
2011-10-26,13706.014747777872,9254.02274842003
2011-10-27,13767.36656629686,9576.387064373464
2011-10-28,13768.344255440203,9574.154850734874
2011-10-31,13690.59815753013,9343.363530999994
2011-11-01,13618.381719758385,9082.79121467222
2011-11-02,13660.175984153391,9230.943542873252
2011-11-03,13773.569682853935,9399.1975655481
2011-11-04,13761.220244845052,9341.874407597059
2011-11-07,13851.440600138414,9399.945070181193
2011-11-08,13848.1368688421,9520.549351160826
2011-11-09,13691.301994026298,9169.151543247592
2011-11-10,13681.843175462882,9255.514079021685
2011-11-11,13802.803086765809,9429.724595308273
2011-11-14,13756.23441462173,9340.384548461214
2011-11-15,13793.199599472347,9386.544431020584
2011-11-16,13730.071059353575,9237.644598186458
2011-11-17,13572.134718349516,9090.978450456736
2011-11-18,13567.091421910167,9081.303562735096
2011-11-21,13436.756544619268,8908.579226919815
2011-11-22,13450.640740832527,8873.589241348274
2011-11-23,13383.477639043462,8677.786435719123
2011-11-25,13335.067918915809,8661.408285485553
2011-11-28,13473.26396779004,8912.304242625874
2011-11-29,13469.450550977679,8937.615661811244
2011-11-30,13644.95692392907,9305.394562889674
2011-12-01,13641.203460997567,9303.904703753833
2011-12-02,13641.832288260426,9295.71378930478
2011-12-05,13616.20811443309,9396.96682337532
2011-12-06,13630.319810220233,9399.945070181191
2011-12-07,13664.161528054176,9434.937998684361
2011-12-08,13527.315968083894,9227.968974731913
2011-12-09,13569.119655126107,9384.310745916184
2011-12-12,13421.976006090852,9247.323164572634
2011-12-13,13328.29920152807,9160.962835997261
2011-12-14,13187.588225875596,9063.431874701153
2011-12-15,13179.22710338404,9096.19111809992
2011-12-16,13245.014328920364,9109.677838010595
2011-12-19,13216.11225536295,9012.280780103487
2011-12-20,13322.846632888288,9284.992689389972
2011-12-21,13319.586918013674,9302.974001626999
2011-12-22,13316.973455306295,9385.387123158524
2011-12-23,13344.27045313533,9469.298932620772
2011-12-27,13316.264185410453,9476.79163654147
2011-12-28,13183.950898198169,9352.423346011728
2011-12-29,13189.576744714257,9449.074370751556
2011-12-30,13223.68171407517,9402.619459296644
2012-01-03,13372.675834244917,9552.460294518296
2012-01-04,13400.45946864549,9567.444230893881
2012-01-05,13443.76495368269,9592.91971851742
2012-01-06,13431.733342486777,9568.196149924415
2012-01-09,13412.023283789616,9591.421030586698
2012-01-10,13489.442448199938,9674.583863950038
2012-01-11,13519.21680903137,9679.824489443668
2012-01-12,13544.479204014799,9703.053784503392
2012-01-13,13507.236508195016,9652.855464019756
2012-01-17,13553.375534693088,9690.318247890342
2012-01-18,13700.603528171428,9797.454938014873
2012-01-19,13754.088633990876,9849.149003497603
2012-01-20,13764.330800732596,9885.860604070562
2012-01-23,13793.880641555952,9860.389530844463
2012-01-24,13749.108694644092,9849.149003497601
2012-01-25,13975.656058004965,9931.56359649494
2012-01-26,13957.919711074634,9880.61556417949
2012-01-27,14027.309907402234,9876.12317905186
2012-01-30,14004.505080909927,9842.403804209996
2012-01-31,14044.08430327185,9838.661866647086
2012-02-01,14139.22139237035,9924.819868673147
2012-02-02,14191.961927201906,9940.551309681825
2012-02-03,14351.787367162082,10079.90795098459
2012-02-06,14336.3211603069,10073.163487429892
2012-02-07,14408.105932182429,10098.63676785471
2012-02-08,14455.856509364427,10128.609055003317
2012-02-09,14546.220105451319,10141.341648684738
2012-02-10,14436.88156275908,10066.422702539725
2012-02-13,14558.97453042211,10141.341648684738
2012-02-14,14579.079284905234,10128.609055003317
2012-02-15,14503.231513765131,10081.403695983683
2012-02-16,14676.036469454619,10193.043071496537
2012-02-17,14663.199057932708,10220.006946790105
2012-02-21,14740.031859471017,10224.506689246802
2012-02-22,14711.82650432835,10191.539233435471
2012-02-23,14796.808963281946,10236.494721226756
2012-02-24,14828.95561993102,10258.967682858507
2012-02-27,14853.564467585173,10276.20149046244
2012-02-28,15005.908947229611,10306.171570412327
2012-02-29,14815.841982357832,10265.712882146112
2012-03-01,14950.3428843486,10318.907107025378
2012-03-02,14935.603240935796,10287.438339144768
2012-03-05,14776.81949925716,10245.483170146552
2012-03-06,14583.314164753046,10095.64012772618
2012-03-07,14746.601773814964,10166.06963167519
2012-03-08,14932.696339182161,10267.211570076835
2012-03-09,15014.237006206746,10306.922753709958
2012-03-12,15008.33879759785,10307.67025834305
2012-03-13,15285.224935860144,10493.472246572943
2012-03-14,15315.975081396306,10482.233190691897
2012-03-15,15374.281721730722,10542.925269622205
2012-03-16,15361.674733968195,10557.520003290203
2012-03-19,15489.706117210264,10598.90571501872
2012-03-20,15493.646010539027,10568.054962779646
2012-03-21,15497.759751775566,10550.746110419243
2012-03-22,15452.504837941888,10474.741222504103
2012-03-23,15470.405761241142,10508.605536728564
2012-03-26,15782.31996731165,10656.100855444012
2012-03-27,15785.33487321925,10622.988460250084
2012-03-28,15695.957465770069,10570.312927069965
2012-03-29,15642.338121844181,10552.248477014495
2012-03-30,15615.236278723401,10595.895831697866
2012-04-02,15792.555227923061,10673.404557674072
2012-04-03,15750.076727048814,10629.759410189421
2012-04-04,15502.543655582842,10524.408343829182
2012-04-05,15640.307093412295,10519.141231950913
2012-04-09,15517.993703029264,10401.000184742537
2012-04-10,15236.658539230933,10226.421802002655
2012-04-11,15367.650954568728,10309.196168391314
2012-04-12,15631.61608667144,10443.893413196653
2012-04-13,15389.619124776997,10319.73186361366
2012-04-16,15170.291890063143,10312.959442208514
2012-04-17,15567.551645658028,10465.71083680863
2012-04-18,15515.924999397428,10430.352249050888
2012-04-19,15344.678562941805,10363.378482564125
2012-04-20,15284.190789021904,10380.68292052709
2012-04-23,15125.479485501894,10293.39262555779
2012-04-24,15079.667209868301,10332.523315927612
2012-04-25,15418.863451517713,10473.99151067229
2012-04-26,15546.519417607455,10546.986515266572
2012-04-27,15664.042665799707,10564.295367626975
2012-04-30,15552.355315124452,10525.161734325526
2012-05-01,15589.127189282448,10590.633134217036
2012-05-02,15604.220785593012,10559.023841351269
2012-05-03,15410.928806718402,10478.50743925293
2012-05-04,15081.402988148058,10309.196168391314
2012-05-07,15080.00189972582,10316.722716025717
2012-05-08,14975.060929061992,10275.33258989976
2012-05-09,14925.672112267765,10214.380797253423
2012-05-10,14902.363908673024,10235.45292343103
2012-05-11,14882.999020767615,10204.602906924862
2012-05-14,14721.265466791254,10091.726028663128
2012-05-15,14667.255253365965,10033.781912138928
2012-05-16,14584.070909396569,9995.403140799637
2012-05-17,14332.15110344824,9847.164731848536
2012-05-18,14196.073871123524,9762.882848734276
2012-05-21,14527.809027945043,9930.691753000636
2012-05-22,14499.245982663684,9947.996926696505
2012-05-23,14529.706709523909,9953.264774307681
2012-05-24,14499.753655542265,9972.830855225498
2012-05-25,14499.234946067174,9940.474057726637
2012-05-29,14595.31864953427,10060.87159775952
2012-05-30,14513.826895746162,9914.888945900017
2012-05-31,14479.957827658378,9893.067107890598
2012-06-01,14468.851794931692,9643.989882495363
2012-06-04,14510.396473284583,9639.476161113442
2012-06-05,14533.074847935739,9712.464544111568
2012-06-06,14675.717823218773,9930.691753000634
2012-06-07,14590.602796726966,9936.711519642342
2012-06-08,14612.643144854535,10015.721876480895
2012-06-11,14604.661845213834,9888.549707844144
2012-06-12,14654.046036108857,10002.174826471877
2012-06-13,14661.502374006912,9938.213886237594
2012-06-14,14684.538253633023,10043.566424063645
2012-06-15,14705.481005246937,10146.283566618296
2012-06-18,14722.031452513862,10165.948235745596
2012-06-19,14717.552373753944,10264.283353108605
2012-06-20,14686.033923311168,10247.638131829945
2012-06-21,14539.028962318025,10017.696583602174
2012-06-22,14571.816566799804,10094.84700765287
2012-06-25,14573.587888316282,9932.978410874306
2012-06-26,14577.82221962274,9982.904510182505
2012-06-27,14620.749222531298,10072.912602508743
2012-06-28,14498.887958048519,10044.168253581232
2012-06-29,14660.727051522097,10294.535218761715
2012-07-02,14661.83838176468,10325.547832240238
2012-07-03,14734.256415837397,10393.625933819792
2012-07-05,14712.887246457742,10346.725903956396
2012-07-06,14489.669873628436,10248.396672456638
2012-07-09,14466.397539483349,10235.53826844819
2012-07-10,14365.57629572862,10146.283566618296
2012-07-11,14313.928002354547,10147.79696920715
2012-07-12,14198.803662453322,10098.631617724364
2012-07-13,14404.251856424155,10268.062077316847
2012-07-16,14372.644508648404,10243.861614820427
2012-07-17,14436.261839412358,10314.205773752272
2012-07-18,14537.915893505002,10390.60133584081
2012-07-19,14611.592103963136,10417.825660583308
2012-07-20,14412.981241716614,10322.522498528351
2012-07-23,14304.064131457335,10218.1418638719
2012-07-24,14236.80360276781,10130.399828897956
2012-07-25,14221.609885896389,10132.669564914782
2012-07-26,14412.568024482216,10299.832495689156
2012-07-27,14723.486823477833,10489.683957836913
2012-07-30,14712.844184875263,10489.683957836913
2012-07-31,14694.355943374498,10416.318879590614
2012-08-01,14653.275271879338,10407.239199790403
2012-08-02,14604.853674759852,10335.384581201331
2012-08-03,14786.835795496416,10540.365654840178
2012-08-06,14845.481675421788,10560.785921662546
2012-08-07,14964.674201448815,10613.733676018102
2012-08-08,14956.80032006519,10626.595022958178
2012-08-09,15005.880458808599,10635.671024093856
2012-08-10,15026.045956576592,10653.067428670145
2012-08-13,15047.403568760035,10647.77603760596
2012-08-14,15040.689260919093,10649.28576153028
2012-08-15,15078.07600976054,10661.387832110759
2012-08-16,15276.761010534727,10740.05533741484
2012-08-17,15349.593685145195,10754.425672546327
2012-08-20,15371.821983508416,10755.183477440116
2012-08-21,15319.10653390801,10722.654518441113
2012-08-22,15387.86758985885,10727.19472620767
2012-08-23,15268.412986329688,10639.451955500816
2012-08-24,15370.902059386559,10703.745447008876
2012-08-27,15385.26275956294,10706.016654491516
2012-08-28,15382.379946364177,10695.428722232798
2012-08-29,15381.8942151221,10703.745447008876
2012-08-30,15219.431545109135,10626.595022958181
2012-08-31,15369.379427010443,10677.275984228538
2012-09-04,15352.340184847471,10667.442178199073
2012-09-05,15323.13126850927,10658.363969864675
2012-09-06,15806.366321846623,10874.69519505346
2012-09-07,15821.225322487666,10917.051338485768
2012-09-10,15609.552975057666,10855.026847261626
2012-09-11,15601.19011486181,10885.282391579272
2012-09-12,15662.982836863803,10921.587867587794
2012-09-13,15920.695758862148,11087.99593640001
2012-09-14,15985.461689003518,11137.162023615703
2012-09-17,15967.374879422627,11099.343145018327
2012-09-18,15989.992419205859,11090.264200951024
2012-09-19,16025.488300593785,11096.312661176089
2012-09-20,16004.474260079744,11097.074144734406
2012-09-21,16017.33534285984,11092.433141559646
2012-09-24,15900.1782689811,11075.705518195447
2012-09-25,15586.854436222275,10957.835956429602
2012-09-26,15455.719279784516,10896.244811887442
2012-09-27,15670.149078329363,10998.901624343753
2012-09-28,15489.385594814961,10947.949177630864
2012-10-01,15461.680890533884,10976.847294735851
2012-10-02,15467.256057985158,10988.252626253789
2012-10-03,15516.586871139429,11033.118354630471
2012-10-04,15575.415519247104,11112.203756225494
2012-10-05,15545.214222309307,11112.965975516718
2012-10-08,15486.585358051292,11074.943298904216
2012-10-09,15361.355048260455,10965.441963217912
2012-10-10,15298.523734802899,10895.484799794933
2012-10-11,15261.177047657156,10901.567839466608
2012-10-12,15239.38617621684,10865.820784734186
2012-10-15,15301.423689059096,10956.3174037104
2012-10-16,15475.885687823085,11067.337292115906
2012-10-17,15474.803708764714,11117.526783804664
2012-10-18,15413.442373120448,11088.629402432582
2012-10-19,15229.390185395278,10903.8449328125
2012-10-22,15279.602368942924,10905.367899929139
2012-10-23,15130.301723485707,10754.040884236178
2012-10-24,15072.187445010717,10723.625685877805
2012-10-25,15076.79804270587,10754.800896328685
2012-10-26,15111.043357746097,10748.719328122823
2012-10-31,15080.979164237357,10748.719328122823
2012-11-01,15177.47421141092,10861.259976446247
2012-11-02,15122.195567749968,10764.686939394516
2012-11-05,15142.042285905278,10786.739797536604
2012-11-06,15185.378238876821,10871.14749097789
2012-11-07,15127.113292451704,10624.768198151118
2012-11-08,15007.315571610829,10497.01480051816
2012-11-09,15020.831474813758,10506.140095758577
2012-11-12,15021.073249600391,10514.506850372305
2012-11-13,14977.38205222487,10478.001990746097
2012-11-14,14874.219664630764,10336.563225317688
2012-11-15,14860.979700887927,10319.075589860982
2012-11-16,14874.865795548774,10370.021414977713
2012-11-19,14942.92516564901,10579.905412706063
2012-11-20,14944.831102197744,10584.464749528193
2012-11-21,14956.12413793513,10604.233892728229
2012-11-23,15024.581457602058,10748.719328122823
2012-11-26,15021.839672345515,10725.90425068951
2012-11-27,15002.897012337022,10671.152479246997
2012-11-28,15020.700992129377,10757.086818469455
2012-11-29,15041.39126796969,10807.270424294959
2012-11-30,15028.676109364482,10809.552667771199
2012-12-03,14988.426094846234,10756.324599178231
2012-12-04,14976.79203058657,10741.11111413579
2012-12-05,14911.43691494103,10760.12760257239
2012-12-06,15010.558470405178,10796.625840602439
2012-12-07,14981.588309273558,10829.32328243705
2012-12-10,15002.602342889815,10833.885562190806
2012-12-11,15167.518371900893,10907.654557802822
2012-12-12,15156.390083863469,10912.973170984553
2012-12-13,15071.760200608664,10846.053848732878
2012-12-14,15011.251159742224,10805.75334304158
2012-12-17,15131.116525927919,10932.745257116216
2012-12-18,15236.483245806616,11054.413407878776
2012-12-19,15199.372253887805,10972.286486447912
2012-12-20,15185.505875851088,11035.398390907993
2012-12-21,15106.862098800058,10935.229827141766
2012-12-24,15092.411392280155,10901.537674417445
2012-12-26,15023.887701030419,10855.583797071919
2012-12-27,15006.433618447101,10841.033943111222
2012-12-28,14870.47349653431,10723.863327606638
2012-12-31,15161.373842749506,10906.130854953277
2013-01-02,15449.849290421636,11185.650500824431
2013-01-03,15361.282893820175,11160.383225613457
2013-01-04,15332.102954641054,11209.399959049111
2013-01-07,15305.328683675281,11178.763305085855
2013-01-08,15265.911158089484,11146.60147680724
2013-01-09,15270.743489482322,11174.93234384125
2013-01-10,15442.40794529884,11263.771356578922
2013-01-11,15451.174448610775,11263.006194356069
2013-01-14,15433.006808678267,11255.343536133949
2013-01-15,15426.864619084752,11263.006194356069
2013-01-16,15470.659005628515,11261.473662711645
2013-01-17,15608.061826633777,11334.224403980941
2013-01-18,15542.177466687785,11359.500507986793
2013-01-22,15550.75465895168,11420.766458584241
2013-01-23,15583.273603472915,11439.141387926295
2013-01-24,15522.092294816091,11442.204979749331
2013-01-25,15583.488352321578,11506.536729368536
2013-01-28,15586.414373792764,11492.748358966159
2013-01-29,15581.90406585203,11537.93560262302
2013-01-30,15589.384353382704,11492.748358966159
2013-01-31,15531.539110788175,11464.415284733432
2013-02-01,15648.78027613021,11582.353269659588
2013-02-04,15530.934058655415,11452.164596105826
2013-02-05,15718.085472150402,11567.801944233079
2013-02-06,15714.08836069567,11576.22535028061
2013-02-07,15677.283018546594,11560.914012761596
2013-02-08,15774.206582777395,11625.242819449173
2013-02-11,15754.009931769542,11622.942918383176
2013-02-12,15770.862850520396,11642.087424345518
2013-02-13,15776.332435864402,11652.044097770382
2013-02-14,15799.726534130536,11662.765197685192
2013-02-15,15743.01587383614,11648.981241680254
2013-02-19,15842.861047308726,11736.286987040594
2013-02-20,15629.94075703072,11590.012249217174
2013-02-21,15460.808377933305,11519.559937548061
2013-02-22,15620.145522622674,11632.135901050999
2013-02-25,15429.179785177743,11410.811256625195
2013-02-26,15538.420499877091,11488.92401931771
2013-02-27,15699.229518112312,11633.669168428329
2013-02-28,15679.992474105646,11610.694436954285
2013-03-01,15686.187486058363,11648.981241680249
2013-03-04,15720.474003783387,11711.011618767643
2013-03-05,15848.628155053286,11815.927131247183
2013-03-06,15861.409792870167,11832.020552845905
2013-03-07,15872.9333154312,11853.459074010992
2013-03-08,15897.841588181007,11904.003188960725
2013-03-11,15928.541125074955,11949.18528248724
2013-03-12,15921.820426960281,11922.37958976859
2013-03-13,15949.141856096385,11939.227137596565
2013-03-14,15987.835007427613,12002.799610856167
2013-03-15,15912.33440417696,11986.94530245209
2013-03-18,15860.751658056572,11920.793349621988
2013-03-19,15823.854499213754,11893.09889155218
2013-03-20,15927.934581098809,11976.176379898354
2013-03-21,15827.581215020306,11873.87124777139
2013-03-22,15953.715650565837,11969.25386898026
2013-03-25,15924.69117176618,11919.255667847217
2013-03-26,16000.085932433996,12014.640496254808
2013-03-27,16014.048938885211,12014.640496254808
2013-03-28,16043.50495460974,12051.563252171958
2013-04-01,15937.15783836627,12003.868630769442
2013-04-02,15946.357851231285,12063.102487078893
2013-04-03,15821.255309902237,11940.789834290159
2013-04-04,15854.20238821936,11989.254032312965
2013-04-05,15791.640180770737,11935.405005146837
2013-04-08,15880.792648150493,12016.175235097951
2013-04-09,15925.195828896824,12057.713979271039
2013-04-10,16048.203157177,12205.411624535798
2013-04-11,16077.344704675645,12245.406065337957
2013-04-12,15995.664988158322,12215.405820338898
2013-04-15,15632.717296528677,11932.33111306311
2013-04-16,15786.143689323777,12108.486907154718
2013-04-17,15636.116294524647,11931.561536442818
2013-04-18,15506.652663077099,11856.940562124973
2013-04-19,15685.195159183984,11960.021156735478
2013-04-22,15829.005443520075,12013.102814480035
2013-04-23,15930.404360570583,12136.949470379004
2013-04-24,15974.7690474317,12144.637143519947
2013-04-25,16075.387427477226,12193.87165389595
2013-04-26,16025.666588654785,12172.331601589756
2013-04-29,16117.56305239553,12253.867729496627
2013-04-30,16180.234144192098,12283.099133608303
2013-05-01,16065.488934093082,12175.411379536738
2013-05-02,16285.140596725367,12288.48469848453
2013-05-03,16485.36001267588,12413.098723805073
2013-05-06,16558.552641534443,12444.644007907968
2013-05-07,16566.849006495635,12507.721332921437
2013-05-08,16691.286115579995,12564.644987904201
2013-05-09,16674.35497171439,12529.259178028915
2013-05-10,16769.791011924844,12570.023195451366
2013-05-13,16723.987655517823,12580.021805651906
2013-05-14,16804.494310906997,12710.028753177745
2013-05-15,16843.403664150577,12778.48575720419
2013-05-16,16763.213991075467,12718.485267206075
2013-05-17,16902.834114984307,12841.566025149285
2013-05-20,16924.49492500275,12840.792034131555
2013-05-21,16907.88550616397,12859.248629826236
2013-05-22,16715.817507615615,12763.868215816088
2013-05-23,16711.146755615548,12726.94472416603
2013-05-24,16681.5254463766,12716.180951742637
2013-05-28,16842.96705899231,12792.336664903627
2013-05-29,16763.522422024023,12709.257705091639
2013-05-30,16918.94134032123,12756.1871642713
2013-05-31,16701.48908244299,12573.101501932533
2013-06-03,16794.37589362118,12642.331025510897
2013-06-04,16708.82100233238,12581.562430358304
2013-06-05,16387.413142927406,12405.407371999601
2013-06-06,16495.637905486004,12517.721414587795
2013-06-07,16779.71287187318,12676.947258765891
2013-06-10,16797.71131053478,12676.947258765891
2013-06-11,16586.47000458981,12546.176620483016
2013-06-12,16394.749419642536,12442.330863649659
2013-06-13,16638.89352859151,12631.561367224253
2013-06-14,16591.62481655864,12552.331761979538
2013-06-17,16706.7912127554,12649.258686559338
2013-06-18,16846.270257101165,12749.255088825426
2013-06-19,16612.684685298256,12573.101501932537
2013-06-20,16059.501204850363,12261.563495699555
2013-06-21,15997.872507639193,12300.92447046914
2013-06-24,15811.293464629163,12145.491329424505
2013-06-25,15941.698627142436,12262.26317769372
2013-06-26,16002.034888098955,12383.669407541536
2013-06-27,16044.953730783627,12456.355404315054
2013-06-28,16107.491929076275,12405.320555516628
2013-07-01,16181.979778950938,12478.013909619212
2013-07-02,16171.797859926575,12466.412873148123
2013-07-03,16221.492714446924,12471.827867340617
2013-07-05,16314.664411208585,12606.381644229172
2013-07-08,16312.934327414463,12678.290707053331
2013-07-09,16371.830269202625,12769.542187991705
2013-07-10,16408.699421789333,12774.184662632277
2013-07-11,16605.481288570238,12948.176666245608
2013-07-12,16656.680238765814,12953.594603369727
2013-07-15,16676.26176359331,13003.078527201063
2013-07-16,16669.990755671064,12954.36565145583
2013-07-17,16676.89591309186,12987.616364436199
2013-07-18,16632.97909159075,13058.761736503318
2013-07-19,16517.892801056274,13081.962337979687
2013-07-22,16576.54669404397,13107.47755518018
2013-07-23,16529.443104216218,13079.635950529053
2013-07-24,16493.392480613475,13031.695594335737
2013-07-25,16571.5232730426,13063.396853814827
2013-07-26,16579.911528024455,13077.322806270739
2013-07-29,16525.19825961229,13037.109117062417
2013-07-30,16589.450540405505,13037.109117062417
2013-07-31,16631.572453779372,13046.38229461706
2013-08-01,16806.07915807174,13197.182525548908
2013-08-02,16911.64440792134,13219.607664541729
2013-08-05,16907.95631209546,13200.275546688204
2013-08-06,16779.417728673146,13125.264633929868
2013-08-07,16725.55886717858,13082.731914599979
2013-08-08,16854.235971987633,13130.678156656548
2013-08-09,16788.783535299426,13092.78644050142
2013-08-12,16859.222357501,13077.322806270742
2013-08-13,16956.246826569644,13115.98409904616
2013-08-14,16883.47167878551,13048.705739136069
2013-08-15,16610.5410484852,12866.204248725133
2013-08-16,16589.21891923806,12823.684772587563
2013-08-19,16535.442924576568,12741.704997738017
2013-08-20,16659.825651835017,12804.345297404972
2013-08-21,16559.440485248157,12725.470315421233
2013-08-22,16788.633609444456,12841.465965473997
2013-08-23,16920.52551618875,12884.765318492551
2013-08-26,16919.98287258316,12836.822019367608
2013-08-27,16572.912147476287,12630.350350860015
2013-08-28,16650.221638979223,12675.205043243097
2013-08-29,16756.3413818357,12695.309680648537
2013-08-30,16623.21221442015,12655.09746290603
2013-09-03,16770.39819472006,12712.321296914679
2013-09-04,16970.24840062687,12817.492844445711
2013-09-05,16939.128774993136,12833.727526762495
2013-09-06,16990.87092782694,12839.91209757528
2013-09-09,17170.114305965282,12962.878081185063
2013-09-10,17225.83839011962,13058.761736503322
2013-09-11,17220.04893041851,13099.745002331934
2013-09-12,17117.2622888559,13064.944835850294
2013-09-13,17140.83498035493,13094.33295107107
2013-09-16,17088.209340204718,13170.117854847138
2013-09-17,17197.87532355563,13228.888199425439
2013-09-18,17520.35315069999,13382.000103149785
2013-09-19,17544.164294289538,13359.579378554403
2013-09-20,17389.163920967883,13266.17072873391
2013-09-23,17331.784899047772,13204.781175008156
2013-09-24,17339.770993901904,13173.6979311706
2013-09-25,17303.644402220274,13135.631110583705
2013-09-26,17450.16792772994,13186.133288757763
2013-09-27,17451.63662653041,13125.520668981366
2013-09-30,17373.859700800323,13055.580427415236
2013-10-01,17503.3115569985,13158.937657598619
2013-10-02,17531.54753269295,13146.502300011458
2013-10-03,17348.924553865498,13025.277060458662
2013-10-04,17536.519090967526,13123.96827254846
2013-10-07,17399.179047665977,13010.51237248924
2013-10-08,17059.97093413947,12858.983765979872
2013-10-09,16951.511099632837,12868.30697337216
2013-10-10,17441.216661418883,13145.728308993725
2013-10-11,17541.251544839874,13230.427352666022
2013-10-14,17677.429245466952,13283.264747085588
2013-10-15,17590.63112681494,13186.91316563874
2013-10-16,17798.798014570308,13371.07446948694
2013-10-17,17980.03342657974,13460.441002718635
2013-10-18,18211.495968231626,13551.362875314857
2013-10-21,18259.014543846144,13552.136866332587
2013-10-22,18322.434490269614,13630.614552546771
2013-10-23,18092.19284492069,13565.34621493748
2013-10-24,18212.191220901674,13610.414269863473
2013-10-25,18347.698143048827,13672.585171936025
2013-10-28,18375.283384409275,13694.339322518037
2013-10-29,18466.945218288845,13767.385828415783
2013-10-30,18415.708252045428,13698.996511816744
2013-10-31,18391.69589998272,13660.148342883052
2013-11-01,18384.215541769816,13692.781040221884
2013-11-04,18418.015545934897,13740.961245342747
2013-11-05,18431.687777952695,13697.447058315469
2013-11-06,18440.327485695583,13767.385828415783
2013-11-07,18046.261521186814,13593.31878004598
2013-11-08,18231.991422739422,13776.709035808073
2013-11-11,18219.25397969053,13779.033951792891
2013-11-12,18204.09568839432,13751.064329616018
2013-11-13,18350.114373309887,13861.406608014555
2013-11-14,18428.502879401854,13930.5669726997
2013-11-15,18473.283745892444,13991.182535407725
2013-11-18,18349.25397631659,13942.220981940063
2013-11-19,18311.725478951797,13911.917614983491
2013-11-20,18231.99093865411,13868.400485024586
2013-11-21,18391.760207419495,13980.302517185088
2013-11-22,18439.13033320498,14050.23981581959
2013-11-25,18465.890488048848,14036.253533265339
2013-11-26,18512.96811474249,14040.135260080502
2013-11-27,18627.840884020687,14074.323296783861
2013-11-29,18745.020142613783,14065.001560857381
2013-12-02,18631.115345944796,14028.476836442696
2013-12-03,18594.366970510095,13967.868631063739
2013-12-04,18635.949872357574,13966.311820233397
2013-12-05,18592.926338169418,13904.928152370894
2013-12-06,18745.31610864719,14060.339957161237
2013-12-09,18828.240913002453,14096.087747626565
2013-12-10,18853.660293358524,14045.576740657629
2013-12-11,18590.787024392426,13887.825305224333
2013-12-12,18491.58837346402,13841.981787814797
2013-12-13,18490.721399652866,13840.430862847708
2013-12-16,18645.391521589347,13926.682302952906
2013-12-17,18577.390556602717,13882.39118197627
2013-12-18,18871.156422791366,14119.39576610729
2013-12-19,18769.25526085992,14103.075738773341
2013-12-20,18972.31834062317,14185.112900789598
2013-12-23,19166.35039775062,14260.897804565666
2013-12-24,19196.480052354906,14292.145852574298
2013-12-26,19288.60243804159,14364.814191758058
2013-12-27,19235.847805726866,14364.02842901382
2013-12-30,19195.09641436696,14361.68879837087
2013-12-31,19334.282668242344,14429.654332815713
2014-01-02,19204.18428457773,14291.36744715913
2014-01-03,19113.934842524577,14289.023402118737
2014-01-06,18993.8303174687,14247.620768533368
2014-01-07,19214.563959872823,14335.12442604558
2014-01-08,19247.067652165086,14338.246876501142
2014-01-09,19152.75462020499,14347.621585196892
2014-01-10,19251.540760045766,14386.691945468376
2014-01-13,18940.849323212664,14195.268957832146
2014-01-14,19305.32873341315,14349.970044634723
2014-01-15,19449.400250613242,14427.31470217276
2014-01-16,19426.9454784821,14408.566756247068
2014-01-17,19320.248241164165,14347.621585196892
2014-01-21,19403.92526419755,14389.811452992311
2014-01-22,19460.759388099526,14399.187633153879
2014-01-23,19408.13018695097,14281.209918650766
2014-01-24,18990.175521685815,13976.504663921272
2014-01-27,18740.726244853442,13907.75778112963
2014-01-28,18751.328615664832,13990.571877095246
2014-01-29,18496.954911844055,13856.194676104273
2014-01-30,18897.596796868023,14003.070507712371
2014-01-31,18790.580981638366,13921.034817161926
2014-02-03,18396.21483159911,13607.73767354929
2014-02-04,18542.897065658493,13703.054814529474
2014-02-05,18515.62113191655,13685.869565297377
2014-02-06,18746.019123694503,13866.349261681005
2014-02-07,19076.226426757396,14038.234126249868
2014-02-10,19183.08861044467,14064.015678762547
2014-02-11,19431.6574468201,14217.928059889262
2014-02-12,19476.544101949574,14224.96166647625
2014-02-13,19638.49289145732,14298.40399667774
2014-02-14,19726.135382768698,14377.30987944356
2014-02-18,19806.543090544805,14394.496600141467
2014-02-19,19656.754778746134,14299.182402092909
2014-02-20,19770.738100074992,14383.563609149558
2014-02-21,19738.41483192299,14367.156765332633
2014-02-24,19876.87178484306,14446.846939376874
2014-02-25,19860.707094698162,14441.38044388092
2014-02-26,19831.152265850924,14442.15296343284
2014-02-27,19963.779436656438,14517.94522453797
2014-02-28,19939.67173515681,14554.665653905811
2014-03-03,19810.183514487468,14452.311963407014
2014-03-04,20142.721884933122,14655.449290381948
2014-03-05,20195.461036924098,14668.730740811685
2014-03-06,20228.65520608618,14702.327248258147
2014-03-07,20119.54578914967,14708.58097796415
2014-03-10,20129.690793446585,14700.770437427804
2014-03-11,20047.84960320603,14628.106512641483
2014-03-12,20190.75212827363,14632.010311443844
2014-03-13,19801.205101754273,14467.940401808766
2014-03-14,19618.157152084797,14427.314702172756
2014-03-17,19757.41416475731,14557.791047292996
2014-03-18,19959.21309868052,14661.704491553759
2014-03-19,19806.70984652843,14583.574071271489
2014-03-20,19905.91197905032,14668.73074081168
2014-03-21,19785.12293001739,14611.836515145182
2014-03-24,19678.579426358563,14551.4151859245
2014-03-25,19760.273384435957,14620.466662139468
2014-03-26,19520.977238455638,14515.314243664008
2014-03-27,19411.576672936655,14484.7165835448
2014-03-28,19465.32578932239,14556.126819458294
2014-03-31,19598.43015096132,14675.405309740256
2014-04-01,19875.250376751268,14772.707458102414
2014-04-02,19887.727533043908,14822.148709425172
2014-04-03,19847.070007006358,14802.525241340638
2014-04-04,19600.099803251545,14627.535583905972
2014-04-07,19495.210368109172,14465.878878204509
2014-04-08,19694.213205566557,14525.514444680957
2014-04-09,19960.120022349056,14681.679639967648
2014-04-10,19445.13865423324,14373.278063115453
2014-04-11,19225.732434305217,14243.797900350733
2014-04-14,19359.63537161904,14356.013354729446
2014-04-15,19405.119183764913,14454.895857374959
2014-04-16,19544.991420322167,14606.342061798787
2014-04-17,19599.49049847169,14626.748349695928
2014-04-21,19656.371595599205,14677.759655041345
2014-04-22,19733.141422447738,14744.459728886855
2014-04-23,19655.570086039283,14709.930312114839
2014-04-24,19760.934567667504,14739.749566818873
2014-04-25,19525.052317390917,14618.902493980066
2014-04-28,19542.194032406995,14665.200694325877
2014-04-29,19620.2357941377,14733.470822194047
2014-04-30,19645.760658337367,14777.419091636213
2014-05-01,19633.42168973516,14778.989145658874
2014-05-02,19640.612117687346,14757.798566483309
2014-05-05,19701.58481917298,14786.0492386305
2014-05-06,19587.414310724816,14657.354838610017
2014-05-07,19568.24496272074,14743.679852005873
2014-05-08,19572.43485751636,14727.985197642523
2014-05-09,19608.486865455918,14749.955653699073
2014-05-12,19893.007155392585,14893.561888270295
2014-05-13,19871.71012027335,14906.89925440093
2014-05-14,19826.279212809754,14836.274781231676
2014-05-15,19713.06584881954,14706.005912791094
2014-05-16,19782.251652049436,14757.01721813651
2014-05-19,19861.099221758355,14811.162745663993
2014-05-20,19803.945184968292,14717.779110762323
2014-05-21,19976.769150801894,14841.770706043893
2014-05-22,20061.934989744102,14877.87017683857
2014-05-23,20218.48240628072,14937.514572109898
2014-05-27,20429.898204750065,15029.32079565984
2014-05-28,20364.74221042719,15018.337774830285
2014-05-29,20481.565442470343,15096.020869505352
2014-05-30,20488.365481768855,15120.347142328796
2014-06-02,20470.703386877416,15137.613322180616
2014-06-03,20521.838219417135,15129.768937930568
2014-06-04,20594.582511117038,15160.369540981403
2014-06-05,20779.35709958165,15259.247629229472
2014-06-06,20904.607177207647,15332.229390631437
2014-06-09,20917.58742796765,15347.92110206316
2014-06-10,20984.132299506076,15349.49262755163
2014-06-11,20982.67744470705,15296.131391302572
2014-06-12,20838.94530325742,15187.835921850166
2014-06-13,21008.294636333278,15234.13559366179
2014-06-16,21032.704140218357,15246.688668514002
2014-06-17,21074.522645784724,15289.06394100188
2014-06-18,21211.060894424663,15401.28822417547
2014-06-19,21271.31944588951,15418.549989629855
2014-06-20,21282.262953171783,15449.852481873577
2014-06-23,21289.014815784518,15445.123190750026
2014-06-24,21242.706255833218,15352.0794644512
2014-06-25,21383.33012616556,15421.467906337384
2014-06-26,21358.50982394587,15410.428969806931
2014-06-27,21449.446509006957,15440.392428160658
2014-06-30,21549.381999038516,15432.50684286784
2014-07-01,21814.505392548195,15535.796385623818
2014-07-02,21848.28314982682,15551.56608474364
2014-07-03,21986.66691911852,15628.051406246781
2014-07-07,21904.54491215598,15573.649843667805
2014-07-08,21664.562811577798,15473.512180683652
2014-07-09,21821.716458687973,15542.8962081724
2014-07-10,21784.372254686878,15481.393351579032
2014-07-11,21901.019274799408,15502.683990429892
2014-07-14,21991.5185266079,15580.743780353132
2014-07-15,21903.640018257447,15551.56608474364
2014-07-16,22114.319714258163,15609.131298820948
2014-07-17,21781.804119750475,15431.718137191981
2014-07-18,22103.071130834145,15589.413656924376
2014-07-21,22107.74816004632,15560.243318643948
2014-07-22,22274.982152118915,15628.051406246786
2014-07-23,22262.556691563983,15662.744155724067
2014-07-24,22209.335402052126,15663.537275797367
2014-07-25,22067.873033019132,15590.205305531868
2014-07-28,22075.055124787516,15596.513479472958
2014-07-29,22037.646192222357,15529.49115461436
2014-07-30,22146.571944552314,15531.855800176136
2014-07-31,21491.00751090369,15225.131694350961
2014-08-01,21441.64538686391,15178.608359735737
2014-08-04,21570.229156383997,15288.209019364434
2014-08-05,21394.640395623162,15139.973553344957
2014-08-06,21467.652073029687,15144.708730331762
2014-08-07,21425.088929215894,15062.699526165954
2014-08-08,21582.33086550009,15236.965222420538
2014-08-11,21659.11904675723,15281.113611213295
2014-08-12,21649.46263363104,15259.82150089662
2014-08-13,21828.986652234467,15363.115458050039
2014-08-14,21915.417301795795,15435.655779708051
2014-08-15,21947.256841502392,15432.506842867853
2014-08-18,22044.96542989494,15561.820729995683
2014-08-19,22117.765173577234,15643.038285554001
2014-08-20,22097.583491066212,15684.827914648236
2014-08-21,22056.14949492147,15730.559600655974
2014-08-22,22094.868028317924,15706.11413910166
2014-08-25,22128.280778567394,15785.755754774069
2014-08-26,22178.380538912916,15796.003042697035
2014-08-27,22177.80462294536,15789.694868755943
2014-08-28,22191.36742766634,15781.023520718889
2014-08-29,22248.02716933925,15825.966501050762
2014-09-02,22177.189838629125,15818.080915757944
2014-09-03,22126.338509434565,15809.40515332345
2014-09-04,22083.083514978625,15786.54446044993
2014-09-05,22203.240348966014,15857.505899290403
2014-09-08,22163.436829596736,15816.507918803658
2014-09-09,22035.007090631174,15716.37172728532
2014-09-10,22159.307129970155,15775.506995385287
2014-09-11,22101.233759347713,15793.638397135257
2014-09-12,21947.947032167314,15701.387790909735
2014-09-15,21808.042104684508,15689.557205771789
2014-09-16,22032.589649816815,15807.83068490335
2014-09-17,21994.315231354092,15829.121323754212
2014-09-18,22177.497009283314,15913.49223055017
2014-09-19,22102.723405965404,15899.14838180332
2014-09-22,21937.79112986782,15776.361917022743
2014-09-23,21936.200185865215,15686.055117136428
2014-09-24,22072.40565765784,15808.84011045119
2014-09-25,21769.03622234747,15553.761511736911
2014-09-26,21984.770059701244,15677.339625124978
2014-09-29,21982.004505097393,15648.821146199789
2014-09-30,21928.81886672537,15607.628932225705
2014-10-01,21703.88822497907,15396.117493307982
2014-10-02,21692.146738556607,15398.488024733011
2014-10-03,21726.21368372623,15568.020015466602
2014-10-06,21751.34113736731,15549.798854302027
2014-10-07,21451.122384553153,15309.767464993303
2014-10-08,21948.43992882942,15577.524213153914
2014-10-09,21690.26382681883,15268.57230808759
2014-10-10,21296.605153037697,15094.28895424325
2014-10-13,21158.008930129912,14846.338135928001
2014-10-14,21151.60043203438,14869.313603134953
2014-10-15,21144.666127564655,14768.700656693145
2014-10-16,21131.731870003354,14756.032807507501
2014-10-17,21168.433483865458,14930.308804022776
2014-10-20,21257.48591719681,15075.27908740281
2014-10-21,21386.321376117063,15373.93367470852
2014-10-22,21258.617924915172,15264.611122118515
2014-10-23,21449.353379752854,15442.059598927
2014-10-24,21559.088556889248,15560.892235067568
2014-10-27,21562.693785919426,15539.50153654141
2014-10-28,21794.56849396125,15717.741661957383
2014-10-29,21642.42349248067,15693.978960540384
2014-10-30,21612.270924473734,15794.5816067215
2014-10-31,21684.25288794803,15975.202563823197
2014-11-03,21699.988019325778,15983.916584368833
2014-11-04,21655.68867327435,15928.462923733436
2014-11-05,21514.136029930545,16029.072927243615
2014-11-06,21570.040546332522,16093.237665493023
2014-11-07,21731.231061244816,16108.287817830202
2014-11-10,21649.041686483473,16158.993058286476
2014-11-11,21785.081691686457,16174.833387765328
2014-11-12,21783.228128784747,16157.405346674059
2014-11-13,21858.529824389138,16175.626507838633
2014-11-14,22066.767711234446,16179.586222341894
2014-11-17,21994.297090039057,16189.88354010251
2014-11-18,22173.353036709006,16283.365763213662
2014-11-19,22022.41961685291,16257.225173042567
2014-11-20,22160.86285250467,16285.742180501944
2014-11-21,22220.61073227435,16372.873557163422
2014-11-24,22330.451993132505,16418.817134248256
2014-11-25,22369.943549575386,16406.942405135916
2014-11-26,22463.156536786286,16448.929210649116
2014-11-28,22360.191426381527,16414.079014329825
2014-12-01,22439.54575456104,16299.996269834193
2014-12-02,22431.844494106637,16405.362050852564
2014-12-03,22565.7327112723,16468.730726097045
2014-12-04,22536.400095254812,16450.512507864096
2014-12-05,22479.466118160577,16477.446218108493
2014-12-08,22358.777698432412,16367.332016911001
2014-12-09,22531.267791530754,16356.247464940338
2014-12-10,22138.64489471728,16094.03225703215
2014-12-11,22251.27793022878,16175.62650783864
2014-12-12,21967.022495927817,15914.204420003754
2014-12-15,21573.305253036484,15804.875981550496
2014-12-16,21265.499036976566,15678.131273732473
2014-12-17,21615.45216508185,15985.498410118003
2014-12-18,22202.24335752334,16380.797400567382
2014-12-19,22203.955896290536,16450.5022076034
2014-12-22,22167.992526115147,16526.169394114415
2014-12-23,22163.206355860908,16548.473872910556
2014-12-24,22176.839611686075,16550.07041331785
2014-12-26,22309.527249487008,16603.439006895976
2014-12-29,22232.394765384353,16625.744957157927
2014-12-30,22280.088958622924,16536.5314563708
2014-12-31,22141.91025888801,16372.433588885277
2015-01-02,22143.53550420142,16363.673952899431
2015-01-05,22062.040772665474,16068.155059241602
2015-01-06,21955.169737464177,15916.807443027254
2015-01-07,22059.2024560296,16115.152205848668
2015-01-08,22287.28436164537,16401.110986118285
2015-01-09,22343.3892178458,16269.684074082734
2015-01-12,22360.191068819633,16142.23159120857
2015-01-13,22318.842011820405,16096.82657061136
2015-01-14,22275.546430824077,15999.648025377508
2015-01-15,22388.337490676386,15853.078258658548
2015-01-16,22619.695957393094,16060.98460633399
2015-01-20,22785.867448886656,16095.234444601505
2015-01-21,22829.62808750957,16176.482900941903
2015-01-22,22949.38035754169,16417.046960875
2015-01-23,22891.773544166255,16327.03003975388
2015-01-26,22788.938976766105,16365.267550375105
2015-01-27,22442.65593403484,16149.403515582002
2015-01-28,22343.66290165272,15942.296173843115
2015-01-29,22318.511523656136,16089.656117703753
2015-01-30,22328.30115062089,15887.331039857692
2015-02-02,22448.46115718319,16084.085148135066
2015-02-03,22435.694399628286,16316.673863360744
2015-02-04,22461.015249780532,16254.5485767284
2015-02-05,22495.241300823775,16418.63908688486
2015-02-06,22277.091303082296,16373.237009219278
2015-02-09,22304.349394302095,16299.953597325612
2015-02-10,22294.278026889428,16473.599806472845
2015-02-11,22241.748997741972,16483.15550546362
2015-02-12,22413.424460428403,16641.675046051394
2015-02-13,22572.89987321933,16710.18060844967
2015-02-17,22455.033155199544,16736.463930804643
2015-02-18,22497.834335847707,16738.057528280315
2015-02-19,22537.411386666623,16726.110697343127
2015-02-20,22582.84855745685,16826.477908994137
2015-02-23,22608.132387087815,16824.08089118447
2015-02-24,22605.387631012727,16871.87998665972
2015-02-25,22600.354892873707,16857.53760937868
2015-02-26,22695.15261473831,16837.62426252895
2015-02-27,22641.810789110623,16780.278296857803
2015-03-02,22732.05533201487,16886.217949543316
2015-03-03,22637.14958408998,16816.923681469172
2015-03-04,22558.3907877356,16746.021101261227
2015-03-05,22576.219663085896,16764.340850635283
2015-03-06,22208.85103862325,16528.563468992455
2015-03-09,22277.596282918603,16597.066088459105
2015-03-10,21825.996759868434,16327.831988622063
2015-03-11,21651.906144583205,16289.59447800084
2015-03-12,21799.23266926505,16496.697405342285
2015-03-13,21707.2356392647,16395.537073617976
2015-03-16,21996.517634466305,16614.58830336242
2015-03-17,21976.69113201248,16565.204439206376
2015-03-18,22260.07625561584,16764.340850635283
2015-03-19,22277.881233994056,16687.876129653527
2015-03-20,22461.71825221079,16835.17574341582
2015-03-23,22465.357180077615,16802.372356042662
2015-03-24,22423.32374800972,16707.96310946921
2015-03-25,22062.862918869658,16463.12296988302
2015-03-26,22028.1854409472,16423.9142918251
2015-03-27,22091.493325480922,16461.52495800991
2015-03-30,22293.77546474136,16662.35355512397
2015-03-31,22033.80529229882,16516.731412388697
2015-04-01,22032.708683741323,16458.321576934624
2015-04-02,21999.838133946025,16517.52600392781
2015-04-06,22099.09058810173,16628.74086155356
2015-04-07,22063.108291797424,16584.73814787631
2015-04-08,22097.96358613211,16640.7494940549
2015-04-09,22125.614588713728,16714.35957135909
2015-04-10,22253.299548259656,16805.5698512547
2015-04-13,22171.214796859495,16729.5583417434
2015-04-14,22094.88522792419,16761.56419464582
2015-04-15,22154.38958091958,16836.772283823124
2015-04-16,22128.836485480868,16831.969419408913
2015-04-17,22124.09481209566,16638.346590381985
2015-04-20,22209.38939633778,16790.372552336205
2015-04-21,22252.56467277296,16770.370917537686
2015-04-22,22226.36590904095,16852.78036040468
2015-04-23,22328.10994666137,16895.17917634557
2015-04-24,22415.39728965842,16934.387854403492
2015-04-27,22516.910446299487,16863.976743777148
2015-04-28,22543.601461807422,16917.58518628282
2015-04-29,22413.785591722277,16847.976024524654
2015-04-30,22080.31079536911,16679.153280313014
2015-05-01,22360.398483693763,16859.98171409437
2015-05-04,22450.892440347285,16907.98387185184
2015-05-05,22099.475927024425,16714.359571359095
2015-05-06,22001.211968915883,16645.543529674236
2015-05-07,22016.572612812237,16711.96108208362
2015-05-08,22102.89582006543,16931.989365128014
2015-05-11,22057.58819609905,16851.17204827088
2015-05-12,22093.036721910394,16800.765515374682
2015-05-13,22217.721292565246,16803.968896449973
2015-05-14,22323.701823361484,16979.19545988056
2015-05-15,22335.257940404175,16997.596139874342
2015-05-18,22403.679312005508,17050.398219114395
2015-05-19,22291.569143884008,17044.80664902432
2015-05-20,22311.355619120095,17032.802430920423
2015-05-21,22375.261797109255,17082.409957880063
2015-05-22,22358.980611480285,17041.604739414845
2015-05-26,22071.819381953766,16858.377816358014
2015-05-27,22434.017755059314,17018.399723541042
2015-05-28,22402.172720211798,16999.200037610706
2015-05-29,22314.581793733898,16893.58557886991
2015-06-01,22354.922967056053,16927.991392513617
2015-06-02,22239.806169378942,16911.18578146132
2015-06-03,22282.49512017682,16955.99191547257
2015-06-04,21985.442434067805,16812.769733478584
2015-06-05,21901.363823603908,16783.970204583078
2015-06-08,21556.934293245205,16680.74982072032
2015-06-09,21526.52786384424,16678.34985997903
2015-06-10,21941.71973102111,16878.380922622346
2015-06-11,21986.715333180044,16932.78542813295
2015-06-12,21790.451639846448,16803.169890513418
2015-06-15,21701.435723635223,16731.1651824114
2015-06-16,21822.15753734182,16822.37399084119
2015-06-17,21888.612586902585,16849.578450795216
2015-06-18,22237.096167150656,17024.805014225803
2015-06-19,22142.8420573144,16949.22170126614
2015-06-22,22276.174894720385,17036.05731329917
2015-06-23,22253.707866952387,17048.114504172343
2015-06-24,22103.944463408166,16924.302427719984
2015-06-25,22075.708883780884,16872.84232530155
2015-06-26,21844.668198799336,16869.631586897194
2015-06-29,21102.033957928226,16515.869133422184
2015-06-30,21156.534850684107,16550.444165634413
2015-07-01,21349.721921214856,16683.101223089783
2015-07-02,21353.674779729427,16667.822993551563
2015-07-06,21290.816201207785,16620.391764529606
2015-07-07,21345.674896404314,16724.907038307963
2015-07-08,21154.649646569178,16444.31175092738
2015-07-09,21156.83270311567,16474.05448940913
2015-07-10,21417.267876181246,16681.491439490168
2015-07-13,21568.422150232644,16865.610070829785
2015-07-14,21667.808582531496,16938.77282252677
2015-07-15,21669.740097143953,16933.14593725718
2015-07-16,21925.13443361126,17069.024033377595
2015-07-17,22149.980344400305,17083.492956718568
2015-07-20,22154.918484638576,17092.340880653206
2015-07-21,22111.666297727003,17024.805014225807
2015-07-22,21918.51031863402,16994.247083683556
2015-07-23,21815.76091310512,16898.57237651077
2015-07-24,21678.506846015716,16723.29725470835
2015-07-27,21426.490222402874,16626.012763935945
2015-07-28,21668.462692261975,16830.23750414682
2015-07-29,21812.24921844583,16946.003605532725
2015-07-30,21914.99435568481,16950.028064531765
2015-07-31,21914.308370491548,16924.302427719987
2015-08-03,21800.72915917674,16867.2198544294
2015-08-04,21777.52899150158,16834.256077282604
2015-08-05,21874.15731107991,16889.7318099052
2015-08-06,21656.140440494477,16751.440509851174
2015-08-07,21633.07987203818,16719.281624504187
2015-08-10,21951.18848908132,16929.9322559212
2015-08-11,21781.76943234533,16777.167618128766
2015-08-12,21934.697361438266,16797.267841136767
2015-08-13,21842.933651625106,16776.36419779477
2015-08-14,21862.91254055579,16837.469758618583
2015-08-17,22010.529236574363,16931.536153657566
2015-08-18,21932.341083495543,16882.49219810437
2015-08-19,21913.229321256287,16749.025834451753
2015-08-20,21594.102326762164,16399.287839975783
2015-08-21,21455.765559795385,15905.628717244572
2015-08-24,21295.860470713593,15235.888109445315
2015-08-25,21212.894905032892,15056.598828904545
2015-08-26,21319.34913753701,15634.68183120099
2015-08-27,21411.030365311603,16021.402175959545
2015-08-28,21457.275001481667,16022.208539225165
2015-08-31,21419.083599728463,15892.7681060374
2015-09-01,21403.57114566295,15418.39842865113
2015-09-02,21401.787096928165,15711.059735699768
2015-09-03,21351.891750781342,15722.314977704764
2015-09-04,21317.892691582754,15484.333340273792
2015-09-08,21350.205789506326,15873.461003102706
2015-09-09,21255.632562405568,15661.209416880953
2015-09-10,21280.216781570132,15746.435245314366
2015-09-11,21273.382077163,15817.992627809177
2015-09-14,21274.788203195087,15759.298799453163
2015-09-15,21265.281484591298,15956.285399329015
2015-09-16,21358.119739078928,16094.567870588162
2015-09-17,21422.23249138192,16058.3918835712
2015-09-18,21459.325802587315,15795.969198983354
2015-09-21,21421.971830179442,15877.595822037732
2015-09-22,21362.963148941693,15671.508206107379
2015-09-23,21389.113629062416,15646.45502917222
2015-09-24,21518.084443909105,15589.880111587183
2015-09-25,21471.677252283036,15585.842409395822
2015-09-28,21357.436741948404,15194.681180813099
2015-09-29,21325.846937440652,15203.567362858876
2015-09-30,21286.203948148774,15487.24242818644
2015-10-01,21284.065846139292,15527.651822347914
2015-10-02,21413.392720557516,15759.603392876485
2015-10-05,21417.706622903024,16040.041233415059
2015-10-06,21465.198357072957,15985.081985292889
2015-10-07,21464.497026096535,16116.011541883587
2015-10-08,21441.405180649213,16261.4821236401
2015-10-09,21529.513708354345,16271.18349774638
2015-10-12,21551.56591081904,16286.536772041072
2015-10-13,21569.79947241621,16183.900560106144
2015-10-14,21659.641378119137,16106.308696311493
2015-10-15,21653.397782411088,16353.617955532196
2015-10-16,21621.425537022395,16427.97553746948
2015-10-19,21604.997675847942,16436.050941852198
2015-10-20,21633.034736841386,16415.038410040026
2015-10-21,21578.912048091872,16313.214447233973
2015-10-22,21601.578271318245,16588.8008649865
2015-10-23,21940.15289700638,16770.64166724732
2015-10-26,21944.9537605181,16729.428852751855
2015-10-27,21983.29576169318,16697.09633443891
2015-10-28,22042.656013608925,16887.024312808953
2015-10-29,21959.51075682183,16877.3258816343
2015-10-30,21876.391719982752,16804.57808329663
2015-11-02,21984.507179283053,17003.396658109887
2015-11-03,21939.973076224658,17052.701063112014
2015-11-04,21880.366496427192,17000.974625381394
2015-11-05,21809.429868654155,16983.99979576058
2015-11-06,21732.120665145852,16975.11214224899
2015-11-09,21586.11600437442,16816.70590452883
2015-11-10,21505.296227724237,16855.499629227434
2015-11-11,21457.99102617583,16789.229223399372
2015-11-12,21241.76620165837,16554.85562014231
2015-11-13,21138.020757073824,16368.971229826879
2015-11-16,21197.80502748812,16617.893215578824
2015-11-17,21113.10460986645,16605.774223141492
2015-11-18,21534.545219381715,16869.238705525066
2015-11-19,21613.379077124715,16854.687380098556
2015-11-20,21687.101442551862,16916.11224900383
2015-11-23,21593.50934400169,16896.72127251778
2015-11-24,21626.14402950696,16919.349473792823
2015-11-25,21605.621325231063,16916.923026666893
2015-11-27,21554.99745489323,16936.315474618754
2015-11-30,21555.55755087145,16866.007366599333
2015-12-01,21799.088569130145,17026.831222650544
2015-12-02,21588.35031053421,16853.07465356732
2015-12-03,21420.210364161318,16617.089795244832
2015-12-04,22053.095996120097,16941.163954473177
2015-12-07,21892.714041258463,16838.52627107244
2015-12-08,21892.329514459485,16725.385264697237
2015-12-09,21648.84370740986,16595.26059990635
2015-12-10,21743.454963422813,16638.094969727936
2015-12-11,21431.268285853468,16315.635008496647
2015-12-14,21346.73468955985,16398.06799481665
2015-12-15,21392.427922449628,16570.208894437004
2015-12-16,21484.378595123988,16812.663787940033
2015-12-17,21129.879012627378,16556.468346673555
2015-12-18,21112.15779225022,16261.517438819612
2015-12-21,21208.693782011964,16395.660676746294
2015-12-22,21205.58314804743,16544.440585116645
2015-12-23,21218.040853705188,16749.314241751126
2015-12-24,21259.752060641724,16721.67569938222
2015-12-28,21178.38890527511,16683.46467514563
2015-12-29,21418.43655076117,16861.514981471704
2015-12-30,21227.373269507094,16741.996642262195
2015-12-31,21042.005551903625,16574.5188178038
2016-01-04,21025.42504940826,16342.811510600217
2016-01-05,21032.690707005233,16370.45299590075
2016-01-06,21071.149717770335,16163.962198337587
2016-01-07,21035.250084801955,15776.15738327472
2016-01-08,20984.33366594612,15602.986457585142
2016-01-11,20950.015770544138,15618.439791555127
2016-01-12,20965.990880715086,15744.454652329814
2016-01-13,20870.252284528513,15351.776342493704
2016-01-14,20864.06580075155,15603.801649645637
2016-01-15,20809.958947716266,15268.851886592096
2016-01-18,20809.958947716266,15268.851886592096
2016-01-19,20817.465207779594,15289.180186801139
2016-01-20,20875.58559589396,15093.244213515894
2016-01-21,20885.183159670345,15177.79463914106
2016-01-22,20958.299055573556,15489.175934264938
2016-01-25,20959.351402160875,15255.027465277293
2016-01-26,21047.65369155134,15463.156004290524
2016-01-27,20979.386514019257,15294.86445923744
2016-01-28,20973.85836127884,15374.541390089362
2016-01-29,21067.170738461547,15749.329618568861
2016-02-01,21124.396421639853,15743.637988803492
2016-02-02,21103.887928345914,15459.9040648434
2016-02-03,21166.959981387005,15552.585810552182
2016-02-04,21242.72034157877,15576.978299337221
2016-02-05,21300.920733025625,15280.23514612283
2016-02-08,21368.643760092622,15074.546297427847
2016-02-09,21353.732912742376,15075.357075090906
2016-02-10,21405.901054330534,15062.353731699857
2016-02-11,21660.729468184847,14866.419229880425
2016-02-12,21641.675942973896,15172.916729970368
2016-02-16,21472.759556076864,15429.010640095737
2016-02-17,21537.89953271343,15681.040361645111
2016-02-18,21681.63434040144,15616.812350365737
2016-02-19,21645.14850647808,15609.496222342621
2016-02-22,21547.05716593688,15835.50454245177
2016-02-23,21626.579287410663,15635.511737919596
2016-02-24,21657.577511091968,15707.051462824647
2016-02-25,21685.79932781887,15897.297277810336
2016-02-26,21640.16777124578,15860.70780889987
2016-02-29,21716.29340825262,15736.323332246182
2016-03-01,21699.53370379108,16106.241008884068
2016-03-02,21752.27091412711,16178.595925849619
2016-03-03,21862.845629004998,16242.005802136866
2016-03-04,21851.786246946504,16294.847610953873
2016-03-07,21876.941969169002,16307.858311673988
2016-03-08,21838.641177584715,16129.813891211166
2016-03-09,21793.631381364434,16209.48199326821
2016-03-10,21895.67992798609,16222.49563691995
2016-03-11,21802.913114788975,16484.279705344874
2016-03-14,21703.775866662632,16463.139156006957
2016-03-15,21709.780517799627,16436.31433423274
2016-03-16,21900.81097135243,16531.42694146489
2016-03-17,21871.35758100171,16636.307138764914
2016-03-18,21852.88924556096,16701.679950446938
2016-03-21,21809.423731394752,16725.380850299785
2016-03-22,21837.896590755416,16716.391665647086
2016-03-23,21645.82973810361,16606.072930701564
2016-03-24,21631.473353449946,16598.715601635675
2016-03-28,21643.711985474096,16608.524392746316
2016-03-29,21825.231486216435,16762.15866683434
2016-03-30,21730.832506753923,16835.70547110857
2016-03-31,21760.381070179392,16794.839922545012
2016-04-01,21844.499419074484,16909.24638951954
2016-04-04,21737.475789882174,16854.497561008655
2016-04-05,21685.24063647153,16686.153043186296
2016-04-06,21874.64543107772,16868.382312421796
2016-04-07,21734.160804563453,16666.539875362458
2016-04-08,21742.985630387204,16711.488741557587
2016-04-11,21750.008825728542,16672.260934444093
2016-04-12,21915.991584401658,16827.528535584745
2016-04-13,22059.23758838792,16997.506380459727
2016-04-14,21961.37182123031,16998.320101054414
2016-04-15,21950.679315056725,16979.52948262014
2016-04-18,22011.164252020033,17098.835930752553
2016-04-19,22015.141005742727,17152.77103866875
2016-04-20,21999.59159786169,17169.113137989898
2016-04-21,22008.875853070218,17076.77277234977
2016-04-22,21894.70490081588,17076.77277234977
2016-04-25,21879.0740802952,17047.35522781273
2016-04-26,21880.736219944134,17072.685040320765
2016-04-27,21856.809722128506,17107.826586871066
2016-04-28,21814.477041602426,16952.56045719623
2016-04-29,21813.010231926422,16861.03381215079
2016-05-02,21901.798285022247,16995.05344694916
2016-05-03,21803.2151628892,16847.143174874396
2016-05-04,21720.88905641896,16753.166539250014
2016-05-05,21717.373855966947,16749.896942213134
2016-05-06,21796.3410666258,16811.183493331966
2016-05-09,21725.540797472404,16825.08001647161
2016-05-10,21857.759355637856,17034.276839665206
2016-05-11,21865.595231573745,16874.922977961363
2016-05-12,21824.50257029401,16879.83325937994
2016-05-13,21832.06146257919,16732.73229350242
2016-05-16,21865.148994735388,16897.80427135627
2016-05-17,21848.25791118708,16740.09109403412
2016-05-18,21815.558401417955,16744.992546657813
2016-05-19,21793.530639473833,16686.969706712607
2016-05-20,21811.42844112711,16792.38698903444
2016-05-23,21799.758229213283,16769.50863857116
2016-05-24,21783.284548671545,16986.87651142533
2016-05-25,21791.71482788739,17102.102584857803
2016-05-26,21786.38805639468,17107.006980413124
2016-05-27,21766.392855148668,17180.55084175572
2016-05-31,21796.20058532046,17147.869586045053
2016-06-01,21784.291228541017,17183.01260406117
2016-06-02,21803.15065217332,17235.307027595674
2016-06-03,21803.656208841672,17183.82338172423
2016-06-06,21862.23827863256,17271.26229474066
2016-06-07,21899.745538380474,17298.22984869876
2016-06-08,21941.78683059135,17354.61200426227
2016-06-09,21935.420116797362,17330.911104409428
2016-06-10,21738.936990130427,17166.66020447933
2016-06-13,21598.98963690796,17034.276839665214
2016-06-14,21609.3368827887,17000.770091633352
2016-06-15,21585.162701883175,16977.07654910957
2016-06-16,21593.060941469204,17027.739117057263
2016-06-17,21464.14861683147,16964.32188344095
2016-06-20,21613.161075668693,17073.576748603547
2016-06-21,21622.15940455097,17122.038003694724
2016-06-22,21603.278244786445,17094.111054026434
2016-06-23,21808.094861882535,17316.721759572956
2016-06-24,21331.85717250289,16694.895021582375
2016-06-27,20900.160172510245,16395.89316834476
2016-06-28,21138.68408819252,16691.60776695574
2016-06-29,21491.222058085918,16975.828746099993
2016-06-30,21669.23164451723,17207.466894410354
2016-07-01,21737.380045907546,17243.613452111054
2016-07-05,21666.785288683375,17119.57182699184
2016-07-06,21747.949170030988,17222.2565972986
2016-07-07,21780.15112826773,17211.575226960747
2016-07-08,22156.12878585841,17467.867784970902
2016-07-11,22270.19753946486,17529.47217270538
2016-07-12,22345.111097752324,17656.79810951961
2016-07-13,22342.97912004635,17654.331932816724
2016-07-14,22376.370508923254,17752.903956175658
2016-07-15,22341.423176073284,17729.08386759194
2016-07-18,22477.52006401256,17776.728459156806
2016-07-19,22397.514018423335,17758.65444457355
2016-07-20,22465.71928938566,17832.57941556176
2016-07-21,22430.17212608052,17765.224539429386
2016-07-22,22504.43322272333,17844.907356144562
2016-07-25,22492.103676207116,17796.438743724317
2016-07-26,22612.988630438165,17804.65688029091
2016-07-27,22782.3966279312,17785.766202181338
2016-07-28,22825.55791118765,17806.29609320679
2016-07-29,22897.058508152913,17835.051478127898
2016-08-01,22995.237312968522,17820.26324670547
2016-08-02,22794.02017919117,17706.083385466165
2016-08-03,22847.04044110587,17757.836309581424
2016-08-04,22933.01507299618,17776.728459156806
2016-08-05,23185.960523388796,17922.1181102936
2016-08-08,23152.680516321998,17911.445568750627
2016-08-09,23235.12570447533,17922.1181102936
2016-08-10,23152.628120890367,17877.76518775281
2016-08-11,23250.661016640202,17960.726430299746
2016-08-12,23266.673951981546,17945.124478282625
2016-08-15,23431.17095089314,17996.874459466257
2016-08-16,23288.017700192293,17904.04703864197
2016-08-17,23299.694422470046,17937.731834037226
2016-08-18,23351.452487662755,17977.98378135669
2016-08-19,23379.6124467115,17951.68868727521
2016-08-22,23370.799360469784,17950.869080817272
2016-08-23,23473.080996817407,17987.021524381227
2016-08-24,23255.275353596342,17895.016652946506
2016-08-25,23238.69318292571,17882.69165529533
2016-08-26,23283.668781128425,17849.01568869496
2016-08-29,23373.5105523318,17936.910756113477
2016-08-30,23240.914975608015,17907.340179131865
2016-08-31,23209.898557296827,17856.408332940362
2016-09-01,23311.30659986923,17857.226467932487
2016-09-02,23390.327267901575,17937.731834037226
2016-09-06,23566.575880004864,17991.94210606049
2016-09-07,23532.54804578181,17990.299950212986
2016-09-08,23391.91094329687,17949.231339367212
2016-09-09,22673.131019557586,17519.620709086164
2016-09-12,23244.431914253357,17770.975027827288
2016-09-13,22990.67158425451,17515.51237653577
2016-09-14,23169.602058853805,17508.936395816683
2016-09-15,23715.169565377648,17683.906924195777
2016-09-16,23706.80508232817,17615.548508378815
2016-09-19,23632.330883350067,17618.85342059521
2016-09-20,23630.134367307266,17619.66861265571
2016-09-21,23928.806423779348,17817.810313194906
2016-09-22,24127.835007211757,17930.09345500102
2016-09-23,23937.13929966782,17831.8466255868
2016-09-26,23707.25909997784,17687.372226185806
2016-09-27,23978.426878443515,17797.178891028343
2016-09-28,24023.71130828883,17885.508040861747
2016-09-29,23933.34914010988,17723.695359784084
2016-09-30,24207.096043763333,17857.44865927027
2016-10-03,24111.266432587003,17814.508343910133
2016-10-04,23965.357729376854,17723.695359784084
2016-10-05,24084.904766448202,17802.12743055806
2016-10-06,24084.110044350073,17814.508343910133
2016-10-07,24046.101042850747,17753.417497744453
2016-10-10,24197.550121168715,17845.885880910326
2016-10-11,23771.08535342459,17620.495576442714
2016-10-12,23751.709601256418,17643.613775833543
2016-10-13,23581.093816999342,17585.82342748682
2016-10-14,23657.97120486803,17594.903843019936
2016-10-17,23567.43348495369,17533.817411251694
2016-10-18,23884.021170324082,17643.613775833543
2016-10-19,23814.967317292565,17690.672724004766
2016-10-20,23816.78699909521,17657.647145293817
2016-10-21,23892.219081399035,17665.909425834805
2016-10-24,24197.928930576272,17741.036584392383
2016-10-25,24129.747631268383,17681.596722869086
2016-10-26,23968.36281689694,17646.09172426293
2016-10-27,23896.70916815766,17599.034247557523
2016-10-28,23744.35432309315,17547.020873993337
2016-10-31,23748.214705333063,17547.850780711968
2016-11-01,23495.982173701694,17420.707305658572
2016-11-02,23257.008754779392,17315.85800914063
2016-11-03,22994.615300728965,17236.60044604546
2016-11-04,22895.093778289145,17217.61265119222
2016-11-07,23380.337797724907,17597.381791449323
2016-11-08,23417.187296541644,17676.636411612864
2016-11-09,23404.250083891093,17864.049654908184
2016-11-10,23124.855145063608,17908.62771171839
2016-11-11,23238.111229518297,17867.351624192954
2016-11-14,23065.632647802555,17881.379107789977
2016-11-15,23405.292682663556,18020.91085352451
2016-11-16,23474.8925430412,17987.059782492368
2016-11-17,23569.300520580447,18079.523751260804
2016-11-18,23558.41682999665,18039.07315605656
2016-11-21,23680.848314443767,18175.292632245633
2016-11-22,23789.03926525922,18210.791744988535
2016-11-23,23697.97266327967,18220.69765284285
2016-11-25,23738.07797640602,18288.399794907134
2016-11-28,23736.879826702472,18202.541236174053
2016-11-29,23722.617908469983,18238.04329184858
2016-11-30,23565.425138120514,18194.284841496312
2016-12-01,23001.66427950431,18127.411134684844
2016-12-02,23124.087290381245,18136.493021683775
2016-12-05,23295.172693060817,18245.46977980768
2016-12-06,23383.311157121683,18303.25865668859
2016-12-07,23724.02703459373,18542.682330616477
2016-12-08,23771.44587012436,18588.085879747876
2016-12-09,23786.497529513843,18700.36755008818
2016-12-12,23736.9304991958,18678.90033533974
2016-12-13,23934.28266310998,18803.571747826994
2016-12-14,23827.991689859133,18648.35859092143
2016-12-15,23911.93123273385,18725.13673412139
2016-12-16,23814.985109452417,18688.513421497224
2016-12-19,23945.559147936518,18729.20092269739
2016-12-20,23980.335922502647,18801.45283705602
2016-12-21,23961.51161776902,18749.136341534315
2016-12-22,23955.87708640565,18716.74790752047
2016-12-23,23993.76654934147,18744.14807242764
2016-12-27,24108.33610432527,18790.65374945311
2016-12-28,23957.39965634063,18635.36260485945
2016-12-29,23950.360610933658,18631.211599800477
2016-12-30,23704.67072432575,18563.112161966634
2017-01-03,23862.34040363587,18705.120384664744
2017-01-04,23928.532338756282,18816.4029297179
2017-01-05,23983.535847957024,18801.452837056022
2017-01-06,24063.07495042709,18868.72089670542
2017-01-09,24129.07578500017,18806.436691765255
2017-01-10,24178.370119917883,18806.436691765255
2017-01-11,24263.974832985623,18859.587508403027
2017-01-12,24182.460286296573,18812.247510261488
2017-01-13,24311.357102313064,18855.43503187824
2017-01-17,24236.29631177114,18788.9998218791
2017-01-18,24321.053707169343,18830.52017272952
2017-01-19,24269.60648933651,18760.76239292423
2017-01-20,24368.76592161931,18829.688794545076
2017-01-23,24372.100859883878,18780.694868829527
2017-01-24,24575.71456413772,18901.106387787633
2017-01-25,24824.305724942576,19064.70837129412
2017-01-26,24782.194023473676,19044.775895388822
2017-01-27,24870.094348978502,19014.877181530872
2017-01-30,24686.88498216957,18896.9597971261
2017-01-31,24626.736050684474,18895.298512223024
2017-02-01,24812.82377767466,18902.770615622336
2017-02-02,24805.92944423575,18915.22951666251
2017-02-03,24902.92559874035,19045.605802107453
2017-02-06,24964.7176118416,19011.560497587972
2017-02-07,25060.95850071115,19012.388932840793
2017-02-08,25125.578137255845,19037.30379198951
2017-02-09,25161.6362065894,19150.24173608249
2017-02-10,25250.23596055861,19225.814748781464
2017-02-13,25408.669081684853,19330.455097153936
2017-02-14,25466.207368628977,19407.68203742692
2017-02-15,25646.373459884675,19509.002758924864
2017-02-16,25676.164183027944,19492.39285282572
2017-02-17,25784.476348763266,19523.115587539047
2017-02-21,25938.06213933326,19639.377572904
2017-02-22,25940.274855163138,19621.940703017844
2017-02-23,25847.97803611419,19635.22951077665
2017-02-24,25914.300010578736,19660.142898459555
2017-02-27,25944.04843031258,19690.86269024126
2017-02-28,25832.216253058472,19637.726588261616
2017-03-01,26195.14516819432,19912.59640216313
2017-03-02,25991.056464652243,19787.203971427418
2017-03-03,26041.30322557639,19799.661401001773
2017-03-06,25967.424615381053,19740.696822936134
2017-03-07,25905.237482856384,19681.733716336308
2017-03-08,25919.330215996502,19645.192805797677
2017-03-09,25914.60255020013,19670.107664946394
2017-03-10,26048.080749568326,19739.0296521698
2017-03-13,26096.868047665932,19749.001775985704
2017-03-14,26006.30376134901,19673.42729182092
2017-03-15,26255.916052051376,19843.674414939716
2017-03-16,26268.559261241327,19804.63936984775
2017-03-17,26279.443773874274,19769.856860955864
2017-03-20,26342.313480791592,19748.177755130324
2017-03-21,25980.815586916993,19494.62065206687
2017-03-22,26217.543779594078,19540.493598792673
2017-03-23,26124.855130688913,19519.637042356695
2017-03-24,26206.387195461044,19505.46241217836
2017-03-27,26296.173364696195,19485.438705392644
2017-03-28,26476.51821341328,19627.235037013656
2017-03-29,26564.58720716128,19645.581272772353
2017-03-30,26585.52926862792,19708.140641819584
2017-03-31,26577.53324518188,19662.27063802541
2017-04-03,26537.75293643086,19628.067886663917
2017-04-04,26547.412094449388,19640.58270340499
2017-04-05,26427.452810119863,19582.19493993812
2017-04-06,26420.03505782861,19637.246890406517
2017-04-07,26436.242865189783,19617.2231836208
2017-04-10,26394.434988605768,19628.903679245803
2017-04-11,26253.920082695742,19605.54710239324
2017-04-12,26059.781960930522,19519.6370423567
2017-04-13,25942.443337946977,19392.862905222413
2017-04-17,26208.738987716515,19564.678610898056
2017-04-18,26215.400888444958,19506.29084743118
2017-04-19,26263.526768999465,19470.43122556405
2017-04-20,26528.39360031351,19628.903679245803
2017-04-21,26507.78518730039,19566.345781664386
2017-04-24,26853.914410539175,19781.53441364924
2017-04-25,27044.303742506767,19896.63541248759
2017-04-26,26983.48679249298,19884.127953075582
2017-04-27,27181.417836629033,19900.809960999573
2017-04-28,27123.48360278668,19857.43703469036
2017-05-01,27345.693096346782,19907.48305846233
2017-05-02,27375.966316441736,19914.987534109532
2017-05-03,27273.48098995735,19890.79810760671
2017-05-04,27246.77220967588,19914.154684459278
2017-05-05,27361.120918502827,19992.555854451177
2017-05-08,27411.203957549333,19989.221512918517
2017-05-09,27513.937329971108,19970.86939129657
2017-05-10,27580.893132029512,20006.73342756114
2017-05-11,27577.684466777555,19965.86346460014
2017-05-12,27656.932542618215,19932.497977286348
2017-05-15,27794.985000811554,20042.598935291524
2017-05-16,27965.895359874383,20024.246813669575
2017-05-17,27190.458511342782,19668.936378159102
2017-05-18,27501.129452830744,19748.177755130324
2017-05-19,27672.377322034044,19876.61906303094
2017-05-22,27941.784080295365,19977.54248875933
2017-05-23,27941.842682893086,20021.745321787173
2017-05-24,28094.492573007996,20068.45553256067
2017-05-25,28337.97770016898,20164.374503058443
2017-05-26,28411.175862519303,20160.20584040971
2017-05-30,28463.395340664785,20142.689511369652
2017-05-31,28452.8985884544,20137.68358467322
2017-06-01,28555.59969429714,20297.824680587117
2017-06-02,28912.940339462548,20365.38261900171
2017-06-05,28936.10525834475,20350.367781844052
2017-06-06,28895.0499972196,20285.312806777674
2017-06-07,29016.27676223718,20322.8469567402
2017-06-08,29131.492431104045,20332.851452803996
2017-06-09,28193.91540472814,20301.999229099107
2017-06-12,27965.864350301224,20297.824680587128
2017-06-13,28151.08050600427,20397.07799261756
2017-06-14,27901.778116450878,20371.22286681422
2017-06-15,27748.986661657127,20332.020074619548
2017-06-16,27666.74550285105,20336.46242990953
2017-06-19,28071.097806559388,20505.764871976266
2017-06-20,27882.788252524442,20367.470628990617
2017-06-21,28045.072465452577,20362.44704470443
2017-06-22,28017.52400411479,20353.226839919058
2017-06-23,28144.878391085815,20377.531040755304
2017-06-26,27964.086236458264,20390.939037244978
2017-06-27,27361.67346704774,20226.66900825931
2017-06-28,27717.954237869064,20407.703447254506
2017-06-29,27370.33444000862,20228.34206488889
2017-06-30,27320.447420658424,20266.061619543878
2017-07-03,27066.2934437556,20300.42328921319
2017-07-05,27324.170450263602,20347.361577187734
2017-07-06,27190.226702085594,20161.293253645657
2017-07-07,27412.770113984043,20292.041819941336
2017-07-10,27517.64207833336,20313.832757168675
2017-07-11,27572.70854735807,20298.748761117797
2017-07-12,27777.662438427564,20451.28532170919
2017-07-13,27788.925299198763,20485.648462844318
2017-07-14,27954.21431482376,20581.20250982042
2017-07-17,27955.503788751044,20578.67894595082
2017-07-18,28145.56135740114,20589.581036160656
2017-07-19,28333.336802805712,20701.04898590627
2017-07-20,28380.21407228539,20710.270662157454
2017-07-21,28367.17119014712,20691.827309655087
2017-07-24,28457.34605004334,20686.8037253689
2017-07-25,28389.43754178238,20737.091069534235
2017-07-26,28532.792127363202,20737.92980504775
2017-07-27,28343.400352140172,20718.652131429313
2017-07-28,28317.138657930078,20694.349402058877
2017-07-31,28188.732453456814,20682.61151926716
2017-08-01,28292.685366048747,20728.70960026238
2017-08-02,28358.24248416671,20738.76265469801
2017-08-03,28226.226802779718,20698.53425083156
2017-08-04,28253.692648062213,20736.25086255492
2017-08-07,28508.7883514185,20774.80326686016
2017-08-08,28461.30720345112,20723.681601578755
2017-08-09,28453.221988473342,20722.842866065243
2017-08-10,27779.34713931055,20430.334591461175
2017-08-11,27954.5505386185,20460.505526494562
2017-08-14,28508.120606060762,20663.335317114543
2017-08-15,28512.086285194397,20660.82058203982
2017-08-16,28590.95955727429,20696.855308338723
2017-08-17,27945.12653649116,20374.17904163289
2017-08-18,27939.659939529385,20342.33063557248
2017-08-21,27891.256202500124,20358.254838602687
2017-08-22,28460.519216977467,20571.13915512411
2017-08-23,28400.099297193472,20497.38340270441
2017-08-24,28291.235257819357,20449.6107936138
2017-08-25,28209.10055063598,20497.383402704418
2017-08-28,28336.09434638274,20498.220666752113
2017-08-29,28446.20375314465,20521.69054647229
2017-08-30,28814.755442642043,20618.91176421473
2017-08-31,29136.031462951334,20742.957803731384
2017-09-01,29145.166689561822,20772.291474717073
2017-09-05,28925.728462521136,20623.09955591903
2017-09-06,28979.03208743431,20693.513609477002
2017-09-07,29106.744473297633,20690.994460004844
2017-09-08,28849.21334755723,20666.685844771157
2017-09-11,29224.3969939386,20887.11436651674
2017-09-12,29310.96248047782,20957.516648348206
2017-09-13,29300.710738306385,20967.580003044524
2017-09-14,29197.542866979602,20960.871590402247
2017-09-15,29246.6113762936,20989.089890301548
2017-09-18,29216.204141201648,21033.734163073346
2017-09-19,29248.768885272104,21054.790838859913
2017-09-20,29129.16339423059,21062.373302195218
2017-09-21,28959.607876119648,21005.92934506755
2017-09-22,28984.118149469523,21010.149509019742
2017-09-25,28750.036568687363,20967.184178740776
2017-09-26,28755.38076070318,20979.824070075967
2017-09-27,28971.269144195103,21061.525737886815
2017-09-28,29000.84685685348,21086.798163228137
2017-09-29,29078.98085429334,21160.918839169502
2017-10-02,29083.569661376423,21252.728005651068
2017-10-03,29125.80991106043,21298.212485402193
2017-10-04,29145.207021376886,21323.48049634607
2017-10-05,29243.772813497664,21449.827908394538
2017-10-06,29303.757068396244,21425.397161498357
2017-10-09,29387.896107056073,21390.01723748632
2017-10-10,29440.261034626128,21446.452365819106
2017-10-11,29525.405438527712,21480.1415756118
2017-10-12,29486.74769027257,21448.13866564101
2017-10-13,29601.888203714156,21474.248355030028
2017-10-16,29654.812000748225,21502.886022686085
2017-10-17,29636.247223947747,21518.045063493435
2017-10-18,29637.602103083664,21539.101739280002
2017-10-19,29589.87039555349,21544.999374259212
2017-10-20,29646.752308042345,21656.181859637072
2017-10-23,29627.66336886245,21571.95662795662
2017-10-24,29694.07295090249,21609.85864437244
2017-10-25,29520.426909992784,21502.88602268608
2017-10-26,29501.784616377412,21530.680540431185
2017-10-27,30259.319023219552,21706.722295922274
2017-10-30,30323.482440755757,21625.85936362493
2017-10-31,30486.996205197316,21659.552987815066
2017-11-01,30489.090699650515,21688.187712539497
2017-11-02,30478.80823938255,21696.611854319934
2017-11-03,30811.66105114628,21769.052116302653
2017-11-06,31017.551171000487,21802.745740492785
2017-11-07,31006.21517479106,21787.585228219625
2017-11-08,31149.258440084595,21824.63820886124
2017-11-09,30867.77974108652,21745.467462249053
2017-11-10,30895.058180769865,21738.72667735889
2017-11-13,30946.440381202614,21758.94167470032
2017-11-14,30861.536763361728,21708.413010141627
2017-11-15,30590.36485338791,21599.75703156499
2017-11-16,31206.653006198107,21783.3724215965
2017-11-17,31036.699237125315,21719.351886996785
2017-11-20,31081.360982254882,21756.416639364903
2017-11-21,31443.52436192458,21898.76329920004
2017-11-22,31450.847769833108,21879.391451769563
2017-11-24,31609.92571562711,21929.923059259883
2017-11-27,31517.053913506283,21918.97829654147
2017-11-28,31579.391916022487,22141.344738763004
2017-11-29,30765.110872219768,22127.866111914303
2017-11-30,30950.96465266578,22321.591943548156
2017-12-01,30862.380517020447,22275.267256817708
2017-12-04,30536.357509081612,22248.314417517737
2017-12-05,30499.982073433497,22168.303463926226
2017-12-06,30583.767764758253,22172.505970288657
2017-12-07,30635.232390459063,22242.413839606896
2017-12-08,30724.391243132384,22363.71559538198
2017-12-11,30818.653082183642,22431.098429364807
2017-12-12,30782.483641842893,22470.679388273464
2017-12-13,30822.48741821228,22468.155824403868
2017-12-14,30797.64436637045,22376.346657922302
2017-12-15,31008.764877620462,22562.685731174002
2017-12-18,31327.424231766912,22705.753409257602
2017-12-19,31169.32649174817,22618.554345168715
2017-12-20,31172.410555569295,22606.701688043573
2017-12-21,31144.673252776975,22653.264752235755
2017-12-22,31136.076603540314,22647.34798820097
2017-12-26,31058.944429634874,22620.246530853874
2017-12-27,31081.717941996198,22631.260452465507
2017-12-28,31150.230854898808,22677.82057372606
2017-12-29,30998.87566358623,22592.31369532233
2018-01-02,31491.156303073883,22754.018959395635
2018-01-03,31643.372712105986,22897.934201787622
2018-01-04,31752.46122613182,22994.441758610665
2018-01-05,31893.3088988818,23147.6860942582
2018-01-08,32008.540180019107,23190.012808374246
2018-01-09,31959.33205522112,23242.499993930276
2018-01-10,31834.4287368001,23206.94202255485
2018-01-11,31954.382800365576,23376.259179279714
2018-01-12,32126.735649663715,23528.650064755606
2018-01-16,32029.76133655906,23448.23151513384
2018-01-17,32466.03441841418,23671.72215723664
2018-01-18,32494.815614302384,23631.930778716698
2018-01-19,32621.996835032252,23739.449314219746
2018-01-22,32990.25231881909,23932.474728126523
2018-01-23,33249.97312192101,23983.268256531588
2018-01-24,33044.51061328825,23973.961235263243
2018-01-25,32928.934029750395,23984.115820839983
2018-01-26,33517.8945201511,24261.797605910473
2018-01-29,33309.382671737316,24100.939906145566
2018-01-30,32943.29267962033,23853.743949792475
2018-01-31,33121.422012190786,23865.60102131506
2018-02-01,32887.036468879895,23838.50986422865
2018-02-02,32047.500778163263,23319.543000976602
2018-02-05,30263.07484566184,22344.261345865965
2018-02-06,31385.032539293723,22784.488601989087
2018-02-07,30763.74324506531,22660.89135954545
2018-02-08,28971.865480544573,21810.90060402942
2018-02-09,29696.18035402487,22138.535710525655
2018-02-12,30479.366725136995,22463.6251811651
2018-02-13,30607.701577922016,22519.50703835213
2018-02-14,31300.177285279886,22823.430944734828
2018-02-15,31888.808168082924,23114.664929944687
2018-02-16,31763.53674850227,23121.441030014368
2018-02-20,31826.56307046808,22976.667923053297
2018-02-21,31660.43139854518,22862.376230412192
2018-02-22,31684.123813045382,22892.007137492146
2018-02-23,32373.340895470785,23256.89092958315
2018-02-26,32881.40562641823,23526.956407604637
2018-02-27,32430.066372861962,23233.185615332863
2018-02-28,32195.209344135485,22997.836430241667
2018-03-01,31634.58728084348,22663.428166607377
2018-03-02,31972.637881870618,22780.256666310397
2018-03-05,32447.49404793713,23043.54898719383
2018-03-06,32712.500986645504,23101.970594374405
2018-03-07,32774.377874175385,23093.50230861957
2018-03-08,32933.367255722,23205.252779801318
2018-03-09,33616.30785094076,23609.081857569687
2018-03-12,33799.199128047265,23579.440650229048
2018-03-13,33356.037432118996,23427.06447941129
2018-03-14,33339.02625788044,23306.841308077266
2018-03-15,33282.8397056401,23281.443808141823
2018-03-16,33205.803323723194,23306.68974709851
2018-03-19,32261.258770094,22991.3413801423
2018-03-20,32374.5896114526,23030.445584127487
2018-03-21,32248.145163919802,22986.244222565456
2018-03-22,31100.45474436579,22411.651537177866
2018-03-23,29963.21875373389,21933.953404122185
2018-03-26,31564.475211857647,22534.04806351795
2018-03-27,30427.34054357099,22150.70178986901
2018-03-28,29878.64747596338,22085.253933430515
2018-03-29,30377.717425073384,22367.454590013276
2018-04-02,29888.42206959947,21884.657827914936
2018-04-03,30035.082688281265,22165.153055620227
2018-04-04,30411.87953408332,22402.298900469315
2018-04-05,30441.802495638374,22579.102875251625
2018-04-06,30105.925030075075,22075.90718258521
2018-04-09,30230.97915921394,22184.705893345727
2018-04-10,30536.92925190195,22537.4368492857
2018-04-11,30527.282227016094,22419.307573803828
2018-04-12,30619.677421428245,22603.745513224905
2018-04-13,30562.1915920532,22537.436849285696
2018-04-16,30659.395315197296,22722.742953536548
2018-04-17,30946.811878305434,22965.842349065748
2018-04-18,30956.534028434333,22982.842193605386
2018-04-19,30573.220325872986,22855.339680893572
2018-04-20,30106.80226668661,22661.547633298123
2018-04-23,30001.21242133384,22658.147075803874
2018-04-24,29817.591544340758,22353.00479572787
2018-04-25,29800.676101332974,22408.25097968361
2018-04-26,30249.85922576804,22636.044187824144
2018-04-27,30279.3184895014,22657.300982961304
2018-04-30,30143.78541235905,22483.047058433225
2018-05-01,30222.559244463762,22523.00176965843
2018-05-02,30042.829798250044,22371.70565474754
2018-05-03,30032.50424527623,22322.3997782796
2018-05-04,30564.633832406023,22611.395663987612
2018-05-07,30777.201629208907,22687.900114546323
2018-05-08,30733.22818581509,22687.900114546323
2018-05-09,31025.707072896603,22907.195607615755
2018-05-10,31326.25261287264,23121.39247164253
2018-05-11,31309.694592880067,23191.93895712369
2018-05-14,31342.257489069652,23202.992608312277
2018-05-15,30983.867566604265,23043.19289246704
2018-05-16,31186.718654535707,23140.09185919639
2018-05-17,31066.410404343562,23120.54490733414
2018-05-18,30875.870114296507,23062.74425872673
2018-05-21,31113.762668026204,23236.13884721991
2018-05-22,31034.08379483454,23171.54149802143
2018-05-23,31278.94481577943,23235.288339979892
2018-05-24,31308.79771010806,23187.684949457795
2018-05-25,31331.052886460366,23132.44023696787
2018-05-29,31173.069463190965,22866.39038915054
2018-05-30,31404.96025590661,23171.54149802143
2018-05-31,31355.808576050593,23029.590662490034
2018-06-01,31855.700249613674,23255.694627877045
2018-06-04,32161.804827137432,23366.18993872015
2018-06-05,32304.265722542976,23383.189783259786
2018-06-06,32538.918008698507,23578.69020266433
2018-06-07,32317.001433408343,23576.134266546844
2018-06-08,32291.084134437166,23645.83465918542
2018-06-11,32373.352229048847,23677.28576947627
2018-06-12,32538.452852582264,23707.88490106129
2018-06-13,32533.397835950236,23632.2309577426
2018-06-14,32888.68966555383,23691.737035227485
2018-06-15,32741.360488683025,23661.508713027382
2018-06-18,32658.13975510403,23612.837038324917
2018-06-19,32532.21693896653,23522.338947882887
2018-06-20,32773.96308266324,23562.46582060823
2018-06-21,32454.08553294925,23414.764496678938
2018-06-22,32331.189305844076,23457.454662850832
2018-06-25,31291.360332363412,23138.12303793836
2018-06-26,31444.248719374038,23189.35506315575
2018-06-27,30797.63868239989,22997.250786848017
2018-06-28,31170.187244313096,23128.73214311866
2018-06-29,31249.323890489748,23162.031414470865
2018-07-02,31511.695932657585,23211.553596413345
2018-07-03,31308.25247321268,23129.58853622193
2018-07-05,31620.496960833152,23318.271654514025
2018-07-06,31950.08288789787,23515.50987504393
2018-07-09,32185.183651892243,23727.25086262851
2018-07-10,32185.206409893974,23812.634137903937
2018-07-11,31968.779890337486,23638.44790080327
2018-07-12,32388.659911527284,23852.756596231844
2018-07-13,32369.621625914748,23871.541328802865
2018-07-16,32314.422586215034,23850.20066011436
2018-07-17,32356.759337342563,23946.675844689515
2018-07-18,32309.945867736787,23997.051476803637
2018-07-19,32155.034829999728,23906.55485782743
2018-07-20,32203.720863407194,23879.2267947451
2018-07-23,32254.543416156434,23923.63416152098
2018-07-24,32350.823397140033,24044.011836765385
2018-07-25,32723.505306714527,24248.935523237516
2018-07-26,32306.881062163022,24191.724932421184
2018-07-27,31991.917150003603,24027.790397640918
2018-07-30,31863.272837869266,23902.287606969214
2018-07-31,31999.197322011947,24020.116703425196
2018-08-01,32033.57607130254,23979.972173110094
2018-08-02,32347.871955620794,24110.61037946978
2018-08-03,32459.43896610903,24213.921994212953
2018-08-06,32648.662166531296,24302.711712845885
2018-08-07,32777.99546196639,24382.977230023076
2018-08-08,32825.18286831546,24372.735827963363
2018-08-09,32821.205597112064,24339.432142213725
2018-08-10,32547.253186613478,24176.35841493417
2018-08-13,32431.49879206354,24085.86032449214
2018-08-14,32725.021593158184,24239.532856691312
2018-08-15,32256.78623812389,24058.530789944005
2018-08-16,32361.809520545645,24253.19835969829
2018-08-17,32417.079215951777,24338.577220576273
2018-08-20,32453.30360602006,24390.656810102053
2018-08-21,32538.186571974937,24447.867400918385
2018-08-22,32624.178134375416,24433.35433360302
2018-08-23,32571.917360763076,24400.908512422462
2018-08-24,32790.21392291411,24547.757857645927
2018-08-27,32972.91960409092,24741.564619899505
2018-08-28,32983.43721987776,24753.524694029013
2018-08-29,33382.44388227961,24886.718836506196
2018-08-30,33263.44069404952,24785.970515209574
2018-08-31,33309.19816024981,24786.82102244959
2018-09-04,33164.23041806608,24744.133799209318
2018-09-05,32718.120292120282,24677.530842107477
2018-09-06,32567.725735577944,24603.26596251642
2018-09-07,32463.32808779454,24555.444795053972
2018-09-10,32553.367403282406,24598.139375623312
2018-09-11,32785.46475219511,24679.240685382392
2018-09-12,32743.733328992494,24685.22219391296
2018-09-13,32895.15844158632,24831.223974828034
2018-09-14,32822.79866867745,24835.4971115495
2018-09-17,32579.33282838452,24704.003983552357
2018-09-18,32742.422995676607,24838.054519132806
2018-09-19,32738.104848521758,24864.529132043488
2018-09-20,32950.602215938634,25066.02577463673
2018-09-21,32833.8089652422,25043.112108993933
2018-09-24,32857.02022938113,24959.927203643398
2018-09-25,32891.09319589051,24936.75750294911
2018-09-26,32875.59418873822,24862.148300357763
2018-09-27,32980.86013882748,24931.61914432949
2018-09-28,32999.12281844491,24934.194209502548
2018-10-01,33049.372780810394,25020.813516061047
2018-10-02,32972.86738385744,25006.234232784085
2018-10-03,32992.96768301477,25019.9600658894
2018-10-04,32360.77483052586,24824.416973976276
2018-10-05,32031.935588160053,24685.466457237948
2018-10-08,31851.537154064248,24685.466457237948
2018-10-09,31901.663038013423,24649.447917062997
2018-10-10,30703.248862285676,23868.97067802727
2018-10-11,30375.585064097868,23343.22035737648
2018-10-12,30748.064881902526,23667.413705335694
2018-10-15,30456.639262802437,23534.47706937582
2018-10-16,31199.79299994876,24049.07515062855
2018-10-17,31143.628511135124,24053.367416405585
2018-10-18,30784.659227730896,23706.007310683708
2018-10-19,30738.030427956983,23693.145228010722
2018-10-22,30797.97647143789,23586.790621965898
2018-10-23,30759.688212412835,23466.716068679005
2018-10-24,30116.427353139177,22755.715559478256
2018-10-25,30603.955547860598,23163.961977617786
2018-10-26,30213.7204316611,22756.570481115716
2018-10-29,29980.91900355386,22630.493818776875
2018-10-30,30210.72214361365,22965.83940613416
2018-10-31,30504.223309823097,23211.12834279337
2018-11-01,30618.388992789183,23458.14183738562
2018-11-02,30592.90925243908,23319.203092373795
2018-11-05,30568.912592996592,23447.847462556627
2018-11-06,30553.648440176148,23596.224189294167
2018-11-07,30651.08006565321,24101.399003479306
2018-11-08,30608.68754252548,24057.661153648423
2018-11-09,30435.111483064713,23822.65187716007
2018-11-12,30266.962045888507,23377.514339618374
2018-11-13,30263.250842560443,23333.77943271912
2018-11-14,30327.03917877848,23174.254880980945
2018-11-15,30367.091817064316,23416.112359363822
2018-11-16,30429.973477119922,23477.016329371236
2018-11-19,30385.164088627713,23079.916264766525
2018-11-20,30358.182024209866,22652.7865258465
2018-11-21,30385.187738163422,22729.97667947415
2018-11-23,30371.920185894603,22578.169965926092
2018-11-26,30398.94868186485,22942.680005700553
2018-11-27,30352.355583123153,23019.873102259837
2018-11-28,30439.51426288624,23549.90685989279
2018-11-29,30457.236124422525,23498.455586269236
2018-11-30,30448.629794068653,23641.682182660654
2018-12-03,30580.44576953068,23954.732120016677
2018-12-04,30521.097617531766,23178.539789428924
2018-12-06,30532.938601870163,23143.376170891424
2018-12-07,30554.855469474256,22605.61721773929
2018-12-10,30542.11759541621,22648.50603179597
2018-12-11,30534.888469476977,22653.65174774465
2018-12-12,30571.973574095984,22767.721249047965
2018-12-13,30556.04898438846,22760.00341085785
2018-12-14,30482.22549222932,22339.73511702467
2018-12-17,30511.84300913147,21901.470796296322
2018-12-18,30545.47821670524,21877.457945691083
2018-12-19,30452.371721284373,21549.821367729037
2018-12-20,30571.851201830974,21199.037161059896
2018-12-21,30485.762194791747,20764.682524997166
2018-12-24,30542.995957728177,20216.01706723776
2018-12-26,30616.726234005004,21237.432118523127
2018-12-27,30701.088359548714,21400.473473554794
2018-12-28,30740.874211052196,21372.871717831218
2018-12-31,30765.28023533019,21560.07012711781
2019-01-02,30779.660705830454,21582.501151973884
2019-01-03,30816.492311095186,21067.483702964404
2019-01-04,30817.77165685331,21773.15456298982
2019-01-07,30868.803879342842,21944.82459354996
2019-01-08,30856.963569918087,22151.000497429104
2019-01-09,30927.205731738355,22254.528417646816
2019-01-10,30883.340834509017,22333.03406171145
2019-01-11,30898.643441732424,22341.65685137667
2019-01-14,30907.839757215806,22205.353501636248
2019-01-15,30925.81079862049,22459.84351402525
2019-01-16,30951.235845445663,22514.19357530077
2019-01-17,30957.59154765238,22685.001326894384
2019-01-18,30897.28998490091,22986.93581149767
2019-01-22,30895.29996968421,22676.377065763358
2019-01-23,30884.590865092974,22723.820066511817
2019-01-24,30888.083119805913,22735.902272303818
2019-01-25,31041.554600072337,22928.284655650234
2019-01-28,31053.496177287718,22754.024845258904
2019-01-29,31087.71659563738,22723.820066511813
2019-01-30,31187.8627093808,23083.56402851739
2019-01-31,31224.34800222349,23286.293759462074
2019-02-01,31248.190456693217,23297.504857492673
2019-02-04,31263.03038099602,23461.4129058883
2019-02-05,31456.01524333147,23559.75979497782
2019-02-06,31415.669255272376,23528.70598045653
2019-02-07,31104.23995854059,23304.403089224852
2019-02-08,31113.438356575167,23332.87448124402
2019-02-11,31089.42445866656,23345.816023070915
2019-02-12,31203.316932969763,23646.02447827534
2019-02-13,31175.29682574625,23722.81145027018
2019-02-14,31261.26132770005,23670.18153253027
2019-02-15,31427.804478467646,23928.120660785367
2019-02-19,31551.64430040847,23969.536537563054
2019-02-20,31541.775523187895,24017.844760209664
2019-02-21,31387.245045203195,23932.43794148123
2019-02-22,31491.092240028516,24080.81908261621
2019-02-25,31517.985845092095,24113.595983604737
2019-02-26,31519.738729296292,24096.3504042743
2019-02-27,31410.04737252477,24085.992756415348
2019-02-28,31313.193780303078,24041.138064032264
2019-03-01,31412.254800607334,24191.237877237036
2019-03-04,31415.183836312604,24103.251578938103
2019-03-05,31417.14050004784,24070.462906223074
2019-03-06,31248.06104486733,23924.680373714164
2019-03-07,30974.086192908464,23724.53012233998
2019-03-08,30955.040052748354,23677.08859305733
2019-03-11,31615.570236558662,24020.427182711795
2019-03-12,31751.9961970343,24111.013561102616
2019-03-13,31949.18870291786,24270.610214665638
2019-03-14,31846.52674334998,24255.08330740499
2019-03-15,32141.31228489369,24374.915068832706
2019-03-18,32183.464051710976,24463.29571996957
2019-03-19,32311.55932544194,24469.35815911986
2019-03-20,32379.230789615314,24395.700994909643
2019-03-21,32781.944585991885,24671.259454811723
2019-03-22,32251.920131276296,24196.415965433607
2019-03-25,32205.143365342858,24178.21981918786
2019-03-26,32323.26705794172,24358.456723712312
2019-03-27,32140.160641076498,24231.080757060437
2019-03-28,32141.11603506541,24322.93112458478
2019-03-29,32424.215153594923,24476.294648963176
2019-04-01,32743.596860764752,24766.561881133774
2019-04-02,32836.65267932416,24778.692645297608
2019-04-03,33011.18057231908,24817.695318141687
2019-04-04,33035.98805964884,24883.540470349744
2019-04-05,33141.841399907775,25003.979947158303
2019-04-08,33245.40515460725,25023.03837237057
2019-04-09,33185.26383323213,24894.797183820545
2019-04-10,33361.49704112323,24979.71841883063
2019-04-11,33189.83144064899,24972.78192898731
2019-04-12,33309.35591857547,25141.75034831446
2019-04-15,33264.79111978334,25125.284645865006
2019-04-16,33350.60581604401,25141.75034831446
2019-04-17,33467.32197938188,25080.22541973389
2019-04-18,33492.32228018283,25129.622527082254
2019-04-22,33558.53395958301,25151.279560920597
2019-04-23,33827.821658480585,25377.43797054269
2019-04-24,33820.269391391754,25321.110259214263
2019-04-25,33832.6282534835,25305.52155038946
2019-04-26,33833.11123877289,25423.35947564032
2019-04-29,33801.14818128288,25463.212655724416
2019-04-30,33697.310795619225,25476.205698854774
2019-05-01,33405.143928393234,25284.70619499626
2019-05-02,33312.88042147997,25230.120699190633
2019-05-03,33982.5103064894,25477.076806616173
2019-05-06,33678.16256515966,25372.228981564043
2019-05-07,32947.67095749362,24948.523343591278
2019-05-08,32763.81798020729,24913.870323690953
2019-05-09,32455.499923064406,24838.478301287003
2019-05-10,32503.98678767188,24963.25565931281
2019-05-13,30873.516648120603,24335.922696249323
2019-05-14,31265.31437151756,24556.005423528808
2019-05-15,31578.75406832274,24699.836792369446
2019-05-16,31801.60753520417,24928.59675354924
2019-05-17,31367.410606779165,24767.432988895183
2019-05-20,30907.809996258835,24603.661786820183
2019-05-21,31169.077290124726,24825.476429361774
2019-05-22,30952.932713041784,24749.22507092293
2019-05-23,30539.152334944247,24446.824131656867
2019-05-24,30494.750095717452,24502.28514962133
2019-05-28,30322.390269723313,24274.40365353201
2019-05-29,30190.01119734215,24111.50503068422
2019-05-30,30364.872178207697,24177.35459728972
2019-05-31,29985.940692231474,23851.560294525767
2019-06-03,30051.218888478787,23790.905002240786
2019-06-04,30097.07038494862,24307.320343772786
2019-06-05,30147.30029739514,24517.8812157752
2019-06-06,30210.198160125725,24677.305707838077
2019-06-07,30333.31252950057,24924.25887233199
2019-06-10,30268.189620519395,25038.63590999026
2019-06-11,30258.415081827297,25032.567584976714
2019-06-12,30296.30915015861,24988.388295401877
2019-06-13,30387.7187044665,25091.493904931205
2019-06-14,30372.116186691146,25063.759717284436
2019-06-17,30384.832928208256,25073.30070161708
2019-06-18,30485.558140398007,25335.842574935792
2019-06-19,30562.352441876432,25393.01490764098
2019-06-20,30870.89430552295,25635.6360767809
2019-06-21,30936.21082734315,25598.384448254503
2019-06-24,31097.11429292294,25567.036340570572
2019-06-25,30776.54251432639,25316.27502255216
2019-06-26,30680.661941388906,25291.018783334788
2019-06-27,30687.139928528406,25380.695795853062
2019-06-28,30725.279262072905,25511.311930225555
2019-07-01,30692.14320451264,25742.911820424775
2019-07-02,30983.125353090156,25809.94885994151
2019-07-03,31138.240249942148,26016.304282649864
2019-07-05,30981.990252770505,25986.698390488735
2019-07-08,30776.592848904605,25843.916176772895
2019-07-09,30908.506576665826,25876.12067756009
2019-07-10,31264.50082273035,25999.770892773002
2019-07-11,31159.071701555447,26060.716063823176
2019-07-12,31334.354348617504,26177.388588150003
2019-07-15,31390.925585845758,26186.09083696913
2019-07-16,31200.95049216234,26101.63752808764
2019-07-17,31292.29020147517,25924.0051180525
2019-07-18,31477.895952496845,26018.923491797315
2019-07-19,31156.480011990665,25874.375519105663
2019-07-22,31388.17980674439,25937.939899303296
2019-07-23,31510.53718997313,26123.40050746453
2019-07-24,31692.791344830122,26246.170786121158
2019-07-25,31430.04133523767,26120.796012975203
2019-07-26,31641.436421193033,26295.79744213637
2019-07-29,31655.198458851384,26247.91005871233
2019-07-30,31605.41865907548,26183.4863424798
2019-07-31,31204.25477698711,25897.027263833705
2019-08-01,31311.63198388902,25671.510413306154
2019-08-02,30842.003468738585,25478.221607018815
2019-08-05,29975.140563022287,24712.005814644406
2019-08-06,30222.07891602979,25058.544842442534
2019-08-07,30448.193875408313,25073.350731454728
2019-08-08,31115.7616128254,25565.297067979405
2019-08-09,30894.85377338342,25391.143203126623
2019-08-12,30787.120809085794,25082.055923205484
2019-08-13,31138.945465554723,25472.120909757396
2019-08-14,30631.95096528778,24718.97761966725
2019-08-15,30693.517801329064,24784.278329524434
2019-08-16,31063.08384975787,25149.967013415247
2019-08-19,31218.99593894395,25452.971253664713
2019-08-20,31174.98837170412,25257.93140305969
2019-08-21,31304.95018795649,25463.42748973315
2019-08-22,31215.46149095667,25455.584576948917
2019-08-23,30835.522921770822,24801.691655957577
2019-08-26,31001.398032200592,25075.96111180731
2019-08-27,31079.65352520935,24977.57890753828
2019-08-28,31123.86717694565,25153.451444460854
2019-08-29,31233.674042480034,25474.737175973227
2019-08-30,31146.18680539588,25463.427489733145
2019-09-03,31254.447704713482,25314.529864097738
2019-09-04,31373.767135374655,25601.86299343686
2019-09-05,31168.187591459857,25930.98280893859
2019-09-06,31040.8716850281,25951.0065157243
2019-09-09,30955.95198003396,25964.07018921369
2019-09-10,30835.236886809773,25957.97537781551
2019-09-11,30934.4825117725,26142.553106488846
2019-09-12,30971.930466175825,26233.107112631773
2019-09-13,30870.432025860395,26215.690843267006
2019-09-16,30945.98236863608,26134.716079567865
2019-09-17,30983.223824619643,26200.887897186443
2019-09-18,30915.219742417918,26216.56489396003
2019-09-19,30964.51101282381,26214.825621368855
2019-09-20,31059.337405952734,26090.96351507884
2019-09-23,31119.382119253954,26084.84516022765
2019-09-24,31003.550560375876,25880.16132268307
2019-09-25,30945.862702059796,26033.2379112279
2019-09-26,30900.232226793865,25978.999681354187
2019-09-27,30685.911260880446,25839.048567862897
2019-09-30,30639.522778731272,25958.875914893175
2019-10-01,30622.985979650784,25650.106471587682
2019-10-02,30621.175538512176,25197.009775462513
2019-10-03,30864.443441007388,25403.444657324777
2019-10-04,31119.162235805758,25747.196728872743
2019-10-07,30994.85959090101,25636.10988877274
2019-10-08,30669.519796706867,25238.113701487808
2019-10-09,30927.46707068049,25477.79193900137
2019-10-10,31014.007667405967,25650.106471587682
2019-10-11,31276.041212745986,25916.023887481824
2019-10-14,31315.555334959794,25887.15961409054
2019-10-15,31571.119493555023,26143.4536435665
2019-10-16,31537.378959616155,26101.460952190046
2019-10-17,31611.79082390648,26178.445100603854
2019-10-18,31376.183942792453,26063.856171868487
2019-10-21,31562.26881685039,26240.546843783184
2019-10-22,31409.565803552134,26154.81924550748
2019-10-23,31366.24835665542,26230.92051443338
2019-10-24,31530.294080008003,26273.784313571232
2019-10-25,31803.459800173092,26381.369065035877
2019-10-28,31964.914957699504,26530.072457183942
2019-10-29,31753.75526670623,26522.19422922019
2019-10-30,31886.632433148203,26603.55157403076
2019-10-31,31984.834954553527,26532.68872339977
2019-11-01,32225.769750271476,26778.494144559405
2019-11-04,32400.9345318182,26886.075953092415
2019-11-05,32256.467405525305,26856.34057193973
2019-11-06,32245.243788334057,26862.464812654176
2019-11-07,32192.24815848381,26956.927031996904
2019-11-08,32231.469990787387,27023.407857436254
2019-11-11,32163.802326739868,26971.803551368128
2019-11-12,32251.792327298102,27028.652161594415
2019-11-13,32271.3287610444,27037.404440251197
2019-11-14,32309.860414255032,27076.760264890436
2019-11-15,32435.921609836172,27272.709481368
2019-11-18,32507.609622203498,27292.82147610251
2019-11-19,32517.932002860034,27284.949134002007
2019-11-20,32357.43416750384,27183.482737388556
2019-11-21,32240.99443509931,27139.747830489305
2019-11-22,32230.497810386372,27200.09852935096
2019-11-25,32612.45190781242,27410.915436404866
2019-11-26,32673.243294606746,27473.011293720945
2019-11-27,32780.39994738432,27595.48139335169
2019-11-29,32710.673089086027,27493.13211725033
2019-12-02,32433.12310183875,27259.586949246088
2019-12-03,32110.79894533027,27076.76026489044
2019-12-04,32395.484065150984,27243.842265045092
2019-12-05,32503.904439992155,27292.821476102512
2019-12-06,32987.35869993061,27542.108385376127
2019-12-09,32811.806058403854,27455.51556520227
2019-12-10,32825.53469440883,27424.90613335656
2019-12-11,33172.778696191584,27502.761389531766
2019-12-12,33590.907957569005,27739.802760308117
2019-12-13,33673.85867437833,27756.421495202143
2019-12-16,34015.983287358475,27947.108749931787
2019-12-17,34054.00009788309,27953.224161851354
2019-12-18,34054.163439500684,27954.97814910066
2019-12-19,34318.39734049303,28069.564134904405
2019-12-20,34536.86821533674,28192.628706723674
2019-12-23,34646.158952483594,28235.69851107537
2019-12-24,34713.179277010735,28236.581390563275
2019-12-26,35014.63229359669,28386.8886804477
2019-12-27,34965.660978968364,28379.85801679234
2019-12-30,34705.960146608275,28223.394113945575
2019-12-31,34805.7437017612,28291.96147790801
2020-01-02,35513.20572491746,28556.54280284379
2020-01-03,35144.29384841841,28340.310901597386
2020-01-06,35271.949583899164,28448.4283236864
2020-01-07,35401.44484278372,28368.43355621883
2020-01-08,35621.704174433056,28519.617839727915
2020-01-09,35926.96037602566,28713.00376275892
2020-01-10,35807.39017951531,28630.380957349014
2020-01-13,36238.422087345694,28827.277797810264
2020-01-14,36126.348942311815,28783.32511397066
2020-01-15,36048.4235885118,28848.375674639603
2020-01-16,36489.51205540744,29088.354091179055
2020-01-17,36709.290514865585,29178.890439732226
2020-01-21,36713.89048046648,29121.738707548422
2020-01-22,36891.86581486236,29125.26433963679
2020-01-23,37067.99405711989,29158.657784801035
2020-01-24,36829.297320501595,28899.356079202942
2020-01-27,35842.94847778644,28436.1121548301
2020-01-28,36669.99184843733,28734.101639588254
2020-01-29,36595.694351268394,28710.3668960217
2020-01-30,36722.244981493575,28803.54894010696
2020-01-31,35877.45666779626,28280.531131471238
2020-02-03,36337.634928187,28490.61524855018
2020-02-04,36789.54492633873,28924.85363881367
2020-02-05,36902.82194620011,29258.864606678402
2020-02-06,37181.73803363811,29357.32627010135
2020-02-07,37094.00999335468,29200.859424322956
2020-02-10,37451.2979972788,29418.85708454517
2020-02-11,37415.114239674396,29469.843374971766
2020-02-12,37668.69600425465,29659.706608846027
2020-02-13,37690.14053165638,29628.061265067838
2020-02-14,37810.28619525687,29675.524866337688
2020-02-18,37973.84204728049,29599.046902163613
2020-02-19,38296.775039578344,29740.569541143377
2020-02-20,38077.247589170765,29618.390791743645
2020-02-21,37737.55622998181,29313.3677003985
2020-02-24,36314.74590202054,28341.184952290416
2020-02-25,35108.47569559645,27482.387473882518
2020-02-26,35316.96324139132,27381.294829585615
2020-02-27,33490.21062351187,26151.558477265487
2020-02-28,33199.46947393866,26041.68412499554
2020-03-02,33517.79721293232,27169.453782325738
2020-03-03,33222.65364921611,26391.533950873312
2020-03-04,33297.42491536474,27500.845541043014
2020-03-05,32925.556465807604,26586.670918222
2020-03-06,32882.206390298175,26147.164680347338
2020-03-09,32790.932310147255,24105.214514332878
2020-03-10,32668.61715420119,25352.537826052103
2020-03-11,32562.642179566872,24116.63750344058
2020-03-12,32023.1548577513,21809.22754739987
2020-03-13,31867.400744372353,23673.61446227242
2020-03-16,31562.80102426469,21083.160699738004
2020-03-17,31818.247933844697,22221.483709880307
2020-03-18,31601.35338119901,21096.347976355697
2020-03-19,31428.611676746794,21141.176182354142
2020-03-20,31508.790037033446,20230.110766796373
2020-03-23,31917.43783711909,19712.862575614115
2020-03-24,32515.208595691947,21498.918950853797
2020-03-25,32376.12658094591,21820.757953511926
2020-03-26,32585.70198075712,23094.870771825856
2020-03-27,32463.948983718517,22406.97227589199
2020-03-30,32563.11183295757,23134.65332155091
2020-03-31,32240.750763836793,22789.8241370277
2020-04-01,32265.133841269515,21764.169792734563
2020-04-02,32456.69759850951,22266.38843210103
2020-04-03,32472.264539595206,21944.547957977084
2020-04-06,32863.95230837528,23418.472590528167
2020-04-07,32820.66918143455,23442.354480676033
2020-04-08,32759.27444058254,24229.276739973473
2020-04-09,33019.497842678866,24597.980457315483
2020-04-13,33204.34163981561,24373.395044647677
2020-04-14,33362.140340609265,25092.232580769407
2020-04-15,33289.44825703808,24559.07195828345
2020-04-16,33314.97903007172,24677.560271423732
2020-04-17,33139.93343158262,25344.232873002515
2020-04-20,33191.16786534034,24897.719514925502
2020-04-21,33059.15845629796,24141.743653144993
2020-04-22,33303.98689078049,24677.560271423732
2020-04-23,33394.683265937245,24675.779797789786
2020-04-24,33384.00386154737,25019.739346017413
2020-04-27,33326.58389124496,25380.475075981074
2020-04-28,33255.16403019542,25263.77606526961
2020-04-29,33366.312765899995,25925.14108966026
2020-04-30,33190.16197913231,25683.750065940156
2020-05-01,33073.53980276098,25003.82102885046
2020-05-04,33166.40666378282,25072.78568858245
2020-05-05,33263.638590360235,25304.438551550946
2020-05-06,33190.50924991588,25132.900952914
2020-05-07,33385.10201406707,25436.184771667962
2020-05-08,33412.30070750637,25857.062252347798
2020-05-11,33405.33099126477,25862.362472206867
2020-05-12,33326.569650844685,25346.890340261114
2020-05-13,33334.83289058409,24898.602394413407
2020-05-14,33468.642278151405,25196.57127865018
2020-05-15,33551.79975714258,25312.396238668614
2020-05-18,33596.10322588107,26083.414895457237
2020-05-19,33657.403783246285,25815.4992289888
2020-05-20,33789.2528466652,26254.051957016523
2020-05-21,33607.522776731246,26072.799741080973
2020-05-22,33675.20755325094,26122.317508626013
2020-05-26,33545.7691805201,26444.14473955764
2020-05-27,33655.85384476371,26837.614698001238
2020-05-28,33645.097968589085,26788.10281631945
2020-05-29,34189.580712753916,26907.462237221134
2020-06-01,34351.94730407689,27016.215332541444
2020-06-02,34441.71474320342,27239.922280118783
2020-06-03,34363.123804964685,27602.429654921507
2020-06-04,34292.40822375598,27529.930534306262
2020-06-05,34218.828649779825,28235.504277588007
2020-06-08,34387.534141436314,28576.804887091217
2020-06-09,34537.82227621372,28363.710150958515
2020-06-10,34972.84234624645,28205.44811688805
2020-06-11,33657.68452256491,26579.43424935278
2020-06-12,33844.27673589609,26897.738791127653
2020-06-15,34127.393606573656,27148.847375077985
2020-06-16,34560.301290123316,27671.397257585122
2020-06-17,34642.62143506359,27556.466948781097
2020-06-18,34699.46801086092,27567.070331430852
2020-06-19,34798.03650249533,27409.520486813963
2020-06-22,35172.985089467766,27585.354765625394
2020-06-23,35464.47383788494,27712.354037029098
2020-06-24,34914.332155051685,27005.458917447115
2020-06-25,35148.791318826006,27294.958044463234
2020-06-26,34581.48494392292,26646.668465288476
2020-06-29,34849.6034430161,27038.310863192106
2020-06-30,35580.93840532846,27384.652714571264
2020-07-01,35743.95981100399,27576.48476970356
2020-07-02,35959.30223824241,27728.345927486705
2020-07-06,36644.27334970398,28156.38944667672
2020-07-07,36504.928369334804,27865.989782582936
2020-07-08,36919.32729426833,28079.13160562166
2020-07-09,37131.11331045083,27919.286274336213
2020-07-10,37268.17880034768,28204.344517528167
2020-07-13,36719.21584127002,27960.128279446762
2020-07-14,36998.10283399304,28322.462021283533
2020-07-15,37030.51863970344,28582.67014982255
2020-07-16,36753.47936960596,28488.531652958718
2020-07-17,36916.057811096,28571.122086120733
2020-07-20,38033.397047150625,28802.02155859288
2020-07-21,37883.61367522739,28863.302223848463
2020-07-22,38154.93490909724,29027.597267752957
2020-07-23,37572.87041561038,28681.249530510544
2020-07-24,37316.63518339354,28496.527598187524
2020-07-27,38018.01669294732,28704.33094325604
2020-07-28,37597.939534905265,28522.284135781378
2020-07-29,38153.94971917757,28873.069813916336
2020-07-30,38338.18639108965,28770.052492335795
2020-07-31,38827.965883800745,28997.402789266558
2020-08-03,39243.09053654138,29198.987719808596
2020-08-04,39668.29648243769,29311.781460251885
2020-08-05,39834.01221025736,29493.83121065818
2020-08-06,40298.16909809549,29690.987029102547
2020-08-07,39779.1348968383,29712.299739940605
2020-08-10,39643.32523722773,29801.111530560735
2020-08-11,38502.920426334575,29555.10304711888
2020-08-12,38998.82462345612,29967.17527637267
2020-08-13,39249.23283541742,29913.004733926362
2020-08-14,39185.41211919883,29913.893499277514
2020-08-17,39772.40654742524,30008.914875629252
2020-08-18,40091.01763479218,30073.750602289467
2020-08-19,39531.518813577386,29948.52297572483
2020-08-20,39927.16569809433,30041.76682137425
2020-08-21,40050.30421806796,30148.342147291052
2020-08-24,40169.58490052389,30453.84199355966
2020-08-25,40414.06129524875,30560.41143361321
2020-08-26,41083.022058951545,30866.7912164381
2020-08-27,40815.284009814946,30934.29029622017
2020-08-28,41257.51842729541,31134.103581923133
2020-08-31,41523.454160191395,31021.31572734309
2020-09-01,42277.71372027549,31313.5046938657
2020-09-02,42740.66811176052,31766.418928230036
2020-09-03,40271.80330791083,30673.199288193246
2020-09-04,39692.880908928404,30422.758749722103
2020-09-08,37035.76631268435,29591.51594013176
2020-09-09,38050.19843647689,30175.87032972397
2020-09-10,36963.68927497989,29651.907840036183
2020-09-11,36729.36564589941,29667.005079279377
2020-09-14,37380.732042961725,30057.76165476348
2020-09-15,37866.92286322681,30209.62575547825
2020-09-16,37205.614962569896,30089.727778088938
2020-09-17,36919.46791941567,29825.084651589008
2020-09-18,36611.55621161687,29481.715161152468
2020-09-21,36611.755041339624,29153.5959424037
2020-09-22,37138.72884718445,29450.50831418661
2020-09-23,35457.28456232918,28767.524514068755
2020-09-24,35630.44547720252,28844.202597593423
2020-09-25,36733.8123798817,29310.51894258418
2020-09-28,37597.288076241086,29797.353406873877
2020-09-29,37497.5593060971,29635.07427113344
2020-09-30,37745.68861628247,29859.770043737233
2020-10-01,38427.955663085144,30051.46966694634
2020-10-02,37346.99662718654,29766.14361697639
2020-10-05,37894.24423292548,30293.990776410963
2020-10-06,37193.68635993869,29863.328048073497
2020-10-07,37612.55837014885,30383.149832963005
2020-10-08,37792.90757503377,30652.4339626377
2020-10-09,38168.61546112672,30926.16191906819
2020-10-12,38634.54970865849,31423.68216809318
2020-10-13,38506.29532706942,31218.609863573914
2020-10-14,38198.14539888964,31022.460527745763
2020-10-15,38016.71202613638,30984.10824279111
2020-10-16,37778.929570741704,30965.388254715872
2020-10-19,37199.108225998636,30494.613368311195
2020-10-20,37362.84004248663,30616.759745463038
2020-10-21,37246.172205253366,30558.807535876866
2020-10-22,37198.06480784941,30726.428092519145
2020-10-23,37196.28523148286,30830.746189878537
2020-10-26,36566.626821818405,30261.00345581118
2020-10-27,36689.339412440786,30156.676529656914
2020-10-28,34655.871845349146,29125.95298563738
2020-10-29,35471.89208743621,29421.97953500076
2020-10-30,34381.992871981245,29115.255429175588
2020-11-02,34491.87205159368,29441.600060153665
2020-11-03,35008.71250309471,29961.415959179914
2020-11-04,36122.561300320434,30631.018249192737
2020-11-05,37153.613889768676,31228.4215976162
2020-11-06,37239.0713406251,31221.290874285543
2020-11-09,36427.57983009975,31613.595431805104
2020-11-10,36113.98828803273,31567.235429895143
2020-11-11,36483.68686873017,31801.73705067795
2020-11-12,36357.2665036066,31493.229528287204
2020-11-13,36691.92304503416,31929.233677526507
2020-11-16,36939.225817568666,32327.78902182045
2020-11-17,36825.021675742595,32153.93239306193
2020-11-18,36685.32412343453,31766.963370580947
2020-11-19,36826.90114584305,31900.707841272255
2020-11-20,36732.99205589447,31682.256969579586
2020-11-23,36777.635075844904,31872.173176223125
2020-11-24,37072.01986537901,32385.750060201506
2020-11-25,37120.107105924115,32335.817339297148
2020-11-27,37232.78553698797,32425.879875858478
2020-11-30,37242.45756850383,32282.32661405653
2020-12-01,37860.78586310447,32635.404835928406
2020-12-02,37943.21076863873,32704.063430771257
2020-12-03,38005.59788777128,32695.152233806657
2020-12-04,38414.175192281036,32976.908507713844
2020-12-07,38665.34328120796,32909.1327923589
2020-12-08,38800.297923080114,33005.43728689972
2020-12-09,37742.28393544904,32709.413680467973
2020-12-10,37809.743164254745,32698.716124006172
2020-12-11,37660.242644883096,32660.378553709652
2020-12-14,37889.96484201216,32514.153109990973
2020-12-15,38567.194349208374,32953.72114942979
2020-12-16,38767.63459673127,33005.43728689972
2020-12-17,39038.19774771944,33190.00618677818
2020-12-18,38869.96509664318,33057.468318053674
2020-12-21,38765.509112444845,32939.27429807602
2020-12-22,38830.69444831714,32883.7617788081
2020-12-23,38606.784062552826,32913.31469819995
2020-12-24,38854.1934458478,33041.36165326263
2020-12-28,39165.899128237026,33325.21035155615
2020-12-29,39169.709054692095,33261.63419963201
2020-12-30,39346.86753321938,33309.09485797023
2020-12-31,39471.679416087565,33478.334027007
2021-01-04,39089.30465936881,33022.5651489651
2021-01-05,39547.04675839608,33250.000790913036
2021-01-06,39092.737812517116,33448.7869934784
2021-01-07,40045.977087590276,33945.74219963113
2021-01-08,40333.85280537267,34139.1575519784
2021-01-11,39918.709636609274,33909.035013455614
2021-01-12,40033.66673459166,33916.189280239276
2021-01-13,40199.352109193824,34007.53199205807
2021-01-14,40194.96616786805,33888.43743500276
2021-01-15,39666.61777821058,33641.30769461126
2021-01-19,40634.074843990806,33905.441693939836
2021-01-20,41459.22610987346,34374.65682658254
2021-01-21,41903.49231683109,34405.99904840322
2021-01-22,41569.327608566455,34284.22053770466
2021-01-25,41872.134049446984,34419.427645414275
2021-01-26,41731.35889929832,34365.70148564354
2021-01-27,40236.482085646,33525.78291361871
2021-01-28,40642.44813507505,33814.119582642415
2021-01-29,39479.975239346626,33137.177621153474
2021-02-01,41014.95508388588,33688.75952415459
2021-02-02,41878.58685011791,34165.125980649354
2021-02-03,41535.52603508501,34191.99494639797
2021-02-04,41973.66532103713,34580.61495352134
2021-02-05,42035.813462557475,34716.7108265821
2021-02-08,42664.43660700018,34967.428000626125
2021-02-09,42631.41682099087,34944.149411461665
2021-02-10,42604.200544692016,34928.91679736365
2021-02-11,43141.068537247,34985.34456836738
2021-02-12,43434.9365386975,35158.156456398545
2021-02-16,43337.71735219531,35127.70888579228
2021-02-17,42894.35596448832,35135.772518448495
2021-02-18,42622.867671253895,34986.23333371854
2021-02-19,42713.71538737294,34924.44059835998
2021-02-22,41116.36505504809,34655.82157123284
2021-02-23,40927.7259765975,34697.905493489714
2021-02-24,41496.35850068197,35080.25117038569
2021-02-25,39883.77280302308,34234.97057693764
2021-02-26,40108.246870458286,34058.562426459066
2021-03-01,41193.70676137789,34884.15480732681
2021-03-02,40714.92125549618,34611.9424606839
2021-03-03,40011.90802768331,34153.48374313551
2021-03-04,39154.09012095299,33730.84638934311
2021-03-05,39861.23917435666,34351.37529448647
2021-03-08,38982.04496021366,34180.35270888413
2021-03-09,40515.49448279436,34668.355517029486
2021-03-10,40359.735938941005,34884.154807326806
2021-03-11,41045.02449698779,35237.85693070348
2021-03-12,40846.35489468873,35285.30876024682
2021-03-15,41210.145535450705,35495.73131446279
2021-03-16,41438.3443599752,35450.963438562685
2021-03-17,41606.02420279082,35571.853183910076
2021-03-18,40803.35975720118,35054.27685585148
2021-03-19,41060.53457101231,34989.42935746475
2021-03-22,41484.51065295927,35268.81362848109
2021-03-23,41127.41389062183,34991.22454575683
2021-03-24,40690.47951183851,34813.34492946508
2021-03-25,40621.50635913036,35009.18525747247
2021-03-26,41166.90637453525,35573.35996490277
2021-03-29,41020.90459032635,35555.3963102555
2021-03-30,40776.36654689331,35461.07240869921
2021-03-31,41473.63784021581,35604.79636053549
2021-04-01,42124.53305101409,35989.308035108465
2021-04-05,42606.05514623744,36505.86316589271
2021-04-06,42525.87433877775,36484.30030586642
2021-04-07,42581.27369080148,36526.52548884135
2021-04-08,42853.74826606381,36699.89947681315
2021-04-09,42874.55049214376,36966.72625857983
2021-04-12,42713.57884731391,36980.196056633664
2021-04-13,42868.43355160043,37089.793773330726
2021-04-14,42271.61478382584,36963.13588199568
2021-04-15,42709.175049245925,37360.19621702343
2021-04-16,42695.62802618018,37485.08540645104
2021-04-19,42302.500291083656,37300.90497354727
2021-04-20,42080.74491335328,37027.8156332797
2021-04-21,42569.14702835866,37378.168700465576
2021-04-22,42142.74523434481,37036.79451767171
2021-04-23,42668.2497180622,37438.363423951036
2021-04-26,42913.25685468316,37516.524745015384
2021-04-27,42658.3996946177,37508.43756890616
2021-04-28,42505.0025680363,37497.654667427196
2021-04-29,42752.53950205532,37736.62365841881
2021-04-30,42321.486064735625,37488.67284010356
2021-05-03,42246.28157162844,37569.526943606026
2021-05-04,41650.886663781355,37337.75047750922
2021-05-05,41604.108695114555,37349.42508727097
2021-05-06,42001.98746771404,37647.676492943865
2021-05-07,42379.41450307866,37921.678142015604
2021-05-10,41424.3775101133,37546.17183821928
2021-05-11,41335.29648826846,37211.074928584414
2021-05-12,40284.36704605837,36420.51814872843
2021-05-13,40640.043425100695,36858.01730723392
2021-05-14,41497.3586399898,37423.98720295629
2021-05-17,41299.52481987961,37328.76276432234
2021-05-18,41106.648095173325,37007.14448153618
2021-05-19,41221.31308661072,36910.12485461015
2021-05-20,41689.78975909647,37307.194018432776
2021-05-21,41593.23997430114,37276.65815987773
2021-05-24,42023.11539996028,37656.67009199401
2021-05-25,42094.749369877274,37573.12614898506
2021-05-26,42150.59316460644,37647.676492943865
2021-05-27,42154.7453250634,37667.44710760972
2021-05-28,42254.59541844099,37734.8255271951
2021-06-01,42191.01028414993,37701.57628568055
2021-06-02,42281.17605738682,37760.87047208835
2021-06-03,41923.36949701673,37620.73101097297
2021-06-04,42585.403733752064,37964.80386206821
2021-06-07,42615.52209642701,37927.970129832756
2021-06-08,42538.76749322898,37936.05730594198
2021-06-09,42505.78005324978,37879.452959040675
2021-06-10,42721.126782391875,38055.53444410872
2021-06-11,42741.33215625163,38118.42783589554
2021-06-14,43110.17176011366,38203.76991012819
2021-06-15,42800.602898465324,38133.689879309815
2021-06-16,42468.79583430145,37920.780547869574
2021-06-17,42726.19878878665,37908.19657223528
2021-06-18,42237.63612235384,37396.81511525017
2021-06-21,42599.38076450391,37932.17852205845
2021-06-22,42940.47652012785,38134.97005456729
2021-06-23,42962.098442840375,38089.00734842689
2021-06-24,43292.158818851,38314.33290839872
2021-06-25,43264.908031114304,38450.43172439112
2021-06-28,43829.83400044541,38527.93971463441
2021-06-29,43908.07684424753,38548.66678207883
2021-06-30,43893.11618359028,38581.11848912264
2021-07-01,43884.40840423923,38794.72529535832
2021-07-02,44412.50376259422,39091.246257234925
2021-07-06,44576.53119375845,39020.05379826178
2021-07-07,44597.86438645863,39157.95074547788
2021-07-08,44230.53401745401,38838.88987027503
2021-07-09,44633.782995397436,39253.490077795854
2021-07-12,44867.86987916466,39394.09157917657
2021-07-13,44865.609146510564,39259.80266613439
2021-07-14,44997.99601576435,39318.3846630886
2021-07-15,44530.32870394007,39184.08692125153
2021-07-16,44020.89609991611,38876.74774271645
2021-07-19,43484.37035037567,38302.6170975942
2021-07-20,44202.758803093435,38851.51504695208
2021-07-21,44785.8267241497,39166.05557917685
2021-07-22,45035.227277367405,39248.089798261484
2021-07-23,45626.84319091595,39651.8688461922
2021-07-26,45669.437372629116,39749.2092526655
2021-07-27,45094.35271825741,39568.045324678744
2021-07-28,45373.64984602672,39551.82094262265
2021-07-29,45562.034449399056,39715.85995147566
2021-07-30,45355.22771845942,39522.98315561601
2021-08-02,45343.41448253933,39440.057228248595
2021-08-03,45655.4911395008,39760.92212053841
2021-08-04,45734.85420985133,39565.340770514136
2021-08-05,46043.045210349024,39815.89608331871
2021-08-06,45741.27318161324,39881.69709155237
2021-08-09,45696.151320848905,39849.25127037181
2021-08-10,45472.627666082204,39898.813181891244
2021-08-11,45487.07279239955,39997.969377178
2021-08-12,45667.460167973666,40117.83792525104
2021-08-13,45938.2774870295,40190.843230106024
2021-08-16,46003.958650736,40285.48202534633
2021-08-17,45561.115336525836,40021.39511292379
2021-08-18,45267.48391391559,39583.369169657184
2021-08-19,45444.115878976656,39644.64983491276
2021-08-20,46093.881476748385,39960.10856180495
2021-08-23,46864.489006938195,40311.618201119985
2021-08-24,46996.08979978832,40375.609306403436
2021-08-25,46996.34950199585,40460.33925085781
2021-08-26,46677.12693647391,40221.48503419962
2021-08-27,47285.80529222307,40581.10833600852
2021-08-30,47813.30670340794,40759.56476689902
2021-08-31,47775.24678932737,40699.17875285786
2021-09-01,47877.00046372411,40720.80635737994
2021-09-02,47794.20931773245,40846.092842577105
2021-09-03,47998.189346059225,40836.17222006466
2021-09-07,47965.04343398806,40690.16749621796
2021-09-08,47764.90653687602,40640.59381297202
2021-09-09,47582.16509509738,40466.64006746983
2021-09-10,47034.87713407525,40147.58213519861
2021-09-13,47029.66578994162,40250.32870706952
2021-09-14,46845.556860876095,40033.11680959155
2021-09-15,47298.53224885998,40367.4985868412
2021-09-16,47226.656664852824,40303.51631035262
2021-09-17,46578.75509002982,39910.90863087554
2021-09-20,45260.07459565275,39245.42055927637
2021-09-21,45317.02108762255,39208.35433544243
2021-09-22,45878.13693091806,39590.82361546672
2021-09-23,46447.2336974811,40071.85167565762
2021-09-24,46539.925968844014,40137.8557461735
2021-09-27,46176.30406800215,40023.03138290803
2021-09-28,45343.22533113216,39216.48271259443
2021-09-29,45244.471510764415,39282.49855483682
2021-09-30,45157.18961065458,38802.37691758684
2021-10-01,45494.26336582144,39263.50193118871
2021-10-04,44742.65403677416,38757.16171607953
2021-10-05,45207.589742890734,39160.42280804401
2021-10-06,45324.47005457966,39323.17869870792
2021-10-07,45472.91785217108,39663.1579319109
2021-10-08,45373.36020502291,39590.82361546673
2021-10-11,45165.51655410707,39304.196789717935
2021-10-12,45070.69473832019,39207.450855433155
2021-10-13,45300.22554016317,39348.50556828432
2021-10-14,45712.18848609824,40010.370891051454
2021-10-15,45731.252845239986,40315.07908871258
2021-10-18,45917.787586271894,40434.435566682645
2021-10-19,46126.0821674938,40746.38043321297
2021-10-20,46151.915616842896,40906.41999798575
2021-10-21,46250.32950505625,41013.11598409924
2021-10-22,46049.513001873616,40970.61710848306
2021-10-25,46235.12100254588,41190.336383706686
2021-10-26,46198.18437223544,41227.4114363355
2021-10-27,46214.90933591781,41044.7583849458
2021-10-28,46647.835471321014,41440.794579767586
2021-10-29,46815.279727880144,41524.88885099067
2021-11-01,46957.95209223022,41596.31380156229
2021-11-02,47214.0805319269,41764.4964581452
2021-11-03,47685.61837792471,42019.474997184174
2021-11-04,48595.29431069956,42217.49603752669
2021-11-05,48781.709646532116,42363.97751629686
2021-11-08,48887.380308911,42400.14320305312
2021-11-09,48606.41480032408,42259.989027279626
2021-11-10,47771.53211595258,41920.01567993989
2021-11-11,48078.73525654245,41933.57965180576
2021-11-12,48810.07504721444,42250.04191838255
2021-11-15,48778.51715866291,42264.51819905258
2021-11-16,49281.80025141452,42431.791489762945
2021-11-17,49283.95511767399,42328.70942368663
2021-11-18,49908.94886910047,42472.48046242893
2021-11-19,50186.1247209617,42396.52045422109
2021-11-22,49415.72803999451,42277.17869090917
2021-11-23,49117.17210112585,42333.22682373309
2021-11-24,49360.421779449185,42446.25011284324
2021-11-26,48198.28224242486,41499.56492434588
2021-11-29,49789.10730114015,42008.624408277814
2021-11-30,48936.64889547972,41191.2428066476
2021-12-01,48086.50107897844,40733.71699842476
2021-12-02,48338.84723366384,41357.60378855379
2021-12-03,47619.00495494956,40997.73916635152
2021-12-06,47914.15633634725,41483.30228417864
2021-12-07,49589.88018407279,42341.3699155432
2021-12-08,49671.86523553492,42453.48972464405
2021-12-09,48991.64128871733,42166.85995596363
2021-12-10,49407.67875362009,42563.79374493145
2021-12-13,48831.45548654931,42186.75123082615
2021-12-14,48597.21571148868,41896.50459917694
2021-12-15,49350.406886838515,42551.142081869744
2021-12-16,48478.285123837944,42175.9035848514
2021-12-17,48279.664307150626,41727.02999561006
2021-12-20,47977.21071453955,41283.32125137295
2021-12-21,48631.722964814,42016.47614985689
2021-12-22,48862.68808125459,42436.58552538226
2021-12-23,48994.25562617702,42700.63417969366
2021-12-27,49286.50758349121,43304.93870278093
2021-12-28,48998.47681195022,43269.54994997402
2021-12-29,48966.28983783494,43324.90060800249
2021-12-30,48983.75556604019,43205.126233741496
2021-12-31,49033.47872617931,43096.23776356638
2022-01-03,49440.44178149561,43345.768936164975
2022-01-04,49217.51063255026,43331.245568588914
2022-01-05,47779.208228761665,42499.202281596205
2022-01-06,47756.82505559445,42459.27258528982
2022-01-07,47061.80261062224,42291.407765322554
2022-01-10,47099.14766477807,42238.788147843334
2022-01-11,47786.49622592888,42623.50288469852
2022-01-12,48030.518192749856,42738.73925839169
2022-01-13,47337.15922287143,42149.8645258214
2022-01-14,47675.413837294494,42167.10127635696
2022-01-18,46777.42063481667,41420.33531910112
2022-01-19,46110.087532105485,40990.25234829404
2022-01-20,45311.50611924462,40536.5670658436
2022-01-21,44283.82549836125,39740.80718287222
2022-01-24,44500.36263627826,39909.57548284877
2022-01-25,43419.47680453604,39422.31723640487
2022-01-26,43522.95052553031,39323.41707616961
2022-01-27,42860.73230165576,39129.23950453111
2022-01-28,43496.88836105326,40101.027899801265
2022-01-31,44560.519326381414,40823.28806540445
2022-02-01,44664.861326015765,41099.13493260591
2022-02-02,44875.4969922616,41498.367151173916
2022-02-03,44093.65668317936,40522.95600707172
2022-02-04,44362.60290292359,40713.50494401492
2022-02-07,44320.06788374754,40582.841722736404
2022-02-08,44798.200206483074,40916.74968799421
2022-02-09,45603.581115311245,41515.61567343597
2022-02-10,45037.512529464366,40769.759082052675
2022-02-11,44358.20790830503,39965.82667795491
2022-02-14,44384.48216795013,39835.17817133452
2022-02-15,44994.723381724194,40477.58483018819
2022-02-16,45043.75722618077,40522.956007071705
2022-02-17,43990.840158830775,39657.33387022229
2022-02-18,43795.196784556734,39400.54248530147
2022-02-22,43525.230540507204,38977.71089802173
2022-02-23,43046.17115385727,38286.29559879438
2022-02-24,43599.42498138141,38862.47452432857
2022-02-25,43887.310788061215,39719.93296884647
2022-02-28,43897.855716533464,39618.313539788454
2022-03-01,44068.73241232573,39014.91249671048
2022-03-02,43966.61706381158,39732.64349054071
2022-03-03,44016.220139707875,39534.83139834366
2022-03-04,44185.28207140954,39213.62806891682
2022-03-07,44296.485647291185,38057.63864022151
2022-03-08,44642.5071800617,37769.1018518472
2022-03-09,44334.051697637005,38781.71753756977
2022-03-10,44346.43945745733,38606.59544821192
2022-03-11,44202.71529089468,38115.714452935994
2022-03-14,43954.92366053085,37837.151259843406
2022-03-15,43783.95989339492,38669.20926149425
2022-03-16,43953.77460287653,39526.66770601216
2022-03-17,44053.44562154494,40021.183221846644
2022-03-18,43981.098168068245,40459.521115865646
2022-03-21,44069.86199804163,40447.6905307277
2022-03-22,44050.04594400373,40920.987509536164
2022-03-23,44193.38137020109,40393.9908573416
2022-03-24,44407.870042681636,41002.90401135574
2022-03-25,44301.26788214305,41203.14696507616
2022-03-28,44067.50197299931,41496.23058281318
2022-03-29,44504.705780543234,42009.57203226145
2022-03-30,44341.89810417154,41750.17026698806
2022-03-31,43982.020876496754,41107.584089305186
2022-04-01,43787.591035229205,41224.08003773443
2022-04-04,44674.85279006935,41577.23477582859
2022-04-05,43545.59325171766,41052.05391244749
2022-04-06,42282.1460904372,40641.55615161381
2022-04-07,42365.884241140135,40846.348877628574
2022-04-08,41912.38812965236,40737.130799111306
2022-04-11,41176.75173460676,40040.84494804233
2022-04-12,41150.53075165456,39892.48293596292
2022-04-13,41550.873095988485,40349.393671475846
2022-04-14,41125.23487134946,39846.96755542972
2022-04-18,41261.242488324904,39863.356741656884
2022-04-19,41596.42720860045,40506.85817107556
2022-04-20,41507.06210245645,40476.82261089699
2022-04-21,41159.82591710711,39871.54986330466
2022-04-22,40675.907870585856,38777.50325948086
2022-04-25,40826.53494340819,39002.31969228134
2022-04-26,40087.634430728176,37872.77839011208
2022-04-27,40104.372056699845,37979.26542808009
2022-04-28,40791.451056718746,38938.611108434015
2022-04-29,39998.131392464275,37499.60288816382
2022-05-02,40244.25926215586,37725.331629768465
2022-05-03,40236.980765065135,37898.267120927936
2022-05-04,40416.36286514081,39052.38190217725
2022-05-05,40266.85306572422,37664.348200607135
2022-05-06,40264.47596456589,37439.53765366991
2022-05-09,40045.45034167954,36240.81980069156
2022-05-10,39989.88660131242,36324.560920119475
2022-05-11,40000.93909052507,35747.493229234125
2022-05-12,39853.43265294206,35710.1827420752
2022-05-13,39856.48272541984,36563.93603567552
2022-05-16,39923.18961118959,36415.57696652773
2022-05-17,39915.27646142234,37164.664896836766
2022-05-18,39816.69658488076,35666.49492208196
2022-05-19,39951.28673229539,35448.04405038929
2022-05-20,39951.42140561299,35463.52387074391
2022-05-23,40031.23622394745,36127.04900694831
2022-05-24,40067.77576263559,35851.263941311
2022-05-25,40039.6087855363,36168.00284346066
2022-05-26,40083.370349267694,36890.692677081286
2022-05-27,40154.75499366382,37796.32102645936
2022-05-31,40046.27427859997,37584.25337346426
2022-06-01,40015.10092526875,37280.25147939346
2022-06-02,40372.02715157901,37990.19253320872
2022-06-03,40079.34627727171,37366.720696439006
2022-06-06,40032.758379690225,37480.49149018224
2022-06-07,40156.068593122785,37840.01767524747
2022-06-08,40022.9469616862,37428.616434404496
2022-06-09,39813.42341104905,36538.45024779128
2022-06-10,39680.57042563391,35478.997805235274
2022-06-13,39052.90856625968,34131.91794017752
2022-06-14,38992.21818087101,34029.07425156293
2022-06-15,39270.73430869916,34514.20475844097
2022-06-16,39021.09462871027,33371.917619397966
2022-06-17,39008.012042554314,33443.854640072575
2022-06-21,39155.617243431385,34285.765576808444
2022-06-22,39149.20605504798,34223.60497499659
2022-06-23,39097.39073558809,34559.08152281125
2022-06-24,39344.25948673804,35657.84270310046
2022-06-27,39296.30915919633,35521.6467703644
2022-06-28,39106.88812415266,34795.83448628821
2022-06-29,39006.74302484121,34767.49994058967
2022-06-30,38880.24845909607,34485.043248955415
2022-07-01,38880.82310265225,34849.76370834116
2022-07-05,38720.09079987207,34915.58237416458
2022-07-06,38588.043164128474,35033.50564443261
2022-07-07,38636.88467672975,35558.20680995861
2022-07-08,38638.64938886024,35528.96584131915
2022-07-11,38540.85506347952,35123.0943690021
2022-07-12,38484.143471808464,34812.2913599428
2022-07-13,38519.698466304086,34629.46467558715
2022-07-14,38403.958967131766,34545.37040436407
2022-07-15,38424.30105474673,35205.36696554846
2022-07-18,38413.54638399801,34914.675951223675
2022-07-19,38498.10284001259,35858.03562698324
2022-07-20,38445.65147256935,36086.5689824278
2022-07-21,38612.802598691844,36454.04991167907
2022-07-22,38604.9335446074,36115.81289399889
2022-07-25,38563.09499998293,36159.69789041109
2022-07-26,38516.55469310643,35731.89569161444
2022-07-27,38701.54865467128,36659.719631318476
2022-07-28,38842.03851000144,37119.5232686201
2022-07-29,38908.29918253676,37660.68130780067
2022-08-01,38955.87191838105,37549.15302795671
2022-08-02,38886.57166008708,37301.42881537669
2022-08-03,39066.69105497287,37885.55365630205
2022-08-04,39288.896629134775,37859.95603701602
2022-08-05,39119.26005718439,37795.967874664195
2022-08-08,39086.20123393124,37752.085821183624
2022-08-09,38913.462983086785,37602.17582706875
2022-08-10,39140.75177864194,38391.97627349677
2022-08-11,39090.740698079135,38391.97627349677
2022-08-12,39356.53841439341,39041.908008519036
2022-08-15,39275.41754544574,39202.79219466858
2022-08-16,39210.171041497684,39279.57916666342
2022-08-17,38722.697724381935,39000.76876731422
2022-08-18,38779.58455311503,39114.12166476652
2022-08-19,38535.27400427998,38588.50819043635
2022-08-22,38256.72455535751,37785.0025114244
2022-08-23,38344.120373317026,37693.58622631495
2022-08-24,38382.363335459915,37814.249365927106
2022-08-25,38608.85934343746,38348.097162947815
2022-08-26,38145.743399032806,37050.04948171675
2022-08-29,38048.81826286082,36805.068081412486
2022-08-30,37887.48428174171,36401.0241696354
2022-08-31,37745.885833493994,36124.04427375779
2022-09-01,37663.40971493303,36237.39717121008
2022-09-02,37715.21064191523,35855.304586433966
2022-09-06,37650.16041689048,35720.015076638825
2022-09-07,37782.67974665939,36361.71837483381
2022-09-08,37738.98649622863,36599.39541884145
2022-09-09,37830.58142188369,37167.96686612152
2022-09-12,37900.235716470685,37567.44334801451
2022-09-13,37658.735395738266,35933.91323310553
2022-09-14,37639.7084941274,36071.033246372266
2022-09-15,37440.43524804517,35661.50665297528
2022-09-16,37482.695344197244,35389.45028170856
2022-09-19,37500.65015653012,35663.893370524245
2022-09-20,37437.586948420525,35254.52275250346
2022-09-21,37444.36561528535,34639.55010227066
2022-09-22,37420.12694294861,34348.58245237299
2022-09-23,37234.67640877054,33773.07745818123
2022-09-26,37121.92960436622,33438.97231650445
2022-09-27,37139.49972703789,33353.609641750416
2022-09-28,37373.19838905686,34009.88928029072
2022-09-29,37321.52965115097,33299.45381396223
2022-09-30,37279.805842950336,32784.52906729899
2022-10-03,37550.21601043794,33650.07763085773
2022-10-04,37749.404659650856,34692.78479245977
2022-10-05,37700.314603970306,34612.01014811122
2022-10-06,37677.0969681815,34254.96191147539
2022-10-07,37504.045157553126,33299.453813962224
2022-10-10,37349.60647312081,33045.20512196658
2022-10-11,37303.976054225466,32835.930311084885
2022-10-12,37353.47857019111,32727.62159844016
2022-10-13,37338.34382607812,33591.336715595695
2022-10-14,37167.12195122615,32825.83605560649
2022-10-17,37255.566758490175,33669.35971887361
2022-10-18,37294.82165045462,34064.96035981468
2022-10-19,37165.293445082265,33823.5605072997
2022-10-20,37146.43091006407,33539.94135767304
2022-10-21,37356.344879715856,34355.009815044934
2022-10-24,37348.73054504655,34775.38994027992
2022-10-25,37414.47719473485,35330.709366446514
2022-10-26,37430.64792956042,35064.52414377437
2022-10-27,37385.763047379325,34877.27717611594
2022-10-28,37352.09077102808,35707.03086230335
2022-10-31,37251.40286546698,35449.106448706385
2022-11-01,37223.16816758282,35293.993351476114
2022-11-02,37035.740733355255,34408.24450523406
2022-11-03,36960.27740646131,34053.950852600494
2022-11-04,37114.50259917408,34544.08728617497
2022-11-07,37171.41150311198,34874.519649182046
2022-11-08,37256.153160125024,35062.68775443953
2022-11-09,37124.77840282063,34340.31870036617
2022-11-10,37572.46474159861,36227.4618340395
2022-11-11,37661.459267803475,36578.08859386663
2022-11-14,37609.36886677412,36266.93831887542
2022-11-15,37688.78047405421,36576.25809039504
2022-11-16,37626.71863224835,36297.22108531061
2022-11-17,37596.13026134149,36186.157788663615
2022-11-18,37603.58636446798,36350.45577549974
2022-11-21,37555.23646882543,36218.288716160154
2022-11-22,37651.15080555739,36705.67645159561
2022-11-23,37721.91241300175,36936.976162768944
2022-11-25,37711.656682746354,36928.71241076214
2022-11-28,37601.65723460204,36339.44332535392
2022-11-29,37597.93571357398,36277.02963142219
2022-11-30,37846.846451364036,37419.772924867284
2022-12-01,37906.157951390865,37392.241799502735
2022-12-02,37832.49175762392,37349.10430772363
2022-12-05,37643.037759573424,36677.22418863201
2022-12-06,37495.75184234407,36148.52652195743
2022-12-07,37518.13988149212,36087.0280797615
2022-12-08,37686.27874175964,36369.73492058399
2022-12-09,37644.484897479866,36098.04935870219
2022-12-12,37748.10277557609,36618.477387506726
2022-12-13,37891.907052041664,36895.67800325631
2022-12-14,37780.41697297524,36659.78143288261
2022-12-15,37518.740379454684,35763.02013649474
2022-12-16,37474.98144952808,35340.79479313003
2022-12-19,37387.54587802279,35041.12489441323
2022-12-20,37397.72520218921,35089.07113646979
2022-12-21,37530.43392165714,35613.7399297479
2022-12-22,37279.321832372945,35105.6663279108
2022-12-23,37285.58785905782,35307.60146731637
2022-12-27,37168.90278730347,35168.36548621029
2022-12-28,37078.55497277743,34731.295995722256
2022-12-29,37276.04837891924,35356.474732835246
2022-12-30,37288.883696406905,35263.34566151926
2023-01-03,37239.48167632155,35114.88947562781
2023-01-04,37394.38807428951,35385.97762238946
2023-01-05,37233.676301523534,34982.110286509946
2023-01-06,37572.484102937786,35784.324018537925
2023-01-09,37699.28351487652,35764.03250497422
2023-01-10,37790.079403698706,36014.84679576191
2023-01-11,37884.59183179149,36470.347867025805
2023-01-12,38052.960432384825,36603.129999075296
2023-01-13,38172.118469996305,36745.135278841786
2023-01-17,38174.370667746,36677.8245466838
2023-01-18,38076.08717399344,36098.755662292526
2023-01-19,38005.14584305984,35835.96363978557
2023-01-20,38205.73698242809,36503.54707870271
2023-01-23,38924.10371442377,36941.54064972142
2023-01-24,38860.1475658467,36901.8964177828
2023-01-25,38837.6200419733,36915.72525349504
2023-01-26,39327.42473631337,37321.43780750427
2023-01-27,39522.79322216727,37407.191892164614
2023-01-30,38897.36846075027,36937.856099325225
2023-01-31,39357.20938685826,37480.95941631082
2023-02-01,40391.8142922505,37879.305812459286
2023-02-02,41387.158353706494,38430.705253699576
2023-02-03,40642.04954409419,38022.22634396156
2023-02-06,40310.45753606646,37789.858348607864
2023-02-07,41116.6092620808,38284.09722886947
2023-02-08,40492.34795766227,37865.46520502053
2023-02-09,40243.51559211534,37537.204725553696
2023-02-10,39825.764176719575,37624.80697127539
2023-02-13,40546.46763187557,38066.4850926903
2023-02-14,40923.25462897524,38048.96876365024
2023-02-15,41106.38170982735,38172.52774798274
2023-02-16,40360.28114420086,37646.9289883107
2023-02-17,40049.58821696193,37552.88466525891
2023-02-21,39161.84516635026,36799.544198749805
2023-02-22,39117.5469746819,36748.82277216959
2023-02-23,39818.33231506001,36944.30406251856
2023-02-24,39002.76915013861,36549.659874356046
2023-02-27,39332.70405859697,36674.13411042434
2023-02-28,39300.008708278125,36538.59445144096
2023-03-01,39119.84696326991,36398.431446872564
2023-03-02,39513.99897333288,36681.50615414835
2023-03-03,40453.482860476994,37269.80112918825
2023-03-06,40354.083611779235,37295.62241127789
2023-03-07,39867.03032586967,36723.93145647388
2023-03-08,40238.81404895968,36783.86720197622
2023-03-09,39658.136331694666,36105.20951134911
2023-03-10,39265.28654210291,35584.231154330446
2023-03-13,39326.26762773679,35533.512670681856
2023-03-14,39640.94629130683,36120.88062225944
2023-03-15,39703.64713888132,35894.97236182559
2023-03-16,40110.9126626491,36524.75972986546
2023-03-17,40056.999839012125,36097.68443518051
2023-03-20,40233.13782196479,36444.788505850905
2023-03-21,40517.78284610006,36923.3268458859
2023-03-22,40210.43881733504,36293.91323016258
2023-03-23,40824.12884629499,36392.02762765362
2023-03-24,40702.94759112637,36630.837700337404
2023-03-27,40383.537174214805,36699.32854807756
2023-03-28,40225.792411153576,36616.95000599264
2023-03-29,41161.231421797514,37149.170361823984
2023-03-30,41566.63436466739,37366.691267122726
2023-03-31,42040.10460155551,37893.361253906754
2023-04-03,41948.40748464496,38037.75619415384
2023-04-04,41775.61152472607,37826.71856722795
2023-04-05,41256.98224607626,37727.67714627462
2023-04-06,41469.85565451924,37874.84432811373
2023-04-10,41559.66192309557,37913.71751196624
2023-04-11,41206.816595999226,37923.905941256686
2023-04-12,40619.697354994634,37769.32257171916
2023-04-13,41677.66979752851,38271.00412606381
2023-04-14,41502.9290232028,38177.518960021036
2023-04-17,41505.61694562987,38314.50654136459
2023-04-18,41580.82036145379,38339.50085966721
2023-04-19,41420.3196167339,38333.0116954311
2023-04-20,41132.31098738305,38123.83400129308
2023-04-21,41027.18997678458,38153.45460811233
2023-04-24,40889.280252252,38193.25187249553
2023-04-25,39706.5191102281,37586.98147108186
2023-04-26,39965.03061799988,37427.77475595934
2023-04-27,41447.17715997264,38172.89561443604
2023-04-28,41883.540164220954,38498.7016889265
2023-05-01,41942.264787158194,38459.83144800561
2023-05-02,41563.84694983618,38027.573650726656
2023-05-03,41298.68027577851,37766.550330127146
2023-05-04,41094.271063765744,37499.0584458129
2023-05-05,42206.5166466739,38193.251872495544
2023-05-08,42354.16437435023,38203.42853005947
2023-05-09,42038.48272273999,38035.90509016087
2023-05-10,42514.91516890913,38213.616959349914
2023-05-11,42552.170409538965,38146.97132973949
2023-05-12,42424.52724038684,38096.99446486074
2023-05-15,42806.063353238875,38228.42873422536
2023-05-16,42775.65563915404,37972.958725604774
2023-05-17,43417.94911512073,38433.91304917231
2023-05-18,44322.539134023405,38804.16033415235
2023-05-19,44235.67814613388,38747.69724796912
2023-05-22,44377.324460820644,38763.43310337524
2023-05-23,43752.18438044543,38328.39717864101
2023-05-24,43403.26018222033,38050.71686503633
2023-05-25,44786.09489061802,38380.22809044437
2023-05-26,46179.04840761244,38877.27747040914
2023-05-30,46420.37162719306,38892.083359421325
2023-05-31,46018.0214078567,38676.42532984207
2023-06-01,46742.61120180553,39043.888601503575
2023-06-02,46891.68968946563,39608.50474867783
2023-06-05,46778.61105453601,39532.60654203414
2023-06-06,46864.567181666716,39618.690235036636
2023-06-07,46070.48178266502,39481.693824898204
2023-06-08,46719.075431668425,39720.50095465037
2023-06-09,46879.23925291991,39791.77581570905
2023-06-12,47891.60730678119,40152.76169486094
2023-06-13,48310.80080910828,40417.47839465153
2023-06-14,48828.64622428507,40465.61592726381
2023-06-15,49301.61221154481,40967.300424540095
2023-06-16,48919.028625566934,40827.746606818364
2023-06-20,48753.75985708473,40615.93204594312
2023-06-21,47919.490315198906,40407.82557891708
2023-06-22,48342.04441511573,40553.68904204572
2023-06-23,47782.66090220112,40247.09736814374
2023-06-26,47012.027258119466,40082.65812058955
2023-06-27,48296.210233859594,40522.099613968436
2023-06-28,48246.894356495075,40542.53827411347
2023-06-29,48137.39520427887,40702.33063262964
2023-06-30,48987.181515936936,41182.64944629859
2023-07-03,49115.068395489645,41230.02475961964
2023-07-05,48931.88117476619,41168.7146650478
2023-07-06,48512.24781525386,40846.33122003879
2023-07-07,48385.52757749684,40743.2079529197
2023-07-10,48514.43888840542,40846.33122003878
2023-07-11,48808.223781320936,41106.46871821876
2023-07-12,49789.8927691641,41437.20420318337
2023-07-13,50712.93836951621,41766.08269829174
2023-07-14,50625.04710321456,41740.07895444128
2023-07-17,51219.5730602833,41885.00067944948
2023-07-18,51731.64886230621,42196.2304135946
2023-07-19,51606.06347892638,42290.06873143254
2023-07-20,50232.98851700379,42009.49257310753
2023-07-21,50118.04909126152,42009.49257310753
2023-07-24,50189.3184721127,42197.16037998853
2023-07-25,50790.076151605135,42312.36732436543
2023-07-26,50458.431176212245,42318.86826032804
2023-07-27,50359.26025041142,42038.29504493465
2023-07-28,51356.52021276519,42449.866975811965
2023-07-31,51425.382035855895,42530.68870706654
2023-08-01,51278.045373216984,42408.98082672703
2023-08-02,49792.96193810038,41819.04663877125
2023-08-03,49701.28322865615,41699.18986242471
2023-08-04,49593.159053330644,41510.60386087629
2023-08-07,49950.340944745265,41872.92288805492
2023-08-08,49440.30367803953,41690.82899367423
2023-08-09,48750.35478353483,41412.12159693195
2023-08-10,48751.25317186838,41426.98634457666
2023-08-11,48243.33601039394,41402.82781885592
2023-08-14,49033.50687577829,41631.37000309536
2023-08-15,48553.47980888287,41146.41312918328
2023-08-16,47990.205051131525,40844.47717311419
2023-08-17,47555.69543512518,40533.24743896907
2023-08-18,47571.16385102763,40552.7590756518
2023-08-21,48578.96341858691,40816.60172474935
2023-08-22,48395.362580441986,40706.04755527372
2023-08-23,49244.85965182572,41159.42677283502
2023-08-24,48572.47776148509,40588.98950690385
2023-08-25,48696.2314351603,40875.13369186592
2023-08-28,48999.28979604327,41134.34122365198
2023-08-29,49756.85057462997,41728.925243577396
2023-08-30,50061.79131266313,41900.79833641976
2023-08-31,50249.524810893236,41839.479413053035
2023-09-01,50233.7613935634,41917.51713098908
2023-09-05,50270.17935478011,41736.35614593395
2023-09-06,49733.40946027474,41455.78293054056
2023-09-07,49202.86416636709,41328.50996649561
2023-09-08,49235.06797006595,41390.74708452975
2023-09-11,49950.10818827378,41662.9623741043
2023-09-12,49285.13912572264,41434.42018986485
2023-09-13,49533.301550236894,41482.72841251147
2023-09-14,49941.100098381845,41840.409379446966
2023-09-15,48933.6611155081,41336.305792373816
2023-09-18,49011.50489601178,41360.54377724847
2023-09-19,48794.08615511151,41274.76909206675
2023-09-20,48036.68046149148,40895.31337402785
2023-09-21,47173.1349452228,40219.38083808674
2023-09-22,47262.15369646302,40128.950435072125
2023-09-25,47439.92911458112,40297.698134527294
2023-09-26,46729.51745835138,39705.677408048425
2023-09-27,46802.39882200667,39721.52215192472
2023-09-28,47171.51935599074,39951.80655168696
2023-09-29,47174.703677827136,39854.84578339346
2023-10-02,47559.66977741372,39838.995153653916
2023-10-03,46679.24298522447,39305.70945657384
2023-10-04,47313.1946644326,39591.930157758194
2023-10-05,47161.398853231796,39577.0124373442
2023-10-06,47909.75706147634,40046.901501329354
2023-10-09,48256.416696978165,40303.28970461737
2023-10-10,48535.5244115431,40513.061870943915
2023-10-11,48907.70077892003,40679.022614148926
2023-10-12,48619.529743545965,40431.018823064405
2023-10-13,48187.41392789602,40229.63695480459
2023-10-16,48760.139085294846,40652.91292475991
2023-10-17,48685.96861025463,40651.044163177176
2023-10-18,48022.83072406891,40109.37111096199
2023-10-19,47460.81008360118,39756.949162842786
2023-10-20,46584.59930078867,39268.41368407306
2023-10-23,46744.25587885251,39200.35544728198
2023-10-24,47353.91836627312,39495.902298790264
2023-10-25,45775.62193726549,38929.04952357998
2023-10-26,45382.2956095961,38462.8862110338
2023-10-27,45492.41000069529,38288.54399855694
2023-10-30,45741.445997634524,38746.319955968014
2023-10-31,45839.638402872864,38989.65331456151
2023-11-01,46182.91860079836,39405.47483870727
2023-11-02,47006.49194562593,40160.6487516196
2023-11-03,47662.739654257515,40527.05256789562
2023-11-06,47741.01746370014,40620.281698886894
2023-11-07,48106.01946273112,40735.88593903335
2023-11-08,48047.78247207171,40765.721379861345
2023-11-09,47791.95308919358,40447.802362129514
2023-11-10,48816.918252595344,41078.98762269191
2023-11-13,48702.89516000167,41039.82603154001
2023-11-14,49821.90811212769,41836.02441132372
2023-11-15,49861.419423250736,41924.59488155048
2023-11-16,50038.570346607536,41975.881351002965
2023-11-17,50067.50882829463,42028.0889580545
2023-11-20,50661.928966316766,42351.60543173965
2023-11-21,50407.89165970713,42259.297438347414
2023-11-22,50569.07837847571,42422.4535677125
2023-11-24,50516.66869850132,42448.560314169896
2023-11-27,50497.73806128727,42372.11177931209
2023-11-28,50680.403854162985,42414.06326964577
2023-11-29,50665.501047116246,42384.22782881779
2023-11-30,50431.29032515508,42551.12148134835
2023-12-01,50689.63201752187,42802.84219507696
2023-12-04,49979.66202220675,42578.15819419967
2023-12-05,50025.78672560689,42569.75906733806
2023-12-06,49570.825347035425,42398.21852576949
2023-12-07,50288.380745586306,42721.73205652301
2023-12-08,50489.321772330186,42905.39453346054
2023-12-11,50884.81208101552,43072.28230012785
2023-12-12,51331.84441980201,43269.00845055477
2023-12-13,52124.118821922595,43865.69078072978
2023-12-14,52241.47481451987,44006.47474387133
2023-12-15,52416.70230781237,43934.01682429886
2023-12-18,52851.419132006355,44181.14362175873
2023-12-19,53180.35656374513,44449.80384992864
2023-12-20,52243.14267083169,43833.85120346427
2023-12-21,52997.27709006115,44249.48143705431
2023-12-22,53094.77590989416,44338.40505907624
2023-12-26,53510.260981776686,44525.62259741842
2023-12-27,53620.212309945826,44606.13826378385
2023-12-28,53587.17208700752,44622.98654734473
2023-12-29,53319.34570636684,44493.8065636059
2024-01-02,52242.817909683356,44244.79923283678
2024-01-03,51601.94998614687,43883.46608775298
2024-01-04,51389.858371849106,43742.11119587592
2024-01-05,51554.16849908655,43802.023397925244
2024-01-08,52666.44840892498,44427.3433957563
2024-01-09,52778.71208102117,44359.94143271791
2024-01-10,53093.501614911176,44610.814582138126
2024-01-11,53228.14540033452,44591.16462766896
2024-01-12,53301.12244698178,44622.04775215592
2024-01-16,53431.98363246382,44458.22652024327
2024-01-17,53009.28970261649,44211.0997227834
2024-01-18,54064.8740721552,44604.260673406236
2024-01-19,55479.17169737619,45160.307003684546
2024-01-22,55570.300992173215,45255.787477369995
2024-01-23,55885.760339737426,45387.77501788036
2024-01-24,56338.986694603045,45437.3928451007
2024-01-25,56519.50109171412,45684.52552842382
2024-01-26,55984.28185030908,45626.49091675211
2024-01-29,56682.02783449279,45987.82111890429
2024-01-30,56237.176948327935,45952.24696140492
2024-01-31,55051.61138683546,45202.43212698419
2024-02-01,55988.19046716258,45794.04672889861
2024-02-02,57143.42831445326,46276.14307326988
2024-02-05,57265.25420582044,46107.639637139706
2024-02-06,57006.52993912562,46241.50476802769
2024-02-07,57765.77617802085,46627.17301472982
2024-02-08,57994.65675407108,46647.773536114306
2024-02-09,58751.460578790204,46917.36667360976
2024-02-12,58528.50141632563,46896.77203808853
2024-02-13,57446.74678643665,46250.86329059949
2024-02-14,58297.17457307295,46671.17278547544
2024-02-15,58414.7535424912,46993.19130696278
2024-02-16,57880.24584570905,46759.16938403507
2024-02-20,57298.87502807658,46501.73938295133
2024-02-21,57016.2602514184,46543.86450625097
2024-02-22,58612.88429114616,47507.11545687307
2024-02-23,58399.63617356405,47539.87322880602
2024-02-26,58364.78838836751,47365.757622064375
2024-02-27,58406.162574855814,47453.74833476075
2024-02-28,58141.25550796468,47391.03740473476
2024-02-29,58693.449227350204,47561.40665951604
2024-03-01,60092.480976871404,48007.922960524695
2024-03-04,60213.04515540291,47956.44225758488
2024-03-05,59173.96316950395,47477.15346998515
2024-03-06,59664.59211953862,47717.72930164476
2024-03-07,60541.72473858765,48191.39708983814
2024-03-08,59288.56165413564,47902.14811201026
2024-03-11,58894.76395352003,47860.95589803617
2024-03-12,59885.30244156028,48375.81590020364
2024-03-13,59530.49288740714,48299.98243805574
2024-03-14,59194.02237377294,48204.51079316517
2024-03-15,58601.598270795024,47873.507501422566
2024-03-18,59064.079848255606,48158.02424519528
2024-03-19,59075.493594008905,48425.6485614327
2024-03-20,59823.153641415025,48873.54804030573
2024-03-21,60161.71007226907,49035.06495675495
2024-03-22,60282.7742224398,48942.094803746775
2024-03-25,60197.27297705822,48806.881810173916
2024-03-26,59979.81467978718,48716.739814458684
2024-03-27,60091.107442697816,49126.14869059061
2024-03-28,60144.65305948804,49116.74896697604
2024-04-01,60473.58763662833,49031.29800427321
2024-04-02,60083.503092602616,48719.55914295673
2024-04-03,60302.512427292946,48773.07929751361
2024-04-04,59520.73593619583,48177.74188709184
2024-04-05,60285.20914542474,48681.053825557494
2024-04-08,60315.37696076286,48708.27888603291
2024-04-09,60487.69724886933,48764.62425495109
2024-04-10,60133.271576595595,48276.341868301235
2024-04-11,61266.30767572081,48640.68268950717
2024-04-12,60389.443269656396,47969.28521120228
2024-04-15,59921.14755627973,47368.323858442556
2024-04-16,60052.36437036162,47281.93410055092
2024-04-17,59105.15356290049,47002.10838979062
2024-04-18,58765.24391307609,46905.38599895886
2024-04-19,57278.58599013475,46495.98300869018
2024-04-22,57748.2981924633,46924.167788598264
2024-04-23,58656.012545413694,47480.9998816208
2024-04-24,58715.440471808004,47458.459968294555
2024-04-25,58765.74539124406,47278.17009100082
2024-04-26,59619.8637994663,47726.08134160036
2024-04-29,59623.293053261325,47895.1056766284
2024-04-30,58816.98768160698,47136.38258817469
2024-05-01,58644.10289571504,46983.33248601451
2024-05-02,59233.73636308782,47422.78280818827
2024-05-03,59770.01115708164,48010.6010283047
2024-05-06,60296.54799695679,48506.39966232827
2024-05-07,60198.315635466264,48559.92275981678
2024-05-08,60176.04465273625,48564.60790696594
2024-05-09,60358.1859301461,48844.44244652111
2024-05-10,60599.52841283689,48907.36232469258
2024-05-13,60510.213948758465,48913.92800515098
2024-05-14,60849.08645910084,49138.34714218189
2024-05-15,61911.398529104736,49746.833571110205
2024-05-16,61719.36162969845,49644.46663741909
2024-05-17,61811.865412377934,49715.838615221444
2024-05-20,62345.76643793099,49773.125722260054
2024-05-21,62391.69042303848,49895.204411984494
2024-05-22,62271.84990329352,49751.524604122606
2024-05-23,61876.136566169684,49388.13140690036
2024-05-24,62555.72463086578,49714.908648827506
2024-05-28,63018.92832673421,49749.64112788173
2024-05-29,62426.39459340207,49401.27453954364
2024-05-30,61819.04089902571,49073.55850242769
2024-05-31,61738.50914498373,49520.53390077004
2024-06-03,62241.764806213614,49560.910922683615
2024-06-04,62366.02943602107,49616.31455348137
2024-06-05,64572.666582255486,50206.00153518053
2024-06-06,64461.56202663749,50205.071568786596
2024-06-07,64095.98449237187,50144.035166856
2024-06-10,64547.024746726565,50298.96285939382
2024-06-11,64877.34689374808,50420.105696861065
2024-06-12,65976.07593475976,50834.2056060054
2024-06-13,66459.15553831431,50936.554882106764
2024-06-14,66935.25312935693,50967.543952132284
2024-06-17,67736.36005588781,51373.19764750899
2024-06-18,68022.57014974712,51503.71077927455
2024-06-20,67274.40583207316,51363.80380975766
2024-06-21,66769.00857808837,51294.94509556421
2024-06-24,65625.26745764635,51128.20447547822
2024-06-25,66913.83031356738,51325.08660128134
2024-06-26,66970.5242759866,51389.15422278708
2024-06-27,67090.5294327728,51470.16135873411
2024-06-28,66819.40682921858,51267.62291834514
2024-07-01,67148.29336589696,51373.1329030132
2024-07-02,67755.40190353149,51718.85673875082
2024-07-03,68725.66951362729,51949.6590944793
2024-07-05,69375.38660426863,52249.225990589184
2024-07-08,69658.33586994768,52309.51488788668
2024-07-09,69848.25055553594,52360.38640397985
2024-07-10,70871.87029491394,52878.50717438932
2024-07-11,69054.72482776138,52422.56466338146
2024-07-12,69527.07243434372,52753.2148033289
2024-07-15,69688.4885815126,52898.28367491842
2024-07-16,69781.36575248322,53211.98252869805
2024-07-17,66861.60184654135,52465.90227451115
2024-07-18,66827.6151113571,52062.70298411082
2024-07-19,65835.06112658196,51716.97326250995
2024-07-22,67098.15198699673,52250.173614572865
2024-07-23,66827.41353804775,52168.21296877889
2024-07-24,64303.63554206363,50985.95493238675
2024-07-25,63431.97315688226,50720.29649447572
2024-07-26,64232.361722470036,51288.347042857924
2024-07-29,64190.589753871376,51318.4944344383
2024-07-30,63033.27319626275,51058.498196976376
2024-07-31,65663.64145652656,51888.42845906136
2024-08-01,64729.73958976816,51153.63140472991
2024-08-02,63803.253487524555,50201.239871809055
2024-08-05,62211.644497792455,48739.1884969045
2024-08-06,62676.35214316713,49188.547669864194
2024-08-07,62043.63897230335,48859.766291499494
2024-08-08,63893.061673994496,49989.278164352494
2024-08-09,64159.81505546818,50209.70374316645
2024-08-12,64382.828533152926,50236.090068128346
2024-08-13,65174.36691374867,51062.259263594846
2024-08-14,65053.205406777844,51223.343569094985
2024-08-15,65885.31000256073,52101.32013291184
2024-08-16,66191.49131774377,52218.14274675161
2024-08-19,66626.35062196,52717.416983025905
2024-08-20,66525.7908365157,52631.70115647671
2024-08-21,66708.87069002411,52812.561962505955
2024-08-22,66002.76407744925,52398.06770052368
2024-08-23,66563.95856146868,52954.81150559744
2024-08-26,66275.22756167086,52828.57739641659
2024-08-27,66463.17649019815,52901.11477514298
2024-08-28,66008.27048012501,52594.01985993289
2024-08-29,65872.96946974922,52598.7226646718
2024-08-30,66469.76100444114,53100.82800117065
2024-09-03,64541.52935605796,52008.064515535945
2024-09-04,64370.439961099226,51901.61867861071
2024-09-05,64458.57534173553,51775.38456942986
2024-09-06,62836.96033812455,50903.994286592795
2024-09-09,63588.02091431038,51473.91653948936
2024-09-10,64045.56746873494,51698.13850010131
2024-09-11,64859.05297238094,52228.50186607642
2024-09-12,65363.06717861417,52668.43482903691
2024-09-13,65732.16042946499,52943.50476228901
2024-09-16,65662.67573287312,53021.70434146451
2024-09-17,65633.98087755775,53043.36431823448
2024-09-18,65398.772307521176,52886.05285107933
2024-09-19,66484.76201736565,53788.52049189071
2024-09-20,66429.2392163458,53695.54151008766
2024-09-23,66562.6279205943,53829.709762933155
2024-09-24,66953.53401911534,53983.736918393304
2024-09-25,66992.64204973096,53864.67179065425
2024-09-26,67668.0173689804,54078.22856705229
2024-09-27,67202.55535724013,53999.79943920995
2024-09-30,67262.72311949289,54216.193201695794
2024-10-01,66634.46208837559,53730.50353780875
2024-10-02,66555.32412023396,53753.16999719493
2024-10-03,66395.22500821143,53654.90551019095
2024-10-04,67368.59603345381,54142.48453618211
2024-10-07,66526.43113342038,53653.01026222357
2024-10-08,67620.12044689988,54160.43641910288
2024-10-09,67995.62969866321,54535.58957110404
2024-10-10,67918.19023607601,54440.13852673487
2024-10-11,68123.7768275684,54766.13883471266
2024-10-14,68600.96032008524,55214.029484790815
2024-10-15,68005.37367919476,54785.03245575386
2024-10-16,68072.0371694271,55023.16271123196
2024-10-17,68101.26902221027,55027.88317356063
2024-10-18,68429.38477722989,55239.55058785456
2024-10-21,68359.57012478475,55148.83766340381
2024-10-22,68473.22270474503,55119.543721995076
2024-10-23,67367.85582764455,54615.89628932401
2024-10-24,68012.74435160847,54734.007907216124
2024-10-25,68343.43160462394,54715.11428617493
2024-10-28,68429.55903041452,54884.25633846803
2024-10-29,69062.02763086383,54973.07990081466
2024-10-30,68784.1941444514,54806.76894874612
2024-10-31,67136.93581253616,53732.39289991287
2024-11-01,67701.40880885615,53959.17521103975
2024-11-04,67454.25719673121,53842.94118352525
2024-11-05,68613.95442516229,54493.99417549715
2024-11-06,70665.62277423502,55849.02584180933
2024-11-07,71981.54738652923,56280.85985693408
2024-11-08,71848.75730176816,56524.646426998035
2024-11-11,71390.81334683603,56578.513847486836
2024-11-12,71180.28865213247,56402.76197076094
2024-11-13,70847.98326668623,56430.160664202296
2024-11-14,70459.44739185236,56067.30308053604
2024-11-15,68174.9051650753,55349.157133346496
2024-11-18,68751.11123246678,55575.95121619989
2024-11-19,69260.51287051171,55779.09590050389
2024-11-20,69247.55249867053,55797.99540740835
2024-11-21,69702.38726031498,56097.53876006521
2024-11-22,69762.36319492896,56271.413046413494
2024-11-25,69469.20524119315,56462.29159169885
2024-11-26,69531.85437756334,56757.10271030055
2024-11-27,69332.293249067,56585.117786056384
2024-11-29,69769.5898637619,56936.639197097924
2024-12-02,70128.15239951895,57038.68829417339
2024-12-03,70311.45536555263,57065.139363631075
2024-12-04,71113.63842884936,57419.49187489717
2024-12-05,70955.04245643866,57324.99434037493
2024-12-06,71700.74045193862,57433.67091947294
2024-12-09,71098.35209306372,57137.90040516106
2024-12-10,71141.85733019529,56960.26505219431
2024-12-11,72512.25570279121,57400.59236799272
2024-12-12,71952.86493682377,57104.833625407344
2024-12-13,72180.74092375897,57093.50922450914
2024-12-16,73152.10335120231,57337.28402284658
2024-12-17,72809.52681762923,57101.04901533585
2024-12-18,69835.43240053176,55399.23994376382
2024-12-19,69438.45383533927,55382.22979896349
2024-12-20,70312.6336826208,56047.420634468406
2024-12-23,71098.75858303308,56383.05610059088
2024-12-24,72490.50480695315,57009.75927628634
2024-12-26,72439.79157550336,57013.549772221086
2024-12-27,71355.84359503767,56413.39183979535
2024-12-30,70307.22656021755,55769.625546530304
2024-12-31,69788.70253926386,55566.73395434617
2025-01-02,69621.22114951706,55430.20547033634
2025-01-03,71107.44097620495,56123.277640069326
2025-01-06,72171.14139325959,56446.58222267739
2025-01-07,70831.40200110311,55808.49578745121
2025-01-08,70850.82051946089,55890.038536954235
2025-01-09,70850.82051946089,55890.038536954235
2025-01-10,69756.80259972473,55036.73551189274
2025-01-13,69459.48046978159,55122.07464319376
2025-01-14,69360.59074244607,55197.91987706816
2025-01-15,71605.98339124073,56201.97751762129
2025-01-16,71136.04795768252,56093.88952484854
2025-01-17,72297.16046309238,56657.0665784575
2025-01-21,72902.24970110462,57175.669989653696
2025-01-22,73796.89252724152,57497.08521015763
2025-01-23,74002.46045237237,57810.90766706557
2025-01-24,73717.19334315645,57642.142310020645
2025-01-27,71905.8810296785,56826.77367362286
2025-01-28,72698.53731563312,57315.0413456146
2025-01-29,72622.18136482187,57058.10575704409
2025-01-30,73025.4209735936,57364.34133621929
2025-01-31,72962.61160682318,57059.05338102777
2025-02-03,72596.37428513517,56675.07732001079
2025-02-04,73093.86732980359,57055.268770956274
2025-02-05,73176.7660070232,57286.60085437749
2025-02-06,73495.26207126222,57485.71372235338
2025-02-07,72640.32111534178,56959.49988997143
2025-02-10,73081.27984233781,57346.33059466597
2025-02-11,72786.51254785017,57389.94484136854
2025-02-12,72837.54574483825,57205.06987660095
2025-02-13,73959.12310700341,57809.00653323493
2025-02-14,74049.67544249428,57806.16366128387
2025-02-18,74300.22185137511,57975.87664231249
2025-02-19,74328.49998527445,58112.40512632233
2025-02-20,73973.68089093483,57870.63152149081
2025-02-21,72469.885381295,56880.81178414598
2025-02-24,71590.13895368647,56621.975061744844
2025-02-25,70725.73786136869,56340.38359200874
2025-02-26,70779.18973128004,56368.83585497233
2025-02-27,69314.07997717388,55469.0757112572
2025-02-28,70110.7590697948,56334.703733969865
2025-03-03,69178.61240434965,55347.73275443935
2025-03-04,68927.85013548528,54692.58320164355
2025-03-05,69689.47903170981,55280.4043646916
2025-03-06,68199.21052095546,54299.1191290632
2025-03-07,68518.05234358487,54603.44180268127
2025-03-10,66468.10051809326,53149.06265052662
2025-03-11,66298.61797326402,52707.23443959876
2025-03-12,66552.53261463185,52986.92477550425
2025-03-13,66092.70201256912,52280.585869999646
2025-03-14,66721.10664283614,53360.48285856393
2025-03-17,66910.22885935676,53771.96355856082
2025-03-18,66529.39792107546,53190.775763398575
2025-03-19,66978.69731396661,53770.062424730204
2025-03-20,66896.49403657502,53614.58146104664
2025-03-21,66983.95888535501,53632.26259425778
2025-03-24,67648.18687179848,54592.74130328785
2025-03-25,67948.19379221901,54723.978396233506
2025-03-26,67468.9501362706,54070.66523277255
2025-03-27,67458.52988990989,53927.07371285946
2025-03-28,66694.80510510187,52841.067198238874
2025-03-31,66881.2663546011,53195.77286130013
2025-04-01,66829.8514266528,53346.02717841528
2025-04-02,66900.27965222896,53683.61675113767
2025-04-03,66594.8949646012,51038.050708036506
2025-04-04,65933.54233882161,48050.1304859099
2025-04-07,65525.58705667525,47964.54709128388
2025-04-08,65576.6933500977,47213.287277434596
2025-04-09,66712.81268582022,52171.59734014923
2025-04-10,67046.04840713843,49885.48685175427
2025-04-11,67510.80804550594,50775.58240800846
2025-04-14,67424.73028331151,51268.18207535418
2025-04-15,67537.33387874131,51124.58466957784
2025-04-16,68089.52761262936,49988.18339378754
2025-04-17,68020.23842434486,50059.50828468388
2025-04-21,68559.43476940755,48867.953527284066
2025-04-22,68369.97532059069,50139.39122074964
2025-04-23,67969.6943339717,50916.32517010724
2025-04-24,68368.39640107447,51988.058466340015
2025-04-25,68204.9308717843,52363.68837326465
2025-04-28,68495.9707205918,52383.6591072811
2025-04-29,68322.01081921581,52713.64414468098
2025-04-30,68181.96326605589,52734.5625026811
2025-05-01,67813.74647414229,53108.28538991186
2025-05-02,67910.18156821762,53896.63791397971
2025-05-05,68494.59812777105,53587.57712044322
2025-05-06,69034.37178341267,53139.67469863856
2025-05-07,68749.80228028056,53363.149154617415
2025-05-08,68389.74158657884,53734.97090801755
2025-05-09,68546.661750048,53666.506546662036
2025-05-12,68125.19844316717,55440.04663369483
2025-05-13,68802.99319721764,55806.17087146635
2025-05-14,68545.89244982746,55877.489876499414
2025-05-15,68978.10332044197,56150.40558380103
2025-05-16,68873.1305099863,56506.070642572486
2025-05-19,69214.99617282205,56567.878092589184
2025-05-20,69521.48084059583,56377.68819330439
2025-05-21,69117.29660660811,55427.67454913764
2025-05-22,69006.21088386945,55449.552302847966
2025-05-23,68933.14967230079,55071.07363810901
2025-05-26,68933.14967230079,55071.07363810901
2025-05-27,70007.4592300621,56216.02118734224
2025-05-28,69756.83688629535,55890.7978133138
2025-05-29,69984.9001297164,56111.42351147835
2025-05-30,69752.54583328492,56048.65666575146
2025-06-02,70731.25048064454,56364.38025649003
2025-06-03,71409.97851504918,56685.801362857215
2025-06-04,71820.0965241234,56670.58052048572
2025-06-05,71312.32022039988,56396.711303337164
2025-06-06,71880.90976580881,56975.85081808748
2025-06-09,72186.55477842709,57027.19908910411
2025-06-10,72937.61623102687,57350.52721516518
2025-06-11,72765.18163580922,57186.9590753724
2025-06-12,73039.80000150029,57414.24168487576
2025-06-13,71966.84674920714,56772.3412102618
2025-06-16,73443.12387817363,57312.48688096292
2025-06-17,72700.99719516105,56822.74774315801
2025-06-18,72724.3575900432,56814.17792626206
2025-06-20,72271.54876787867,56680.751292186396
2025-06-23,73282.06373827558,57240.614604784074
2025-06-24,74681.05647775502,57872.968209202125
2025-06-25,75182.11062372515,57905.3934298613
2025-06-26,75946.94959905109,58358.43421028557
2025-06-27,76212.9561192038,58648.37771997727
2025-06-30,76789.80848732768,58928.792017062835
2025-07-01,75973.75074875275,58909.7159342608
2025-07-02,76785.49160920542,59176.77520762597
2025-07-03,77530.75125984775,59643.16512590738
2025-07-07,76808.38571439023,59198.70593410556
2025-07-08,76988.90327339989,59166.28071344638
2025-07-09,77628.01267711181,59521.08643618294
2025-07-10,77632.75466595248,59688.9512561502
2025-07-11,77512.45556424919,59479.108459464616
2025-07-14,77613.00654648956,59592.61733229311
2025-07-15,78033.84652999672,59337.95957280141
2025-07-16,78161.72117920243,59536.34259373398
2025-07-17,78808.58409786066,59900.677529076675
2025-07-18,78634.5252402395,59856.81607611749
2025-07-21,79168.47793126621,59970.30729135623
2025-07-22,78529.12113422948,59978.894765841935
2025-07-23,78909.38477442545,60489.163794672284
2025-07-24,79178.00101117755,60509.18750145799
2025-07-25,79121.33215389177,60764.79877079664
2025-07-28,79526.25438626314,60749.536727382365
2025-07-29,79448.64473712127,60589.30587205387
2025-07-30,79672.62331053117,60513.00154084575
2025-07-31,79067.06137479772,60286.007338641764
2025-08-01,77513.79788043967,59297.89450164022
2025-08-04,79711.00657508863,60199.20262739081
2025-08-05,79035.2169502346,59893.99707428484
2025-08-06,80175.8725420352,60352.7765713805
2025-08-07,80689.7955036584,60302.217006039726
2025-08-08,81502.16211146656,60772.42684957215
2025-08-11,81090.78180714001,60652.255179541586
2025-08-12,82365.04740974905,61297.95792181679
2025-08-13,82444.54111713581,61507.79483263913
2025-08-14,82361.36154656755,61513.510005857504
2025-08-15,81659.44455956307,61369.49470379022
2025-08-18,81731.59372372477,61356.13379420656
2025-08-19,80221.81178657246,61023.27056967611
2025-08-20,79820.64913648079,60861.12092292723
2025-08-21,79466.12592812632,60616.9694293416
2025-08-22,80741.4520660239,61547.84813207381
2025-08-25,80630.71176884258,61276.97481932089
2025-08-26,81110.62857299969,61533.53959850646
2025-08-27,81239.85273244008,61673.740861185994
2025-08-28,81559.23925878607,61892.15936063078
2025-08-29,80702.2113775805,61523.045104326884
2025-09-02,80390.31394648388,61067.14379436179
2025-09-03,80850.66566529762,61398.105885061625
2025-09-04,81210.23165306967,61911.2354434328
2025-09-05,81533.2891875582,61731.92261943902
2025-09-08,82024.74138358772,61883.57777200833
2025-09-09,82223.66088998101,62026.64545009192
2025-09-10,82958.34982811783,62205.95238822244
2025-09-11,83153.08276699526,62722.890100118115
2025-09-12,83289.73867830288,62701.90699762221
2025-09-15,84093.7768579443,63035.72961786285
2025-09-16,83922.19746560158,62948.93667833841
2025-09-17,83430.67511972899,62870.725327436405
2025-09-18,84775.9615108011,63164.49464824236
2025-09-19,85344.62555166664,63477.3341659871
2025-09-22,86457.7159513537,63777.64856673008
2025-09-23,85818.12580946306,63430.47092276904
2025-09-24,85391.37751613166,63228.65644356015
2025-09-25,85126.52421934869,62936.95894661914
2025-09-26,85506.77424216809,63297.526929480104
2025-09-29,86089.91970257566,63475.42126042998
2025-09-30,86734.49830673808,63714.52268334478
2025-10-01,87497.22659943673,63931.6286352842
2025-10-02,88064.32399827184,64005.26667043883
2025-10-03,87687.51234415054,64004.31904645515
2025-10-06,88709.72867689312,64233.855941584305
2025-10-07,88066.24792975455,63995.70802851645
2025-10-08,89709.97231971669,64377.31797250583
2025-10-09,89483.65020325291,64190.818509480494
2025-10-10,85649.93261517868,62455.87791365896
2025-10-13,88922.52902580962,63414.20828260179
2025-10-14,87856.68699942864,63336.73855046963
2025-10-15,88973.86150790748,63617.923895641296
2025-10-16,88972.61656122835,63184.67727333589
2025-10-17,89405.84034690622,63543.326464776466
2025-10-20,90851.1616926836,64204.2088483804
2025-10-21,90070.77311809531,64203.2494526702
2025-10-22,88989.3068847556,63869.46214760907
2025-10-23,90065.42813889941,64248.20567619439
2025-10-24,91344.14343632259,64773.27765110531
2025-10-27,93034.46123460922,65537.45104893103
2025-10-28,94022.84608431351,65711.5136829034
2025-10-29,94855.63517915475,65743.08545339094
2025-10-30,93440.44576957297,65020.0365821119
2025-10-31,93693.22792798007,65233.31083707381
2025-11-03,94279.42579822133,65355.73679273016
2025-11-04,91555.99656486748,64581.03947140859
2025-11-05,92586.62299920965,64804.83764986634
2025-11-06,89966.14264617389,64109.522966234064
2025-11-07,89495.97156053068,64172.642963756116
2025-11-10,92884.47597758057,65174.01665066602
2025-11-11,92039.06030406564,65323.21151239569
2025-11-12,92406.11058222108,65359.55671798117
2025-11-13,89927.77085431774,64274.98635399423
2025-11-14,89893.42330667264,64264.46243049838
2025-11-17,89120.3969076678,63665.74064870631
2025-11-18,87358.7591751336,63131.10414600974
2025-11-19,88147.89008413046,63374.99666161225
2025-11-20,85820.30200151488,62409.020556304145
2025-11-21,86188.22232116436,63030.68543305527
2025-11-24,88649.87480096436,63958.409313084005
2025-11-25,88727.03292191382,64559.9916244169
2025-11-26,89577.06586023737,65005.68684750178
2025-11-28,90108.67223046627,65360.51611369135
2025-12-01,90115.21746034069,65062.10873264226
2025-12-02,90502.22210755124,65182.62766860473
2025-12-03,90778.56278919503,65408.33875261961
2025-12-04,90671.56279402008,65456.161391547874
2025-12-05,91092.90864933746,65580.48848103484
2025-12-08,91120.71008853168,65383.47098037691
2025-12-09,91333.26877511473,65327.04320937319
2025-12-10,91873.10527145457,65760.3016034051
2025-12-11,91660.0481748479,65913.32816211229
2025-12-12,90451.72894454963,65204.62313958009
2025-12-15,90051.1124191363,65106.10556045624
2025-12-16,90144.71396900003,64928.21711536962
2025-12-17,88692.68620373774,64213.773376166035
2025-12-18,89803.19664016554,64698.66844851396
2025-12-19,90999.15475671068,65285.06523265487
2025-12-22,91635.81146863206,65691.77838341707
2025-12-23,92104.91117255019,65992.02215380102
2025-12-24,92173.92415783281,66224.16060048787
2025-12-26,92430.97254496237,66217.44483051653
2025-12-29,91569.56098849337,65981.4688009889
2025-12-30,91469.85434356761,65900.89133305932
2025-12-31,90994.44957957577,65412.641318657355
2026-01-02,91386.15852797341,65532.54223897828
2026-01-05,92337.38121564653,65969.00254261967
2026-01-06,93413.94716685107,66361.33064359224
2026-01-07,93187.92992058852,66147.42071539903
2026-01-08,92787.1971976514,66140.70494542769
2026-01-09,93586.07567589621,66578.11875891601
2026-01-12,93986.29778216936,66682.67523373713
2026-01-13,93933.71850118319,66549.34277347352
2026-01-14,93622.68331242295,66222.2359232042
2026-01-15,93995.60369295826,66402.5787732672
2026-01-16,94023.8425037458,66346.93970793934
2026-01-20,92894.2707258489,64996.32832492996
2026-01-21,94302.44290218285,65746.45805303472
2026-01-22,95080.02171178683,66089.86874451402
2026-01-23,95287.50491718332,66113.84186554232
2026-01-26,95657.51676040365,66449.58327720333
2026-01-27,96659.55309916145,66714.3294063102
2026-01-28,97799.54217377416,66707.61363633885
2026-01-29,97264.76571674923,66575.24057178541
2026-01-30,94117.93783248375,66376.68097495528
2026-02-02,93858.85125535655,66706.65424062865
2026-02-03,93989.65081235106,66142.62373684805
2026-02-04,92497.984816341,65822.23854241334
2026-02-05,91290.19552961772,65000.165907770715
2026-02-06,93369.19723203775,66247.18021166917
2026-02-09,94407.97296107585,66566.60601039369
2026-02-10,94030.84121318767,66391.06602474488
2026-02-11,94452.04542124766,66375.72157924507
2026-02-12,93018.66120395245,65350.29236922136
2026-02-13,93495.59723742184,65396.33159158405
2026-02-17,92933.03360860424,65501.84746211536
2026-02-18,93808.50134260788,65831.82661365198
2026-02-19,93648.72727498521,65658.20541942357
2026-02-20,94701.86520234784,66133.03566560936
2026-02-23,94627.08566169372,65457.727031173046
2026-02-24,94914.02107006415,65933.50490134253
2026-02-25,95429.38767344062,66489.8720111681
2026-02-26,94925.6650904414,66120.55763551363
2026-02-27,95039.93568863491,65803.05062820949
2026-03-02,95255.19750065831,65840.4611750437
2026-03-03,93891.8401064911,65260.12683005309
2026-03-04,95094.0031056861,65720.56025472276
2026-03-05,94607.18054726359,65354.124066198856
2026-03-06,93970.28787208298,64497.519071852585
2026-03-09,95035.86574943978,65062.51485720663
2026-03-10,95224.30721417097,64957.958382385514
2026-03-11,95238.6685487364,64876.42740460899
2026-03-12,93183.99380905248,63891.28104268681
2026-03-13,92252.13631490889,63529.647718577115
2026-03-16,93598.748127304,64176.18036757093
2026-03-17,94138.03649283099,64344.99869738513
2026-03-18,92392.12420716915,63447.15145922713
2026-03-19,91433.34410329255,63290.79350191891
2026-03-20,89335.07501256475,62383.4759097873
2026-03-23,89516.68945175971,63038.50185945478
2026-03-24,89349.22279152517,62826.89330379338
2026-03-25,89907.52023310366,63177.00799351753
2026-03-26,88379.49917045102,62048.74686660573
2026-03-27,88054.82983395203,60990.698202435495
2026-03-30,87689.59393302075,60786.78247004539
2026-03-31,89509.60863601357,62553.7245043719
2026-04-01,89855.70283282218,63025.03500433258
2026-04-02,89804.22053874738,63081.7864978152
2026-04-06,89924.97117365953,63379.96433019744
2026-04-07,90089.62829342055,63407.85155028878
2026-04-08,90915.45428550165,65022.8264812936
2026-04-09,91511.27559576086,65397.94431811526
2026-04-10,91753.74137556506,65354.66556561809
2026-04-13,92455.63089160074,65993.34058716954
2026-04-14,93919.52005097253,66797.4613388914
2026-04-15,94636.5350813922,67324.55805076125
2026-04-16,94947.21401474472,67489.9978950684
2026-04-17,96087.12366590022,68305.66082462881
2026-04-20,95818.19684163632,68169.06759612319
2026-04-21,95324.47210914522,67722.77201498653
2026-04-22,96736.80434256776,68408.58102946567
2026-04-23,96438.65630815581,68143.10505331549
2026-04-24,98229.87667937773,68671.16704675878
2026-04-27,98169.15175180144,68789.47289813825
2026-04-28,97014.42409753115,68454.74385495667
2026-04-29,97473.18312856868,68444.16695869155
2026-04-30,98337.30411549375,69125.16133703
2026-05-01,99241.93241174406,69316.57549587135
2026-05-04,98798.51450476133,69062.64169755972
2026-05-05,100719.18521874354,69616.67800553724
2026-05-06,104082.06049784907,70584.30803841935
2026-05-07,103672.11346877723,70367.89073248049
2026-05-08,107106.56507285598,70948.85486483914
2026-05-11,108005.74297523315,71110.445354579
2026-05-12,106554.70124886686,71002.71639946467
2026-05-13,107910.62100341803,71399.96508211651
2026-05-14,109027.94480097298,71963.61889064894
2026-05-15,106266.8329487379,71097.94378103025
2026-05-18,105345.72067501191,71047.92571510874
2026-05-19,104270.5611804149,70574.69053786442
2026-05-20,106754.23582761794,71298.01015885308
2026-05-21,107024.13316913748,71439.40036590966
2026-05-22,107589.30705131133,71720.26787446569
2026-05-25,107589.30705131133,71720.26787446569
2026-05-26,110339.97681041804,72196.39301056707
2026-05-27,109795.87027832196,72183.88555115508
2026-05-28,110973.63565713652,72582.0936295171
2026-05-29,111713.2400677534,72762.92500623009
2026-06-01,112972.6916186446,72961.06670676928
2026-06-02,114416.65087901507,73060.14344290213
2026-06-03,113989.02093066921,72547.46709600142
2026-06-04,112910.5607346097,72821.60117699634
2026-06-05,105208.73490367227,70942.12143727804
2026-06-08,108262.82201823604,71102.74664544447
2026-06-09,106274.19191587041,70894.02804864015
2026-06-10,102362.81147448589,69776.34381799347
2026-06-11,108193.02437593354,70962.32171996133
2026-06-12,109404.65147934092,71346.10354749097
2026-06-15,113846.8320788824,72604.21858948404
2026-06-16,110696.6665531602,72171.38397760631
2026-06-17,109827.53868748459,71270.1170528985
2026-06-18,113507.84740890868,72011.11192123506
2026-06-22,113663.69283249487,71784.49441427925
2026-06-23,108319.5997056563,70742.0432877287
2026-06-24,107267.79026834934,70709.25314354784
2026-06-25,109037.22207797148,70811.47293065765
2026-06-26,106724.47707252436,70299.40871353522
2026-06-29,110489.75993057857,71457.58179749729
2026-06-30,113703.22144465298,72014.00776595538
2026-07-01,110798.05214568054,71916.60850084956
2026-07-02,108144.57618635302,71822.10508046407
2026-07-06,109273.01373753975,72448.92597342457
2026-07-07,107498.9058813925,72104.65594591036
2026-07-08,108313.98532779475,71881.89367938509
2026-07-09,110289.90446713593,72490.3918800399
2026-07-10,110618.34590886308,72802.8370449467
2026-07-13,108413.32052030815,72245.44579491515
2026-07-14,110116.47895860662,72501.9634871947
2026-07-15,109496.7597275819,72789.33487464498
2026-07-16,107583.54283782834,72394.9172922177
2026-07-17,106117.4858934127,71678.41350087567
2026-07-20,106275.89939359763,71562.69742932741
2026-07-21,109051.52037137597,72159.6240228274
2026-07-22,109074.87604020532,72075.72104216003
2026-07-23,107303.98931357854,71185.63725763236
2026-07-24,105673.13010597753,71257.96274528165
2026-07-27,104776.3826835428,71273.39547873025
2026-07-28,103055.25048021857,71444.07962719555
2026-07-29,100452.51105286577,70344.7357464443
2026-07-30,104608.2249369992,71150.43979538114
