,NTSX,Platinum,F-TAA Weekly,SPY
2020-06-01,100000.0,100000.0,100000.0,100000.0
2020-06-02,100349.93585786276,100261.30656900021,100000.0,100827.98938788792
2020-06-03,100860.48245978894,100032.5181999278,100000.0,102169.85149274657
2020-06-04,100280.02895517639,99826.66376720504,100000.0,101901.43291208771
2020-06-05,101684.62500565531,99612.46792287685,100000.0,104513.14800988279
2020-06-08,102858.11963566682,100103.57982123777,99850.0,105776.46171380917
2020-06-09,102632.38163623016,100541.07692580041,99850.0,104987.74652638739
2020-06-10,102412.29894468306,101807.43553562727,99854.9893676858,104401.86469749441
2020-06-11,99071.39844453493,97978.96111892344,99854.9893676858,98383.21849187839
2020-06-12,99738.5058603584,98522.14682199928,99854.9893676858,99561.44450586246
2020-06-15,100432.28443790617,99346.29780021693,99854.9893676858,100490.9082726237
2020-06-16,101259.9661119357,100606.50321534084,99854.9893676858,102425.11456257348
2020-06-17,100867.1958575417,100846.15408075295,99859.99674752928,101999.67611286195
2020-06-18,101275.72800231175,101011.62451912598,99863.9684283044,102038.9503133281
2020-06-19,100846.43540470843,101298.56877373018,99864.99512129388,101455.79959925699
2020-06-22,101258.76207864308,102390.05484152521,99859.99674752924,102106.6511877849
2020-06-23,101366.28590025936,103238.59507530255,99859.99674752924,102576.71066838842
2020-06-24,100051.18965786483,101637.11301439362,99859.99674752924,99960.1103370388
2020-06-25,100911.30725908025,102319.62876127259,99859.99674752924,101031.78440656529
2020-06-26,99881.93176560901,100668.17916721778,99854.98936768576,98632.0576719131
2020-06-29,100844.50165426877,101448.68650662438,99864.99512129388,100081.7411126254
2020-06-30,101226.72749588803,103577.63475552469,99864.99512129388,101363.74948983928
2020-07-01,101069.14507798485,104052.19023436285,99860.98741620332,102073.76241070505
2020-07-02,101493.58505656036,104679.06277063648,99866.95844648434,102635.91046713217
2020-07-06,102193.7851450021,106673.04563756395,99860.98741620337,104220.26479504521
2020-07-07,102005.55460692327,106267.40771991028,99860.98741620337,103145.39801382559
2020-07-08,102261.17452353118,107473.73022311482,99860.98741620337,103934.30553327709
2020-07-09,102228.44670948648,108090.25630667739,99870.95714549604,103342.65374349292
2020-07-10,102946.05055188508,108489.2693277215,99874.93783235004,104397.82572487055
2020-07-13,102645.88140345039,106891.214322884,99870.95714549604,103493.82671884248
2020-07-14,103615.09171814822,107703.06133665497,99865.99479604684,104835.03489480015
2020-07-15,104406.50644996985,107797.4209109408,99865.99479604684,105798.15676676008
2020-07-16,104349.55202664342,106990.95141269441,99865.99479604684,105449.72806174318
2020-07-17,104332.95096154828,107464.2246974618,99865.99479604684,105755.45905616517
2020-07-20,104798.47401550211,110716.84931151748,99865.99479604684,106610.06719696453
2020-07-21,105318.06911005155,110280.82282935573,99865.99479604684,106836.90359280077
2020-07-22,105798.98919580792,111070.6499456511,99865.99479604684,107445.05747073378
2020-07-23,105660.59833887189,109376.23787235393,99865.99479604684,106163.01062711398
2020-07-24,105212.98984087788,108630.32035111042,99865.99479604684,105479.27026150616
2020-07-27,105632.43125699615,110672.0722032939,99865.99479604684,106248.55991392756
2020-07-28,105487.0716013059,109449.21637269123,99865.99479604684,105574.6284818348
2020-07-29,106519.84027951087,111067.78005336049,99870.95714549602,106873.06201438565
2020-07-30,106548.00736138658,111604.10334896516,99865.9947960468,106491.7445322889
2020-07-31,106834.27539817014,113029.86731138692,99870.95714549602,107333.27409506819
2020-08-03,107191.39896993128,114238.30964018097,99871.9478141701,108079.48390392475
2020-08-04,108114.30873164945,115476.10802899917,99871.9478141701,108496.95980760641
2020-08-05,108215.52049994381,115958.51004133788,99871.9478141701,109170.81430688729
2020-08-06,108948.41191657289,117309.69076532155,99871.9478141701,109900.59896040692
2020-08-07,108842.45698682276,115798.75805783611,99876.9551940136,109979.45509258671
2020-08-10,109021.4201171342,115403.40774526418,99871.94781417013,110308.18899776162
2020-08-11,107754.55817815897,112083.64832256992,99871.94781417013,109397.65070272353
2020-08-12,108055.85838817157,113527.23570212127,99876.9551940136,110922.92063111062
2020-08-13,107311.47392647662,114256.18128214094,99876.9551940136,110722.35679053233
2020-08-14,107315.63331421475,114070.41093195774,99881.94456169938,110725.62643503734
2020-08-17,107605.14859230266,115779.17881128541,99881.94456169938,111077.40171737115
2020-08-18,107970.95579811353,116706.6667851273,99876.9551940136,111317.35515763341
2020-08-19,107331.21277530404,115077.94918413126,99883.96192336292,110853.87343244588
2020-08-20,107800.82224528129,116229.69355906936,99876.9551940136,111199.03249295775
2020-08-21,108174.10905184931,116588.14971653794,99876.9551940136,111593.46701948052
2020-08-24,108943.6322692598,116935.37764969093,99876.9551940136,112724.26395493891
2020-08-25,108687.7569516504,117647.05104635809,99881.94456169936,113118.73694786763
2020-08-26,109054.91413418332,119594.42405673835,99866.94043432662,114252.84199423695
2020-08-27,108362.85039193108,118815.04221276706,99886.91591722742,114502.6428344202
2020-08-28,108981.54107504847,120102.39923543198,99876.9551940136,115242.27488786081
2020-08-31,108780.75940204057,120876.55379995499,99876.9551940136,114824.79898417914
2020-09-01,110059.0049285096,123072.22052851976,99863.95942222555,115906.24352081475
2020-09-02,111400.1155871961,124419.92089797933,99873.93815759708,117582.72489095735
2020-09-03,108998.21511185834,117232.94178721182,99878.94553744058,113536.21285154927
2020-09-04,107775.09971584813,115547.66013447095,99878.94553744058,112609.21093476827
2020-09-08,106014.0733248978,107812.69070109767,99878.94553744058,109532.43698914208
2020-09-09,107111.67737161722,110765.75226143024,99883.95291728408,111695.40299522516
2020-09-10,106044.64847335874,107602.86450524392,99878.9455374406,109755.96527406736
2020-09-11,106201.5741458296,106920.75850194923,99878.9455374406,109811.81849549424
2020-09-14,107265.86660478666,108816.89922831903,99878.9455374406,111258.19382529556
2020-09-15,107376.52821013516,110232.22178739698,99878.9455374406,111820.3034153168
2020-09-16,107174.4330462626,108307.12872318538,99878.9455374406,111376.51648997123
2020-09-17,106760.3185653177,107474.14969483968,99878.9455374406,110396.93099626838
2020-09-18,105791.87445362427,106577.79486446861,99878.9455374406,109125.96247755966
2020-09-21,104868.89172019143,106578.38668951874,99878.9455374406,107911.46264277285
2020-09-22,105440.07781703657,108112.42052926614,99878.9455374406,109010.44786051773
2020-09-23,103633.1887033948,103217.65764142474,99878.9455374406,106482.39719564514
2020-09-24,103980.53406538558,103721.74501581087,99878.9455374406,106766.24080508648
2020-09-25,105028.40788853425,106933.68295741039,99883.95291728408,108492.30537248754
2020-09-28,106193.47428549746,109447.28910218035,99883.95291728408,110294.3026252168
2020-09-29,105987.11027631469,109156.98649239201,99883.95291728408,109693.6112300364
2020-09-30,105999.3330385276,109879.2998284434,99883.95291728408,110525.33185930064
2020-10-01,106684.06312345208,111865.40146243607,99883.94391120522,111234.88318329511
2020-10-02,106297.75086580939,108718.67566854085,99878.9455374406,110178.78800817489
2020-10-05,106586.49994089291,110311.73349442767,99887.9245980592,112132.57369874878
2020-10-06,105910.3075465888,108272.38714971492,99883.94391120522,110538.52583653855
2020-10-07,106838.90910205385,109491.72890952384,99883.94391120522,112462.65392813167
2020-10-08,107812.20583277511,110016.73670093088,99883.94391120522,113459.3185060725
2020-10-09,108480.88214046472,111110.43170400616,99883.94391120522,114472.56210497406
2020-10-12,109671.96295371988,112466.79707284075,99883.94391120522,116314.10282301107
2020-10-13,109296.52348156809,112093.45088576854,99883.94391120522,115555.083700976
2020-10-14,108945.52953384208,111196.41491959298,99883.94391120522,114828.99182242676
2020-10-15,109020.07014041218,110668.25020489341,99883.94391120522,114687.08925090905
2020-10-16,108738.36283579758,109976.05809227386,99883.94391120522,114617.73432099675
2020-10-19,107527.21480099883,108288.17552090793,99883.94391120522,112875.16766544689
2020-10-20,107460.81054061824,108764.80378066808,99883.94391120522,113327.3018008817
2020-10-21,107249.73985583708,108425.17486472381,99883.94391120522,113112.81312135266
2020-10-22,107266.52335021898,108285.13763182852,99883.94391120522,113733.27624918692
2020-10-23,107842.5255802346,108279.95595094224,99888.94228496985,114119.4404984323
2020-10-26,106772.13998309974,106447.00311510102,99888.94228496985,112010.4813262909
2020-10-27,106507.14320115237,106804.21844833354,99888.94228496985,111624.35554345144
2020-10-28,104004.35933023642,100884.70332837294,99888.94228496985,107809.14200296883
2020-10-29,104190.10883001532,103260.19168007352,99888.94228496985,108904.85757620867
2020-10-30,103040.76783757079,100087.43926533556,99888.94228496985,107769.56007125515
2020-11-02,104314.12425915468,100407.30424279462,99893.94966481334,108977.44368422004
2020-11-03,105500.35245338203,101911.84846917947,99888.9512910487,110901.53330940721
2020-11-04,107450.55801470233,105154.3017101288,99888.9512910487,113380.1161762392
2020-11-05,109342.64160526097,108155.73455373044,99888.9512910487,115591.35752177871
2020-11-06,108702.24183701913,108404.50801571537,99888.9512910487,115564.96956730293
2020-11-09,109053.67361503333,106042.22524528495,99893.94966481334,117017.11485799549
2020-11-10,109059.62080978171,105129.34802495175,99888.95129104872,116845.4777546851
2020-11-11,109477.93116432207,106205.55037308703,99888.95129104872,117713.51067115799
2020-11-12,109252.26613660013,105837.5303320359,99888.95129104872,116571.55847797665
2020-11-13,110463.96145925917,106811.73650213389,99888.95129104872,118185.45500565264
2020-11-16,111728.30587407706,107531.64970924114,99888.95129104872,119660.64167350407
2020-11-17,111718.05334816118,107199.19269679108,99888.95129104872,119017.13716851092
2020-11-18,111012.0520084005,106792.52563775578,99893.94966481336,117584.76361047223
2020-11-19,111568.60727644751,107204.66893437837,99888.95129104872,118079.82625493765
2020-11-20,111503.33407764483,106931.28799272323,99888.95129104872,117271.22393564416
2020-11-23,111993.88642974211,107061.2373083725,99893.94966481336,117974.19750422264
2020-11-24,113015.05260530913,107918.21117108826,99893.94966481336,119875.207285845
2020-11-25,112546.61068276715,108058.19870920152,99883.94391120524,119690.37620529675
2020-11-27,113166.50539917717,108386.21363202445,99893.94966481336,120023.72607918463
2020-11-30,112255.59948452779,108414.36836813745,99893.94966481336,119492.38961391653
2020-12-01,112648.95351263942,110214.36747764728,99888.95129104874,120799.28575577447
2020-12-02,112382.9351266862,110454.30511432009,99888.95129104874,121053.43329982908
2020-12-03,113221.015270061,110635.92336577273,99893.9586708922,121020.42912353139
2020-12-04,113349.22657279584,111825.30246854902,99893.9586708922,122063.33032141374
2020-12-07,113749.58588551906,112556.4687010993,99888.95129104872,121812.52935467604
2020-12-08,113934.97052672443,112949.31250891187,99888.95129104872,122168.95907212875
2020-12-09,113558.29053542265,109869.41087151531,99888.95129104872,121073.20503248293
2020-12-10,113766.88018190388,110065.7672534803,99893.9586708922,121033.62310076928
2020-12-11,113775.60030181099,109630.57080434384,99893.9586708922,120891.72052925159
2020-12-14,113358.20209370444,110299.30421736298,99893.9586708922,120350.45973125061
2020-12-15,114569.93390222083,112270.74269525992,99893.9586708922,121977.51176975855
2020-12-16,114386.66544074185,112854.24215570887,99903.9103880272,122168.95907212875
2020-12-17,115087.55876047327,113641.85813995234,99899.93870725206,122852.1224416474
2020-12-18,114389.94916790353,113152.12320724623,99899.93870725206,122361.56036667716
2020-12-21,114394.9842162181,112848.05535356776,99899.93870725206,121924.12039831193
2020-12-22,114079.19912083677,113037.81695738215,99899.93870725206,121718.63285777316
2020-12-23,114775.6046801139,112385.99308279816,99894.94033348742,121827.99284986446
2020-12-24,114977.77281570119,113106.21318954426,99894.94033348742,122301.8989710621
2020-12-28,115238.20886547958,114013.59953878372,99894.94033348742,123352.60884935055
2020-12-29,115740.58263535886,114024.6903249466,99894.94033348742,123117.27137780124
2020-12-30,116549.14572013597,114540.41515427975,99899.93870725206,123292.94745373548
2020-12-31,116875.76711515083,114903.75474580625,99899.93870725206,123919.37287449067
2021-01-04,115744.23122109407,113790.62695286139,99899.93870725206,122232.31324271417
2021-01-05,116909.26113219993,115123.13535151829,99899.93870725206,123074.18900314692
2021-01-06,117171.44850313124,113800.62111475911,99894.94033348742,123810.01288239934
2021-01-07,117495.55237398879,116575.54034913109,99899.93870725206,125649.51488092146
2021-01-08,117421.12122499075,117413.5798128076,99899.93870725206,126365.37469549029
2021-01-11,116432.06260389347,116205.05946678757,99899.93870725206,125513.57460232466
2021-01-12,117661.85491179908,116539.70714137827,99899.93870725206,125540.11642242422
2021-01-13,117866.75948668776,117022.02005662909,99894.94033348742,125878.19766424289
2021-01-14,118269.5998377109,117009.2525310605,99894.94033348742,125437.37265215482
2021-01-15,117027.03747973211,115471.20300066231,99899.93870725206,124522.60305246316
2021-01-19,118092.67991541116,118287.5271326538,99894.94033348742,125500.34215868083
2021-01-20,119053.13362434453,120689.56566556734,99899.93870725206,127237.13885333952
2021-01-21,118830.7888096416,121982.85523385853,99899.93870725206,127353.07660084678
2021-01-22,118311.77748880979,121010.06990700695,99899.93870725206,126902.32725602583
2021-01-25,119052.40390719748,121891.57276852829,99904.91906885896,127402.81366372899
2021-01-26,119263.94890812424,121481.75580538738,99904.91906885896,127203.94234501211
2021-01-27,117305.20565618355,117130.12022180413,99904.91906885896,124095.04895042487
2021-01-28,117532.36660405695,118311.90054223029,99904.91906885896,125162.26091686216
2021-01-29,116003.57269515189,114927.88439425659,99904.91906885896,122656.55923384149
2021-02-01,117083.70001619973,119396.27652711107,99904.92807493784,124698.24066199144
2021-02-02,117812.6509602348,121910.36756698762,99899.93870725206,126461.54071034372
2021-02-03,117904.12100461619,120911.6868543102,99899.93870725206,126560.93790329622
2021-02-04,118451.26292146639,122187.1316763799,99899.93870725206,127999.42761987957
2021-02-05,118907.15370907927,122368.05166742399,99904.92807493784,128503.18367208773
2021-02-08,120314.15782614343,124197.9822280322,99904.92807493784,129431.22418182915
2021-02-09,120597.43402262415,124101.87254978571,99899.93870725208,129345.05943252049
2021-02-10,120601.046122502,124022.63928001908,99904.92807493788,129288.70614781638
2021-02-11,120506.87612467655,125585.5026213741,99904.92807493788,129497.54026567208
2021-02-12,120562.8454298545,126440.94370484464,99904.92807493788,130137.19813007105
2021-02-16,120433.21117868293,126157.94204629054,99904.92807493788,130024.5300270688
2021-02-17,120351.48285821448,124867.311749428,99899.93870725208,130054.34149167336
2021-02-18,120091.88598315521,124076.98422166529,99904.92807493788,129500.84837658305
2021-02-19,120119.32334788391,124341.46433464072,99904.92807493788,129272.1655932616
2021-02-22,120306.38633852746,119691.48109691976,99904.92807493788,128277.80899967725
2021-02-23,120500.81947235613,119142.3447660388,99904.92807493788,128433.5979437398
2021-02-24,121815.33194103303,120797.65977937815,99909.90843654478,129848.85395113457
2021-02-25,119258.69494466555,116103.3460325323,99899.93870725208,126720.03495826971
2021-02-26,119272.88794317548,116756.82256658313,99904.92807493788,126067.10618382096
2021-03-01,120084.80772682892,119916.62219540209,99919.9141901529,129122.99287102098
2021-03-02,119545.54675516675,118522.85370000413,99919.9141901529,128115.44230019873
2021-03-03,118670.9442685826,116476.3757698687,99899.93870725208,126418.45833568941
2021-03-04,117682.4329353456,113979.21284214791,99909.90843654478,124854.02960605401
2021-03-05,119580.50020650994,116037.75070417524,99909.90843654478,127150.93563762489
2021-03-08,119155.98725621974,113478.39630557888,99909.90843654478,126517.89399504782
2021-03-09,120111.98969055615,117942.32912579566,99904.92807493788,128324.2379516485
2021-03-10,120963.97094558208,117488.89167797414,99909.90843654478,129122.99287102098
2021-03-11,121895.16299691914,119483.79775341845,99904.92807493788,130432.19699723541
2021-03-12,121672.08846506916,118905.46739038857,99904.92807493788,130607.87307316963
2021-03-15,122108.49580485612,119964.47041637974,99909.90843654478,131386.74086067043
2021-03-16,121477.5093878111,120628.7713226906,99914.9068103094,131221.02758387502
2021-03-17,121483.27415327271,121116.90773389157,99914.9068103094,131668.468817785
2021-03-18,119343.01376100596,118780.31471589295,99909.90843654476,129752.76486909304
2021-03-19,119625.59672619699,119528.95668667751,99914.9068103094,129512.65756320702
2021-03-22,120088.56577013618,120763.17146655718,99947.24108818053,130546.82688694067
2021-03-23,118605.52512635055,119723.65790600273,98423.35663235308,129519.3122514349
2021-03-24,118569.33115585738,118451.72309775333,98117.45341667769,128860.8827809365
2021-03-25,118511.53755781183,118250.91614915377,98481.3792351036,129585.8206673075
2021-03-26,120182.33442353074,119838.60761712452,99953.10168539174,131674.08491305244
2021-03-29,119876.14510863298,119413.59337096575,99702.89965213848,131607.61496358577
2021-03-30,119808.79221596124,118701.72391026843,99487.95061719218,131258.41693045004
2021-03-31,120050.94885120628,120731.51716389094,99913.0222441303,131790.4457910251
2021-04-01,121369.62070762129,122626.29365724095,101021.87719889062,133213.66434444973
2021-04-05,122229.9937098382,124028.02930993318,101982.03665124286,135125.71398457728
2021-04-06,122452.01015182494,123794.61802676346,101828.60456598859,135045.89619224894
2021-04-07,122039.42807688883,123955.9027357748,101737.40182677869,135202.1851995887
2021-04-08,122524.76295138476,124749.08734667885,102302.2303089634,135843.9587163145
2021-04-09,123183.18673315851,124809.63211316061,102702.19160779296,136831.58368885907
2021-04-12,122987.2576791784,124341.04638509062,102560.66555023195,136881.47461736502
2021-04-13,123193.62168836116,124791.84198243677,102882.76650427148,137287.1413344227
2021-04-14,123911.5903893333,123054.48491045125,102973.77302636058,136818.27431240337
2021-04-15,125223.65830556759,124328.2207502572,103904.03072174393,138288.03721701706
2021-04-16,125281.16001675431,124288.78820645204,104307.21840009167,138750.2495508085
2021-04-19,124684.83516419365,123144.37341739197,104049.3481923847,138068.5479047156
2021-04-20,124168.59676852058,122498.83142582503,102978.84156802228,137057.68922298242
2021-04-21,125110.11431748826,123920.60698176561,103829.51569171908,138354.5456328897
2021-04-22,125000.94863229114,122679.32311895968,103051.57056165108,137090.9241977158
2021-04-23,126043.86037883995,124209.09933033251,104248.86308623102,138577.34305610208
2021-04-26,126687.83576110228,124922.30311656208,104718.41994987948,138866.61042878116
2021-04-27,126749.24145902567,124180.40590601932,104758.18112966271,138836.6835649588
2021-04-28,126521.9710535802,123733.8578708198,104906.54474905418,138796.7939019976
2021-04-29,127290.14429426866,124454.4540922859,105334.5676937849,139681.32890661934
2021-04-30,126860.74223909328,123199.64735666178,104387.90750898272,138763.5204608583
2021-05-03,127107.82446508085,122980.71833568405,104966.7207242327,139062.86603189402
2021-05-04,127316.81545599294,121247.50640640435,104491.29984917749,138204.9113137778
2021-05-05,127719.36392015725,121111.32837812933,104838.33329696606,138248.14755405587
2021-05-06,128465.0618727169,122269.5725257912,105552.84534553192,139352.1334045731
2021-05-07,129115.38579415847,123368.27347572347,106629.17250279679,140366.33866362317
2021-05-10,127672.77148031878,120588.1295327506,105910.83809774964,138976.35508493189
2021-05-11,127276.57155533372,120328.79022318419,105221.0471263243,137736.00582535253
2021-05-12,125956.36729290991,117269.5092498558,103301.31457123382,134809.7893925808
2021-05-13,125645.14292969757,118304.90131380975,103906.65769523004,136429.2250827124
2021-05-14,127349.17841146416,120800.57559733227,105458.31862223282,138524.14401668517
2021-05-17,127573.09211803321,120224.66258656138,105605.47567117595,138171.67633904444
2021-05-18,126628.61921462003,119663.19076393238,105130.92446485444,136981.218007971
2021-05-19,125849.02590058043,119996.9973495079,104098.06145006242,136622.05717569645
2021-05-20,126147.26129857545,121360.75654286509,104643.5586150979,138091.82008031014
2021-05-21,126667.11179412638,121079.69735662722,104733.4003864075,137978.7673132485
2021-05-24,127647.19489431506,122331.07744673242,105637.10602700764,139385.36837930646
2021-05-25,127035.47300995188,122539.61419981376,105215.46697980752,139076.09847553784
2021-05-26,127835.8632626821,122702.18727801426,105580.70176682202,139352.1334045731
2021-05-27,128127.42174878174,122714.26304581252,106087.3444139259,139425.29650867358
2021-05-28,128041.49755471783,123004.9189829259,106196.12579361707,139674.67421839148
2021-06-01,129075.76215307422,122819.7945474566,106715.44417311106,139551.658652191
2021-06-02,128923.39721277237,123082.30241190041,106971.6469375488,139771.1094980865
2021-06-03,128558.79404025411,122040.68445514751,106438.81501276336,139252.35154756118
2021-06-04,129853.27577324476,123967.91722829618,107175.58749884783,140525.9357818739
2021-06-07,129336.70900485554,124055.57681281409,107213.4068960487,140389.64930562366
2021-06-08,130070.366624489,123832.15233041882,107548.15822546229,140419.57616944605
2021-06-09,129727.29010780841,123736.10981741722,107223.78560146986,140210.04965628343
2021-06-10,130128.08725081984,124362.99492485779,107419.33468349428,140861.785972148
2021-06-11,130285.70615458037,124421.82556178569,107583.62927799186,141094.58466090515
2021-06-14,129930.33390397213,125495.51901645379,107386.43925374738,141410.5092529016
2021-06-15,129813.21430187231,124594.34560587326,107300.23915580602,141151.13027763896
2021-06-16,129155.84860996182,123628.44940396884,106574.25082265856,140362.9920863063
2021-06-17,128070.75921231412,124377.75907258726,105490.78743302688,140316.4862015232
2021-06-18,127194.80674900794,122955.528109841,104131.44948293507,138423.5543651485
2021-06-21,127974.29060547551,124008.58456460787,105587.2457696111,140405.15126721805
2021-06-22,128163.98057784842,125001.53438377172,106052.63980089467,141155.82317916382
2021-06-23,128514.53669528618,125064.49236885278,106034.13006640568,140985.68626568516
2021-06-24,129590.2492275944,126025.29860635188,106680.81802689085,141819.71487930586
2021-06-25,129403.98892581258,125945.97364121139,106996.92273883344,142323.50939791996
2021-06-28,129691.6799110329,127590.48728307286,106723.99657339296,142610.3918534307
2021-06-29,129741.62904974773,127818.26448119644,106749.2058563859,142687.1323332837
2021-06-30,130678.54938068906,127774.71180460592,106827.89604545356,142807.18598622672
2021-07-01,131131.33887042705,127749.35690191005,107263.98940599724,143597.90142675745
2021-07-02,131650.35019125885,129286.66538755593,107931.87497173906,144695.50185388845
2021-07-06,130823.50769194846,129764.16537893683,107077.44682114784,144431.93004037818
2021-07-07,130928.40453183536,129826.2597961023,107154.23504194894,144942.37924722015
2021-07-08,130451.57086210244,128756.92957469936,106354.15352793396,143761.38365200828
2021-07-09,131348.24729238453,129930.84127788094,107760.6032881291,145296.00091703908
2021-07-12,131376.85220454846,130612.2648709783,107997.13681810453,145816.4513894258
2021-07-13,130802.16346539752,130605.66645575812,107487.88492349794,145319.35002544554
2021-07-14,130765.53166461615,130991.05231527284,107380.90691857287,145536.22362214295
2021-07-15,131076.8289995432,129629.65416796242,106913.67262661012,145039.12225816265
2021-07-16,130176.64992695532,128146.67269310055,106078.69668344542,143901.47830244672
2021-07-19,128774.75382992045,126584.8508802202,104092.04468735246,141776.36323980996
2021-07-20,130130.64126083448,128676.09320580098,105497.55714633883,143808.04340241512
2021-07-21,130491.59584761756,130373.41574527444,106652.24166654923,144972.38304385438
2021-07-22,131441.68757306293,131099.44445328266,106739.09791373927,145275.9983859496
2021-07-23,131977.6648175634,132821.66372190256,107615.50153356545,146770.57212239548
2021-07-26,132529.0755797238,132945.6443121005,107963.47472942644,147130.84848044234
2021-07-27,132128.82572457264,131271.56903635847,107425.31066877564,146460.3020920724
2021-07-28,132548.6684851218,132084.5976588424,107688.04543994062,146400.2560323979
2021-07-29,132930.6389257396,132632.99552097547,108134.1475377056,147007.4482501824
2021-07-30,132347.81384039918,132030.9767932532,107616.73189387142,146293.51175591064
2021-08-02,132831.39739374223,131996.59002179885,107548.780400912,145986.58830290448
2021-08-03,133158.96742104826,132905.058938718,108202.69775916042,147174.2385863442
2021-08-04,132370.25264267065,133136.08116587464,107403.27792011552,146450.33929293358
2021-08-05,133116.78976994936,134033.22175366984,108014.32174226384,147377.76434017994
2021-08-06,132672.355541545,133154.74711811246,107927.43243047684,147621.29515619474
2021-08-09,131923.30089010898,133023.4366335597,107583.26501446925,147501.2030368458
2021-08-10,132763.71612835434,132372.722614697,108068.00757038908,147684.68779318614
2021-08-11,133482.30508890146,132414.76947816863,108572.83590987563,148051.65730586677
2021-08-12,133586.76409850013,132939.90343037032,108632.41564476436,148495.36729840044
2021-08-13,134192.21041539876,133728.25307638836,108619.28052200878,148765.59380013854
2021-08-16,134206.7682724822,133919.4730613975,108488.5347322829,149115.86889264063
2021-08-17,133101.9765118645,132630.3214733137,107456.71367981024,148138.39905126457
2021-08-18,132167.6831626525,131775.530433498,106478.74560420742,146517.00157443
2021-08-19,132032.43008944872,132289.72504470233,105916.00544087228,146743.87643667217
2021-08-20,132304.35918429296,134181.22928870504,106124.73874797918,147911.52418902237
2021-08-23,133454.57583731393,136424.48723826665,107521.63584956709,149212.65036998913
2021-08-24,133744.49245983272,136807.5982734709,108079.00505995775,149449.4880313701
2021-08-25,133963.77246251807,136808.35291248324,108415.85001932226,149763.10463901007
2021-08-26,133558.81593176853,135879.07650984713,107708.83330254599,148879.03123125964
2021-08-27,135224.13991888464,137650.97475821365,108829.94575301289,150210.16120886066
2021-08-30,135232.31275093148,139186.55598269257,109342.12538484365,150870.7063316858
2021-08-31,134421.96185914415,139075.74941425986,109218.9483133555,150647.17804676053
2021-09-01,134252.81342446042,139371.96042596118,109303.11193865417,150727.26510393043
2021-09-02,135013.94489467994,139130.9689743634,109657.93124172554,151190.97762755366
2021-09-03,134408.13371920778,139724.75609916725,109732.40438942604,151154.28067628556
2021-09-07,133395.9795504067,139628.2540562911,109414.25936773593,150613.82767280936
2021-09-08,133537.25279007351,139045.6594533862,109166.05795041176,150430.34291646903
2021-09-09,133692.09876867526,138513.68986668566,108796.79466719618,149786.4537474165
2021-09-10,132779.04018844216,136920.52516450651,108118.04542865934,148605.4196857987
2021-09-13,133578.33586545184,136905.3446783401,108399.03630629863,148985.77550774693
2021-09-14,133574.9426807181,136369.38841848425,107844.4521326084,148181.75069076047
2021-09-15,134742.0887715504,137688.02526006862,108813.85494958692,149419.48423473586
2021-09-16,134124.52915001087,137478.7983380804,108597.4529540698,149182.64657335484
2021-09-17,133006.31059388758,135592.7188275063,107447.05287067775,147729.42422329597
2021-09-20,132078.76712828575,131753.9887455665,105478.21249055571,145266.15098602863
2021-09-21,131489.55701790872,131919.750545593,105540.11258624296,145128.94131603575
2021-09-22,133068.11763624183,133553.19133522548,106620.98540344182,146544.65892030182
2021-09-23,133556.59029447005,135209.8415080602,107845.68726544784,148325.1534521099
2021-09-24,133419.2210415399,135479.69296332976,107942.5658257755,148569.45359624352
2021-09-27,133824.90728943647,134421.16389399514,107781.65757612503,148144.39981059142
2021-09-28,131455.88057157284,131996.0372971351,105576.78734912234,145159.06051188783
2021-09-29,131812.49334133102,131708.5520477032,105590.54237568768,145403.36065602145
2021-09-30,130829.3089432674,131454.45831627428,104673.78746117894,143626.2127015303
2021-10-01,132242.00485407846,132435.7102363824,105765.68820909706,145333.0825323666
2021-10-04,131895.53515266412,130247.74068266383,104621.39657557358,143458.88383568535
2021-10-05,132540.67808236173,131601.20713694117,105721.42887435092,144951.53425183415
2021-10-06,132698.479415409,131941.438269179,105896.99204956833,145553.9566352819
2021-10-07,133098.43738370133,132373.55194123305,106991.50963718786,146812.34663924781
2021-10-08,132816.18279122646,132083.72873469957,106692.20555264296,146544.65892030182
2021-10-11,132799.9100988475,131478.7155940562,106181.6311900101,145483.716978033
2021-10-12,132884.88566062023,131202.66024827067,105989.38421325608,145125.59473871885
2021-10-13,133187.3534180681,131870.8413584915,106555.6064103401,145647.69926656102
2021-10-14,134834.32501893616,133070.0917059599,108273.9699409878,148097.5477281548
2021-10-15,135571.44879501808,133125.60418571226,108970.8444646915,149225.45968316757
2021-10-18,135965.24065341792,133668.61740383774,109395.65074377815,149667.2463554042
2021-10-19,135828.71057520682,134274.9653108533,110060.44160603218,150821.89246254624
2021-10-20,136049.85135661715,134350.17209591696,110412.7743635103,151414.27511404327
2021-10-21,136188.86247312816,134636.6545116886,110420.6792038943,151809.20970384328
2021-10-22,136583.96782239267,134052.06943243928,110154.21176972862,151651.92056994903
2021-10-25,137238.70653257385,134592.38636030254,110976.6997411994,152465.17732436143
2021-10-26,137457.0014171107,134484.8549290712,111062.94011233356,152602.42546076022
2021-10-27,137255.41705524104,134533.54513123483,110471.68190570895,151926.33990993476
2021-10-28,137737.06685814445,135793.81899721688,111500.74202671494,153392.29464036023
2021-10-29,138752.1398955337,136281.251360022,111562.94943993154,153703.52633083184
2021-11-01,138746.5210735015,136696.56768574487,111937.03132128956,153967.9444052728
2021-11-02,139194.93226035725,137442.17517031272,112204.2875186235,154590.44625262194
2021-11-03,138825.95078495675,138814.83051978567,112872.70821295292,155534.21952239342
2021-11-04,139618.0952339254,141462.93787929113,113421.40120940836,156267.19688760614
2021-11-05,140566.65455336202,142005.60221213664,113889.14767423198,156809.41934575565
2021-11-08,140925.49296041866,142313.21657074723,114016.05428697594,156943.28243843163
2021-11-09,141055.0177540182,141495.31887789894,113600.8290135679,156424.52448790637
2021-11-10,140184.4651976001,139064.94257192806,112378.5066982631,155166.0575511286
2021-11-11,140356.31358572788,139959.216042956,112655.3548072791,155216.294677288
2021-11-12,140285.12967803422,142088.17950641006,113392.800013661,156387.71213742046
2021-11-15,140057.5308998726,141996.31009660862,113468.47022885922,156441.21890808488
2021-11-16,140888.75170206526,143461.3947881122,113873.4309004417,157060.41264452308
2021-11-17,140190.48536406318,143467.6743552005,113493.98524884431,156678.86436399067
2021-11-18,140502.14755756373,145287.04896001137,114057.16888098283,157211.00862378353
2021-11-19,140615.582088071,146093.91392088687,113789.65505937378,156929.8576627581
2021-11-22,140421.29489767176,143851.24504305693,113385.02760262176,156488.10945692743
2021-11-23,140454.82540057824,142982.1512110795,113541.81828929846,156695.59725057517
2021-11-24,141368.0664100981,143690.25222067506,113778.33780791984,157113.95788159347
2021-11-26,138500.97125352273,140307.22712597018,111016.57900651146,153609.82216595867
2021-11-29,138793.77025877227,144938.19224943465,112455.39461949591,155494.0605945906
2021-11-30,136794.45473345622,142456.62177520207,110421.11954794738,152468.56236808427
2021-12-01,135722.24484345378,139981.82290183753,109006.51123101404,150775.04038010963
2021-12-02,137632.97270711928,140716.39630886892,110448.57222455546,153084.3710607996
2021-12-03,137231.04450252993,138620.9264149872,109276.99753770164,151752.317889456
2021-12-06,138084.0473615617,139480.11930943292,110364.42493213316,153549.5837742545
2021-12-07,139704.78563099372,144358.21283705733,112824.91920198988,156725.71644642722
2021-12-08,139286.87662088423,144596.88273214555,113183.05688029286,157140.73050012867
2021-12-09,138675.73851023868,142616.72796630548,112160.46458198281,156079.75009145384
2021-12-10,139339.306797899,143827.8125955693,113058.3664219588,157549.05139919627
2021-12-13,139054.6441388389,142150.42541152844,111886.7129637754,156153.4132588316
2021-12-14,138373.2707527908,141468.54254630933,111013.09383164153,155079.0465408892
2021-12-15,138918.07757477046,143661.09327219124,112763.80183162326,157502.19931675968
2021-12-16,138116.81166146378,141122.31254172133,111477.61082353607,156113.25433102882
2021-12-17,137787.59977057693,140544.13124699402,110513.94872776208,154451.73639279738
2021-12-20,136265.84763214082,139663.65736601147,109377.0917234443,152809.41319113073
2021-12-21,138163.47707301698,141568.9920785917,111498.1860247398,155523.17966388824
2021-12-22,139347.95394609144,142241.33869448584,112612.49522970652,157078.14565766204
2021-12-23,139583.1417825822,142624.33742099526,113242.09416049498,158055.53856622626
2021-12-27,141118.83151852677,143475.0924970713,115002.18166902567,160292.36007171677
2021-12-28,140862.44539891445,142636.60554593452,114752.63909793236,160161.34349308047
2021-12-29,140402.06685084727,142542.93132665896,114844.0805635791,160366.2540375301
2021-12-30,140241.20070578242,142593.77385491622,114569.09088379068,159922.92870905588
2021-12-31,139859.19377930727,142738.5152900162,114215.84001680063,159519.87770760222
2022-01-03,139537.97229118051,143923.19915697974,115021.4251834929,160443.4945806604
2022-01-04,139802.78664384113,143274.23009591608,114847.58420544547,160389.71854515435
2022-01-05,137853.31079966782,139087.2748214317,112490.7653116265,157309.9057534588
2022-01-06,138268.7387714774,139022.1215859467,112578.50903350713,157162.156288238
2022-01-07,137446.93132048156,136998.88038573155,112085.70461665092,156540.8084330671
2022-01-10,137270.99651633034,137107.58767514848,111644.13963346412,156345.97608697406
2022-01-11,138497.79698393308,139108.4819904682,112976.12033445266,157770.07936773536
2022-01-12,138354.95485240011,139818.85175886442,113375.16002654766,158196.59487681324
2022-01-13,137635.8915757074,137800.4472860447,112290.50132409642,156016.85751773973
2022-01-14,137559.4172186977,138785.11783160685,112695.19731513124,156080.67328519645
2022-01-18,135780.54924350223,136171.03987262992,111348.32917371127,153316.5542870617
2022-01-19,135089.9449355441,134228.39748457292,110730.1500133841,151724.58361077227
2022-01-20,134324.8365068732,131903.70205342775,109613.26934368598,150045.29419299593
2022-01-21,133054.90975588042,128912.0722113549,107875.21546426712,147099.80609084762
2022-01-24,133452.0218272993,129542.42495090744,107678.60574456456,147724.50052333545
2022-01-25,132720.77227425107,126395.92825912793,108178.67363664854,145920.92614796257
2022-01-26,132398.96701240665,126697.14653080248,107988.41818568626,145554.84136261855
2022-01-27,132981.97452703383,124769.39502997244,107884.65346686872,144836.0965676041
2022-01-28,134760.95195980134,126621.27453975167,108467.03775124345,148433.16711999325
2022-01-31,135787.37209882707,129717.5403061264,109360.93737527188,151106.58233291827
2022-02-01,136523.65670018987,130021.3103652035,110134.20912153542,152127.63461222593
2022-02-02,137454.958209099,130634.48217961068,110851.86509259084,153605.39852927544
2022-02-03,135485.52460095417,128358.49375125732,109505.4803892299,149994.86473480682
2022-02-04,135733.0811430873,129141.41759604227,110109.16531783476,150700.18475414772
2022-02-07,135207.68479721888,129017.5924806243,109939.01030073182,150216.5466322469
2022-02-08,135902.12012019902,130409.46940932667,110404.20519144452,151452.54918795495
2022-02-09,136993.22968430977,132753.95935642568,111670.17058542965,153669.21429673216
2022-02-10,135231.87492064325,131106.08988127363,110575.24940114522,150908.4418759143
2022-02-11,134501.9388584597,129128.62618205819,110267.70211978076,147932.71917869605
2022-02-14,134332.6809662039,129205.08951676477,109800.84005248238,147449.08105679526
2022-02-15,134869.3149561367,130981.52677613069,109617.23609821634,149826.95887287275
2022-02-16,135250.59216546483,131124.27765732736,109771.80241706951,149994.86473480682
2022-02-17,133537.14333250147,128059.18313961981,109402.46019281256,146790.80545192063
2022-02-18,133679.43817617415,127489.65143048536,109351.47345097836,145840.30056110947
2022-02-22,133333.40630504803,126703.75682544064,109282.09292014064,144275.21790257306
2022-02-23,131706.24652472208,125309.2094144287,109124.31273898511,141715.97098248202
2022-02-24,133404.40778345498,126919.75472846921,109466.40866229509,143848.66392708925
2022-02-25,134016.42155467698,127757.7873660258,110389.78482985224,147022.5655477174
2022-02-28,135183.05684350635,127788.50569023674,110459.56442609534,146646.3640976108
2022-03-01,135203.1240650499,128285.94537867403,111147.91986325252,144412.92763584314
2022-03-02,136718.45469259206,127988.65563314792,112850.1364192355,147069.57149577772
2022-03-03,137648.077852063,128133.0767655953,112986.72202290922,146337.3634586838
2022-03-04,138183.28889355907,128625.20023079506,113701.72552543838,145148.48225025396
2022-03-07,136320.3210171673,128948.94747012944,114334.03098895478,140869.55618614817
2022-03-08,136407.9235606694,129956.19838953092,115048.36853594158,139801.57489159203
2022-03-09,135427.22020090572,129058.27517698314,113241.3886914439,143549.74148651888
2022-03-10,134724.79447516552,129094.35218303242,113785.43659657972,142901.5440800009
2022-03-11,134683.38302707105,128675.94172022834,113777.01523822328,141084.58339536042
2022-03-14,133016.19826123,127954.62986159012,112765.6812194963,140053.45291769612
2022-03-15,133706.72959747343,127456.94743134195,111861.35271712334,143133.26570939168
2022-03-16,135401.13281289904,127951.30298499853,112238.45717897358,146307.16733001982
2022-03-17,137103.5994027995,128241.4192113631,113455.57656744227,148137.55279033384
2022-03-18,138424.46041065565,128030.80331658194,113838.7067641414,149760.10425934664
2022-03-21,138790.99733361354,128289.21166366534,114807.73972557623,149716.32948938536
2022-03-22,139214.23327889643,128231.52467149042,115486.02559944423,151468.20501517307
2022-03-23,139342.15269477246,128648.7811979919,115511.88621164858,149517.57356988633
2022-03-24,140443.66072822854,129273.15558270333,116171.95756668168,151771.43569320886
2022-03-25,140984.92842204505,128962.82778295729,117026.800284842,152512.60640288712
2022-03-28,140387.50899376385,128282.32895866029,116246.33599047696,153597.47444965152
2022-03-29,141076.25252299703,129555.05492733199,116877.33665118944,155497.56103753127
2022-03-30,141186.07495362646,129081.10075592014,116913.88161805282,154537.43954523475
2022-03-31,139476.12876296887,128033.4855786347,115697.09951940388,152158.8693338503
2022-04-01,139922.02242566735,127467.50052637994,116215.42247080964,152590.11621085898
2022-04-04,140534.619970607,130050.3450573446,116994.75424020244,153897.2816175585
2022-04-05,139051.1414965331,126763.03789789605,116004.18933419272,151953.3433269056
2022-04-06,137935.9877524274,123085.08374782448,115431.52378708556,150433.95875862753
2022-04-07,138063.03150772696,123328.8470823413,115905.4959883149,151191.93928770217
2022-04-08,138109.47800413604,122008.70280431444,116329.819751519,150787.65736125837
2022-04-11,136667.08260544046,119867.22239951052,115560.3490439169,148210.36969678086
2022-04-12,137065.9824838696,119790.89939936357,115996.48916831224,147661.2232855619
2022-04-13,138710.83790501126,120956.30085173197,117492.91345197987,149352.43728918003
2022-04-14,137991.95705760535,119717.27632433674,116971.89165075858,147492.7404275387
2022-04-18,138770.23688078028,120113.19451709148,117317.16110409024,147553.40194970826
2022-04-19,138965.72810447213,121088.93030708308,117245.23960562496,149935.3187384096
2022-04-20,139319.64092078627,120828.78610277663,117300.11094678043,149824.11235883308
2022-04-21,138280.77910440354,119817.96084886845,116564.87245665817,147583.71347759006
2022-04-22,135060.71976380516,118409.24315193722,115193.13230871213,143534.1625921126
2022-04-25,135153.72221419535,118847.73683262797,113861.48755114689,144366.3063518422
2022-04-26,134092.34862382643,116696.76512908426,113655.1612912612,140185.31575726313
2022-04-27,134291.74383425497,116745.4974511166,114255.01977419936,140579.51948535026
2022-04-28,136722.68705204487,118745.60394456884,115455.69443155243,144130.46881701567
2022-04-29,132797.9398625505,116436.23320069598,114157.7603460743,138804.0255863146
2022-05-02,133488.9455149395,117152.6947407458,114518.7836108922,139639.51592336106
2022-05-03,134311.7745699412,117131.515109817,114634.4378098117,140279.67385103728
2022-05-04,137184.8534071223,117653.66318381707,115855.5695850684,144551.5990292618
2022-05-05,134174.91611901394,117218.45920295168,115089.703775957,139413.79505329713
2022-05-06,133272.36546569818,117211.56189983567,115465.59130035483,138581.68975997347
2022-05-09,129782.05537969375,116573.98232802439,112923.32943352601,134144.66676744865
2022-05-10,129861.19320429018,116412.23354751898,112185.82484955854,134454.62906652418
2022-05-11,130123.0886883626,116444.39587739996,112848.48663118554,132318.628011006
2022-05-12,130361.15890758423,116015.01082539953,112386.71729141528,132180.49514727056
2022-05-13,131539.21426976475,116023.87528968597,113854.67483478769,135340.66426097765
2022-05-16,131872.58554838973,116218.05880734001,114542.21420583157,134791.51784975867
2022-05-17,133382.80815590263,116195.04158740437,114925.1589434698,137564.21485641834
2022-05-18,130494.73363134981,115908.07035788141,113639.01974206044,132018.82084309898
2022-05-19,129141.98398416805,116299.8486538455,113829.28299006104,131210.25699021146
2022-05-20,130123.96434893907,116300.23973943242,113996.51591135918,131267.53346865816
2022-05-23,130946.57448879666,116532.58508727678,114733.194679555,133723.53655520256
2022-05-24,130687.45192988294,116638.97777695808,114646.992257636,132702.6766079246
2022-05-25,132009.48048517434,116556.98150609502,115084.32303296772,133875.13266101747
2022-05-26,133262.58725592785,116684.35735235584,115501.50011909383,136550.16346299206
2022-05-27,135119.68090928593,116892.17775693277,116144.12124191756,139902.31840875247
2022-05-31,133611.31908049804,116576.38118438664,115821.7237214677,139117.334462707
2022-06-01,134172.79993928754,116485.59999824897,116341.75896313053,137992.0766897042
2022-06-02,134997.89111744508,117524.62883106191,117099.78144323187,140619.94767799464
2022-06-03,134536.23556437052,116672.63916007966,117238.20179711706,138312.15565354232
2022-06-06,135569.369101149,116537.00356225521,117642.30371861091,138733.24739938244
2022-06-07,136718.01686230383,116895.96564352067,118236.29893011654,140064.06964573593
2022-06-08,135375.00893903503,116508.4390739142,118169.22049637108,138541.2615673291
2022-06-09,134319.4365999851,115898.52204643998,117343.20488999502,135246.3446336094
2022-06-10,132206.54060073235,115511.78082174472,116381.07113818932,131324.7714806989
2022-06-13,128562.40614013196,113684.66995565796,114890.13932753196,126338.64054336106
2022-06-14,127668.02831886304,113507.98914557669,114497.5487021745,125957.90005735338
2022-06-15,127828.85797807055,114318.76849868457,114340.4446148947,127753.62728591423
2022-06-16,125719.64705041032,113592.05803438008,113097.08944910284,123525.47687765105
2022-06-17,125458.44479762756,113553.9690983237,112083.76238892808,123791.77980598313
2022-06-21,126901.02262560987,113983.6561719287,112875.62451447175,126908.05875051112
2022-06-22,126565.60813897317,113964.97800174194,111660.11239473513,126677.99117657579
2022-06-23,126605.70609620298,113814.13831825262,110533.38945070349,127919.72522676906
2022-06-24,128742.7192471654,114532.78554040835,111416.04008939092,131986.81679335574
2022-06-27,128499.65046548657,114393.21291873112,111997.40610859073,131482.63761068226
2022-06-28,127762.05237325908,113841.76630430622,112389.76623285584,128796.10535333124
2022-06-29,127665.07296441753,113550.2582541922,111852.9362671428,128691.20746432914
2022-06-30,125716.07143638983,113182.01294818784,110923.87208436104,127645.69055084276
2022-07-01,127229.54128520703,113183.70272167969,111012.76831350509,128995.707533761
2022-07-05,126291.12503411429,112715.79298932383,109718.8693966814,129239.31528258768
2022-07-06,125322.68092242086,112331.39971740737,109563.0490066865,129675.83205721031
2022-07-07,127449.76992018353,112473.57863580942,110470.8359971216,131618.00089318992
2022-07-08,127573.85832103761,112478.7228295208,110569.10077944268,131509.717960465
2022-07-11,127891.54068100122,112194.05206929258,110666.08808592983,130007.45094283084
2022-07-12,126271.78752971772,112028.95768647925,109715.56472736082,128856.9976739364
2022-07-13,126680.86696234805,112132.43241940546,109956.84720040613,128180.25819420995
2022-07-14,126568.45403584662,111795.54079354322,109913.72445075231,127868.98803733243
2022-07-15,128243.5927185904,111854.76667568294,110062.50746074371,130311.9510122627
2022-07-18,127564.00713955256,111823.45120403254,110586.71241933262,129235.96870527076
2022-07-19,129496.69948934394,112069.59684460034,110851.38501003382,132727.7951710043
2022-07-20,129989.25856359558,111916.91853090737,111029.41047478878,133573.70990406093
2022-07-21,131208.36051529707,112403.47267907002,110391.93075078982,134933.92048455362
2022-07-22,130320.98797863974,112380.58423364366,109949.32171392308,133681.95437037994
2022-07-25,130806.28636727831,112258.77224478728,110557.8666368651,133844.39800267032
2022-07-26,130171.06759078045,112123.30244434252,110815.45324707186,132260.889935688
2022-07-27,131463.90746019027,112661.80956849502,111028.43263997948,135695.24759094513
2022-07-28,132224.67407183629,113070.78840616635,110902.82572185523,137397.155255415
2022-07-29,133065.9284848007,113263.66826124156,111203.25004879586,139400.25487840574
2022-08-01,133140.76097822963,113402.16771426587,110281.9903683658,138987.433409843
2022-08-02,132328.40336428792,113200.4468453179,110227.66920808426,138070.50969141864
2022-08-03,134299.07749158272,113724.7780434899,110218.58886143262,140232.59097016507
2022-08-04,133033.78444447363,114371.60734193872,109586.24169481553,140137.88667873744
2022-08-05,132611.49713148188,113877.76914223378,109856.75439208145,139901.01055095048
2022-08-08,133248.21182813117,113781.53356232592,110224.41425025855,139738.60538506604
2022-08-09,133241.75383137987,113278.68400152195,110366.25493393496,139183.68901295585
2022-08-10,133785.39310592428,113940.35884913895,110247.9427357379,142107.0973980938
2022-08-11,134070.4935952726,113794.78626366459,110879.12925391004,142107.0973980938
2022-08-12,135686.89004767974,114568.53738282931,110898.14927099526,144512.82489207288
2022-08-15,135905.03898878716,114332.392192922,110484.505199945,145108.36178885712
2022-08-16,136717.57903201564,114142.41626034117,110617.69935244483,145392.55159595195
2022-08-17,136400.8088184858,112723.35732920915,110412.91016318346,144360.57485735693
2022-08-18,137595.8665901923,112888.97082897504,111142.66446665255,144780.12794695943
2022-08-19,135955.6813587917,112177.77112041018,111101.08042471844,142834.57406725697
2022-08-22,134434.9143385041,111366.901677215,110894.51548209472,139860.3900262764
2022-08-23,134209.10336735274,111621.32745529618,111710.3695757942,139522.03951961614
2022-08-24,134235.15426950206,111732.64147306338,111810.06938541615,139968.67295900136
2022-08-25,135805.28665478688,112392.00360455601,111874.1430437694,141944.69223220937
2022-08-26,133604.24082417172,111043.84860161638,111469.61967617917,137140.00733169695
2022-08-29,133129.81522102404,110761.6996615075,111794.35219485508,136233.20027803516
2022-08-30,132202.7825574251,110292.04777437662,110714.70661580467,134737.66488144075
2022-08-31,131241.74507477414,109879.85000459861,110105.3994563773,133712.4197638855
2022-09-01,130637.17441845193,109639.75469005996,109766.77323636095,134132.0113198939
2022-09-02,130146.51260878258,109790.54639097396,109897.30565648682,132717.6400398358
2022-09-06,129050.22205292784,109601.16843294418,110054.0225187794,132216.92283369703
2022-09-07,129671.32080263046,109986.93485632018,109846.86020776595,134592.14646776457
2022-09-08,130191.49967089755,109859.74292555502,110117.2589729691,135471.87317164365
2022-09-09,131386.19258403056,110126.38081418826,110723.18987057576,137576.48563991365
2022-09-12,131940.88707335264,110329.14931670293,110855.87769892135,139055.0958178939
2022-09-13,129648.69957107225,109626.17580125091,109968.90566097344,133008.63840078225
2022-09-14,129782.3107806952,109570.78713641086,110082.24146296324,133516.20262717857
2022-09-15,128925.58636421352,108990.67113984968,109296.64872712093,132000.35696824716
2022-09-16,127478.70320506368,109113.68458699844,108899.46772255006,130993.30646070214
2022-09-19,128856.84700896239,109165.95825485857,109045.90198318525,132009.12730880178
2022-09-20,127691.85358371386,108982.37155508951,108951.55991024636,130493.89711236536
2022-09-21,127022.81241745075,109002.10274412035,108788.2264195681,128217.60907437903
2022-09-22,125488.07131379734,108931.54954287663,108771.53078730615,127140.58817442668
2022-09-23,124981.4651844652,108391.67951458704,108025.52129412888,125010.35707979971
2022-09-26,124504.12071272933,108063.4722177729,107999.9752832248,123773.70059519069
2022-09-27,123487.62472690335,108114.63220412759,108364.69242734814,123457.7375367883
2022-09-28,124777.72815701178,108794.94238443453,108233.41629308223,125886.92953839157
2022-09-29,123612.55230247651,108644.5336445353,108083.07403508956,123257.25062902189
2022-09-30,122073.72478279968,108523.0667639931,107960.70192073542,121351.2786810331
2022-10-03,123683.99161117167,109310.28042812257,108282.49999447262,124555.10716548364
2022-10-04,125090.59438380494,109890.10583729688,108447.33646585178,128414.6340056107
2022-10-05,125635.32823406991,109747.15811678821,108791.38169272014,128115.63463222844
2022-10-06,125799.76999315525,109679.5763385125,108901.52915733372,126794.0443233009
2022-10-07,123931.80355430626,109175.86649441274,109114.45703161444,123257.25062902189
2022-10-10,123256.66924986536,108726.2641701783,109320.3281453455,122316.17000766634
2022-10-11,123304.31977956706,108593.43000352597,109211.21910628548,121541.53352481911
2022-10-12,123112.98794361329,108737.5263173906,109000.18860925866,121140.63664209815
2022-10-13,124458.91473547024,108693.474271644,109494.28546376148,124337.65657269709
2022-10-14,123343.50559036307,108195.04159088078,109373.5228797743,121504.18264465003
2022-10-17,124160.82528090462,108452.51732165468,109247.59957215558,124626.42388209893
2022-10-18,124749.19621656253,108566.78709207641,109246.47191594064,126090.76302347491
2022-10-19,123847.48473796587,108189.7154613711,109690.06955817586,125197.22687986288
2022-10-20,122435.15368572835,108134.81304640058,109793.09816816461,124147.40172891105
2022-10-21,123090.36671205507,108745.87621089978,109771.08947433416,127164.36041329846
2022-10-24,123531.51721329778,108723.7098971568,110035.44642131294,128720.40346643863
2022-10-25,125363.94642708593,108915.13032895734,109970.50255209692,130775.89433432154
2022-10-26,124743.32199352887,108962.17389413054,109731.26456062468,129790.61581253934
2022-10-27,124562.93591478071,108831.54040852081,109827.7987460709,129097.5281102878
2022-10-28,126569.32969642307,108733.48173136383,110155.41812200626,132168.87829267627
2022-10-31,126297.51005915087,108440.41060136343,110336.47033810102,131214.14209721153
2022-11-01,126331.55136406027,108358.16091728673,110191.34225421958,130639.99252213068
2022-11-02,124490.18311522086,107812.55034404456,109958.39822134674,127361.42381093607
2022-11-03,124194.06389695224,107592.91823879306,110030.28751704676,126050.02709958298
2022-11-04,124097.4128608269,108041.8634235735,110329.33892767505,127864.2566694016
2022-11-07,124464.71598678919,108207.53895243585,110434.34166873715,129087.33451271335
2022-11-08,124730.77085859978,108454.20443904004,109997.76474380492,129783.80725868772
2022-11-09,123028.15832526996,108071.74929772876,109409.71666586272,127110.00738170331
2022-11-10,126825.53338674862,109374.99036329803,109146.90827397502,134095.23743581396
2022-11-11,126985.74278638115,109634.06239638841,109093.30377840172,135393.09397227573
2022-11-14,126403.20958789952,109482.43687403685,108825.38669927233,134241.29437917337
2022-11-15,127445.13621629983,109713.5942349977,108873.73440338374,135386.2854184241
2022-11-16,127153.10341405465,109532.95585210704,108386.20885731968,134353.42395249245
2022-11-17,127016.57333584355,109443.9216462752,108388.96948027314,133942.33347219706
2022-11-18,127223.37517531455,109465.6182705498,108566.2110594971,134550.48735013008
2022-11-21,127282.6646935115,109324.87092629912,108556.80803386887,134061.23313296185
2022-11-22,128524.3878767712,109604.08486303326,108974.73914684032,135865.30757161195
2022-11-23,128495.45459189109,109810.04114369805,108714.99842777239,136721.45436864893
2022-11-25,128536.68361069883,109780.1678968507,108684.55037520963,136690.9120423315
2022-11-28,127810.14073324896,109460.00205566197,107972.73803855188,134509.7129598322
2022-11-29,127473.81410017848,109449.16540016863,108343.39946201116,134278.68372574836
2022-11-30,129458.7541976979,110173.76404915107,109176.8440811954,138508.526655873
2022-12-01,129764.57865402213,110346.36318962203,108912.31787452234,138406.6291465343
2022-12-02,130198.43198379443,110131.95482751219,108642.95062016476,138246.95509547167
2022-12-05,128525.62839592119,109580.41100432923,107149.00572875502,135760.02501855043
2022-12-06,127898.69190904222,109151.71234191042,106141.74067212516,133803.04661628336
2022-12-07,128348.81793119351,109216.89608575549,105803.13857420698,133575.40242592234
2022-12-08,128793.6170181714,109706.33796902196,106257.9506185392,134621.8425331513
2022-12-09,127455.27928464368,109584.67499951037,105744.38458380768,133616.1768162202
2022-12-12,128756.9487315327,109886.30869882107,106030.71070672774,135542.53595935792
2022-12-13,129187.33590485656,110304.93550936818,106171.61748529704,136568.58887143794
2022-12-14,128784.56852554814,109980.40856564362,105935.24735228204,135695.47838938082
2022-12-15,127807.22186466082,109218.63268754474,105225.88834660128,132376.09682148238
2022-12-16,126760.369645518,109091.24436212187,104943.31995673224,130813.24521449058
2022-12-19,125497.63060842355,108836.67377970439,104774.4911169164,129703.98946635939
2022-12-20,125021.85502855384,108866.32065805684,105133.3381534563,129881.47346337284
2022-12-21,126381.93833306333,109252.66959013745,105616.20141016536,131823.52690013466
2022-12-22,125584.79532163742,108521.66272215928,105269.53587629984,129942.90431366122
2022-12-23,125457.49616533639,108539.91447653419,105678.65815188178,130690.38351391387
2022-12-27,124160.4604223311,108200.23810614647,105716.54893423912,130175.01060711143
2022-12-28,121482.58092198303,107937.2094523023,105381.646263267,128557.19050602941
2022-12-29,122992.58461435178,108512.13276982366,105748.4485530364,130871.25255465017
2022-12-30,122229.19102097645,108549.4891924768,105756.31555290817,130526.55509100959
2023-01-03,122934.0612991592,108405.67012172667,105265.49702993975,129977.06248213716
2023-01-04,123700.41024698007,108856.61071514201,105212.7098128346,130980.49714752364
2023-01-05,123581.35689444059,108388.79041773775,105071.16727025194,129485.57721342429
2023-01-06,125163.78501365299,109375.06454784636,105688.72017054888,132454.9529536622
2023-01-09,125091.1781575226,109744.18526735833,105847.80920090538,132379.8280628587
2023-01-10,125383.68527591335,110008.49439886156,106074.17264021558,133308.2147702536
2023-01-11,126276.31177602938,110283.6050124405,106321.10681648723,134994.27427547562
2023-01-12,126946.92183415864,110773.73812145443,106910.75067044688,135485.75954418848
2023-01-13,127041.63911984439,111120.61074222997,107131.11539448032,136011.40298137726
2023-01-17,126407.84329178325,111127.14571103628,107115.36938191576,135762.21760368906
2023-01-18,125960.30776550394,110841.09950477243,105946.58873379878,133618.7925318242
2023-01-19,125177.43072430263,110634.56417179623,105914.88480076278,132646.09252478488
2023-01-20,126096.21758414005,111218.4877828196,107140.92982279784,135117.13597605235
2023-01-23,126634.52992351106,113309.67250663126,107606.70547575937,136738.34112085722
2023-01-24,127137.88881153888,113123.50007784313,107618.93815747628,136591.63024859683
2023-01-25,127389.75068483956,113057.91086511791,107611.65292640075,136642.79056849884
2023-01-26,128332.72766810129,114483.75668888201,108305.20289106724,138144.55752285576
2023-01-27,128453.53234179366,115052.48035458721,107899.5199280352,138461.94383827798
2023-01-30,127661.64329382645,113231.8492141954,106869.69534020063,136724.68554674805
2023-01-31,129358.45457583733,114570.46144904487,107750.3833359433,138735.01685405575
2023-02-01,130690.37079847108,117582.23635163778,108047.22779309508,140209.4726601943
2023-02-02,131646.40971866486,120479.73973489106,107981.92694700517,142250.50015944324
2023-02-03,130271.29424092633,118310.68396064106,107003.57144455514,140738.50114110592
2023-02-06,129583.68177327105,117345.40645982587,106481.4180644072,139878.43077066288
2023-02-07,130057.19522998495,119692.15348291544,107595.20317934058,141707.81610442244
2023-02-08,129558.90787612904,117874.90126107514,106869.393103252,140158.27387388636
2023-02-09,128370.81890317674,117150.53628461043,106387.53470628057,138943.23550941638
2023-02-10,127883.80567924262,115934.44578230765,106824.32983810952,139267.46884509615
2023-02-13,129507.24390211867,118032.43984916185,107398.39566668862,140902.3295640102
2023-02-14,129460.97983499635,119129.2851590803,107626.25985181566,140837.47520359306
2023-02-15,129455.9447866818,119662.35019857483,107380.28422039605,141294.84077023593
2023-02-16,128017.56283229495,117490.4444059599,106872.82803793196,139349.36382334534
2023-02-17,128254.90333436953,116586.00935272245,106348.33807951101,139001.24284957597
2023-02-21,126357.09146420663,114001.74435920878,105277.44324937944,136212.73615007437
2023-02-22,126378.58163418694,113872.78247155416,104941.73087701524,136025.05855548644
2023-02-23,126884.38507465736,115912.79607317381,105214.80979782504,136748.61165124355
2023-02-24,125682.3585041966,113538.66647169857,104572.82654842039,135287.8114192142
2023-02-27,126178.09184803788,114499.12573246837,105035.220766042,135748.5620295799
2023-02-28,125888.50359823524,114403.96161826678,104678.26643795717,135246.84469688663
2023-03-01,125483.94841191657,113879.49272434607,105188.50325672692,134728.0482799554
2023-03-02,125711.03638807526,115026.88536768813,105605.70142863836,135775.9116442042
2023-03-03,127451.95907162466,117761.75139698754,106822.79233853809,137953.41795173314
2023-03-06,127336.70024824976,117472.39080042853,106571.9357308767,138048.96850409146
2023-03-07,126651.60530475176,116054.57538102307,104874.24663074287,135932.89304685092
2023-03-08,126857.64094121836,117136.8371762344,104999.93944056387,136154.72880991478
2023-03-09,125535.83130107107,115446.46224560778,103677.60920559872,133642.6801699138
2023-03-10,124806.69792774924,114302.86010606802,102622.59038020446,131714.28230726116
2023-03-13,123147.1751919521,114480.38693707187,101681.80021299876,131526.56624626732
2023-03-14,124277.94488300446,115396.42510140747,102396.71621446418,133700.72597647933
2023-03-15,124075.92269084658,115578.95109616256,100585.12782328366,132864.54324412587
2023-03-16,125284.77211663216,116764.51126020892,101422.00412375733,135195.6459105787
2023-03-17,124295.71349553486,116607.584766707,100581.68933167418,133614.83049201226
2023-03-20,124734.3464726203,117120.32986332521,101184.01559010544,134899.6084504539
2023-03-21,125933.9649764958,117948.91584604821,102309.80701460228,136670.94797764794
2023-03-22,125026.0509021493,117054.24987017894,101035.15214470332,134341.15316899715
2023-03-23,124795.75217054367,118840.70535674028,101506.15942257244,134704.35297389553
2023-03-24,125311.04193392557,118487.94897460545,101915.73869927572,135588.2725160222
2023-03-27,124854.71331602444,117558.13988333846,101943.28857454506,135841.8430639877
2023-03-28,124872.26301341075,117098.93767973549,101787.57205860161,135536.91986409048
2023-03-29,126104.79176061775,119822.03366414215,103204.35504300936,137506.93837797167
2023-03-30,126896.60783687027,121002.1707556445,103944.75325959032,138312.0402543245
2023-03-31,128275.44487205871,122380.47403540075,105233.0277149821,140261.479241027
2023-04-03,128461.66868798317,122113.54242183629,105555.77018096964,140795.96995158232
2023-04-04,128092.83315601207,121610.52301383442,105185.78386180078,140014.832646131
2023-04-05,128201.70695435036,120100.76751856462,104698.72638669325,139648.24779750974
2023-04-06,128938.64830114551,120720.45342528197,104981.78904758424,140192.97057204545
2023-04-10,128344.0382838804,120981.88675185839,105122.6697823368,140336.8733966721
2023-04-11,128805.51140766816,119954.73828990776,105148.80575568664,140374.6089409006
2023-04-12,128602.86895593531,118245.6190822365,104693.07516721198,139802.42115252276
2023-04-13,129375.89481565157,121325.41532564524,106279.15555209517,141659.3484329363
2023-04-14,128563.0628855643,120816.73714780415,105904.04461172958,141313.3431114937
2023-04-17,128228.5605453614,120824.56813955835,106040.52737088052,141820.4072746128
2023-04-18,128458.49441839354,121043.47946969842,106157.02557697862,141912.88051449586
2023-04-19,128886.07218070132,120576.24767641228,106044.25498060229,141888.91594359442
2023-04-20,129042.48705116921,119737.85417281493,105427.7726178879,141114.62565840062
2023-04-21,128765.44993629568,119431.84455695144,105289.64676358685,141224.2549153335
2023-04-24,129479.2592495297,119030.37560182279,105400.43963371006,141371.542783683
2023-04-25,128661.57470041461,115587.30862164823,103804.61411048174,139127.45112746957
2023-04-26,128288.433837276,116339.85260882755,103643.6632369837,138538.14578844784
2023-04-27,129587.95061858122,120654.44921015775,105747.06977151432,141296.18709444386
2023-04-28,130885.86202216297,121924.7094212508,106422.41941091162,142502.1858535176
2023-05-01,129434.19921570003,122095.67017039405,106244.06711026015,142358.28302889096
2023-05-02,129749.94782522398,120994.0801180063,105215.7833528574,140758.31134016573
2023-05-03,129724.91852708052,120222.15848225313,104671.48686123511,139792.11215573046
2023-05-04,128443.79061788069,119627.12099284401,104172.64650814222,138801.98686679968
2023-05-05,129828.06404581458,122864.91033601077,106044.84604759845,141371.542783683
2023-05-08,128951.08997850252,123294.71910925493,106134.0204863662,141409.23986150554
2023-05-09,128349.69359176996,122375.7512140591,105702.7276925074,140789.12293132476
2023-05-10,129086.19710827689,123762.68065795422,106251.50863421948,141446.9369393281
2023-05-11,129240.20391215957,123871.14077062826,106003.24666185668,141200.2518780261
2023-05-12,128943.82929288948,123499.54320975524,105755.80240805274,141015.26693185407
2023-05-15,128495.23567674699,124610.21127042822,106297.2478800909,141501.75156779453
2023-05-16,127810.61504939455,124521.69758924968,105691.74328457804,140556.17037694386
2023-05-17,128866.11441672979,126391.44562274068,106812.41705548043,142262.3478124732
2023-05-18,129206.67340925311,129024.74961289816,107804.57027806956,143632.79045694627
2023-05-19,128982.10295725171,128771.89430750307,107716.05821815222,143423.8024734668
2023-05-22,129031.35886467688,129184.22779480237,107860.57725067422,143482.04061206206
2023-05-23,128228.4875736467,127364.41873943948,106682.8851219575,141871.75992654456
2023-05-24,127297.98875359932,126348.68392897118,105968.60909714334,140843.9375597912
2023-05-25,128143.94984216217,130374.1794940944,106966.74464865276,142063.63035938007
2023-05-26,129450.98271008192,134429.11918247453,108632.14518760634,143903.44008914975
2023-05-30,130270.45506620724,135131.62506336448,108640.14158048786,143958.2547176162
2023-05-31,129769.6137023367,133960.3621799763,108039.03804279854,143159.99986152092
2023-06-01,130663.9185518909,136069.66809461956,109200.75301246843,144520.17197560766
2023-06-02,131309.24391087526,136503.64647327858,110491.04360950926,146610.0902768081
2023-06-05,130888.56197560701,136174.46212843515,110349.88874393044,146329.13164781235
2023-06-06,131637.10582504008,136424.6936276411,110567.28236500733,146647.74888822468
2023-06-07,131063.76706261121,134113.07820201886,109840.59590638969,146140.6847251056
2023-06-08,132024.80454526216,136001.16836221114,110671.3592071516,147024.64273363823
2023-06-09,132047.90009296595,136467.40991103475,110856.85411966128,147288.48381199004
2023-06-12,133076.8012702916,139414.44910533435,111915.1829058068,148624.61442236343
2023-06-13,133234.16477305067,140634.73996145243,112674.69415703091,149604.46918090788
2023-06-14,133583.4438854811,142142.20207680043,113031.46985618668,149782.64557322828
2023-06-15,134217.31268525694,143519.0227845458,114375.76841680834,151639.61132004778
2023-06-16,133375.91232886308,142405.3153935652,113911.33832306192,151123.08442106712
2023-06-20,133214.97321208354,141924.20931200465,113406.92599350927,150339.02366876425
2023-06-21,132544.3266680969,139495.60586641947,112620.89325548583,149568.73388978836
2023-06-22,132574.4275004123,140725.68495971084,113089.4077741078,150108.64836358136
2023-06-23,131887.5812357614,139097.31080445298,112092.65317074255,148973.81245549917
2023-06-26,131523.05103495784,136853.95615406762,111561.62959128284,148365.1585142889
2023-06-27,132916.29998380027,140592.26712684394,112753.05651567246,149991.74895592555
2023-06-28,133175.20362756986,140448.70980008604,112772.3577341808,150067.3739100063
2023-06-29,133077.49450158127,140129.95167704576,112972.9455490812,150658.8718341667
2023-06-30,134495.4078899937,142603.708117717,114349.6877136845,152436.71218396482
2023-07-03,134711.8419958056,142975.98266274342,114701.2400813657,152612.11899505745
2023-07-05,134010.87570435947,142442.72538799662,114393.29761369478,152385.16720000337
2023-07-06,133034.2587606192,141221.1608838294,113464.27866527326,151191.86235489027
2023-07-07,132985.03933905138,140852.27995193677,113443.86649218827,150810.1602087341
2023-07-10,133262.6237417852,141227.53628063275,113546.35684685847,151191.86235489027
2023-07-11,134026.01733516055,142082.76616911302,114233.51496398168,152154.75342841458
2023-07-12,135128.87534533863,144940.42635861307,115537.39420114142,153378.98526390453
2023-07-13,136150.36989362183,147627.45757815312,116744.35739315994,154596.33161273098
2023-07-14,135873.69763732183,147371.61685475463,116570.72625755072,154500.0117322538
2023-07-17,136258.55046067043,149102.30041414377,117089.98778872217,155036.50269591805
2023-07-18,136993.08374088036,150592.9884255627,117969.40618925466,156188.53308745605
2023-07-19,137367.7205241704,150227.38787090682,118128.26980614394,156535.84626670068
2023-07-20,136159.81973067598,146230.30950939134,116918.44158917337,155497.2917726897
2023-07-21,136290.329642424,145895.70458167527,116756.583719428,155497.2917726897
2023-07-24,136039.78125998803,146103.18047199794,117194.65234268647,156191.95659758485
2023-07-25,136145.40781702194,147852.02254107394,117705.81767329738,156618.3567074449
2023-07-26,136788.6169962799,146886.58262795923,117614.49850426774,156642.4366775642
2023-07-27,135053.0942196186,146597.89239322755,116904.78789874847,155603.92064995915
2023-07-28,136132.0904790885,149500.9471528625,118261.17822254298,157127.34419086107
2023-07-31,136725.45997720363,149701.39867761827,118615.62076977803,157426.49742986707
2023-08-01,136075.90225876644,149272.50266452986,118035.75980347718,156975.9788834818
2023-08-02,134143.13693726037,144949.3694654923,116092.36467784556,154792.31795100225
2023-08-03,133104.27512087766,144682.50503789523,115856.8668771631,154348.72335768642
2023-08-04,133243.5781242475,144367.75013439113,115486.89927878186,153650.63502266246
2023-08-07,133439.7260933717,145407.52335479457,116328.27284330392,154991.76626580823
2023-08-08,133205.37743159995,143922.7687819018,115670.23232452427,154317.7579009036
2023-08-09,132853.6172808696,141914.3139334767,114886.0479691498,153286.1273599621
2023-08-10,132371.78504867945,141916.9022827792,114989.46388160596,153341.13432045825
2023-08-11,132692.89707923416,140438.36471073452,114727.35511180465,153251.7383930505
2023-08-14,132963.98699935933,142738.57520901054,115258.923752871,154097.69159251303
2023-08-15,131915.529402493,141341.1868312572,113950.11421773964,152302.61829285318
2023-08-16,130932.81932057497,139701.48343838358,112928.5262758822,151185.0153346327
2023-08-17,130329.63512683213,138436.595568443,112171.91572984838,150032.98494309472
2023-08-18,130387.24629559091,138481.64456667544,112259.32955515043,150105.2248534526
2023-08-21,130455.40187712439,141415.38592253652,113082.40878135177,151081.80996749204
2023-08-22,130364.51560646061,140880.90557831194,112941.90106106237,150672.60434108778
2023-08-23,131823.3661268219,143353.82190996085,114114.56706895171,152350.77823309178
2023-08-24,130484.48110543391,141396.48742545894,112471.84754680176,150239.3187445642
2023-08-25,131692.2724413563,141756.74155122403,113300.94966477864,151298.4527657538
2023-08-28,132287.8675767699,142638.94913882352,113924.39749854224,152257.92032914932
2023-08-29,133868.54437482942,144844.26143017,115806.22153689328,154458.77574508465
2023-08-30,134045.4278112718,145731.95249330925,116275.13404156028,155094.97163294893
2023-08-31,133938.70667851728,146278.44963370144,116232.90421021453,154867.98137148892
2023-09-01,133932.86894134094,146232.55715757268,116406.40442206436,155156.86408010861
2023-09-05,133226.4662571494,146338.5737861393,116253.23902896662,154486.27922533272
2023-09-06,132808.6302187546,144776.0224782155,115376.21967382218,153447.7631977277
2023-09-07,132560.6723321906,143231.5923141953,114901.3001976088,152976.62665775785
2023-09-08,133054.07058116133,143325.33536790172,115230.46681992125,153207.0404293466
2023-09-11,133292.28674381235,145406.82727160564,115943.85001875518,154214.6294665748
2023-09-12,133234.23774476539,143471.09440817445,115257.03737299338,153368.63780070632
2023-09-13,133086.2146214884,144193.48491931555,115384.04348928452,153547.46812192776
2023-09-14,133722.23608684802,145380.6204105946,116439.99025203031,154871.4048816177
2023-09-15,132368.42834980306,142447.92010345295,115087.41796456183,153005.47646221385
2023-09-18,132816.9125083735,142674.5402799717,115115.13671076688,153095.21858727507
2023-09-19,132390.97660964655,142041.62614943646,114924.55541834178,152777.71687263504
2023-09-20,131507.1432011524,139836.79178095178,113825.64266001251,151373.1929924979
2023-09-21,129424.96829378995,137322.96436852656,112131.0015022431,148871.22255085353
2023-09-22,129361.9572181431,137582.09408776026,112004.04128109528,148536.48788635177
2023-09-25,128839.73514186434,138099.6005885627,112385.51789104972,149161.10538602766
2023-09-26,127547.62498960152,136031.5752950599,110954.11615696085,146969.75117235986
2023-09-27,127801.3841274845,136243.73168292525,111007.32352427595,147028.41244142046
2023-09-28,128384.42812796905,137318.25636874628,111786.69345729062,147880.78953067522
2023-09-29,128070.17543859649,137327.5258021334,111554.6180121294,147521.89796324226
2023-10-02,127382.81837194267,138448.17608014116,111556.04533619947,147463.2366941817
2023-10-03,125480.22685446667,135885.2090966752,110143.93797747012,145489.2946068945
2023-10-04,125847.74889557311,137730.68748385797,110753.19227666678,146548.7363593316
2023-10-05,124911.95962620969,137288.80377298204,110560.18531241498,146493.53706680576
2023-10-06,125265.25218294884,139467.28319899898,111924.76016778017,148232.83407785062
2023-10-09,126682.727741073,140476.4388260036,112420.57231820842,149181.80031242414
2023-10-10,126922.69522487694,141288.93350249712,113047.39892494258,149958.28318275657
2023-10-11,127738.22710840826,142372.35099240404,113424.21787603792,150572.55321923425
2023-10-12,126605.66961034565,141533.4736333892,112962.32531790425,149654.5909078495
2023-10-13,126895.80514800853,140275.5656050096,112307.9226150967,148909.18889351765
2023-10-16,127385.59129710143,141942.78402018396,113406.87094553262,150475.92560750956
2023-10-17,127546.74932902507,141726.87729488823,113449.6248309026,150469.0016544401
2023-10-18,126376.75734131935,139796.46419709234,112217.13991997138,148464.01717755824
2023-10-19,125008.24580376156,138160.38250541824,111408.5880283983,147159.54441927458
2023-10-20,124222.99718183238,135609.70223526983,110081.06986106394,145351.23867597093
2023-10-23,123920.71185367128,136074.46866908993,109883.85225961558,145099.3221834609
2023-10-24,124806.15063988898,137849.23007401745,110623.5272917706,146193.26830202743
2023-10-25,123468.94396793915,133254.7392177361,109080.79352971894,144095.07972354963
2023-10-26,122871.59751137265,132109.73818031827,107690.03147848848,142369.59215223772
2023-10-27,122428.87811826379,132430.29637702377,107638.44442923107,141724.27972616535
2023-10-30,122946.685405803,133155.25386063277,108085.67441730184,143418.72490788257
2023-10-31,123246.0883512333,133441.10355850548,108418.56661564346,144319.41580299966
2023-11-01,124638.16975264048,134440.39307892765,109075.20005982682,145858.53363752566
2023-11-02,126762.81419796059,136837.84454006515,110389.34230865208,148653.84889087887
2023-11-03,126991.76295284422,138748.20781770212,110754.21469140844,150010.02049874773
2023-11-06,127099.03137345902,138976.09156329036,110923.25484312336,150355.14109285365
2023-11-07,127431.59996322224,140038.61808223944,111137.8991261398,150783.04139254545
2023-11-08,127768.94820029858,139869.08358913244,111080.34182210134,150893.51691040903
2023-11-09,126657.47952778543,139124.36380791236,110384.0844855005,149716.71415344477
2023-11-10,128229.36323422316,142108.07540887175,112027.79379037768,152053.00978469968
2023-11-13,128170.21965945562,141776.14511408308,111974.92660172268,151908.0683671126
2023-11-14,129887.64545087035,145033.65106731778,113953.68766605016,154855.2105247164
2023-11-15,129790.15524002587,145148.65372226515,114100.94861427344,155183.05970255466
2023-11-16,129725.53878665551,145664.35523070235,113960.64415748874,155372.85294946935
2023-11-17,130233.53137856703,145748.58864263078,114224.45163082753,155566.10817291882
2023-11-20,131283.0835511539,147478.9789993885,115139.20999358162,156763.56738987355
2023-11-21,131005.93697870833,146739.46386257757,114794.9434761538,156421.9472387083
2023-11-22,131508.96749401998,147208.68173368377,115153.56869036122,157025.86981198774
2023-11-24,131097.0421645162,147056.10870647375,115213.44577473604,157122.45895730652
2023-11-27,131569.82590408306,147001.00727808897,114989.44199285169,156839.50007520182
2023-11-28,131373.49550567206,147532.75041792798,115210.35469381486,156994.7889559871
2023-11-29,131721.75301409667,147489.3620921169,115135.03186832392,156884.35190452944
2023-11-30,131483.09902115742,146807.5652959981,115260.41436450665,157502.08391754187
2023-12-01,132245.21560952542,147559.6130661533,115763.6546986276,158433.85566865958
2023-12-04,132100.62215683956,145492.85154770664,115006.1368415136,157602.1735058013
2023-12-05,132296.40526739025,145627.12758705873,114895.41651683602,157571.1311162066
2023-12-06,132387.291538054,144302.72823193663,114356.20225983462,156936.16615333245
2023-12-07,132456.83358216687,146391.56332598272,115272.82256189195,158133.62537028722
2023-12-08,132905.46368416672,146976.53505090985,115738.41548302548,158813.48062889496
2023-12-11,133564.5442113728,148127.8033875617,116281.19503063524,159431.2126419074
2023-12-12,133574.83322314604,149429.13173009153,116626.19636461706,160159.34323997152
2023-12-13,135641.90298556472,151735.4776855424,118160.30432230819,162367.968869907
2023-12-14,137155.11743338048,152077.1041132025,118604.5646142011,162889.0732711947
2023-12-15,136728.7437043653,152587.20018400348,118605.33437037958,162620.84702256555
2023-12-18,136960.57484197977,153852.6820242558,119235.48355104116,163535.6166222572
2023-12-19,138073.94077907523,154810.23218454115,119995.16549651288,164530.05014865342
2023-12-20,137237.35655585182,152081.95130409152,118422.08642634912,162250.10780210263
2023-12-21,137498.4858369199,154277.27241535005,119620.81487894994,163788.53324132168
2023-12-22,137499.50744092575,154561.1041515026,119862.9539431324,164117.7287433679
2023-12-26,138030.85098154255,155770.60672600864,120451.84623069341,164810.73951280757
2023-12-27,139169.93944807112,156090.6742540921,120686.15601438872,165108.7002932294
2023-12-28,138575.8037469516,155994.49685718454,120530.30309370108,165171.05433726037
2023-12-29,137944.78084404924,155214.83492489063,120191.87424570882,164692.91691140918
2024-01-02,136983.15958768062,152081.02082746316,119094.80624736242,163771.22335864807
2024-01-03,136374.72143047914,150215.41096614528,118087.46994722963,162433.74642406672
2024-01-04,135320.46258229384,149598.00803505766,117750.0850583106,161910.52637045228
2024-01-05,135098.92045645267,150076.30440577696,117979.19311613894,162132.32366711018
2024-01-08,136782.26845710067,153314.19814008105,119483.38553035786,164446.88577900815
2024-01-09,135911.53347139581,153641.0174964502,119350.77138199729,164197.4311364784
2024-01-10,136298.94030475907,154557.38015686718,119845.5072673916,165126.04864230895
2024-01-11,136411.28025954578,154949.33386012312,119907.97136389102,165053.2702022679
2024-01-12,136515.77575500184,155161.7806566171,120103.10787009502,165167.59236072563
2024-01-16,134962.28092066952,155542.7183715977,119555.08420599387,164561.24640387186
2024-01-17,134146.6395795662,154312.2464069219,118828.5423855865,163646.47680418022
2024-01-18,134310.75296593536,157385.07589282008,119985.4230822665,165101.77634015997
2024-01-19,135837.06583654042,161502.15725320968,121584.9654825736,167159.95985645876
2024-01-22,136663.14213284646,161767.45535311892,121665.86836475288,167513.38919424804
2024-01-23,135965.24065341792,162685.76610238486,121969.4280381235,168001.95101610932
2024-01-24,135189.40538268557,164005.1119573642,122162.49083815682,168185.5896380734
2024-01-25,136295.40117659594,164530.60038607882,122679.98406500091,169100.35923776508
2024-01-26,136424.37868233514,162972.55334420345,122400.8904605681,168885.52436058255
2024-01-29,138185.36858742815,165003.73088514054,123238.69591728036,170222.96282875794
2024-01-30,138125.64123894295,163708.74887666473,123100.4791786412,170091.3307876266
2024-01-31,136916.28101115447,160257.51659074018,121127.44000694242,167315.86419973912
2024-02-01,139126.99559396788,162983.93190627484,122487.71632252744,169505.75668998112
2024-02-02,138712.26085344798,166346.87240170833,123534.69008370838,171290.21326160117
2024-02-05,137393.07819503004,166701.51983144408,123253.83035562036,170666.48048926188
2024-02-06,137976.92488437632,165948.36475025138,123372.41174474111,171162.0047305986
2024-02-07,138613.8584961697,168158.54588279952,124357.61111720584,172589.56998789462
2024-02-08,138788.5162953136,168824.84308079933,124604.98131438548,172665.8104044704
2024-02-09,139456.13451314002,171027.9285051811,125217.94856900284,173663.70590740134
2024-02-12,139855.47222185737,170378.87955828503,125300.68010698022,173587.4654908256
2024-02-13,137632.09704654283,167229.84471914,123501.30059315365,171196.6244959458
2024-02-14,138780.74480769763,169705.48890332328,124686.93714770541,172752.39828424444
2024-02-15,140119.8122583724,170047.76065116597,125420.30942993952,173944.35680514958
2024-02-16,139351.34713082516,168491.78178080692,124718.19611480972,173078.09334335
2024-02-20,138312.26639929833,166799.398886188,123960.58643655901,172125.28046818232
2024-02-21,137881.40490982885,165976.70605438933,123929.55361757572,172281.18481146265
2024-02-22,139835.87931645935,170624.52167647818,126479.3053139651,175846.59751176205
2024-02-23,140686.40113719122,170003.76848468825,126447.79587700516,175967.8820896952
2024-02-26,140321.0682475259,169902.32261724107,126289.97614047868,175323.37745814756
2024-02-27,140026.40846355134,170022.7634106195,126581.45811514505,175649.11098365908
2024-02-28,139824.34978553612,169251.5918181526,126314.44236149597,175416.96622380294
2024-02-29,140715.7357665022,170859.06586389386,126903.50847001743,176047.5844828057
2024-03-01,142091.07015938484,174931.70161016352,128294.6003611864,177700.3705468884
2024-03-04,141618.1769622459,175282.66574843242,128027.63491441873,177509.76950544893
2024-03-05,141366.86237680548,172257.862991375,126567.68734349619,175735.73732983903
2024-03-06,141895.83433669442,173686.11340980505,127300.4918469915,176626.23462738167
2024-03-07,142688.23418666457,176239.4667877809,128757.62635220778,178379.49494378327
2024-03-08,141977.70860059225,172591.44344210008,127687.35795939798,177308.82100081124
2024-03-11,141891.01820352394,171445.11010799243,127436.7044191698,177156.3786340656
2024-03-12,142405.76067904558,174328.59654376397,128706.0818231702,179062.11978361875
2024-03-13,142396.12841270465,173295.7338110358,128481.79199080024,178781.39195305866
2024-03-14,141529.55281473792,172316.26419956592,128044.22806039064,178428.00108167535
2024-03-15,141267.07355694787,170591.68555763588,127126.01357752531,177202.80758603683
2024-03-18,141767.80546324633,171937.99196684832,127934.16192863682,178255.94084789956
2024-03-19,142526.71129616737,171971.2148125684,128398.23716086378,179246.5277337017
2024-03-20,143374.02236145225,174147.68210366406,129809.72554574572,180904.46829618054
2024-03-21,143776.24245290042,175133.2426313151,130365.25657309427,181502.27471091534
2024-03-22,144005.04526435462,175485.6860249605,130121.05016029176,181158.1927097698
2024-03-25,143781.82478907524,175236.7897249779,129975.34893079982,180657.70630206668
2024-03-26,143532.4074682172,174603.73940186048,129568.8358571492,180324.04869693125
2024-03-27,145250.63594849367,174927.7267241652,130427.4399740953,181839.4327589914
2024-03-28,145201.19761178174,175083.59262778456,130435.5079032594,181804.65912802043
2024-04-01,144455.60911679413,176041.13040866156,130451.97657011184,181488.34987196457
2024-04-02,143721.87852544597,174905.58078814595,129625.31060216762,180334.43462653543
2024-04-03,143865.63280341274,175543.12380956343,130009.16803029113,180532.53661713348
2024-04-04,143164.63002610925,173267.3433186262,128517.20664475474,178328.9500863763
2024-04-05,143337.93784853115,175492.75278968667,129731.84927352417,180191.9550589286
2024-04-08,143448.16162359147,175580.59235574547,130125.52503774408,180292.69857608905
2024-04-09,144117.71359185752,176082.21173157013,130085.58661398404,180501.26342910313
2024-04-10,142297.21525342346,175050.46875771243,128868.18928675822,178693.88087954206
2024-04-11,142896.9697765752,178348.7925589452,129468.54890315991,180042.47460544045
2024-04-12,141959.86701634713,175796.17377713887,127726.50366186946,177557.31398319246
2024-04-15,140924.36189884078,174432.95855571114,126034.38137183804,175332.8786604151
2024-04-16,140283.3053851666,174814.92371185182,125906.67988991158,175013.1074278245
2024-04-17,139912.02530075292,172057.54182389975,125070.79050810226,173977.36098144727
2024-04-18,139749.88215068076,171068.07083936562,124693.11893540408,173619.35414135098
2024-04-19,139364.11718089835,166740.3442757935,123422.76697439076,172103.93161288483
2024-04-22,139656.40538414498,168107.700130137,124306.38397836928,173688.86293688702
2024-04-23,140460.0063923222,170750.09476676208,125403.64161756016,175749.9314336314
2024-04-24,140289.43500920173,170923.09113370304,125506.54185681886,175666.5362655505
2024-04-25,139874.80972625394,171069.54239569185,125269.9814416571,174999.18258887372
2024-04-26,141041.37204336855,173555.91279203483,126197.26724319065,176657.1231513526
2024-04-29,141241.2780558,173565.8791398288,126557.33915102316,177282.74077758298
2024-04-30,139895.7890942313,171218.6878635104,124551.97948099856,174474.34694620973
2024-05-01,139746.488965947,170715.44090904147,123858.93208609853,173907.81371950527
2024-05-02,139696.17496865866,172431.8761364048,125093.86266472288,175534.4810939538
2024-05-03,140313.36973162464,173993.00126807613,126925.35515089096,177710.2948796213
2024-05-06,141222.01352311816,175525.76892670448,128116.32442222,179545.45017427203
2024-05-07,141501.05736014608,175239.8174733565,128228.76393874474,179743.59063127602
2024-05-08,141782.21737690037,175174.97923149425,128119.06106413076,179760.9389803556
2024-05-09,142339.5753338091,175705.21027820944,128836.7676162073,180796.68542673285
2024-05-10,142253.90654074668,176407.7570619363,128886.89830779794,181029.5995147078
2024-05-13,142321.69726370665,176147.77191605532,128954.74627937713,181053.91028326275
2024-05-14,142946.55405671656,177134.21610880696,129220.96921148518,181884.59231956658
2024-05-15,144150.07654732873,180226.67697232537,130858.0846482323,184136.87732024552
2024-05-16,143870.55839415526,179667.63542259295,130586.8942160996,183758.02168812897
2024-05-17,143905.29293035434,179936.90842188578,130968.3771353605,184022.17049772837
2024-05-20,143530.14534506135,181491.1304382198,131359.581528504,184234.19732727716
2024-05-21,143971.80664830699,181624.8071586251,131419.1887294215,184686.0237314645
2024-05-22,143263.25129853166,181275.9405380265,130806.8719892756,184154.264135731
2024-05-23,142189.7644035219,180124.01678561512,130191.05374261884,182809.13238636736
2024-05-24,143116.6876095488,182102.3104027239,130659.96073873596,184018.74698759956
2024-05-28,142733.9509659266,183450.73749081654,130982.19069411316,184147.3017162556
2024-05-29,142130.7302863264,181725.84107835262,130134.50053169782,182857.8308562891
2024-05-30,141951.40229744144,179957.81446649658,129175.54669004996,181644.7927449281
2024-05-31,143010.03944850896,179723.37913127235,129591.2267556677,183299.2328644663
2024-06-03,143082.93819149822,181188.36741123226,129411.38586631027,183448.6748515485
2024-06-04,142966.00101868514,181550.09647059863,129318.64505150817,183653.77772802787
2024-06-05,144185.39485724544,187973.72023713795,130654.05931936105,185836.4770003589
2024-06-06,143948.7111006032,187650.29922904578,130729.0355993474,185833.0534902301
2024-06-07,142767.0071526875,186586.08152603408,130268.39141409344,185607.1018217305
2024-06-10,142978.5521536142,187899.06800156616,130532.4865451127,186180.59746791035
2024-06-11,143286.2373886634,188860.64643086467,130881.34290112881,186629.00036196885
2024-06-12,144290.3281829897,192059.1002467958,131953.85540741286,188161.77123951455
2024-06-13,144696.087402601,193465.3746820729,132397.37235094188,188540.62687163104
2024-06-14,144860.96699197456,194851.31283162747,132218.52929230084,188655.33369414823
2024-06-17,145424.74645977726,197183.37216257094,133500.5537304111,190156.7929172576
2024-06-18,145932.8849951182,198016.52968419302,133720.95934883755,190639.9694422871
2024-06-20,145858.0525016893,195838.6039030057,133315.0175769011,190122.0962190985
2024-06-21,145730.6438878162,194367.35334654542,132919.57841234916,189867.217813331
2024-06-24,145438.90297242982,191037.87997263455,132329.605746435,189249.9858635958
2024-06-25,145987.90566800497,194788.95778539314,133248.67096817587,189978.77039056094
2024-06-26,145603.38121737252,194953.9898649106,133206.49118368785,190215.87731678353
2024-06-27,145891.21814602223,195303.3428580497,133354.661667571,190515.7229510965
2024-06-28,145169.41843002816,194514.09815318102,133035.57376288687,189766.01269929926
2024-07-01,144527.92408606576,195471.4907625348,133476.78026796112,190156.6005852279
2024-07-02,145382.24043596222,197238.80495822476,134482.5937822707,191436.33944449123
2024-07-03,146357.5803746952,200063.29742981005,135306.02379342227,192290.6013876371
2024-07-05,147319.74891892404,201954.64797611476,136121.98670869804,193399.43400530296
2024-07-08,147746.99830851564,202778.32265482048,136106.42421122422,193622.61609257478
2024-07-09,147542.49507805784,203331.16798616623,136214.49284307277,193810.90914965776
2024-07-10,148967.88806722738,206310.97263396098,137513.58816394338,195728.72875067653
2024-07-11,149241.56848322452,201021.18309479376,135846.1614448383,194041.01518999902
2024-07-12,150136.16521963757,202396.21579839694,136613.17622898362,195264.93929424146
2024-07-15,150357.8168030508,202866.1034407952,136947.9932282122,195801.96878758888
2024-07-16,152173.93683860262,203136.46783124554,137823.6566408122,196963.115717335
2024-07-17,150962.97123309065,194636.90677092024,135426.7317235318,194201.45856918048
2024-07-18,149620.14573910862,194537.96719834142,134491.21304100807,192709.03895146732
2024-07-19,148401.80999041154,191648.6109414679,133393.86788311656,191429.33855860992
2024-07-22,148994.41328552226,195325.52528878886,134356.6586077904,193402.97291464958
2024-07-23,148932.56975731067,194537.3876434691,134216.4203263434,193099.58837099
2024-07-24,146271.0359210563,187190.555470672,131696.21616561225,188723.45769907036
2024-07-25,146548.29195107392,184653.1260236011,131204.6152228674,187740.17943039714
2024-07-26,148409.69093559956,186983.0871605769,132244.20330421507,189842.75317915226
2024-07-29,148567.45578278948,186861.4901425701,132007.58258294742,189954.3826891941
2024-07-30,148354.01351728043,183492.491632855,131668.89333456615,188991.9532125411
2024-07-31,150310.4946460653,191149.59468472633,133496.93398506255,192063.95732383057
2024-08-01,149143.1296400889,188430.9749366446,131284.05965366407,189344.15162534028
2024-08-02,148086.6816404625,185733.91967116928,128546.87932297784,185818.85938643775
2024-08-05,145006.83744966777,181100.68493288537,124815.94436169945,180407.1361337646
2024-08-06,144528.3984022113,182453.4639804161,125860.98329476257,182070.3850602634
2024-08-07,143256.10007049068,180611.62287461452,125167.8901846464,180853.4618419023
2024-08-08,145058.68385296492,185995.35017069394,127771.1625337453,185034.29857085762
2024-08-09,146002.71892608987,186771.88749438414,128201.44696528306,185850.20950727994
2024-08-12,146167.16068517521,187421.0966502878,128684.03875933292,185947.87571196508
2024-08-13,148360.10665545822,189725.29448334925,130064.93771742012,189005.95498430377
2024-08-14,148826.1040255576,189372.60079027337,130269.65534269971,189602.18427639498
2024-08-15,150215.95978966632,191794.879039873,131970.20388924738,192851.98011594542
2024-08-16,150754.63698761087,192686.18520748382,132160.62999275074,193284.38098513233
2024-08-19,152029.9271596344,193952.09780940495,133401.81282838658,195132.46099217937
2024-08-20,152278.28639062925,193659.34986412324,132850.0069715168,194815.190075975
2024-08-21,152947.2545851777,194192.29244608805,133264.24883648418,195484.6209385726
2024-08-22,151653.10122490322,192136.8069013178,132426.08872452067,193950.38833760115
2024-08-23,153338.23703256145,193770.4729955369,133771.6453336155,196011.18756950396
2024-08-26,152687.14690811548,192929.96336069237,133302.88648766934,195543.89767012827
2024-08-27,152453.30904834668,193477.07178540135,133509.2267042827,195812.393183599
2024-08-28,151892.63087841892,192152.81505986975,132521.44669308024,194675.67242162564
2024-08-29,151510.00369236874,191758.9631824904,133021.58088126063,194693.0977035171
2024-08-30,151716.62310255299,193496.24630130647,133757.22300500717,196551.6405729802
2024-09-03,150639.37816423597,187883.08341868213,131216.36100833153,192506.82105543354
2024-09-04,151424.40787102102,187385.0398123138,130934.58524428734,192112.7711929702
2024-09-05,151600.01430245605,187641.58994130854,130733.20585819724,191645.5197600004
2024-09-06,150112.08455378527,182921.00777627042,128726.70816927838,188420.0731554108
2024-09-09,151153.68280946938,185107.3821911774,129877.04359319467,190529.68625645322
2024-09-10,152388.5831374043,186439.32179398183,130012.66883031344,191359.5989646382
2024-09-11,152979.28916793273,188807.42090069942,130933.91052062695,193322.69352544993
2024-09-12,153345.3517747451,190274.60901064464,132168.8055560943,194951.1303545718
2024-09-13,154414.49685272994,191349.05085553046,132862.10233543042,195969.33611983978
2024-09-16,155408.66349385653,191146.79042944987,133120.79754690992,196258.7573581426
2024-09-17,154948.6862902202,191063.254690341,133292.50630260975,196338.95981453036
2024-09-18,153652.67215122073,190378.54340441778,132762.84457754597,195756.65536138995
2024-09-19,155188.61728816674,193539.9150261202,135130.30334166528,199097.07805333828
2024-09-20,154216.74350588224,193378.27416957298,134857.10687413032,198752.95758578682
2024-09-23,154188.46696643447,193766.57195679078,135453.74761409892,199249.63581930177
2024-09-24,154406.06861968164,194904.52896520184,136100.66141688026,199819.7079553528
2024-09-25,153099.29115276338,195018.36852927078,135660.68934389477,199378.99834248255
2024-09-26,154354.8789618168,196984.41622006297,136365.58951952384,200169.48298457765
2024-09-27,154644.32126819002,195629.4164226946,136142.84177290509,199879.1385525322
2024-09-30,154475.72012136655,195804.57864511322,136368.68509752123,200680.1245234493
2024-10-01,153754.5771508048,193975.67839004085,135328.4890540441,198882.35857537354
2024-10-02,152741.58380728462,193745.30069180997,135209.22151583392,198966.33073954354
2024-10-03,151127.74136489214,193279.2489290009,135129.49384092976,198602.55393855603
2024-10-04,150910.68699950524,196112.77237920725,136391.76810977535,200407.32077251314
2024-10-07,149226.171451422,193661.20215050763,135261.09658344972,198595.55305267475
2024-10-08,150426.00887044164,196844.97031123747,135750.01218449383,200473.75225557387
2024-10-09,150541.48660896064,197938.1023014825,135868.02058394518,201862.3510436513
2024-10-10,149970.3734838302,197712.66468153638,136075.46383667536,201509.07557148577
2024-10-11,150793.16605297456,198311.14818724926,136899.25414155476,202715.76672586642
2024-10-14,151845.3087214334,199700.24101620368,137520.20606444273,204373.66882193938
2024-10-15,152289.1226902628,197966.4648279339,136757.5707768141,202785.69865186786
2024-10-16,153290.51353114506,198160.52297861985,137138.6523633107,203667.0794112024
2024-10-17,152302.76840091244,198245.61942911855,137280.80785498372,203684.6200923117
2024-10-18,153047.5177211809,199200.7715839132,137732.35390391905,204468.0653821195
2024-10-21,150981.14119005192,198997.56581654228,137567.42664406318,204132.29212465728
2024-10-22,150689.83810495376,199328.4122028371,137469.34898311933,204023.89379271452
2024-10-23,149532.9445400374,196110.65564784137,136045.0974983757,202159.61942876616
2024-10-24,150030.35623331685,197987.93597144334,136391.22650372575,202596.82859869575
2024-10-25,149593.32863395492,198950.58821444458,136758.81194092106,202526.85820628837
2024-10-28,150686.7003212215,199201.30603617674,137081.16531853797,203152.97589579603
2024-10-29,150606.10306233098,201042.44650229276,137513.0325487202,203481.78673378282
2024-10-30,150423.2359452829,200233.66206355533,136842.83092060033,202866.1319066913
2024-10-31,148701.57779441532,195438.4064703064,134419.54388797938,198889.35946125494
2024-11-01,148335.22330074417,197081.62552819314,134788.77822394128,199728.77337170742
2024-11-04,148683.00649302316,196362.15731359713,134366.61840172118,199298.56508765914
2024-11-05,150319.9809689768,199738.0877721959,135703.3216878463,201708.44695347987
2024-11-06,151944.25836657194,205710.5916392986,138506.93312145944,206724.00469136285
2024-11-07,153105.2748333691,209541.30619852594,139544.06957741038,208322.47619025636
2024-11-08,154258.59278426497,209154.72929837464,139576.98394857097,209224.8596072349
2024-11-11,154312.2634804297,207821.63809298642,139489.88184005435,209424.230989229
2024-11-12,153139.8269402814,207208.7941975979,138870.3721991161,208773.6871319486
2024-11-13,152674.5957731864,206241.43685346073,138731.16755745042,208875.08457801002
2024-11-14,153041.27863957372,205110.39404932703,137889.92164312745,207531.99154816126
2024-11-15,151580.0200526272,198460.00781447752,136036.65144027214,204873.7705655831
2024-11-18,151275.25368616616,200137.35336968853,136892.23337460333,205713.22294244156
2024-11-19,151743.22129256258,201620.24028084136,136981.01175184778,206465.24117859532
2024-11-20,151523.90480401984,201582.51503947855,137352.13584120653,206535.17310459664
2024-11-21,151792.2582848436,202906.55324423374,138245.4226773279,207643.9287894506
2024-11-22,152610.12526324546,203081.13803942312,138729.79993934772,208287.51022725567
2024-11-25,154115.49525173052,202227.75582539453,138920.97253684272,208994.02270518075
2024-11-26,154326.56593651167,202410.1365686443,139083.9951130504,210085.27617533138
2024-11-27,154333.6077069806,201829.19553414112,138974.21904175624,209448.69562340772
2024-11-29,154961.78471300955,203102.19803241987,139764.60597000096,210749.82180437446
2024-12-02,155604.84794883805,204145.99586085914,139782.59458677983,211127.56191071868
2024-12-03,155242.1420409021,204679.59134213257,139733.2843246442,211225.49738024542
2024-12-04,156418.59202535913,207014.77132905062,140499.56727234283,212537.08642362824
2024-12-05,155818.14427091772,206553.0924288759,140279.99367358757,212187.31139440337
2024-12-06,156494.665037938,208723.8645149872,140274.8455696613,212589.55460133223
2024-12-09,155300.40995509323,206970.27491108075,139799.0932752814,211494.80068824094
2024-12-10,154904.3924593949,207096.92491440123,139152.7459494253,210837.25594507917
2024-12-11,155193.65233648132,211086.2169833438,140399.82358848542,212467.1544976268
2024-12-12,154019.13610246396,209457.8043749906,139516.1904539416,211372.40058453547
2024-12-13,153558.3562099659,210121.15512883014,139454.08992095783,211330.43373565347
2024-12-16,154143.9177346077,212948.82468244128,139854.15607591922,212232.817152632
2024-12-17,153993.741945747,211951.5767602394,139183.70790298583,211358.39881277282
2024-12-18,151046.26844542517,203293.87400808398,135419.67861521128,205059.1786422205
2024-12-19,150431.48174904444,202138.2492309826,134940.8403182216,204996.20913569446
2024-12-20,150955.45514647613,204683.03022302507,136241.86337992502,207458.40531359546
2024-12-23,151417.07421369327,206971.46140887402,136776.65537766545,208700.7548262838
2024-12-24,152503.25818706155,211022.90711521907,137944.0750612453,211020.432970172
2024-12-26,152603.52132306475,210875.28041191926,138027.26848564486,211034.51167474652
2024-12-27,151207.82782177973,207719.85780027378,136994.90225492456,208813.07673163255
2024-12-30,149949.6495168543,204667.29102724924,135808.51536809147,206430.15981637675
2024-12-31,149665.1328012236,203157.84769973645,135652.55183192325,205679.1417067775
2025-01-02,149881.0196191752,202670.29784631982,135773.99974045204,205173.77006551984
2025-01-03,151082.42593006097,206996.7356822977,137155.34298558702,207739.1716105615
2025-01-06,150722.2375462823,210093.22121883227,137624.14339164982,208935.86149939738
2025-01-07,149500.83698556764,206193.18773027707,136563.28111117106,206574.0626410034
2025-01-08,150071.22039355105,206249.7198624234,136411.59046535887,206875.8315956134
2025-01-09,150071.22039355105,206249.7198624234,136411.59046535887,206875.8315956134
2025-01-10,148158.99660973414,203064.9867798375,135019.33478603995,203717.3934701737
2025-01-13,148068.94951378947,202199.47042709848,135495.57209178683,204033.27959576424
2025-01-14,148286.0403650337,201911.58821897162,135815.23238212228,204313.96895991836
2025-01-15,149873.50353256072,208448.0358148019,137765.67224091222,208030.43923634948
2025-01-16,149806.33306917571,207080.01532535875,137860.67346204794,207630.35014815335
2025-01-17,151033.9362256402,210460.0663233103,138944.2658980444,209714.96008533385
2025-01-21,151611.28843237783,212221.51315552855,139975.20534811477,211634.62607383778
2025-01-22,151749.16848731096,214825.85642032107,140746.3901942956,212824.27661038644
2025-01-23,151881.61214949863,215424.28319782307,141276.51495608123,213985.9236034098
2025-01-24,151601.87508118103,214593.8478813107,140859.65830730184,213361.19070451605
2025-01-27,150976.87234474174,209321.03396218538,138401.99950138156,210343.1549607623
2025-01-28,151824.18341002663,211628.49860757418,139633.3747447411,212150.49904391746
2025-01-29,151317.50430897975,211406.225912542,139149.30845647352,211199.45562342307
2025-01-30,151845.0898062893,212580.06133016688,139996.47330332638,212332.94520729737
2025-01-31,151103.22286875162,212397.23464884926,139332.23359725787,211202.95606636378
2025-02-03,150793.96874183632,211331.0953698036,138426.31766011455,209781.62236683024
2025-02-04,150826.03981044868,212779.31748421563,139611.5923217544,211188.9542946011
2025-02-05,151836.91697424243,213020.64788818892,140166.47228086396,212045.17802445003
2025-02-06,151916.4196574124,213947.81320696336,140555.98249984518,212782.15589588063
2025-02-07,150769.1948446943,211459.03103030994,139310.1062989536,210834.48636385138
2025-02-10,151439.11167153387,212742.6918369879,140456.0250884952,212266.28292580097
2025-02-11,151359.60898836394,211884.62331544518,140474.2680294634,212427.68796513096
2025-02-12,150553.8188287456,212033.17254125467,140184.05787450203,211743.40906983998
2025-02-13,151659.59570751185,215298.14134124975,141757.1578262698,213978.88425112254
2025-02-14,151566.0459692614,215561.73410835778,142006.98810007237,213968.34445589458
2025-02-18,151888.8363492543,216291.07951359422,142301.52414109226,214596.50086491715
2025-02-19,152595.78632130614,216373.4130426349,142482.34388375125,215101.8725061748
2025-02-20,151603.80883162067,215340.51317863696,142021.59529666055,214206.99003835485
2025-02-21,150295.71787383774,210962.89352960128,139534.58561417068,210543.18027165745
2025-02-24,150343.33191768205,208401.9290131268,138656.67251159012,209585.13596528175
2025-02-25,150378.54077002674,205885.61388289253,137639.41439407706,208542.8117634885
2025-02-26,150638.39304608747,206041.21871641866,137748.4192234235,208648.09431655004
2025-02-27,149502.6247925779,201776.2254749741,135319.37294058735,205317.6728901465
2025-02-28,151214.28581853103,204095.38513728883,137084.4300807091,208521.73217303265
2025-03-03,149802.21016729495,201381.87697767603,134793.58935927038,204868.46220156318
2025-03-04,148213.25107961652,200651.89067179192,133725.41560770778,202443.4630382075
2025-03-05,149101.60873442236,202869.0202876469,135142.69689600912,204619.31529028097
2025-03-06,146895.16299691913,198530.7789606444,132478.05699521923,200987.08644286141
2025-03-07,147515.45905776005,199458.9624853885,133507.69257943396,202113.61360726028
2025-03-10,145602.14069822256,193491.44596929758,130553.27795070266,196730.16316295406
2025-03-11,144758.91604896108,192998.09638022,130128.9507289709,195094.8023807628
2025-03-12,144527.15788306136,193737.24282147796,130866.09177530788,196130.0487638628
2025-03-13,143980.30785307,192398.66355761266,129848.54938787545,193515.56408483995
2025-03-14,145497.4992593371,194227.9685121796,132160.6734839189,197512.7621918312
2025-03-17,146273.84533207238,194778.50854425164,132788.0033669599,199035.8395350796
2025-03-18,145486.22512941534,193669.89462689694,132626.77133573918,196884.60578280868
2025-03-19,146972.62247207738,194977.84024781873,133097.40232004895,199028.80018279233
2025-03-20,146652.75096067262,194738.51492338427,132969.18492102495,198453.22735069165
2025-03-21,146264.90629702117,194993.1401089025,132370.35344821415,198518.6971736039
2025-03-24,147421.54446093604,196926.7429424079,132756.50083844303,202073.9162763288
2025-03-25,147594.41445306968,197800.0970918723,132962.80606556745,202559.67005055636
2025-03-26,146353.4574728144,196404.982446697,132895.5535191125,200141.47944105236
2025-03-27,145989.51104572846,196374.6475193682,133095.99227017214,199609.9121773486
2025-03-28,144917.37412744074,194151.42866092082,132557.64590090438,195590.13429006978
2025-03-31,145586.05043513037,194694.18598964703,132853.87610000616,196903.06965766053
2025-04-01,146039.56964201535,194544.5630256545,133170.93036828554,197459.21695476078
2025-04-02,146729.2618035397,194749.57092202257,133274.73243243332,198708.83661817203
2025-04-03,141504.01271459158,193860.55940636882,131340.1037424654,188916.28979205445
2025-04-04,137262.78719842611,191935.33579122945,127201.44531754876,177856.58262141634
2025-04-07,135531.89812564856,190747.77481682014,126218.18307797043,177539.77330208322
2025-04-08,133158.82147761883,190896.5585629276,125339.36851732637,174759.03681658176
2025-04-09,141806.48047203943,194203.85072677312,128911.38545741256,193112.08995292094
2025-04-10,135848.12105131807,195173.91316248424,128069.08985265646,184650.09610831522
2025-04-11,137380.01625809804,196526.85004972038,129470.60950057814,187944.8207100052
2025-04-14,138478.4229936792,196276.25093191635,129859.30671311042,189768.12835162602
2025-04-15,138261.18619900555,196604.05172909366,130014.11404843983,189236.63802073413
2025-04-16,136672.11765375503,198211.4949020748,130357.27697498968,185030.2595982338
2025-04-17,136418.32203001474,198009.80955282017,130800.82967137486,185294.25454220935
2025-04-21,133814.43584837645,199579.42820764048,130277.86118023926,180883.73490337815
2025-04-22,136066.45242171228,199027.90237568953,131355.34435495723,185589.9073382747
2025-04-23,137715.2118295906,197862.65299450236,131147.330993223,188465.7327792632
2025-04-24,139639.6948614778,199023.2974502589,132152.2097946513,192432.73475759046
2025-04-25,140317.23723250395,198547.4554476171,132056.09242525394,193823.14146674713
2025-04-28,141162.86994835062,199394.6821500449,132189.2560899854,193897.0354325605
2025-04-29,142283.93440134733,198888.27632129233,132017.53341974833,195118.49768682267
2025-04-30,141588.6234177908,198480.57181585964,131483.56498889078,195195.8920955767
2025-05-01,141738.17894707655,197408.70656715677,131139.21356133267,196579.22098604013
2025-05-02,143005.47871633997,197689.45336879246,131539.52567304525,199497.28254075226
2025-05-05,142326.84176959327,199390.6926129627,131539.31049416846,198353.33009446194
2025-05-06,141777.51070130197,200961.99268113796,132424.30325865286,196695.427998389
2025-05-07,142288.42216180163,200133.60058027066,132100.53324908263,197522.60959175217
2025-05-08,142323.70398586098,199085.43425445104,131829.94351829772,198898.89912992832
2025-05-09,142327.2795998815,199542.24345830845,132433.4833919712,198645.48244758663
2025-05-12,144392.050753287,198315.3697011611,131977.40862702965,205210.1977519463
2025-05-13,144770.84692431518,200288.4555017994,132767.43261231016,206565.36923326066
2025-05-14,144425.6907137655,199540.01661586764,132175.66461917304,206829.4026436422
2025-05-15,145216.6311294416,200798.2118295237,132696.98939271492,207839.60739647443
2025-05-16,145771.69047733716,200492.62483880183,132670.2393568267,209156.0816734117
2025-05-19,145888.99250872375,201487.8039498048,132720.140332797,209384.879855951
2025-05-20,145493.15744231222,202379.99066354128,132599.28441642225,208680.86769441213
2025-05-21,143228.48027647522,201203.40575629266,131004.33237722726,205164.461195282
2025-05-22,143522.5562867321,200880.02658192106,130909.10680704018,205245.39451338266
2025-05-23,143288.79139867806,200667.35080466288,130430.53560362603,203844.44800899804
2025-05-26,143288.79139867806,200667.35080466288,130430.53560362603,203844.44800899804
2025-05-27,145505.01534595163,203794.6997083408,132471.90559121844,208082.4842835882
2025-05-28,144640.77484285543,203065.1211487505,131723.902064529,206878.6781096531
2025-05-29,145501.80459050465,203729.03890910745,132104.11930664562,207695.2814413824
2025-05-30,145432.26254639178,203052.63213913966,131999.07469930846,207462.98281590248
2025-06-02,145799.49270063938,205901.68934490057,132945.04642054252,208631.59222840122
2025-06-03,146119.69258476028,207877.48923616283,133626.0242611943,209821.3581641677
2025-06-04,146713.02559701807,209071.3557307681,133726.64356964023,209765.04334586955
2025-06-05,146569.7456351969,207593.21464989262,133217.10150291966,208751.26121728483
2025-06-06,146636.77015515245,209248.38646513075,134229.6261119252,210894.9170875853
2025-06-09,146833.83027071046,210138.13575498937,134416.3598637018,211085.01806574757
2025-06-10,147506.7389378529,212324.50940253856,134995.87468639598,212281.8233538013
2025-06-11,147058.5831519986,211822.54367606537,134857.8054209178,211676.36212428418
2025-06-12,148142.14014363755,212621.95804044654,135363.54244267946,212517.6608886278
2025-06-13,146064.19759572795,209498.56727366688,134332.91664522715,210141.66792644144
2025-06-16,146323.94041421663,213796.07423300532,135362.85891765213,212140.99784164998
2025-06-17,145442.1137278768,211635.69362059605,134407.655806366,210328.22999525708
2025-06-18,145142.4918673024,211703.70083158638,134346.23815063082,210296.5336767614
2025-06-20,144786.90070155007,210385.5741536417,133925.05154255964,209802.6634908802
2025-06-23,146670.81146006184,213327.22154767573,134891.87350632978,211874.96417815948
2025-06-24,148260.64620831673,217399.74381602823,135914.04885657076,214215.6065132857
2025-06-25,148407.46529830107,218858.33464538664,135961.7802568474,214335.62169982278
2025-06-26,149891.1991733764,221084.8174361538,137030.7370127676,216012.56466683667
2025-06-27,149809.32490947857,221859.17269115083,137327.71602170065,217085.7773926008
2025-06-30,150990.44508367666,223538.41023832402,138017.2182688879,218123.71642411672
2025-07-01,151555.17318377053,221162.83415028334,137799.1381619863,218053.13056921435
2025-07-02,152152.26423933558,223525.84280997555,138659.80733830444,219041.60180268963
2025-07-03,152047.6957721648,225695.32948510948,139476.38677129074,220767.9741013382
2025-07-07,150660.43050392804,223592.4940259936,138445.53988801778,219122.80438563187
2025-07-08,151409.375697792,224117.989604831,138423.75016284763,219002.78919909478
2025-07-09,152394.4208745806,225978.47095550084,139164.24874068328,220316.070764339
2025-07-10,152895.40818188054,225992.26598632085,139472.90022385982,220937.41861950993
2025-07-11,152091.66123027392,225642.06166591833,139346.32399829273,220160.7434171478
2025-07-14,151717.46227727208,225934.77640628215,139545.99531776694,220580.83503643342
2025-07-15,150810.7522362182,227159.86562725238,138913.8285892615,219638.2542252462
2025-07-16,150874.16465629594,227532.1118930592,139345.75914069012,220372.53944826097
2025-07-17,151834.87376623074,229415.14681888008,140117.59623126886,221721.1716405653
2025-07-18,151631.42862563615,228908.46356934172,140103.1139167528,221558.72800827486
2025-07-21,152443.42138100427,230462.81518023938,140546.14449262034,221978.89656037244
2025-07-22,153117.7894824408,228601.62434807597,140629.85763998877,222010.63134527404
2025-07-23,154372.53811677516,229708.58514250972,141497.33146536068,223899.40880980706
2025-07-24,153699.30107691657,230490.55000076044,141523.96325159952,223973.49510765015
2025-07-25,154351.52226294045,230325.57518721063,141806.41480740864,224919.65329458995
2025-07-28,153573.13298219343,231504.31571398754,141671.89353238218,224863.18461066805
2025-07-29,154004.2863585217,231278.39123147583,141531.60539067994,224270.0710974581
2025-07-30,152561.34367196588,231930.41048050055,141121.31521822748,223987.6507450366
2025-07-31,151838.8507246821,230167.59248766262,140510.69005157077,223147.42904005927
2025-08-01,150788.24046223203,225645.97903355776,138643.85511479294,219489.96623034222
2025-08-04,152583.74598838,232042.1466128534,140653.73239837112,222826.15761763699
2025-08-05,152496.80019031026,230074.88625584877,140115.08404852467,221696.437741545
2025-08-06,152709.14788009872,233395.39731677293,141298.8599934129,223394.53723182663
2025-08-07,152765.95635999573,234891.44312684122,141538.3135121444,223207.43663332783
2025-08-08,153357.28265009917,237256.27356342226,142450.54048261093,224947.92610295687
2025-08-11,152832.10521937488,236058.73635442965,142135.69858984888,224503.10058465085
2025-08-12,154570.47389290962,239768.1733298551,143589.97945375022,226893.13378500583
2025-08-13,155373.8924718001,239999.58398538208,143988.62823177522,227669.808987368
2025-08-14,155179.93365411696,239757.43711088356,143786.6446335945,227691.04244344763
2025-08-15,154657.63860612348,237714.13010662803,143429.36170299863,227157.9365235062
2025-08-18,154654.46433653386,237924.15594517154,143372.4962617777,227108.5071918716
2025-08-19,154688.9069858741,233529.11692990453,142302.92272771534,225876.38974316363
2025-08-20,154348.7493377817,232361.31507238152,141939.29705952504,225276.2368776664
2025-08-21,153817.77065573842,231329.27452797332,141494.65071593432,224372.46867007395
2025-08-22,156313.6222137575,235041.81168096513,143689.3148892955,227818.096982272
2025-08-25,155596.89403193534,234719.42979075186,143057.86178368714,226815.47011141022
2025-08-26,155912.1318394564,236116.5143731974,143506.90801455762,227765.12874129074
2025-08-27,156243.93422621523,236492.67266614983,143765.38460368232,228284.11749025164
2025-08-28,156506.96077186562,237422.42488195252,144398.450139976,229092.56594392136
2025-08-29,155761.91956473832,234927.5998558222,143482.45586875846,227726.3161376959
2025-09-02,155028.22545924748,234019.63496853053,142544.08684469224,226038.79490904807
2025-09-03,155999.62492538642,235359.73749675025,143289.59230206575,227263.83453906284
2025-09-04,157120.361005667,236406.45304656253,144266.95252725776,229163.15179882373
2025-09-05,157757.22164574568,237346.8777759601,144282.20953867876,228499.45243071145
2025-09-08,158729.13191388754,238777.50931850335,144818.5948510209,229060.79269261376
2025-09-09,158380.76494789092,239356.59755618297,145072.39720282343,229590.3597032086
2025-09-10,158833.15309319802,241495.2887549193,145487.15243025977,230254.0590713209
2025-09-11,160149.08851031165,242062.17528650386,146549.5179936926,232167.5319684683
2025-09-12,159881.50123249224,242459.99083943025,146754.9195569291,232089.82982846678
2025-09-15,160471.0762014428,244800.58005732176,147693.3427671604,233325.44772011533
2025-09-16,160543.86548685998,244301.120991441,147572.70032726336,233004.214764099
2025-09-17,160262.26763981744,242870.27038862833,147225.63079172946,232714.71659298427
2025-09-18,160442.2158882774,246786.4445102715,147885.06279175117,233802.08495613482
2025-09-19,160434.80925923496,248441.85848808524,148599.1567996803,234960.07764059375
2025-09-22,160951.8138579124,251682.11793630756,149412.62326543417,236071.6798394874
2025-09-23,160930.5426030762,249820.2327354658,148718.88492609502,234786.63261620412
2025-09-24,159816.3010054043,248577.96316636956,148092.91315083316,234039.6150128228
2025-09-25,159154.55701061158,247806.95779528376,147480.53402535254,232959.86299804857
2025-09-26,159995.191164001,248913.8787094674,148491.11166102378,234294.53188499622
2025-09-29,160485.70703024094,250611.43962884374,148973.0994468012,234952.99982190056
2025-09-30,160581.11754721636,252487.83755304848,149447.93614223346,235838.03488979954
2025-10-01,160896.09995373592,254708.16127476926,150081.22255859792,236641.6365763206
2025-10-02,160833.05239223174,256359.00843620911,150303.631267797,236914.2095288211
2025-10-03,161000.63193504934,255262.0904770732,150206.24109029846,236910.70908588046
2025-10-06,161095.42219244974,258237.81371104912,151069.93878593214,237760.31659390745
2025-10-07,160869.3923061543,256364.60394904527,150383.80205065387,236878.8204353551
2025-10-08,161510.30287639904,261149.5712360829,151536.82696244965,238291.34532792802
2025-10-09,161063.7889541256,260490.73382310884,150963.31483616837,237601.02720690423
2025-10-10,159206.51287148075,249330.6143251728,146953.00010048127,231179.1761342108
2025-10-13,161107.71792637737,258857.28922644627,149487.59088477047,234726.39422449993
2025-10-14,161390.81169357133,255754.56500831168,149049.77774479688,234439.62716820702
2025-10-15,161709.95348782904,259006.71534000934,150044.38006717397,235480.45118016857
2025-10-16,161315.6143415689,259003.08984101305,149417.76072095396,233876.74825006703
2025-10-17,161678.9040232225,260264.22482494902,149835.84830678892,235204.3393183214
2025-10-20,162892.02229431827,264471.61175266106,151513.50322005746,237650.57193775673
2025-10-21,162918.32859746905,262199.8708519277,150954.43457032338,237647.03302841008
2025-10-22,162287.30569456666,259051.6779021641,150166.07531827624,236411.5305359794
2025-10-23,162545.99042319215,262184.3127972497,151241.72236563437,237813.43870051252
2025-10-24,163536.9098230144,265906.7128554868,152428.1467047706,239756.95386070007
2025-10-27,164851.89660783685,270827.29660774866,154061.08588818336,242585.54255519254
2025-10-28,164929.79391328333,273704.52978903346,154573.5624520262,243229.85485471046
2025-10-29,163998.45591851688,276128.82314573857,154727.3597601765,243346.7157959603
2025-10-30,162451.747453652,272009.1280823188,153215.6739676006,240670.33866977782
2025-10-31,162532.85551454543,272744.9975557037,153596.34307624635,241459.78471891253
2025-11-03,162107.13853096263,274451.4378679366,153962.3825237549,241912.91898090183
2025-11-04,160834.87668509933,266523.4190493615,151599.07932073556,239045.40228359666
2025-11-05,160649.8204166101,269523.6269814613,152405.13964618478,239873.77633554398
2025-11-06,160358.99164765753,261895.29793993503,150690.6757442382,237300.10451322494
2025-11-07,160574.84197975183,260526.60200192078,150791.51226672696,237533.7494629128
2025-11-10,162154.89851823635,270390.6872615644,153410.03367381162,241240.29540661108
2025-11-11,163005.67573996968,267929.6495016293,153572.5902429013,241792.55759671127
2025-11-12,163054.53030296395,268998.1364023869,153791.9017114786,241927.11308469414
2025-11-13,160778.2506344891,261783.57500909307,151169.5839114523,237912.56662862338
2025-11-14,160297.3305487327,261683.6316108587,151079.26531690932,237873.60015940474
2025-11-17,159109.82534949802,259433.29811527365,149820.93018291364,235657.4735803107
2025-11-18,158648.8630277132,254305.09389412164,148577.7891558523,233678.53086025114
2025-11-19,158541.55812124105,256602.30454303368,149098.19230395093,234581.26047488314
2025-11-20,157230.8036958714,249826.5952966141,146691.6065067071,231005.7311098212
2025-11-21,158669.33159368765,250897.61716350823,147752.73120910782,233306.8299796397
2025-11-24,160343.55812999763,258063.58619392765,150305.49030200162,236740.72603802558
2025-11-25,161965.06260243405,258288.19958164933,151408.5312559124,238967.50781156536
2025-11-26,163125.750696515,260762.69451948133,152622.69231267658,240617.2165631728
2025-11-28,163433.72781842304,262310.2189754031,153654.58123604834,241930.61352763485
2025-12-01,162171.93741361971,262329.2801667997,153035.8546733078,240826.0891474344
2025-12-02,162194.55864517795,263455.8689313053,153539.1968775107,241272.18405713644
2025-12-03,163187.63071058397,264260.3068342681,154016.45026458855,242107.635927777
2025-12-04,162730.20751696228,263948.8208175673,154000.6403608452,242284.61986151326
2025-12-05,162438.35714400382,265175.37159158307,154330.0303589296,242744.87040860165
2025-12-08,162165.7348178699,265256.30554051563,153911.43841532266,242015.58581835928
2025-12-09,162315.2538612983,265875.0862512695,153997.47080337512,241806.71323409767
2025-12-10,163658.0793552803,267446.56020989106,154877.21802012902,243410.41616419924
2025-12-11,164369.04277164087,266826.349733481,155173.47711120677,243976.83399168585
2025-12-12,162534.13251955278,263308.87903409224,153270.16401004806,241353.57897210837
2025-12-15,162493.52376032004,262142.672023583,153006.51159485374,240988.91744378422
2025-12-16,162414.4589074383,262415.1563458001,152710.0873551473,240330.48797328584
2025-12-17,161474.61970790883,258188.2379094179,150944.44867683953,237685.9610312228
2025-12-18,162718.89690118318,261420.97692782898,152289.48178690372,239480.80353244694
2025-12-19,163051.24657580227,264902.454382034,153790.83194799506,241651.3474205005
2025-12-22,163970.5442376426,266755.8043019936,154780.00045775564,243156.8071498278
2025-12-23,164298.84398209566,268121.37822611013,155509.1973870392,244268.1400838798
2025-12-24,164886.85005918005,268322.27315999416,155932.34085184033,245127.36419339216
2025-12-26,164709.38284902007,269070.5346624633,156110.359309198,245102.514895154
2025-12-29,164257.43253400116,266562.9342498338,155083.3880398348,244229.05821544342
2025-12-30,164321.57467122594,266272.6918505009,155090.9631553301,243930.82817017997
2025-12-31,163014.5418033062,264888.76972453325,153916.99697100723,242123.56101983672
2026-01-02,163544.82725405975,266029.0570902216,154211.02497344822,242567.3864115882
2026-01-05,165088.72630790854,268798.09994462645,155440.4580829657,244182.8985283138
2026-01-06,165974.93129713062,271932.0263036316,156532.62688873877,245635.1207518182
2026-01-07,165161.33316403895,271274.0882277892,155984.31339673267,244843.32825192114
2026-01-08,165429.24881457447,270107.5306114998,155839.14085317717,244818.47895368296
2026-01-09,166732.1952664708,272433.1016432454,157135.49030598914,246437.56844616105
2026-01-12,166937.50118579037,273598.1656490067,157810.85679456877,246824.57895633715
2026-01-13,166886.53044306964,273445.10387145914,157346.53988313166,246331.05496810938
2026-01-14,167232.05151219285,272539.6630498991,156931.01465243386,245120.28637469895
2026-01-15,167512.08046736923,273625.25164743414,157495.97182990354,245787.7939169995
2026-01-16,166611.53653620783,273707.4678981343,157309.60388485086,245581.8447795894
2026-01-20,163839.8154107505,270419.2297758173,155226.6495596867,240582.59679782554
2026-01-21,165478.4682361423,274518.47895527363,157201.94029886817,243359.17891148533
2026-01-22,166502.77219544162,276782.04905540403,158397.1288011842,244630.3012958178
2026-01-23,166270.53971339628,277386.0330004491,158628.32526012007,244719.0432943245
2026-01-26,167048.7830507139,278463.15773244266,159414.78536484655,245961.77747107227
2026-01-27,167475.48515244518,281380.115358079,160888.988823481,246941.74762883456
2026-01-28,167439.3276678094,284698.67880607076,161430.44685395286,246916.89833059645
2026-01-29,167270.72652098595,283141.92352504673,161238.53862367882,246426.9132517153
2026-01-30,165399.6952701194,273981.3763943035,158601.05875443725,245691.93563339362
2026-02-02,166808.08584976292,273227.1489821278,158829.39254221632,246913.35942124986
2026-02-03,166901.48964458395,273607.9229493571,158814.72736492733,244825.59523878212
2026-02-04,166591.46931466425,269265.62591292616,157898.9915431259,243639.6759436098
2026-02-05,165137.87275776162,265749.69851836003,155569.85437389524,240596.79090161793
2026-02-06,168158.60985964618,271801.74742276105,159077.6285432155,245212.6057489582
2026-02-09,169037.18930468173,274825.67445098347,160684.86499471337,246394.947668378
2026-02-10,169359.24996752758,273727.8279326784,160191.404634405,245745.17313921644
2026-02-11,169040.8378904169,274953.97279656946,161071.26383802335,245688.396724047
2026-02-12,167419.80773412608,270781.3181320622,158921.80281740997,241892.80105059443
2026-02-13,168128.4725414735,272169.7052050278,159265.57405866438,242063.20722891475
2026-02-17,168269.16200742268,270532.0596311256,158750.82992515626,242453.7566484374
2026-02-18,168893.2525974282,273080.57821557997,159878.33345092266,243675.18043629362
2026-02-19,168671.8564150164,272615.47881832236,159991.68105330365,243032.52219223123
2026-02-20,169246.28975316588,275681.20949645166,161303.5782534962,244790.09074609826
2026-02-23,168267.2647428404,275463.51686041534,160747.94359177703,242290.46675521633
2026-02-24,169297.8077837469,276298.8022357507,161622.4982661979,244051.535752024
2026-02-25,170104.69251908574,277799.0499305271,162800.7603771434,246110.91172690695
2026-02-26,170147.56340147433,276332.6993654108,162269.152279638,244743.89259256265
2026-02-27,169968.01649744526,276665.3336042572,162468.32452769863,243568.666958242
2026-03-02,169876.69239649328,277291.9759896858,162275.41524773074,243707.14601963095
2026-03-03,168280.21722220033,273323.18896535656,159152.51608533436,241559.02804624123
2026-03-04,169445.79442116647,276822.741323844,160123.45858919155,243263.3206278794
2026-03-05,168263.79858639196,275405.5662610263,158700.62662468615,241906.99515438685
2026-03-06,166858.18093190718,273551.55297619,158419.44413892512,238736.2862454518
2026-03-09,167967.82531155273,276653.49338242004,159466.33967665824,240827.58933726614
2026-03-10,167519.30466712493,277202.05129573354,159576.7677886277,240440.57882709004
2026-03-11,167045.46283769485,277243.8663614116,159613.20138486024,240138.77140607405
2026-03-12,165777.7982098579,271262.6213802185,157836.66120895764,236492.2715220503
2026-03-13,164639.58540390574,268549.94052494125,156562.36483489862,235153.7175281026
2026-03-16,166077.45655628966,272469.978574135,157986.3397668561,237546.82804093283
2026-03-17,167174.8052020076,274039.8706434112,158732.47280286803,238171.71480545035
2026-03-18,165336.13690661226,268957.4486004653,156787.39111353492,234848.33273133409
2026-03-19,164908.7050877339,266166.39729405666,155858.1467333748,234269.6056539462
2026-03-20,162661.5046475685,260058.23843700605,153205.0802133855,230911.1806840173
2026-03-23,163076.5312749472,260586.92381457798,153051.05099398436,233335.7567169076
2026-03-24,163124.21829050625,260099.42410675474,153834.08340473,232552.46529272356
2026-03-25,164210.32929215976,261724.66404911634,154777.63871135277,233848.43697529414
2026-03-26,162691.86088088536,257276.52933380732,154009.37306096492,229672.17774864586
2026-03-27,161383.87938067448,256331.38728974437,154802.59868839104,225755.83602694338
2026-03-30,162110.71414498313,255268.17742034583,154928.48353724807,225001.0482095619
2026-03-31,164606.82110400367,260566.31496494514,155992.94486588787,231541.3373461488
2026-04-01,164801.217751975,261573.8148117723,156332.98157072446,233285.90425480762
2026-04-02,165928.48480072155,261423.93758161657,156672.32428102058,233495.96929765344
2026-04-06,166626.86059629565,261775.4653812232,157008.46288500563,234599.6474169231
2026-04-07,166743.2869671058,262254.79443179833,157326.2276861652,234702.89125046975
2026-04-08,168167.47592298273,264658.8139850187,157479.66374713,240680.64766657012
2026-04-09,169043.17298528747,266393.267349025,157722.53848217247,242069.16952183563
2026-04-10,168802.98658633942,267099.1042072823,157688.11605048378,241908.99540749576
2026-04-13,170557.66443811049,269142.3305307456,158469.103919297,244273.02531743437
2026-04-14,171436.1709114313,273403.77420555876,159219.7672537349,247249.44040995958
2026-04-15,171969.52117420247,275491.04163394036,159290.16222955188,249200.49498571162
2026-04-16,172308.51127485963,276395.445541642,159791.23710163354,249812.84170189223
2026-04-17,173006.88707043376,279713.7618127898,160328.32364495716,252831.99297141828
2026-04-20,173350.25547397317,278930.9057277445,160104.7014359591,252326.4289981309
2026-04-21,173268.67309693416,277493.6465610415,159100.93766179372,250674.45072857296
2026-04-22,174400.2089909909,281605.0085415581,160814.4826824891,253212.9642558616
2026-04-23,174603.3622447267,280737.0974141596,160372.90429108051,252230.30144968338
2026-04-24,175176.77397887033,285951.41024270863,161645.50306008468,254184.93340118803
2026-04-27,175806.0455606198,285774.6366379136,161746.56047381126,254622.83496642456
2026-04-28,175928.4191261783,282413.17760527093,160954.41696543407,253383.8704974591
2026-04-29,176197.24692314767,283748.6468007582,161234.7509548572,253344.71169621078
2026-04-30,176754.64136591373,286264.1327570631,162809.46884645688,255865.3768111426
2026-05-01,176565.1338228276,288897.54626537743,163134.46219169535,256573.88954217665
2026-05-04,175786.92697136736,287606.73508375336,162717.92650350084,255633.96291299938
2026-05-05,177188.6771249728,293197.89215007675,164101.04744650063,257684.72241295144
2026-05-06,178102.57487992503,302987.3676123585,165858.28407067913,261266.40640296403
2026-05-07,177560.90584167762,301793.98931817006,165069.1708938125,260465.3050328291
2026-05-08,178682.04326638908,311791.82860653684,166856.43271614725,262615.73099057534
2026-05-11,178968.56670417413,314409.37328041036,167907.3522167573,263213.8836029636
2026-05-12,179476.70523951505,310185.3267319535,167502.06781901943,262815.10237256944
2026-05-13,179195.4357651887,314132.4659007034,168263.233000177,264285.51920608414
2026-05-14,179645.81718834146,317385.04679726664,168891.01685727687,266371.860131532
2026-05-15,177716.77342428526,309347.3279610086,166697.87600389903,263167.57005021017
2026-05-18,177897.81624846577,306665.9362367535,166729.56074440465,262982.4697048203
2026-05-19,176793.20691713478,303536.09789081867,165785.0951689235,261230.78651106235
2026-05-20,177727.50026634676,310766.17922376783,167256.80071727463,263908.12529739336
2026-05-21,177688.38742726544,311551.8665820602,167392.26026756407,264431.49921663164
2026-05-22,178409.60336954187,313197.11114336044,167862.4833190396,265471.13077000895
2026-05-25,178409.60336954187,313197.11114336044,167862.4833190396,265471.13077000895
2026-05-26,178677.33659079068,321204.42522664304,169217.28773000045,267233.4691582127
2026-05-27,178241.36708129194,319620.509981388,168744.01336275248,267187.19407186523
2026-05-28,178942.88066059834,323049.0375707871,169667.45582473362,268661.14981472655
2026-05-29,178651.35866035608,325202.05948720407,169873.1352840926,269330.5037445123
