,NTSX,Platinum Proxy-Aware,F-TAA Stitched,SPY
2007-12-04,101225.77528586586,100000.0,102083.91739286952,96326.76881987913
2007-12-05,101667.03838648928,100000.0,102083.91739286952,97939.25063841586
2007-12-06,102501.75775135845,100000.0,102106.21291125291,99341.1127806302
2007-12-07,101895.97112387072,100000.0,102195.42764423712,99321.39221207719
2007-12-10,102256.92273995181,100000.0,102128.47577018553,100091.3953253243
2007-12-11,101434.70516283828,100000.0,102262.28153993646,97346.93285096355
2007-12-12,102017.08844364746,100000.0,102239.94247561874,98307.83507198007
2007-12-13,101279.5829803662,100000.0,102284.55528535263,98103.82228664497
2007-12-14,100045.90656463875,100000.0,102217.64695723537,96859.82479726354
2007-12-17,99538.83405326963,100000.0,102262.28153993642,95477.68322360222
2007-12-18,100146.32092389213,100000.0,102262.28153993642,96010.83930539552
2007-12-19,100653.89350677148,100000.0,102306.81814428522,96010.83930539552
2007-12-20,100991.94184768423,100000.0,102351.35474863401,96616.37087482245
2007-12-21,101469.41012564796,100000.0,102351.35474863401,98009.12351582698
2007-12-24,101803.25786587482,100000.0,102351.35474863401,98736.88256851895
2007-12-26,101842.66350088065,100000.0,102306.81814428522,98948.60339333925
2007-12-27,101430.90461936058,100000.0,102351.35474863401,97704.80611277562
2007-12-28,101925.375328672,100000.0,102349.15567894971,97459.95072860994
2007-12-31,101728.34715364299,100000.0,102326.81661463201,96738.69846249638
2008-01-02,102169.11018275614,100586.238562432,102416.14021245207,95891.91526762412
2008-01-03,101959.28017706533,100777.21978707699,102349.15567894971,95845.56692630412
2008-01-04,100454.9650600036,100465.3502692668,102326.81661463201,93496.71707591016
2008-01-07,100347.54969960706,100307.19242287222,102416.14021245207,93417.33427965367
2008-01-08,99345.30637881218,100779.1887871246,102349.15567894971,91908.76083755356
2008-01-09,100031.10444793606,100848.76986097287,102282.04050764431,92874.76838342391
2008-01-10,99908.38689932661,101353.14158494257,102326.81661463201,93483.50329393556
2008-01-11,99657.8510727034,101377.66344785303,102371.4403108495,92729.2165728855
2008-01-14,100432.36182774138,101746.29505336637,102460.84011405468,93476.79629853938
2008-01-15,99450.22138165758,101155.08982802884,102438.51193622056,91419.1501736311
2008-01-16,98761.52289777438,100759.03068945336,102438.51193622056,90631.82899764454
2008-01-17,97576.75347574704,100644.47546860395,102393.76848868362,88282.97914725057
2008-01-18,96707.52917667228,100975.80454998308,102460.84011405468,87376.53372467484
2008-01-22,96454.49299249794,101120.26601273609,102505.56178862444,86489.90897506099
2008-01-23,97695.57046657673,101034.637232429,102617.3115426309,88567.47587734007
2008-01-24,97718.77378465122,101763.64932266776,102661.96789829913,89315.15570740281
2008-01-25,97697.97080982581,101742.8034259381,102550.31612264493,88024.9099811103
2008-01-28,98761.22285486826,102149.73465715184,102594.96159182959,89480.52819090312
2008-01-29,98758.52246871302,102046.04721529789,102684.3396220676,89923.79051350558
2008-01-30,98115.93057807267,102330.69076272228,102729.00686421942,89262.20047509552
2008-01-31,99563.93764308297,102259.12178478607,102729.00686421942,90889.79805937593
2008-02-01,100647.69262004468,101780.3154465191,102717.82644557698,92352.02316015604
2008-02-04,99653.75048631955,101613.525932323,102740.27437473055,91187.60867584891
2008-02-05,98205.54339270516,101085.28646739876,102672.95236023703,88746.16224722385
2008-02-06,97545.84905641507,101348.89067641278,102762.61343904826,88031.51687209759
2008-02-07,97282.11134192189,101631.76475437995,102740.27437473056,88613.82421866005
2008-02-08,97605.05752322583,102005.61377351668,102740.27437473056,88044.8307584811
2008-02-11,98105.82913356612,102141.90169689177,102762.61343904826,88494.69997207087
2008-02-12,98247.14934235596,101572.24825693539,102740.27437473056,89315.15570740281
2008-02-13,98644.00609287129,101763.33147361568,102762.61343904826,90228.20802096586
2008-02-14,97821.78851575775,101753.0375933789,102785.07225468541,89434.27995399201
2008-02-15,97980.01114159325,101587.96710384198,102785.07225468541,89414.35917662122
2008-02-19,98152.23576971507,102231.86985078381,102785.07225468541,89665.8214517742
2008-02-20,98649.90693669196,102717.7232437372,102740.27437473055,89930.49750890177
2008-02-21,98384.16893615786,102691.58566117298,102829.84836167307,89182.71757443012
2008-02-22,98651.70719412877,102742.55813374465,102829.84836167307,89731.9904660561
2008-02-25,99324.40338968472,102595.5054377933,102785.07225468538,90863.37049542673
2008-02-26,100077.2110411789,102896.41975213448,102852.28540434306,91544.88131120759
2008-02-27,100038.90556349559,103225.5273652697,102874.61358217717,91452.1846285676
2008-02-28,100251.13591243548,103509.20465656761,102874.61358217717,90559.05309237535
2008-02-29,99384.61199951594,103426.70078554664,102897.01796539639,88540.94820898196
2008-03-03,99287.89816943824,103683.70903395458,102935.24040926553,88329.22738416168
2008-03-04,98513.18738579618,103198.7051007244,102935.24040926553,87991.8755261738
2008-03-05,98853.73608426006,103928.9228170478,102912.73804769405,88547.65520437816
2008-03-06,97643.76305811731,103535.16782264282,102957.68833841912,86714.84358185586
2008-03-07,97053.47864744658,103392.0342268609,102957.68833841912,85821.71204566363
2008-03-10,96884.6545055943,103272.4532595765,102957.68833841912,84690.2319118841
2008-03-11,98748.92109571671,103468.87283253823,102957.68833841912,87733.80636003352
2008-03-12,99055.06487427703,103767.91926821378,102980.14715405626,86913.35062470156
2008-03-13,99337.80530615879,104157.20104856961,102957.68833841912,87105.25077655994
2008-03-14,98642.10582113243,104182.49652624005,103092.37591334048,85755.54303138173
2008-03-17,97684.66890765379,104258.81721663963,101765.78666624853,84888.73895472978
2008-03-18,100137.61967961419,103848.6784756538,102546.02799091898,88415.31717581437
2008-03-19,98476.98220845583,102849.61258377534,100350.19664859079,86225.2329179334
2008-03-20,99366.30938224166,102139.8647370273,100154.59513388194,87822.39876190867
2008-03-24,100052.10745136555,102265.53833673276,100557.68434687935,89577.82967635243
2008-03-25,100748.00696499599,103003.7708999181,101579.4296445885,89664.31988564073
2008-03-26,100345.74944217023,103289.59445513983,102122.906948847,88567.07545970447
2008-03-27,99836.07655894793,103110.23082963807,102272.79552436368,88287.88426328661
2008-03-28,99423.51756301153,102670.79966589795,101725.93723520589,87443.40346981901
2008-03-31,99513.23039194605,102304.89758992352,101290.37137987529,87749.22243900388
2008-04-01,100748.9070937144,101563.88695841636,101234.51388760953,90834.44032125507
2008-04-02,101199.37151012594,102217.56011987553,102054.2683595054,90894.30275777634
2008-04-03,101284.98375267662,102282.835422764,102221.43883151087,91120.43861747802
2008-04-04,101753.35072915428,102551.68347202684,102721.72924447092,91020.63452180625
2008-04-07,101683.9408035349,102770.4772637273,103071.77001099758,91067.18307194403
2008-04-08,101401.50041455928,102534.74278398968,102653.92603153705,90974.08597166844
2008-04-09,101560.4231405091,103015.18199351456,103183.06733309892,90315.79937875202
2008-04-10,101572.32484245246,102989.77432787209,102958.41227859934,90442.13114278192
2008-04-11,100503.6720250996,102712.19022920795,102577.87412829557,88686.80033274705
2008-04-14,100179.0256006609,102638.7739818956,102698.23133624221,88387.58825454948
2008-04-15,100076.41092676253,102764.88559186936,103092.52546981692,88593.70323247147
2008-04-16,101574.62517139953,103370.80144200215,104341.42779850277,90994.00674903925
2008-04-17,101333.29066056447,103169.56726448228,103839.9672245714,91126.94540405642
2008-04-18,102002.28632694477,102795.25367899076,103694.63333475229,92077.93728859199
2008-04-21,102058.99443620439,102741.33464935611,103728.06258456879,92124.3857343209
2008-04-22,101870.86753405738,102685.34760448862,103807.64905772169,91718.76266946424
2008-04-23,101465.30953926411,102457.9947102296,103673.70221306218,91572.51012806357
2008-04-24,101294.58512567298,101955.68289738699,102897.41247400182,91971.52630193291
2008-04-25,101647.73562619455,101919.98469562469,103257.58296932539,92822.6139863878
2008-04-28,101978.68295166211,102050.47858853886,103558.31867919504,92842.5347637586
2008-04-29,101514.51657587037,101589.91443114227,102670.23121942618,92476.85335805244
2008-04-30,101369.19579499868,101796.72570479779,102756.52415776635,91931.58464278241
2008-05-01,102402.7435923337,101577.98246280105,102323.54534166865,93833.26809862687
2008-05-02,102301.72914726805,101795.78085809946,102791.6595931893,94092.53851767394
2008-05-05,102325.23250824868,102201.48748265929,103318.7696221733,93640.46700708839
2008-05-06,102691.98495384841,102445.31789183826,103914.90001675929,94451.61303239278
2008-05-07,101750.9503859052,101928.47848204365,103046.97601381787,92769.35844085382
2008-05-08,101829.16157010454,102387.84048934757,103400.75007250861,92530.00879917754
2008-05-09,101870.4674768492,102407.92969207735,103337.04720880836,92357.12848500986
2008-05-12,102571.66774848805,102582.94537231688,103718.99628983774,93394.41037001592
2008-05-13,102535.76261405382,102153.16967207452,103610.06289495993,93407.72425639942
2008-05-14,102676.18269412527,102038.73284444016,103568.36775625353,93600.52534793789
2008-05-15,103678.32600061811,102882.01162959579,104557.6101095639,94770.74588796112
2008-05-16,103573.81105498086,103513.7920645629,105254.14340325123,94857.23609724944
2008-05-19,103744.63548287404,103504.937343992,105016.64574644572,95116.50651629649
2008-05-20,103623.41814879527,103777.59056598027,104533.76759457156,94345.3021501426
2008-05-21,102735.99124674828,103694.89007742844,103294.56224440745,92749.437663483
2008-05-22,102515.65973934274,103442.96815585603,103426.4447001169,92762.7515498665
2008-05-23,101728.74721085117,103474.99728892308,102670.96251432471,91519.35468693847
2008-05-27,102019.48878689653,103264.50260009157,102235.0287401949,92197.56205722567
2008-05-28,102096.89985667952,103293.20314086032,102430.74448022225,92623.10589945313
2008-05-29,102151.60767989824,102715.15245315297,101791.87034980714,93088.59140083106
2008-05-30,102429.04735377159,103078.90898953953,102149.88979746962,93321.33415152003
2008-06-02,101851.6647880647,103048.76708762396,101731.22189927695,92357.12848500986
2008-06-03,101802.5577657605,102585.37125469971,101238.34736050632,91818.56676513603
2008-06-04,101406.30110105746,102757.90717267011,100955.83704602373,91772.01821499824
2008-06-05,102656.47987662237,103012.95286019557,102213.98181728447,93607.23234333411
2008-06-06,101343.0920621649,103218.61865425602,101902.96692467146,90621.61834793689
2008-06-09,101220.67455646157,102761.77784896328,101347.92618202708,90841.14731665126
2008-06-10,100687.59832656069,101840.75742839744,100476.94386473023,90388.97570165683
2008-06-11,99599.14267740288,101781.16332209499,100266.16302825336,89059.1887338494
2008-06-12,99682.25456240244,101449.77858797823,100238.22924111667,89398.24236678856
2008-06-13,100156.02231119049,101931.35949367387,100634.10586278992,90528.6213520702
2008-06-16,100253.53625568456,102486.29005776877,100979.22112404287,90581.87689760419
2008-06-17,99892.08456809323,102409.91610800858,100772.40249167818,90143.01916899327
2008-06-18,99594.14196230061,102466.1768635303,100675.587666593,89265.30371177138
2008-06-19,99430.51856415469,102880.77368043318,100480.59527632114,89378.32158941776
2008-06-20,98744.12040921852,102832.60520325805,99862.20103386462,87927.50839125208
2008-06-23,98765.32344125211,101989.49215057705,99613.45474888333,87840.61776432818
2008-06-24,98697.51374446547,102125.35511481206,99634.41027621596,87666.93661488933
2008-06-25,98817.63092122175,102394.2046873151,99644.27289567007,88081.26876332014
2008-06-26,97341.01976582652,102568.16668238203,99818.64390281381,85688.87349505533
2008-06-27,97359.1223544967,102717.01362349122,100034.18645490916,85221.18569668163
2008-06-30,97486.04050379204,102587.33489500129,100229.06725410173,85521.89934101266
2008-07-01,97492.3414048209,103087.3947805268,100155.316596923,85789.17811277162
2008-07-02,96531.80404797886,103130.86666761509,100107.44498913208,84319.04476368852
2008-07-03,96317.47339869603,102762.67893831056,100020.26119962802,84405.9353906124
2008-07-07,95594.16996630518,102526.7608887978,99263.72797998575,83543.83622117867
2008-07-08,96638.71933686518,102532.6819793854,99122.68814615824,85027.38356105417
2008-07-09,95654.87864764662,102633.24934063245,98661.94989332028,83390.17595351952
2008-07-10,96159.25077286053,103373.06763075618,99660.6975440983,83731.03146581884
2008-07-11,95287.82615914075,103814.47809089272,99745.39191363694,82755.31379228535
2008-07-14,94916.37304134491,104041.05672286394,99642.53931858165,82006.93323136031
2008-07-15,93759.60762389023,104150.52455364975,98794.3393145576,80850.82741299174
2008-07-16,94535.91863636501,103737.82723000082,98884.20006128738,82835.49742381304
2008-07-17,94747.04882798242,103702.45410607808,98513.33072374284,83664.16172067466
2008-07-18,94679.23913119578,103553.82334504966,98351.85126502503,84185.40537780905
2008-07-21,94959.77924843255,103899.24418929219,98726.56970817418,84232.15413676464
2008-07-22,95337.83331016336,103219.51694922947,98181.09611242755,85187.75082410955
2008-07-23,95232.21820720364,102490.40494419132,97575.29631463537,85648.83173149594
2008-07-24,94202.87101055452,102664.26255028309,97080.55964881963,83871.27774268562
2008-07-25,93979.23903118147,102860.88458829372,97094.13977892809,83851.25686090592
2008-07-28,93483.76817884958,102778.09517361662,96887.89604783928,82621.67440640587
2008-07-29,94494.71274392238,102505.71542808012,96772.56525171193,84385.81440442381
2008-07-30,95574.76719170842,102174.04514939185,97151.35949359369,85889.38262607901
2008-07-31,95141.70526385274,102380.76728129896,96921.81762720927,84753.39779389904
2008-08-01,94898.97055278906,102149.95206422472,96525.33442596206,84305.73087730502
2008-08-04,93872.82381380537,101704.93190428629,95572.65601064698,83523.81533939899
2008-08-05,94898.57049558088,101316.39431972321,95568.28249658231,85775.76412197923
2008-08-06,95215.71584736618,101560.07024817802,95725.29647314339,86156.66139783795
2008-08-07,94589.82634516737,101385.31108004831,95271.62095621569,84873.62318898611
2008-08-08,96191.45537811908,101029.81399149689,95156.33228053727,86450.66804677279
2008-08-11,96688.02638777345,100118.37479683259,95185.96259682147,87346.20208877859
2008-08-12,96390.28381058491,99951.06958813763,94602.98806482748,86437.35416038928
2008-08-13,95603.37128209334,100255.2755366525,94307.21224523072,85916.11050325488
2008-08-14,96235.26164241489,99668.04996718581,94410.5462518659,86564.28655087257
2008-08-15,97087.08345293377,99151.78283167948,94262.7280571977,86985.32569469957
2008-08-18,96115.54452286677,99422.99996894284,93614.5709753739,85795.88510816781
2008-08-19,95197.41323009192,99886.44987645524,93170.15864548847,84860.3093026026
2008-08-20,95422.6454382977,99820.36187840783,93428.36901230077,85254.62056925372
2008-08-21,94972.08100758409,100456.59578770815,93820.4246953344,85401.5738415167
2008-08-22,96032.03258065903,100170.12589653276,94186.94413656516,86637.86329141294
2008-08-25,95079.69639658472,100024.54522691661,92972.97484855808,84880.3301843823
2008-08-26,95301.92817572915,100108.08156644972,93206.10073479371,85127.58807436154
2008-08-27,95992.82697425733,100198.54489097284,93857.23375449238,85956.25237122319
2008-08-28,96901.15686543175,100478.55812010111,94570.49732811913,86998.73968549196
2008-08-29,96103.4427923193,100226.21367146405,93815.33778477297,86063.16387992675
2008-09-02,96293.069908997,99436.37419289733,93280.60796456772,85528.50623199999
2008-09-03,96537.90492040363,99304.89407528889,93192.40205296608,85455.02959586849
2008-09-04,95020.18788686783,98995.28560553868,92127.43348414284,82882.34628717753
2008-09-05,95517.65902524062,99138.73854571808,92313.6433438835,83142.91806354027
2008-09-08,97017.17345580418,99081.14599827981,92940.54729464455,84860.3093026026
2008-09-09,95615.77305554693,98276.2631634897,91972.11341564232,82340.98164385454
2008-09-10,95977.9248432526,97632.00749335739,92184.7614840142,82675.13016075766
2008-09-11,96712.52989177454,97372.55428344576,92295.49516389397,83871.27774268562
2008-09-12,96148.44922823964,98157.59912483358,92443.84104775212,84258.88201394054
2008-09-15,94386.89732631767,98722.69525597729,91302.40373490333,80249.40012432967
2008-09-16,95799.39931410193,98553.76577325727,91608.70204384669,81592.60108292948
2008-09-17,92662.35071615242,101127.64028263332,90876.15909039511,77923.97470561795
2008-09-18,94472.80961177449,100518.03327361497,91698.23691605903,80236.08623794618
2008-09-19,95652.47830439753,101452.58271064961,93035.10529315339,83422.50967759373
2008-09-22,93337.44725495746,102110.06989184584,92116.49609379671,81533.93989931498
2008-09-23,92082.96786440462,101887.2630671745,91770.55691194392,79678.90509801723
2008-09-24,92311.1004873697,101466.47882820708,91632.2172176384,79934.27144511725
2008-09-25,93103.6138167758,101544.80924844398,92221.7072642153,81184.37530344148
2008-09-26,93343.64814168427,101536.08233235352,92202.49254142505,81224.71738022758
2008-09-29,90366.42239840298,101930.15175505089,90233.54086271611,74859.87885364435
2008-09-30,92237.79000397057,100815.39016772092,91489.35821567551,77958.21041346123
2008-10-01,92663.95094498515,101156.42464965396,91430.03571276729,78005.35959005242
2008-10-02,91353.76358819312,99719.99932885305,90225.79916443565,75175.70826371906
2008-10-03,90734.67505853338,99661.17809486912,89928.31869341926,74160.84976630626
2008-10-06,89842.64749859231,100050.2718091143,89575.64110988466,70383.51000093097
2008-10-07,86851.61978162879,100814.83518521387,88520.09358478291,67231.32226912669
2008-10-08,85060.46364630142,101556.66653188731,87989.71784865497,65537.6557749733
2008-10-09,80944.47505993357,101550.14155469082,86425.92850715629,60960.58188690804
2008-10-10,80972.3790502042,99337.29179417614,86049.02886872747,59481.93966306857
2008-10-13,86525.57315696144,99307.49094701854,88509.75596714705,68118.54764519393
2008-10-14,85272.29393803314,99360.72494033637,88011.05286824165,67110.39614317734
2008-10-15,81223.51496263966,99340.48469762428,86266.21889180217,60503.50515587758
2008-10-16,83324.41539140098,98063.46233907389,87007.86032900412,63023.933963123534
2008-10-17,82534.20239094191,97306.73698803647,86301.62206013821,62647.54138566525
2008-10-20,85321.30094603528,97892.39856511093,87826.91236404814,66411.36705583925
2008-10-21,84416.07149822425,96704.5042054717,87012.98200474717,64428.59902878702
2008-10-22,83129.58753101694,94984.3170581173,85833.06415361066,60920.239810121944
2008-10-23,83696.56860931114,94514.51922912747,86188.02159604129,61625.975892856244
2008-10-24,81658.77720514033,95000.73787304641,85224.83796205882,58500.61614263676
2008-10-27,79732.40173344788,94910.93431219367,84123.2216484206,56423.749971219986
2008-10-28,84135.03130947726,96093.85896489065,86509.67375112395,63017.226967727336
2008-10-29,83211.99931590218,96179.18629284651,85966.84257275485,62560.15023669688
2008-10-30,84955.14858624784,95840.22266880333,86638.02493219086,64724.40755708203
2008-10-31,85523.22982186453,95284.0056938077,86887.73472916595,65080.579043942824
2008-11-03,85789.86795111702,95262.60601874455,86879.02624715828,65268.77533267197
2008-11-04,87564.22168370077,96756.95820281339,88288.7411057255,67486.78872063561
2008-11-05,85787.06755065975,95677.82961537485,87243.02872165671,64650.43039890606
2008-11-06,83159.69183593255,95361.05614555904,86263.02831035884,61068.09402206501
2008-11-07,84445.57571732758,95559.57606397492,87171.41571823147,63084.39702609822
2008-11-10,83587.75304868596,95843.81466533823,86743.64996833315,62257.73481741456
2008-11-11,82474.69388122503,95265.51487860356,86165.8735123048,60335.52995774592
2008-11-12,80620.52873560919,94399.10964761546,85213.29727119005,57680.6609293493
2008-11-13,82993.76810883956,95383.9248758089,86787.03296441287,61276.41129698275
2008-11-14,80577.8226286359,95498.60443997815,85462.61349066108,58218.32170954305
2008-11-17,80125.65796908957,95202.22818729705,85172.47639201641,57445.41556843787
2008-11-18,81211.41323209219,95141.35472937318,85215.8081850113,58527.54422863046
2008-11-19,78675.05053222612,94832.07112744177,83855.44754842727,54777.13254924886
2008-11-20,76769.27800675498,94979.26510786789,82688.00197603702,50710.791355383655
2008-11-21,78705.85493725602,96908.62233832346,84323.19810848557,53446.34453735245
2008-11-24,80993.98213944594,97803.4106119997,85384.50668702341,57149.707144551765
2008-11-25,82106.94129260485,97786.45226437032,85489.33243877428,57573.14879419234
2008-11-26,84253.04818589058,97863.13636494543,86114.94413744111,59797.76907314328
2008-11-28,85375.30866913969,97796.80466379589,86058.99474602529,60550.55422805986
2008-12-01,81855.2052943571,96061.4006577735,84328.65564430262,55187.06010368815
2008-12-02,84061.420783172,96698.88188356704,85466.08413880657,57310.97534728722
2008-12-03,85593.5398762023,96585.51115024586,85878.86051206794,58688.812431365914
2008-12-04,85177.68040829839,96202.13445354205,85421.25401348373,57331.096333475805
2008-12-05,86764.40731024535,96032.8575447404,86069.1747934206,59098.840090214086
2008-12-08,88034.58894621932,96852.71153714377,86637.13948031828,61162.19216642959
2008-12-09,87822.9586830917,96929.6794370031,86473.74693766262,60154.040664412976
2008-12-10,87838.66092851278,98212.38186636465,86880.4486046801,60564.068323261155
2008-12-11,86099.61224455097,98387.17612856944,86401.96236246206,59105.54708561029
2008-12-12,87009.04229304791,98568.02751156504,86765.26682221908,59811.28316834458
2008-12-15,86237.83200997743,99118.56502954956,86552.05572328094,58977.81385985582
2008-12-16,89471.39440940056,100009.20984206861,87796.57485471439,61753.60901420181
2008-12-17,89890.75437787603,100256.4825510704,87730.90334562592,61155.48517103338
2008-12-18,89735.53218110191,99620.24298716203,87073.94678571931,60012.893447866125
2008-12-19,89956.86383152791,99255.84478920921,87037.28037621945,59754.724177316944
2008-12-22,88743.79036202177,99437.29370121923,86754.72633413818,58989.025553652464
2008-12-23,88071.99429518421,99134.42837759924,86441.1696782931,58379.28959905181
2008-12-24,88183.81028487075,99438.46704576182,86606.35498675171,58718.042918764266
2008-12-26,88406.3421069213,100181.37754458639,86694.93352549426,59056.89634288562
2008-12-29,88278.82387181367,100433.48174894768,86730.12558436448,58887.4195786205
2008-12-30,89816.7437943626,100382.70278143839,87236.72830497814,60283.17535189202
2008-12-31,89823.84480980782,100630.81802062526,87330.93769949168,61143.67285078337
2009-01-02,90372.82331373387,100661.0587123514,87447.83308975282,62986.695123013305
2009-01-05,89497.79818514048,100100.7713766892,87190.58822217141,62912.217442792826
2009-01-06,89272.5659769347,100411.65790585575,87094.360374184,63332.25554253086
2009-01-07,88021.38705834934,99439.74684606008,86637.1670706441,61435.076785086836
2009-01-08,88570.16553367133,100034.42984212478,87120.5796272135,61685.83832937754
2009-01-09,86923.1300075911,99773.1087654673,86231.30166317138,60364.560236326484
2009-01-12,86433.05992756964,98597.2449730826,85837.65845512856,58914.54787343199
2009-01-13,86575.38027937996,98642.47357167318,85756.59930950115,59022.96094826904
2009-01-14,85252.89116343639,98100.67320950431,84878.25357747884,57166.42458083782
2009-01-15,85345.9044643384,98364.29425932202,84890.52564038406,57186.7457758442
2009-01-16,85119.47208450809,99269.47344910266,85083.393228431,57633.91217039372
2009-01-20,82403.08364096066,99653.26856328789,83923.37351308306,54591.63907955999
2009-01-21,83578.5517328978,99724.80771494041,84756.00068652029,56949.59843116371
2009-01-22,82221.65769705069,99822.99347228257,84461.23564426172,56068.77973726596
2009-01-23,82155.34821479474,101255.20881736018,84816.62681373069,56312.63407734267
2009-01-26,82164.04945907266,101412.81440867431,84968.41909165068,56698.9369912819
2009-01-27,83639.46044284332,101270.66316608673,85480.27602699745,57274.83765567487
2009-01-28,84507.38455599152,101132.57149036918,85882.4327324483,59212.65880313167
2009-01-29,82128.44436754457,101692.807810396,85233.69778931781,57288.351750876165
2009-01-30,80962.37761999966,102208.32417172668,85022.76484425724,56122.93622248005
2009-02-02,81549.76161591108,101461.08003078973,84903.67850996826,55953.559562623814
2009-02-03,81528.25854097136,101401.73446126346,85236.12256883987,56739.579381294694
2009-02-04,81082.1947538498,101608.55373527363,85095.14841380979,56461.68954219251
2009-02-05,81650.37600376854,102086.81326371426,85240.01471752637,57301.86584607746
2009-02-06,82900.75480793756,102007.99320904055,85517.52200732137,58934.86906843838
2009-02-09,82863.2494446706,101625.44685186476,85453.77339398817,59016.153848463946
2009-02-10,81371.53612966655,102084.53672712244,84807.94777995041,56312.63407734267
2009-02-11,82126.64411010777,102745.89415814642,85211.13259602827,56644.68040165893
2009-02-12,82002.72638987376,103091.04388728843,85289.19750600262,56685.32279167171
2009-02-13,80779.95153306924,102868.59103637276,84886.99896709538,56075.486732662175
2009-02-17,80002.4403489699,103584.1253126963,84481.02879608398,53676.985095454555
2009-02-18,79592.08166767847,104088.49017745856,84554.49757903354,53548.15072120221
2009-02-19,78439.21680800355,103566.83489454036,84218.62452583328,52972.25005680926
2009-02-20,78279.59398193943,104257.76948560828,84309.61403732737,52457.31297743547
2009-02-23,76825.88610171255,104091.85280171495,83472.66105873848,50580.455414997836
2009-02-24,78427.01506315403,103319.65226425257,83755.69193078496,52497.955367448245
2009-02-25,77539.38813250295,102747.95835422786,83264.27938888081,52084.624263106416
2009-02-26,76434.7301664138,102572.46118321175,82915.91344200216,51237.640859416366
2009-02-27,75452.48970602796,102393.20020302625,82796.1369010242,50092.64663043554
2009-03-02,74323.12820733366,101681.65301692116,81720.22311612242,47836.293253863776
2009-03-03,73099.8532790189,101382.36607789561,81468.19662511324,47477.218739144926
2009-03-04,73817.65592479725,101186.68245171041,81879.63690215803,48601.99187752826
2009-03-05,72565.1768202853,102032.0386399632,81487.85774133581,46616.72124025358
2009-03-06,72427.35711206704,102087.9856254892,81428.31414858982,46698.00602027915
2009-03-09,71761.86194625832,101408.53754569197,81015.68364559725,46149.13354628878
2009-03-10,73874.86410556709,100944.8254975166,81873.45561245446,48900.10280722794
2009-03-11,74399.83917700232,101393.84808661169,82014.10326862968,49218.534931934
2009-03-12,76413.32710577613,102217.4764386728,82794.97562683398,51156.35607939081
2009-03-13,76671.46401935477,102309.26722924254,82885.85594728685,51556.17308853133
2009-03-16,75834.64435414266,102028.57811450334,82649.92023337483,51400.310523876404
2009-03-17,77274.95031789548,101985.59869555583,83226.37134519633,52972.25005680926
2009-03-18,79233.6304091485,103102.5880446996,83909.47502270178,54157.986780211766
2009-03-19,78325.40053227612,103500.77602267452,83544.50227123816,53487.187136183034
2009-03-20,77155.53324125349,103164.00780165612,83227.0223829005,52348.299276145015
2009-03-23,80522.11466239672,103004.1026947153,84533.20403538001,56108.421083189765
2009-03-24,79603.48329811163,102522.51345132997,83968.71878384406,55002.86799131494
2009-03-25,79970.73581522159,102898.01897225472,84353.09719079045,55582.87293647274
2009-03-26,81655.47673317285,103055.46573769313,84780.33801907662,56715.75453197685
2009-03-27,80858.76280308084,102528.52387580447,84245.12376955264,55692.086846580976
2009-03-30,79207.92673352291,102174.71735368823,83495.78486966726,53767.67968991658
2009-03-31,79639.88850405609,102322.53636623351,83610.63752370693,54265.899333004316
2009-04-01,80962.17759139556,102715.46342468099,84122.28441499994,55316.79541762057
2009-04-02,82208.95588069093,102773.02431894792,84507.05507849838,56934.082247784434
2009-04-03,82059.33448483134,102804.07771183315,84463.51205078798,57500.57309774095
2009-04-06,81377.4369734872,101963.48421225512,83876.81478582892,57050.10325769778
2009-04-07,80155.46223109907,101842.0557176762,83481.38317133633,55719.41535021026
2009-04-08,81073.39349526983,102083.76167362125,83721.90650000332,56319.941699192255
2009-04-09,83178.79456762318,102706.16355426305,84469.05329252023,58558.27628216229
2009-04-13,83612.156538385,103067.84019827095,84799.95683644949,58571.89048177249
2009-04-14,82512.4992873981,102916.63676026472,84268.30029616847,57561.93710039571
2009-04-15,83207.29864370606,102695.75724248996,84690.66084908441,58176.17775339678
2009-04-16,83812.08512817333,102784.46245303903,84868.41528556371,59029.16742162074
2009-04-17,83941.7036636239,102546.33193943306,84766.63879951241,59424.980254405345
2009-04-20,81802.59777148132,102386.89426870593,83596.99647229958,56934.082247784434
2009-04-21,82799.14027705962,102508.13066001177,84164.75045841049,58046.442439464365
2009-04-22,82346.67557460717,102984.97514705195,83960.98326135916,57691.57230991924
2009-04-23,82580.20896988269,103339.40246405026,84573.08818227623,58257.963055466855
2009-04-24,83308.3130887717,103790.4300969825,85135.56142206426,59138.381331729
2009-04-27,82782.23786001398,103424.20249192868,84694.80411630384,58578.69758157759
2009-04-28,82196.05403572711,102903.01504919496,84334.60504047296,58394.50546920437
2009-04-29,83357.72015398202,103371.2249852151,85069.06390311685,59636.500870407835
2009-04-30,83149.3903628219,103439.82925141006,85077.34321977077,59656.92216982313
2009-05-01,83147.39007678098,103344.27537131314,85262.15978781685,59977.75680034275
2009-05-04,85427.81617771341,104175.04136695845,87545.5638788169,62018.084862511605
2009-05-05,85091.66810853952,104029.76949575655,87099.61209272197,61806.56424650911
2009-05-06,85999.29789959965,104401.41222762846,88404.9859493642,62877.98173494955
2009-05-07,84489.68202452951,103957.72568750192,87279.92525657688,62004.4706629014
2009-05-08,86115.01444706593,104126.41506607452,89100.35740666278,63451.179580302254
2009-05-11,85306.69885793669,104113.42290494872,88000.08234107634,62263.741081948465
2009-05-12,85135.67440143942,104188.81525260703,88127.06312815896,62079.54896957526
2009-05-13,83741.27500232533,103830.26569796387,86234.9242853135,60516.81904226107
2009-05-14,84506.38441297106,104001.22485322315,86897.28816105456,61035.45998476411
2009-05-15,83818.98611501444,104134.1729480253,86388.86439792834,60537.24034167637
2009-05-18,85241.78957590937,104251.53191245136,87473.45469985876,62256.93398214337
2009-05-19,85089.36777959249,104517.35974242155,87729.72292707681,62181.95577987841
2009-05-20,85086.26733622908,104831.06606731976,87967.50229100733,61765.62154326962
2009-05-21,83685.96709329436,104951.12117773204,87789.07724779827,60878.49627161128
2009-05-22,83391.7250166774,104943.79557218452,88001.63185495013,60748.76095767886
2009-05-26,84578.5947390477,105484.28161488337,89253.86217596776,62304.783889596845
2009-05-27,83196.59711338722,105276.01065094514,88301.07258151495,61192.42369791692
2009-05-28,84297.65456460274,105764.18889871884,89177.049073848,62045.41336614088
2009-05-29,86069.6079539374,106447.92622721859,90658.04125264421,63144.05925380171
2009-06-01,87153.26291659707,108532.32819320576,92699.88304799017,64672.75368209041
2009-06-02,87429.00234733567,107947.91826614091,92945.45913926997,64727.31058494009
2009-06-03,86509.57086863423,107115.00386897323,91724.00084801487,63908.45652015052
2009-06-04,87035.14602588171,108509.06471637519,92628.88529803872,64508.9828691325
2009-06-05,86638.58931827251,107722.44944769332,92325.65787369211,64522.597068742696
2009-06-08,86193.12561696324,107627.87053035776,92017.44563587698,64256.51954989052
2009-06-09,86729.20227592546,109403.75822308614,92682.28957662424,64584.06117580636
2009-06-10,86211.52824853954,108951.28303926156,92514.44052789627,64420.19025843955
2009-06-11,87028.34505334264,108744.89835041096,92991.96053339007,64706.88928552479
2009-06-12,87083.85299097771,107892.20018764088,92818.39542034012,64884.2742980929
2009-06-15,85612.74262219497,105566.08684852174,90634.7101122448,63396.622677452586
2009-06-16,85253.19120634251,103829.22538065467,89686.61999672466,62536.72580501463
2009-06-17,85106.47022524221,105487.05910482691,89942.48957943772,62475.36180235986
2009-06-18,85034.7599706758,104647.27125260547,90113.14102273915,62932.53863779922
2009-06-19,85347.80473607726,106333.78717332664,90810.69939978984,63164.48055321699
2009-06-22,83413.32810591915,101765.51472996706,88172.71845428106,61270.40503244884
2009-06-23,83952.5052082448,101280.49575058249,88410.35695644483,61318.45514872011
2009-06-24,84142.03231062042,103669.5681057207,89215.51826101002,61846.90632329519
2009-06-25,85960.99242191634,106124.54548208858,90992.6436092967,63192.009265664085
2009-06-26,85982.5955111581,106195.86673370986,90911.45708593482,63027.237408617184
2009-06-29,86495.76889495198,106475.86559438771,91479.51282140573,63617.453003482624
2009-06-30,85746.66177263348,106197.67670358806,90885.68975673035,63102.71613292664
2009-07-01,86184.32435838325,106621.42293488819,91373.4429515385,63363.588222516075
2009-07-02,84315.65713897088,104083.81374101197,89109.30892835747,61634.18445438592
2009-07-06,83803.78394110358,103279.15108838682,88941.30302430135,61627.27725017193
2009-07-07,82671.42201334791,99628.23121327843,87110.54182998966,60433.23186083084
2009-07-08,82971.86497669166,99825.44928111549,87068.2687657856,60391.98884436468
2009-07-09,82841.84638403292,100284.08558837936,87365.99136893857,60508.610480731404
2009-07-10,82951.86211628263,100956.08886069391,87202.81735149797,60364.560236326484
2009-07-13,84072.32234209492,103765.98772624212,88882.25420717006,61833.19201927611
2009-07-14,83996.21145823854,104378.68378423344,89311.20808180457,62183.15703278519
2009-07-15,85335.10291971754,108619.21357355906,91908.90480979884,64001.7538292439
2009-07-16,85808.37059699537,110179.80811436132,92322.94149323719,63898.84649689626
2009-07-17,85849.47647513595,110961.78105882154,92847.43390524319,64598.876628323334
2009-07-20,86857.42061114739,112343.05869649646,93974.32327180625,65285.092351322426
2009-07-21,87596.52630326137,113023.58940831099,94459.28299751284,65587.10735296915
2009-07-22,87563.6215978885,114198.1959899694,94734.83152152627,65573.29294454116
2009-07-23,88321.42996448494,116857.62618900271,96571.63032416756,67021.40332366657
2009-07-24,88902.11300215931,116555.45146496795,96655.6374215505,67295.88961286622
2009-07-27,88818.10098844137,116860.80813507191,97041.20511143348,67494.8971777564
2009-07-28,88724.38758742501,116849.22656715113,96485.25857230085,67179.2679764995
2009-07-29,88303.32737581474,116500.700917962,96321.1937739073,67014.49611945258
2009-07-30,89639.0183796283,117185.2195258849,97376.22863649022,67714.52625087967
2009-07-31,90519.54429483418,117122.28293988944,97749.12027281539,67810.62648342221
2009-08-03,91299.15577927644,119016.34835161552,99337.31259872037,68929.19314845382
2009-08-04,91397.16979528073,119059.09971904695,99501.97425177469,69107.67930951984
2009-08-05,90840.59020439924,118030.82014413572,99125.96958258559,68908.57164022073
2009-08-06,90540.54729826366,116766.10964044131,98495.77715826746,68551.79952690656
2009-08-07,91116.72969234601,116994.059464721,99405.34160357021,69450.83722322382
2009-08-10,91511.18609961224,116506.6862733925,98953.41977307048,69306.68687440999
2009-08-11,90913.30060198609,115463.45804996479,98020.62222826724,68441.98499034492
2009-08-12,91365.76530443854,117058.04908905983,99145.3090405546,69176.25082961528
2009-08-13,92363.70801024546,118233.7883562125,99967.35678353964,69704.70200419037
2009-08-14,91628.20283300513,117081.57366900776,99057.43556210263,69169.44372981018
2009-08-17,90475.73803053837,115081.61148416052,96445.77126593664,67467.4685697182
2009-08-18,91004.91370265948,116694.24167923236,97550.3157782264,68002.72684409838
2009-08-19,91968.55150286491,117129.90910301813,98331.14039006813,68599.74953876893
2009-08-20,92709.85750962388,118079.13538592184,99255.92084578189,69306.68687440999
2009-08-21,93444.56257244786,119297.74657259864,100962.40857289606,70665.504120798
2009-08-24,93898.12743222281,118792.65713213132,100933.92242016851,70658.59691658399
2009-08-25,94101.05645107251,119155.49548378077,101241.8649019998,70795.8400611838
2009-08-26,94213.67255517539,119500.14970372336,101129.74115684719,70802.7472653978
2009-08-27,94334.68986065008,119678.90447574621,101443.79349015388,70960.61191823072
2009-08-28,94390.49784119129,120532.16007347607,101546.58659067268,70946.89761421163
2009-08-31,93569.98050721253,119760.95077632541,100657.2219794347,70315.43900288
2009-09-01,91983.15359096351,117492.89131728109,98645.25593257208,68764.52139581584
2009-09-02,92303.39938611221,117549.07061326662,98512.59012696003,68503.74941063528
2009-09-03,92707.15712346867,118535.9773001456,99228.29252352766,69073.34349726765
2009-09-04,93001.59922868971,120786.21249272325,100756.58043288547,70041.05281808927
2009-09-08,93626.58860217013,122136.98959651342,101837.664461634,70644.8826125649
2009-09-09,94215.87286982038,123277.82522796295,102692.35064979405,71187.04809115907
2009-09-10,95651.17811847095,124588.257953939,103659.5751591983,71914.50683062433
2009-09-11,95660.87950576932,124297.98328767634,103689.4738516523,71900.79252660525
2009-09-14,95671.68105039021,124498.44477266292,104063.81938884832,72250.75754011433
2009-09-15,95796.19885643647,125223.47765035878,104411.35832830885,72552.77254176105
2009-09-16,97211.80128758414,125945.95351553208,106004.74791964356,73650.8178029685
2009-09-17,97478.53943113866,125273.43642947577,105765.79765366123,73541.00326640686
2009-09-18,97170.29535223538,125697.72505166176,105858.1084579641,73587.85212977135
2009-09-21,96820.2452950772,125599.22747949618,105581.92693753887,73401.65792922018
2009-09-22,97629.26098432076,126274.02641082472,106298.86985403187,73829.20385962559
2009-09-23,96831.44689690626,125712.08261937015,105533.33163607997,73215.463728669
2009-09-24,95831.70393366252,123975.63678952568,104346.29575767547,72408.72229735614
2009-09-25,95974.12429977488,122592.91124344029,103734.2284138882,72022.61959223471
2009-09-28,97527.74646774489,125679.27472476035,105333.88782437531,73312.06448325604
2009-09-29,97308.81516056796,125027.84035030569,104938.07701880764,73091.43436604377
2009-09-30,97260.70828128423,125277.33243913595,104911.62507611192,72808.63941090557
2009-10-01,95937.41905092429,121019.31718498265,102321.0747321426,71002.05514351468
2009-10-02,95391.54099036162,120304.89919136325,101784.8640379323,70671.1099676963
2009-10-05,96573.51001193172,122036.75534042442,103050.13162603634,71726.11033307739
2009-10-06,97179.09661081535,124308.69594659848,104682.63089900892,72753.4818816025
2009-10-07,97680.668335572,124542.27653698444,104952.16122232453,72953.49049058167
2009-10-08,97879.99683954805,125359.98500047547,105816.8648087239,73511.9729878263
2009-10-09,97313.41581846205,125913.1102133595,106171.56133170467,73960.2405308737
2009-10-12,97394.12736021253,126419.2482703367,106597.2064955779,74249.842585817
2009-10-13,97439.63386764309,126493.7864209817,106511.66947644821,74098.08430192691
2009-10-14,98151.03559809053,127504.6810345331,108222.6452091658,75373.81488892915
2009-10-15,98124.13175084039,127021.58909359349,108361.06643413787,75649.60253544447
2009-10-16,97799.68535500577,126443.28921434723,107537.23160155589,75084.21283398585
2009-10-19,98650.9070797124,127458.35615253118,108646.57053858633,75704.76006474752
2009-10-20,98428.37525766184,127121.29282938658,108251.85468582204,75304.8429511981
2009-10-21,97449.53528354554,126574.59474637831,107736.56262707736,74629.03808672444
2009-10-22,97937.70509182813,127494.94594314159,108529.28905128594,75387.52919294823
2009-10-23,96755.33601304988,126532.32750055823,107503.48248053732,74525.63023233232
2009-10-26,95548.36341596849,125925.57656489029,106481.07076880247,73718.88880101945
2009-10-27,95693.384153934,123203.33342016782,105653.13103316644,73380.9363165782
2009-10-28,94436.90447734027,118977.14534890094,103509.09859878459,71994.99077537873
2009-10-29,95452.74974321328,122237.17833662065,105699.65944556153,73539.60180468229
2009-10-30,94137.96172852718,119181.71710671441,102848.96419202485,71408.8794612781
2009-11-02,94142.6624007233,119807.61534574263,103562.31581023414,71932.92604186166
2009-11-03,94508.61473190667,120334.17542806076,103876.56694800234,72160.5634676968
2009-11-04,94275.08133663115,120689.72810536575,104250.38737510932,72346.65756383908
2009-11-05,95450.04935705807,122042.713577635,106096.16065841439,73677.44557573549
2009-11-06,95371.03805844235,122385.66828679573,106438.47563788755,73870.54698050066
2009-11-09,97144.89171951589,125077.78662796329,108815.48178861142,75553.00178085743
2009-11-10,96947.76353018482,125306.21201513847,108788.89092801756,75566.81618928543
2009-11-11,97520.34540939354,126295.68775253798,109391.62834657132,75952.91889440686
2009-11-12,96391.38396790742,125280.20224625591,108326.81933314323,75180.71348416398
2009-11-13,97003.37148212196,126689.97268081816,109185.70656207764,75587.5378019274
2009-11-16,98928.6467964919,128375.06011119684,110683.86877556582,76683.88128818356
2009-11-17,99221.38865857817,128751.99218766697,110735.71799650343,76773.4747341477
2009-11-18,98964.65194522818,128154.31197357851,110480.81351482701,76725.22440905865
2009-11-19,97878.59663931942,126230.47251717097,108936.89710004193,75725.38157298061
2009-11-20,97652.66433099934,125767.86315577489,108508.78792114682,75456.50113067929
2009-11-23,98539.69117583815,127528.45600046366,110005.20175236091,76415.00084588226
2009-11-24,98649.20683657764,127196.64982342822,109896.62118997445,76532.22310870237
2009-11-25,99423.31753440741,127895.99420005195,110533.21983223068,76801.1035510037
2009-11-27,98118.33092132174,126590.91875871373,108637.43034586095,75553.00178085743
2009-11-30,98578.4967250317,126767.87704152956,108968.72788549274,75808.16791913965
2009-12-01,99172.18162197195,127887.7456323225,110441.64589707484,76745.94602170063
2009-12-02,99092.67025184602,128230.70015205508,110562.67677459867,76711.51010503956
2009-12-03,98055.62195393942,127981.57584481273,109932.67013409802,76111.58438251095
2009-12-04,97932.00427661157,127913.09705738556,110152.63980581233,76546.03751713036
2009-12-07,97940.90554949359,127292.79449349557,109734.98928808485,76428.71514990136
2009-12-08,97141.09117603819,126386.31160265557,108511.51532883891,75580.63059771342
2009-12-09,96975.86754905952,127835.92199412617,108912.85193824639,75863.32544844272
2009-12-10,96801.54262059474,128506.08538621828,109377.17377682473,76290.87137884813
2009-12-11,97065.08030648383,127903.15377628723,109398.95407853051,76615.00945486141
2009-12-14,97779.48246599265,129200.83681932537,110300.10540700732,77139.05603544497
2009-12-15,97258.80800954538,128528.70721825722,109662.06493920836,76780.4820427706
2009-12-16,97562.65145915866,129000.95648098731,110131.4851967003,76897.70430559071
2009-12-17,97067.08059252474,126672.61682750109,108470.17356190208,75973.64050704885
2009-12-18,97357.52212566398,129475.30369995421,109357.36306076238,76403.48883885893
2009-12-21,97214.70170234345,130472.12187908455,110188.1621078499,77179.89863427555
2009-12-22,97244.20592144677,131075.11246260567,110637.99797114704,77457.18784692435
2009-12-23,97766.18056382064,131984.50715982012,111176.34105313395,77609.74696608563
2009-12-24,97777.3821656497,133466.06865661553,111886.64046120593,77977.23025115194
2009-12-28,98021.61709124406,134074.73649033517,112268.2601993938,78143.60377874122
2009-12-29,98109.52966274178,133464.8091330791,112032.98882347396,78032.58798927281
2009-12-30,98345.76344417252,133672.93678346233,112038.03450982767,78004.85906800794
2009-12-31,97497.34211992315,132631.381952673,111114.49488715793,77256.17819385619
2010-01-04,99028.6610985371,134812.84971816372,113038.87662380465,78566.4448019284
2010-01-05,99428.51827811377,134848.2591642867,113213.71801002289,78774.36165921055
2010-01-06,99103.97186797713,134336.53038130136,113188.64487097284,78829.81950174032
2010-01-07,99428.51827811377,134254.00882971118,113361.33173468201,79162.56655691886
2010-01-08,99670.05281755292,135341.0507075531,113965.96390836984,79426.04136113967
2010-01-11,99375.51069802983,135076.37170286552,114082.07572614418,79536.95704619917
2010-01-12,98830.23272327945,132703.34147447,112830.76854621396,78795.18337626144
2010-01-13,99124.67482850049,135004.16257335263,113885.61033937911,79460.77759102744
2010-01-14,99718.85979695097,135225.36354662385,114202.8735508693,79675.60165252358
2010-01-15,99006.35790918102,133083.5079605352,112885.46786503347,78781.36896783345
2010-01-19,99852.87896169153,136041.57473902262,114252.50858541942,79765.7957249411
2010-01-20,99273.69613854782,133757.91260404236,112561.82104133462,78954.64969963672
2010-01-21,98032.91870737517,132076.85072189313,110742.723015136,77436.46623428236
2010-01-22,96455.19309261224,126466.32424402762,108279.58412119152,75710.26580723694
2010-01-25,96664.32299818874,127377.80302832254,108870.47476068446,76098.47070494526
2010-01-26,96197.95630775201,127330.11548900382,108516.93987026163,75779.5380581947
2010-01-27,96291.9697516745,128523.00405512664,108682.16595829975,76140.01403463811
2010-01-28,95440.84804126991,124343.33686167598,107347.40782677641,75266.50296258998
2010-01-29,94926.27445724739,122301.9147080715,106190.99557521236,74448.4497330716
2010-02-01,95816.10170254347,124024.80247243326,107729.94305756474,75606.25732639142
2010-02-02,96849.24944267032,125147.93565847653,108973.38468846538,76521.31172813245
2010-02-03,96044.83441132083,125477.48461539712,108426.26363542369,76140.01403463811
2010-02-04,94875.46719180844,121768.0182508064,105171.8232008755,73789.86282692848
2010-02-05,95157.60753787794,122400.28572381636,105301.71572912943,73942.42194608977
2010-02-08,94651.33514092515,121453.78141624837,104296.8081581805,73408.66523784306
2010-02-09,95033.28976043574,123418.53781085335,105749.83048433452,74330.62684379809
2010-02-10,94631.13225191201,123039.59492616437,105479.94051061303,74185.07503325968
2010-02-11,95102.09960024284,124798.6755047844,106719.10114917766,74961.4848286763
2010-02-12,95367.53755787078,124944.23905017538,106612.86240745378,74899.11978193256
2010-02-16,96187.85486324545,127079.57965225489,108324.51913659082,76077.64898789437
2010-02-17,96236.26178543532,127730.95629862377,108733.20464559493,76438.12496433781
2010-02-18,96494.49871331602,128670.49021484591,109389.13519823665,76888.79501319876
2010-02-19,96826.54619610605,128552.064205589,109349.04592732375,77048.26133657404
2010-02-22,96691.02681683481,128333.22770129547,109281.77607417849,77062.07574500203
2010-02-23,96579.81091296056,127480.0662397989,107942.58580468538,76126.19962621013
2010-02-24,97169.09518061084,128062.80766192757,108835.94600444859,76826.429966455
2010-02-25,97412.42997748678,128270.1308464063,108692.7103981732,76722.42148560948
2010-02-26,97386.92633046526,128782.4947648623,109008.428214233,76770.87201951635
2010-03-01,98280.85416214519,130540.36415190593,110060.4546288596,77568.10353198386
2010-03-02,98429.27538638025,130843.28038566487,110530.21823052442,77783.02769788889
2010-03-03,98310.65842415467,130992.2193759745,110860.59404705543,77852.40005325554
2010-03-04,98760.2227118478,131463.26808346168,111017.3967175782,78088.04583180258
2010-03-05,99200.3856551487,133617.32924750226,112553.30051362568,79204.20999102063
2010-03-08,99041.36291489682,133825.10982849632,112575.90619559934,79218.12450385751
2010-03-09,99255.59354987764,134429.5715425063,112807.9839199432,79349.86190596792
2010-03-10,99398.81403040636,135331.9453941389,113351.76988171402,79703.33057378845
2010-03-11,99803.27186787712,135871.70834716584,113777.9489818325,80036.1777333759
2010-03-12,99940.49149028311,135874.34883110828,113868.42910055688,80043.0849375899
2010-03-15,99926.78953090291,135560.75159860923,113690.7479077029,80063.9066546408
2010-03-16,100693.79921328752,137118.6768466391,114677.29241772933,80701.67184373301
2010-03-17,101186.36965086007,137619.84060484337,115180.09593904075,81179.97070944995
2010-03-18,101073.85356105922,137972.9869625506,115188.91677013847,81138.42737975708
2010-03-19,100717.30257426812,136753.6228753966,114416.06430266079,80727.69899004661
2010-03-22,101175.06803472897,138184.5494949634,115065.69610186288,81159.24909680797
2010-03-23,101552.02193913731,139502.89714869735,115811.9093394507,81730.14454075601
2010-03-24,100475.96806343309,138301.82729574805,115006.72950958561,81333.33066388243
2010-03-25,100106.01516016791,138286.9714856031,114871.73217638471,81200.99263531863
2010-03-26,100168.52409894616,138693.69403315388,115098.2306163282,81152.34189259398
2010-03-29,100492.8704804787,139321.2629864369,115779.09958106736,81667.47918078557
2010-03-30,100642.39186203627,139619.5104584376,115910.32671239227,81723.13723213311
2010-03-31,100586.78391009914,139017.3416829491,115596.74879086927,81444.64676657754
2010-04-01,100946.73538315979,139302.8449475727,116339.94851791057,82001.62769768869
2010-04-05,101255.07947636512,140861.8419290887,117190.58542679153,82669.82462708605
2010-04-06,101537.6198796428,141264.1611434771,117422.45612712811,82864.72791121139
2010-04-07,101565.12381270522,141089.23634454355,116959.31008025054,82391.43426593937
2010-04-08,101834.26229950883,141576.11072219987,117213.16035061187,82676.83193570893
2010-04-09,102253.02218217205,142707.99273064669,118056.46447065423,83219.79824957429
2010-04-12,102425.94691040818,142735.81072363644,118190.68220778981,83352.0361737292
2010-04-13,102530.96192755565,143479.42623850782,118422.90145313548,83414.70153369964
2010-04-14,103182.8551482862,145527.78800659033,119734.2877837284,84361.38892865258
2010-04-15,103314.27394117358,146308.44256649312,119939.31045127109,84430.96149283701
2010-04-16,102343.33509691886,144037.7207115712,118090.32176540737,83087.56032541941
2010-04-19,102558.06580340989,143987.69403469987,118219.1000162698,83400.78702086276
2010-04-20,103343.87817457897,145041.6953888337,119044.30324859319,84145.56382306747
2010-04-21,103635.31985073866,145987.6564248002,119109.66468468754,83992.40407745278
2010-04-22,103933.76252804152,147098.18449814,119327.872630683,84243.06551733457
2010-04-23,104408.43040554799,147861.0126955059,120061.9483579031,84792.93903541393
2010-04-26,104228.30464756461,147710.8598220618,119767.7377715226,84472.7050313477
2010-04-27,103024.63252245072,144404.5224572712,117041.00320209467,82474.9213429607
2010-04-28,103250.46481646875,144359.81290819292,117487.15070699366,83101.4748382563
2010-04-29,104228.80471907483,147900.2180305839,119122.07785575838,84131.64931023055
2010-04-30,103195.95702185413,144861.5043045386,117279.0898479187,82704.66096138272
2010-05-03,104259.30908119862,147910.4124352822,118669.88822894322,83776.67907627654
2010-05-04,103050.83626958655,142836.12858976284,115537.49586275473,81806.62430915445
2010-05-05,102644.87821758512,141508.5493466645,114695.80655859075,81319.41615104553
2010-05-06,101267.68127842282,135350.6197003679,111100.59093157951,78618.49909455562
2010-05-07,99612.84463678308,130937.61608242424,109408.2028793412,77448.97928539466
2010-05-10,102030.59037442354,136920.2231714805,113991.83031285669,80859.9369142015
2010-05-11,101941.37761699923,137085.64137662936,113830.1081700096,80630.29740018838
2010-05-12,102878.81167006883,140099.16234932188,115416.52284601587,81757.97356642979
2010-05-13,102314.23093502372,137237.4780479873,113998.08033192166,80741.6135028835
2010-05-14,101648.03566910067,134270.91254482782,112033.24777401431,79279.788819739
2010-05-17,101503.41498834334,134874.25788753098,112039.74541713843,79321.53235824965
2010-05-18,101046.84969950703,131921.76460870967,110698.21912070988,78242.60703914182
2010-05-19,100455.06507430563,130274.8886331139,109918.93055261906,77797.14241954357
2010-05-20,98247.94945677233,123630.90839293977,106329.9856671908,74859.57854041764
2010-05-21,99103.97186797713,124416.07057780062,107577.93506035321,75952.41837236236
2010-05-24,98225.24621020808,124023.3784303095,106937.68720406154,74977.80184732676
2010-05-25,98445.87776051975,124382.1796487574,106961.32591292077,75054.3817201341
2010-05-26,98221.94573824057,123978.71300397631,106781.54402937267,74601.90979191297
2010-05-27,99833.07612988658,126616.16274405357,109201.80323254787,77101.01636006354
2010-05-28,99307.5009726391,125324.52711389503,108642.16607434217,76133.40714365082
2010-06-01,98181.33993161023,124401.48972010892,107897.35827338065,74852.57123179476
2010-06-02,99700.95723688487,124417.40419112415,109414.48604631216,76801.60407304819
2010-06-03,99862.78037759401,124335.45519405964,109382.09431235922,77066.18002576687
2010-06-04,98377.66800652494,122305.23733363363,107409.37476280816,74358.25566065405
2010-06-07,97925.90340418681,122771.68742923952,107159.7819492373,73432.49008716091
2010-06-08,98178.639545455,122642.0196716691,107594.9029087719,74219.11053228517
2010-06-09,97815.18757182277,122433.70169741088,107300.25665400964,73822.29665541158
2010-06-10,98819.43117865856,122161.12637206593,108735.38594588604,75980.24739803615
2010-06-11,99602.54316367242,122546.83541204996,109185.01889902064,76349.13214482705
2010-06-14,99198.98545492005,122413.94643250798,109134.47222153016,76230.80873350905
2010-06-15,100397.55685062965,122980.85088312319,110733.89977321804,77964.21667799515
2010-06-16,100511.07308345096,123013.52325697416,110661.54073332672,77936.28754791248
2010-06-17,100919.93155021168,123800.2380584464,111081.45805135477,78061.61826785337
2010-06-18,100965.73810054839,124220.96289082651,111229.42668400635,78146.20649337258
2010-06-21,100505.97235404664,122801.9550945648,110503.29597373461,77922.37303507558
2010-06-22,99881.78309498259,122466.70246420799,109375.18177098953,76635.4307542767
2010-06-23,100001.60022883273,122210.440791032,109105.61554283556,76397.68278314282
2010-06-24,98683.4117278771,122217.0591765857,107671.31519756978,75131.76242821262
2010-06-25,99222.28878729658,122669.14877362116,108115.40952209027,75446.49068978945
2010-06-28,99381.81159905867,122143.94535066556,107461.19519815671,75208.64261424665
2010-06-29,98056.52208265783,121948.5165970339,105855.90227091184,72886.62074543748
2010-06-30,97504.04307816019,121987.01912398128,105317.29708219373,72194.19854908668
2010-07-01,96932.96141348213,120557.9568117368,104378.49201269035,71872.46297888698
2010-07-02,96241.9626006519,120997.26769572709,104243.99241947448,71480.75442686722
2010-07-06,96607.314846023,120402.80272606363,104085.30152182534,71949.34316492101
2010-07-07,97946.90640761629,121001.51052702263,104997.13331360096,74215.50677356482
2010-07-08,98234.34751169417,120892.15909061131,105094.52414991251,74949.87271724408
2010-07-09,98599.59974276322,121304.82125716271,105426.66155707368,75509.45636298659
2010-07-12,98546.19210547108,121013.39308106295,105228.7899675837,75558.40741893796
2010-07-13,99382.31167056889,121387.0556866209,105866.2527202123,76698.49653188275
2010-07-14,99612.14453666874,121430.05093961979,105878.74480560713,76691.38911885096
2010-07-15,99739.66277177636,121392.8977661606,105851.5302024753,76712.41104471964
2010-07-16,98102.12860439043,120747.36927252359,104820.145856093,74600.20801696168
2010-07-19,98250.54982862552,120499.281638065,104821.33395425328,75040.7675205239
2010-07-20,99064.56623297132,120867.58062020171,105239.68507835527,75873.13568051477
2010-07-21,98772.02439948915,120526.90960242145,104713.84951766091,74886.90704404695
2010-07-22,99852.5789187854,121014.27619667533,105646.56358659554,76558.55056824267
2010-07-23,100143.4205091328,120804.0301561565,105735.06254580332,77223.04363451079
2010-07-26,100890.42733110835,120673.70307111906,106129.3418659571,78027.28245560119
2010-07-27,100396.85675051533,119919.54325856271,105772.40469910642,78020.37525138719
2010-07-28,99897.88539761187,119929.62954544344,105486.34801312648,77516.74997021894
2010-07-29,99653.55045771546,120005.94560211268,105503.34577568952,77139.05603544497
2010-07-30,100098.71411611862,120368.11076019338,105736.8429525995,77125.04141819918
2010-08-02,100832.41903592215,120501.7505104798,107420.51698661088,78866.65792421496
2010-08-03,100693.79921328752,120505.36462529795,107371.33295656991,78488.96398944099
2010-08-04,100734.70506282398,121019.05781583271,107747.92262402487,79013.51109206902
2010-08-05,100866.32388431547,121017.73714055013,107726.35242720638,78929.62359741211
2010-08-06,100949.8358265232,121237.36541207337,107730.9496237219,78607.88802721236
2010-08-09,101202.3719391873,121279.60795136343,108069.07034953924,79027.52570931481
2010-08-10,100672.69619555597,121161.42454667694,107442.54635768509,78600.88071858948
2010-08-11,98997.75667920512,120321.77368674928,104551.26560645046,76446.63383909417
2010-08-12,98581.49715409304,120498.00139083863,104052.18497295196,75978.04510104036
2010-08-13,98709.91551791907,120329.39510270537,103653.61743469747,75754.21164274338
2010-08-16,99716.85951091007,120614.91412439136,103802.4342895049,75719.27520403781
2010-08-17,100427.86118414934,120879.87932711544,104198.14599052224,76649.4453715225
2010-08-18,100672.59618125393,121083.95007349623,104253.51929239208,76789.39133516257
2010-08-19,99976.79668192552,120802.70052056776,103798.46848895653,75453.49799841233
2010-08-20,99684.75491995357,120748.42029267173,103437.8177890872,75208.64261424665
2010-08-23,99336.10506302402,120485.21848471077,103319.73077925964,74921.94358716141
2010-08-24,98864.13757167275,120254.09787290661,102997.91322089636,73809.78360429927
2010-08-25,98955.75067234614,120682.55141142198,103183.85591945043,74096.58273579343
2010-08-26,99038.36248583547,120346.59481522189,103303.33415419441,73599.96476324808
2010-08-27,99172.9817363883,120627.38057347799,103821.52345210077,74740.05387619286
2010-08-30,98886.840818237,120375.38855465561,103528.81989027918,73655.92312782232
2010-08-31,99243.7918622363,120603.03646349441,103705.32873353912,73655.92312782232
2010-09-01,100670.79592381712,120665.36272480786,104638.94913721686,75859.12106326899
2010-09-02,100964.53792892386,120913.18208365804,104953.08751231476,76565.55787686557
2010-09-03,101593.42786018402,120900.19950474531,105250.75883901806,77558.6937175474
2010-09-07,101595.52816052697,121090.10524481485,104663.14114403477,76684.48191463696
2010-09-08,101725.24671027958,121170.14403504522,105081.00505083859,77223.04363451079
2010-09-09,101281.88330931323,120858.21613111692,105174.9292228357,77579.71564341609
2010-09-10,101371.1960810396,120931.7719056344,105501.47190997825,77971.42419543583
2010-09-13,102565.36684745921,121867.31065356618,106642.91437473465,78838.62868972338
2010-09-14,102966.72424156654,122997.69079211631,106982.95802236201,78789.77773818093
2010-09-15,102471.25338923467,123452.37914263924,107344.42052057962,79090.49138251196
2010-09-16,101999.58594078953,123985.21492318224,107393.58147425036,79069.46945664327
2010-09-17,102416.74559462004,124193.47989014562,107422.8713154574,79099.00025726832
2010-09-20,103772.73950174877,125621.08455761254,109009.78625726503,80308.46172557978
2010-09-21,104083.78398110931,125947.98547340125,108992.07774029984,80146.69300079985
2010-09-22,104016.97442734313,125873.06667314602,108654.79560135698,79752.9823606021
2010-09-23,103520.80347489692,125888.47308569083,108059.14447755118,79106.00756589122
2010-09-24,104726.4758860517,127555.25215528703,110139.03071638336,80737.40911770977
2010-09-27,105092.22818863098,127170.03559545567,109650.5151807053,80350.60568172604
2010-09-28,105653.60846601064,127608.81581690256,110003.73386528801,80631.89907073077
2010-09-29,105351.46525953212,127433.41364559896,109841.8623794921,80491.25237622841
2010-09-30,105117.93186425659,127081.37842059846,109463.3923102555,80252.20304777882
2010-10-01,104953.20830878816,126989.8441840749,109890.14489767027,80589.75511458452
2010-10-04,104393.32824593916,125162.3398250876,108959.82417736463,79985.02438042877
2010-10-05,105898.64350602136,129607.4665946888,111330.43465539948,81595.30390196975
2010-10-06,106351.00819417178,128572.15040225665,111280.10335740936,81588.19648893796
2010-10-07,105937.74909812104,128862.69565335504,111161.21633054235,81489.79385499074
2010-10-08,106827.37631481302,129984.28310999293,111911.66441065793,81946.87058602122
2010-10-11,106926.99055965003,130195.69514405764,111980.51468591821,82024.15118969085
2010-10-12,106924.59021640095,131059.05591565528,112290.96236608864,82277.3152397951
2010-10-13,107528.77661505595,132255.46557921692,113298.61323362243,82917.18262147419
2010-10-14,106797.07198129334,132081.29579732503,113209.32081404935,82593.7452763232
2010-10-15,106297.00047106738,134647.5672828967,113800.82797211532,82762.52130972603
2010-10-18,107082.7128279344,134567.75007256423,114034.30068548399,83170.34667157846
2010-10-19,105930.1480111656,132248.75895948856,112408.59401785056,82080.5099719007
2010-10-20,107135.42036511221,133583.72686612012,113566.2933880268,82882.04597395082
2010-10-21,106556.03751336443,133759.57712825292,113505.44604711104,83064.83662459945
2010-10-22,106959.29517921063,134730.05790871772,113893.07380287815,83219.59804075651
2010-10-25,107479.56957844974,135523.22591875034,114332.70236719919,83465.65467782898
2010-10-26,106834.8773874664,135990.30976936698,114261.32068809077,83479.76939948366
2010-10-27,106119.37507063511,136095.79428656332,113868.64872724829,83240.61996662518
2010-10-28,106358.40925252311,136633.2634293618,114220.45180788256,83254.63458387097
2010-10-29,106877.28345153357,136580.9687455174,114282.6229510019,83318.00067470371
2010-11-01,106616.34613749766,136491.79963854715,114238.86078032317,83346.1300136042
2010-11-02,108007.54507894629,138086.80421745888,115351.07138003073,84007.11942556086
2010-11-03,107516.97492741463,138741.19398914452,115765.53162971982,84344.57138795765
2010-11-04,109722.99038762542,141160.46097237838,117932.20286973559,85968.96563115329
2010-11-05,109365.13921490773,141228.52650330804,118056.59412705112,86292.40297630428
2010-11-08,109423.74759590623,141541.19070926646,117902.62741552155,86130.63425152435
2010-11-09,107949.43676945803,140423.1266083295,116951.44485615245,85511.88890012284
2010-11-10,108432.50584833632,140730.12349898968,117492.52058952111,85856.4482755514
2010-11-11,108018.74668077535,140261.52004893273,116899.00429878164,85532.91082599151
2010-11-12,106363.60999622947,136605.7418727404,115340.25058930526,84520.45483439227
2010-11-15,105522.58973033144,135841.61642841517,115030.9983064255,84400.83006575858
2010-11-16,104769.98210744138,132477.26054075913,113064.40176916364,83085.95865487703
2010-11-17,104566.4530027794,132942.79627586767,113278.58794813929,83128.10261102329
2010-11-18,106115.27448425125,136075.01638393837,115180.89950569776,84351.67880098942
2010-11-19,106404.51584576596,136319.72964526576,115341.26237705162,84583.72082081612
2010-11-22,106489.8280454105,137614.50455080945,115383.59150776392,84513.44752576937
2010-11-23,105593.39985617944,135380.3295776782,113498.9297879023,83289.87133580324
2010-11-24,106283.39852598922,138218.43968010476,115237.51674811984,84520.45483439227
2010-11-26,105896.64321998047,136996.2699263539,114025.83080682319,83536.0280772846
2010-11-29,106472.82561406282,136914.3931774776,113986.80408764641,83789.09202297997
2010-11-30,106155.58024797546,135390.08201072545,113121.43001863564,83318.00067470371
2010-12-01,107270.8397300814,139507.171789157,115480.67561506174,85089.94881661572
2010-12-02,108197.6722671342,141303.23643220344,116900.07827239699,86179.8856207024
2010-12-03,108317.38938668229,142088.30010267076,117484.4878865209,86411.92764052906
2010-12-06,108843.66464404411,142143.2707474231,117366.20846206929,86320.53231520475
2010-12-07,108113.86028202032,142002.4558668979,117281.60853019965,86369.78368438281
2010-12-08,108100.35835124423,142494.6999999511,117548.08697603793,86686.113616502
2010-12-09,108557.72375449691,142673.1133816914,117841.7445965924,87023.6656833077
2010-12-10,108846.46504450137,143360.5339742447,118398.41082516353,87529.9937835162
2010-12-13,109041.79297639562,142653.5701190348,118628.64277086547,87586.25246131716
2010-12-14,108561.62431227665,142602.07297506128,118734.05755602704,87663.53306498678
2010-12-15,107781.11269911597,141928.90884633202,117976.49751615101,87262.71501175726
2010-12-16,108395.10049937142,142385.5336193292,118628.93222598243,87769.04311196577
2010-12-17,109267.32522750755,142654.34242431083,118633.50375691443,87863.04115192145
2010-12-20,109595.57216681985,142615.24242084636,118899.9518825839,88075.06228996842
2010-12-21,110509.00278739861,143137.58573365363,119657.08432664552,88633.54478721306
2010-12-22,110592.31470100224,142984.0669499583,119859.24243740394,88909.23232931948
2010-12-23,110428.99134576245,142723.5905975932,119660.53577262761,88781.9996256095
2010-12-27,110811.44603678325,142818.8191048251,119683.35170069517,88817.33648195067
2010-12-28,110297.37252427096,142865.4037093498,119799.60666299054,88944.56918566064
2010-12-29,110876.85539032082,143145.31936818524,120155.71852139673,89008.13548531118
2010-12-30,110625.21940637511,142877.55658223596,119831.17824039493,88866.78805994653
2010-12-31,111197.50124267771,142707.1480003887,119980.46984181172,88888.010194633
2011-01-03,111779.9845377889,144341.0523277539,121221.17511320696,89806.86856391215
2011-01-04,111283.31351383247,143803.35249477415,120910.98618698546,89757.41698591631
2011-01-05,111024.47650013953,144402.20118256123,121357.31133676325,90224.00363579213
2011-01-06,110818.1469950203,144307.34964347808,121039.67316611446,90047.21924967741
2011-01-07,110773.14055909995,144161.32743764896,120802.48076566293,89870.53496797159
2011-01-10,111083.38492404415,144474.80953327904,120857.36471217388,89757.41698591631
2011-01-11,111277.91274152203,144742.83691221266,121273.61507662082,90075.54879739568
2011-01-12,111818.89010128447,145852.1880142233,122447.60338500628,90888.39659765134
2011-01-13,111841.99340505691,145716.1049769269,122355.8044543048,90739.9417592549
2011-01-14,112214.54668017528,146683.82083115933,123104.20144114307,91397.32741249123
2011-01-18,112169.34021565084,147186.30690799886,123451.81426658083,91552.88966391947
2011-01-19,111436.73545316981,145502.493925734,122331.83926159701,90655.15332491788
2011-01-20,110605.51658887221,144393.4264693136,121712.59896561364,90535.0280342397
2011-01-21,111018.47564201681,143736.58625244384,121660.52189530073,90739.9417592549
2011-01-24,111412.33196347077,145088.37917091837,122633.69944148672,91255.97998712657
2011-01-25,111613.66075348775,145205.0129804856,122680.73747494217,91305.53166953132
2011-01-26,111831.091846134,145909.39173026403,123277.43408360316,91658.90023294295
2011-01-27,112023.8194061751,145998.00925485216,123558.27904869473,91885.03609264463
2011-01-28,110990.5716517462,142110.38543770646,121333.45080927924,90280.56262681977
2011-01-31,111517.54700922231,142376.71556622064,122114.39822512813,90959.07031033367
2011-02-01,112806.03126247055,144119.04647576113,124160.31962897784,92415.18904217097
2011-02-02,112734.82107941437,144147.84814119054,123962.66785474076,92238.60486487405
2011-02-03,112438.47870245445,144387.2402830105,124212.83889654904,92443.51858988925
2011-02-04,112118.5329502119,145131.241008148,124522.7269983819,92704.99130593208
2011-02-07,112784.12813032264,145314.79946005758,125124.79540121222,93284.69593786319
2011-02-08,112930.04899700658,145728.67481532838,125810.88873643697,93708.73821395716
2011-02-09,113176.28420864185,145510.44279237336,125576.15702296526,93496.71707591016
2011-02-10,112686.01410001631,145655.24849558657,125522.8431264418,93532.15403666023
2011-02-11,113668.3545747042,146574.98582690794,126153.92310140967,94090.53642949596
2011-02-14,113960.2963223741,147115.0656416919,126457.3054982802,94316.67228919762
2011-02-15,113657.65304438536,146820.8194598757,126191.06701273611,94019.76261240474
2011-02-16,114203.53110494801,147933.07081634,127035.70326699718,94613.58196599052
2011-02-17,114760.71078164178,148385.13207295677,127324.2424346108,94896.37692112873
2011-02-18,114756.91023816406,148146.29707484614,127454.98394044439,95094.28333752102
2011-02-22,113522.3336937182,145667.48236068967,124707.84653625997,93185.69267746259
2011-02-23,113326.20564740758,144281.15278814454,124137.90519292513,92613.19556297218
2011-02-24,113442.12222347796,144927.08992063894,124246.38341407522,92549.52915891274
2011-02-25,115018.44763801224,147216.3221621083,125691.94194841606,93539.16134528312
2011-02-28,115539.5221516677,147187.0717569586,126323.45214219905,94118.76587280534
2011-03-01,114467.56886234733,145593.71328796318,124577.69681739835,92549.52915891274
2011-03-02,114206.83157691552,146180.26784566502,124978.69140260834,92747.43557530503
2011-03-03,115265.08290685569,147239.0896132029,126901.31809434031,94345.0018369159
2011-03-04,115102.35963742816,147011.5449337608,126177.98972987206,93638.16460568372
2011-03-07,114056.11002373339,144896.27498212756,125024.91259488289,92902.99782673328
2011-03-08,114461.96806143278,145057.89090415492,125744.0254332983,93715.84562698894
2011-03-09,114668.59760945816,144361.6147214266,125414.58408312945,93581.60561465607
2011-03-10,113431.52070746118,143026.3728331811,123217.20886304506,91849.79934071237
2011-03-11,113668.05453179804,143750.4502903859,123866.36730949789,92485.9628592622
2011-03-14,113210.0890427331,143342.38741327342,123103.08758746246,91927.48036201758
2011-03-15,112432.87790153993,141376.52145735195,121401.67559378095,90874.28187599666
2011-03-16,111538.85005555795,138747.97861948638,118957.7738402582,89191.92718004879
2011-03-17,112711.0176755276,139857.28785780718,120648.08484321003,90372.35836977967
2011-03-18,113289.40038425497,139970.86119852442,121064.92714977806,90701.1012486023
2011-03-21,114490.5721518177,142162.55715186667,122833.62109590221,92106.76735835476
2011-03-22,114488.17180856863,141809.11210832468,122548.64700373003,91787.3341895597
2011-03-23,114640.09353337527,142591.5190493456,122875.54241365657,92050.00815850931
2011-03-24,115085.15717747639,143570.49933270062,123983.2206510786,92930.32633036256
2011-03-25,115330.59227469529,143711.83046944742,123837.14418140783,93214.32253840755
2011-03-28,114951.538069944,143172.7861743136,123519.46222891948,92987.085530208
2011-03-29,115176.97030675386,143733.44912181495,124154.29417392708,93611.83714614343
2011-03-30,116106.90328717006,144168.2229173864,125015.23795830521,94257.81089676531
2011-03-31,116196.91615901075,144273.0508764656,124974.60808028502,94130.07767101085
2011-04-01,116757.49632197405,144130.9961776136,125491.39540024247,94527.69238315563
2011-04-04,116823.10570411569,144009.97232937117,125335.9126726233,94605.67371768755
2011-04-05,116839.50804965111,144631.29175038874,125224.02588932298,94591.55899603287
2011-04-06,116602.07409659582,144998.294037575,125689.37192924679,94889.66992573254
2011-04-07,116317.93346448542,144871.98069652164,125423.33432706718,94648.4183002872
2011-04-08,115928.77781522759,144335.2329178155,125247.7451384915,94321.77761405145
2011-04-11,115449.80932273317,143804.14145217423,124740.69879381811,94037.78140600646
2011-04-12,115009.04629361999,142672.9982748023,123845.55226109916,93334.94835113022
2011-04-13,115282.58540971359,143448.66088428948,124124.10564574676,93327.84093809844
2011-04-14,115465.81161106037,143503.92468337406,124435.39641455983,93398.81496400746
2011-04-15,116316.63327855883,143776.45263787,124697.93370767926,93739.57037189789
2011-04-18,115253.78129072458,142752.4592173875,123381.87884470815,92688.97460050833
2011-04-19,115868.26916249025,143448.32096189712,124025.95682007229,93221.32984703044
2011-04-20,116970.02671382009,145608.54132616436,125962.52410706018,94492.15531799667
2011-04-21,117392.78716856512,146653.38967529938,126593.76463432223,94974.85877770514
2011-04-25,117317.47639912508,146997.71458192053,126604.04768589912,94875.55520407786
2011-04-26,118398.8310328377,148008.8836655109,127379.52635316321,95691.90665864496
2011-04-27,118620.5627404719,149517.53282783128,128436.05382750637,96316.65827458038
2011-04-28,119166.34078673251,149487.2326114843,128858.64717278437,96629.08413475254
2011-04-29,119547.99536333696,149771.49291458982,129005.17229878757,96856.2210385432
2011-05-02,119205.84643604036,149176.06979969182,128959.07845318643,96707.06546928445
2011-05-03,118860.99712258852,148336.4688946396,128345.7921950258,96359.30275277112
2011-05-04,118278.01375596711,147869.05491548215,127505.60859993589,95720.33631077214
2011-05-05,117335.07891628503,146250.06135290398,125810.87340537482,94854.23296498248
2011-05-06,117353.48154786133,147141.73386743932,126178.70658320701,95273.06981181372
2011-05-09,118072.18432235811,147948.7564662344,126945.3526335939,95642.25487183132
2011-05-10,118541.15138464801,149705.5976270959,127893.49873228559,96458.70643080732
2011-05-11,117372.88432245812,148362.5414361623,126349.30028150458,95443.44751575893
2011-05-12,117403.1886559778,149417.80247719423,126781.31930900336,95897.82142774914
2011-05-13,117053.43864172578,147747.0214806713,125613.10832273243,95159.45130771394
2011-05-16,116647.48058972434,145461.74211440614,124904.2909012903,94556.0219308739
2011-05-17,116976.22760054689,145259.92740412048,124986.22818430862,94541.80710481032
2011-05-18,117402.88861307167,146680.57068624193,125896.14542075509,95386.68831591349
2011-05-19,117586.91492883481,146818.2156913698,126231.39685495853,95613.82521970414
2011-05-20,117020.5339363529,146217.66541939732,125362.56665886281,94854.23296498248
2011-05-23,116303.9314621991,143509.1977039335,123769.15972934975,93753.88530237037
2011-05-24,116372.84131630824,142874.52550813014,123917.12830536248,93675.70375902066
2011-05-25,116567.66917669227,143249.62162706236,124392.55162774268,93988.12961919281
2011-05-26,117448.49513480428,143907.3935096874,125035.83308937591,94421.18129208764
2011-05-27,117900.05970853833,144621.6111219239,125679.8290649661,94783.25893907345
2011-05-31,118755.58204823291,145425.92117111734,127159.5313830179,95770.08820199467
2011-06-01,117639.82249461675,142117.78058217705,124852.66710826286,93618.94455917522
2011-06-02,116921.6197916302,142257.3901154834,124970.94242123277,93519.54088113902
2011-06-03,116419.94805257152,140239.47475331023,124375.56715580744,92589.57092247214
2011-06-06,115215.87587024944,139317.0838989602,123269.78196722214,91609.8490725827
2011-06-07,115458.21052410494,139144.73396455977,123597.49695304854,91553.08987273726
2011-06-08,115397.10178555534,137474.94228190472,122868.09864693623,91169.68998665607
2011-06-09,115682.9426608005,137882.0329265952,123624.3702939866,91865.41562850052
2011-06-10,114903.03113345208,135919.0183427278,121794.47049662375,90587.4827445025
2011-06-13,114697.10168554104,135545.0498615629,121689.12899048199,90658.55687482042
2011-06-14,114860.92511229106,137262.81255675852,122886.50388092565,91808.65642865509
2011-06-15,114139.82199454524,135396.78674407373,120895.72829070408,90175.75331070306
2011-06-16,114375.15564725758,134875.48189103557,120848.76384975751,90374.56066677543
2011-06-17,114466.76874793095,134945.5312897738,121343.39612523373,90644.24194434794
2011-06-20,114867.42604192399,135521.49092054184,121552.54972398834,91108.02567077462
2011-06-21,115876.77037816409,136953.93905689724,123027.60290627701,92356.52785855647
2011-06-22,115319.49068716828,136515.0199325508,122406.35142812457,91800.04744948982
2011-06-23,115342.39396233663,136655.12109173898,121686.2864498847,91536.07212322453
2011-06-24,114285.8428755312,135307.05959718887,120597.77582350746,90472.96330072265
2011-06-27,114403.25966613225,136052.5500524006,121049.82437730423,91279.20420999102
2011-06-28,115055.65295837306,137073.2289106115,122033.58086106821,92470.64688470073
2011-06-29,115226.37737196419,137438.64630256477,123058.70490447397,93262.57286349662
2011-06-30,115942.17973170165,138228.95968021918,123611.79554950948,94154.40304237319
2011-07-01,116901.11685971094,139444.80447207452,124395.64257732239,95545.65411724428
2011-07-05,116709.68948559643,139997.41376490137,124385.40313514696,95467.17226066787
2011-07-06,117042.83712570897,140321.20275107847,124412.81940258868,95581.29128681215
2011-07-07,117621.31984873838,142449.8187824779,125500.54342764092,96573.0256657694
2011-07-08,117643.92308100058,141926.9137977199,124787.28631218952,95888.11130008599
2011-07-11,116890.71537229825,139273.99093779095,122808.38746306926,94154.40304237319
2011-07-12,116661.48259201065,138283.88212439476,122471.57330364862,93747.67882901867
2011-07-13,116904.41733167843,139221.37672056683,123263.67909534994,94061.7063597332
2011-07-14,115697.14469169092,137201.90661494865,122453.64484640636,93412.42916361765
2011-07-15,116206.61754630912,139360.59414951847,123119.74931386234,93954.59464221181
2011-07-18,115144.9657300994,138297.92215678512,122292.48637075839,93184.09100692021
2011-07-19,117179.75670520884,141357.85883890616,123742.55741239215,94696.66862537626
2011-07-20,116735.89323273228,140846.3879048445,124134.73538287381,94639.60911230413
2011-07-21,117615.41900491773,142030.12239076025,125452.57040894797,95952.3783305988
2011-07-22,117873.6559327984,143392.27658582333,125804.79019950659,96016.54525670274
2011-07-25,117060.23961426484,143040.5290364803,125284.18228984768,95481.38708673145
2011-07-26,116954.12443979489,143220.14969079956,125314.27587376424,95124.71507782616
2011-07-27,115290.68656817924,139467.4865014796,122771.00900288369,93176.98359388844
2011-07-28,115270.78372207227,139447.68785165297,122667.75374037135,92905.90085459132
2011-07-29,115940.67951717095,138711.6952789478,122329.85136248141,92270.93858894827
2011-08-01,115876.07027804975,137840.57209176602,121686.08605713403,91878.42920165733
2011-08-02,115111.16089600815,135636.85033387868,119213.8208128402,89531.28112621463
2011-08-03,115561.52529811763,135580.75731357172,119824.61735111449,90016.38709173667
2011-08-04,113436.52142256344,135035.67074104882,114489.12815737323,85799.88928452376
2011-08-05,111888.30002690385,135267.63485795353,114482.78109100433,85671.455327907
2011-08-08,108636.23498160238,136153.12265897015,113152.84395494916,80092.23620235905
2011-08-09,112110.13174884008,136892.8303582344,115219.05938134296,83816.52063101815
2011-08-10,110292.87188067895,138010.1499988101,115001.81452355348,80113.65854586333
2011-08-11,111164.39650870075,137441.69635838797,115483.03598864884,83709.50901790569
2011-08-12,112204.44523566871,137311.70502936107,115642.72351922224,84273.09684000412
2011-08-15,113225.59125955011,137857.4304944125,116427.24755728545,86056.75719775725
2011-08-16,113187.78585337703,138308.5037471699,116461.58966334806,85321.89073203351
2011-08-17,113941.89369079779,138383.01408204724,116716.42398527256,85378.95024510565
2011-08-18,111788.48575346274,138800.31960176854,115748.14183380993,81697.51050345511
2011-08-19,110961.06743264287,139200.7374085746,115668.38469385206,80363.41904606504
2011-08-22,110859.05284455678,140292.04362872356,116346.44590739635,80427.58597216896
2011-08-23,112427.0770720213,139037.82752087744,116213.34084161697,83074.44664785369
2011-08-24,112143.63654002524,137697.9383888646,115300.0438818242,84244.56708346806
2011-08-25,111435.8353244514,137731.76709422958,114944.56548533958,82960.32762170944
2011-08-26,112789.02883112288,139125.9393641491,116051.58844141205,84166.08522689164
2011-08-29,114355.7528726608,138522.9913953201,116210.10597829502,86584.70785028784
2011-08-30,115334.19278956892,139778.10275583726,117081.55008275172,86812.94590257638
2011-08-31,114933.43548127383,139462.4579150811,117176.7238193514,87198.24777242664
2011-09-01,114723.90551848915,139434.4704550519,116854.57865758582,86284.99525004579
2011-09-02,114209.83200597686,140501.9966935818,117083.79520071537,84080.49595728343
2011-09-06,113823.57677147831,140450.94915852253,116243.69826650647,83466.85593073576
2011-09-07,115149.76641659757,139288.4752743843,116295.86044650666,85821.31162802804
2011-09-08,114490.97220902589,140358.50036720332,116462.90575416072,84929.48144915147
2011-09-09,112964.15387400398,139939.06140279188,115405.0456874628,82703.45970847593
2011-09-12,113390.51484362266,139107.87600129974,114854.8937381086,83238.61787844721
2011-09-13,113463.22524120951,139659.50467334533,115221.64174565721,84002.01410070703
2011-09-14,114827.12027819979,139439.99123910806,115385.58989024507,85164.92701888068
2011-09-15,115185.77156533385,138918.03894823024,115414.52314191924,86634.65995032819
2011-09-16,115819.9622546024,139354.17286420678,115685.698339687,87147.3947327062
2011-09-19,115899.67365333243,138717.9795597058,114507.7262039604,86279.68971637418
2011-09-20,115818.26201146765,139272.06275197788,114873.45036615459,86179.1848898401
2011-09-21,114833.22115062455,138620.95764468002,112917.19183519899,83640.53708017462
2011-09-22,114046.20860783092,137323.39723637493,110411.3493158225,80936.91720464444
2011-09-23,113482.12794429604,135163.46100792842,109457.16286000628,81424.52578038894
2011-09-26,114382.45669130687,134705.591151418,109486.5390108137,83360.84536171226
2011-09-27,114508.6747404879,135537.30996477956,110338.6626710156,84293.11772178381
2011-09-28,113084.97115087457,134327.1537661466,109373.44767750867,82572.02261959223
2011-09-29,113891.8865397752,134612.03809634282,109803.07485886227,83224.60326120142
2011-09-30,113553.63817025836,134535.34245664193,109206.04089186437,81144.93416633549
2011-10-03,112586.89992668953,134911.5571967033,109002.5531099585,78835.72566186532
2011-10-04,114084.91414272241,134404.96772132764,109054.33541579463,80564.0282814976
2011-10-05,115031.34948297606,134960.62235026283,109677.6790602306,82055.68407849387
2011-10-06,115615.53302122204,135288.60983400105,110440.55465545348,83540.13235804945
2011-10-07,114561.5823062698,134969.48890179564,109969.51181904004,82980.74892112473
2011-10-10,116182.91415672441,136064.5133123018,111257.991863734,85756.14365783513
2011-10-11,116029.69224599117,135856.61025475108,110970.92985194841,85842.13334507892
2011-10-12,116061.5968083436,136124.40815045254,111261.45407272139,86595.21881322219
2011-10-13,116358.33924251169,135999.8201605666,111220.70859681856,86423.0392299168
2011-10-14,116842.90853592065,136361.27060903824,111670.44672045148,87900.38009644058
2011-10-17,116122.30548968502,136101.17796372544,110554.36094606128,86222.22978566645
2011-10-18,117517.00493170525,136035.170737245,111525.27780340586,87907.48750947237
2011-10-19,116699.28799818375,135498.05728194054,110466.89327374617,86867.70301424386
2011-10-20,116763.99725160698,135018.94745557924,110363.55759405665,87247.79945483139
2011-10-21,117573.41299805872,135482.83158575714,111592.28178256688,88904.32721328345
2011-10-24,118598.05952251173,135922.0824546649,112604.72186048656,89994.4642261879
2011-10-25,117993.97313815876,136709.77792100402,112298.67345237176,88244.63915864247
2011-10-26,118161.89715129264,137060.19983334563,112920.1097200181,89141.07414032836
2011-10-27,119132.53595264124,137673.70445528862,115107.59678010127,92246.31290435923
2011-10-28,119494.78775464892,137683.4863146928,115096.63896957885,92224.79045644608
2011-10-31,119442.88033188746,136906.0053241082,112684.85855287842,90001.5716392197
2011-11-01,118748.58104708974,136183.8164008208,110225.9870247754,87491.55369049919
2011-11-02,119651.11010874556,136601.7632816239,111474.87145286807,88918.74224816482
2011-11-03,120458.62558345843,137735.72539829707,113370.27103824113,90539.43262823122
2011-11-04,120095.27362412827,137612.24168134222,112773.00311197827,89987.25670874723
2011-11-07,120717.36258284935,138514.44044001447,113561.94244952803,90546.64014567193
2011-11-08,121198.43137568673,138481.39529708438,114017.12174529753,91708.4519153477
2011-11-09,119009.41834682362,136913.0441164513,111519.93378622625,88323.52143285445
2011-11-10,119265.35494575725,136818.4540838594,111909.39399217485,89155.38907080084
2011-11-11,120619.54859544916,138028.06749699966,113438.73286309927,90833.53938157498
2011-11-14,120419.62000566082,137562.36827057434,112394.20796020294,89972.94177827473
2011-11-15,120729.76435630296,137932.02574224336,112973.01373937943,90417.60556260179
2011-11-16,119804.23200517673,137300.81232803655,111368.1784809853,88983.30959190436
2011-11-17,119105.13203388084,135721.37110462305,109489.54333512981,87570.53606912009
2011-11-18,119050.22418205804,135670.94758268478,109249.49747187225,87477.2387600267
2011-11-21,117844.45175660121,134367.66096793071,107944.88929612769,85813.50348413395
2011-11-22,117995.47335268946,134506.43395625555,108213.6134388728,85476.45193937275
2011-11-23,116606.47472588581,133834.79864111138,107516.52421624826,83590.2846669076
2011-11-25,115667.54045828554,133350.6757993541,107146.33962662013,83432.52011848358
2011-11-28,117944.96613015661,134732.65543647183,108496.30728605349,85849.3408625196
2011-11-29,117655.42472573578,134694.52382197976,108587.65401297524,86093.19520259631
2011-11-30,120326.4066761547,136449.56974203617,110110.67007415986,89635.89023351355
2011-12-01,120001.96028032011,136412.06128736676,109931.90233706182,89621.47519863218
2011-12-02,120728.16412747023,136418.34537307644,110024.86888885901,89542.59292442017
2011-12-05,121510.07594085955,136162.12468931137,110180.42896838894,90518.01028472696
2011-12-06,121097.41693062108,136303.244398345,110207.47619921787,90546.64014567193
2011-12-07,121525.07808616632,136641.6362305954,110540.49404973225,90883.69169043312
2011-12-08,120101.67453945914,135273.19004552075,108775.50328197736,88890.01228281097
2011-12-09,120829.17857253588,135691.22711176772,109801.77800403796,90396.08311468862
2011-12-12,120256.89673623328,134219.78562365455,108136.66333009275,89076.50679658883
2011-12-13,119932.05028319052,133283.07606783573,107109.21624550474,88244.63915864247
2011-12-14,119945.35218536251,131875.90839890152,105699.69114808118,87305.15928113021
2011-12-15,120075.37077802126,131792.30108021872,105783.19132971892,87620.68837797822
2011-12-16,120634.85078366207,132450.17131940645,106150.23701786985,87750.62390072845
2011-12-19,120152.88186210628,132161.2003689465,105684.26524693244,86812.4453805319
2011-12-20,121612.09052894566,133228.48212917813,106778.93058989379,89439.38527884585
2011-12-21,121350.1530718893,133195.8866381529,106713.23238527826,89612.5659062402
2011-12-22,122229.67884407469,133169.75409808155,106930.3611575234,90406.39386880516
2011-12-23,122352.39639268415,133442.71687469905,107150.94502840412,91214.73697066041
2011-12-27,122568.42728510177,133162.67989667773,107005.47428344461,91286.9122494762
2011-12-28,122240.78043160171,131839.55102244712,105671.33466898733,90088.86268377918
2011-12-29,123201.91787425603,131895.81028669476,106489.58117070717,91019.93379094395
2011-12-30,122709.34743668344,132236.88942609946,106245.36503152571,90572.36697875884
2012-01-03,123331.93646691478,133726.7940039371,107864.4887758496,92015.77245066603
2012-01-04,123006.58994236178,134004.63818473602,107957.48517255766,92160.12300829764
2012-01-05,123328.6359949473,134437.69122971655,108021.20637096564,92405.47891450784
2012-01-06,123553.16810303874,134317.4323852978,107743.54857312932,92167.33052573835
2012-01-09,123480.15766254577,134120.3049139285,107628.70685513505,92391.06387962645
2012-01-10,124044.23832608062,134894.49975763622,108487.09751633975,93192.199464041
2012-01-11,124788.44474759891,135192.2422567886,108631.91383191297,93242.65208612582
2012-01-12,125064.78426414977,135444.83344447188,108902.00213589323,93466.38544001392
2012-01-13,125247.01032247611,135072.47767511403,108447.14443675584,92982.88114503426
2012-01-17,125495.54586305842,135533.86155569408,109073.57332166552,93343.75753911329
2012-01-18,125950.7109516661,137006.14978701528,110197.9431565826,94375.73389044774
2012-01-19,125521.74961019427,137541.00485233634,110684.4099883518,94873.65322030877
2012-01-20,125299.61784535188,137643.42306115647,110881.58625130204,95227.32209694711
2012-01-23,124606.21868927257,137938.8859181104,110837.61983849865,94981.96619073694
2012-01-24,124739.53775389881,137491.20563569706,110628.35536986896,94873.65322030877
2012-01-25,125147.09603473297,139756.6731144917,111797.34864558748,95667.58128728264
2012-01-26,125220.30650383004,139579.298893622,111509.87202115441,95176.76937045337
2012-01-27,125350.5251250929,140273.22613230927,111679.33976420079,95133.52426580923
2012-01-30,125816.69178692554,140045.13704975974,111416.4080187766,94808.68545893366
2012-01-31,126203.2470643302,140440.92872988977,111566.22178859082,94772.64787173021
2012-02-01,126426.47898649509,141392.31255974024,112385.2025857005,95602.61352590751
2012-02-02,126609.70518784187,141919.70187841952,112665.93984288964,95754.17160097983
2012-02-03,126790.73107454366,143517.97343025924,113738.78283785908,97096.47161989954
2012-02-06,127157.4835201434,143363.30214850858,113562.67966784321,97031.60396293334
2012-02-07,126666.71334000763,144081.17741688344,113935.59434043273,97276.95986914351
2012-02-08,126949.55378619143,144558.67265654542,114300.54118305646,97565.56087999784
2012-02-09,126727.42202134906,145462.27749021936,114626.09154696905,97688.28888530737
2012-02-10,126642.80992181883,144368.9180166106,113656.20996990449,96966.63620155823
2012-02-13,127275.70042516082,145589.84655024268,114583.26384491089,97688.28888530737
2012-02-14,127328.40796233862,145790.88372303458,114467.70069174893,97565.56087999784
2012-02-15,126868.24215862868,145032.4010955271,114023.60398342044,97110.98675918982
2012-02-16,127429.22237880017,146760.4621351001,115315.98976881953,98186.3083195773
2012-02-17,127405.91904642365,146632.08873969226,115398.59634086938,98446.07926066888
2012-02-21,126927.95069694967,147400.41184598775,115637.7163722386,98489.42446972193
2012-02-22,127045.36748755073,147118.34767354678,115327.48866719815,98171.79318028703
2012-02-23,127588.34513335406,147968.1865338273,115952.87027648477,98604.84485318186
2012-02-24,127843.08156066318,148289.6690622037,116277.08211134837,98821.37068962927
2012-02-27,128343.15307088915,148535.7339889041,116316.36363556952,98987.34379958296
2012-02-28,128330.15121162328,150059.17083321497,117020.8667453907,99275.94481043727
2012-02-29,127407.11921804819,148158.51021920814,116137.13531391183,98886.33845100438
2012-03-01,127522.73575121243,149503.5224806088,116969.0674354622,99398.77292015572
2012-03-02,127412.11993315045,149356.08700428266,116599.2305403298,99095.55666560221
2012-03-05,126715.3202908016,147768.27053510133,115907.03515173921,98691.43516687905
2012-03-06,125697.67476749176,145833.21822326252,114141.59714906842,97248.02969497186
2012-03-07,126102.03259066048,147466.14215108866,115019.99886853078,97926.43727407684
2012-03-08,126641.80977879837,149327.04736328838,116319.88370715274,98900.75348588577
2012-03-09,127253.19720720063,150142.47954509372,116682.12390600942,99283.25243228687
2012-03-12,127143.18147495092,150083.5182105139,116629.96791930553,99290.45994972755
2012-03-13,127953.29732151699,152852.38315344925,118470.1827267661,101080.22667642351
2012-03-14,126525.893202728,153159.88683298795,118267.76551303646,100972.01381040424
2012-03-15,127266.89916658083,153742.94227283006,118892.91560957422,101556.52345396247
2012-03-16,127645.35328551983,153616.83989979402,119088.69454281864,101697.17014846485
2012-03-19,127493.83161792136,154897.17975748115,119660.43884531867,102095.8860091075
2012-03-20,127062.86999040864,154936.56370103353,119299.11563563254,101798.6760190879
2012-03-21,127444.02449550285,154977.69320658996,119119.35804271259,101632.00217827193
2012-03-22,126752.52561116239,154525.13056911202,118475.61635911232,100899.83853158844
2012-03-23,127757.36930381045,154704.1592682887,118842.42510921827,101226.0788001886
2012-03-26,128892.33160341928,157823.3069587991,120572.9075837039,102646.76057127584
2012-03-27,128706.60504452136,157853.47305740707,120314.173665822,102327.82792452528
2012-03-28,128108.21947538498,156959.68709844878,119699.42201025187,101820.39867581887
2012-03-29,128069.01386898328,156423.506904635,119340.1362436606,101646.41721315333
2012-03-30,127811.47704121689,156152.4688551227,119680.18165746397,102066.85573052694
2012-04-02,128890.93140319065,157925.66505342833,120726.93775965122,102813.5345165007
2012-04-03,127710.66262475535,157500.88200052045,120067.42614635646,102392.99589471817
2012-04-04,127182.98716716492,155025.50100728832,118531.67269366894,101378.23750171429
2012-04-05,127262.39852298879,156403.1697606667,118674.4886334167,101327.48456640275
2012-04-09,127106.1761831942,155180.0479413281,117724.80746695782,100189.49764604481
2012-04-10,126062.12688414444,152366.65578194452,115906.0197888054,98507.84368095924
2012-04-11,126320.46382632718,153676.5722117405,116765.71478433035,99305.17529783564
2012-04-12,127121.67840001121,156316.26682835745,118259.66298311956,100602.62854156885
2012-04-13,126870.44247327368,153896.27797667164,116686.7055872446,99406.6811684587
2012-04-16,126829.23658083107,151703.03545453827,116363.90256184683,99341.41309385689
2012-04-17,128069.21389758738,155675.61703699976,118159.33883125689,100812.84780025565
2012-04-18,127966.99928089719,155159.38706903727,117742.09227326485,100472.19249677412
2012-04-19,127373.514412561,153446.9109159994,116882.30925134887,99827.11968583232
2012-04-20,127545.73904068282,152842.01400945877,117063.22425641594,99993.7935266483
2012-04-23,127066.47050528225,151254.91849411148,115930.16143540415,99153.01659630994
2012-04-24,127140.38107449366,150796.76836031303,116099.50172269101,99529.90969581273
2012-04-25,128094.01744449457,154188.70983205107,118027.48840576585,100892.63101414776
2012-04-26,128834.12327962897,155465.30296313483,118787.0166674895,101595.66427784179
2012-04-27,129002.34733566902,156640.5427400747,119181.1581854585,101762.43822306665
2012-04-30,128534.18038779547,155523.63835081898,118636.93795586577,101385.54512356386
2012-05-01,128733.80893467765,155891.38651254767,119112.61145901318,102016.1027952154
2012-05-02,129077.65810510905,156042.26698126923,118883.83723227684,101711.785392164
2012-05-03,128306.54783634059,154109.3949395402,117854.50255575916,100936.07632760968
2012-05-04,127277.00061108738,150814.1132818808,115811.39553854552,99305.17529783564
2012-05-07,127413.32010477499,150800.10779632744,115984.94122421047,99377.65088987815
2012-05-08,127383.61585706756,149750.71398448976,115295.17407626637,98979.03513364439
2012-05-09,126854.24015634236,149256.80400458912,114619.91127678224,98391.8226710459
2012-05-10,127021.36405505988,149023.71924447644,114742.80099498855,98594.83441229202
2012-05-11,126999.06086570381,148830.07134061007,114433.52875551216,98297.62442227242
2012-05-14,126694.01724446595,147212.73851016213,113126.45640346657,97210.39043722601
2012-05-15,126625.80749047114,146672.6615244897,112459.43180616367,96652.2082532081
2012-05-16,126506.1903852251,145840.77917942152,111846.79535463885,96282.52267114601
2012-05-17,125940.40947855543,143321.60735755722,110241.35620415007,94854.53327820916
2012-05-18,125185.9015839265,141960.81808591174,109299.77928134742,94042.68652204248
2012-05-21,126611.90550248687,145278.17491696286,111479.43764948258,95659.17251693516
2012-05-22,126110.53380633432,144992.5235436202,111380.7062521114,95825.84635775111
2012-05-23,126591.50258486964,145297.15096122632,111328.80605523496,95876.59929306265
2012-05-24,126515.59172961734,144997.63696539073,111114.58843330173,96065.0958950185
2012-05-25,126490.48813980399,144992.4189515391,110885.64282157905,95753.37076570862
2012-05-29,127285.70185536532,145953.2773940596,112089.64209175896,96913.08034279753
2012-05-30,127171.68555103379,145138.3441703505,110671.04330694664,95506.91371100057
2012-05-31,127390.71687251277,144799.70413227184,110478.14334794576,95296.79455672267
2012-06-01,126267.95631775344,144688.58849115996,108036.2675626737,92897.49208424386
2012-06-04,125675.67162104182,145104.08807536456,108267.65549216313,92853.94666637303
2012-06-05,125743.98138933869,145330.87279052174,108865.13433069347,93557.08003447596
2012-06-06,126297.16049395064,146757.313212656,110975.68147955253,95659.17251693516
2012-06-07,126154.140042026,145906.14953551203,110746.18570808241,95717.13296968737
2012-06-08,126907.04770782225,146126.48690703223,111512.17810076302,96478.22679054253
2012-06-11,126005.21874628072,146046.7490635937,110077.37494426213,95253.24913885181
2012-06-12,126429.57942985848,146540.58808532797,111376.0056194992,96347.79074574781
2012-06-13,126384.67300824019,146615.15172872815,110700.86279356788,95731.64810897766
2012-06-14,127116.37764200282,146845.5080520477,111541.87743450477,96746.40650198156
2012-06-15,128238.33808234577,147054.8712626711,112737.65540830414,97735.93858394305
2012-06-18,128411.06278197783,147220.43653371176,113124.88630403497,97925.33612557898
2012-06-19,128386.55927797675,147175.58246794087,114236.72752960079,98872.5240425764
2012-06-20,128487.07365153218,146860.39898871622,114193.72886199509,98712.15677952103
2012-06-21,127128.87942975845,145390.4141779738,111535.86777744794,96497.24662823325
2012-06-22,127174.08589428289,145718.22415577061,112444.44288202564,97240.42175989556
2012-06-25,126240.35237038898,145735.93048233425,110644.9171078451,95681.19548689283
2012-06-26,126369.97090583955,145778.32662852012,111186.57734976902,96162.09706724113
2012-06-27,127147.08203273069,146207.558150851,112032.30397696975,97029.10135271087
2012-06-28,127188.28792517331,144988.9365217573,111480.61945233341,96752.31266210656
2012-06-29,128111.61996165452,146607.32454988128,114604.89798931108,99163.92797687989
2012-07-02,128929.7369523842,146618.4967899678,114984.76291959913,99462.73963744185
2012-07-03,128916.43505021218,147342.61868341535,115901.21541533289,100118.42351572688
2012-07-05,129389.00262737571,147128.98719677937,115360.62831058404,99666.75242277695
2012-07-06,129095.66067947718,144896.79072790456,114177.62158017268,98719.56450577953
2012-07-09,129502.61887449908,144664.0648627717,114044.36138164502,98595.6352475632
2012-07-10,128902.733090832,143655.88392627274,113049.32887064375,97735.93858394305
2012-07-11,128786.01640034524,143139.41887300575,112956.12942316668,97750.45372323332
2012-07-12,128881.9301160066,141988.16353626992,112224.00474470264,97276.85976473462
2012-07-13,130009.19131435796,144042.62678183347,113927.35817786217,98908.96204741545
2012-07-16,130201.91887439905,143726.576700281,113722.75645152778,98675.71877468198
2012-07-17,130350.24008433206,144362.74319322236,114302.21161071837,99353.4256229247
2012-07-18,131182.05903444195,145379.25205455357,115287.60085261076,100089.29313273744
2012-07-19,131205.86243832868,146116.05260280365,115979.33136589582,100351.56668405145
2012-07-20,131223.46495548866,144129.95207024767,114658.33762997428,99433.60925445239
2012-07-23,130487.75974964419,143040.72952618182,113313.39145499654,98428.06046706715
2012-07-24,129926.77952947271,142368.12569556478,112425.78719362579,97582.87894273727
2012-07-25,130141.21019305762,142216.24049739106,112360.91589840643,97604.70170387714
2012-07-26,130786.80251275934,144125.79787617578,114192.79594900762,99214.9812254181
2012-07-27,131612.0205189342,147234.98745076286,116373.82559809355,101043.78867158445
2012-07-30,132130.09460352833,147128.60683814247,116339.56475338645,101043.78867158445
2012-07-31,131577.71561333272,146943.67198422612,115799.15192888539,100337.05154476118
2012-08-01,131034.73796752936,146532.86136615288,115610.49842759629,100249.5602913839
2012-08-02,130573.67203510104,146048.6771315008,114848.13340804694,99557.4384082598
2012-08-03,131630.1231076044,147868.5172000991,117191.3620508466,101531.99787378235
2012-08-06,131907.66279577982,148454.99435216357,117706.19103355064,101728.70303726787
2012-08-07,131816.84980952277,149646.9019028775,118402.74956409795,102238.73500060564
2012-08-08,131798.04712073828,149568.1732746659,118440.60903536892,102362.56415441305
2012-08-09,132014.47807036407,150058.9780608924,118618.23322380116,102449.95530338143
2012-08-10,132308.9201755851,150260.62017678568,118763.47275562247,102617.53008387746
2012-08-13,132006.87698340864,150474.19633102938,118692.65424595923,102566.57693974815
2012-08-14,131337.081202612,150407.0325262987,118714.46103064694,102581.09207903846
2012-08-15,130980.73024442497,150780.93080126672,118835.0886383284,102697.71371540515
2012-08-16,131166.05674611471,152767.75816241154,119916.01323721433,103455.50409076667
2012-08-17,131667.82849947544,153496.11174399848,120187.95428715704,103593.94848827325
2012-08-20,131861.65621683904,153718.38248695445,120241.82189043224,103601.15600571396
2012-08-21,131856.45547313266,153191.24804885816,120083.3809677494,103287.9293102706
2012-08-22,132605.66260975323,153878.8296612766,120322.65780684783,103331.67493695924
2012-08-23,131918.76438330684,152684.27326502846,119508.8094768562,102486.49341262937
2012-08-24,132237.10990671668,153709.1796369815,120051.85359303889,103105.73928607536
2012-08-27,132495.74689180555,153852.8042791966,120122.47248701744,103127.56204721522
2012-08-28,132598.76162291208,153823.97977589953,120073.45868332344,103025.55565454767
2012-08-29,132626.36557027657,153819.1013184699,120023.86192344678,103105.73928607536
2012-08-30,132218.40723223423,152194.48583055972,119003.12799361252,102362.56415441305
2012-08-31,133366.471405411,153693.96510705265,119805.06379310584,102850.77335661095
2012-09-04,133363.07091914144,153523.55776360544,119646.14195911892,102755.97448138407
2012-09-05,132918.50734655056,153231.45976830932,119508.56491893747,102668.58333241571
2012-09-06,133820.93639390433,158063.84294988628,121873.06006525274,104752.3567080465
2012-09-07,133941.35361356675,158212.42339146562,122433.02492427701,105160.48238312559
2012-09-10,133539.59616225123,156095.6636992984,121460.1287465171,104562.95916641057
2012-09-11,133536.6957474919,156012.05432004793,121770.51948770073,104854.46320512293
2012-09-12,133256.65570176535,156629.99068055884,122167.49067113647,105204.12790540532
2012-09-13,134475.12994358194,159207.13409332017,123960.32800452395,106807.0998050967
2012-09-14,133537.99593341848,159854.7704232577,124764.10331709775,107280.69376359544
2012-09-17,133346.26851639786,159673.91657710023,124360.63850419916,106916.41381961385
2012-09-18,133340.46768687924,159900.0988963762,124302.66690959777,106828.92256623658
2012-09-19,133589.70332757587,160255.05056007946,124433.50433632503,106887.28343662439
2012-09-20,133710.32057584234,160044.9095673235,124246.2978711125,106894.59105847399
2012-09-21,133878.24458897623,160173.58469714876,124280.21234648023,106849.84438769636
2012-09-24,134011.76368220657,159001.95406379685,123842.85468758678,106688.6762893698
2012-09-25,133485.78846775088,155868.71671284596,122833.66490310375,105553.29208364323
2012-09-26,133452.28367656577,154557.38077747164,122057.56135756598,104959.97325210193
2012-09-27,134105.77712612905,156701.6892191203,123288.58948358867,105948.90470761003
2012-09-28,133782.4308876169,154894.01622743814,122301.45325588706,105458.09279078078
2012-10-01,134173.78685151978,154616.97624817895,122658.1657675413,105736.48315192744
2012-10-02,134039.267615269,154672.73261051177,122874.32519158763,105846.397792898
2012-10-03,134155.08417703732,155166.0077318686,122983.31866876995,106278.54852611273
2012-10-04,134400.2192313501,155754.31301293994,123913.49203821771,107040.34307783017
2012-10-05,133701.51931726237,155452.2947919556,123775.21206218687,107047.65069967977
2012-10-08,133774.22971484924,154866.01734421344,123277.6005807206,106681.3686675202
2012-10-09,132852.99797871098,153613.71332918736,122107.5450748194,105626.56851095693
2012-10-10,132713.07797014972,152985.379064811,121651.58140366629,104952.66563025233
2012-10-11,133203.84815028548,152611.91747549147,121897.47635956685,105011.22670945797
2012-10-12,132936.1098637105,152394.0265470746,121566.65911060391,104666.9676472561
2012-10-15,133484.68831042838,153014.41009456987,122221.59991225493,105538.67683994406
2012-10-16,133715.32129094462,154759.02560646477,123438.27135053114,106608.09224020653
2012-10-17,133705.3198607401,154748.20029570375,123917.05099442131,107091.59653518618
2012-10-18,133017.22146266917,154134.58843389255,123502.57492390554,106813.20617403953
2012-10-19,132016.6783850091,152294.04592893255,121819.4516932367,105033.24967941563
2012-10-22,131578.21568484296,152796.190319099,122100.7529714709,105047.8649231148
2012-10-23,131062.24190059179,151303.18541205054,120400.9815636508,103590.24462514404
2012-10-24,130227.72256432672,150722.0331122819,120181.93830308499,103297.23902029818
2012-10-25,130297.03247564404,150768.13184727466,120574.9192425934,103597.55224699361
2012-10-26,130888.71708654339,151110.57297338863,120539.885387991,103538.991167788
2012-10-31,131244.06790170996,150809.92120006093,120534.54802366019,103538.991167788
2012-11-01,131847.95425745883,151774.89084369404,121570.46758955177,104623.02181174966
2012-11-02,130781.70178335505,151222.10994856368,120452.80741888886,103692.75153985606
2012-11-05,131357.28409162513,151420.58985501627,120591.07791783387,103905.17309553864
2012-11-06,131751.04039877703,151853.95020893327,121531.89637363689,104718.321209021
2012-11-07,130124.20776170994,151271.3060317808,119590.26189672679,102345.0458828558
2012-11-08,129877.1724356583,150073.32354485546,118615.18501760604,101114.36227985789
2012-11-09,130042.89613414722,150208.4896221984,118711.29912537115,101202.25395087074
2012-11-12,130240.32436638439,150210.89928359856,118673.59712687955,101282.83800003404
2012-11-13,130145.51080804557,149773.99479961128,118243.19462791595,100931.27131598257
2012-11-14,128948.5396411687,148742.37936867992,117157.94130865172,99568.85031087423
2012-11-15,128633.59460402837,148609.95029997372,117050.30222868218,99400.2744862892
2012-11-16,129123.36464114366,148748.79922266584,117313.92602224638,99891.08640311845
2012-11-19,130521.06451222525,149429.39377803294,118033.09430109305,101912.79504523217
2012-11-20,130156.91243847868,149448.45072490268,118031.90799978489,101956.74088073861
2012-11-21,130474.85790468036,149561.36780685818,118164.91246640819,102147.23957087242
2012-11-23,131718.93580782053,150245.96676369064,119156.26038613624,103538.991167788
2012-11-26,131692.83207498674,150218.54169960538,118826.46768864767,103319.16188584693
2012-11-27,131416.9926299461,150029.06956387436,118321.43537510147,102791.81185976973
2012-11-28,132031.3804874097,150207.0965380651,118925.94792675479,103619.57521695127
2012-11-29,132455.54114238336,150414.00203649825,119575.14061717522,104102.97940752204
2012-11-30,132365.72829914678,150286.90801644494,119564.21951029946,104125.0023774797
2012-12-03,131994.77525286117,149884.40175887904,119396.14263415788,103612.16749069278
2012-12-04,132173.50081061592,149768.03550288713,119303.86685582648,103465.7147404743
2012-12-05,132311.3205188342,149114.50780704015,119289.91732184013,103648.80570434962
2012-12-06,132642.3678586038,150105.7284314302,119619.88207617427,104000.47249280999
2012-12-07,132396.3326755726,149816.02648653917,119728.15312958209,104315.40096320462
2012-12-10,132773.1865656789,150026.15043575884,119855.8184346775,104359.34679871106
2012-12-11,133027.92299298802,151675.338636134,120516.53516711091,105069.88789307247
2012-12-12,132549.55458630584,151564.04266797798,120632.65086560936,105121.14135042849
2012-12-13,131967.37133410078,150717.731908574,120015.07042103694,104476.56906153118
2012-12-14,132096.78984094725,150112.64078036058,119865.95742725916,104088.26405941397
2012-12-17,132431.33768128842,151311.29737391922,120718.23866334335,105311.6400405623
2012-12-18,132992.3179014599,152364.95308386182,121675.13973497946,106483.56235553682
2012-12-19,132752.48360515555,151993.86070121918,121399.50328424961,105692.43721201211
2012-12-20,133305.76272406956,151855.1909372327,121827.66178677607,106300.4713916615
2012-12-21,132908.2058734399,151068.77759597846,121085.95764443051,105335.56499428904
2012-12-24,132488.44584775626,150924.22377601988,120825.97908015377,105011.02650064016
2012-12-26,132486.74560462148,150239.0012083758,120565.58585616904,104568.36480449108
2012-12-27,132653.46944613082,150064.44260577692,120693.85613059005,104428.2186320332
2012-12-28,132035.28104518948,148704.87073719862,119634.75306209325,103299.54142170283
2012-12-31,132933.8095347635,151613.86744524742,121303.5388357653,105055.27264937329
2013-01-02,134517.43599334706,154498.62476066683,123530.54948616329,107747.78093551574
2013-01-03,133601.10495800897,153612.95531269192,122835.16526847745,107504.42711748353
2013-01-04,134360.8135963443,153321.16887063126,123157.47218792063,107976.51950984876
2013-01-07,134021.56508380699,153053.41783873644,122839.92773639954,107681.51181682495
2013-01-08,134079.17332178503,152659.2363322742,122546.30693882723,107371.58856687526
2013-01-09,134324.6084190039,152707.54735861544,122908.82702901002,107644.57328994141
2013-01-10,134872.2867370034,154424.21549627467,123921.44328887285,108500.26577720561
2013-01-11,135159.3277838731,154511.8698084767,123950.47081380934,108492.95815535603
2013-01-14,134925.09428848326,154330.2029244637,123958.09015239967,108419.08110158895
2013-01-15,135040.5107930434,154268.79026787818,123922.80397519023,108492.95815535603
2013-01-16,135015.40720323008,154706.7179293337,123789.59038101658,108478.14270283905
2013-01-17,135295.14720605046,156080.78590841027,124513.98207926971,109178.97366953733
2013-01-18,135797.1189880153,155421.90334644882,124561.64943754699,109422.42759197843
2013-01-22,136415.9074747689,155507.68364898782,124910.03545791037,110012.54308243498
2013-01-23,136356.99905086428,155832.88193750996,124990.40311486027,110189.62778177639
2013-01-24,136522.32269214498,155221.07439445725,124931.9846501155,110219.15858240146
2013-01-25,136385.40311264514,155835.02989976757,125612.7216422086,110838.80487348304
2013-01-28,136254.18434836183,155864.29910457073,125388.5790407201,110705.96632287475
2013-01-29,136452.21266641133,155819.17339719084,125892.91643041547,111141.22029276534
2013-01-30,135940.239454242,155893.9732380138,125787.60251020239,110705.96632287475
2013-01-31,136137.0676006669,155315.52019612846,125447.91084185107,110433.08170421749
2013-02-01,136708.6493368552,156487.9448012061,126405.91418897478,111569.06653639744
2013-02-04,136048.45492905486,155309.47783025863,124998.44168790977,110315.05860612619
2013-02-05,136593.93293240934,157180.98545978885,125830.7460921716,111428.92036393959
2013-02-06,137235.4246657272,157141.01798482184,125864.40239647527,111510.00493514736
2013-02-07,136948.68366176364,156772.9515342977,125440.74529958931,111362.55114083989
2013-02-08,137680.4883098283,157742.19045855044,126090.25156329408,111982.19743192148
2013-02-11,137651.18411932906,157540.24079817947,125933.97687413897,111960.07435755493
2013-02-12,137853.21300946033,157708.77721490012,126186.46556034574,112144.46667874593
2013-02-13,137619.37957127873,157763.48239799516,126293.31329762841,112240.36670247067
2013-02-14,138203.06303801443,157997.38972987855,126089.37840507932,112343.574348045
2013-02-15,137966.52921367757,157430.2847167845,125722.72825755259,112210.93600625452
2013-02-19,138584.31755741072,158428.72361424248,126611.26384383792,113051.91314541065
2013-02-20,137143.81156505382,156299.5192965796,125144.78565213522,111642.84348575564
2013-02-21,136430.00949135728,154608.20149568,124162.48822551404,110964.23569783283
2013-02-22,137557.97078982295,156201.560694838,125362.9519312138,112048.66675943008
2013-02-25,136402.00548678462,154291.9275917963,123431.76948241687,109916.64305871022
2013-02-26,136709.64947987563,155384.2996162159,124211.4687314193,110669.12790040011
2013-02-27,137827.40931953272,156992.41885604142,125328.60446134431,112063.38210753817
2013-02-28,137839.91110728835,156800.04558896032,125072.25768945836,111842.05125946361
2013-03-01,138551.3128377358,156862.0049742652,125204.93116956003,112210.93600625452
2013-03-04,138655.22769756077,157204.8841016143,125650.47313248228,112808.45922296954
2013-03-05,139599.26269456532,158486.42510035232,126694.58665395458,113819.11333520862
2013-03-06,139561.45728839227,158614.2097686642,126851.04251221333,113973.97485577456
2013-03-07,139251.81300926034,158729.46704283616,127025.65740616314,114180.59035574102
2013-03-08,139486.9466333686,158978.5532688793,127336.11632009418,114667.39809621434
2013-03-11,139758.9855349315,159285.56003972396,127638.66549331417,115102.65206610494
2013-03-12,139862.60035185033,159218.37429541704,127308.22133342379,114844.48279555574
2013-03-13,140031.22446509852,159491.57806218343,127289.00607280762,115006.7520423802
2013-03-14,140584.10352680433,159878.50870484003,128018.68534730174,115619.09071161221
2013-03-15,140756.6281978323,159123.50183563682,128028.09684412903,115466.43148804203
2013-03-18,140562.80048046872,158607.66149890478,127316.60264298524,114829.16682099429
2013-03-19,140630.9102201615,158238.66912514842,127046.24619684416,114562.38857127982
2013-03-20,140916.75109540665,159279.4603966425,127735.57723820698,115362.72332042319
2013-03-21,140311.46453942914,158275.96238699937,126768.00756088483,114377.09531040877
2013-03-22,140891.54749129125,159537.3085290115,127597.0293294743,115295.95367968793
2013-03-25,140419.68001424204,159247.08152321534,126822.0381036923,114814.3513684773
2013-03-26,141348.8128802419,160001.03757311328,127600.3345491272,115733.10963334757
2013-03-27,141745.86965936128,160140.65936383812,127454.48382546735,115733.10963334757
2013-03-28,141515.63673605325,160435.2423889394,127740.1330854727,116088.78059816388
2013-04-01,140854.2421566284,159371.70597438118,126813.29171311735,115629.40146572875
2013-04-02,141219.3943733954,159463.71005369088,127594.44576467143,116199.99659645009
2013-04-03,140274.65927627654,158212.7225444306,126630.19856548797,115021.86780812386
2013-04-04,141687.26127836283,158542.1978626046,127303.94496902992,115488.65466681749
2013-04-05,142260.24321477974,157916.58506270533,126876.7131618982,114969.91361990554
2013-04-08,142775.6169132186,158808.0986470852,127463.59638446337,115748.02519027345
2013-04-09,142811.82209055897,159252.12989027397,127871.52384125908,116148.04240823178
2013-04-10,143726.05282555407,160482.1997570275,129304.17192095141,117570.8263719059
2013-04-11,144075.00272538973,160773.6236679525,129777.4229570686,117956.12824175615
2013-04-12,144712.893943834,159956.79938644796,129417.85198235846,117667.12681326624
2013-04-15,142272.94503113945,156327.32511259633,126723.34662240875,114940.28271487162
2013-04-16,143363.2009377341,157861.5957672352,128245.76632033994,116637.15255010976
2013-04-17,142023.30933323465,156361.32716149217,126390.45617744025,114932.87498861311
2013-04-18,141515.73675035528,155066.72277520402,125805.86881656988,114214.22543713094
2013-04-19,142580.68903853252,156852.11281387878,126858.89309399425,115207.06096458607
2013-04-22,143035.95414144223,158290.23325732094,127470.10405011232,115718.39428523951
2013-04-23,144167.11589757336,159304.21499442647,128677.6305370144,116911.3385260827
2013-04-24,144612.87964178878,159747.87950721692,129122.67961847933,116985.41578866757
2013-04-25,144586.1758231427,160754.05564745964,129643.40442386568,117459.6103736197
2013-04-26,144899.82067435642,160256.84769971282,129559.32276651761,117252.19403838203
2013-04-29,145582.71832872104,161175.79795027815,130621.20593940972,118037.61323059951
2013-04-30,145983.57565131815,161802.47558374083,130935.69227407324,118319.20693283093
2013-05-01,145099.94929274885,160655.04973911034,130039.62329292507,117281.82494341597
2013-05-02,146189.005027719,162851.5606236195,130880.80074703928,118371.06101664036
2013-05-03,146115.49451571578,164853.7695674355,132035.06700758912,119571.41298374205
2013-05-06,146420.5381369536,165585.67457341292,132176.80084412658,119875.22986474895
2013-05-07,146729.78235887733,165668.65613154735,132426.0713544454,120482.8636267627
2013-05-08,147397.07778212285,166912.99553490843,133259.06455792426,121031.13547429969
2013-05-09,146958.81511056083,166743.7043530832,132645.41865815368,120690.27996200036
2013-05-10,146810.4939006278,167698.06570631382,132889.89918309098,121082.9895581091
2013-05-13,146334.0257656845,167240.0398857137,132869.6974118318,121179.28999946943
2013-05-14,147070.23104303918,168045.06591025737,133577.26430489222,122431.59615478944
2013-05-15,148140.18404631864,168434.1911556135,134046.17171170967,123090.98389620372
2013-05-16,148187.09075397783,167632.29153265615,133501.9244245766,122513.0811436328
2013-05-17,148881.49005307758,169028.51131785108,134424.14477181406,123698.71776262642
2013-05-20,148801.77865434755,169245.09481821247,134723.66300427052,123691.31003636793
2013-05-21,149304.05047921857,169079.0099388692,134838.30829845768,123869.09546657163
2013-05-22,147590.00537076805,167158.32392625604,133797.89650790114,122950.23709729247
2013-05-23,147123.73869463333,167111.64372580155,132953.1220095976,122594.66623688507
2013-05-24,146801.29258483966,166815.42265467095,132427.45845676644,122490.85796485735
2013-05-28,146591.46257914882,168429.83341583068,132962.0964471262,123224.4230732654
2013-05-29,146006.97899799672,167635.3713418009,132052.07963293904,122424.18842853095
2013-05-30,146095.99172681692,169189.55335067533,132436.64617243587,122876.15983470759
2013-05-31,144455.25710176554,167015.02982454165,130639.83354642357,121112.62046314306
2013-06-03,144999.83497640165,167943.89322998046,131090.87881940164,121779.51603522475
2013-06-04,144097.5059433499,167088.35808311458,130831.0778279906,121194.10545198641
2013-06-05,143068.55880390896,163874.26823302402,129031.18184615286,119497.33572115716
2013-06-06,143527.32440739026,164956.53183977085,129702.66829378491,120579.16406812306
2013-06-07,144216.72299138777,167797.2659105478,131056.55281922304,122112.96382126557
2013-06-10,144210.72213326508,167977.25038585273,131094.82622202666,122112.96382126557
2013-06-11,143377.30295432248,165864.82009104066,129820.32901946377,120853.35004409599
2013-06-12,142048.11288014188,163947.62469087087,129184.5943580866,119853.00668597345
2013-06-13,144168.11604059383,166389.08130243895,130710.26526790972,121675.90797201481
2013-06-14,143112.56509680883,165916.37331677848,129861.88076919633,120912.61185416389
2013-06-17,143836.06855780375,167068.02437382392,130951.8303297468,121846.18557155112
2013-06-18,144871.71665548172,168462.83501440872,131763.41598943708,122809.49029838119
2013-06-19,143138.9688725488,166126.96299785443,130111.66857913243,121112.62046314306
2013-06-20,140318.06548336413,160595.14641082846,126945.75186939765,118111.69049318439
2013-06-21,139703.4775972964,159978.8493123362,127137.58521965153,118490.88599409183
2013-06-24,138618.8224916163,158113.0463458749,125736.61792461139,116993.62435019725
2013-06-25,139183.30321235937,159417.0959220898,126777.13050972208,118118.39748858058
2013-06-26,140070.33005719818,160020.46010067617,127379.51168369068,119287.81719333264
2013-06-27,141205.99245692135,160449.67455511642,128034.64535490873,119988.0475335775
2013-06-28,141423.62357817168,161075.0031567514,127954.34749154939,119496.43478147707
2013-07-01,142147.52709637478,161819.89668705675,128709.35199463555,120196.66512172193
2013-07-02,142196.63411867898,161718.09011846766,128556.78746570778,120084.94860139125
2013-07-03,142103.82084638102,162215.02860431475,128682.69767039869,120137.10299842735
2013-07-05,142659.9003657523,163146.74557257426,129686.75199462219,121433.2548848449
2013-07-08,143156.57138970876,163129.42741186338,130145.76778698392,122125.8772900135
2013-07-09,143915.3798993256,163718.3831432056,130863.37098453722,123004.99420895994
2013-07-10,143466.915768955,164087.06615198584,131052.66913274815,123049.64077532868
2013-07-11,144735.2971474921,166054.9488895386,132986.24820407797,124725.68889351594
2013-07-12,145057.0431571715,166566.9313033903,132938.0903124938,124777.74318614314
2013-07-15,145752.14255638557,166762.75787008996,133425.11996727175,125254.54048572661
2013-07-16,145299.97789683926,166700.0451334607,133135.15249412096,124785.25101681052
2013-07-17,145773.34558841915,166769.06430104622,133415.4765308104,125105.48502087677
2013-07-18,145921.86682695628,166329.93100546143,133976.73410659895,125790.79980419576
2013-07-19,146633.76862891394,165179.07532149748,133864.16981694213,126014.3329492661
2013-07-22,146686.3761517897,165765.60446235238,134257.5507888043,126260.08927311185
2013-07-23,146341.22679543175,165294.5773454497,134115.98431550222,125991.90956167282
2013-07-24,145487.50471317398,164934.04221119607,133849.5487980516,125530.22802783303
2013-07-25,145622.62403523704,165715.36225003502,134134.2912588385,125835.5464749734
2013-07-26,145626.924650225,165799.24826622868,134005.50516030047,125969.68638289736
2013-07-29,144631.9823734794,165252.09572061687,133397.0935070222,125582.18221605133
2013-07-30,144814.80851761802,165894.63390155538,133508.8860659392,125582.18221605133
2013-07-31,145087.6475335973,166315.85255373365,133658.35739950798,125671.77566201548
2013-08-01,146161.70112326066,168060.9198922771,135093.74184017215,127124.19053072354
2013-08-02,146619.76662662762,169116.5805569624,135509.140219108,127340.21584512647
2013-08-05,146145.6988349334,169079.67800019658,135284.81019144182,127154.02164457527
2013-08-06,145409.39354327667,167794.30565769103,134590.9445827553,126431.46802114604
2013-08-07,145031.03943863974,167255.71063352452,134165.49252598415,126021.74067552456
2013-08-08,145260.4722475314,168542.51282107574,134769.34165323654,126483.62241818216
2013-08-09,144981.73238773146,167887.96534384685,134453.17012132917,126118.64174333829
2013-08-12,144650.38500505572,168592.36308260262,134436.3429865831,125969.68638289736
2013-08-13,144637.68318869598,169562.6351215378,135032.38665076598,126342.0747839997
2013-08-14,144108.20747366874,168834.87019722257,134542.52339897992,125693.99884079093
2013-08-15,141750.87037446356,166105.55978197686,132742.12317249924,123936.06531612472
2013-08-16,141488.63287450105,165892.28862223102,132574.00501665918,123526.33797050323
2013-08-19,140357.27108976583,165354.51926877245,131931.91512519767,122736.81449752091
2013-08-20,141188.99002557367,166598.3769821566,132386.9006313331,123340.14376995206
2013-08-21,140034.72496567012,165594.52971633308,131608.0350169521,122580.35130641259
2013-08-22,141624.55231098048,167886.46610630976,132801.92557063693,123697.61661412852
2013-08-23,142309.85030859412,169205.38824027617,133481.70669015226,124114.8517904174
2013-08-26,142000.70610097243,169199.9520887852,133084.90112473432,123652.97004775981
2013-08-27,140617.30827508334,165729.21273378714,130871.82498221664,121664.19575617369
2013-08-28,140820.43732253712,166502.33954423715,131259.12616821003,122096.14628057064
2013-08-29,141520.63745115552,167563.51523759915,131597.47224120735,122289.84831178919
2013-08-30,140806.4353202508,166232.2540305824,130868.7839625364,121902.54435376098
2013-09-03,140946.95541462427,167704.12971140517,131823.32326133776,122453.719229156
2013-09-04,141716.16541165387,169702.59616486437,132949.1315265154,123466.77584720863
2013-09-05,141543.04065481364,169391.3905149929,133092.9592758193,123623.13893390806
2013-09-06,141509.43584932646,169908.84639572937,133267.77943233095,123682.80116161154
2013-09-09,142507.67859803952,171701.26527569868,134626.9789508548,124867.23652769838
2013-09-10,143067.65867519056,172258.52881402062,135532.52912577082,125790.79980419576
2013-09-11,143416.108503516,172200.62794162743,135689.81753109742,126185.6115928914
2013-09-12,142980.24617520306,171172.7351369413,135333.35268977282,125850.46203189927
2013-09-13,143502.72088908716,171408.48829805377,135618.2786236139,126133.45719585527
2013-09-16,143734.05396971767,170882.21660944613,136034.79007381923,126863.51864995189
2013-09-17,144673.28828022408,171978.8584428889,136619.717501186,127429.60908227281
2013-09-18,146163.30135209337,175203.63358214527,138492.49039687822,128904.54744298304
2013-09-19,145545.81305126636,175441.78311128577,138350.02487716742,128688.52212858011
2013-09-20,145244.069901996,173891.75021500484,137547.0494814667,127788.78370140056
2013-09-23,144908.42190433232,173317.9840391712,137097.20065605655,127197.36685362832
2013-09-24,145366.68743630341,173397.83987838597,136912.36729764164,126898.15477543075
2013-09-25,145027.13888085997,173036.55900844117,136580.68627244933,126531.27211681783
2013-09-26,145090.4479340546,174501.80203132427,137246.91597851852,127017.77954406445
2013-09-27,144627.18168698126,174516.45717321776,136801.03011327577,126433.87052695962
2013-09-30,143880.27487930775,173738.71726168296,136132.59059649255,125760.36806389064
2013-10-01,144714.59418696875,175033.23070106312,137156.64780863211,126755.80630597711
2013-10-02,144533.2682573608,175315.61269949697,137089.80082167292,126635.98132852565
2013-10-03,143520.82347775734,173489.387391277,135863.24776136546,125468.26339872486
2013-10-04,144314.93703599615,175365.32186832282,136748.31591575622,126418.95497003372
2013-10-07,143094.66253674275,173991.94260913905,135550.83014277104,125326.11513808902
2013-10-08,141735.4681719486,170599.85550989988,133818.43183645039,123866.49275194028
2013-10-09,141415.0223481958,169515.2588719519,133833.60509586812,123956.28640672221
2013-10-10,143921.08071454216,174412.2861207322,136475.87310716163,126628.57360226716
2013-10-11,144729.29628936938,175412.6632303602,137317.26841421644,127444.42453478977
2013-10-14,144748.69906396617,176774.43414704636,137938.49597541505,127953.45545403856
2013-10-15,143884.67550859775,175906.47418586683,137194.53176001116,127025.28737473184
2013-10-16,145919.86654091536,177988.0962135112,138750.7758439992,128799.23760482181
2013-10-17,147126.23905218448,179800.49111090793,139799.66710542954,129660.13552134877
2013-10-18,148160.6869782379,182115.09825817082,141088.2387901014,130535.94899480157
2013-10-21,148029.76825686073,182590.27127180286,141225.41922869685,130543.25661665118
2013-10-22,149276.1464889479,183224.5060020079,141965.60070383613,131299.4453214703
2013-10-23,148637.05509887915,180922.02753138336,141084.47179549924,130670.68952917893
2013-10-24,148987.7052418496,182122.0267980905,141696.61014492682,131104.74224616273
2013-10-25,149567.0880935974,183477.11392836308,142237.54098740048,131703.66692460235
2013-10-28,149755.0149671403,183752.99441194633,142342.03457179066,131913.18545242687
2013-10-29,150386.0051987434,184669.6424260172,142825.5115029918,132616.8193425743
2013-10-30,149413.86618286418,184157.25364661604,142350.09250649723,131958.1323320223
2013-10-31,149152.8288545262,183917.1152134663,141907.7512261493,131583.84194715088
2013-11-01,148673.8603620318,183842.31644184559,141947.21510623366,131898.16979109214
2013-11-04,149520.08137163616,184180.291496642,142393.8861965649,132362.35393515436
2013-11-05,148340.4126790131,184317.0396967958,141991.44977888136,131943.1166706875
2013-11-06,148871.48862287306,184403.4208635688,142553.48473758102,132616.8193425743
2013-11-07,147620.80977579797,180462.7602245979,140465.31804108544,130940.07049352476
2013-11-08,148251.49996449493,182320.04953672717,142098.75253460783,132706.61299735622
2013-11-11,148114.08031348482,182192.665212408,142089.70805558423,132729.0363849495
2013-11-12,148166.78785066266,182041.0375553781,141924.4658909344,132459.65542060367
2013-11-13,149372.7603047236,183501.22625394538,143098.96659462093,133522.46392987887
2013-11-14,150203.579111813,184285.1277533678,143711.71643112105,134188.65877109824
2013-11-15,150861.27316206216,184732.9501445754,144295.16612784006,134772.5677882031
2013-11-18,150791.26315063055,183492.6128766786,143618.65910135655,134300.97591788234
2013-11-19,150109.46565358847,183117.34301659098,143283.61458670022,134009.0714615344
2013-11-20,148863.9875502197,182319.95067424208,142751.77342438948,133589.83419706754
2013-11-21,150271.58883720372,183917.6385524127,143942.4909069076,134667.7584720864
2013-11-22,151382.64771862375,184391.33772968946,144607.95430375714,135341.36103956425
2013-11-25,151367.74558761905,184658.94391999574,144562.97467034645,135206.7206095958
2013-11-26,151762.40202348935,185129.6910208058,144804.18116149044,135244.15965852386
2013-11-27,152412.59500108517,186278.46520002332,145393.78595695246,135573.50316379985
2013-11-29,152411.9949152729,187450.26841692062,145658.25968712772,135483.609404609
2013-12-02,151756.8012225748,186311.23477595928,145140.9905032002,135131.84251173976
2013-12-03,151170.0173124757,185943.71449138524,144590.13588254966,134548.0335990438
2013-12-04,150436.71244988035,186359.6076878917,144473.14584262937,134533.01793770902
2013-12-05,149721.3101473511,185929.31149847704,143924.99056296624,133941.7011943457
2013-12-06,151516.36684045818,187453.1967189727,145375.01960417125,135438.7626294225
2013-12-09,151769.90309614275,188282.48900550327,145695.8767762318,135783.02169162437
2013-12-10,151283.63355959905,188536.65776966608,145335.86684157426,135296.5142643777
2013-12-11,149243.3417978771,185907.93519242544,143687.12220954846,133777.02944170768
2013-12-12,148988.20531335982,184915.95458612763,143180.37679625463,133335.3687896476
2013-12-13,149182.2330593275,184907.25502054227,143097.82367175427,133320.3531283128
2013-12-16,149946.94241276503,186453.9866705399,143961.82976083332,134151.2197221702
2013-12-17,149803.52190363224,185773.9264692616,143544.12275853855,133724.5747314449
2013-12-18,152066.5455160088,188711.59321963802,145713.1752025634,136007.65598519254
2013-12-19,151775.80393996343,187692.6054791505,145466.18151493435,135850.39195881304
2013-12-20,153261.31636824066,189723.22289495188,146446.33024948888,136640.71626706654
2013-12-23,154085.83427430122,191663.56182001284,147591.94358299364,137370.67761675426
2013-12-24,154021.22503518002,191964.85383197278,147824.99956098033,137671.69157431202
2013-12-26,154573.20396816745,192886.0754947576,148513.45551094288,138371.62160133017
2013-12-27,154677.51888520058,192358.53681332612,148577.8786844534,138364.0136662539
2013-12-30,155192.39251212924,191951.0223290828,148624.45501695637,138341.49017425175
2013-12-31,155159.88786396454,193342.86292403555,149311.68640017606,138996.27311285672
2014-01-02,153707.48016966425,192041.87919373906,147759.85790207452,137664.18374364462
2014-01-03,153406.3371062062,191139.4157257191,147424.65069481285,137641.56014723354
2014-01-06,152747.44288433247,189938.3454363698,147050.40513581617,137242.744182182
2014-01-07,153972.71809868814,192145.68183338508,147967.2730361942,138085.6233051072
2014-01-08,154176.7472748603,192470.7070614276,148007.06393724884,138115.65462777676
2014-01-09,154541.09937721098,191527.583375223,147906.3001052415,138206.04890901208
2014-01-10,155184.5913965697,192515.46919410012,148620.19350820922,138582.34138206148
2014-01-13,153313.52383390823,189408.5503180403,146687.1915878527,136738.51827456037
2014-01-14,154966.3601895071,193053.32903336757,148568.68629882816,138228.57240101424
2014-01-15,156137.12760924813,194494.06076736873,149508.8485821874,138973.64951644564
2014-01-16,156045.71453717884,194269.50939332842,149368.88811825798,138793.0611627928
2014-01-17,155986.40605606601,193202.5430116337,148780.2265480734,138206.04890901208
2014-01-21,156588.7921972842,194039.29877965336,149469.9063609783,138612.37270473104
2014-01-22,156951.34404219803,194607.6412948816,149679.91236782534,138702.76698596636
2014-01-23,156067.41764072262,194081.3314630816,148708.5405875291,137566.2816317419
2014-01-24,153085.29119664113,189901.78920133572,145498.95284103445,134631.32046724734
2014-01-27,152122.0534536439,187407.3214994765,144591.9291880405,133968.92959356608
2014-01-28,153188.00588484155,187513.3384171543,145229.95738844358,134766.76173248698
2014-01-29,152644.02809601775,184969.62808899776,143870.34101929804,133472.2115166118
2014-01-30,153512.15223777,188976.07029717838,145488.44541752795,134887.08723198294
2014-01-31,152461.50199478524,187905.8535619457,144488.81139632265,134096.86302813832
2014-02-03,149320.1527818478,183962.1905005433,141282.5357099135,131079.01541307583
2014-02-04,149349.25694374298,185428.9837979199,142299.66704697756,131997.1730514927
2014-02-05,148353.414538279,185156.2574615638,142098.10936738868,131831.6003591746
2014-02-06,149683.70476978208,187460.21386628784,143979.41583867697,133570.11362851455
2014-02-07,151257.9298839734,190762.3139087569,145978.86749998602,135225.74044728652
2014-02-10,151248.92859678937,191830.89988388444,146311.8919531423,135474.09948576364
2014-02-11,152446.69987808258,194316.6172488955,147955.19913292126,136956.74588595904
2014-02-12,152074.2466172663,194765.48245465267,148105.7874193584,137024.5165707833
2014-02-13,153416.03849350457,196384.9638544873,148938.88711644776,137731.85432406
2014-02-14,153772.88952320183,197261.42204166917,149580.30779898472,138491.94710082616
2014-02-18,154429.1833732224,198065.45167805723,150106.50644801298,138657.61989755314
2014-02-19,153558.25883101285,196567.60937591488,149132.2997975744,137739.36215472737
2014-02-20,154192.44952028143,197707.4333972804,149883.54784056844,138552.20995498306
2014-02-21,154593.70690008672,197384.22158474763,149781.6611073483,138394.14509333234
2014-02-24,155032.16960025285,198768.7323477697,150669.11347885238,139161.84580517476
2014-02-25,155379.81931416193,198607.12609378548,150566.83110981254,139109.09078168529
2014-02-26,156182.9341595848,198311.571766477,150424.85617760872,139116.69871676157
2014-02-27,157164.97459136657,199637.85188513956,151162.14737338785,139846.6600664493
2014-02-28,157634.14168226058,199396.75202044548,151334.19716963268,140200.42904749655
2014-03-03,156860.0309844308,198101.86532367292,149942.75706274106,139214.5007242554
2014-03-04,158363.54598707616,201427.2518089172,152063.3005872261,141171.24160499402
2014-03-05,158289.0353320525,201954.64763726277,152201.67831754536,141299.17503956627
2014-03-06,158182.02002886415,202286.60680938564,152601.1569005534,141622.81259353505
2014-03-07,158050.90127888287,201195.50659456284,152284.97715135946,141683.07544769195
2014-03-10,157883.67736586332,201296.9738590184,152111.02262203995,141607.7969322003
2014-03-11,157106.76626757628,200478.5450898636,151448.08841616302,140907.86690518208
2014-03-12,157415.8104608959,201907.5707701704,151661.4387458749,140945.50616292792
2014-03-13,156544.78590438433,198012.10735138803,149846.33153138802,139364.9576508298
2014-03-14,156235.24163955444,196181.63538990743,149350.92444288352,138973.64951644564
2014-03-17,157030.85541232396,197574.12504085913,150555.90835130413,140230.56047457497
2014-03-18,158377.04791785227,199592.1842473915,151718.19054596339,141231.5044591509
2014-03-19,157089.96386483268,198067.12577482447,150645.31310362444,140478.8194086432
2014-03-20,157520.2253922311,199059.15073544654,151094.8257428402,141299.17503956627
2014-03-21,157288.59226869443,197851.26215225158,150293.73882096898,140751.10340084706
2014-03-24,157091.36406506132,196785.81330635608,149535.85801051353,140169.0963675113
2014-03-25,157193.97873895967,197602.74330695605,150269.5630561253,140834.29016464172
2014-03-26,156595.89321272942,195209.8223465934,149111.58789431615,139821.33365099799
2014-03-27,156572.48986605083,194115.80741826654,148797.22010779724,139526.52616679194
2014-03-28,156896.73623328138,194653.31742409317,149388.2376357393,140214.4436647423
2014-03-31,157897.47933954556,195984.34135721228,150367.7745733774,141363.4420700791
2014-04-01,158653.88750591336,198752.54283833658,151728.17945070862,142300.71965059557
2014-04-02,158538.37098705117,198877.31676864284,152159.7846952625,142777.01642813452
2014-04-03,158459.55971703955,198470.73231411772,151639.24294150763,142588.0193041342
2014-04-04,156966.5462161089,196001.03984895902,149616.9256382546,140902.3611626927
2014-04-07,155901.5939279317,194952.12675739004,148425.8026597257,139345.13697786792
2014-04-08,156484.5772945531,196942.177938995,148973.3808012418,139919.6361805363
2014-04-09,157818.66806953395,199601.22438197504,150485.46665567468,141423.90513305375
2014-04-10,155497.6361619712,194451.41995777388,147947.5894390677,138453.20669458242
2014-04-11,154829.04055279907,192257.34333644243,146944.26996472693,137205.90575970736
2014-04-14,155514.938636225,193596.3631014305,147878.3430489624,138286.83316699316
2014-04-15,156516.1818139994,194051.22898431466,148071.63309470814,139239.3266176622
2014-04-16,158140.41407921334,195449.93646476604,149474.57721828725,140698.3483773576
2014-04-17,157813.36731152557,195994.95008198076,149679.17846817823,140894.7532276164
2014-04-21,158198.82243160772,196563.7249423372,150057.79646714457,141386.16577089904
2014-04-22,159192.16447952058,197331.42820685613,150615.9864622187,142028.6358672095
2014-04-23,158964.63194236776,196555.7348655624,150196.96534226375,141695.98891643985
2014-04-24,159325.98361565705,197609.35486626238,150610.53804456536,141983.28856997847
2014-04-25,158015.49621595888,195250.54023359943,149634.69368272685,140819.17439889806
2014-04-28,158036.49921938838,195421.95250619005,149968.0982396087,141265.23964494964
2014-04-29,158591.57859573924,196202.41581790248,150669.4947307306,141922.82550700378
2014-04-30,159204.76628157828,196457.6345190777,151023.25820840627,142346.06694782656
2014-05-01,159739.64276891598,196334.25801238575,151189.211572834,142361.18271357025
2014-05-02,160088.59266875163,196406.14063028997,151129.35349446227,142157.16992823515
2014-05-05,159649.72991137733,197015.8894379385,151381.8096127577,142429.25371162122
2014-05-06,158751.70149331357,195874.135701235,150485.83230625908,141189.5607118224
2014-05-07,159163.86043204178,195682.47669354256,150745.8543040244,142021.1280365421
2014-05-08,158741.60004880698,195724.38854173943,150686.6568439704,141869.8702746965
2014-05-09,158795.80780051547,196084.92420990835,150774.27096219407,142081.59109951678
2014-05-12,160012.9818564055,198930.07602577485,152016.16313863275,143464.833821676
2014-05-13,160520.85448219095,198717.13486117157,152131.32473202085,143593.36788270166
2014-05-14,160207.20963097725,198262.8441641385,151796.9215630856,142913.0583198276
2014-05-15,159711.038678531,197130.67548008004,150877.48357605745,141658.2495542851
2014-05-16,160032.7846882104,197822.55045275931,151313.03849905473,142149.56199315886
2014-05-19,160251.31593817915,198611.0366130522,151574.2624723648,142671.20606792884
2014-05-20,159500.5085727259,198039.4884730293,150894.53049406913,141771.66784956708
2014-05-21,160228.51267731286,199767.7132077006,151854.793004699,142966.0135521349
2014-05-22,160525.75518299118,200619.3684518758,152165.14580382733,143313.6761642393
2014-05-23,161309.2672252132,202184.85643213958,152693.91309438297,143888.17536690767
2014-05-27,162734.57104365923,204298.99997516605,153627.85551988892,144772.59781952575
2014-05-28,163230.4419531993,203647.4309806869,153338.18426088154,144666.78745932004
2014-05-29,163449.17323177218,204815.6775182127,154130.84425880446,145415.1680202451
2014-05-30,163470.87633531593,204883.68300978545,154219.80312031906,145649.51244147646
2014-06-02,163261.64641543743,204707.04880271002,154247.54400910233,145815.78586465685
2014-06-03,162243.50082061737,205218.38428418967,154132.49421562112,145740.20703593848
2014-06-04,162477.03421589287,205945.8168268476,154424.30347528055,146035.01452014453
2014-06-05,163851.73079750405,207793.58168215744,155540.92956724932,146987.40786640465
2014-06-06,164602.03809144706,209046.1005882017,156267.26513735115,147690.44113009868
2014-06-09,164896.78023957426,209175.91468608126,156139.77835051352,147841.5987875354
2014-06-10,164569.43342898035,209841.3512581244,156113.74696270868,147856.71455327905
2014-06-11,164089.06473625728,209826.7716714204,155680.80758814103,147342.67841358535
2014-06-12,164053.35963042715,208389.47359634735,155251.21046524454,146299.59047286317
2014-06-13,164559.43199877584,210082.95239826408,155563.31537849436,146745.55561450592
2014-06-16,164744.65848616353,210327.00775336407,155590.78490706734,146866.4817404553
2014-06-17,164753.35973044147,210745.22619875157,155737.58417301608,147274.7075199433
2014-06-18,166098.5520929493,212110.5924809294,156758.35786409976,148355.63492722908
2014-06-19,165576.27740766932,212713.1882558628,157426.74437120272,148522.00845481837
2014-06-20,166088.75069134886,212822.66801054915,157508.789162361,148823.4228300117
2014-06-23,165783.80708441307,212890.13622596316,157354.34558710697,148777.8753239629
2014-06-24,165589.87935274746,212427.05126176018,156729.4178895552,147881.64055109478
2014-06-25,166514.51157515528,213833.2950429639,157103.96926388083,148550.03768930997
2014-06-26,166849.15942979848,213585.09566488472,157088.49216269713,148443.72680705978
2014-06-27,166897.06628047812,214494.4429070212,157324.36174560693,148732.32781791408
2014-06-30,167330.22822263584,215493.82487545602,157374.6645993848,148656.448675969
2014-07-01,168092.5372328243,218145.0481412309,158464.22885374486,149651.38639601102
2014-07-02,167509.15380899468,218482.82419097354,158583.2103055163,149803.24478431002
2014-07-03,168117.84085124172,219866.67725785906,159176.93909820064,150540.01323380286
2014-07-07,167894.70894337894,219045.4666399717,158564.97378294446,150015.9666532193
2014-07-08,167505.45327981902,216645.64333753812,157297.88050985296,149051.36056907356
2014-07-09,168069.53394335392,218217.1345489079,158089.76599840462,149719.7577072887
2014-07-10,167256.6176963306,217843.7166112912,157461.4710580729,149127.23971101857
2014-07-11,167901.90997312617,219010.17193364698,157878.76923279525,149332.4537492605
2014-07-14,168272.86301941177,219915.19482880406,158441.405794549,150084.33796449695
2014-07-15,167798.89524201964,219036.37301685545,157980.7096996662,149803.24478431002
2014-07-16,168594.40900048707,221143.20198134365,158606.46961572845,150357.8232096076
2014-07-17,167585.56473575725,217818.03310617263,157101.26502699935,148648.84074089272
2014-07-18,168987.76525043085,221030.72578994042,158654.63421129264,150167.82504151828
2014-07-21,169015.96928360758,221077.48219957846,158366.98088832767,149886.83196574028
2014-07-22,170065.31934066574,222749.82623438543,159059.3953619201,150540.01323380286
2014-07-23,170305.05362266806,222625.56597633928,159584.12977762014,150874.16175070597
2014-07-24,169842.28744710496,222093.35762675636,159502.923847697,150881.86979019115
2014-07-25,169974.10629720052,220678.720854379,158951.8149976671,150175.43297659457
2014-07-28,169838.08684641903,220750.5391988166,158995.31427871325,150236.19635279596
2014-07-29,169768.4768921956,220376.45601591608,158512.47006595077,149590.62301980963
2014-07-30,168937.95812801234,221465.70525906552,158617.41655815562,149613.3467206296
2014-07-31,165691.69391222947,214910.08128167765,155689.66041922735,146658.76509199094
2014-08-01,165590.57945286177,214416.47366554878,155188.0284688892,146210.69775776134
2014-08-04,166414.0972159019,215702.31738505338,156144.26918185144,147266.3988540047
2014-08-05,165143.01545120956,213946.4041473838,154760.51493251236,145838.50956547676
2014-08-06,165264.2327852883,214676.53585200978,154789.01046306588,145884.05707152557
2014-08-07,165153.3169243202,214250.9305915806,154120.74261756436,145094.1331809077
2014-08-08,166306.7818698074,215823.3286660968,155429.7560359132,146772.6839093174
2014-08-11,166997.38062542945,216591.2026428626,155984.20188379262,147198.02754272707
2014-08-12,166302.68128342353,216494.633854024,155805.49919554748,146993.01371330296
2014-08-13,167817.99797371027,218289.88545313376,156998.7159221152,147988.05153775387
2014-08-14,168941.9587000941,219154.18197464783,157663.67394658137,148686.78031186527
2014-08-15,169685.7650644042,219472.59050385468,157861.44623434226,148656.448675969
2014-08-18,170302.25322221077,220449.6875188194,158921.57354908396,149902.04783589282
2014-08-19,170848.73136858572,221177.6604685018,159622.08324232514,150684.26368702555
2014-08-20,171097.96700928232,220975.85410138217,159789.00578577787,151086.88361961526
2014-08-21,171782.56490678168,220561.51690825704,160094.5627924856,151527.44312317748
2014-08-22,172170.92044162317,220948.6766420757,160013.90877558952,151291.99755344822
2014-08-25,173332.88660278422,221282.8369508763,160749.7979983159,152059.0976388373
2014-08-26,173305.98275553406,221783.81502644808,160859.99048052344,152157.8005860112
2014-08-27,173896.06713760068,221778.06680840912,160906.02357472613,152097.03720980982
2014-08-28,174094.49551285835,221913.68674579854,160715.7922609533,152013.4500283796
2014-08-29,174701.08225476244,222480.2944250653,161136.20969483603,152446.5017012744
2014-09-02,173690.43773259578,221771.92122487756,161244.83333995903,152370.5224549205
2014-09-03,174016.0843000549,221263.41484369076,161125.4146372507,152286.93527349023
2014-09-04,173316.78430015495,220830.8691120937,160879.57417014855,152066.70557391358
2014-09-05,173695.93851920826,222032.40796615114,161493.4780317353,152750.21847787243
2014-09-08,173361.99076467936,221634.3865988291,161094.56197787312,152355.3065847679
2014-09-09,172182.9221578686,220350.08016422993,160075.17588772194,151390.70050062213
2014-09-10,172275.73543016653,221593.0553966352,160887.3157942847,151960.2945872545
2014-09-11,172203.725132694,221012.35504073906,160780.425131232,152135.07688519126
2014-09-12,170565.29083658964,219479.4743991414,159964.9493120824,151246.34994299055
2014-09-15,170384.36496418988,218080.44036290806,159391.29503205835,151132.43112566406
2014-09-16,170994.25217806146,220325.91696003886,160512.1320829914,152271.7194033377
2014-09-17,171083.76497839193,219943.17413537065,160512.32293617944,152476.83333717065
2014-09-18,172251.63198337363,221774.9954660521,161528.70908972016,153289.58103301743
2014-09-19,173074.84970350759,221027.25267738794,161393.78181837033,153151.43694873754
2014-09-22,171912.4834851384,219377.92944624167,160193.8309667389,151968.70335760197
2014-09-23,171523.7278930887,219362.0321002191,159441.0426152736,151098.69593986525
2014-09-24,172255.73256975747,220724.07499736562,160698.30558917718,152281.52963540974
2014-09-25,170729.2142776417,217690.44291493727,158049.32485034483,149824.3668145876
2014-09-26,171882.17915161868,219847.7887257189,159307.6220498345,151014.80844520836
2014-09-29,172026.4997894699,219820.1414369724,158866.57739470477,150740.1219471909
2014-09-30,171485.32240110336,219288.21913472706,158781.06332800892,150343.30807031732
2014-10-01,170894.43790462037,217038.91144986489,156725.59612527984,148305.88303600653
2014-10-02,170132.92900884827,216921.48902901285,156391.88205951385,148328.7068412354
2014-10-03,172161.41908292886,217262.18070667968,157758.7393959547,149961.7100635963
2014-10-06,171497.5241459529,217513.4462389204,157606.8016928,149786.22703479728
2014-10-07,169963.60479548576,214511.25136599538,155498.8237776602,147474.01539806018
2014-10-08,172326.44268130342,219484.43713444375,158056.3114060524,150053.30559773845
2014-10-09,169245.60212110332,216902.6546673956,155440.6213357033,147077.3016255955
2014-10-10,168239.95831403893,212966.09091726178,153250.50869513262,145398.55068836798
2014-10-13,166558.4178537531,211580.09993618992,151344.34975332546,143010.0594920502
2014-10-14,167517.15495315832,211516.0204092112,151542.71345996007,143231.29023571583
2014-10-15,167207.01060251618,211446.68357172955,150653.68825847155,142262.17945316967
2014-10-16,166745.54461287966,211317.3399363873,150178.99174357767,142140.0520743135
2014-10-17,167451.44555671464,211684.3591799854,151770.27752829602,143818.90311594994
2014-10-20,168946.05928647798,212574.8709566726,152827.1971530571,145215.2595156748
2014-10-21,170585.3937113007,213863.23082653363,154706.4209060662,148092.1601230083
2014-10-22,169898.69551345843,212586.1866029621,154019.09000976873,147039.16184580515
2014-10-23,170668.8056392064,214493.51727178963,155093.33247286995,148748.34452333782
2014-10-24,171493.02350236085,215590.910083516,155757.5779646267,149893.038439092
2014-10-27,171579.33584502584,215626.93237643447,155524.54489090614,149687.02356557891
2014-10-28,172642.58789006827,217945.69846827857,157187.28058793032,151403.91428259673
2014-10-29,172356.34695761497,216424.25114921693,156656.29218295237,151175.0756038548
2014-10-30,173624.02823603776,216122.70705036764,157353.96779790192,152144.186386401
2014-10-31,175555.30440853044,216842.56174433284,159086.32740309997,153884.0010130566
2014-11-03,175775.13584442576,216999.9244781851,159069.0386072877,153967.98861212246
2014-11-04,175625.81449147227,216556.8610772353,158545.27713324613,153433.73138183123
2014-11-05,176517.24196560108,215141.35141150837,159092.49987592685,154402.9422687863
2014-11-06,176526.3432670872,215700.4350500986,159373.0217408,155020.98688932555
2014-11-07,177471.27839281017,217312.31652774222,159475.50054105849,155165.93807341054
2014-11-10,177284.5516908918,216490.44104026083,159742.59797542208,155654.34748442622
2014-11-11,177373.06434820182,217850.82558596166,160102.3237575542,155807.00670799642
2014-11-12,177342.55998607803,217832.324739547,159936.2089643799,155639.13161427368
2014-11-13,177862.73437101507,218585.3293106547,160371.26415532106,155814.6146430727
2014-11-14,178258.79100711405,220667.70728275098,160748.8521133502,155852.75442286304
2014-11-17,177993.25303518405,219943.00629138263,160566.59006066565,155951.95789208144
2014-11-18,178965.69209396944,221733.5502945934,161568.57228585964,156852.39705012325
2014-11-19,178295.09619875642,220224.21605604826,161076.94995155517,156600.63446174358
2014-11-20,178955.3906208588,221608.6386885222,161446.29327683608,156875.22085535212
2014-11-21,180204.26921049712,222206.112200222,162184.26846419493,157714.69642837477
2014-11-24,180751.14741408022,223304.546282578,162819.1096181602,158157.25802011497
2014-11-25,181386.03820346307,223699.47105792502,162910.91569301646,158042.838680744
2014-11-26,181801.39759985678,224631.59406539227,163471.2875245054,158447.2604926939
2014-11-28,182491.59629827066,223601.91396458048,163381.710385354,158111.51030524835
2014-12-01,180489.3099713259,224395.48081121958,162424.97661412548,157012.6642087697
2014-12-02,180906.56963945844,224318.4464798601,163048.44469009593,158027.52270618253
2014-12-03,182249.96174452946,225657.33857188438,163588.66834612525,158637.95939164548
2014-12-04,182717.22856368462,225364.0235071387,163457.30745813562,158462.57646725533
2014-12-05,182565.6068817841,224794.68387387902,163455.61377166357,158721.9469907113
2014-12-08,182491.09622676042,223587.81054438968,162595.08467598294,157661.3407784319
2014-12-09,182931.6592272695,225312.68239614798,162805.69553035844,157554.4292697283
2014-12-10,181114.79941631653,221386.4641729841,160616.8084193114,155028.59482440184
2014-12-11,182160.94901570925,222512.82583073463,161219.55410087152,155814.6146430727
2014-12-12,181113.49923038998,219670.2397378316,159241.3362471781,153296.48823723142
2014-12-15,179795.91081524658,215733.05487844915,157723.90484710777,152243.3898556194
2014-12-16,179927.92969394624,212655.004823384,156559.3538241749,151022.41638028465
2014-12-17,182003.52650429012,216154.53039632985,158990.99912897666,153983.204482275
2014-12-18,184065.32134095175,222022.4426125968,162264.17027499233,157790.9759879554
2014-12-19,185783.16699287997,222039.60516515898,162918.66728153557,158462.37625843752
2014-12-22,186969.33661513598,221679.91896356817,163442.0515576337,159191.3365640363
2014-12-23,185491.32525951212,221632.07007083367,163219.54116855268,159406.16062553244
2014-12-24,186087.51051400352,221768.43053496076,163320.1504336076,159421.47660009388
2014-12-26,187031.54551100807,223095.30382267982,164130.53477405125,159935.6128441965
2014-12-29,188301.72714698204,222323.94528977392,164198.11650795676,160150.43690569262
2014-12-30,187738.2465692594,222800.90416828706,163410.74624523998,159291.04055529917
2014-12-31,186780.40959857262,221419.1509552409,161986.147827395,157710.39193879216
2015-01-02,187856.96354578706,221435.38404419387,161952.28712113065,157626.00392209075
2015-01-05,186787.81065692395,220620.44217610057,159765.68270760216,154779.33484624463
2015-01-06,186771.30829708648,219551.74028234268,158429.01776041707,153321.51433945604
2015-01-07,188425.8448958201,220592.0717109902,160143.52170698377,155232.10708769245
2015-01-08,189796.44089104742,222872.894253877,162504.2292156786,157986.68010735195
2015-01-09,189490.79718399732,223433.95948055692,161619.07929214826,156720.55954360394
2015-01-12,189294.16906617646,223601.936599503,160663.448380029,155492.879072873
2015-01-13,189061.13574241116,223188.42077279987,160463.05725076195,155055.62301480444
2015-01-14,188677.08082255765,222755.4784272145,159764.36413224443,154119.44658278584
2015-01-15,188300.3269467534,223883.40067574885,158706.472605837,152707.67410409055
2015-01-16,188825.90210400088,226196.9820854004,160405.56233457834,154710.26280410468
2015-01-20,190249.80572221827,227858.70499531188,161134.89443584945,155040.20693583408
2015-01-21,189816.7437943626,228296.2949870969,161788.52394963847,155822.82320460238
2015-01-22,192209.78599939792,229493.825982001,164067.33893057174,158140.14016619333
2015-01-23,193203.92816172715,228917.76519473028,163815.80329678164,157273.0357763147
2015-01-26,193227.93159421798,227889.4018852621,163984.25412268421,157641.42000106108
2015-01-27,191565.2938370187,224426.5465721866,161800.38005665335,155562.05121942185
2015-01-28,191487.3826957255,223436.66748927822,160470.27688168304,153566.9703500751
2015-01-29,192262.89359378393,223185.0998351391,161618.33565332336,154986.5509726645
2015-01-30,191936.64694051252,223283.00999985822,160329.74730303057,153037.61823581994
2015-02-02,193037.5043631239,224484.639368618,161695.06437538873,154932.794905086
2015-02-03,192856.8785336303,224357.07608241015,163232.1053988336,157173.3317850518
2015-02-04,192777.3671635044,224610.18263763012,162865.19642785125,156574.80752424776
2015-02-05,193032.8036909278,224952.4403275568,164168.9823139228,158155.4561407548
2015-02-06,191101.52751843515,222770.93827293202,163116.28291388965,157718.0999782773
2015-02-09,190207.69970105725,223043.5166369742,162418.14957207118,157012.26379113414
2015-02-10,191097.82698925948,222942.79279581291,164206.30105154982,158684.90835941886
2015-02-11,191387.66843658642,222417.55355061791,164299.00291434638,158776.9043111966
2015-02-12,192579.63888836105,224134.2654331782,166003.0940869957,160303.896964534
2015-02-13,192251.39194904873,225729.03443463374,166827.8256495259,160963.78522799278
2015-02-17,190745.17656024813,224550.37807513197,166843.52865076222,161217.04938250594
2015-02-18,191752.5206104473,224978.42433365987,167258.18731170247,161232.26525265852
2015-02-19,191115.42950641943,225374.1827398452,167413.57726771024,161117.24528683416
2015-02-20,192189.78313898886,225828.5112937947,168470.3698784427,162084.0536679757
2015-02-23,193215.3297921603,226081.34769050058,168511.76711744288,162061.02965392903
2015-02-24,194837.46175703124,226053.90454411888,168996.06122223038,162521.40983045317
2015-02-25,195168.90915400902,226003.578531754,168893.82517052384,162383.26574617325
2015-02-26,194561.92235489676,226951.53025365146,169082.13187809964,162191.46569872377
2015-02-27,194581.72518670172,226418.11949934612,168607.41169279316,161638.98946601304
2015-03-02,194322.38810149854,227320.6056393359,169598.4170588439,162659.55391473306
2015-03-03,192989.69752674634,226371.52744307817,168760.3537022886,161991.9576117891
2015-03-04,192319.40167443946,225583.9176612598,168100.1637927112,161309.04533428364
2015-03-05,192828.67450045355,225762.2052639593,168454.9767542764,161485.52940717168
2015-03-06,188993.7261028327,222088.55520630104,166235.6393242477,159214.26047367405
2015-03-09,190566.15095958725,222775.96969844078,166855.92434596192,159874.24884154173
2015-03-10,189485.696454593,218260.00477745003,164215.45948169814,157280.74381579988
2015-03-11,190676.7667776492,216519.0352641813,164049.77142841864,156912.45969546234
2015-03-12,192552.935069715,217992.35928391104,165685.43464793605,158907.4404604002
2015-03-13,191775.72392852177,217072.39709901458,164905.3832156399,157932.92403977347
2015-03-16,193893.0267028185,219965.22688225642,166790.04554774993,160043.02487494456
2015-03-17,194350.99219188344,219766.9041686899,166608.13588102668,159567.32872385898
2015-03-18,197705.57189678127,222600.78196953886,168742.10771010164,161485.52940717168
2015-03-19,197005.4717824649,222778.8248879064,168214.00686858673,160748.96116649665
2015-03-20,198646.80649332856,224617.1978237969,169822.6110463705,162167.84105822374
2015-03-23,197966.00913930693,224653.58591823478,169604.46057630208,161851.9115437401
2015-03-24,198445.67773191567,224233.28689853728,169055.69305849506,160942.3628844885
2015-03-25,195342.5339823595,220628.63613636928,166556.53944188045,158584.00311524922
2015-03-26,193390.55484934346,220281.8836532583,165846.8242522972,158206.30918047522
2015-03-27,195071.59523811904,220914.92142681152,166399.16607118584,158568.48693186993
2015-03-30,196889.65522069656,222937.78019162663,168020.19912800106,160503.104738242
2015-03-31,195845.50590734475,220338.06978403358,166411.71378719996,159100.34165634756
2015-04-01,196555.60745186562,220327.1012707098,166157.8943245647,158537.7548783381
2015-04-02,196125.14589586313,219998.3744771195,166631.25408468008,159108.04969583277
2015-04-06,196984.16873612927,220990.9156479638,167926.14320736247,160179.3670798643
2015-04-07,197131.08974583365,220631.09450435822,167592.08439997755,159755.4249081792
2015-04-08,197968.90955406622,220979.64778373277,168411.2146544068,160294.98767214204
2015-04-09,197903.90025773685,221256.16977943614,169151.72129018125,161004.02720036998
2015-04-10,198479.18252310078,222533.03560612182,169790.99459607407,161882.64359727193
2015-04-13,198345.86345847455,221712.19751324487,169210.59123835998,161150.47995058846
2015-04-14,198994.3561929356,220948.89417277242,169401.0612087553,161458.80152999578
2015-04-15,199639.94851263735,221543.9314837996,170178.89003551044,162183.2571371941
2015-04-16,198811.83009170313,221288.40371514266,170064.61505753166,162137.00890028296
2015-04-17,197357.02205415376,221240.98752197146,167930.74923690612,160271.8635536865
2015-04-20,198125.7319796731,222093.94578844926,169403.473774575,161736.19084705345
2015-04-21,197942.9058355345,222525.70492727193,169835.61956447634,161543.5899643328
2015-04-22,197167.99502328836,222263.71603399416,170420.62654189134,162337.41792689776
2015-04-23,197681.66847859244,223281.14829335862,170883.70112756925,162745.94401961245
2015-04-24,198391.87003741533,224154.04588863658,171879.13833898414,163123.5378499775
2015-04-27,197745.67763190137,225169.17722910576,171569.4466488269,162445.3304796903
2015-04-28,196732.8327950897,225436.05944381416,171598.28738291495,162961.66902078866
2015-04-29,193889.32617364285,224137.90259461335,170330.66090345744,162291.16968998668
2015-04-30,191620.50173174764,220803.16757343264,168216.06062364412,160664.8734630219
2015-05-01,191942.94784154135,223604.01057521763,169927.8393137661,162406.7902822644
2015-05-04,191887.33988960422,224508.94537350215,170274.6206935165,162869.17254696647
2015-05-05,189383.3818236008,220994.8300647547,167927.56981983513,161004.02720036998
2015-05-06,187069.4509314832,220012.0867487013,167121.65377183387,160341.13580464423
2015-05-07,188762.3930222022,220165.80108004704,167710.27990593284,160980.9030819144
2015-05-08,191102.62767575766,221029.03763837606,170093.50469654202,163100.41373152196
2015-05-11,188470.65130313637,220575.83961748076,169096.7510946611,162321.90174351848
2015-05-12,187946.77638902367,220930.4336672501,168582.30055609698,161836.39536036085
2015-05-13,187261.0783342018,222177.1559581185,168871.36658590473,161867.22751830157
2015-05-14,188834.40331967472,223236.96986477496,170724.36470179423,163555.08795673886
2015-05-15,190488.139803992,223352.518835328,170939.24441969558,163732.3728648981
2015-05-18,190002.47035326052,224036.7176518578,171294.85221761625,164241.10347092015
2015-05-19,189903.2561656317,222915.6453188708,171246.15391884552,164187.1471945239
2015-05-20,190263.70771020258,223113.50446411263,171373.7419882992,164071.52660224613
2015-05-21,191590.09738392592,223752.56727122984,172012.10916093472,164549.42505032747
2015-05-22,191447.47698920945,223589.7608810958,171629.7820246618,164156.31503658314
2015-05-26,191366.96547606308,220718.12979336048,169754.67758101542,162391.37420329405
2015-05-27,193490.16909418048,224340.13726314856,171693.26716019367,163932.78189151283
2015-05-28,193126.01702043394,224021.74413704482,171428.69671588772,163747.88904827734
2015-05-29,192226.0883306313,223145.78828925674,170316.53845396294,162730.42783623317
2015-06-01,191597.9985137875,223549.19059192846,170515.16491433242,163061.87353409606
2015-06-02,189851.74880007844,222398.01306398635,170175.51295645616,162900.0047049072
2015-06-03,189058.7353991621,222824.89162129906,170576.67117513352,163331.65491607747
2015-06-04,188903.8132452941,219854.38032909937,169292.0735258086,161952.01595263858
2015-06-05,187909.27102575667,219013.62923316908,168683.21774676704,161674.6266355809
2015-06-08,186489.8680511313,215569.31518152676,167534.99728095144,160680.3896464012
2015-06-09,185492.92548834483,215265.2271504016,167179.65149959095,160657.26552794562
2015-06-10,186320.74386637288,219417.17874889603,169245.6519909341,162583.9750860147
2015-06-11,188736.58933227454,219867.10608507667,169838.27044237356,163108.12177100714
2015-06-12,187979.8811230006,217904.48094596658,168677.8345621215,161859.5194788164
2015-06-15,187739.64676948806,217014.29536337117,167920.56288189042,161165.89602955885
2015-06-16,189069.53694378296,218221.51416662973,168602.58572098758,162044.6125308697
2015-06-17,188492.35440668016,218886.06777084313,168774.81082384166,162306.585768957
2015-06-18,189436.88947519494,222370.8695035922,170588.76644316848,163994.4462073943
2015-06-19,190263.00761008827,221428.31781579688,169983.30390470914,163266.48694588456
2015-06-22,189509.69988708387,222761.6716961725,171336.79514882542,164102.85928223137
2015-06-23,189279.86702098403,222536.99816417688,171501.77530429297,164219.0805009625
2015-06-24,188645.37628880932,221039.38038897427,170346.0498938818,163026.3364689371
2015-06-25,187724.14455267106,220757.06576518703,169940.87470711555,162530.7195404807
2015-06-26,186849.4194669838,218446.62561934008,169580.18000474636,162499.6871737222
2015-06-29,185677.5518899203,211020.30563042726,165770.10033557724,159092.03299040897
2015-06-30,185038.6605284556,211565.35332592638,165904.6483088207,159425.08035881424
2015-07-01,185112.37106906288,213497.2099831161,167103.65860234614,160702.91313840335
2015-07-02,185125.77298553695,213536.73050896326,167092.6602195024,160555.75965732257
2015-07-06,186252.63412668012,212908.1592467167,166138.1421559146,160098.8831351099
2015-07-07,187806.25629465014,213456.7228177376,166779.4203072151,161105.63317540195
2015-07-08,185567.4361433685,211546.3911314145,163809.5586102758,158402.71403073406
2015-07-09,184539.28911834394,211568.315443482,164461.42021144586,158689.3129534104
2015-07-10,184884.9385462121,214172.6403213423,167163.05143147302,160687.497059433
2015-07-13,186209.4279481966,215684.0640393081,168970.98700182192,162461.04687188737
2015-07-14,187008.34219293357,216677.9763680041,169901.845869881,163165.78191053268
2015-07-15,187757.9493867623,216697.30615979273,169833.5087411022,163111.52532090968
2015-07-16,189206.05646607466,219251.24380631527,171433.56705505482,164420.39046725733
2015-07-17,189719.6299070767,221499.64325518656,172169.54466754402,164559.93601326182
2015-07-20,189527.50243284792,221549.06266256367,172444.5172835809,164645.02476082553
2015-07-21,189219.8584397569,221116.53604284133,171977.4984168892,163994.4462073943
2015-07-22,189516.70088822703,219185.0175398819,171028.13349138477,163700.1392452328
2015-07-23,189571.00865423758,218157.5078286853,170311.47080977482,162778.47795250447
2015-07-24,188243.31879458763,216784.96547836126,168659.67318389053,161090.11699202267
2015-07-27,187790.2540063229,214264.82546219305,167567.12124033,160153.03962032398
2015-07-28,188682.281566264,216684.54452468953,169319.51147845015,162120.19135958803
2015-07-29,189333.07462967205,218122.41242455057,170158.73554959844,163235.45457912603
2015-07-30,190337.51826511192,219149.8545347723,170428.41639186593,163274.19498536974
2015-07-31,191156.23534165384,219142.98856564378,170537.81872995876,163026.3364689371
2015-08-03,191809.72879121715,218007.1746306147,170088.7862424096,162476.4629508577
2015-08-04,190807.88552763045,217775.182613935,169828.71596238672,162158.93176583177
2015-08-05,191038.1184509385,218741.44902857838,170663.2287492449,162693.38920494073
2015-08-06,190770.28015006144,216561.29345583267,169137.93607728652,161361.29983572866
2015-08-07,191421.6732992818,216330.68531258576,168896.41871720678,161051.47669018785
2015-08-10,192057.86427459127,219511.7908791234,170799.55937686062,163080.59305856007
2015-08-11,192528.43156571392,217817.5814449592,169044.6883143433,161609.05824775237
2015-08-12,191626.90264707856,219346.8796256142,168992.99735867683,161802.66017456207
2015-08-13,191307.55698064825,218429.24055142063,168797.9445724097,161601.3502082672
2015-08-14,191970.15173169764,218629.03578305297,169194.38440519033,162189.96413259028
2015-08-17,193064.0081531659,220105.18591806618,169976.16818116076,163096.00913753043
2015-08-18,192171.58053601667,219323.29482067624,169267.76791026545,162623.6164319385
2015-08-19,191671.40901148866,219132.15494751665,168048.06904487897,161337.97550845533
2015-08-20,189234.36051355346,215940.9134002619,164291.0769884218,157969.06173138582
2015-08-21,185361.70672406154,214557.57037135522,159195.83268380133,153213.80199548128
2015-08-24,179411.15579527873,212958.650985373,156212.06227850766,146762.47325960977
2015-08-25,176503.33997761682,212128.8438658817,155367.8668440403,145035.37189288426
2015-08-26,179751.3044365344,213193.38827101287,156726.7311575576,150603.87984668007
2015-08-27,182330.17321476972,214110.19305186148,157395.70752432774,154329.06521501925
2015-08-28,182444.18951910123,214572.65271061612,157375.01084925228,154336.77325450446
2015-08-31,180822.25758283437,214190.73199123342,156611.74473851785,153089.872737265
2015-09-01,178070.664104967,214035.62888884902,154958.54877404252,148520.5068886849
2015-09-02,179659.99137876718,214017.7911132583,155862.50789071518,151339.547147675
2015-09-03,179981.33733123838,213518.93733935378,155824.62322626013,151448.06032692097
2015-09-04,179028.10101844565,213178.94683044028,154754.16464566285,149155.56925873685
2015-09-08,180794.95367837604,213501.98004191977,155868.93692262104,152903.97884994047
2015-09-09,179709.69848688363,212556.2467292073,155332.32092913002,150859.4464025979
2015-09-10,179742.70320655857,212802.09834273212,155599.75216331388,151680.30255556543
2015-09-11,180622.328993046,212733.7451197116,155842.0512995684,152369.7216196493
2015-09-14,180046.64667047389,212747.88034231053,155330.26811660262,151804.23181378178
2015-09-15,180147.16104402932,212652.75143482586,155660.554315072,153701.71088445248
2015-09-16,180759.54861545202,213581.12540583196,156396.44846556097,155033.80025366455
2015-09-17,181433.44498263253,214222.2499237421,156654.31717629047,154685.23670188006
2015-09-18,181032.28761712927,214593.19272837703,155937.21161726728,152157.5002727845
2015-09-21,180562.520440423,214219.73577225138,155952.32236667763,152943.82040468208
2015-09-22,180033.64481120804,213629.56832735823,154852.96551777454,150958.64987181628
2015-09-23,180004.2406064067,213891.0776181974,154841.1459261522,150717.29814196206
2015-09-24,179572.8789216858,215180.78097741643,154611.31225444892,150172.32973991873
2015-09-25,178898.38246869305,214716.71437381228,154726.96879495785,150133.3891248572
2015-09-28,176824.1858585778,213574.2711489378,153266.35950640257,146365.45917391835
2015-09-29,176880.69393923332,213258.37265313495,153157.35632008757,146451.14854793547
2015-09-30,178756.06211688273,212861.93925576383,153988.4869122096,149183.59849322843
2015-10-01,179486.46656471875,212840.6255839105,154353.66989944226,149572.90453943462
2015-10-02,181514.3565529871,214133.9434547098,155320.50360334493,151807.2349460487
2015-10-05,182889.45319180645,214177.02311331793,156251.3350308895,154508.55242017424
2015-10-06,182285.06676454731,214651.99003921042,156053.62868882652,153979.20030591908
2015-10-07,182830.84481080796,214644.9763033948,156438.01387049837,155240.31564922212
2015-10-08,183264.9068816841,214414.00621114942,156721.1058444798,156641.67726939195
2015-10-09,182995.16830906822,215295.14607330688,156657.91483224076,156735.07468289425
2015-10-12,183737.8745160558,215515.61790062638,156542.881789298,156883.02899924622
2015-10-13,183150.69054874848,215697.94989824702,155570.06021551305,155894.2977525559
2015-10-14,183015.87126959156,216596.42205208205,155583.81948402966,155146.91823571984
2015-10-15,184544.68989065438,216533.93093500446,157428.7157615259,157529.102854277
2015-10-16,185284.99575439288,216214.21365053486,157676.22871329566,158245.34989994564
2015-10-19,185307.0989151449,216049.82924946028,157688.24268138374,158323.23113006866
2015-10-20,184650.9050794264,216330.31375094046,157394.6137928319,158120.71991086705
2015-10-21,184951.047999864,215788.973598193,156787.10509243186,157139.89691247971
2015-10-22,187542.41856585495,216015.7401676401,158709.44545285267,159794.56573205855
2015-10-23,188315.32909206016,219401.46820712741,160232.2011401794,161546.19267896414
2015-10-26,188486.75360576564,219449.5014656936,159836.67886554246,161149.17859327278
2015-10-27,188267.42224138053,219832.9092193916,159617.11733393444,160837.7537771896
2015-10-28,189551.20582243265,220426.52321769967,160981.57772620753,162667.26195421827
2015-10-29,188161.20705260852,219595.01930273388,160627.70592506873,162573.86454071596
2015-10-30,187643.53302522263,218763.84645892042,160008.3083929808,161873.13367842656
2015-11-02,189204.35622293988,219844.99226179929,161594.0043528116,163788.23112506344
2015-11-03,188831.2028620093,219399.6715306975,161831.28365449718,164263.12644087785
2015-11-04,188795.19771327302,218803.5994575194,161460.49134740385,163764.90679779008
2015-11-05,188627.8737859514,218094.22452718343,161197.20175448694,163601.4362980589
2015-11-06,187919.37247026328,217321.1893312065,160916.8737044417,163515.74692404177
2015-11-09,186697.197699271,215861.104492955,159557.06074606522,161989.8554192022
2015-11-10,187554.22025349626,215052.89577343452,159667.4441916547,162363.64528202915
2015-11-11,186717.90065979437,214579.8994890984,159317.84176178332,161725.27946648354
2015-11-12,185052.56251643988,212417.64329983774,157575.19931929978,159467.62473259607
2015-11-13,184332.45954171446,211380.124841404,155652.15585768517,157677.05717062895
2015-11-16,186418.05778226288,211977.872916932,157154.05263218188,160074.85807697428
2015-11-17,186787.61062831985,211130.94564623947,157145.17023388486,159958.03623178974
2015-11-18,189097.6409626577,215345.32171011766,158795.79280133246,162495.88320618405
2015-11-19,188806.59934370613,216133.56235551243,158943.4395059381,162355.83713813507
2015-11-20,189209.4569523442,216870.8925070578,159274.21585479556,162947.45419472508
2015-11-23,189505.29925779387,215934.9602178299,158803.9036190263,162760.65936772054
2015-11-24,189239.5612572598,216261.25681550708,158839.71032363462,162978.6867703014
2015-11-25,189830.4457537428,216056.0162249456,158919.08002817645,162955.26233861918
2015-11-27,190634.76077079022,215549.80181627697,159101.5422443229,163142.15727003265
2015-11-30,190375.8237427952,215555.40563829112,158656.2049295087,162464.7507350166
2015-12-01,192221.98774424742,217990.71556817813,160060.5153740079,164014.0666715384
2015-12-02,191058.9214257639,215883.33862784167,158657.8072540714,162340.3209547558
2015-12-03,185867.87910671227,214201.93295694122,156503.47237819448,160067.0499330802
2015-12-04,188241.918594359,220530.78007738164,159353.0299930614,163188.80592457933
2015-12-07,188211.01417502703,218926.96218831057,158509.02973050973,162200.17478229792
2015-12-08,187343.59013338908,218923.13787709048,157829.62025347672,161110.13787380236
2015-12-09,186139.61796536908,216488.28011009016,156403.23670640314,159856.8306743934
2015-12-10,186633.6886174723,217434.36613052708,156783.31627527493,160269.46104787293
2015-12-11,185249.99074867708,214312.5094732203,154055.3643682306,157163.22123975307
2015-12-14,185057.16317433392,213467.19454804764,154237.21985650808,157957.3495155447
2015-12-15,186341.64685550035,213924.17785004422,155175.03507548905,159615.57904894804
2015-12-16,188123.60167503954,214843.6799283349,157118.25288744288,161951.0149085496
2015-12-17,187467.8078965292,211298.66770471635,155428.65206488676,159483.14091597535
2015-12-18,185552.03394085355,211121.5161120213,153873.35811981952,156641.97758261865
2015-12-21,186228.83072279338,212086.8761153365,154687.05054071115,157934.22539708915
2015-12-22,186901.22687544322,212055.71604064672,155409.3853439325,159367.3201148798
2015-12-23,187295.1832111992,212180.2834891379,156486.66997176566,161340.77843190447
2015-12-24,187526.6163061318,212597.4184800759,156476.59780714882,161074.5007042345
2015-12-28,187444.90462136088,211783.75251808146,156072.6882074661,160706.4167927148
2015-12-29,187234.7745727639,214184.2506505209,157695.2997379648,162421.50563037247
2015-12-30,186769.6080539517,212273.6203006282,156657.49743500742,161270.30492803996
2015-12-31,185907.38475602012,210419.9411935081,155162.34026467003,159657.02227423203
2016-01-04,184548.39041983004,210254.1405185029,153512.61241144247,157425.0943734315
2016-01-05,184680.4092985297,210326.76281027682,153712.11492564523,157691.37210110144
2016-01-06,183894.39689875653,210711.30932923552,152524.50782867763,155702.19739187974
2016-01-07,180706.24099246194,210352.3887440541,149957.88144410832,151966.701269424
2016-01-08,179382.951762102,209843.19070781406,148725.32631640843,150298.5613995397
2016-01-11,179624.68633014522,209500.04480532804,149093.25853772872,150447.41665557175
2016-01-12,181293.12491686313,209659.77177412115,149375.04226813314,151661.18261346582
2016-01-13,179030.9014189029,208702.38524796182,148508.1528657202,147878.73752323672
2016-01-14,180119.25705375872,208640.5143040913,148843.67822739566,150306.4696478427
2016-01-15,179392.85317800447,208099.5245205891,148176.79218136982,147079.90434022687
2016-01-18,179392.85317800447,208099.5245205891,148163.4562700735,147079.90434022687
2016-01-19,179070.3070539087,208174.3766636605,148370.19054801497,147275.70856403228
2016-01-20,179051.00429361398,208755.6514180811,148093.8922092878,145388.34003866033
2016-01-21,178701.5543222681,208851.62913349457,148036.71528610683,146202.88961386724
2016-01-22,179697.196699128,209582.92353596378,148341.53919277902,149202.21791328356
2016-01-25,178912.18444237526,209593.44607619705,148460.6667462415,146946.76547639188
2016-01-26,180206.4695251421,210476.46403928607,148961.09307373292,148951.65657781065
2016-01-27,178855.57634741772,209793.79829600817,148540.9351587159,147330.56578010865
2016-01-28,179357.54812938249,209738.5166461128,148443.327771954,148098.06628313332
2016-01-29,183184.09532563158,210671.4260148169,149692.53461679208,151708.331790057
2016-02-01,182939.5603571311,211243.8312460637,149755.0417151823,151653.47457398064
2016-02-02,182286.0669075678,211038.6110662718,149247.81972955208,148920.3238978254
2016-02-03,181736.3883035274,211669.42822762832,149258.8235040402,149813.0550163821
2016-02-04,182301.96918159298,212427.03188009223,149426.89819635946,150048.00006406681
2016-02-05,180596.32527451427,213009.1103446532,149181.5339160615,147189.5186679707
2016-02-08,180392.3961126441,213686.34599855173,148558.0114786594,145208.25220705196
2016-02-09,180738.4455977205,213537.16043993743,148492.62564511813,145216.06035094606
2016-02-10,180843.46061486794,214058.73984130097,148369.5214470711,145090.82973541404
2016-02-11,179866.1208552823,216607.12079703982,148415.65169869026,143203.4612100421
2016-02-12,180588.4241446527,216416.6093641631,148624.05833820745,146155.84054168497
2016-02-16,182042.6320963898,214727.4474815646,148579.85786144983,148622.71349017025
2016-02-17,183043.97528846626,215378.84439497438,149198.3816192173,151050.4456147762
2016-02-18,183603.0552368989,216816.13912131486,149856.5955962196,150431.7002633747
2016-02-19,183577.95164708555,216451.3419289095,149720.86255828038,150361.32686391906
2016-02-22,185174.3799363309,215470.29697453225,149881.25330837074,152538.39754864323
2016-02-23,184484.08122361498,216265.64658513665,149928.59936061696,150611.78809498306
2016-02-24,185194.58282534406,216575.6009643853,150201.64300747722,151301.0069502491
2016-02-25,186837.21772213426,216857.8178493675,150957.43894833222,153133.61836395357
2016-02-26,186103.91285953892,216401.50497076652,150599.8210286636,152781.15074022204
2016-02-29,185845.27587445005,217162.72230865466,150849.891760106,151582.90096570723
2016-03-01,187282.88145204764,216995.22460161115,151684.12082579877,155146.21750485754
2016-03-02,188000.38405491985,217522.47725561363,152062.73354715397,155843.14439960878
2016-03-03,188786.0964117869,218628.2657093768,152723.24077107327,156453.98150270732
2016-03-04,188041.7899759666,218517.63445642655,152502.8247372468,156963.01242195608
2016-03-07,188040.78983294612,218769.1884656779,152442.77957366276,157088.343141897
2016-03-08,187350.59113453224,218386.2256692321,152003.45996878683,155373.3544086482
2016-03-09,187059.6495298828,217936.19185185418,151817.22057977697,156140.75480726396
2016-03-10,185739.5607571883,218956.67651690368,151548.83304145755,156266.08552720488
2016-03-11,187304.48454128942,218028.94083553084,152159.86695138487,158787.7155873576
2016-03-14,187088.35363456974,217037.56347448303,151559.96315118173,158584.203324067
2016-03-15,186340.14664096967,217097.67620644122,151129.9365261718,158325.63363588223
2016-03-16,187467.6078679251,219007.90276538327,152560.47103442496,159241.9893949389
2016-03-17,188941.4186228631,218713.329203724,153190.60561342124,160252.2430895424
2016-03-18,189957.063860132,218528.6836950993,153401.1500146996,160881.99992592275
2016-03-21,189465.49356557988,218093.99255166322,153147.39417055136,161110.23797821128
2016-03-22,189641.41872287737,218378.76112671223,153180.23583390878,161023.64766451408
2016-03-23,189441.1900901829,216458.09614756054,151892.9399463392,159960.93925964777
2016-03-24,189027.1308797158,216314.66368129093,151495.35524541908,159890.06533814766
2016-03-28,189358.1782194854,216436.88884075978,151740.9508477648,159984.56390014786
2016-03-29,191750.5203244064,218252.16117654965,153442.89908116756,161464.4073768941
2016-03-30,191656.10682327574,217308.11327943965,153862.3503772792,162172.94638307756
2016-03-31,190894.09785599343,217603.6995786303,153383.85601228866,161779.33584728872
2016-04-01,192028.6600983941,218444.86821618685,153455.3274010992,162881.3852848521
2016-04-04,191027.61694922377,217374.64851248695,152990.89224694105,162353.935154366
2016-04-05,190678.66704938808,216852.24143139683,151661.42470399945,160732.3438346195
2016-04-06,191426.87404298814,218746.32792750397,153121.78485410367,162487.77474906328
2016-04-07,190685.8680791353,217341.47547042565,151811.38455370383,160543.4468150281
2016-04-08,190364.82216957028,217429.71568635578,152696.33665397982,160976.398383514
2016-04-11,189946.76238702136,217499.9243124055,152359.12931005677,160598.50423992224
2016-04-12,190251.00589384284,219159.74696868449,153492.3170192829,162094.26431768332
2016-04-13,191856.63549887633,220592.21865064636,154773.62110948848,163731.471925218
2016-04-14,191373.26637709193,219613.55688724548,154612.121022504,163739.380173521
2016-04-15,192363.10792443322,219506.64417279747,154588.98324174003,163558.29129782363
2016-04-18,192590.1403900758,220111.5015660149,155117.8403966634,164707.59001638708
2016-04-19,192524.4309936321,220151.27204915255,155798.43303828183,165227.1318985702
2016-04-20,191535.3895607072,219995.7743830816,155595.4269563266,165384.49602935862
2016-04-21,190026.27375714728,220088.6131940769,154957.12655055433,164495.06835629558
2016-04-22,190180.6958395051,218946.95715963774,154573.0134514019,164495.06835629558
2016-04-25,189288.16820805377,218790.6229307792,154260.47361089475,164211.672774704
2016-04-26,189279.1669208697,218807.2466883359,154498.03383315497,164455.7273235985
2016-04-27,189858.0497011073,218567.95318747303,154608.92013613106,164794.18033008426
2016-04-28,189120.14418061782,218144.5865061616,153613.17970228492,163298.52035673204
2016-04-29,188384.53898907543,218130.0089947922,153222.6176280176,162416.90082756313
2016-05-02,189175.5521039509,219017.84901001,154232.58427672117,163707.84728471798
2016-05-03,188274.82329973186,218032.03804660682,152852.87223713292,162283.06123286588
2016-05-04,187378.5951391049,217208.7712090992,151955.02349955073,161377.81706319688
2016-05-05,187333.48868888253,217173.6583664007,151866.25065205464,161346.38427880278
2016-05-06,187803.15585128672,217963.2858021218,152440.54514187019,161936.69997807711
2016-05-09,187654.93465565576,217255.29809169695,151853.82019675217,162070.6396771833
2016-05-10,189680.424300675,218577.50746383093,153201.9347504905,164085.74142830973
2016-05-11,189010.0284340661,218655.86937038062,152519.46034320068,162550.6403178515
2016-05-12,188471.75146045885,218244.89889207997,152338.2940198907,162597.98970326048
2016-05-13,187947.87654634612,218320.48863363246,151653.87532016487,161181.01179530247
2016-05-16,188527.1593837919,218651.43376409198,152674.0794158719,162771.17033065486
2016-05-17,187128.0593124817,218482.52981433002,151811.0625692266,161251.88571680262
2016-05-18,185719.4578824772,218155.4635014375,151008.0318998122,161299.1349978027
2016-05-19,185523.42985046864,217935.26591731524,150431.16936232088,160740.25208292247
2016-05-20,186682.69562547447,218114.1549810262,151113.52691428474,161755.71120678866
2016-05-23,186438.36068557805,217997.475751252,150828.49546846782,161535.28129839423
2016-05-24,187759.8496585012,217832.71010090286,151673.84949918438,163629.16521932374
2016-05-25,188409.74259319084,217917.02646543912,152334.96879825648,164739.12290519007
2016-05-26,188772.79450961488,217863.7668470341,152459.39252079392,164786.3721861902
2016-05-27,189378.4811228006,217663.77618363424,152538.2108871127,165494.81108796474
2016-05-31,189003.42749013111,217961.87863200202,152178.50464158988,165179.8826175701
2016-06-01,189581.4101416503,217842.76452565577,152260.12638353184,165518.33562405588
2016-06-02,190922.90197498244,218031.3752730339,152531.9825117074,166022.16111404193
2016-06-03,191274.65227527538,218036.4309766036,152982.87800932245,165526.24387235887
2016-06-06,191511.5861568204,218622.25442330452,153531.09598124825,166368.5223688307
2016-06-07,192160.67897709372,218997.31993115603,153941.04881893,166628.29330992224
2016-06-08,193109.3146319924,219417.73385389065,154532.59087560215,167171.45983260538
2016-06-09,193540.77633101537,219354.05148473888,154046.0820379012,166943.12167590795
2016-06-10,192601.84206341507,217389.2374335101,152191.28774096348,165360.87138885856
2016-06-13,191746.81979523075,215989.76247789466,151391.32034750647,164085.74142830973
2016-06-14,191697.81278722858,216093.22045776618,150823.0890635276,163763.004814021
2016-06-15,192019.75882551205,215851.48356785843,151292.24409440314,163534.7667617325
2016-06-16,192801.37059599522,215930.4628705942,151274.65162119712,164022.77575511258
2016-06-17,191732.31772143417,214641.3128227404,151587.9634168389,163411.93865201404
2016-06-20,191478.48142284347,216131.46529489645,152441.99808289454,164464.33630276378
2016-06-21,191054.42078217186,216221.42616963683,152290.68922531843,164931.12316145736
2016-06-22,190849.99154879147,216032.60726000668,152185.17632809412,164662.04251033827
2016-06-23,191486.0825097989,218080.82276609956,153562.5758577556,166806.47915776153
2016-06-24,189437.18951810108,213318.4329297829,150266.20281679358,160816.5316425031
2016-06-27,188614.5718837794,209001.4539577918,148961.50547954522,157936.32758967605
2016-06-28,191017.9155619254,211386.70335772165,150755.65545091117,160784.8986492912
2016-06-29,192679.75320470828,214912.1178067311,152421.13150621875,163522.75423266468
2016-06-30,194731.24656825926,216692.20224742332,153770.94834332884,165754.0815070118
2016-07-01,196537.2048202893,217373.6806379265,154528.93177767372,166102.14453675182
2016-07-05,196440.99106172184,216667.7445755492,153857.12106907935,164907.39841654844
2016-07-06,197345.8204523247,217479.43245473693,154264.38203343854,165896.42997646544
2016-07-07,197343.72015198175,217801.41506648358,153815.93176155907,165793.62274852672
2016-07-08,200484.76932201305,221561.127643498,155516.75854536673,168262.29757637216
2016-07-11,200278.839874102,222701.82833402327,155881.1253920656,168855.81661673123
2016-07-12,199643.44901320888,223450.95075448026,156149.18261580364,170082.19573014654
2016-07-13,200811.21600388858,223429.66321589096,156440.94104958803,170058.4709852376
2016-07-14,200063.10902459052,223763.55929399683,156626.25257826594,171008.06140804858
2016-07-15,199023.06029762255,223414.05136476067,156228.66513788502,170778.6221028533
2016-07-18,199372.91032617664,224775.02294593985,156520.64513998604,171237.5007132439
2016-07-19,199624.8463530285,223974.98041457715,156136.27434321993,171063.4191461694
2016-07-20,199675.95366137358,224657.0012863941,156691.02625045986,171775.56191107325
2016-07-21,199425.7178776565,224301.5395304043,156492.6014074883,171126.7852370022
2016-07-22,200054.0077231044,225044.15064893698,156836.70073938314,171894.18563561793
2016-07-25,199550.63574091098,224920.87205290102,156475.12717659998,171427.39877692435
2016-07-26,200353.45054342772,226129.68380942848,156747.21512429492,171506.581364363
2016-07-27,201885.36960785394,227823.78454888987,157165.83184370075,171324.5915489856
2016-07-28,201861.56620396714,228255.39200426408,157270.2492576497,171522.39786096898
2016-07-29,202613.97379825317,228970.38076307447,158123.20479529793,171799.2866559822
2016-08-01,201216.57397007776,229952.17292561746,157830.0912434355,171656.93818652854
2016-08-02,198716.2164189479,227939.991824808,157047.18441346558,170556.99094155204
2016-08-03,199392.5131293775,228470.20898235682,157093.6006687625,171055.51089786648
2016-08-04,200410.35868129146,229329.94195887967,157492.4847338928,171237.5007132439
2016-08-05,200924.3321795017,231859.40414332534,158050.20835341918,172638.06149814255
2016-08-08,201023.84641003664,231526.63487780467,157862.80611448438,172535.1541657949
2016-08-09,202068.2957662946,232351.0737351981,158229.3038413325,172638.06149814255
2016-08-10,202151.20762269004,231526.0686573906,158008.29637248887,172210.71577655495
2016-08-11,201693.34214792718,232506.393179529,158642.5353982546,173009.9493772004
2016-08-12,201884.26945053143,232666.55646572373,158575.22253057317,172859.5925550349
2016-08-15,201571.82477094224,234311.49896447777,159099.4350720235,173358.01240694043
2016-08-16,200296.54240556402,232879.9411393079,158405.7481982278,172463.9799310681
2016-08-17,200648.99280597124,232996.70344695743,158657.30081311514,172788.4183203081
2016-08-18,201332.39053184603,233514.3443179538,158982.18170784286,173176.1226959719
2016-08-19,200318.9456092221,233795.91312404608,158621.65473905063,172922.85854145876
2016-08-22,201055.25090087886,233707.81442428884,158678.32100192513,172914.95029315577
2016-08-23,201989.1844533768,234730.6344662341,159017.03298346332,173263.11342730466
2016-08-24,200614.88792897383,232552.58540451224,158171.073184697,172376.88909532642
2016-08-25,200255.23649881931,232386.7539328004,157965.52441173262,172258.2653707817
2016-08-26,199273.49610994375,232836.49409393923,157711.22507205192,171933.82698154173
2016-08-29,201985.88398140937,233734.92275528025,158263.18744640343,172780.5100720051
2016-08-30,201290.58455359118,232408.98662164988,157878.20332066077,172495.61292428002
2016-08-31,200251.53596964368,232098.81886793827,157545.97335925142,172005.10132067747
2016-09-01,200136.21947938556,233112.86340273626,157825.75588061367,172012.90946457154
2016-09-02,200382.45469102086,233903.07932791047,158651.5324044347,172788.4183203081
2016-09-06,202112.1020305904,235665.5600989273,159471.08572149577,173310.56291712256
2016-09-07,202330.03319474685,235325.29133211798,159511.3986251926,173294.8465249255
2016-09-08,200054.0077231044,233918.9186317515,158928.63588063422,172899.13379654978
2016-09-09,194160.86500369557,226731.11293459032,155297.37828901314,168760.8175326866
2016-09-12,196007.02900514778,232444.1769947598,157400.6208699259,171182.14297512305
2016-09-13,192619.1445376689,229906.5344777688,155329.78070161658,168721.27629117167
2016-09-14,192805.27115377501,231695.81423951624,155524.1374749071,168658.01030474785
2016-09-15,194074.95271823872,237151.4866933205,157146.3016248439,170343.36813296267
2016-09-16,194094.25547853342,237067.8187690626,156559.50011054453,169684.88133122848
2016-09-19,194362.3938223166,236323.08739557094,156509.27322983617,169716.61442884928
2016-09-20,194662.53674275425,236301.1291221663,156730.66972174981,169724.62278156116
2016-09-21,196879.1537189818,239287.8308408507,158558.29431233465,171633.31354602848
2016-09-22,198756.0221111619,241278.14758598397,159718.76247749812,172714.84157976767
2016-09-23,197747.57790364022,239371.16868992243,158829.0814810339,171768.45449804145
2016-09-26,197017.97357022055,237072.35132261887,157660.88611844642,170376.80300553475
2016-09-27,198882.44018894705,239784.0426764723,158532.9027123296,171434.5061899561
2016-09-28,199688.9555206395,240236.88415736824,159149.85664334532,172285.3936655932
2016-09-29,198396.47069530943,239333.26875741722,157847.5281958442,170726.66791463495
2016-09-30,198996.25646467446,242070.7522722537,158831.130982669,172015.0116571584
2016-10-03,198389.46969416627,241112.4804565361,158431.91164789782,171601.4803439988
2016-10-04,196809.74379336246,239653.34168419318,157718.74049739804,170726.66791463495
2016-10-05,197008.87226873444,240848.8354618088,158229.7378748079,171482.1558885918
2016-10-06,196598.21354453688,240840.9060050728,158046.37271771787,171601.4803439988
2016-10-07,196181.25391931046,240460.7872061856,157558.51741198864,171012.9665240846
2016-10-10,196616.61617611322,241975.27659141418,158329.27745985496,171903.6955544633
2016-10-11,194186.06860781094,237710.64930015267,156332.1127458089,169732.63113427305
2016-10-12,194617.43029253182,237516.9026652759,156376.49105140282,169955.36344407217
2016-10-13,193684.4968830543,235810.73737409714,155932.65785274978,169398.5827217788
2016-10-14,192957.39290718574,236579.4843603814,156012.89145929102,169486.0739751561
2016-10-17,192761.46488947922,235674.1763225465,155603.41514405978,168897.5601552419
2016-10-18,193990.64066161463,238840.02230724972,156748.73843416662,169955.36344407217
2016-10-19,194744.04839892103,238149.4429514133,157055.57467773205,170408.53610315555
2016-10-20,194259.97917702232,238167.64805882113,156850.22691907134,170090.50439608507
2016-10-21,194248.07747507896,238921.96416731842,157017.99582663827,170169.9872967505
2016-10-24,194767.25171699552,241979.1051267254,157886.93964355302,170893.7421730865
2016-10-25,194270.98075024728,241297.29401683612,157508.84035227116,170321.14495418718
2016-10-26,192940.290461536,239683.4093437641,156863.20001414628,169979.18829338998
2016-10-27,191394.06935191734,238966.9060771011,156348.84284167978,169525.81542548878
2016-10-28,190260.0071810269,237443.34192997872,155859.04403193452,169024.7928589519
2016-10-31,190619.05852536915,237481.9106588831,155879.1430194653,169032.80121166378
2016-11-01,189120.9442950342,234959.61802466662,154878.08061284546,167808.02376879085
2016-11-02,187863.46447541998,232569.8942750773,153916.60603354953,166798.07038741405
2016-11-03,186781.00968438486,229945.9400467886,153098.1148693957,166034.67416515425
2016-11-04,186974.93741605052,228950.74968101276,152691.09900327036,165851.78341009672
2016-11-07,190110.3857851673,233803.14226046464,155613.78139958225,169509.8988244739
2016-11-08,190274.4092405214,234171.68849016007,156291.82189654515,170273.39515114264
2016-11-09,189116.14360853605,234042.322185809,157250.71762712058,172078.67806121786
2016-11-10,188673.78035059015,231248.32957318219,156466.78006745965,172508.12597539232
2016-11-11,188154.20605146536,232380.91153488454,156045.57561881794,172110.41115883866
2016-11-14,188693.38315379102,230656.152431403,155499.05901687287,172245.65221526052
2016-11-15,189854.74922913976,234052.72090164063,156868.13254831667,173589.55390472262
2016-11-16,189807.84252148058,234748.70715595828,156765.11136407862,173263.61394934915
2016-11-17,189672.92322802162,235692.80490111958,157585.5619507778,174154.34297972784
2016-11-18,189322.5731279573,235583.91516678268,156968.43199953748,173764.53641147717
2016-11-21,190350.12006716963,236808.2874159899,158252.27384976367,175076.80510772736
2016-11-22,191336.46111393932,237890.21456953118,158644.44188376283,175418.66166411567
2016-11-23,191680.91037018294,236979.52422366422,158275.1738977409,175514.16127020482
2016-11-25,192769.26600503875,237380.57294535512,158740.41232413173,176166.2413897695
2016-11-28,192275.29536723753,237368.5534149991,158250.0660416302,175339.17876345027
2016-11-29,192354.50669445732,237225.99162551403,158679.74776699877,175681.13542424745
2016-11-30,191467.17980671235,235654.06629032196,157822.36419913874,175259.69586278487
2016-12-01,190189.397083783,230016.4453084203,156596.1826194149,174615.52399152317
2016-12-02,190437.53256715712,231240.6685563713,156844.7647175412,174703.01524490045
2016-12-05,191635.80391996057,232951.53263574492,157865.19927648737,175752.7100766099
2016-12-06,192365.70829628638,233832.9115407259,158379.83757996344,176309.39069449433
2016-12-07,194504.61415982488,237240.0314555459,160363.0699471468,178615.59606669756
2016-12-08,194785.0542627596,237714.21157287632,160627.41058940033,179053.0523335839
2016-12-09,195151.60667975523,237864.75545893103,161481.94696263206,180134.5803673231
2016-12-12,194551.72089608814,237369.14176729572,161126.5806026749,179927.86476294772
2016-12-13,195769.09498058222,239342.6272510263,162462.44522697784,181128.61714768503
2016-12-14,193870.9235420665,238279.65678558432,161199.617633244,179633.6579051951
2016-12-15,195278.92488625876,239119.1458004895,161420.361333587,180373.2292781371
2016-12-16,194689.9406615146,238149.64359659946,161192.93697183524,180020.36123676997
2016-12-19,195675.48159386794,239455.3082320352,161502.073065191,180412.4702064253
2016-12-20,196388.38353884607,239803.099627738,162110.67482393418,181108.29595267863
2016-12-21,196351.4782613914,239614.92821233446,161865.1843093536,180604.37035828366
2016-12-22,195948.22059554516,239558.5325095361,161546.58021499403,180292.445020156
2016-12-23,196328.77501482712,239937.4172056218,161767.50115070396,180556.4203464213
2016-12-27,196603.91435975343,241083.10190792003,162209.60078369963,181004.387576242
2016-12-28,195806.30030094302,239573.7766677157,161071.78583923812,179508.527394072
2016-12-29,195567.46614765914,239503.41312322285,161021.32579447384,179468.48563051262
2016-12-30,194864.66564718756,237046.47988268125,160291.32938123634,178812.60154340978
2017-01-03,196115.84456577292,238623.2302780893,161474.9397415327,180180.42818659864
2017-01-04,197327.9178922586,239285.12323772834,162497.4259824324,181252.34619708353
2017-01-05,197236.00474867906,239835.16581357986,162855.42869860888,181108.29595267863
2017-01-06,197157.39350727154,240630.51272422244,163501.470553767,181756.3718958874
2017-01-09,197044.37734596047,241290.50682283987,163351.08651890844,181156.3460689499
2017-01-10,197149.39236310794,241783.48452574716,163460.21699763354,181156.3460689499
2017-01-11,198009.7153893007,242639.53024165722,163952.29541387717,181668.38012046565
2017-01-12,196966.46620466726,241824.37835029632,163765.76046580146,181212.40453793306
2017-01-13,197221.60268918457,243113.32906197678,164196.5682471443,181628.33835690623
2017-01-17,196490.79818414035,242362.75095314838,163816.59606074356,180988.37087081824
2017-01-18,196330.57527226396,243210.2919549223,163948.9234721896,181388.38808877658
2017-01-19,195242.7197089184,242695.8328916998,163537.1490625775,180716.38719184106
2017-01-20,195594.6700378154,243687.4337686269,164104.65524846196,181380.3797360647
2017-01-23,195653.77849032413,243720.768479012,164077.27273228407,180908.38744810835
2017-01-24,196590.71247188348,245756.8891831462,164934.36877444023,182068.29723401507
2017-01-25,196963.3657613039,248242.82666985012,166256.45138249698,183644.24094330386
2017-01-26,196797.04197700272,247821.6973915897,166085.29705870597,183452.24068703657
2017-01-27,196822.14556681606,248700.68945729668,166001.8440165189,183164.24030263562
2017-01-30,195112.80113056168,246868.5848475694,164959.00114683667,182028.25547045568
2017-01-31,195622.474013784,246267.12586164646,165007.14893011336,182012.3388694408
2017-02-01,195418.44483761178,248127.9903619869,165413.61198232253,182084.3139394388
2017-02-02,195520.95949720812,248059.05955256926,165503.93769210525,182204.3391257081
2017-02-03,196935.9618425435,249029.01120979703,166308.4308737811,183460.14893533956
2017-02-06,196722.8313648852,249646.90513956954,166150.5262088012,183132.20689178814
2017-02-07,197002.87141061175,250609.33737007435,166282.95283850614,183140.2152445
2017-02-08,198065.92342705006,251255.54585702022,166585.67000788442,183380.16551262967
2017-02-09,198443.0773600625,251616.12691468335,167288.16797621778,184468.10022853836
2017-02-10,199463.62329813166,252502.08862014048,167873.13693900852,185196.05949004812
2017-02-13,200018.00257436812,254086.4288186797,168625.049455543,186204.01078324692
2017-02-14,200570.18153595965,254661.8537273014,169068.2251741006,186947.9867501804
2017-02-15,201149.56438770745,256463.48874523208,169900.77173235785,187923.90463253172
2017-02-16,201120.0601686041,256761.38873312483,169918.51668377258,187763.93778711194
2017-02-17,201660.0373853461,257844.51033432368,170200.71962432223,188059.94652422474
2017-02-21,202903.2151597679,259380.37181562436,171061.00017109053,189179.81454657204
2017-02-22,202822.10356080922,259402.4580041267,171007.35500954775,189011.83934844038
2017-02-23,202700.3861552202,258479.51204598343,171006.02645079535,189139.77278301265
2017-02-24,203520.00336048056,259142.76038612076,171112.2137278326,189379.82315555122
2017-02-27,203623.21812019122,259440.2344497579,171290.48095475356,189675.83189266405
2017-02-28,203086.44136111464,258321.92106797107,170864.02409148452,189163.89794555723
2017-03-01,205114.33134938296,261951.1954892323,172762.52287706424,191811.65956092204
2017-03-02,203033.0337238225,259910.3341087725,171702.48003662,190603.79976315296
2017-03-03,203053.3366271377,260412.7915772636,171982.2512811646,190723.72484501335
2017-03-06,202338.83445332682,259674.0167207467,171489.72295675144,190155.73242892337
2017-03-07,201585.72675892655,259052.16415317258,170999.46077931492,189587.84011724225
2017-03-08,200875.92525731178,259193.0779825244,170713.94991107326,189235.87301555523
2017-03-09,200343.74915612934,259145.75837671355,170843.4798461687,189475.82328368488
2017-03-10,200959.3371852175,260480.57722089248,171539.8500007104,190139.8158279085
2017-03-13,200956.73681336432,260968.407765051,171807.05784488437,190235.81595604212
2017-03-14,200535.576587452,260062.7714909326,171127.7550600341,189507.8566945324
2017-03-15,202744.192419516,262558.89262726466,172602.36018233796,191147.76712110732
2017-03-16,202165.80971078866,262685.3025096448,172520.42064419447,190771.6748568757
2017-03-17,202405.2439498848,262794.20245101844,172423.50555619813,190436.72550470138
2017-03-20,202403.1436495419,263422.8584558626,172332.8466570764,190227.80760333026
2017-03-21,200114.6163901438,259807.90292061144,170261.98536009956,187785.36013061623
2017-03-22,200850.7216531964,262175.1761617938,170850.3173091822,188227.32109590303
2017-03-23,200747.8069363919,261248.29148663103,170683.6208868629,188026.41154724374
2017-03-24,200905.92954792536,262063.6208991996,170814.52543098983,187889.86913350626
2017-03-27,200795.31372986338,262961.4699813576,170837.16919514295,187697.06804196775
2017-03-28,201892.9706948094,264764.92595289793,171942.33917807703,189062.89259697864
2017-03-29,202582.16925020277,265645.5360721455,172279.94848465317,189239.57687868446
2017-03-30,202735.89123244627,265855.0092400977,172545.4835210613,189842.20542025333
2017-03-31,202514.95963922844,265775.06878793985,172260.24060001265,189400.2444549665
2017-04-03,202676.18269412528,265377.2915252154,172053.95991748467,189070.90094969052
2017-04-04,202368.63871533627,265473.87699934724,172184.5186138502,189191.4266580043
2017-04-05,201824.56091221047,264274.2506864376,171571.53240029147,188629.04008881262
2017-04-06,202378.54013123878,264200.08170583285,171847.46173053712,189159.29314274786
2017-04-07,202022.18917305177,264362.13315618987,171729.55026067226,188966.49205120938
2017-04-10,202407.04420732163,263944.0678762607,171766.5985818042,189078.90930240238
2017-04-11,203047.53579761906,262538.9674262048,171679.17235936556,188853.97469560753
2017-04-12,202316.33123536667,260597.53542890117,171145.3704732058,188026.41154724374
2017-04-13,201319.68871548632,259424.21292876467,170295.64146972564,186805.2378630912
2017-04-17,202941.220594545,262087.1020546212,171585.64578925158,188460.2640554098
2017-04-18,202437.84861235158,262153.71442776977,171204.52822084026,187897.87748621812
2017-04-19,201696.64261989464,262635.0606545135,170956.51725415132,187552.41717110944
2017-04-20,203410.9877712513,265283.6381989993,172238.17269619915,189078.90930240238
2017-04-21,197913.3016021291,265077.5647542501,171968.37041387652,188476.38086524242
2017-04-24,204468.23895817104,268538.86214708467,173989.13298993855,190549.1427558944
2017-04-25,204438.93476767177,270442.7604264996,174960.28293009338,191657.89918885397
2017-04-26,205227.14748208996,269834.6012054113,174781.57989503245,191537.4735849491
2017-04-27,205443.27838880962,271813.8806303757,175159.18656169163,191698.14116123115
2017-04-28,204953.10829448613,271234.5870022029,175038.8007623325,191280.3053584889
2017-05-01,204776.98310858457,273456.6862203844,175755.38722769343,191762.30808733508
2017-05-02,205283.05547693325,273759.4152937411,175979.63352632627,191834.6835749687
2017-05-03,205114.23133508093,272734.5406086831,175514.03460566467,191601.640511053
2017-05-04,205436.37740196852,272467.4839450891,175728.67422209567,191826.5751178479
2017-05-05,205903.24416391543,273610.95468705654,176565.2146095554,192581.86288298696
2017-05-08,205398.77202439954,274111.7814550023,176356.08659886112,192549.72936773053
2017-05-09,205262.4525307119,275139.0907221953,176369.28608052322,192372.94498161582
2017-05-10,205350.36510220965,275808.63056884846,176587.132774065,192718.50540113339
2017-05-11,204705.27285401814,275776.600540021,176278.88325268656,192324.79476093565
2017-05-12,205091.32805991257,276569.07973553607,176477.10239518463,192003.35950396262
2017-05-15,205593.19982757533,277949.6073166607,177240.05698173636,193063.96571624203
2017-05-16,205512.88834303306,279658.6648295016,177567.33253635542,192887.18133012732
2017-05-17,202428.14722505322,271904.2978319417,174256.83041440073,189464.61158988823
2017-05-18,203511.90220201493,275010.99018710986,175150.5530048677,190227.80760333026
2017-05-19,204663.76691866937,276723.4831379771,176282.7020210491,191465.0980973155
2017-05-22,205203.3440782032,279417.52448280685,177186.9225876548,192437.31211653753
2017-05-23,205266.15305988755,279418.13518828613,177443.52495913033,192863.05616758278
2017-05-24,205832.63406667154,280944.6134544206,177901.309154086,193313.02548558146
2017-05-25,206737.46345727443,283379.48525764246,178795.64144599566,194236.88907530555
2017-05-26,206725.86179823717,284111.44583797763,178780.67139232717,194196.74720733723
2017-05-30,206864.18157796568,284633.65856575326,178643.68483008965,194027.97117393443
2017-05-31,206985.39891204445,284528.6717211496,178669.72911258898,193979.82095325424
2017-06-01,209034.5919466484,285555.6966693657,179709.82008005644,195522.42989437983
2017-06-02,210688.92851677793,289129.11237939564,181042.54245021765,196173.20865662885
2017-06-05,209726.39087389497,289360.727315594,180767.26852899155,196028.55778577054
2017-06-06,209424.3476817185,288950.1755674889,180292.66466104847,195401.90418606607
2017-06-07,209087.89956963845,290162.4155046563,180612.46912748757,195763.48131100737
2017-06-08,209566.06794771654,291314.636788693,180584.31488895044,195859.8818567766
2017-06-09,209380.14136021453,281938.8672495431,178945.24186482176,195562.57176234812
2017-06-12,209036.29218978315,279658.325747776,178438.77733061922,195522.42989437983
2017-06-13,210043.73625428436,281510.5140953309,179566.5503219543,196478.52710376921
2017-06-14,210649.5228817721,279017.5162759648,179171.2427131595,196229.46733442982
2017-06-15,209274.7262858589,277489.6174785373,178318.6154611021,195851.77339965585
2017-06-16,209601.57302494257,276667.20221924403,178415.12306419297,195894.61808666438
2017-06-19,211049.98014716108,280710.70242152957,179964.9429979454,197525.41901202954
2017-06-20,210525.20510432994,278827.6489192025,178737.26535856366,196193.32964281744
2017-06-21,210770.64020154884,280450.4542793941,179218.249373302,196144.8791089106
2017-06-22,210988.67138000732,280175.03253500606,179209.7886903026,196056.08649821763
2017-06-23,211219.2043462215,281448.52227237116,179639.48030141322,196290.23071063118
2017-06-26,212065.72539873206,279640.60646282625,179464.99286668623,196419.3653981102
2017-06-27,209164.41051070302,273616.47840813285,177847.35555552263,194837.01500665193
2017-06-28,210418.78988695383,277179.31602782494,179598.93688312077,196580.93391407238
2017-06-29,207626.4905881541,273703.12130331085,177580.46117949727,194853.1318164846
2017-06-30,206846.07898929546,273204.23403874156,177754.26731670686,195216.5108207861
2017-07-03,207031.5055052873,270662.7127664546,177206.35999080047,195547.45599660446
2017-07-05,207000.30104304914,273241.4860608891,177870.39105460056,195999.52750718998
2017-07-06,204445.33568300266,271902.0249172059,176473.02733743098,194207.2581702716
2017-07-07,205347.4646874503,274127.50307911355,177455.2658770587,195466.67173862338
2017-07-10,205720.21799117274,275176.1906909352,177943.6914418974,195676.6907884924
2017-07-11,205828.03340877747,275726.8285527869,178143.68335772498,195531.23908236288
2017-07-12,207905.63050516226,277776.37343129277,179684.62258965368,197000.67170058368
2017-07-13,207909.33103433793,277888.99618205026,180017.93753706387,197331.71698081098
2017-07-14,208772.1544180818,279541.88564574404,181129.66586417754,198251.9768118147
2017-07-17,208948.07957537932,279554.79132916697,181042.10622033206,198227.85164927016
2017-07-18,209578.06966396197,281455.3386879765,181495.45568504414,198332.7610697958
2017-07-19,210731.63462375125,283333.0982546584,182442.61927356565,199406.5810640498
2017-07-20,211176.09818204003,283801.8765325431,182708.64746082493,199495.37367474273
2017-07-21,211039.2786168422,283671.4416156787,182472.11957437295,199317.68834894794
2017-07-24,210866.95397441834,284573.1924666957,182637.68097855058,199269.33791944996
2017-07-25,210706.6310482399,283894.1084999577,182769.96644646328,199753.74315410972
2017-07-26,210752.6376271807,285327.6682549853,183197.69553214833,199761.7515068216
2017-07-27,209903.1161456088,283433.7229855506,182658.55371919824,199576.05782831492
2017-07-28,210277.76972107013,283171.1368251178,182574.2740471478,199342.01372031026
2017-07-31,210334.47783032974,281887.08440148266,182340.0605442897,199228.89573825497
2017-08-01,211177.1983393625,282926.5671442927,182822.76211492898,199673.05900053756
2017-08-02,211009.87441204095,283582.15837939834,182978.783944069,199769.85996394238
2017-08-03,211215.5038170459,282261.96636859287,182643.89278743428,199382.35579709636
2017-08-04,211115.28948639656,282536.6441405997,182879.47084276492,199745.63469698894
2017-08-07,211389.32867400043,285087.6261724702,183357.0725168265,200117.02205400233
2017-08-08,210732.0346809594,284612.85443273984,182874.69230399237,199624.6084666307
2017-08-09,210452.9947782533,284531.99307714246,182702.1983419131,199616.5000095099
2017-08-10,208270.78272192928,277793.24517803534,179780.50667867096,196798.86121224437
2017-08-11,208540.12123733695,279545.2814306829,180268.29292791008,197089.46431127665
2017-08-14,210040.13573941073,285080.9704382572,181891.62731215253,199043.3021641572
2017-08-15,209632.27741567048,285120.5760591735,181811.19330289002,199019.07689720378
2017-08-16,210799.1442776317,285909.3029420923,182300.48997041432,199366.2389872637
2017-08-17,208366.39639468447,279451.00027408666,179631.97293387164,196257.89698655697
2017-08-18,208445.20766469606,279396.3431881284,179533.94833650763,195951.17707769203
2017-08-21,208877.86953534358,278912.29319441365,179569.72145734384,196104.5370321245
2017-08-22,210442.19323363245,284604.93301391345,181299.22387193146,198155.17584840988
2017-08-23,210292.67185207483,284000.71644143295,180918.25955719224,197444.73485845735
2017-08-24,209759.89566508008,282912.0923726113,180457.60525604265,196984.55489075105
2017-08-25,210946.4653445443,282090.7608590689,180770.53088356994,197444.73485845735
2017-08-28,210885.05656308852,283360.7232111054,181035.6818286355,197452.84331557815
2017-08-29,211372.0261997466,284461.7987736883,181191.7515469552,197678.87907087093
2017-08-30,211944.4080503512,288147.2846068943,182160.9542926585,198615.3558161162
2017-08-31,213670.75491795328,291360.0623994649,183613.19861855198,199810.30214513736
2017-09-01,213641.8507846622,291451.38530811196,183708.99555070116,200092.79678704886
2017-09-05,213365.81131101746,289257.02405874,182545.27709219194,198655.69789290227
2017-09-06,213726.86294140064,289790.07178812963,183152.84616838017,199333.90526318952
2017-09-07,215295.28722607333,291067.21991314157,183666.13244650184,199309.67999623605
2017-09-08,214744.70849331454,288491.8899393366,183083.5470752941,199075.6358882314
2017-09-11,215771.05526090233,292243.69194799906,184712.36881772758,201198.85040096822
2017-09-12,215824.76294110058,293109.388536784,185186.8362226023,201877.0577712554
2017-09-13,215156.76741774078,293006.8392629285,185051.90583596838,201973.95883906912
2017-09-14,215364.1970801825,291975.15239672776,184831.5986889615,201909.3914953296
2017-09-15,215963.58279233932,292465.8135537426,185127.1254035026,202181.17496548902
2017-09-18,215762.45403092643,292161.7529019129,185172.222966628,202611.22350611686
2017-09-19,216092.70125627966,292487.4048108977,185485.28902766318,202814.03503854517
2017-09-20,216230.2209215918,291291.3370590078,185194.0071758982,202887.01115263219
2017-09-21,215647.53759787654,289595.76488081797,184494.63511883613,202343.4442123134
2017-09-22,216005.28875629217,289840.8895429195,184583.49808166127,202383.98649791733
2017-09-25,216003.38848455332,287500.0499733848,183586.56476711767,201970.154871531
2017-09-26,215947.48048971005,287553.5006950801,183655.36340567097,202091.88183275156
2017-09-27,215357.29609334137,289712.3754237416,184399.9420151045,202879.00279992027
2017-09-28,215555.82448290108,290008.1644164208,184614.92458905643,203122.35661795252
2017-09-29,216132.30691988958,290789.54188041924,185490.56408510695,203836.3012622165
2017-10-02,216850.80966578217,290835.4416678938,185860.56647503396,204720.72371483457
2017-10-03,217456.99635047812,291257.826870715,186309.62703252264,205158.88071258322
2017-10-04,217482.49999749966,291451.8072531554,186397.54900525042,205402.23453061542
2017-10-05,217912.661510596,292437.4381201961,187374.83366636076,206619.20382959425
2017-10-06,217295.17320976904,293037.2882737724,187294.31210465595,206383.95846868286
2017-10-09,217364.58313538836,293878.6913336534,187135.8910695259,206043.2030607924
2017-10-10,218306.01776053978,294402.2958736576,187822.13428453347,206586.77000111112
2017-10-11,218821.0914160725,295253.79549099354,188242.818902132,206911.30849476001
2017-10-12,218817.09084399068,294867.1438244202,187985.8466127577,206603.0870197616
2017-10-13,219678.51402750594,296018.55176883156,188529.56599701924,206854.54929491458
2017-10-16,220224.69213097473,296547.8338905705,188837.95116464046,207130.4370458388
2017-10-17,220071.4702202415,296362.1165538491,188826.25306982128,207276.4893784217
2017-10-18,220048.96700228134,296375.70604671503,188979.3374035168,207479.30091085003
2017-10-19,219734.4220223492,295898.4886634641,188692.275361046,207536.0601106955
2017-10-20,219842.73751146413,296467.1788948893,189236.32200355394,208607.0771815003
2017-10-23,218993.41605849637,296276.39167530095,188424.57242665553,207795.73094737812
2017-10-24,219068.52679933232,296940.53679074196,188750.704588049,208160.81172663087
2017-10-25,217845.05184241346,295204.01952744374,187950.64251830181,207130.4370458388
2017-10-26,218220.4055179891,295017.6007730344,187915.30659249664,207398.11623523338
2017-10-27,219834.53633869643,302592.94750822743,190262.1803045352,209093.88492197363
2017-10-30,219783.42903035134,303234.5403689971,190147.45898931214,208314.97251633456
2017-10-31,220647.95265723,304869.66828265955,190702.28445211155,208639.51100998343
2017-11-01,221376.55684762922,304890.612155069,190895.56177831974,208915.39876090758
2017-11-02,221524.7780432602,304787.8005860311,190909.5584072053,208996.4833321154
2017-11-03,222316.3912439479,308116.3201198358,191686.82651392635,209694.31116654666
2017-11-06,223154.0110235764,310175.1893635084,192121.6846034305,210018.84966019558
2017-11-07,222862.96940462486,310061.8313967556,191931.59923715642,209872.7973276127
2017-11-08,222921.97784283152,311492.27810307674,192439.6352837041,210229.7696497447
2017-11-09,221608.69004267608,308677.50951282796,191548.88266391153,209467.07415834718
2017-11-10,220171.08446507851,308950.2894382584,191371.51348883644,209402.20650138092
2017-11-13,220349.8100228333,309464.11847976403,191379.25461437154,209596.9095766885
2017-11-14,220049.96714530178,308615.0670891564,190937.35485375967,209110.10183621515
2017-11-15,219834.2362957903,305903.3364446526,190058.21440709295,208063.41013677264
2017-11-16,221157.8255690564,312066.2152292669,191777.96221983642,209832.25504200882
2017-11-17,221334.4508264682,310366.67615904,191291.32773608319,209215.51177878527
2017-11-20,222006.3469076078,310813.3034089993,191448.96415253577,209572.58420532616
2017-11-21,223897.01727347012,314434.98471667274,192996.52070989867,210943.71429400868
2017-11-22,223710.6906287599,314508.16837641795,193039.7907329701,210757.21978023078
2017-11-24,224055.63995651377,316098.9357969332,193742.40269034688,211243.92741629516
2017-11-27,223471.6564468719,315170.22178401833,193450.08394018476,211138.51747372508
2017-11-28,225582.95836304594,315793.6331006793,194756.57089829555,213280.4515109259
2017-11-29,224537.10880655935,307650.80058947933,193491.48229520037,213150.61609258453
2017-11-30,225519.14923834108,309509.34592074854,194840.403354076,215016.76248327005
2017-12-01,226291.65970733814,308623.47156338487,194301.66820873477,214570.49702840063
2017-12-04,225998.81783094982,305363.3262851597,193477.0460944612,214310.92629612688
2017-12-05,225543.75275664421,304999.50231687736,193012.32564507803,213540.12234760856
2017-12-06,225215.00574582166,305837.334513295,192889.70388287757,213580.66463321244
2017-12-07,225775.18585157677,306352.0130091817,193468.70111889305,214254.06699187247
2017-12-08,226730.72249331657,307243.6108956702,194367.06388664892,215422.48565253557
2017-12-11,227238.59511910204,308186.2097679848,195071.80970413832,216071.56263983334
2017-12-12,227491.0312174641,307824.52778634103,195215.62220692058,216452.86033332764
2017-12-13,227817.4778993396,308224.5291094883,195407.65117245686,216428.43485755642
2017-12-14,227109.9767266719,307976.0842989596,194782.80845420304,215544.21261375616
2017-12-15,229263.48467830903,310087.34204043885,196286.86591909852,217339.0846653059
2017-12-18,230061.59880862964,313273.9023518795,197795.1547639044,218717.22206261128
2017-12-19,228049.71110868856,311692.9406429013,196904.5193145803,217877.34607195307
2017-12-20,226982.75853447046,311723.7607230728,196702.38790939914,217763.2270458088
2017-12-21,228207.63369161793,311446.4247362481,197059.40092724314,218211.59469326504
2017-12-22,228253.14019904844,311360.4595157614,197069.45071167074,218154.63528460183
2017-12-26,228616.99222988889,310589.1222007906,196679.9497485836,217893.56298619456
2017-12-27,229570.12852837954,310816.8339007126,196792.60532624717,217999.67365962698
2017-12-28,229761.25585958792,311502.00390750234,197080.00302693958,218448.1414114922
2017-12-29,229034.25189802144,309988.42866717617,196362.38560861498,217624.48233507547
2018-01-02,229491.11722976388,314911.2231703873,198333.86435612646,219182.10693753583
2018-01-03,231236.26678615046,316433.3779628924,199735.7636306415,220568.5530007798
2018-01-04,232602.26212348364,317524.28154466895,200675.8715045853,221498.1225418111
2018-01-05,233581.50215480817,318932.75395388796,202137.17461031306,222974.26215542812
2018-01-08,234127.48022967286,320085.0843062057,202586.14432141834,223381.88730846273
2018-01-09,233241.6535564586,319592.9832171758,202822.90987086546,223887.51467780894
2018-01-10,232726.97995813406,318344.01699454646,202432.65201349175,223544.95739055835
2018-01-11,234892.68965462063,319543.5009064245,203825.97617581705,225175.9585247413
2018-01-12,237090.90399927192,321267.0492572855,205401.98185485136,226643.88957682863
2018-01-16,236753.25571556733,320297.2789076284,204869.97102928068,225869.1815563633
2018-01-17,238603.82034630954,324660.0176303594,206701.33592457406,228022.12707854292
2018-01-18,237572.17282071337,324947.8282454098,206517.18832394964,227638.82729687062
2018-01-19,238557.51372446262,326219.61509536504,207415.5008607428,228674.50751133435
2018-01-22,240255.5565445859,329902.2003089984,209142.23815401626,230533.84680221468
2018-01-23,240988.16130706694,332499.387361397,210019.99738847025,231023.15715291045
2018-01-24,240653.9135096319,330444.77773304534,209692.74501715036,230933.46360253743
2018-01-25,240799.3343048056,329289.0069185536,209502.20364868845,231031.26561003123
2018-01-26,242604.0923852111,335178.62603103847,211988.94450877738,233706.15552020757
2018-01-29,240053.02758294434,333093.4778128998,210560.30023879852,232156.73947927688
2018-01-30,237076.10188256926,329432.59343709005,208593.9612163955,229775.4558003998
2018-01-31,237856.91353863606,331213.88278838043,208947.76486448987,229889.67493095296
2018-02-01,237190.61825841098,328870.0485638639,208451.73993168597,229628.7027369546
2018-02-02,231634.72376549846,320474.6737095509,204144.33571245833,224629.6887653823
2018-02-05,223707.19012818832,302630.44308282016,195952.61040809308,215235.09019907765
2018-02-06,226535.5945900264,313850.02435434476,200018.75466659863,219475.7131688351
2018-02-07,224224.16405545996,307637.12805839936,198258.07945354996,218285.07132939654
2018-02-08,218001.47421081216,289718.37332080177,191225.63554121947,210097.43162118088
2018-02-09,219390.67286621986,296961.4826460489,193724.55147931378,213253.42332052332
2018-02-12,221939.33732523755,304793.3481453452,196627.4644891521,216384.8894396856
2018-02-13,222678.54303165353,306076.7060936072,197104.56558539864,216923.15084633275
2018-02-14,225372.52827154286,313001.46029739146,200249.9583627775,219850.8043889777
2018-02-15,227699.36100862426,318887.7378892769,202846.51870323965,222656.13034394872
2018-02-16,227952.59722140266,317635.07517703646,202694.56309987008,222721.39841855055
2018-02-20,226218.34922393903,318265.32020885014,201835.44335672495,221326.84389818582
2018-02-21,224712.33386374253,316604.0421007334,201003.16225879942,220225.9957135292
2018-02-22,225014.97714173127,316840.9638704535,201295.95763225973,220511.29327888988
2018-02-23,228000.9041292905,323733.099112932,204352.2206572528,224026.15928413332
2018-02-26,229854.66921769816,328813.7955669491,206643.17371566145,226627.57255817816
2018-02-27,227489.0309314232,324300.4149401904,204075.177670035,223797.8211274359
2018-02-28,225446.8388979624,321951.78276555205,202265.99881329888,221530.756579112
2018-03-01,223304.5325481544,316345.5750136429,199224.06623535472,218309.49680516776
2018-03-02,224024.13545136954,319726.0976538101,200479.25627096018,219434.97067441337
2018-03-05,225660.36943282888,324474.67715908156,202467.7307844788,221971.11587385644
2018-03-06,226572.399853179,327124.6927582752,203208.7149137367,222533.90286068368
2018-03-07,226455.58314839023,327743.52995086054,203279.8402882627,222452.21766302254
2018-03-08,227051.16831706933,329333.3583642031,204101.95260804702,223528.7404763168
2018-03-09,229654.14054209754,336162.70472440537,207295.11635477867,227418.59759729393
2018-03-12,229988.58836813664,337991.6847324941,207533.04354977433,227133.1999275244
2018-03-13,229256.68370576992,333560.12582869263,205802.40727700142,225665.36897984598
2018-03-14,228737.10940664515,333389.9601015865,205297.23669878903,224507.36117770834
2018-03-15,228498.8753391735,332828.12133335863,205101.91100906624,224262.70600236044
2018-03-16,228928.23673785353,332057.74260761467,205058.05946297268,224505.85961157485
2018-03-19,226694.41730167414,322612.2956999476,202148.94237645916,221468.19132355048
2018-03-20,227083.37292232792,323745.6481903685,202577.67303547278,221844.8842142354
2018-03-21,227901.38989875556,322481.1481305254,202316.88463800252,221419.0400587813
2018-03-22,223915.31989074437,311004.274934235,197651.66555777309,215884.26729078428
2018-03-23,220926.79253133197,299631.909373412,193762.25314032115,211282.76792694777
2018-03-26,225173.4998104729,315644.494937576,199128.86187456787,217063.1969143817
2018-03-27,222722.14926734523,304273.126616126,195227.41570440592,213370.64558334343
2018-03-28,222187.7728515178,298786.2530590107,194380.60232696685,212740.1880161008
2018-03-29,224675.72862919397,303776.95413672086,196966.09156539023,215458.42313533011
2018-04-02,221432.56485677455,298883.94948299165,192775.30986759605,210807.8726111334
2018-04-03,222905.17544008797,300350.5557182478,194820.5040820417,213509.79071171232
2018-04-04,224361.58370647003,304118.5424250449,196868.47530743576,215794.17332277563
2018-04-05,224569.7134690261,304417.7161235517,198078.67037357154,217497.2496313655
2018-04-06,221893.930832109,301058.9605271388,194219.79680404125,212650.09404809217
2018-04-09,222643.1379687295,302309.486830794,195350.02694440627,213698.18720925922
2018-04-10,225615.2629826065,305368.9795883192,198563.51054152113,217096.0311605004
2018-04-11,225415.03434991205,305272.49753464304,197642.56713446532,215957.94413573356
2018-04-12,226264.35580287984,306196.44714227156,199266.5549106256,217734.5971848638
2018-04-13,226029.62223597977,305621.521903198,198723.8478529621,217096.0311605004
2018-04-16,227638.95237018893,306593.5595196516,200064.553714467,218880.8927711603
2018-04-17,229214.0776130987,309467.7285723292,202526.52992410227,221222.63520852246
2018-04-18,229160.66997580655,309564.96498206165,202935.4564427738,221386.3059170715
2018-04-19,227497.63216139912,305731.823398433,201671.73446842327,220158.2250287049
2018-04-20,225471.04235905735,301067.68110544386,199712.49836192414,218291.37790715718
2018-04-23,225301.1180598826,300011.77008336433,199463.71601128616,218258.64376544737
2018-04-24,223163.51238227065,298175.5562137088,196769.5009942308,215319.27800696122
2018-04-25,222936.87997383627,298006.41192416375,197014.82804841362,215851.43304466555
2018-04-26,224582.91535689606,302498.24669566395,199369.78434222148,218045.8217921292
2018-04-27,224809.44775102843,302792.79800662666,199493.70276528894,218250.43520391767
2018-04-30,223674.68548002365,301437.48837207654,198200.8072547132,216571.98457991687
2018-05-01,223448.05307158927,302225.1711767858,198908.49254319601,216956.7859277226
2018-05-02,222425.9069046874,300427.9476959295,197869.53542729764,215499.3658385696
2018-05-03,222114.3623538166,300324.6712849974,197720.9478892574,215024.57062716412
2018-05-04,224228.5646847499,305645.98746477946,200220.78219917082,217808.37413422196
2018-05-07,224662.12668411582,307771.6774868344,201032.92271455814,218545.2426881237
2018-05-08,225016.9774277722,307331.90603184584,200952.2771008164,218545.2426881237
2018-05-09,226427.97920102577,310256.7167303982,202621.62921367516,220657.64592469946
2018-05-10,227943.79596282274,313262.12956136325,204429.53422198823,222720.897896506
2018-05-11,228565.88492154377,313096.5779726977,204710.86853755524,223400.50672851782
2018-05-14,228632.0943894977,313422.23931131524,204930.15602371053,223506.9177151769
2018-05-15,227428.52227868585,309838.2789510747,203377.1099890414,221967.71232395383
2018-05-16,228437.46655771774,311866.83911128895,204306.13790453304,222901.18593693222
2018-05-17,228105.01901771955,310663.7377696702,204019.71340971263,222712.78943938526
2018-05-18,227903.99027060872,308758.3026039145,203273.9500892098,222156.0087170919
2018-05-21,228937.13801073554,311137.22354198346,204529.53059973128,223826.25077956307
2018-05-22,228125.82199254495,310340.4220244694,204116.71658833965,223204.00177385015
2018-05-23,228233.23735294148,312789.0603317239,204469.4240531825,223818.0422180334
2018-05-24,228127.7222642838,313087.60211063735,204094.0576746107,223359.56402527835
2018-05-25,227483.53014481073,313310.13634231046,203599.1218527998,222827.40898757405
2018-05-29,226378.0720643052,311730.3119591742,201652.5126202573,220264.636015364
2018-05-30,228199.93259036043,314049.23537246883,203851.26686715975,223204.00177385015
2018-05-31,226951.5540722323,313557.67442195246,203007.9152598682,221836.67565270574
2018-06-01,228256.0406138078,318556.56122152804,205110.62286994504,224014.64727711002
2018-06-04,228422.464412411,321617.62747058726,206216.17465507134,225078.95735251866
2018-06-05,228887.63093122316,323042.22843061725,206472.4755001685,225242.72816547658
2018-06-06,229494.91777324158,325388.74226647563,207911.45752358192,227125.89230567485
2018-06-07,230349.03991270755,323169.56294418644,207261.45935256625,227101.2666210858
2018-06-08,230506.76246703282,322910.4098035187,207602.16464193282,227772.76699597682
2018-06-11,230629.58002994428,323733.11129448254,208083.6616200068,228075.6829373036
2018-06-12,230839.8100928433,325384.0994635771,208360.09448726868,228370.39031710074
2018-06-13,230308.43410607718,325333.5561591969,208028.84301687806,227641.83042913757
2018-06-14,231597.8184880438,328886.4413313908,208904.89912150084,228214.82806567248
2018-06-15,230956.72681193415,327413.1552456167,208258.6291259608,227923.7244445957
2018-06-18,230916.32103390785,326580.9629057873,207821.5358715061,227454.93549772413
2018-06-19,230511.16309632277,325321.7141085986,206985.0906184768,226583.12620062727
2018-06-20,230418.9499098371,327739.17705412064,207607.1236533666,226969.62932338426
2018-06-21,229439.10979270036,324540.3851914545,206256.98553123657,225546.84535971016
2018-06-22,230023.99343106066,323311.43754822674,206672.36233280512,225958.07427146513
2018-06-25,227612.24855154287,312913.2035380947,203493.61293205878,222882.1660992415
2018-06-26,228518.3781280723,314442.0520736066,204003.71827747047,223375.58073070212
2018-06-27,228110.01973282182,307976.00198077835,202081.76834928646,221525.15073221366
2018-06-28,228921.23573671034,311701.435802125,203264.10735164542,222791.6717135973
2018-06-29,228625.29341695862,312492.8043171584,203771.36433878596,223112.40623970804
2018-07-02,229455.41212393375,315116.5304666797,204034.56392603464,223589.5038525182
2018-07-03,229026.15073955577,313082.23360076355,203177.9784721933,222799.88027512692
2018-07-05,230571.371706154,316204.58476815687,205070.6864770417,224617.47602749665
2018-07-06,231883.55934898692,319500.4212603373,207024.58089676735,226517.35760398096
2018-07-09,233305.8627383716,321851.4094475285,208722.54140657632,228556.9849352875
2018-07-10,233785.2312880742,321851.6600305092,209101.58805815305,229379.4427587974
2018-07-11,232881.30202618978,319687.35746646824,207450.07906203746,227701.69286565887
2018-07-12,234352.31238067048,323886.1854534788,209682.677028079,229766.04598596334
2018-07-13,234787.37459456705,323695.8380389649,209869.46143094526,229946.93465284287
2018-07-16,233761.12784128133,323143.8302361968,209441.35266910994,229741.32019696542
2018-07-17,234540.43928281748,323567.1772490376,210173.84990243454,230670.58942477003
2018-07-18,234685.96009229321,323099.0569227731,210266.35107382236,231155.8955991099
2018-07-19,235024.00843320595,321549.95331166417,209596.87747240695,230284.18640642188
2018-07-20,232891.50348499836,322036.8511917845,209409.43882927988,230020.9118110189
2018-07-23,232253.71228085615,322545.0328371797,209687.35359907712,230448.6579502421
2018-07-24,232915.2068745831,323507.7986665931,210606.83073575862,231608.2674229221
2018-07-25,233725.02267824297,327234.60980682593,212649.6374416386,233582.12615758233
2018-07-26,234158.58467760892,323068.43855822046,211263.20895216448,233031.15149100512
2018-07-27,232668.17154853142,319918.7875196207,209739.03812879522,231452.0044406316
2018-07-30,231355.38381988625,318632.4073805305,208316.01033304242,230243.04349436463
2018-07-31,232288.21721506177,319991.59418578196,209409.387838041,231378.0272824556
2018-08-01,231371.5861368176,320335.4330351037,209282.20659112613,230991.42405528962
2018-08-02,232934.30960627372,323478.35070248076,210458.25580600573,232249.83657955244
2018-08-03,233587.60302723295,324593.99850933644,211183.6264209074,233244.97450841227
2018-08-06,234635.95294127063,326486.2930236805,211767.86801696435,234100.26657804087
2018-08-07,234724.36558427857,327779.62945963355,212561.17120638475,234873.27282355496
2018-08-08,234612.54959459207,328251.46972240054,212549.18298018572,234774.66998078994
2018-08-09,235247.54039827696,328211.6523025348,212290.34307529568,234453.93545467922
2018-08-10,235111.52094749553,325472.1658393538,210549.00803277694,232882.99696583534
2018-08-13,234142.28234637555,324314.61731460236,209871.61177295053,232011.1876687385
2018-08-14,235545.58301837166,327249.8279755512,210923.83615452395,233491.63177193812
2018-08-15,234572.74390237805,322567.51531989605,208881.71698024438,231748.11328215327
2018-08-16,235966.04314416964,323617.7042627753,210125.26437940286,233623.06886082183
2018-08-17,236388.0034844983,324170.4127423184,210776.2745564005,234445.72689314955
2018-08-20,237388.24651925228,324532.5845689988,211037.07299624456,234947.35008613984
2018-08-21,237357.3420999203,325381.4955049202,211534.19275894106,235498.424857126
2018-08-22,237880.81695682486,326241.39192500286,211836.4436614352,235358.57899789477
2018-08-23,238326.6807153423,325718.7844363977,211507.43738917756,235046.05303331374
2018-08-24,238870.6585041661,327901.76063685067,212918.83581969762,236460.62843545817
2018-08-27,239347.82673922373,329728.82454794983,214577.2195270173,238327.67576582375
2018-08-28,239210.10704530752,329833.99411388225,214737.3690700434,238442.69573164807
2018-08-29,240462.18609261123,333824.04459917,216237.75617003403,239725.83404490884
2018-08-30,240097.03387584427,332634.01168075507,215506.73901611156,238755.32180063805
2018-08-31,239981.61737128414,333091.57434445573,215474.35317979936,238763.43025775882
2018-09-04,239179.4026545796,331641.95243612904,214785.94839009643,238352.30145041275
2018-09-05,237866.8149545385,327180.799543305,213476.14723422358,237710.8323981913
2018-09-06,237019.8938448198,325676.96170890355,212498.7056837667,236995.28608338497
2018-09-07,236189.37508063653,324632.9326510102,211885.26633498928,236534.70569804305
2018-09-10,236791.06112174044,325533.3285319761,212389.52225552348,236945.93460979802
2018-09-11,237239.12519490288,327854.273090346,213342.86749646717,237727.24952125066
2018-09-12,236877.17343580132,327436.9103725795,213243.35405366757,237784.80955636728
2018-09-13,237496.26196546108,328951.2191527833,214575.57714193358,239191.17639698202
2018-09-14,237721.69420227094,328227.56992537837,214399.66952265886,239232.31930903933
2018-09-17,236242.48267502253,325792.98811812286,212911.24431351095,237965.69822324684
2018-09-18,236423.70859032846,327423.98302077706,214166.38243468164,239257.04509803723
2018-09-19,235813.12127634254,327380.64135557495,214223.6329579515,239511.91092309277
2018-09-20,237152.01273782153,329505.6874514793,215989.36465670634,241452.93541163433
2018-09-21,236788.96082139746,328337.7586806811,215468.43480797313,241232.30529442208
2018-09-24,236247.18334721867,328569.8528062969,215072.45765382797,240430.96950118974
2018-09-25,235950.0408558424,328910.6353218107,215220.54663825428,240207.836773755
2018-09-26,235803.91996055434,328755.6120589422,214881.34987761392,239489.0871178639
2018-09-27,236961.3854781234,329808.2708710405,215616.9952496652,240158.28509135026
2018-09-28,236802.16270926743,329990.8928213457,215495.4146466247,240183.0108803482
2018-10-01,236870.77252047043,330493.38984537794,216050.62005574643,241017.48123292596
2018-10-02,236588.5321600989,329728.32232012326,215614.06407748166,240877.03474724136
2018-10-03,236543.1256669704,329929.38474103244,215826.834199386,241009.27267139623
2018-10-04,234202.1909133006,323607.4558056873,213309.20090639137,239125.50790474465
2018-10-05,232262.71356804023,320319.043261875,211718.0871649529,237787.21206218086
2018-10-08,231935.36675744632,318514.9884007794,211153.3917182991,237787.21206218086
2018-10-09,232259.81315328093,319016.25516680203,211167.88994549634,237440.25018093872
2018-10-10,226238.75214155627,307032.1603750978,204587.8352210949,229922.1087594361
2018-10-11,222427.307104916,303755.57269602595,201298.81478592244,224857.72660885303
2018-10-12,224042.23804003975,307480.20159908925,204369.20505779632,227980.58374885004
2018-10-15,223053.6966786251,304565.9900226217,203071.36667182882,226700.04815022068
2018-10-16,226510.59101451508,311997.4849402027,207322.16793461973,231657.11837446454
2018-10-17,226329.7651564174,311435.9568024181,207300.59970344833,231698.36139093075
2018-10-18,224374.48555143384,307846.1792845109,204217.10424076775,228352.37152349902
2018-10-19,223870.11342621993,307379.896058284,204230.38062243,228228.44226528268
2018-10-22,223244.5239669273,307979.3741020132,203976.16113294367,227204.0738490245
2018-10-23,221987.44420452128,307596.4390912898,203048.82974914365,226047.36740420255
2018-10-24,217576.31341281804,301163.8903070827,196908.57415802768,219198.4239561863
2018-10-25,220393.0162013168,306039.2194794314,200923.54051266564,223131.02565976314
2018-10-26,218053.48164787568,302136.85109473445,197467.24845158774,219206.7326221249
2018-10-29,217249.3666594323,299808.8179136028,196790.51631726426,217992.2659333685
2018-10-30,219330.26422778462,302106.8833166802,197711.2788945196,221222.63520852246
2018-10-31,220534.53643871075,305041.7944429338,198347.94854377586,223585.39957175334
2018-11-01,221082.91485682453,306183.5431224664,198247.40208855565,225964.7812668613
2018-11-02,219377.47097834994,305928.68135489494,197836.05479456074,224626.38531988862
2018-11-05,220739.06568639318,305688.7762442212,198267.48012540478,225865.5777976429
2018-11-06,221595.2881262021,305536.0812309985,198573.21004562816,227294.86854789546
2018-11-07,224481.40084032016,306510.3540575333,199643.42847987922,232161.0439688595
2018-11-08,224394.78845474904,306086.5694071338,199490.69184033555,231739.7045118058
2018-11-09,223498.26025121592,304350.70103039703,198914.78399501138,229476.04351338447
2018-11-12,221507.47556900638,302669.23587401846,195976.68021961392,225188.1712626269
2018-11-13,220585.3437041497,302632.0373530013,195757.1203117792,224766.8318055732
2018-11-14,219456.28224836153,303270.0087408826,195227.88417526588,223230.1290245726
2018-11-15,220419.2199484526,303670.5962745686,196291.37218535194,225559.85893286698
2018-11-16,220568.94135861428,304299.28402010514,196521.88940155442,226146.47076901206
2018-11-19,218554.353272518,303851.120667548,195437.8068546302,222321.3812005922
2018-11-20,216113.1041738969,303581.3811914048,194444.28442975265,218207.08999486463
2018-11-21,216472.65558974934,303851.4372461372,194747.30381317277,218950.5654397536
2018-11-23,215997.6876693367,303718.8649444314,194469.8060779647,217488.34033897353
2018-11-26,217981.17130749696,303989.143167628,195393.32082966072,220999.50248108775
2018-11-27,218467.2408154366,303523.16326171294,195475.93686587323,221742.9779259768
2018-11-28,220810.77594095957,304394.7191896608,196397.25733804048,226848.8033018438
2018-11-29,220704.76078079166,304571.89628359274,196294.90678928324,226353.0862689785
2018-11-30,221929.7359522412,304485.84269201284,196560.17882763402,227732.7252324174
2018-12-03,223538.36598633605,305803.934598595,198211.39543490187,230748.17034166632
2018-12-04,220114.77641302708,305210.4590346237,194156.10559022764,223271.37204103876
2018-12-06,219805.73221970742,305328.9543875989,194062.8430866253,222932.71882573524
2018-12-07,216746.29472014503,305548.1320460574,191321.31912543552,217752.6159784655
2018-12-10,217226.86344147215,305420.80315133044,190795.20027724962,218165.74687398958
2018-12-11,217222.26278357807,305348.46693573106,190811.62342698808,218215.29855639426
2018-12-12,217253.26721721207,305719.4139384916,190793.8775391027,219314.14465287293
2018-12-13,216585.37170815427,305560.0184198799,190839.90937504187,219239.76707706135
2018-12-14,214757.9103811845,304821.8887673965,190204.1880309959,215191.54478120676
2018-12-17,212322.1620691759,305118.0873261262,188983.61234374714,210969.84154473114
2018-12-18,212737.62147987165,305454.337176738,189152.4782445237,210738.50025576676
2018-12-19,211874.89811042984,304523.2517764468,188592.25739043314,207582.50855642438
2018-12-20,209608.27398317962,305718.082025448,188156.69065268742,204203.584338465
2018-12-21,207725.50474717884,304857.2216849281,187574.92446987904,200019.5203597352
2018-12-24,205218.14619490586,305429.598035791,186962.42454020388,194734.40798753095
2018-12-26,209806.70235843727,306166.9047543709,187987.80103979274,204573.26992052712
2018-12-27,210858.8528159527,307010.53571059526,188467.7894970048,206143.90809614424
2018-12-28,211209.30293031904,307408.3726332134,188566.3931799633,205877.930681701
2018-12-31,212499.78746960819,307652.4534129317,188797.90996444738,207681.21150359823
2019-01-02,213972.79811012978,307796.1871233956,189100.40156438842,207897.23681800117
2019-01-03,211544.55087077452,308164.5429144796,188563.1540149717,202936.26252181025
2019-01-04,213983.69966905267,308177.2997804968,189063.58870734705,209733.8524080616
2019-01-07,214487.8717656625,308687.6249798775,189049.196246417,211387.4771386556
2019-01-08,215480.71374206513,308569.2429103568,189416.20135835296,213373.5486112015
2019-01-09,215785.25729179275,309271.66700573824,189682.32361804106,214370.68862823924
2019-01-10,216233.72142216336,308832.98707554274,190164.4041023155,215126.87733305836
2019-01-11,216776.49903936262,308985.9891192864,190183.4418332249,215209.96399244413
2019-01-14,216061.49679404157,309077.9832810843,190023.67318640265,213896.99456533164
2019-01-15,217217.16205417376,309257.8300007956,190435.9182124462,216348.45143484656
2019-01-16,217736.53632469446,309511.9076571048,190750.28474876872,216871.99749338563
2019-01-17,218475.94205971458,309575.52199455,190790.67261911446,218517.41366244992
2019-01-18,219690.4157294493,308972.53406035004,190914.72540893056,221425.74705417748
2019-01-22,218807.98954250457,308952.633127761,190646.6249742904,218434.2268986553
2019-01-23,218741.88008885272,308845.536841106,190664.73838029575,218891.30362968575
2019-01-24,219798.53118996017,308880.3747125754,190963.4729514798,219007.6249528258
2019-01-25,220040.9658581177,310415.08404778497,191631.57059703185,220860.75777035448
2019-01-28,219163.34035767114,310534.4998210257,191628.92037014646,219182.20704194473
2019-01-29,219601.50301493116,310876.6745339415,192189.11556705242,218891.30362968575
2019-01-30,221204.0321766013,311878.1636547238,192900.1575679864,222356.51784811553
2019-01-31,222870.87053448643,312243.02780389757,193203.88252205288,224309.35465690715
2019-02-01,222459.51171017456,312481.4497863253,192983.47909428473,224417.3673141086
2019-02-04,222910.67622670045,312629.83690214524,193001.35603869407,225996.21405125546
2019-02-05,223739.59476205098,314559.7496167008,193408.18680700866,226943.6021770707
2019-02-06,224120.6492528432,314156.2921353322,193285.915057907,226644.3900988731
2019-02-07,223985.12987357195,311041.95046063495,193362.03317516233,224483.93674602607
2019-02-08,224523.7068900853,311133.91500623256,193580.71040339777,224758.122721999
2019-02-11,224658.7261978463,310893.7778034186,193454.30966374502,224882.75271107763
2019-02-12,226063.02701286282,312032.70748521923,193832.97983617894,227774.568875337
2019-02-13,226261.05533091235,311752.5092647186,193865.4786527836,228514.24035268786
2019-02-14,226862.241300506,312612.132853897,194369.50391061316,228007.211521617
2019-02-15,228427.3651132112,314277.62106082053,195058.05916798807,230492.00315929516
2019-02-19,228906.73366291382,315515.9351313547,195606.9998008659,230890.81912434672
2019-02-20,229141.9673013241,315417.2334059681,195712.10014078775,231356.10441690683
2019-02-21,227643.45301378096,313871.89466956287,195027.32163278278,230533.44638457915
2019-02-22,229022.9502818903,314910.37185385736,195845.3528925443,231962.83723924053
2019-02-25,228799.61834542343,315179.31151729636,195816.60220940426,232278.46644049746
2019-02-26,228985.34490432133,315196.8312619547,196052.44801073775,232112.39322613482
2019-02-27,227597.64646344428,314099.9332448231,195486.46988155076,232012.68923487194
2019-02-28,226811.33402076497,313131.42246780643,195113.9219335538,231580.5385016572
2019-03-01,226707.51917524208,314121.95891897957,195045.31126908376,233026.4465837869
2019-03-04,227203.59011338625,314151.312396513,194525.9568668929,232178.86255364344
2019-03-05,227064.87027644954,314170.8721568448,194536.3398287151,231863.13324797762
2019-03-06,227001.76125185902,312480.006903628,193856.62145192252,230458.66839113197
2019-03-07,227221.99274496254,309740.32611150446,192444.07936726962,228530.85768456495
2019-03-08,226986.45906364612,309549.8818550645,192459.82504214323,228073.78095353453
2019-03-11,228770.71421213233,316155.1543000132,193365.22755215465,231381.13051913146
2019-03-12,229277.9867521056,317519.436645456,193598.73626643923,232253.64054709062
2019-03-13,229877.67250716855,319491.3303572799,194543.24323958228,233790.94395454455
2019-03-14,229434.40912050422,318464.69234139926,194300.4736548591,233641.38796765023
2019-03-15,230566.07094814559,321412.52421218035,195173.8035048866,234795.69190665864
2019-03-18,231242.56768717925,321834.1128935562,195481.1781168638,235647.0799043402
2019-03-19,230746.09669182694,323115.0854109436,195674.7334630705,235705.44077472802
2019-03-20,231211.06318203502,323791.74206177145,195822.37178383805,234996.1009332734
2019-03-21,233059.32748383022,327818.9039509397,196952.7121885547,237650.26923080775
2019-03-22,231967.1713054967,322518.6005381516,194173.39572581608,233076.2985794183
2019-03-25,231981.07329348096,322050.8514824275,193931.39595070583,232901.01575943708
2019-03-26,232977.3157561531,323232.1320755554,194870.53601864332,234637.12652296346
2019-03-27,233602.60517253968,321400.9708095361,194041.37469134317,233410.24688750366
2019-03-28,234577.84463178238,321410.56033444696,194365.8183299529,234294.9696533484
2019-03-29,234988.9034131881,324241.5126330226,195376.94679489016,235772.31051987223
2019-04-01,235331.35238339083,327435.33028920507,196607.25154024296,238568.32676481566
2019-04-02,235909.93512072228,328365.96508628665,197008.2510865915,238685.14861000027
2019-04-03,234747.6689166551,330111.1836931847,197250.1700671117,239060.7403521873
2019-04-04,235720.50803264868,330359.3166297201,197442.69017997078,239695.20209578588
2019-04-05,236886.17472298542,331417.81824808917,198125.94165598147,240855.31209051036
2019-04-08,236526.5232928309,332453.4424533396,198235.380603125,241038.9035764302
2019-04-09,235913.53563559588,331852.02513009805,197513.90822613836,239803.61517062297
2019-04-10,237247.02632476445,333614.3341064168,198274.77776310855,240621.56829573246
2019-04-11,236781.0596915359,331897.71620951325,197847.97503043944,240554.79865499714
2019-04-12,236930.1810158853,333092.9711917621,198788.71226778114,242182.29613486867
2019-04-15,236788.56076418931,332647.30437042855,198555.40081688238,242023.73075117345
2019-04-16,236954.08443407406,333505.4575056739,198592.60004408367,242182.29613486867
2019-04-17,236912.67851302738,334672.651511324,198591.6339669882,241589.77813859854
2019-04-18,237992.9329894175,334922.63947887754,198897.90613503385,242065.47428968412
2019-04-22,237505.86333845742,335584.75416183,199040.92659959357,242274.19198223745
2019-04-23,239706.4780263578,338277.59611411544,200694.98804534823,244452.6641286862
2019-04-24,241099.2771966391,338202.0954721024,200210.24288826945,243910.09823245642
2019-04-25,240131.53881004982,338325.6151192048,200367.552805049,243759.8415146998
2019-04-26,241435.22523720894,338330.4699237027,201046.84110634582,244895.0255116086
2019-04-29,241036.86827216292,338010.8771178715,201306.91398040595,245278.9259197343
2019-04-30,241646.55545743043,336972.4884502622,200976.1668610769,245404.15653526626
2019-05-01,240646.51245128052,334050.8081519502,199849.60698595995,243559.53259249395
2019-05-02,239638.6683295711,333128.13794871094,199281.36590861544,243033.88434136802
2019-05-03,241946.59836356604,339824.45448859344,201546.20334065374,245412.46520120485
2019-05-06,241808.6786410457,336781.0253908203,200485.93658433523,244402.61192423693
2019-05-07,239384.33195947023,329476.11431290745,197180.9015497598,240321.1549646281
2019-05-08,238891.6615075956,327637.6005262253,196901.41252299238,239987.20665654275
2019-05-09,238753.64177077322,324554.3781898773,196209.15341400166,239261.14937880207
2019-05-10,239198.2053433641,325039.2592867909,197016.836722263,240463.00291203725
2019-05-13,235597.09038392492,308734.58463677805,192276.94644242513,234420.10016447154
2019-05-14,236486.61758631485,312652.5960213653,193859.97521251073,236540.11133612355
2019-05-15,237833.91024916564,315786.95976718987,195337.099796528,237925.65645968745
2019-05-16,238742.24014034006,318015.50791214674,196862.06549603576,240129.2548127697
2019-05-17,237873.91596998373,313673.57308229344,195496.62960743855,238576.63543075428
2019-05-20,235982.8455469132,309077.5669606918,193690.05826303098,236999.190155332
2019-05-21,237847.51219424378,311690.2277411082,195255.73158974646,239135.8186588612
2019-05-22,237606.47772631486,309528.8186120795,194611.01178974524,238401.45271518192
2019-05-23,235883.33131637826,305391.0100407602,192521.05837598562,235488.51452064503
2019-05-24,236397.90490040075,304947.0028124424,193030.77288570406,236022.67164652733
2019-05-28,235480.5737220423,303223.40522485255,191615.98606106418,233827.48206379253
2019-05-29,234531.6380242375,301899.6215789481,190322.56316246063,232258.34545430884
2019-05-30,235346.55455730174,303648.1808295409,190969.3512461573,232892.60698908963
2019-05-31,234111.7779842518,299858.9400861294,188708.61996022795,229754.43387453113
2019-06-03,234443.92548134387,300511.75243291934,188531.4302763335,229170.2245441996
2019-06-04,236863.17143351497,300970.2878217138,190177.02653105746,234144.8130400007
2019-06-05,237598.47658215128,301472.55152895174,191169.8776383425,236172.92836428393
2019-06-06,238432.3958326041,302101.5135628724,191806.0981626538,237708.6301011955
2019-06-07,241323.30923322035,303332.6372341875,193483.7774621192,240087.41116985015
2019-06-10,240987.16116404647,302681.4185269715,194203.03712719335,241189.16029418682
2019-06-11,241087.6755376019,302583.6307257772,194399.16932760054,241130.6993193901
2019-06-12,241009.96442491282,302962.6193323261,193761.35493802183,240705.0553727538
2019-06-13,242446.86990239605,303876.6798063158,194582.78597111086,241698.29131784447
2019-06-14,242676.80278279795,303720.7626761853,194034.55603619196,241431.11265049447
2019-06-17,242733.5108920576,303847.9264976779,194380.15848484318,241523.00849786322
2019-06-18,245515.70874635075,304855.1892362552,196539.7658525149,244051.9461798656
2019-06-19,246151.59967875408,305623.122029669,197199.31476302122,244602.9208464428
2019-06-20,247518.49514480573,308708.4411118952,199027.24547177035,246939.8582721779
2019-06-21,245774.34573143962,309361.6530942589,198659.59467262408,246580.88386186794
2019-06-24,245938.86925830395,310970.6976006757,198674.94271903284,246278.9689646301
2019-06-25,245048.34191289352,307764.9965714904,196510.97685136538,243863.5496823186
2019-06-26,243829.46761386882,306806.1359695969,196585.2495655485,243620.2959686953
2019-06-27,245486.2045272474,306870.9631332125,197259.14445575722,244484.09691308034
2019-06-28,246170.5023818406,307252.2830784277,197992.12697585847,245742.20912411643
2019-07-01,248064.47321967044,306921.0191492555,199624.04887512902,247973.13598082797
2019-07-02,249280.24707533178,309830.8364360397,200395.99806864138,248619.009627041
2019-07-03,251369.1457878477,311381.9341301236,201879.08027935034,250606.68277012926
2019-07-05,249813.32330523265,309819.4541504298,201332.6077471421,250321.58541358635
2019-07-08,248865.7878076565,307765.49923447904,200187.0129186913,248946.15083532123
2019-07-09,248738.469601153,309084.6234461049,200546.02715012865,249256.47450290652
2019-07-10,248528.13952395195,312644.51498212677,201875.10414496757,250447.3165511629
2019-07-11,247036.12616604174,311590.258751679,201919.11857978866,251034.52901376132
2019-07-12,247824.63892336603,313343.04786792956,202789.07803417149,252158.30110805566
2019-07-15,248347.21365155219,313908.780670818,203039.25682283833,252242.28870712148
2019-07-16,247847.94225574262,312009.0274527139,202205.55380602533,251428.74017600357
2019-07-17,247994.2631796347,312922.4260307667,201324.07447955146,249717.7556191107
2019-07-18,248460.8298986755,314778.50462498487,201939.0269781803,250631.80897676272
2019-07-19,247269.65956131727,311564.39160120767,200700.38295493968,249239.6569622116
2019-07-22,247983.56164931587,313881.3080387997,201439.43157237247,249851.89552703465
2019-07-23,248859.98697813787,315104.9043740262,202695.98840422166,251638.45891264587
2019-07-24,250622.73905168442,316927.44127630006,203638.98903249745,252820.89219055473
2019-07-25,249081.3186285639,314299.95580882573,202230.12767847578,251613.13249719454
2019-07-26,250784.06212088332,316413.8797675677,203585.0686946618,253298.99084745388
2019-07-29,250453.71488122802,316551.5097695849,203279.55968061677,252837.6096268408
2019-07-30,250737.75549903637,316053.76387914346,202693.0297333813,252217.0623960791
2019-07-31,250359.50140870144,312042.12666302576,200633.50624826553,249457.78446920138
2019-08-01,251236.52682333576,313115.8991754189,199779.93637019597,247285.41869169543
2019-08-02,250724.35358256233,308419.61901564914,198047.43334866178,245423.47668618368
2019-08-05,247413.58014196032,299750.98615886644,192925.38440152205,238042.87872250756
2019-08-06,250301.0930563071,302220.38128012134,195220.39716844785,241380.86023722743
2019-08-07,250543.22768155846,304481.5199352886,195859.2480997776,241523.60912431666
2019-08-08,253989.92055863992,311157.1769058149,199181.13260656086,246262.25152834406
2019-08-09,252352.98647706627,308948.1258037684,197841.32938129836,244584.7018440233
2019-08-12,252934.0695719488,307870.7658320165,196194.34728463486,241607.3965145647
2019-08-13,254746.3287250077,311389.03269491397,198917.54902032128,245364.71539816028
2019-08-14,252585.61974362336,306319.1451473371,194199.26551114288,238110.04878087845
2019-08-15,254110.33777830232,306934.8036737601,194608.35197429472,238739.0047819876
2019-08-16,255706.96609615177,310630.43828069814,196911.5088238453,242261.47872230737
2019-08-19,256247.9434559142,312189.5662882902,198656.81621980344,245180.32307696927
2019-08-20,256200.43666244272,311749.4888783078,197670.23190127668,243301.56353076256
2019-08-21,256956.14472869624,313049.11585620424,198921.95732277635,245280.92800791224
2019-08-22,256014.21003203458,312154.2265309795,198619.94812580376,245205.3491791939
2019-08-23,253397.33581902212,308354.8795970662,194831.07754564105,238906.77977130146
2019-08-26,254683.41972902126,310013.52035925,196675.24338087704,241548.73533095015
2019-08-27,255551.0437992633,310796.15388882515,196490.89218345488,240600.94678749936
2019-08-28,257150.67254617412,311238.27678041597,197333.6708858131,242295.01369928833
2019-08-29,259293.67899609645,312336.2668108001,199362.71503892398,245390.0418136116
2019-08-30,259599.72276035472,311461.48384771537,199278.12196640746,245280.92800791224
2019-09-03,258543.87177366362,312544.07939965563,198466.9037567351,243846.73214162368
2019-09-04,260096.39378431113,313737.22020899813,200466.28289837387,246614.5189432578
2019-09-05,259889.86425058788,311681.47674300976,202012.2340976842,249784.8255730727
2019-09-06,260757.98839234014,310408.2898593879,202060.87396963386,249977.7267690201
2019-09-09,259470.10422490418,309559.0895787387,201818.16055212932,250103.45790659657
2019-09-10,257661.24555811484,308351.99809966603,201348.53786905512,250044.79672298205
2019-09-11,259200.1656236842,309344.3902726109,202700.9637792765,251822.85123383687
2019-09-12,258270.0326146639,309718.8587787824,203301.92492209544,252695.16105297828
2019-09-13,255512.5382929759,308703.86738796375,202775.37329414877,252527.3860636644
2019-09-16,257065.06030362344,309459.3690498382,202453.37869183952,251747.37250952743
2019-09-17,257721.25413934194,309831.76712785516,203111.56311634943,252384.93748980187
2019-09-18,258316.73929371903,309151.77714839304,203045.34946342977,252535.79483401185
2019-09-19,258507.36655341712,309644.6781198692,203300.61201116853,252518.97729331692
2019-09-20,259562.61745429598,310592.88885772374,202446.3430771134,251325.83284365592
2019-09-23,259695.9365189222,311193.33642394695,202344.22546074734,251266.8713468147
2019-09-24,259351.38724837653,310035.0285544956,201429.81473296543,249295.31501355916
2019-09-25,259107.8524228965,309458.21598584106,201556.29883277032,250769.75285222486
2019-09-26,259435.99934790676,309001.8201099071,201630.02777442013,250247.40804659258
2019-09-27,258656.98794927678,306858.6534980144,200636.69557558376,248899.20186754785
2019-09-30,259442.20023463358,306394.8219164732,200965.41167468228,250053.60591096513
2019-10-01,257370.90403927764,306229.4467893892,199613.90553974803,247079.30371377344
2019-10-02,254675.8186420658,306211.2953563946,197419.2701818866,242714.65138139078
2019-10-03,256852.1298545692,308644.0014201901,198760.65504617142,244703.2254641591
2019-10-04,259664.33199947595,311191.1777738147,200399.19706314962,248014.57920611196
2019-10-07,258297.73657633047,309948.0492487457,199805.87572324745,246944.3629705783
2019-10-08,255921.79681694484,306694.6762319741,198180.96780620844,243110.66442299317
2019-10-09,256699.10797244008,309274.1437004655,199257.818237935,245419.37240541884
2019-10-10,255928.797818088,310139.52827163547,199788.18288490555,247079.30371377344
2019-10-11,256189.5351035198,312759.9338303208,201073.0189378711,249640.7753286678
2019-10-14,256706.60904509344,313155.0266708397,200845.44974730525,249362.6852807478
2019-10-15,257107.16632478446,315710.6580798481,202392.4979723067,251831.46021300217
2019-10-16,257090.4639363429,315373.2362082981,202239.7884526499,251426.93829664338
2019-10-17,256889.63521783613,316117.391120311,202626.09903057397,252168.5117577633
2019-10-18,255667.06038963574,313761.29615593544,201663.90326619937,251064.6604408398
2019-10-21,256267.54625911507,315622.1977225843,202366.5300807789,252766.63560093177
2019-10-22,256955.8446857901,314095.1576205148,202055.29455772732,251940.9744363371
2019-10-23,257874.47605007517,313661.98228803766,202688.19432019547,252674.0390227007
2019-10-24,258477.16223419952,315302.36299442005,203363.62080059436,253086.86960499804
2019-10-25,258706.59504309116,318034.1164491603,203820.03101507574,254123.25055032395
2019-10-28,258297.63656202838,319648.66181221843,204189.5743660617,255555.64453725234
2019-10-29,258191.52138755843,317537.064005147,203896.71611334733,255479.76539530727
2019-10-30,259658.4311556553,318865.75981212535,204584.6551203371,256263.38270816463
2019-10-31,260236.3137928724,319847.8065770011,204497.15034316914,255580.97095270368
2019-11-01,261221.45466801757,322257.13114159304,205802.6631732308,257948.64043197053
2019-11-04,261671.91908442907,324008.74735210644,206346.0336012986,258984.92127288764
2019-11-05,260402.63757717356,322564.1308614343,205692.3382996692,258698.52255902902
2019-11-06,261151.74469949203,322451.86847873544,205775.08746204764,258757.58416027916
2019-11-07,259542.81462249102,321921.8990185213,205807.06815908814,259667.43313275743
2019-11-08,259551.41585246692,322314.1306822256,205918.959374918,260307.80103648105
2019-11-11,259132.35592689755,321637.440651904,205411.2739215789,259810.7826463001
2019-11-12,259886.96383582853,322517.34613727743,205799.34291536128,260358.45386738368
2019-11-13,260179.00559780048,322712.72801619006,205826.05215189734,260442.64167526728
2019-11-14,261857.8456719311,323097.9561768988,205919.726967376,260821.83717617474
2019-11-15,263002.80940174445,324358.56290102674,207262.37617878325,262709.20570154674
2019-11-18,263258.04590056377,325075.4408619028,207458.12715797834,262903.00783717417
2019-11-19,263879.5347734726,325178.7471100773,207495.56158880144,262827.1286952291
2019-11-20,264129.67054288764,323573.78922544565,206613.1133675748,261849.80935115326
2019-11-21,263087.22147267056,322409.30670706637,206178.67295381415,261428.46989409954
2019-11-22,263623.0981030288,322304.398632193,206484.45013574327,262009.776196573
2019-11-25,265891.62250201777,326123.9454725003,208185.0204230536,264040.4942354876
2019-11-26,266995.58036799263,326731.87985686265,208622.45301788533,264638.8182874738
2019-11-27,267789.49389762734,327803.42507673637,209541.29954282142,265818.3485375246
2019-11-29,266290.6795671781,327106.1628216541,208684.51392294132,264832.5203186924
2019-12-02,261646.7154803137,324330.6510164444,206978.4025164305,262582.7738331079
2019-12-03,262444.42955342616,321107.3470987835,205862.19820400095,260821.83717617474
2019-12-04,262997.408629434,323954.1893485319,207052.1368035271,262431.11565362674
2019-12-05,262965.00399557134,325038.4474513429,207301.77775963652,262903.00783717417
2019-12-06,264522.0266498109,329872.9712896764,209057.55686297093,265304.31239783094
2019-12-09,264150.1734748069,328117.46735633083,208318.22437193122,264470.1423584799
2019-12-10,263839.5290526546,328254.7043915384,208168.60095669044,264175.23476986494
2019-12-11,265345.94447005924,331727.19544385606,208954.5157970055,264925.2170013324
2019-12-12,265540.3722732351,335908.44805091084,210369.9782679544,267208.5985683067
2019-12-13,267180.80685538036,336737.95154571044,210894.12347901834,267368.6655181354
2019-12-16,267457.7464577435,340159.18950097635,212548.95445132442,269205.58142142254
2019-12-17,267439.6438690733,340539.3513870784,212418.6767957956,269264.44281385484
2019-12-18,266460.90390925907,340540.981587939,212481.6339016094,269281.2603545498
2019-12-19,266905.2674532458,343183.339209196,213366.00201524337,270385.1116714733
2019-12-20,267864.3045955572,345368.02624872373,214119.43014646653,271570.5480816492
2019-12-23,267865.40475287964,346460.93239373656,214488.43736647393,271985.3807521245
2019-12-24,268225.45624024235,347131.1696218014,214596.45132622134,271993.8896268808
2019-12-26,269569.64845972974,350145.67415295594,215932.00911573213,273441.7997971885
2019-12-27,269138.28677500883,349655.9569186683,215912.55958746842,273374.0291123642
2019-12-30,267349.03091142036,347058.93156079133,214724.54944304415,271866.8571319887
2019-12-31,266644.93022502225,348056.79933445045,215260.80964996622,272527.3460219009
2020-01-02,270125.62796479894,355131.41227305715,217634.92946942177,275076.00427245616
2020-01-03,270495.58086806413,351442.2793411408,216066.90617556142,272993.03173209657
2020-01-06,270265.94803056837,352718.856403248,217071.62197632727,274034.4178978675
2020-01-07,269321.71300495975,354013.7878945966,216659.23360597587,273264.0143669848
2020-01-08,269441.930196018,356216.3819511098,217709.37590314995,274720.33330763987
2020-01-09,270768.01982683525,359268.9536614086,218978.97377570748,276583.1762528317
2020-01-10,270894.3378903183,358073.23336015857,218500.73617024458,275787.24609767983
2020-01-13,271893.98083926004,362383.55021627684,220103.94209511107,277683.92433307937
2020-01-14,272180.3217860154,361262.8203236315,219700.9811621798,277260.5827878477
2020-01-15,273040.1447406979,360483.52353867283,220054.648696065,277887.0361787344
2020-01-16,274864.3055957002,364894.4129216319,221697.26204594498,280198.74729342706
2020-01-17,274707.5831843954,367092.2295202694,222460.0799885071,281070.8569037506
2020-01-21,274755.49003507505,367138.2394190861,222050.53476414745,280520.48286362673
2020-01-22,274945.61722326296,368917.98406991264,222254.30280454975,280554.31815383444
2020-01-23,275771.4353152501,370679.2427241287,222577.48841087014,280876.05372403417
2020-01-24,274734.88708885375,368292.2980785876,220971.82170054913,278378.2485131992
2020-01-27,272911.4263339658,358428.8038677897,217327.7307634211,273915.89427773166
2020-01-28,274254.3183675266,366699.23411638045,219631.54336401666,276786.38820289564
2020-01-29,275210.4550950786,365956.18351428444,219701.404385277,276557.7497329715
2020-01-30,275802.1397059779,367221.7741797964,220254.0311172646,277455.28586315527
2020-01-31,272610.98337062204,358773.8491538077,216805.29908419595,272417.2311721125
2020-02-03,274137.0015912276,363375.68912751414,218554.88563146433,274440.9419024042
2020-02-04,276070.77812127135,367894.80254470266,222045.28157959355,278623.70452381833
2020-02-05,277843.33159641834,369027.5525822826,223789.5808316844,281841.36053904216
2020-02-06,278612.2415505417,371816.7221620704,224885.4015235518,282789.6496045375
2020-02-07,278748.36101562524,370939.41372690373,223778.38581940465,281282.477624162
2020-02-10,280579.6228860727,374512.3327474136,225522.73090931872,283382.3678096254
2020-02-11,280607.52687634336,374150.4619850562,225916.67648632906,283873.48003968137
2020-02-12,281530.35884131433,376686.2511317235,227408.75965341448,285702.4876946655
2020-02-13,281855.5053372632,376900.721222989,227085.12947586633,285397.5696651607
2020-02-14,282516.99993099016,378102.1645016636,227497.33792462497,285854.846605009
2020-02-18,282747.3328686002,379737.760608453,227176.34458132222,285118.1782599251
2020-02-19,284192.33950454916,382967.0753683351,228450.83502796796,286481.5002047135
2020-02-20,284715.31428994343,380771.7913914597,227285.73842205343,285304.37246047624
2020-02-21,283220.2004886699,377374.8219235049,224865.56922600712,282366.3080593058
2020-02-24,277592.0956696808,363146.75523369183,217517.02211675455,273001.5406068529
2020-02-25,271409.311531549,351084.1271722946,211809.7711998603,264728.91225548246
2020-02-26,269595.75219256355,353168.9733798381,211776.09832473178,263755.29677453585
2020-02-27,262215.6968446488,334901.47149688314,202983.41381612833,251909.54165194297
2020-02-28,263312.85373808455,331994.1703741624,202063.49495474968,250851.1377366593
2020-03-02,268886.0507052508,335177.3859895807,207504.57877330692,261714.6683991403
2020-03-03,265367.647573603,332226.04442750063,204819.12008685828,254221.15266222667
2020-03-04,271024.9565687894,332973.628117459,210820.2165336888,264906.79779009504
2020-03-05,266871.56263345655,329254.9250833891,206360.90709138158,256100.81314811346
2020-03-06,269286.3079420357,328821.42460570455,203824.89249612376,251867.19748697893
2020-03-09,257232.78428815326,327908.738788575,194596.4583836157,232197.78228692527
2020-03-10,260025.38362985908,326685.49387028447,198308.5592761393,244212.81396496543
2020-03-11,248566.64503023934,325625.91512001184,192519.52311170613,232307.89713671358
2020-03-12,236857.3706039964,320230.9849218768,180975.23487050703,210081.31481134825
2020-03-13,243981.28932437339,318673.3799516904,187717.7622868243,228040.34608096245
2020-03-16,233193.34664857076,315627.5220717708,181145.42422888344,203087.32007483803
2020-03-17,235265.64298694718,318181.90756044403,183802.77069411572,214052.45671235095
2020-03-18,221595.08809759797,316012.975914092,180654.0899857691,203214.35256973022
2020-03-19,225157.29749354158,314285.45779649896,180824.41570194624,203646.10288530937
2020-03-20,224765.44145812857,315087.3455638613,179701.9174314095,194870.24967040622
2020-03-23,224255.4685320001,319173.7101785056,179571.70787820008,189887.65282189325
2020-03-24,235037.310335378,325151.510011131,183917.99703804578,207092.1971616396
2020-03-25,237032.09558966933,323760.71023489645,184892.7996988571,210192.3306008166
2020-03-26,246077.4890809386,325856.41770901077,187602.86595899187,222465.4314449971
2020-03-27,243835.96854350175,324638.88665020175,186804.74865899712,215839.22030677996
2020-03-30,248316.9093180325,325630.5522534576,188578.39875945932,222848.73122666942
2020-03-31,245865.05870339458,322406.94303430995,187404.02867502804,219527.0667306
2020-04-01,239948.51263730714,322650.72497095464,185229.3965480915,209647.26209436439
2020-04-02,243506.02136105465,324566.3581297472,186766.02716168974,214485.00786320132
2020-04-03,240779.93153020882,324721.9962064573,185886.141121954,211384.77431961533
2020-04-06,251334.0407678298,328638.89711713773,189833.0878466671,225582.68273809584
2020-04-07,250869.27430622582,328206.0896654335,189807.24420878512,225812.62256533562
2020-04-08,255709.8665109111,327592.0861542445,190814.61862774644,233392.9288247642
2020-04-09,259638.92836675647,330194.3986461595,192428.3545614993,236944.43304366453
2020-04-13,256667.40343869172,332042.7807956571,191909.51406711852,234781.07666295944
2020-04-14,261002.2233179345,333620.87509709084,195229.48294043218,241705.4988352852
2020-04-15,259237.07090113885,332893.8932459507,192709.2433208581,236569.6421367486
2020-04-16,260553.75918756382,333149.2657633224,193020.23568809972,237710.9325026002
2020-04-17,264488.6218729279,331398.8154830315,194706.7622687015,244132.83054225557
2020-04-20,262458.13151280634,331911.0493996491,193021.1278687898,239831.6444051145
2020-04-21,259278.4768221856,330590.9545682839,190087.2320354654,232549.64928420342
2020-04-22,261309.2672252132,333039.2316839206,192977.8153116969,237710.9325026002
2020-04-23,261952.85925887403,333946.24247878545,193006.94660528103,237693.91475308748
2020-04-24,264563.1325279515,333839.39816241007,194238.7594405578,241007.1704788094
2020-04-27,266579.02079997445,333265.2021463459,195490.49114228133,244481.99472049347
2020-04-28,267870.7055108881,332551.00373612536,195103.46819515777,243357.9223129724
2020-04-29,272631.8863597494,333662.4855553403,197815.89923954036,249728.46679086285
2020-04-30,268390.579852919,331901.1011438896,195892.29755641223,247403.34168537782
2020-05-01,264193.6796961966,330734.7560122273,193434.07826944682,240853.8105243769
2020-05-04,264079.66339186503,331663.53099803923,193916.6285867327,241518.00327741832
2020-05-05,264273.89116643684,332635.7346913866,194770.84935118456,243749.53076058326
2020-05-06,261157.34550040658,331904.50561851735,193799.64924849203,242097.30749171384
2020-05-07,265035.80011941714,333850.4361979129,195722.15932287794,245018.65445659822
2020-05-08,267366.73344288237,334122.4649816609,197105.3038660362,249072.6828081689
2020-05-11,265898.0234173487,334052.77498044673,196835.61318223373,249123.83616111602
2020-05-12,262812.0821277443,333265.10433065856,194805.00424794247,244158.45727093358
2020-05-13,259799.45132153897,333347.7418347372,193615.1142907092,239840.1532798709
2020-05-14,262623.0550968789,334685.87529156974,194601.76714721616,242710.54710062593
2020-05-15,263257.2457861475,335517.34193541366,195141.37723281112,243826.21073779953
2020-05-18,267212.8114320348,335960.3797300325,198079.09794600564,251253.15704279562
2020-05-19,265277.2346445542,336573.38378659374,197348.4640571808,248672.46538139277
2020-05-20,268921.55578247696,337891.8796207016,199305.00615361356,252896.8714369087
2020-05-21,268502.9959284178,336074.68117317767,198076.86299693797,251150.9504413103
2020-05-22,269682.8646496449,336751.4161531798,198628.6082265799,251627.74774089374
2020-05-26,271295.39524151955,335457.1543766946,199582.61649296724,254728.0813888886
2020-05-27,275290.5665510168,336557.96335219516,201146.5987087393,258518.13441419398
2020-05-28,273275.5784077123,336450.44061750197,201424.22667849652,258041.23701020164
2020-05-29,274037.18731778645,341895.26864883007,202032.9073323639,259190.93614640067
2020-06-01,274118.098888141,343518.9004348851,202032.9073323639,260238.5287855233
2020-06-02,275077.2360447544,344416.5678114159,202032.9073323639,262393.37629147206
2020-06-03,276476.83618757484,343630.6588267479,202032.9073323639,265885.3183870777
2020-06-04,274885.70865633787,342923.52858393104,202032.9073323639,265186.99003060185
2020-06-05,278735.95924217167,342187.7306266164,202032.9073323639,271983.5788727643
2020-06-08,281952.5192102471,343874.80192351056,201729.85797136536,275271.10776539927
2020-06-09,281333.83073779556,345377.67861317936,201729.85797136536,273218.5669653448
2020-06-10,280730.74449646304,349727.87977084867,201739.88750464199,271694.0769222299
2020-06-11,271572.6348867888,336576.2728694936,201739.88750464199,256031.14047952014
2020-06-12,273401.29638538306,338442.2372094503,201739.88750464199,259097.33852408058
2020-06-15,275303.06833877246,341273.40634124656,201739.88750464199,261516.16135629464
2020-06-16,277571.89278066764,345602.46531317825,201739.88750464199,266549.71134893695
2020-06-17,276495.33883345325,346425.6867248714,201750.02786149073,265442.55658651976
2020-06-18,277615.0989591512,346994.1049363565,201758.09951165994,265544.66308359616
2020-06-19,276438.23066698544,347979.8046393919,201760.09433595807,264027.0802446952
2020-06-22,277568.4922943981,351729.27411544125,201750.02786149076,265720.9469476664
2020-06-23,277863.2344425253,354644.14861429256,201750.02786149076,266944.2228244058
2020-06-24,274258.3189396084,349142.7711655692,201750.02786149076,260134.7205134956
2020-06-25,276616.1561103238,351487.3391731103,201750.02786149076,262923.62934540724
2020-06-26,273794.3525924207,345814.2828653527,201739.88750464204,256678.7159006844
2020-06-29,276433.0299232791,348495.4913261327,201760.09433595813,260451.35075884146
2020-06-30,277480.6797372024,355808.8576994434,201760.09433595813,263787.5303942011
2020-07-01,277048.71796666924,357438.9701700762,201752.0226857889,265635.35767805815
2020-07-02,278212.28435666306,359592.42098771123,201764.10245514967,267098.1834052917
2020-07-06,280131.65882721235,366442.1213272259,201752.0226857889,271221.3839034112
2020-07-07,279615.5850286591,365048.6832572753,201752.0226857889,268424.16640556103
2020-07-08,280316.38524308975,369192.6316339527,201752.0226857889,270477.20772765996
2020-07-09,280226.67241415527,371310.51715123066,201772.19257591423,268937.5018143924
2020-07-10,282193.7537067801,372681.17567644326,201780.22728489278,271683.4658548866
2020-07-13,281370.9360438543,367191.6183795376,201772.19257591423,269331.0122457723
2020-07-14,284027.61594908073,369980.4823603697,201762.0891602562,272821.25256642676
2020-07-15,286197.1261890451,370304.6193902405,201762.0891602562,275327.666756427
2020-07-16,286041.00386355247,367534.2116439743,201762.0891602562,274420.82091621554
2020-07-17,285995.3973418199,369159.96338730276,201762.0891602562,275216.4507581407
2020-07-20,287271.5798359166,380333.37727819296,201762.0891602562,277440.67061945604
2020-07-21,288695.88351134217,378835.55082121654,201762.0891602562,278030.88621432154
2020-07-22,290014.07201229775,381548.70531980204,201762.0891602562,279613.43681459763
2020-07-23,289634.81777894235,375728.06611660257,201762.0891602562,276277.15707482904
2020-07-24,288407.842321452,373165.7262211631,201762.0891602562,274497.9013110674
2020-07-27,289557.40670915943,380179.55409532605,201762.0891602562,276499.5890714015
2020-07-28,289159.1497584155,375978.81292468926,201762.0891602562,274745.9600363179
2020-07-29,291990.1545921067,381538.8749623456,201772.19257591423,278125.08446309494
2020-07-30,292067.3656332856,383381.23726546176,201762.08916025618,277132.6493532754
2020-07-31,292852.1778614342,388279.06756425044,201772.1925759142,279322.63350674754
2020-08-03,293830.91782124847,392430.2889789317,201774.20587080764,281264.5589349691
2020-08-04,296360.8796057836,396682.3639466656,201774.20587080764,282350.89198033547
2020-08-05,296638.2192653549,398339.460563345,201774.20587080764,284104.6211198279
2020-08-06,298647.10653623467,402981.0532524035,201774.20587080764,286003.7018610411
2020-08-07,298356.8650316996,397790.7068011389,201784.272345275,286209.0160036919
2020-08-10,298847.43518323125,396432.6086417949,201774.20587080767,287064.50828213827
2020-08-11,295374.73858761805,385028.59562701086,201774.20587080767,284694.8367146934
2020-08-12,296200.5566796052,389987.5987243543,201784.27234527504,288664.2768407449
2020-08-13,294160.0648892792,392491.69033216394,201784.27234527504,288142.33245274815
2020-08-14,294171.56653401436,391853.4714331357,201794.3942315284,288150.94143191347
2020-08-17,294965.0800064409,397723.4598814981,201794.3942315284,289066.2961468811
2020-08-18,295967.823398746,400909.53398095997,201784.272345275,289690.64734518103
2020-08-19,294214.27264098765,395314.5539765297,201798.45776250603,288484.5894267721
2020-08-20,295501.4567083093,399271.0239317783,201784.272345275,289382.6260790004
2020-08-21,296524.70303253364,400502.4159017401,201784.272345275,290409.2968966632
2020-08-24,298634.30470557295,401695.18938482716,201784.272345275,293352.0662050519
2020-08-25,297932.8043910279,404139.9234560185,201794.39423152836,294378.63691830577
2020-08-26,298939.1482982067,410829.53466268384,201764.120925745,297330.0152058597
2020-08-27,297042.0770170134,408152.20841526764,201804.46070599568,297979.9931328375
2020-08-28,298738.1195510958,412574.543681049,201784.27234527495,299904.8007071375
2020-08-31,298187.74084694113,415233.8836432836,201784.27234527495,298818.4676617712
2020-09-01,301691.6419047924,422776.42103477113,201758.08104106458,301632.903117952
2020-09-02,305367.9676193696,427406.0170978842,201778.26940178528,305995.6534665656
2020-09-03,298783.8260871305,402717.41317946604,201788.37281744333,295465.07006808097
2020-09-04,295431.0466396695,396928.15561917005,201788.37281744333,293052.6539180365
2020-09-08,290603.65632285416,370357.0275039837,201788.37281744333,285045.7026678826
2020-09-09,293612.3865712797,380501.36222965753,201798.45776250598,290674.57358024415
2020-09-10,290687.46830796805,369636.25036236964,201788.37281744333,285627.40938799165
2020-09-11,291117.7298353665,367293.0327804347,201788.37281744333,285772.7609897122
2020-09-14,294035.24704032677,373806.72075257933,201788.37281744333,289536.786868704
2020-09-15,294338.39038982574,378668.5784805373,201788.37281744333,290999.5124915287
2020-09-16,293784.5111850995,372055.52019669814,201788.37281744333,289844.70803047577
2020-09-17,292649.2488425845,369194.07077867363,201788.37281744333,287295.449153467
2020-09-18,289994.669237701,366114.9705908333,201788.37281744333,283987.8993790524
2020-09-21,287464.6074388638,366116.93778825866,201788.37281744333,280827.3028769006
2020-09-22,289030.33133738127,371386.6944318863,201788.37281744333,283687.28583913017
2020-09-23,284077.2230428952,354572.27985567297,201788.37281744333,277108.3239819131
2020-09-24,285029.35919836536,356303.8615346105,201788.37281744333,277846.8943107661
2020-09-25,287901.76995310327,367337.56269035995,201798.45776250598,282338.87945126765
2020-09-28,291095.4266460104,375972.23220141063,201798.45776250598,287028.3705905259
2020-09-29,290529.7457536428,374974.97674969834,201798.45776250598,285465.1401411672
2020-09-30,290563.25054482796,377456.2307612432,201798.45776250598,287629.49756596127
2020-10-01,292440.21895131003,384278.8941634402,201798.43929191062,289476.12359691155
2020-10-02,291381.3675355576,373469.3164896036,201788.37281744333,286727.75705060374
2020-10-05,292172.8807219433,378941.7906432937,201806.45553029378,291812.2601873754
2020-10-06,290319.31566213974,371936.2223977264,201798.43929191062,287663.8333782135
2020-10-07,292864.6796491898,376124.90697856207,201798.43929191062,292671.15601572435
2020-10-08,295532.7611848495,377928.4275730344,201798.43929191062,295264.96135469293
2020-10-09,297365.82331273373,381685.47579727264,201798.43929191062,297901.8115894878
2020-10-12,300630.690188697,386344.8237442347,201798.43929191062,302694.3101655026
2020-10-13,299601.4430063499,385062.2928913776,201798.43929191062,300718.84976029996
2020-10-14,298639.4054349772,381980.82461650943,201798.43929191062,298829.2789379323
2020-10-15,298843.7346540555,380166.44361086754,201798.43929191062,298459.9937735058
2020-10-16,298071.42421366257,377788.6479595967,201798.43929191062,298279.60562867066
2020-10-19,294751.5494715744,371990.4764636099,201798.43929191062,293744.7758011606
2020-10-20,294569.5234418522,373627.79135268653,201798.43929191062,294921.50312776223
2020-10-21,293990.94070452073,372461.0962598093,201798.43929191062,294363.12073492655
2020-10-22,294036.8472691595,371980.03768862074,201798.43929191062,295977.80485045904
2020-10-23,295615.6730412449,371962.21406597,201808.46882518724,296982.75301139086
2020-10-26,292681.75349074916,365665.6818604693,201808.46882518724,291494.52879353164
2020-10-27,291955.3496149949,366892.78502235276,201808.46882518724,290489.58063259977
2020-10-28,285094.7685519029,346558.13275210385,201808.46882518724,280561.0251492306
2020-10-29,285603.94136361504,354718.4031162277,201808.46882518724,283412.49923670385
2020-10-30,282453.39083488943,343819.3429611309,201808.46882518724,280458.0177124741
2020-11-02,285943.88997626666,344918.14714915835,201818.57224084524,283601.3962562953
2020-11-03,289195.4549500579,350086.5469025896,201808.4872957826,288608.6187893973
2020-11-04,294541.4194229775,361224.9974879673,201808.4872957826,295058.846376771
2020-11-05,299727.8610841351,371535.50741324056,201808.4872957826,300813.24821789126
2020-11-06,297972.5100689398,372390.0968953324,201808.4872957826,300744.5765933869
2020-11-09,298935.64779763506,364275.18724922556,201818.57224084527,304523.6181337135
2020-11-10,298952.1501574726,361139.2984709639,201808.48729578263,304077.0523656173
2020-11-11,300098.8141304207,364836.27451725747,201808.48729578263,306335.9083524115
2020-11-12,299480.1256579691,363572.02953560976,201808.48729578263,303364.20886985125
2020-11-13,302801.700643192,366918.6130162824,201808.48729578263,307564.1894495959
2020-11-16,306267.396237662,369391.6776556358,201808.48729578263,311403.2936352616
2020-11-17,306239.29221878725,368249.5927651,201808.48729578263,309728.44676998106
2020-11-18,304304.0154742128,366852.60891954496,201818.57224084527,306000.9590002372
2020-11-19,305829.73365191225,368268.4374249374,201808.48729578263,307289.2026383518
2020-11-20,305650.70805125136,367329.3026063445,201808.48729578263,305185.0079633057
2020-11-23,306995.40034224896,367775.7265417191,201818.57224084533,307014.4160359255
2020-11-24,309794.70064219186,370719.5654140151,201818.57224084533,311961.57592368836
2020-11-25,308510.51700393157,371200.4355976545,201798.49470369672,311480.57423893124
2020-11-27,310209.7599956794,372327.238063214,201818.57224084533,312348.07904644543
2020-11-30,307712.90294512117,372423.9462187519,201818.57224084533,310965.2367419218
2020-12-01,308791.1571354704,378607.22138159967,201808.505766378,314366.3841386566
2020-12-02,308061.95285925886,379431.4569124868,201808.505766378,315027.7739682489
2020-12-03,310359.281377237,380055.3673570516,201818.57224084533,314941.88438541396
2020-12-04,310710.6316203217,384141.1217972546,201818.57224084533,317655.9151194696
2020-12-07,311808.18857096566,386652.8262593076,201808.50576637802,317003.1342690426
2020-12-08,312316.46125395934,388002.33603759727,201808.50576637802,317930.8018263048
2020-12-09,311283.8135853427,377422.2254260802,201808.50576637802,315079.2276344227
2020-12-10,311855.6953644371,378096.7957914171,201818.57224084536,314976.32030207507
2020-12-11,311879.3987540218,376601.80369214487,201818.57224084536,314606.9350332396
2020-12-14,310735.4351672289,378899.05882300733,201818.57224084536,313198.3658956291
2020-12-15,314056.91013814975,385671.31642912066,201818.57224084536,317432.5821832171
2020-12-16,313554.4382846747,387675.7429836556,201838.79754275677,317930.8018263048
2020-12-17,315475.91305556695,390381.3468766723,201830.6889513969,319708.65612834186
2020-12-18,313563.6396004629,388699.0352194006,201830.6889513969,318432.0246016595
2020-12-21,313577.24154554104,387654.5197078106,201830.6889513969,317293.5371592571
2020-12-22,312711.7177756419,388306.3333327106,201830.6889513969,316758.7794069214
2020-12-23,314620.69075877854,386067.2300869115,201820.6224769296,317043.37624141976
2020-12-24,315174.8700064109,388541.345631716,201820.6224769296,318276.76266345795
2020-12-28,315888.67208010744,391658.34223251016,201820.6224769296,321011.11459252005
2020-12-29,317265.86901926977,391696.43779030815,201820.6224769296,320398.6758188791
2020-12-30,319482.28596689325,393468.10275892424,201830.6889513969,320855.7525499095
2020-12-31,320377.5139844998,394716.19500923646,201830.6889513969,322485.9528488213
2021-01-04,317275.8704494743,390892.41965192126,201830.6889513969,318095.6737877606
2021-01-05,320469.42712807935,395469.8498910479,201830.6889513969,320286.5588809128
2021-01-06,321188.0298882741,390926.7471073445,201820.6224769296,322201.25590991403
2021-01-07,322076.45693334145,400459.1219457053,201830.6889513969,326988.4489522572
2021-01-08,321872.52777147136,403337.8767597081,201830.6889513969,328851.5922106757
2021-01-11,319161.4400859323,399186.3976159754,201830.6889513969,326634.88018002774
2021-01-12,322532.5221506676,400336.00596794265,201830.6889513969,326703.85211775877
2021-01-13,323094.10245665134,401992.82623998745,201820.6224769296,327583.6697675676
2021-01-14,324198.4603798344,401948.96781749954,201820.6224769296,326436.47324159095
2021-01-15,320792.2732950812,396665.4762387421,201830.6889513969,324055.8902935762
2021-01-19,323713.3910149152,406340.0610347262,201820.6224769296,326600.24405454885
2021-01-20,326346.16750195285,414591.5186753736,201830.6889513969,331120.05822072417
2021-01-21,325736.68034528935,419034.21470280964,201830.6889513969,331421.8730135531
2021-01-22,324314.0769129986,415692.51825192897,201830.6889513969,330248.9496544896
2021-01-25,326344.1672159119,418720.63873300084,201840.75542586422,331551.3080142588
2021-01-26,326924.0501391699,417312.84594996006,201840.75542586422,331033.8683246626
2021-01-27,321554.78233387374,402364.1868953718,201840.75542586422,322943.12968426064
2021-01-28,322177.47137840715,406423.8343409543,201840.75542586422,325720.6266135579
2021-01-29,317986.77210841153,394799.0653489422,201840.75542586422,319199.8254179108
2021-02-01,320947.6955204594,410148.8654636745,201840.7184846735,324513.0671290156
2021-02-02,322945.7812467183,418785.1831275079,201830.74436318295,329101.75312851305
2021-02-03,323196.61711624765,415354.6166829718,201830.74436318295,329360.42292110674
2021-02-04,324696.33157541533,419735.90809821186,201830.74436318295,333103.82729186537
2021-02-05,325946.01027947,420357.4466461254,201840.7184846735,334414.8947352088
2021-02-08,329802.86180923873,426643.59140634385,201840.7184846735,336830.11380870244
2021-02-09,330579.47286461963,426313.4795006548,201830.74436318295,336605.87993276987
2021-02-10,330589.37428052217,426041.2720250251,201840.7184846735,336459.1268693247
2021-02-11,330331.13735264144,431409.97779082204,201840.7184846735,337002.49360082566
2021-02-12,330484.4592776767,434348.66344061296,201840.7184846735,338667.2299208074
2021-02-16,330129.3084911143,433376.45638486696,201840.7184846735,338374.02410714375
2021-02-17,329905.176440231,428942.84775549243,201830.74436318295,338451.70512844896
2021-02-18,329193.5746811794,426227.96553532314,201840.7184846735,337011.1025799909
2021-02-19,329268.6854220154,427136.450370186,201840.7184846735,336415.9818690894
2021-02-22,329781.5587629031,411162.9595143097,201840.7184846735,333828.38300347264
2021-02-23,330314.63499280397,409276.58045893296,201840.7184846735,334233.8058595114
2021-02-24,333917.9502668882,414962.87995626754,201850.89578271296,337916.84727170435
2021-02-25,326909.64807967545,398837.0090189503,201830.74436318295,329774.5548607197
2021-02-26,326948.65365747304,401081.83287536923,201840.7184846735,328075.28251966793
2021-03-01,329174.0718922806,411936.34224945406,201871.02873164762,336027.87707579
2021-03-02,327695.9605223547,407148.4567030719,201871.02873164762,333405.7421891032
2021-03-03,325298.51768802945,400118.39178625366,201830.74436318295,328989.63619054673
2021-03-04,322588.830202719,391540.1799364384,201850.89578271296,324918.3898806455
2021-03-05,327791.8742380161,398611.628993831,201850.89578271296,330895.8243447916
2021-03-08,326628.10781941813,389819.75546432676,201850.89578271296,329248.2058787315
2021-03-09,329248.68256160634,405154.21221840073,201840.7184846735,333949.10892060417
2021-03-10,331584.1165286636,403596.53782195435,201850.895782713,336027.87707579
2021-03-11,334136.78155976307,410449.461690792,201840.71848467356,339435.0307370587
2021-03-12,333525.29411705874,408462.7504994998,201840.71848467356,339892.1074680892
2021-03-15,334721.5651838213,412100.6425488278,201850.895782713,341919.0215394657
2021-03-16,332991.8178299497,414382.6378667597,201860.96225718036,341487.771745931
2021-03-17,333007.52007537085,416059.5247015568,201860.96225718036,342652.0861258292
2021-03-18,327140.6811173998,408032.89671431395,201850.89578271305,337666.6863538671
2021-03-19,327915.4919153439,410604.60219804326,201860.9622571804,337041.93473793165
2021-03-22,329184.47337969334,414844.3936329608,201926.268510076,339733.14166675846
2021-03-23,325119.19204446237,411273.4326644144,198847.54886928434,337059.25280067103
2021-03-24,325019.97785683355,406904.0713742208,198229.5304079262,335345.76563355577
2021-03-25,324861.55520239397,406214.33479347883,198964.7920300139,337232.3333236566
2021-03-26,329441.5101359495,411668.37777691975,201938.147042333,342666.8014739373
2021-03-29,328602.09009888413,410208.33315919916,201432.64802835055,342493.72095095186
2021-03-30,328417.6637259128,407762.8659411376,200998.38680872737,341585.07323138026
2021-03-31,329081.3586342847,414735.5749104162,201857.1607550313,342969.6173108552
2021-04-01,332696.0755388021,421244.5483166262,204097.42023115416,346673.3803356901
2021-04-05,335054.4127810277,426059.75328278134,206037.2451337503,351649.2701888069
2021-04-06,335663.1998375768,425258.0304129705,205727.27724842733,351441.55354034255
2021-04-07,334532.13809574774,425812.0459404437,205543.027323313,351848.27775369707
2021-04-08,335862.5283415529,428536.77148281335,206684.1529798999,353518.4197117594
2021-04-09,337667.3864362604,428744.7802615201,207492.17342216938,356088.500305819
2021-04-12,337130.3096342778,427135.07035564346,207206.2654143671,356218.33572416025
2021-04-13,337695.9905266453,428683.6374866171,207857.01036049717,357274.0368204037
2021-04-14,339664.0719622906,422715.4527915591,208040.8641475309,356053.96428474894
2021-04-15,343260.6862781378,427090.96103101835,209920.3273372062,359878.75353994215
2021-04-16,343418.4088324631,426955.51940491487,210734.88266404645,361081.7082216752
2021-04-19,341783.6750655344,423024.2148288067,210213.91786434126,359307.7579915852
2021-04-20,340368.572705897,420806.6327281907,208051.12377016983,356677.0141257331
2021-04-21,342949.44177017314,425690.6912809658,209769.79510523644,360051.9341673365
2021-04-22,342650.29899275594,421426.6860793341,208198.09733383206,356763.50433502137
2021-04-23,345509.0077881137,426681.7668734598,210616.9960992026,360631.7389036765
2021-04-26,347274.2602192114,429131.74957073486,211565.66931855844,361384.624163002
2021-04-27,347442.58428955346,426583.1438752354,211645.99737923275,361306.74293287896
2021-04-28,346819.5952021139,425049.17407586175,211945.72152134517,361202.9346608512
2021-04-29,348925.2963173734,427524.5366340348,212810.46037088273,363504.73543906293
2021-04-30,347748.2279966035,423214.02418832213,210897.9508251829,361116.3443471541
2021-05-03,348425.5248500536,422462.0015365717,212067.29615725757,361895.15664838423
2021-05-04,348998.40677216847,416508.1102417995,211106.7915450376,359662.5280167214
2021-05-05,350101.86456663307,416040.33043680777,211807.91650375386,359775.0453723233
2021-05-06,352145.95687183266,420019.08863325824,213251.44602798327,362647.94180330087
2021-05-07,353928.6117914862,423793.36490668997,215426.01454641577,365287.39475272706
2021-05-10,349974.14630292135,414242.96911795705,213974.7417926126,361670.2220415894
2021-05-11,348888.09099701256,413352.09831235866,212581.10807564508,358442.3553766578
2021-05-12,345269.17349180934,402842.8805797871,208702.64690610007,350827.1126785237
2021-05-13,344416.0514953639,406399.6786995789,209925.6401911026,355041.50829314976
2021-05-14,349087.2194723846,414972.75683774764,213060.47499181482,360493.19440176105
2021-05-17,349700.9072297339,412994.4089015626,213357.79158689786,359575.93770302425
2021-05-18,347111.93700699206,411065.6855752639,212399.03597686026,356477.90645643405
2021-05-19,344974.9314151924,412212.3354544733,210312.3437972271,355543.4317993667
2021-05-20,345792.54833441187,416897.1232177293,211414.4217893424,359368.3211589687
2021-05-21,347217.45209564967,415931.6608613351,211595.92491313344,359074.1143012161
2021-05-24,349904.03627718764,420230.40104830713,213421.71049730352,362734.532116998
2021-05-25,348227.2965034,420946.74850156915,212569.88866500623,361929.7927738631
2021-05-26,350421.2102330634,421505.2083029362,213307.7396464609,362647.94180330087
2021-05-27,351220.4245207065,421546.70655921986,214331.33564665634,362838.4404934346
2021-05-28,350984.8908393901,422545.13667804486,214551.11333444636,363487.4173763235
2021-06-01,353820.0962737672,421909.2200054985,215600.30396550795,363167.28347666614
2021-06-02,353402.33653412445,422810.941977556,216117.9525577976,363738.37912943197
2021-06-03,352402.99362808885,419232.85612784175,215041.42369465454,362388.37107102707
2021-06-04,355951.20102174615,425853.2273314417,216529.9555624737,365702.7279452469
2021-06-07,354535.39856199437,426154.3982305311,216606.33614219393,365348.05802451953
2021-06-08,356546.3861332171,425386.83467785665,217282.6458179927,365425.83915023366
2021-06-09,355605.9516510861,425057.0099600253,216627.33470090418,364880.67053937254
2021-06-10,356704.70877335465,427210.444090207,217022.40164112215,366576.73953933944
2021-06-11,357136.67054388777,427412.51882268314,217354.29931964327,367182.57142199314
2021-06-14,356162.53124196763,431100.91253750474,216955.93833854859,368004.62882786745
2021-06-15,355841.5853467046,428005.1708416515,216781.7586519809,367329.624798665
2021-06-16,354039.52765245433,424687.1393284521,215315.04787962392,365278.68566915294
2021-06-17,351065.1023096303,427261.1209970916,213126.1138763067,365157.65943879465
2021-06-18,348663.95894612937,422375.54800781904,210379.77736518192,360231.5214769004
2021-06-21,350800.76450932486,425992.981698887,213320.99020996725,365388.50020571455
2021-06-22,351320.83887995983,429403.93301460845,214261.22570649112,367342.03774536843
2021-06-23,352281.676279708,429620.2146552663,214223.8136609034,366899.1758404015
2021-06-24,355230.1979183023,432920.7811390709,215530.34890794448,369069.63963413844
2021-06-25,354719.72492066363,432648.26634264085,216168.9715929531,370380.60697307286
2021-06-28,355508.33769229,438297.48569106444,215617.57064848905,371127.2857590467
2021-06-29,355645.3572860919,439079.93757714285,215668.50221585625,371326.99405479914
2021-06-30,358213.6245483104,438930.34439040156,215827.51420180724,371639.5200193802
2021-07-01,359454.8020366912,438843.25290495134,216708.53726995309,373697.16614428844
2021-07-02,360877.5054832841,444124.1676641289,218057.91122828008,376553.54534779774
2021-07-06,358610.88135603396,445764.4829996949,216331.6724948322,375867.6299380253
2021-07-07,358898.4224744139,445977.7826013916,216486.77850070395,377195.9153396993
2021-07-08,357591.33556098526,442304.4414162256,214870.38721601677,374122.609882107
2021-07-09,360049.38706235,446337.0404053503,217711.87106260608,378116.27527511196
2021-07-12,360127.7982751533,448677.8385194804,218189.72706517793,379470.58782309946
2021-07-13,358552.47300363955,448655.2248970357,217160.88678847026,378177.0386513133
2021-07-14,358452.0586443862,449979.1139236582,216944.75503809765,378741.427308683
2021-07-15,359305.2806551337,445302.43430346914,216000.79440100043,377447.77803248784
2021-07-16,356837.9278236788,440208.0816589372,214313.88173208223,374487.1901393153
2021-07-19,352994.97828189435,434842.86945843237,210300.18523504294,368956.9220697187
2021-07-20,356711.7097744978,442026.75112528214,213139.79027995674,374244.1366345098
2021-07-21,357701.05125032883,447857.3614991756,215472.61636584162,377274.096883049
2021-07-22,360305.4236755856,450351.39230834396,215648.08180529723,378064.12087807583
2021-07-23,361774.73378693155,456267.55468405265,217418.7324993036,381953.67768582626
2021-07-26,363286.24993374053,456693.48819370405,218121.7336660224,382891.2555795695
2021-07-27,362188.9930260028,450942.66364054807,217034.4759856114,381146.2355236511
2021-07-28,363339.8575996368,453735.65132777,217565.29788741804,380989.97254136065
2021-07-29,364387.107356352,455619.48985575745,218466.5319617789,382570.02053141425
2021-07-30,362789.3788811801,453551.37889601325,217421.21062364496,380712.1828066673
2021-08-02,364115.06845478906,453433.31580343033,217283.9218038094,379913.4497280664
2021-08-03,365012.7968299467,456554.00466926926,218605.03909348173,383004.17335280695
2021-08-04,362850.7876626358,457347.6288755083,216989.94760061265,381120.2083773375
2021-08-05,364897.1802967825,460429.5656345219,218224.4639170563,383533.7256758799
2021-08-06,363678.9060835699,457411.8278062354,218048.90958332384,384167.58679302514
2021-08-09,361625.6124625822,456960.69621562253,217353.58112577704,383855.0608284441
2021-08-10,363929.3418958911,454725.35954384244,218332.9102759133,384332.45875448093
2021-08-11,365899.12357467116,454869.85265287966,219352.85125237436,385287.65502419026
2021-08-12,366185.56453572866,456673.7624784957,219473.19619976703,386442.2592764253
2021-08-13,367845.1018495645,459381.92386379006,219446.7033070464,387145.592853346
2021-08-16,367885.1075703826,460038.7158181068,219182.55056171032,388057.14360077557
2021-08-17,364856.6745044542,455610.27779358445,217097.90626913236,385513.2903618474
2021-08-18,362295.50825768086,452673.95764193556,215122.08793439483,381293.78942236747
2021-08-19,361924.75523999933,454440.27665357536,213985.17155193965,381884.20522605075
2021-08-20,362670.2618474442,460937.9446500948,214406.9021835748,384922.974662573
2021-08-23,365823.11270511686,468643.9533212897,217229.066962574,388308.8060847463
2021-08-24,366617.92636347,469960.0834304671,218355.13851840526,388925.24903474323
2021-08-25,367219.01231876155,469962.61594120064,219035.6798516622,389741.40028049255
2021-08-26,366108.85356605996,466770.4391389759,217607.28370704604,387440.7006507788
2021-08-27,370673.70634000667,472857.18243904517,219872.28859003045,390904.8137207107
2021-08-30,370696.2095579668,478132.1560780822,220907.0455141968,392623.8066303154
2021-08-31,368474.791895241,477751.5218294425,220658.1774244174,392042.09991020634
2021-09-01,368011.32561956363,478769.08659644,220828.2375832204,392250.517289533
2021-09-02,370097.72397452843,477941.17602221,221545.1040990455,393457.37604321307
2021-09-03,368437.08650337,479980.9990510623,221695.55083804965,393361.776332715
2021-09-07,365662.48973603226,479649.54056069953,221052.81349619676,391955.3093876913
2021-09-08,366049.84512785333,477648.1947773064,220551.34121199173,391477.8113572456
2021-09-09,366474.3058257331,475820.78902338765,219805.3274762057,389802.2637611028
2021-09-10,363971.44791705214,470347.9100308716,218434.0143679175,386728.7580946928
2021-09-13,366162.4612319562,470295.7331861949,219001.69761683882,387718.490385472
2021-09-14,366153.059887564,468454.713704444,217881.28228007816,385626.10803067597
2021-09-15,369352.51740998967,472984.4181147645,219839.76030055704,388847.1675958024
2021-09-16,367659.5753192707,472265.7214383727,219402.577047704,388230.72464580555
2021-09-17,364594.23697588756,465786.7143677914,217078.3875682669,384448.9802864387
2021-09-20,362051.7734035968,452599.9329717239,213100.7066329068,378038.5942538067
2021-09-21,360436.74245417095,453169.34701205423,213225.74589783236,377681.42172285693
2021-09-22,364763.76121785416,458780.527493957,215409.48616604574,381365.6643879566
2021-09-23,366102.75269363524,464471.4093180789,217883.7877068863,385999.2972670495
2021-09-24,365726.19884643506,465398.36764325085,218079.5221311218,386635.16047237266
2021-09-27,366838.25787087553,461762.14643085113,217754.4149760999,385529.00675404444
2021-09-28,360344.3292390812,453431.38772785023,213299.8396423231,377759.8034750244
2021-09-29,361321.969041573,452443.82109118596,213327.66334140193,378395.6666803475
2021-09-30,358626.7836300591,451570.91971366236,211475.45700867422,373770.7428848288
2021-10-01,362499.23739094695,454941.72411430196,213681.4716612515,378212.7759252901
2021-10-04,361549.50157872576,447425.6192166389,211369.62329897904,373335.3888105294
2021-10-05,363317.9544674889,452074.9975758232,213592.0383185668,377219.840293426
2021-10-06,363750.51632383437,453243.80034345,213946.77471686888,378787.57544118515
2021-10-07,364846.8731028537,454728.20692672936,216158.0604818093,382062.4911782989
2021-10-08,364073.2624765342,453732.645900165,215553.35015074955,381365.6643879566
2021-10-11,364028.65609782207,451654.2501355712,214521.82234580605,378604.7847905365
2021-10-12,364261.48939298326,450705.9708373505,214133.39702211542,377672.71263928275
2021-10-13,365090.6079569379,453001.33548019046,215277.39749868427,379031.42978126183
2021-10-14,369605.3535655599,457120.95563820505,218749.01566601812,385406.9794795972
2021-10-15,371625.7424811749,457311.6426994705,220156.94400942186,388342.1408529096
2021-10-18,372705.2968574506,459176.99455035635,221015.21712924525,389491.94009351754
2021-10-19,372331.0433391975,461259.9023787497,222358.3203131536,392496.8742398321
2021-10-20,372937.1300095914,461518.2734232274,223070.15868892192,394038.3820324599
2021-10-21,373318.2845146856,462502.3821123179,223086.11524070744,395066.1539986206
2021-10-22,374401.43940583506,460494.2200265447,222547.74389728068,394656.7269662257
2021-10-25,376196.19605603605,462350.2869415054,224209.4348445256,396773.23448356637
2021-10-26,376794.4816108704,461980.9112145087,224383.68013662385,397130.4070145161
2021-10-27,376241.9025920707,462148.21208258823,223189.1599470447,395370.9719237164
2021-10-28,377562.29140767135,466477.3839051788,225268.16278328322,399185.8508424286
2021-10-29,380344.6892905686,468151.8205343295,225393.83979717622,399995.8957192351
2021-11-01,380329.2870880536,469578.5574924838,226149.63005971367,400684.0134260033
2021-11-02,381558.46286018897,472139.8232693422,226689.56086596477,402304.00307520747
2021-11-03,380547.018223606,476855.2156838491,228040.0246686359,404760.0647475316
2021-11-04,382718.42873530916,485951.9757669706,229148.53575675047,406667.55425909226
2021-11-05,385318.70057418215,487816.0961102041,230093.55584800272,408078.6260069252
2021-11-08,386302.24122049456,488872.82913839736,230349.9477930878,408426.9893498919
2021-11-09,386657.29199275497,486063.1743229087,229511.02922204434,407076.981291487
2021-11-10,384270.9507459567,477714.33153507736,227041.57180203297,403802.06555437314
2021-11-11,384742.21813719365,480786.3831182811,227600.91216906832,403932.70180798566
2021-11-12,384546.89020529937,488099.7646573311,229090.75470454834,406981.1813721711
2021-11-15,383923.00098914147,487784.1889184608,229243.64774234773,407120.426604949
2021-11-16,386201.52681833506,492817.0191771855,230061.7686151273,408731.70717057894
2021-11-17,384287.45310579415,492838.55955166375,229295.18290278796,407738.8716431238
2021-11-18,385141.67525956215,499088.46921856335,230433.00637499054,409123.7160358253
2021-11-19,385452.71973892266,501860.24164488155,229892.54335680712,408392.05291118636
2021-11-22,384920.2435948341,494156.2752415199,229075.0812184035,407242.4538793962
2021-11-23,385012.0567241116,491170.7255309008,229391.83083205306,407782.4170609946
2021-11-24,387515.31469000067,493603.20735847374,229869.7008901915,408871.1526121745
2021-11-26,379656.1908352895,481981.8067700195,224289.99019766066,399752.0413791585
2021-11-29,380458.8056092021,497890.0887977732,227196.88859189028,404655.5557446417
2021-11-30,374978.3219000317,489365.47534401127,223087.00152728063,396782.0436715494
2021-12-01,372039.20160582964,480863.99379627994,220229.01515277225,392374.8469653849
2021-12-02,377276.7505753323,483387.45760325255,223142.4819507928,398384.61515360523
2021-12-03,376175.0930383045,476189.0766131043,220775.50461449547,394918.0995778597
2021-12-06,378513.227391517,479140.5824401833,222972.42772460007,399595.1777704145
2021-12-07,382956.06271696853,495897.7643035861,227943.44964208198,407860.7988131621
2021-12-08,381810.4989013429,496717.60301318456,228666.98221427208,408940.82528076787
2021-12-09,380135.2593420859,489915.4267518581,226601.03521667453,406179.74547453
2021-12-10,381954.11943907983,494075.73865686613,228415.0749746503,410003.3334768163
2021-12-13,381173.90786882525,488313.5574813056,226047.94119288368,406371.34531316155
2021-12-14,379306.14077813126,485971.16001001536,224282.97928040405,403575.6293814448
2021-12-15,380799.5543362701,493503.0365776814,227819.96264634057,409881.5064111869
2021-12-16,378603.14024905564,484781.792253693,225221.44229217424,406266.9364146805
2021-12-17,377700.71120170184,482795.69904001744,223274.5538003996,401943.1266811284
2021-12-20,373529.314692001,479771.15854955185,220977.72764296658,397669.06883879885
2021-12-21,378731.1585556735,486316.28190515743,225263.0173867767,404731.33478217776
2021-12-22,381977.82282866456,488625.92781678354,227514.29573108445,408778.0555118988
2021-12-23,382622.7150482519,489941.5939744655,228786.26081766826,411321.5083331915
2021-12-27,386832.2170070321,492864.11169587803,232342.24982129334,417142.5797106382
2021-12-28,386129.3164922584,489983.7583943671,231838.08431690716,416801.72419833887
2021-12-29,384867.5360576562,489661.9173339084,232022.8453789819,417334.88028013223
2021-12-30,384426.3729713349,489836.56521297566,231467.2248435582,416181.0768631683
2021-12-31,383379.3232432238,490333.800952702,230753.59935914926,415132.2829711389
2022-01-03,382498.79732801794,494403.41338658327,232381.13591148437,417535.88993320026
2022-01-04,383224.7011322619,492174.08583304414,232029.91028744006,417396.0440739691
2022-01-05,377880.83695968526,477791.14535138075,227268.35132094126,409381.0844711033
2022-01-06,379019.6998170739,477567.3213634177,227445.63666471685,408996.5834365243
2022-01-07,376766.87766350596,470617.0592610195,226450.00020052982,407379.59691958706
2022-01-10,376284.70871334604,470990.54859764245,225557.9241213667,406872.6681929252
2022-01-11,379647.4895910116,477863.9925471626,228248.90270684595,410578.533410347
2022-01-12,379255.8335842025,480304.2324051084,229055.10647389153,411688.4910962133
2022-01-13,377284.9517481,473370.6294796946,226863.7515474777,406016.07476598094
2022-01-14,377075.2217567112,476753.1463972082,227681.3765067466,406182.14798034355
2022-01-18,372199.1244747999,467773.1922061733,224960.26698408547,398988.84536571644
2022-01-19,370305.95375138643,461099.87519773183,223711.3301199236,394845.9242990439
2022-01-20,368208.6538374988,453114.1317962258,221454.88329028926,390475.76622417173
2022-01-21,364727.55604051385,442837.31632315903,217943.41006581738,382810.4713215884
2022-01-24,365816.1117039737,445002.7166523855,217546.20184902908,384436.06681769085
2022-01-25,363811.6250623839,434193.9269457078,218556.50625159332,379742.57150207664
2022-01-26,362929.4989183453,435228.66165746714,218172.12122401822,378789.77773818094
2022-01-27,364527.6274507255,428606.5135481543,217962.51400572015,376919.32685791276
2022-01-28,369404.12478984497,434968.08038387576,219139.08692529183,386280.29034282756
2022-01-31,372217.7271349803,445604.328268227,220945.08435507063,393237.7469700898
2022-02-01,374236.0157502523,446647.77714542707,222507.31884057244,395894.7181910733
2022-02-02,376788.8808099558,448754.12541354296,223957.25009661887,399740.5293721351
2022-02-03,371390.40882846253,440935.7115985745,221237.1153889966,390344.6294485148
2022-02-04,372068.905853537,443625.1227206536,222456.76328384888,392180.14389007736
2022-02-07,370628.79991838837,443199.8199323381,222112.98835605744,390921.53115699673
2022-02-08,372532.3721292145,447981.12666983856,223052.83156302146,394137.98591931385
2022-02-09,375523.299831876,456034.88794858265,225610.4952912154,399906.6025864977
2022-02-10,370695.00938634225,450374.1647772559,223398.3838792774,392722.00905544485
2022-02-11,368694.0232453241,443581.1985601905,222777.04779668615,384978.0320874672
2022-02-14,368230.1569124385,443843.89529843966,221833.8387384957,383719.4193543866
2022-02-15,369701.1672669192,449946.2780857477,221462.9252205842,389907.573599264
2022-02-16,370746.4167375935,450436.5983501721,221775.17124465562,390344.6294485148
2022-02-17,366049.44507064513,439907.45834547555,221028.98154498063,382006.3326049069
2022-02-18,366439.50084862136,437951.0745568064,220925.9465995273,379532.75266102544
2022-02-22,365490.9652080248,435251.27416901785,220785.7701118604,375459.8045761729
2022-02-23,361030.62737971527,430460.8007841685,220467.02676596778,368799.6580433392
2022-02-24,365685.6930541068,435993.3174002278,221158.1954420706,374349.74678589765
2022-02-25,367363.3329566128,438872.18469305197,223023.71227900917,382609.3615641114
2022-02-28,370561.19025020575,438977.636353533,223164.67739123994,381630.44054949307
2022-03-01,370616.09810202866,440686.2885509374,224555.33588854215,375818.0782556206
2022-03-02,374769.8920945696,439665.2649999746,227994.40876340345,382731.6891517853
2022-03-03,377318.25651068107,440161.16224064195,228270.353750826,380826.3018328116
2022-03-04,378785.26629307994,441851.9141105298,229714.8773527133,377732.2747625774
2022-03-07,373678.6360449544,442963.93844401767,230992.32827148604,366597.06073434587
2022-03-08,373918.770384165,446424.1518316832,232435.56145137295,363817.66182127956
2022-03-09,371230.4859594922,443339.6061641856,228784.87059018965,373571.93552875647
2022-03-10,369305.0106165182,443463.45763801655,229884.0229485685,371884.97602999926
2022-03-11,369191.4943836969,442026.0609171505,229867.0059927007,367156.44417127065
2022-03-14,364621.44086604385,439548.2056128583,227823.78870228183,364473.1454907468
2022-03-15,366514.41156085324,437838.5770715532,225996.7326247602,372488.1050936126
2022-03-16,371158.8757192278,439536.8099895654,226758.6086175632,380747.7198718263
2022-03-17,375825.8430955627,440533.543500292,229217.57688681147,385511.1881692605
2022-03-18,379446.46084390074,439809.8971674451,229991.64632236338,389733.69224100735
2022-03-21,380451.2045222467,440697.621636129,231949.3705078776,389619.5732148631
2022-03-22,381611.37042597093,440499.451074736,233319.75136701978,394178.82851814444
2022-03-23,381962.02056894137,441932.792120659,233371.98888623936,389102.3337340847
2022-03-24,384981.4523476857,444077.66640337656,234705.554048637,394967.85146908223
2022-03-25,386465.1645185262,443011.616011791,236432.6310981837,396896.76332414703
2022-03-28,384827.43032253615,440673.9785876855,234855.81016395875,399719.90786390204
2022-03-29,386715.50031654525,445046.00111456617,236130.64569009675,404664.7653502603
2022-03-30,387016.54336570133,443417.9166034409,236204.47443609155,402165.95909533644
2022-03-31,382329.27308605134,439819.1376152386,233746.161451734,395976.10307550774
2022-04-01,383551.64788564766,437874.8416834506,234793.36353731347,397098.3736036686
2022-04-04,385230.8880169864,446747.4255294551,236367.88037467565,400500.12162685685
2022-04-05,381164.30649582896,435454.8747038996,234366.6121661398,395441.2452187631
2022-04-06,378107.3693538176,422820.45347849815,233209.60491460765,391487.0209628643
2022-04-07,378455.719167841,423657.87927072,234167.20881862481,393459.7785490266
2022-04-08,378583.13738864654,419122.9161580004,235024.4979851968,392407.78131591243
2022-04-11,374629.17197159195,411766.54632079345,233469.89747722773,385700.5857108964
2022-04-12,375722.52832155,411504.2942944092,234351.0476023935,384271.4951694617
2022-04-13,380231.5731149555,415507.7024468449,237374.3452351563,388672.7857155013
2022-04-14,378260.891307457,411251.4040157892,236321.6653378877,383833.0378584864
2022-04-18,380394.396398685,412611.470670422,237019.25070843464,383990.90251131926
2022-04-19,380930.0730004391,415963.3161571549,236873.95824863526,390189.46761472215
2022-04-20,381900.4117588815,415069.64902381017,236984.8129231412,389900.26597741444
2022-04-21,379052.60452244675,411597.29585218686,235499.4087655903,384069.7847855313
2022-04-22,370225.9423097503,406758.0946209798,232728.0378023738,373531.1930343348
2022-04-25,370480.67873705947,408264.37829820946,230037.6542797266,375696.7517120356
2022-04-26,367571.3627048668,400875.4129368174,229620.83445086397,364816.30340445077
2022-04-27,368117.9408655438,401042.7897602594,230832.7463664867,365842.1733868424
2022-04-28,374781.5937679088,407913.5582212716,233258.4568946491,375083.1116854879
2022-04-29,364023.1553112095,399980.39471185184,230636.21240004813,361221.65418531524
2022-05-02,365917.42619194544,402441.5767994034,231365.61235572188,363396.02205099916
2022-05-03,368172.7487030646,402368.8866796399,231599.2512803235,365061.8595194788
2022-05-04,376048.4749319153,404162.52531187027,234066.36773712497,376178.9546496996
2022-05-05,367797.6950703951,402667.4635265154,232519.06184241557,362808.50927517394
2022-05-06,365323.7412950052,402643.89650168404,233278.49202362675,360643.05070188205
2022-05-09,355756.07311845594,400453.63501409674,228142.2703353077,349096.20734426007
2022-05-10,355973.00413959194,399898.00092576846,226652.25679982384,349902.7485667551
2022-05-11,356690.90679967235,400008.53525705787,227991.08112697073,344344.15094944026
2022-05-12,357343.5001205172,398533.4610871003,227058.14585757442,343984.6760170858
2022-05-13,360572.76190495247,398563.8316070374,230023.90448382153,352208.75373014057
2022-05-16,361486.6925970414,399230.88987072476,231412.96344256058,350779.56308429694
2022-05-17,365626.38457299396,399151.9005005882,232186.65624291543,357995.2890865172
2022-05-18,357709.6524803047,398166.10538388084,229588.21432281006,343563.8370820766
2022-05-19,354001.52221767715,399511.93762925,229972.59820661604,341459.6424070305
2022-05-20,356693.30714292143,399513.2800094686,230310.48970109096,341608.7979762893
2022-05-23,358948.32961113437,400311.4343775068,231798.7842265253,348000.3643800484
2022-05-24,358238.0280380095,400676.843015548,231624.62056086797,345343.6934722916
2022-05-25,361861.946258315,400395.15874278476,232508.18043065828,348394.8758555173
2022-05-26,365296.83744775504,400832.7319840461,233351.01859779083,355356.1364503177
2022-05-27,370387.46540755325,401546.6196052191,234649.3333682044,364079.8352681847
2022-05-31,366252.774146703,400461.8092792285,233997.996959739,362037.00459579343
2022-06-01,367791.8942408765,400150.0482199357,235048.63354092935,359108.75042669504
2022-06-02,370053.71768162854,403719.3099739942,236580.08937023382,365947.3831205947
2022-06-03,368788.13670354866,400792.5759664921,236859.75222345887,359941.61910873035
2022-06-06,371620.1416802603,400326.62522485055,237676.16730915656,361037.5621773509
2022-06-07,374768.79193724704,401559.72419470263,238876.23809457364,364500.6742031939
2022-06-08,371087.36549326556,400228.4266274941,238740.72687928134,360537.7408637208
2022-06-09,368193.8517207961,398133.2371649253,237071.9022609197,351963.1976151125
2022-06-10,362401.92347505694,396804.6986197368,235128.06430288777,341757.7533367302
2022-06-13,352412.7950296892,390528.1851034385,232115.90261278348,328781.8194376735
2022-06-14,349961.14444365544,389921.2890606071,231322.73562345648,327791.0861028052
2022-06-15,350401.9074727687,392706.4475445757,231005.2683417217,332464.1601190041
2022-06-16,344620.28070014017,390210.04992831487,228493.32336155625,321460.98380610975
2022-06-17,343904.27831179864,390079.21403946704,226446.05509051133,322153.90652450506
2022-06-21,347858.7438003635,391555.31483721145,228045.87347459793,330263.7651070066
2022-06-22,346939.11229305796,391491.1943689576,225590.1467309291,329664.840428567
2022-06-23,347049.1280253076,390973.0238976162,223313.77088065314,332896.61116544553
2022-06-24,352907.1657246986,393441.7206659023,225097.0501937656,343480.650318282
2022-06-27,352240.7704301716,392962.14445858763,226271.60354299366,342168.5818308495
2022-06-28,350218.8813000259,391067.9174088266,227064.2720885389,335177.08970456186
2022-06-29,349953.14329949184,390066.5476777829,225979.71135956177,334904.10498149565
2022-06-30,344610.4792985397,388801.5063472262,224102.69806581957,332183.36725204386
2022-07-01,348759.0725473743,388807.38520718936,224282.33269767207,335696.6315867449
2022-07-05,346186.90472737607,387200.0168745791,221668.2256951369,336330.6929127079
2022-07-06,343532.12509388843,385879.4725516149,221353.39999968387,337466.577640479
2022-07-07,349362.85888882115,386367.88803188765,223187.4213256112,342520.7491413544
2022-07-08,349703.00753007684,386385.6508220647,223385.94895683017,342239.155439123
2022-07-11,350573.8320579843,385407.6687330953,223581.90610573007,338329.4776451839
2022-07-12,346133.79713299003,384840.5876890017,221661.54065578972,335335.5549838481
2022-07-13,347255.1574875207,385196.1057430842,222149.01347793607,333574.51822250604
2022-07-14,346947.0134229195,384038.7089049797,222061.9029521424,332764.47334569955
2022-07-15,351538.87005841837,384242.09232452343,222362.47929212652,339121.90414602426
2022-07-18,349676.0036685246,384134.5940050894,223421.56538933743,336321.8837247249
2022-07-19,354973.8612621605,384980.15719381307,223956.24353103206,345408.9615468934
2022-07-20,356324.0543397706,384455.5991093616,224315.9097149942,347610.3576029799
2022-07-21,359665.73219970457,386127.0668279439,223027.98590729057,351150.1496060391
2022-07-22,357233.3843739655,386048.47942406446,222133.81321730374,347892.0514096202
2022-07-25,358563.6746054686,385629.9903254033,223363.29290477475,348314.7923283985
2022-07-26,356822.4256068618,385164.6876212043,223883.64505211968,344193.89423168363
2022-07-27,360366.2323712291,387014.5572286112,224313.97292034325,353131.3159625489
2022-07-28,362451.7305974754,388419.437752872,224060.1997327989,357560.4355342622
2022-07-29,364757.6603454294,389082.0795535777,224667.13231190664,362773.1724188328
2022-08-01,364962.88969322614,389557.81968304113,222805.90477844555,361698.9520069433
2022-08-02,362735.9712438879,388864.81603170064,222696.16241771277,359312.66310762125
2022-08-03,368138.0437402549,390666.03306614055,222677.81791918384,364939.331722987
2022-08-04,364669.64775962965,392888.00681761984,221400.2650592157,364692.7745638701
2022-08-05,363512.0822277586,391191.6213104392,221946.79854999617,364076.43171828217
2022-08-08,365257.5318270513,390861.043969979,222689.58805126735,363653.79090391274
2022-08-09,365239.8292955893,389133.65472697397,222976.1379582485,362209.6847011433
2022-08-10,366729.94238176063,391406.5528802588,222737.157533756,369817.51967301895
2022-08-11,367511.55415224377,390906.5439459201,224012.30712529243,369817.51967301895
2022-08-12,371942.28774714784,393564.50415209273,224050.74657618313,376078.14950993884
2022-08-15,372540.27325907606,392753.30310962925,223215.0237413209,377627.8658640962
2022-08-16,374767.4917513205,392100.7504169007,223484.17552283264,378367.5373414471
2022-08-17,373899.26759526617,387226.02638589655,223070.41289059495,375681.93625951867
2022-08-18,377175.2360587564,387794.88340476877,224544.75359956842,376773.8751517833
2022-08-19,372679.19312461687,385351.7943093134,224460.73890130204,371710.694254107
2022-08-22,368510.4970010712,382566.30786579894,224043.38546206694,363970.7214624853
2022-08-23,367891.5084857135,383440.2827898554,225691.6845767117,363090.3031862232
2022-08-24,367962.91869737377,383822.6999385471,225893.11731226344,364252.6154779435
2022-08-25,372266.9341715866,386087.6846087211,226022.56424284345,369394.97896305844
2022-08-26,366233.4713864083,381456.5292587684,225205.28478675007,356891.2375607759
2022-08-29,364932.8854026126,380487.2840747768,225861.36400342282,354531.3762254031
2022-08-30,362391.8220305504,378874.002287177,223680.11072322205,350639.41691183904
2022-08-31,359757.44531468005,377458.01806647086,222449.09902390433,347971.3341014678
2022-09-01,358100.00830118713,376633.2834266213,221764.99397009017,349063.2729937325
2022-09-02,356755.1159815854,377151.2977995286,222028.70208638028,345382.53398294415
2022-09-06,353749.9862480335,376500.7536397914,222345.31681104162,344079.3747879038
2022-09-07,355452.52971174876,377825.93521600723,221926.80570589093,350260.7219329761
2022-09-08,356878.43361600715,377389.01052454044,222473.0955005195,352550.20986889326
2022-09-09,360153.30192217487,378304.95701158594,223697.2643832456,358027.12228854693
2022-09-12,361673.91937047004,379001.4871068642,223965.32783866418,361875.13576660457
2022-09-13,355390.62085878284,376586.5223228757,222173.36242978368,346139.92394067015
2022-09-14,355756.7732185702,376396.25703085563,222402.3102884674,347460.70151167666
2022-09-15,353408.4374065492,374403.5283998364,220815.1687695056,343515.88707021426
2022-09-16,349442.17023034295,374826.0955869026,220012.72579519235,340895.153645252
2022-09-19,353220.010461496,375005.67354280426,220308.5787652895,343538.9110842609
2022-09-20,350026.453782891,374375.00588975684,220117.94433917917,339595.498104523
2022-09-21,348192.39151198626,374442.7993257328,219787.96837568568,333671.61949913757
2022-09-22,343985.4899250593,374200.47610662144,219754.24965814286,330868.8962587979
2022-09-23,342596.6913268598,372345.9263129261,218247.08285012486,325325.21419840894
2022-09-26,341288.4042418066,371218.4532752826,218195.4641271363,322106.8574523227
2022-09-27,338501.9057725255,371394.1957172682,218932.28529480123,321284.59983763064
2022-09-28,342038.3114785414,373731.1108842965,218667.07713333963,327606.2933639786
2022-09-29,338844.35474272823,373214.4299705349,218363.34697560788,320762.95576286066
2022-09-30,334626.1515396702,372797.21529980097,218116.1081062898,315802.8824063498
2022-10-03,339040.08273183065,375501.4718997015,218766.26071122268,324140.37841468654
2022-10-04,342895.8341042769,377493.23981120595,219099.25461655026,334184.5544903334
2022-10-05,344389.1476481137,377002.2693771004,219794.34713764815,333406.3428155566
2022-10-06,344839.8120931293,376770.10108367127,220016.87923098815,329967.0556390315
2022-10-07,339719.4798856237,375039.6661868323,220447.0843932382,320762.95576286066
2022-10-10,337868.8152405794,373495.1852161578,220863.0026674736,318313.8012947504
2022-10-11,337999.53393335245,373038.8796365673,220642.54978117382,316297.8987083528
2022-10-12,337474.95891912543,373533.92461504263,220216.21408216606,315254.7106632218
2022-10-13,341164.48652157263,373382.59446753224,221214.46244617476,323574.5882955923
2022-10-14,338106.94929374906,371670.3775120672,220970.49745242283,316200.6973273124
2022-10-17,340347.3696738634,372554.8087740822,220716.04250257422,324326.0720931932
2022-10-18,341960.1002943421,372947.384641451,220713.77208891875,328136.84673114057
2022-10-19,339488.3468335972,371652.08024847263,221610.02861640445,325811.4213124289
2022-10-20,335616.9932300319,371463.5074530233,221818.15622644476,323079.4718891804
2022-10-21,337412.95005185745,373562.6027052946,221773.6806829187,330930.7607834972
2022-10-24,338622.22297788586,373486.45354138355,222307.78384412095,334980.18433225853
2022-10-25,343645.3412838036,374143.9737541603,222176.5544420855,340329.36352615774
2022-10-26,341943.9979917128,374305.6359521337,221693.23353764776,337765.28919663205
2022-10-27,341449.62729670346,373856.7961355526,221888.233911378,335961.6079570992
2022-10-28,346949.41376616864,373519.99694970803,222550.12161107326,343954.34438118956
2022-10-31,346204.30721593194,372513.2247439686,222915.92146378884,341469.85305673815
2022-11-01,346297.62055974005,372230.8561254972,222622.72867156178,339975.6946495194
2022-11-02,341250.0987641233,370356.5729154409,222152.1075194568,331443.59567028406
2022-11-03,340438.3826887245,369602.0192974499,222297.3605263706,328030.73605770816
2022-11-04,340173.34478830476,371144.15664917673,222901.5436671329,332752.0603989961
2022-11-07,341180.28878129576,371713.25736100815,223113.6859026362,335935.08028874116
2022-11-08,341909.5930718093,372560.6686479016,222231.656965266,337747.5707162571
2022-11-09,337242.42566687043,371246.8563957677,221043.60727423875,330789.3132537236
2022-11-10,347651.7141951299,375723.7136724993,220512.65397741864,348967.57317882543
2022-11-11,348090.87699541036,376613.6581039531,220404.32875096396,352344.9958306514
2022-11-14,346494.1486632589,376092.814031076,219863.06265686784,349347.76972382196
2022-11-15,349350.1570724614,376886.8370302011,219960.71858134278,352327.2773502763
2022-11-16,348549.64259889163,376266.45108227804,218975.7859734291,349639.4739713521
2022-11-17,348175.4890949406,375960.462697697,218981.35728170827,348569.658153454
2022-11-18,348742.27014463075,376035.04036543693,219339.446965933,350152.30885813903
2022-11-21,348904.79338545416,375551.53579060925,219320.4512663483,348879.18098576815
2022-11-22,352308.5801269582,376510.7000796546,220164.80929790533,353573.977658698
2022-11-23,352229.36879973835,377218.27730823896,219640.0764906827,355802.1015919604
2022-11-25,352342.3849610494,377115.60599011014,219578.54261787445,355722.5185868861
2022-11-28,350350.70015012147,376015.845978208,218140.41569784775,350046.1981847066
2022-11-29,349428.7683138689,375978.4945280003,218889.26327087576,349444.97110486234
2022-11-30,354869.8463880335,378467.634687057,220573.14168647424,360452.75222056604
2022-12-01,355708.16626777634,379060.7028067768,220038.6844809836,360187.5756413939
2022-12-02,356897.4363333957,378323.9851351553,219494.48239756448,359771.84203123854
2022-12-05,352311.8805989257,376429.5201004762,216476.19094040908,353299.89178713394
2022-12-06,350593.43486118515,374956.77740327927,214441.19448933972,348207.07998442376
2022-12-07,351827.3113055167,375180.54682930006,213757.12799703298,347614.76219697145
2022-12-08,353046.58566174965,376861.9674029984,214675.9753621536,350338.0025366457
2022-12-09,349377.8610341279,376444.03084743733,213638.41705950463,347720.8728704038
2022-12-12,352946.0712881942,377480.21249015594,214216.89803445418,352734.10166803974
2022-12-13,354125.8399951193,378918.3131208517,214501.54017200597,355404.18656658893
2022-12-14,353021.8821291445,377803.37231544335,214023.98265507547,353131.9165890023
2022-12-15,350342.69900595787,375186.6216507255,212590.8941887003,344493.7069363346
2022-12-16,347473.0886516772,374749.0459771927,212019.97317897985,340426.5649071982
2022-12-19,344011.69367219514,373874.5644139169,211678.89818039327,337539.85406779265
2022-12-20,342707.50717352587,373976.4056657683,212403.88953295347,338001.83591485914
2022-12-21,346435.84032516653,375303.54047710734,213379.4348802186,343055.8072069168
2022-12-22,344250.6278397811,372792.305274492,212679.03368179407,338161.60255146114
2022-12-23,343901.7779542475,372855.0491660783,213505.5993845218,340106.8314251764
2022-12-27,340346.26951654087,371688.1961809205,213582.16098360028,338765.6325547546
2022-12-28,333005.819832236,370784.7439786961,212905.5299379093,334555.54142971116
2022-12-29,337145.0117366783,372759.7005636046,213646.62770411887,340577.622460226
2022-12-30,335052.3124806847,372887.9538355266,213662.51336670984,339680.38664326887
2023-01-03,336984.3887675938,372393.9086465954,212670.89397342203,338250.49526656297
2023-01-04,339085.089167751,373943.09071343223,212564.2376052049,340861.8188770888
2023-01-05,338758.8425144796,372335.95903669373,212278.27941149723,336971.4612340671
2023-01-06,343096.5628084817,375723.97945898655,213525.97318536162,344698.92097457644
2023-01-09,342897.5343474117,376991.989682851,213847.3656965646,344503.51716840663
2023-01-10,343699.34900690796,377899.92565540335,214304.72197315737,346919.4369727626
2023-01-11,346146.29892074567,378845.10318427684,214803.59522789257,351307.2134236008
2023-01-12,347984.4617780343,380528.69082520425,215994.86472182977,352586.2474560967
2023-01-13,348244.09890614357,381720.2770211383,216440.02478888523,353954.0740992855
2023-01-17,346506.7504653166,381742.8211268796,216408.24800331437,353305.6978428501
2023-01-18,345279.9750364302,380760.123178923,214046.9046617716,347727.6799702089
2023-01-19,343133.96815744654,380050.5848227591,213982.85254058318,345196.339782393
2023-01-20,345652.5283115485,382056.55634741875,216459.87604414395,351626.94690562255
2023-01-23,347128.0393096213,389240.1796512056,217400.86517138957,355845.947323058
2023-01-24,348507.9366349388,388600.63786356075,217425.5960818294,355464.04900311027
2023-01-25,349198.3353619568,388375.31856514065,217410.87481490354,355597.28797135415
2023-01-26,351783.3050126168,393273.3451401262,218812.05658742352,359505.4641991597
2023-01-27,352114.3523523864,395226.99075138156,217992.48348861758,360331.52578138997
2023-01-30,349943.7419550996,388972.82876732684,215911.90034372974,355810.51036230783
2023-01-31,354594.90707171126,393571.1776402821,217691.14091143754,361042.06687575136
2023-02-01,358245.9291678711,403917.1848646929,218290.87990775102,364879.1689732391
2023-02-02,360866.6039243612,413870.72226065065,218158.96236607386,370190.7089093925
2023-02-03,357097.16489457997,406419.5718010826,216182.3468237166,366255.9049088199
2023-02-06,355212.19534393423,403103.6972649226,215127.42127085873,364017.5703258498
2023-02-07,356510.2809701787,411165.16848964524,217377.6565884037,368778.43590865267
2023-02-08,355144.4856614496,404922.558086544,215911.25458053645,364745.8299005863
2023-02-09,351887.71994395205,402434.1996593441,214937.7666791052,361583.93204111885
2023-02-10,350552.62902595074,398256.6855212682,215820.22628769724,362427.71210372413
2023-02-13,355002.76539545157,405463.7628884147,216980.03301287975,366682.2495863185
2023-02-14,354875.94726045826,409231.62585229625,217440.39386676284,366513.4735529156
2023-02-15,354862.14528677607,411062.79557355616,216943.44901466853,367703.71497471863
2023-02-16,350919.28145724843,403601.8999375183,215918.2263975552,362640.93449467793
2023-02-17,351569.77447775035,400494.95559845056,214858.56481156126,361734.8894897378
2023-02-21,346367.6305711717,391617.4950601385,212695.01217256687,354478.1206798691
2023-02-22,346426.5389950763,391174.4826347716,212016.75079708596,353989.6111644445
2023-02-23,347813.03726432886,398182.3415660368,212568.45724178498,355872.57509582496
2023-02-24,344518.0660834499,390026.7740993738,211271.44777718853,352071.1101679051
2023-02-27,345876.86039103597,393326.1166972182,212205.6324589383,353270.1607776911
2023-02-28,345083.24690430734,392999.21585596935,211484.48136502138,351964.5990768371
2023-03-01,343974.18830892816,391197.52925363457,212515.32285902766,350614.4909140233
2023-03-02,344596.67732485745,395139.03569514863,213358.1891725642,353341.234908009
2023-03-03,349368.8597469438,404533.8324676945,215817.11556199516,359008.0453913432
2023-03-06,349052.81455248105,403539.798412016,215310.29585097713,359256.704743047
2023-03-07,347174.94601728045,398669.32907949184,211880.4234858455,353749.8611051326
2023-03-08,347739.72678092966,402387.14218379743,212134.37542886552,354327.1632312502
2023-03-09,344116.40864643647,396580.37497902964,209462.82949177,347789.9449125438
2023-03-10,342117.8228486674,392651.9124424884,207331.35290895184,342771.5106856451
2023-03-13,337568.7723344439,393261.7516574709,205430.6301876245,342282.90106581163
2023-03-14,340668.3155691264,396408.43028507044,206875.01750367015,347940.90236116265
2023-03-15,340114.43636440014,397035.44859174284,203214.99367151636,345764.7326161186
2023-03-16,343428.21023406344,401108.1003093994,204905.75079756315,351831.2600041843
2023-03-17,340717.0225342224,400569.04159328574,203208.0512235368,347717.36921609234
2023-03-20,341919.4944877118,402330.32435506006,204424.9771823942,351060.9565777105
2023-03-21,345207.7647103536,405176.75156508136,206699.4230325099,355670.5643986678
2023-03-22,342719.00881826103,402103.32883482944,204124.20646010456,349607.64076932234
2023-03-23,342087.71854375175,408240.2167259177,205075.79104040048,350552.72649373295
2023-03-24,343500.22053153603,407028.4400439714,205903.26305333432,352853.02570581116
2023-03-27,342249.3416558568,403834.3568168826,205958.9249298011,353512.81386486103
2023-03-28,342297.44853514055,402256.94073196704,205644.34576839197,352719.2862155228
2023-03-29,345676.13168683124,411611.26946149836,208506.67292534912,357846.0334128496
2023-03-30,347846.642069816,415665.292569716,210002.5387436052,359941.3187955037
2023-03-31,351626.1825441038,420399.98077037773,212605.29932718282,365014.6102384787
2023-04-03,352136.55552744045,419483.00843135116,213257.3034172894,366405.46089571423
2023-04-04,351125.6109623676,417755.06178595097,212509.82770773314,364372.64066421275
2023-04-05,351424.05363967054,412568.7768453422,211525.82513511527,363418.64564741025
2023-04-06,353444.24252668134,414697.50480482716,212097.7140763792,364836.3242862305
2023-04-10,351814.2094319488,415595.58056907146,212382.33813957288,365210.71477551083
2023-04-11,353079.0903099143,412067.09179913707,212435.10995167986,365308.81709623133
2023-04-12,352523.7108906574,406195.97957165726,211514.4006174025,363819.7640138664
2023-04-13,354642.71390808886,416775.64286977303,214718.8117373725,368652.30435344065
2023-04-14,352414.595287126,415028.2361047777,213960.96704411675,367751.7650909899
2023-04-17,351497.66416597576,415055.0901895866,214236.66739725546,369071.3414090896
2023-04-18,352127.9542974646,415807.1071347698,214472.06029684862,369312.0925124905
2023-04-19,353300.1219174342,414202.12044891366,214244.23102537633,369249.72746574675
2023-04-20,353728.7832159999,411322.0350600204,212998.71724659228,367234.62571462034
2023-04-21,352969.3746205708,410270.8291952591,212719.6647501196,367519.92327998095
2023-04-24,354926.0544257829,408891.7400028152,212943.51009057125,367903.32316606224
2023-04-25,352684.6339026481,397064.14100065,209719.40944735522,362063.2319509248
2023-04-26,351661.78763563186,399649.26409687754,209394.24880286917,360529.732511009
2023-04-27,355224.0970458776,414470.7104162901,213643.82192597736,367707.21862903005
2023-04-28,358781.9058125312,418834.3380469637,215008.24255731358,370845.59195240634
2023-05-01,354802.6367770591,419421.6056882806,214647.95402357346,370471.3015675349
2023-05-02,355668.0605326562,415637.42684288305,212570.43930698955,366307.3585749937
2023-05-03,355599.3507071511,412985.73292015784,211470.7753144492,363793.0361366905
2023-05-04,352087.7485480424,410941.6852681389,210462.97240100382,361216.34865164367
2023-05-05,355882.1911533349,422064.093820991,214245.43091767677,367903.32316606224
2023-05-08,353478.24738937675,423540.5533681614,214425.54879107588,368001.4254867827
2023-05-09,351829.71164876583,420383.741964311,213554.23384175595,366387.6423109303
2023-05-10,353848.60034985,425148.0699992165,214662.94402556634,368099.52780750324
2023-05-11,354270.86073308485,425520.64670057845,214161.38344828237,367457.55823323724
2023-05-12,353458.3445432697,424244.196072511,213661.46459723118,366976.15613084444
2023-05-15,352228.76871392614,428059.52692061086,214755.35689554265,368242.27669459244
2023-05-16,350352.0003360481,427755.43952624896,213532.0046287284,365781.30990623217
2023-05-17,353245.3140799134,434178.4041363452,215796.15146154992,370221.5410673332
2023-05-18,354178.8475752033,443224.2681999539,217800.64452601926,373787.9608431594
2023-05-19,353563.15953181306,442355.69557914766,217621.83985134392,373244.09358961397
2023-05-22,353698.2788538761,443772.143220514,217913.82308329263,373395.6516646862
2023-05-23,351497.4641373717,437520.7005398792,215534.4753293993,369205.08089937805
2023-05-24,348946.7993923131,434031.50600719574,214091.40219898915,366530.3911980195
2023-05-25,351265.73099953297,447859.8148329712,216107.97613085137,369704.40169096366
2023-05-26,354848.5433416979,461789.32253069745,219472.6289926789,374492.39556857804
2023-05-30,357094.8645656329,464202.5688318826,219488.7810156586,374634.9442468494
2023-05-31,355721.9682414586,460179.05954821093,218274.3353206667,372557.57755338814
2023-06-01,358173.4187988883,467424.914922444,220621.37847676067,376097.16934762953
2023-06-02,359942.2717448595,468915.7216013167,223228.20591903795,381536.0420919018
2023-06-05,358789.20685658057,467784.9101620476,222943.02308440692,380804.8794893073
2023-06-06,360841.0002630376,468644.49846540566,223382.22540955798,381634.04430821346
2023-06-07,359269.5755493036,460703.64992051286,221914.0998005658,380314.46799011366
2023-06-08,361903.7522365698,467189.60307564074,223592.47801532038,382614.8673066008
2023-06-09,361967.0612897645,468791.1781759903,223967.23104089728,383301.3833428265
2023-06-12,364787.66463604296,478914.889619149,226105.4565665602,386778.6100903242
2023-06-13,365218.92630646186,483106.7984769665,227639.9230672226,389328.66980260407
2023-06-14,366176.3632199405,488285.215530638,228360.70479654233,389792.25332021294
2023-06-15,367914.01170367363,493014.84904836095,231076.60216912083,394624.79365978716
2023-06-16,365607.4818699074,489189.04007236403,230138.31307036837,393280.5916570984
2023-06-20,365166.3187835861,487536.36888494913,229119.24744898258,391240.1634905206
2023-06-21,363327.9558976934,479193.6502191948,227531.1988762728,389235.57270232856
2023-06-22,363410.46769688063,483419.21775596053,228477.75265708935,390640.6381856276
2023-06-23,361527.6984608799,477825.40275165316,226463.97894145153,387687.3579143046
2023-06-26,360528.45556914643,470119.0714798128,225391.1359007495,386103.40585230396
2023-06-27,364347.6017070441,482960.8835822845,227798.20066558343,390336.3207825762
2023-06-28,365057.30319435685,482467.75278008176,227837.2005598585,390533.2261548795
2023-06-29,364789.3648791777,481372.71293159155,228242.44298465102,392072.43154610257
2023-06-30,368676.2206995601,489870.58958556585,231023.93990967833,396699.15722098143
2023-07-03,369269.5055392921,491149.3877322056,231734.19540697717,397155.63332555856
2023-07-05,367348.03076839994,489317.5699054844,231112.0287838627,396565.01731305756
2023-07-06,364671.04795985826,485121.2326439778,229235.1031430261,393459.5783402088
2023-07-07,364536.0286520973,483854.0943371977,229193.88113878007,392466.24229070917
2023-07-10,365296.9374620571,485143.1518019293,229400.9376446588,393459.5783402088
2023-07-11,367389.5367037486,488081.0140410337,230789.23211600527,395965.39190375555
2023-07-12,370412.7690259707,497897.65976954723,233423.49678567817,399151.31482135865
2023-07-13,373212.76942602795,507128.1223267519,235861.9532631205,402319.31904976885
2023-07-14,372454.46098792134,506249.2388132223,235511.19155728002,402068.757714296
2023-07-17,373509.31183159194,512194.4661429979,236560.2571553377,403464.8138007942
2023-07-18,375522.7997603658,517315.19686702045,238336.95197057785,406462.7406384859
2023-07-19,376549.74661376583,516059.3178047711,238657.90203578415,407366.68345083925
2023-07-20,373238.7731445597,502328.5717522309,236213.65839011662,404663.96451498906
2023-07-21,373596.4242886733,501179.23108462925,235886.65918735418,404663.96451498906
2023-07-24,372909.626076529,501891.92447049776,236771.69186517192,406471.75003528676
2023-07-25,373199.26749525184,507899.5218624222,237804.43130876453,407581.5075123353
2023-07-26,374962.41962600657,504583.0927323829,237619.89672000048,407644.0727678969
2023-07-27,370204.9393063208,503591.40733133024,236186.0889962535,404941.4539364557
2023-07-28,373162.56224640127,513563.9224089253,238926.392335604,408905.88884206227
2023-07-31,374789.1948548642,514252.56313266425,239642.5423295892,409684.50093447464
2023-08-01,373008.74024985573,512779.18599151925,238471.02341301806,408512.17820186453
2023-08-02,367710.58261331375,497928.39217563474,234544.73376758155,402829.45111751556
2023-08-03,364862.8753911809,497011.57509743253,234068.94254624634,401674.9469696894
2023-08-04,365244.8300106916,495930.38815054385,233321.45630578828,399858.2521569997
2023-08-07,365782.40688418446,499502.1946160487,235021.31468876352,403348.49247765413
2023-08-08,365140.0150221482,494401.77281421283,233691.8599327975,401594.3629205261
2023-08-09,364175.7771361305,487502.349615541,232107.55499134745,398909.6627782777
2023-08-10,362854.98826332163,487511.2841753796,232316.50466847396,399052.81208300253
2023-08-11,363735.1141213194,482432.1559371045,231786.92248844577,398820.0693323136
2023-08-14,364478.42041411926,490333.87445860973,232860.90346096497,401021.66559721786
2023-08-15,361604.30941624654,485533.57278087974,230216.65216487698,396350.1932515614
2023-08-16,358910.4241906593,479900.8552951672,228152.71598501402,393441.7597554249
2023-08-17,357257.0877635502,475555.7070112,226624.10011301137,390443.73281332426
2023-08-18,357415.0103464796,475710.50549653615,226800.70506972677,390631.62878882675
2023-08-21,357601.8370627,485788.3748939657,228463.58493250344,393173.1796263503
2023-08-22,357352.7014363054,483952.43366747466,228179.7626884203,392108.36902889714
2023-08-23,361351.5732749783,492447.33317011234,230548.89065866597,396475.52397150226
2023-08-24,357681.6484757321,485723.49985075294,227230.07804158228,390980.69286265573
2023-08-25,360992.4219163341,486961.05084848165,228905.14500017717,393737.0677616754
2023-08-28,362624.9553686177,489991.656213825,230164.69777743993,396233.8719284214
2023-08-29,366957.8749761216,497567.2989904135,233966.592522466,401961.34568354796
2023-08-30,367442.64429813466,500616.7534571363,234913.92589042263,403616.872397911
2023-08-31,367150.3024932566,502494.0300544289,234828.64640398917,403026.25638541
2023-09-01,367134.2001906273,502336.3833760994,235179.19235955723,403778.0404962375
2023-09-05,365197.8232887303,502700.60461811203,234869.72919476187,402032.92033591034
2023-09-06,364052.45950170874,497332.8653150858,233097.8470595602,399330.20140006026
2023-09-07,363372.7623050097,492027.504171319,232138.34501438992,398104.2227042806
2023-09-08,364725.35572586884,492349.5459253065,232803.4045553799,398703.84811358247
2023-09-11,365378.24908961984,499499.9166311837,234244.6570271348,401325.88289586036
2023-09-12,365219.226349368,492850.17607500684,232857.04055112173,399124.38673536497
2023-09-13,364813.46832597064,495331.7915397447,233113.66899389116,399589.772132334
2023-09-14,366556.81762492034,499409.8518062892,235247.02427178933,403035.16567780194
2023-09-15,362845.88696183555,489335.4687941243,232514.3902154994,398179.3010109544
2023-09-18,364075.162748273,490113.925582675,232570.40549728015,398412.8445969146
2023-09-19,362907.4957718954,487939.7830525204,232185.34678878658,397586.5828058665
2023-09-20,360484.8493334547,480365.7430213247,229965.18335419113,393931.47052375623
2023-09-21,354777.23314433964,471730.2782215115,226541.45749612185,387420.37945577234
2023-09-22,354604.5084447076,472620.44710268266,226284.96311163696,386549.27088953776
2023-09-25,353173.00373953476,474398.167906575,227055.66932171443,388174.7662812313
2023-09-26,349631.19726120844,467294.10860716563,224163.7583549269,382472.0183151027
2023-09-27,350326.6967176306,468022.9293333213,224271.26627680057,382624.6775386728
2023-09-28,351925.0252786149,471714.10057402484,225845.8328924701,384842.8911354543
2023-09-29,351063.6020950996,471745.9382919193,225376.97438916378,383909.0171048403
2023-10-02,349179.3326445682,475595.604646267,225379.8559292691,383756.2577768612
2023-10-03,343963.9868501196,466791.3318186487,222526.93993080122,378619.2999298268
2023-10-04,344971.5309289228,473130.86069799936,223757.84161996905,381376.37555970874
2023-10-05,342406.16408146365,471612.94065287337,223367.88856912067,381232.72573293943
2023-10-06,343374.60256816726,479096.45376807346,226124.7777612297,385758.9465812843
2023-10-09,347260.258216925,482563.0561483694,227126.49961133304,388228.7225576276
2023-10-10,347918.05228147627,485354.1230693562,228392.89096240752,390249.3300512435
2023-10-11,350153.5719607904,489075.8788230216,229154.18083228488,391847.8973569433
2023-10-12,347049.1280253076,486194.16268340265,228220.99119848866,389459.0057429899
2023-10-13,347844.341740869,481873.0419810972,226898.9142492649,387519.28261176404
2023-10-16,349186.93373152363,487600.20803399826,229119.13537560444,391596.5351861992
2023-10-17,349628.6969036573,486858.57174558105,229205.5467900468,391578.51639259746
2023-10-18,346421.5382799741,480227.1989972425,226715.47077469318,386360.674183173
2023-10-19,342670.30185316503,474606.9957751771,225081.94628117047,382965.9334686077
2023-10-20,340517.69403024635,465844.902753404,222399.9271830771,378260.0252062901
2023-10-23,339689.0755378019,467441.4495392603,222001.46204648243,377604.34132800513
2023-10-24,342116.22261983465,473538.07648957736,223495.86459145488,380451.31071707787
2023-10-25,338450.6984498784,457755.153128907,220379.02350837548,374991.0156293014
2023-10-26,336813.2642967945,453821.9103813462,217569.2619781454,370500.7322637511
2023-10-27,335599.69075577805,454923.0160463642,217465.01065378828,368821.28059566126
2023-10-30,337019.09373040346,457413.38234038086,218368.5640332405,373230.7797032305
2023-10-31,337839.7110786843,458395.3116464208,219041.1144277046,375574.8245419973
2023-11-01,341655.75677321857,461828.0973986013,220367.73495049262,379580.20215084334
2023-11-02,347479.78960991424,470063.8043786896,223022.736336907,386854.689441087
2023-11-03,348107.3793552478,476626.24944035796,223759.9059254278,390384.07058562076
2023-11-06,348401.42140326067,477409.0549201323,224101.41559031405,391282.1072378491
2023-11-07,349313.0517664026,481059.06359990785,224535.0698550903,392395.7687868446
2023-11-08,350237.78400311247,480476.7162428183,224418.7948513878,392683.1685447922
2023-11-09,347191.0483199097,477918.41806800594,223012.081291665,389620.674363361
2023-11-10,351499.7644663187,488168.0180871464,226332.92219696598,395700.6157422191
2023-11-13,351337.8413113075,487027.8074165191,226226.14321992532,395323.5224338985
2023-11-14,356045.6145228768,498217.9289146563,230223.88576564015,402993.0217216557
2023-11-15,355778.176279208,498613.03463140293,230521.37181819728,403846.11149428855
2023-11-16,355601.1509645879,500384.53972015204,230237.9446364955,404340.1267522025
2023-11-17,356993.75010626524,500673.886941397,230770.90461653238,404843.05130250845
2023-11-20,359870.5614902931,506618.1058408455,232619.02560452328,407959.4016559271
2023-11-21,359111.05288056197,504077.7443909447,231923.47689360005,407070.27429609076
2023-11-22,360489.95006285905,505689.562026853,232648.0255626202,408641.91351579694
2023-11-24,359360.68857846677,505165.44845207775,232769.00795588898,408893.37579094997
2023-11-27,360656.67390436836,504976.16493357497,232316.43929251732,408156.9076546838
2023-11-28,360118.4969450632,506802.8007846723,232762.748473219,408561.02915340697
2023-11-29,361073.23347238655,506653.7399669762,232610.5923118393,408273.7294998683
2023-11-30,360419.03992270894,504311.6783714688,232863.89878025503,409881.3062023691
2023-12-01,362508.03864952695,506895.10005572496,233880.60541275007,412306.03519470803
2023-12-04,362111.6819705218,499795.39836620167,232350.16677122758,410141.67776991404
2023-12-05,362648.25870099425,500256.6794113429,232126.4640214958,410060.89351193287
2023-12-06,362897.5943559929,495707.1347816379,231037.0913378,408408.4700342457
2023-12-07,363088.221615691,502882.6861316859,232888.98175523974,411524.8203876643
2023-12-08,364317.89745933673,504892.11352653377,233829.6115621985,413293.9656061272
2023-12-11,366124.5558114811,508846.9833425387,234926.193186351,414901.442204219
2023-12-12,366152.7598446578,513317.31468282914,235623.24901943604,416796.4186646672
2023-12-13,371818.97011272615,521239.99563624535,238722.60692488562,422544.01340598246
2023-12-14,375967.0632900505,522413.56947300985,239620.1782015721,423900.22793773905
2023-12-15,374798.2961563504,524165.8559162704,239621.7435407663,423202.2999988988
2023-12-18,375433.7870315456,528512.9771952751,240894.84334054554,425582.7828425047
2023-12-19,378485.6234441526,531802.3598030609,242429.63491143382,428170.6820213483
2023-12-20,376192.3955125583,522430.2509064519,239251.52912710913,422237.3936015264
2023-12-21,376908.2978865978,529971.5480050048,241673.34456098,426241.0694354211
2023-12-22,376911.0982870551,530946.578835247,242162.54436131663,427097.6628623655
2023-12-26,378367.5065534372,535101.4223350228,243352.26618395236,428901.04378867155
2023-12-27,381489.95306328806,536200.9102033281,243825.6753828517,429676.5526444081
2023-12-28,379861.3201687842,535870.5130326622,243510.8175899215,429838.92199564143
2023-12-29,378131.57281491254,533192.2223580023,242827.0641295921,428594.5240886244
2024-01-02,375495.7958988135,522427.01949973824,240610.63571974923,426195.9223470079
2024-01-03,373827.7573693038,516018.3395065575,238575.4889737881,422715.39215401665
2024-01-04,370937.844111708,513897.40905501746,237893.86684112274,421353.77198417945
2024-01-05,370330.55726968957,515540.4669499739,238356.72409280716,421930.87390147924
2024-01-08,374944.9171231486,526663.2730783011,241395.6863161261,427954.3563937186
2024-01-09,372558.0758048401,527785.9295337546,241127.74663042324,427305.0791976031
2024-01-10,373620.02766395593,530933.7692057538,242127.2866486475,429721.5996284124
2024-01-11,373927.97169995314,532280.2173369812,242253.48485571926,429532.30219118536
2024-01-12,374214.4126610106,533010.0360978718,242647.73444930697,429829.91259884054
2024-01-16,369956.00370853033,534318.5781126989,241540.53854093273,428251.8666969649
2024-01-17,367720.18398631003,530091.6868433852,240072.6972559533,425871.38385335903
2024-01-18,368170.0483169093,540647.4642567082,242409.98154978352,429658.63395521534
2024-01-19,372353.9466143659,554790.4166050557,245641.5628109182,435014.7203533285
2024-01-22,374618.37042697106,555701.7591462805,245805.02196442243,435934.4796622878
2024-01-23,372705.3968717527,558856.3411310193,246418.29741192167,437205.9057597074
2024-01-24,370578.5927387617,563388.6054188915,246808.3803273415,437683.9043121976
2024-01-25,373610.3262766576,565193.7516629137,247853.8770048635,440064.38715580344
2024-01-26,373963.7768200853,559841.5173722837,247289.99489050996,439505.3040321055
2024-01-29,378791.0671225986,566818.9951122494,248982.63114643382,442985.83422509674
2024-01-30,378627.44372445263,562370.4664269787,248703.4224110636,442643.27693784615
2024-01-31,375312.26965456066,550514.8316494739,244717.2205202617,435420.5436270029
2024-02-01,381372.2362297809,559880.5923539518,247465.4192385273,441119.3875211845
2024-02-02,380235.4736727352,571432.9484259364,249580.6427923543,445763.13094557624
2024-02-05,376619.2565536872,572651.2276313333,249013.21873984975,444140.03805969626
2024-02-06,378219.68541501433,570063.9822003549,249252.81243669539,445429.5830551264
2024-02-07,379965.6350858173,577656.3879156089,251243.2176881573,449144.6578781669
2024-02-08,380444.4035497076,579945.2355020883,251742.97869342577,449342.9647121948
2024-02-09,382274.56526283256,587513.2669511795,252981.36478585636,451939.9733922481
2024-02-12,383369.2217987172,585283.6829234957,253148.54770714976,451741.5664538113
2024-02-13,377274.5502606873,574466.143136806,249513.19885723453,445519.6770231351
2024-02-14,380423.10050337197,582970.4423398055,251908.57059885105,449568.39984103414
2024-02-15,384093.8254170347,584146.1505738845,253390.2226388975,452670.3351595714
2024-02-16,381987.2241730567,578801.1504098078,251971.73218837773,450416.0839755865
2024-02-20,379138.91686511174,572987.4508777611,250441.0962097284,447936.39766276226
2024-02-21,377957.8479722601,570161.370323326,250378.4051860773,448342.0207276189
2024-02-22,383315.5141185189,586127.4526545734,255529.75920989955,457620.79849282803
2024-02-23,385646.94751349447,583995.0428794732,255466.08506030618,457936.327589676
2024-02-26,384645.4042928139,583646.5622235205,255147.24322425996,456259.1783229909
2024-02-27,383837.68878949695,584060.3804858142,255736.12904692828,457106.76235313434
2024-02-28,383283.7095704686,581411.25631958,255196.6750850619,456502.63224543195
2024-02-29,385727.25899803673,586933.2202399895,256386.75766211352,458143.6438205047
2024-03-01,389497.29811363027,600923.5123856551,259197.23433765562,462444.9300620547
2024-03-04,388201.01274482254,602129.0907721028,258657.86807328396,461949.0128203716
2024-03-05,387512.1142323353,591738.3347653913,255708.3044423994,457332.1974819737
2024-03-06,388962.2215976885,596644.6357954585,257188.796837151,459649.6145479735
2024-03-07,391134.23219520395,605415.9177182093,260132.69540101476,464212.2734011574
2024-03-08,389186.5536771759,592884.2753566107,257970.40344207943,461425.9672838771
2024-03-11,388948.8196812144,588946.4002368265,257463.9707504686,461029.15340700344
2024-03-12,390359.9214687701,598851.7179494888,260028.53463132834,465988.62613706087
2024-03-13,390333.6177073322,595303.6505817061,259575.4416578687,465258.2643697376
2024-03-14,387958.1780194568,591938.9240766187,258691.418493975,464338.60516518727
2024-03-15,387238.57511624164,586014.6631974494,256836.29159418997,461150.07953295286
2024-03-18,388611.1713975099,590639.542660201,258469.02631366893,463890.8381441843
2024-03-19,390691.4688800499,590753.6220844521,259406.604747996,466468.62677772914
2024-03-20,393014.1010164454,598230.2167463576,262258.28015794803,470783.22690566257
2024-03-21,394116.65868219157,601615.8347641489,263380.62495619606,472338.94952435384
2024-03-22,394743.848370317,602826.4735564712,262887.2538658385,471443.5155867569
2024-03-25,394132.06088470656,601971.4584232097,262592.92606415873,470141.1572269877
2024-03-26,393448.2631016235,599796.8872307295,261771.5971085193,469272.65137538454
2024-03-27,398158.23662783776,600909.7680056761,263506.2844048515,473216.36466834904
2024-03-28,398022.8172628686,601445.2467745814,263522.5937476275,473125.9703871137
2024-04-01,395978.92498627305,604734.5544779472,263555.8610039859,472302.81183274154
2024-04-02,393967.73738644633,600833.7168558916,261885.72242266056,469299.8797746049
2024-04-03,394361.69372220227,603023.8264477518,262661.2215497505,469815.4174804321
2024-04-04,392440.118937008,595206.0859970425,259646.95536034106,464080.7362078648
2024-04-05,392915.1868717227,602850.8076521384,262100.92522789992,468928.8928352271
2024-04-08,393217.43009250326,603152.4712879892,262896.2876949584,469191.26649095
2024-04-09,395052.6925350325,604875.6991518987,262815.59693233523,469733.93249158876
2024-04-10,390062.37892018555,601331.402198165,260356.0534353024,465030.4267350847
2024-04-11,391706.4140172044,612661.7966641969,261568.98380041323,468540.08731106546
2024-04-12,389137.7466977778,603893.1206995329,258049.47867649182,462072.74186977017
2024-04-15,386299.14077713114,599210.1839431154,254630.8410646879,456283.80400757986
2024-04-16,384541.9895044992,600522.3233494383,254372.82141817955,455451.6360564068
2024-04-17,383524.0439382832,591050.2311770278,252684.0527899112,452756.22474240634
2024-04-18,383079.6803942964,587651.1636117261,251921.03381514444,451824.55300878815
2024-04-19,382022.3291930746,572784.6385010522,249354.50601264855,447880.8397158236
2024-04-22,382823.44375245663,577481.7007680649,251139.70383727187,452005.4416756677
2024-04-23,385026.258755002,586558.8633263257,253356.53293076192,457369.1360088572
2024-04-24,384558.69189294067,587153.1660555401,253564.42802131342,457152.10965036525
2024-04-25,383422.1293644991,587656.2025440969,253086.49084669256,455415.4983647944
2024-04-26,386619.88664379006,596197.3330575172,254959.9146488043,459729.998388319
2024-04-29,387167.86500469566,596231.6769817607,255687.37750937077,461358.1965990528
2024-04-30,383479.7376024772,588168.5446960642,251635.9102935771,454049.67380978353
2024-05-01,383070.4790785082,586439.7927473834,250235.71283490985,452575.3360755267
2024-05-02,382932.45934168587,592336.0758866764,252730.65801287562,456808.35111020796
2024-05-03,384624.30127508234,597698.9121710673,256430.88393819245,462470.7569995505
2024-05-06,387115.1574675179,602964.1878779115,258837.04428134137,467246.5381392793
2024-05-07,387879.9668352574,601981.895909597,259064.20943348165,467762.1759495153
2024-05-08,388650.5770325157,601759.1281140588,258842.54345330867,467807.3230379285
2024-05-09,390178.5955391621,603580.6276340644,260292.58423302692,470502.8344563379
2024-05-10,389943.76195795997,605993.9564193785,260393.83621206897,471108.86654780933
2024-05-13,390129.4885168579,605100.9072142878,260530.91795940764,471172.13253423315
2024-05-14,391842.43346798595,608489.5873715427,261068.80812771744,473334.08745321364
2024-05-15,395141.40522094665,619112.678815847,264376.2948058628,479195.30069862865
2024-05-16,394375.0956386763,617192.3105730893,263828.3710271084,478209.17216656974
2024-05-17,394470.5092828275,618117.320425919,264599.1173952665,478896.6892468845
2024-05-20,393442.1622291988,623456.3585815369,265389.48338321334,479448.4647487329
2024-05-21,394652.83535545587,623915.5633325019,265509.9297626956,480624.39124006336
2024-05-22,392710.55760973826,622717.1629594895,264272.84664391587,479240.54789145075
2024-05-23,389767.83680066257,618760.0443813682,263028.6732926657,475739.9968166798
2024-05-24,392308.7001441206,625555.8491423752,263976.0203402751,478887.7799544926
2024-05-28,391259.65012996865,630187.9401502992,264627.0325860034,479222.32888903125
2024-05-29,389606.0136599534,624262.6178458764,262914.4123444688,475866.6288939363
2024-05-30,389114.3433510992,618189.086973421,260977.01829228114,472709.9364637317
2024-05-31,392016.3583392426,617383.7721017364,261816.80903941207,477015.32698604645
2024-06-03,392216.18691472884,622416.2902165676,261453.47727299816,477404.23261461704
2024-06-04,391895.641076674,623658.911759219,261266.0977396729,477937.8892184548
2024-06-05,395238.2190653263,645725.2525760004,263964.0852353678,483618.31390139915
2024-06-06,394589.4262879592,644614.2324877583,264115.5746268937,483609.3045045983
2024-06-07,391350.16307331953,640958.4498815716,263184.90169886855,483021.2912067286
2024-06-10,391930.1460108796,645468.8894726767,263718.49489720433,484513.8479434049
2024-06-11,392773.46660572465,648772.006247651,264423.298360894,485680.66493352567
2024-06-12,395525.8601980083,659759.3203688595,266590.11681134097,489669.6254193123
2024-06-13,396638.219265355,664590.1525079391,267486.1529142108,490655.4536381446
2024-06-14,397090.0838819952,669351.0780312747,267124.83771937416,490953.96498547983
2024-06-17,398635.6048914995,677362.1973280947,269714.9729990104,494861.4404824231
2024-06-18,400028.40406178084,680224.2296021902,270160.2727883011,496118.851962597
2024-06-20,399823.37474258826,672742.613794906,269340.103800586,494771.0462011878
2024-06-21,399474.1247998464,667688.6223204291,268541.15378909145,494107.65428341756
2024-06-24,398674.310426391,656251.237440218,267349.2571258568,492501.57914705033
2024-06-25,400179.225629265,669136.8889189182,269206.047214303,494398.05717363214
2024-06-26,399125.17490001075,669703.8212589443,269120.8602656979,495015.20085449127
2024-06-27,399914.1877288453,670903.901509112,269420.22570969426,495795.5147218549
2024-06-28,397935.6047914852,668192.6695508235,268775.527731369,493844.3796880145
2024-07-01,396177.3533615307,671481.4986811087,269666.9242367599,494860.8398559697
2024-07-02,398518.9882153148,677552.5521620386,271698.97433180944,498191.2134356134
2024-07-03,401192.5705375869,687255.268522867,273362.58525391086,500414.33214843075
2024-07-05,403830.0476968207,693752.3802003753,275011.1260851567,503300.0419437474
2024-07-08,405001.11515946785,696581.8611626816,274979.64728057757,503880.74761976744
2024-07-09,404440.63501080655,698481.0025099104,275198.01231824124,504370.8588057344
2024-07-10,408347.8937488061,708717.1786018669,277822.56143651577,509361.5641113682
2024-07-11,409098.1010284471,690545.7808036548,274453.87840462214,504969.683379765
2024-07-12,411550.35170029313,695269.2935298042,276003.4766838988,508154.805462097
2024-07-15,412157.93858521775,696883.438097724,276679.91064816224,509552.26301031973
2024-07-16,417136.3504981213,697812.1567345469,278449.0196688895,512573.9145929204
2024-07-17,413816.77579893934,668614.5824380527,273606.4671777455,505387.1187648718
2024-07-18,410135.849426468,668274.7051613765,271716.41170007054,501503.36801283737
2024-07-19,406796.171852575,658349.2080404775,269499.4252328777,498173.0945376027
2024-07-22,408420.6041463929,670980.0965589051,271444.56141387305,503309.15144495707
2024-07-23,408251.17991872836,668272.7410863914,271161.2190783376,502519.6279719747
2024-07-24,400955.43662743777,643034.9503707866,266069.5813723832,491131.24989363906
2024-07-25,401715.4453086792,634318.3441362669,265076.38570287684,488572.2808889672
2024-07-26,406817.7749418167,642322.2768184463,267176.7356730372,494044.18808817596
2024-07-29,407250.23678386013,641904.5265083066,266698.66223765945,494334.69108279934
2024-07-30,406665.1531168958,630331.3860756764,266014.41282928374,491830.0787721593
2024-07-31,412028.32004976715,656634.9560799449,269707.62911261193,499824.51697120094
2024-08-01,408828.26244152914,647296.0726190251,265236.9019350284,492746.5346356249
2024-08-02,405932.3483258106,638031.0891134295,259706.9056367828,483572.3659777147
2024-08-05,397489.9410615718,622115.0107642744,252169.1756236197,469488.97700301406
2024-08-06,396178.45351885323,626762.0680621063,254280.51160287173,473817.39153937553
2024-08-07,392690.85479223536,620435.0596227784,252880.23194676178,470650.4884594632
2024-08-08,397632.06138477806,638929.1805592761,258139.68807202426,481530.63645382127
2024-08-09,400219.8314358954,641596.7222319678,259009.00479730635,483653.951070967
2024-08-12,400670.595895213,643826.8411673108,259984.02444101623,483908.11616516026
2024-08-13,406681.85550533724,651742.2457748557,262773.8714719297,491866.4166725895
2024-08-14,407959.2381710585,650530.6583008344,263187.4713321453,493418.03501051595
2024-08-15,411769.18299316807,658851.611490958,266623.13730162336,501875.35599630413
2024-08-16,413245.6941342612,661913.4342269403,267007.88039462833,503000.6296567319
2024-08-19,416741.5940479489,666262.1464357408,269515.4671802641,507809.94577344164
2024-08-20,417422.1913733664,665256.4190608602,268400.59544401604,506984.18450443813
2024-08-21,419256.05361566704,667087.2440284616,269237.56595184345,508726.60184572515
2024-08-22,415708.64633642614,660026.2313677644,267544.1879075416,504733.83739240025
2024-08-23,420327.8068763834,665638.1694668563,270262.6367323037,510096.7308903186
2024-08-26,418543.15167068894,662750.8118741713,269315.5995005305,508880.76263542875
2024-08-27,417902.0599945793,664630.3278717743,269732.4904402095,509579.49140954006
2024-08-28,416365.24022935284,660081.19789988,267736.8252495919,506621.20591777225
2024-08-29,415316.3902438049,658728.2522747484,268747.2749776724,506666.65331941214
2024-08-30,415882.6712219848,664696.1549729861,270233.50763885415,511503.19783534226
2024-09-03,412929.7489541004,645413.8844829845,265100.1316284575,500977.0190308491
2024-09-04,415081.55666260276,643703.0232165644,264530.8347208446,499951.54946609307
2024-09-05,415563.0255126483,644584.2687383874,264123.9939804219,498735.58121120324
2024-09-06,411484.4422752453,628368.2188709945,260070.20563854024,490341.7264206567
2024-09-09,414339.65057003155,635878.8325752638,262394.2740809562,495831.7525178761
2024-09-10,417724.6346227511,640454.2554402015,262668.265210963,497991.5051398609
2024-09-11,419343.96618716477,648589.1652196741,264529.4913313075,503100.43375240377
2024-09-12,420347.30966528214,653629.2105199208,267024.3750466478,507338.05358989426
2024-09-13,423278.0287581124,657320.1528979067,268425.07014739985,509987.817293437
2024-09-16,426003.2184602398,656625.3391270097,268947.72216380486,510741.10297039803
2024-09-17,424742.33815435605,656338.377032201,269294.62623602117,510949.7205585425
2024-09-18,421189.83014571085,653986.2280637058,268224.5409874718,509434.34001663735
2024-09-19,425400.13221890735,664846.125418432,273007.5700514947,518127.5069897903
2024-09-20,422735.9512410275,664290.8795730954,272455.6038493584,517231.87284337566
2024-09-23,422658.44015694247,665624.775713481,273661.00826962426,518524.32086666394
2024-09-24,423254.92545433994,669533.792331796,274968.00348800723,520007.96831094834
2024-09-25,419672.81321228936,669924.943995208,274079.1145715828,518861.0720981983
2024-09-26,423114.50537426857,676678.6861765449,275503.24339219974,520918.2177010622
2024-09-27,423908.0188466951,672024.0267523457,275053.23367249966,520162.72972710535
2024-09-30,423445.85275694425,672625.7332866526,275509.50861982093,522247.10372918955
2024-10-01,421469.1700913231,666343.1232338583,273407.9936831256,517568.724179319
2024-10-02,418692.27299503837,665551.7404928381,273167.0079962844,517787.15199953556
2024-10-03,414268.44038697536,663950.7819449061,273005.95081221696,516840.46460458246
2024-10-04,413673.55531841057,673684.4527438075,275556.14002943155,521537.1632612815
2024-10-07,409055.894992984,665262.843015476,273271.8250608188,516822.245602163
2024-10-08,412344.96533004224,676199.6704953881,274259.6049265768,521710.14367985807
2024-10-09,412661.51059601526,679954.7500974046,274497.994386575,525323.7126322754
2024-10-10,411095.8867117998,679180.3487926042,274917.1156918742,524404.4538453607
2024-10-11,413351.3092372209,681236.2130780775,276581.4298038089,527544.7291525061
2024-10-14,416235.32165099605,686008.0655606877,277835.9453535353,531859.0289672128
2024-10-15,417452.09564967797,680052.2386609982,276295.20057354035,527726.7189678835
2024-10-16,420197.0881836103,680718.7614086939,277065.1436902298,530020.5113933833
2024-10-17,417489.4009843408,681011.0889096641,277352.29021948786,530065.9587950232
2024-10-18,419530.9929319893,684292.2292422317,278264.578384432,532104.8853954674
2024-10-21,413866.58292135777,683594.1546316303,277931.36498519935,531231.0740101926
2024-10-22,413068.068733829,684730.673913307,277733.1982898529,530948.8796815077
2024-10-23,409896.8152445799,673677.0669168168,274855.7512897037,526097.4196086519
2024-10-24,411260.3102243622,680125.8666575223,275555.03399301687,527235.2063201918
2024-10-25,410062.33891446475,683432.7512044584,276297.7027029859,527053.1164004056
2024-10-28,413059.5675181551,684294.0344353091,276948.9645473587,528682.515864046
2024-10-29,412838.53591063526,690618.6964573909,277821.43541064166,529538.0081424925
2024-10-30,412337.26422878477,687840.380236527,276467.4508819662,527936.0372868902
2024-10-31,407617.9893724803,671367.7604965207,271571.61499856075,517586.9431817385
2024-11-01,406613.64575134247,677012.4920129703,272317.56084208976,519771.32148831233
2024-11-04,407567.08209273935,674541.0314025612,271464.64665753295,518651.7537791917
2024-11-05,412054.22375399683,686137.933835365,274165.2365811973,524923.1948922727
2024-11-06,416506.6604524447,706654.6128908318,279829.4625415821,537975.7086641366
2024-11-07,419689.3155721268,719813.8644247432,281924.81918986,542135.4472715042
2024-11-08,422850.6676454733,718485.9185841673,281991.3055840377,544483.7965998536
2024-11-11,422997.7886837818,713906.4645708683,281815.3387696539,545002.6377511745
2024-11-12,419783.92910186166,711801.2306261504,280563.7190977033,543309.6719878834
2024-11-13,418508.6467364833,708478.1987339194,280282.48302470014,543573.6473141486
2024-11-14,419513.8904863396,704592.8264898609,278582.89557356347,540078.4017730493
2024-11-15,415508.2176751276,681747.514927635,274838.68884943955,533160.6865961198
2024-11-18,414672.8982244461,687509.4984566474,276567.2524428131,535345.2651115112
2024-11-19,415955.6816624778,692603.5337945123,276746.5948176179,537302.3063054766
2024-11-20,415354.49569288414,692473.9189538606,277496.4012512097,537484.2961208541
2024-11-21,416090.0008701245,697022.2482617504,279301.0975711957,540369.505394126
2024-11-22,418331.9214647695,697622.0280791218,280279.7148643552,542044.4523638155
2024-11-25,422458.5115671541,694690.4649386886,280665.9597563424,543883.1701464629
2024-11-26,423037.0943044856,695316.9193134926,280995.299349582,546722.9320180948
2024-11-27,423056.3970647803,693321.3323119301,280773.5230648519,545066.3041552339
2024-11-29,424778.24328879034,697694.2915572963,282370.3388335452,548452.2356818161
2024-12-02,426541.09537663887,701279.9139003336,282406.7148180814,549435.3610816081
2024-12-03,425546.85320000764,703112.982356362,282307.08055326896,549690.2269066636
2024-12-04,428771.7143551528,711134.7286585412,283855.23309364764,553103.4869368752
2024-12-05,427125.77898639505,709548.7958981002,283411.63451618707,552193.3376511702
2024-12-06,428980.24417491705,717005.7976883323,283401.23034515354,553240.1294550216
2024-12-09,425706.37601176975,710981.9055651868,282440.0523514898,550391.0578733619
2024-12-10,424620.92079167324,711416.99655023,281134.1925854958,548679.7730032423
2024-12-11,425413.83417828754,725120.9424373591,283653.7017314672,552921.4971214976
2024-12-12,422194.27378115075,719527.0126322357,281868.48063959635,550072.6257486559
2024-12-13,420931.29317492404,721805.7344848494,281743.02746284124,549963.4118385476
2024-12-16,422536.2226798432,731519.323259372,282551.2543130397,552311.5609580793
2024-12-17,422124.6638269273,728093.6010397405,281196.7358014962,550036.0876394078
2024-12-18,414045.10845050844,698352.7077132687,273592.19152567943,533643.0897426015
2024-12-19,412359.967475349,694382.926139655,272624.79039410583,533479.2188252347
2024-12-20,413796.172852718,703124.7442220965,275253.268432004,539886.8019344176
2024-12-23,415061.5538021937,710985.9576622437,276333.7283351873,543119.8740286118
2024-12-24,418039.0795883812,724903.4023205142,278692.29886166105,549156.6704072347
2024-12-26,418313.8188760993,724396.3116430406,278860.3538729755,549193.2085164826
2024-12-27,414487.9717799646,713556.8476109556,276774.6323374347,543412.0787981865
2024-12-30,411039.0785882381,703070.6848612599,274377.76749201695,537210.9109801523
2024-12-31,410259.16706088965,697885.4668393967,274062.66767901403,535256.5726052272
2025-01-02,410850.95168609114,696210.651336529,274308.038802769,533941.400881119
2025-01-03,414144.2226238352,711072.7883267922,277098.80403760856,540617.4640149676
2025-01-06,413156.8814340451,721709.7975197298,278045.93576245115,543731.8122802082
2025-01-07,409808.90267308225,708312.4358359023,275902.64088661264,537585.4015738416
2025-01-08,411372.3262426527,708506.6300990335,275596.1803415497,538370.820766059
2025-01-09,411372.3262426527,708506.6300990335,275596.1803415497,538370.820766059
2025-01-10,406130.5766724642,697566.4522117471,272783.3545769608,530151.2477514046
2025-01-13,405883.74137501663,694593.2437414248,273745.49266494403,530973.2050528702
2025-01-14,406478.9264864876,693604.3315686382,274391.3453996673,531703.8671334202
2025-01-15,410830.3487398698,716058.2172805303,278331.87136338087,541375.5547035558
2025-01-16,410646.22240980464,711358.8271366558,278523.8044191982,540334.3687466027
2025-01-17,414011.30361641716,722969.954634226,280713.00286544603,545759.2268736291
2025-01-21,415593.92993198027,729020.8215676456,282795.8016591808,550754.8372952989
2025-01-22,415971.9839937112,737967.2766159835,284353.9073198213,553850.96655812
2025-01-23,416334.93589583307,740022.9351643051,285424.8869947583,556873.9194980364
2025-01-24,415568.1262420526,737170.2442845359,284582.72323146765,555248.1237931162
2025-01-27,413854.98126232054,719057.1654140077,279617.470810056,547394.1320797591
2025-01-28,416177.51338441396,726983.7554282185,282105.2315829926,552097.4376274454
2025-01-29,414788.61477191246,726220.2140267834,281127.2355956727,549622.3561174304
2025-01-30,416234.8215794859,730252.5820598591,282838.82312100375,552572.3329432597
2025-01-31,414201.230776001,729624.5299369016,281496.8346801227,549631.5657230491
2025-02-03,413353.5095518659,725962.1147705249,279666.58454032143,545932.7078142503
2025-02-04,413441.42212336365,730937.0826721793,282061.20120326395,549595.0276138012
2025-02-05,416212.4183758277,731766.0562929896,283182.25036634883,551823.4518602903
2025-02-06,416430.34953998425,734951.0683025784,283969.20480071957,553741.3522303763
2025-02-07,413285.69985507935,726401.6351664212,281452.1081983268,548672.6655902106
2025-02-10,415121.962440629,730811.2082993119,283767.26076391473,552398.8520026387
2025-02-11,414904.1312907746,727863.6122191506,283804.1268106299,552818.9902067856
2025-02-12,412695.31543010654,728373.8809929776,283217.78117084585,551038.0326680727
2025-02-13,415726.34886788815,739589.665489453,286395.9581318027,556855.6003912081
2025-02-14,415470.0122117463,740495.1711235968,286900.7074480202,556828.2718875787
2025-02-18,416354.7387276381,743000.5968626145,287495.77909022657,558462.9768848908
2025-02-19,418292.61584406573,743283.4660569202,287861.09745462367,559778.1486089992
2025-02-20,415573.5270143631,739735.2678440594,286930.24609361944,557449.219535976
2025-02-21,411987.71424313675,724697.2720194733,281905.6404267204,547914.6750060313
2025-02-24,412118.33292160777,715899.8670133799,280131.9648624845,545421.4745980058
2025-02-25,412214.8467230814,707255.889391537,278076.766205417,542708.8453256746
2025-02-26,412927.1485822473,707790.3847096866,278297.0176316854,542982.9311972387
2025-02-27,409813.7033595805,693139.2892674631,273389.5314732025,534315.8914748081
2025-02-28,414505.77432572865,701106.0776263393,276955.53547700355,542654.0882140072
2025-03-03,410635.0208079756,691784.692130021,272327.26730051765,533146.8721876916
2025-03-04,406279.29793960537,689277.044713188,270169.21857468406,526836.0900419137
2025-03-05,408714.4461658017,696893.3122349181,273032.555155029,532498.3958268474
2025-03-06,402666.0812496187,681990.6246556145,267649.11705578887,523045.9369121994
2025-03-07,404366.5244129911,685179.1235193117,269729.30009706033,525977.4945267914
2025-03-10,399121.7744137412,664679.5917905299,263760.44230308285,511967.882501449
2025-03-11,396810.34387917473,662984.7493676101,262903.16169677937,507711.8434527212
2025-03-12,396175.0530325837,665523.8843917609,264392.4318012644,510406.05351381487
2025-03-13,394676.03867353033,660925.6418427161,262336.6450952173,503602.05694539397
2025-03-14,398835.0334097777,667209.6107968251,267007.9280376956,514004.50670048856
2025-03-17,400963.03771439317,669100.836129683,268275.3300192091,517968.04066641507
2025-03-18,398804.0289761436,665292.5819955855,267949.5864943359,512369.70159876754
2025-03-19,402878.6116414648,669785.5842067583,268900.40051180345,517949.82166399545
2025-03-20,402001.78625543456,668963.4665968779,268641.365354799,516452.0594980565
2025-03-21,400938.6342246942,669838.1566903509,267431.5253395955,516622.3370975927
2025-03-24,404109.0875995268,676480.5002243294,268211.66276214406,525874.286881217
2025-03-25,404582.9553626169,679480.5185153927,268628.4815786869,527138.505461196
2025-03-26,401181.26892145583,674688.1162624378,268492.6155957598,520845.3416913841
2025-03-27,400183.72627285705,674583.8645656494,268897.56254049286,519462.09896922484
2025-03-28,397244.70599295705,666946.6839127374,267809.9070762505,509001.08813492465
2025-03-31,399077.66810653923,668811.2145624546,268408.3915854574,512417.85181944765
2025-04-01,400320.94589526305,668297.1742877748,269048.97668780305,513865.1613633019
2025-04-02,402211.4162325213,669001.455850021,269258.6903612478,517117.05308636907
2025-04-03,387888.06799372315,665947.5522457814,265350.1012790032,491633.173399856
2025-04-04,376262.00546678173,659334.0749570354,256988.6366461917,462851.4540665914
2025-04-07,371517.5270063619,655254.5327207294,255002.14129735238,462026.9941549036
2025-04-08,365012.3967727385,655765.6924481788,253226.64781567483,454790.4464356323
2025-04-09,388717.18655767775,667126.8595748984,260443.2772706895,502552.2620092756
2025-04-10,372384.25094788556,670459.2103407044,258741.5503344471,480530.89372215216
2025-04-11,376583.45143355505,675106.8012974431,261573.09273421674,489104.93644871603
2025-04-14,379594.3819966255,674245.8970162922,262358.37597379694,493849.8854305039
2025-04-15,378998.89684224845,675372.0005119713,262671.1565850681,492466.6427083448
2025-04-16,374643.0739595762,680893.8323316955,263364.458577904,481520.22559529584
2025-04-17,373947.27446024783,680200.9435004165,264260.5776291192,482207.2421535661
2025-04-21,366809.55376618856,685592.897793724,263203.98663369607,470729.2706292662
2025-04-22,372982.736531324,683698.4069494081,265380.89059118065,482976.74474476883
2025-04-23,377502.28282644425,679695.4706601474,264960.6269836431,490460.65045842814
2025-04-24,382777.6372021199,683682.6114752514,266990.80981336796,500784.3180437196
2025-04-25,384634.90279109916,682047.8343893271,266796.6485223888,504402.5919033552
2025-04-28,386952.9342696006,684958.2943502642,267065.65119112784,504594.8924728491
2025-04-29,390026.0737285432,683218.6960764751,266718.71993038553,507773.60787301156
2025-04-30,388120.00116016594,681818.2259937853,265639.9323956824,507975.11804812413
2025-05-01,388529.9597842492,678135.9807814831,264944.2322431883,511575.07280093135
2025-05-02,392003.8565514869,679100.426515117,265752.98080971255,519168.99325997016
2025-05-05,390143.5905334463,684944.5835667808,265752.5514031336,516191.8881393293
2025-05-06,388637.6751875519,690342.3107226578,267540.5399320539,511877.38811580476
2025-05-07,390038.27547339274,687496.5977529419,266886.4165885917,514030.03332475777
2025-05-08,390134.9893034704,683896.0263528526,266339.7348772531,517611.76907514536
2025-05-09,390144.8907193729,685465.1688276822,267559.0802856137,516952.2812293222
2025-05-12,395804.7000721104,681250.6090173743,266637.6468541778,534036.1997563458
2025-05-13,396843.0485559435,688028.5486529779,268233.75250512233,537562.8780818394
2025-05-14,395896.91325859603,685457.5075014897,267038.2036011972,538249.8946401096
2025-05-15,398065.0232983317,689779.6458439927,268091.45319333026,540878.8366266015
2025-05-16,399586.64088964724,688729.9010763378,268037.3793659494,544304.910021152
2025-05-19,399908.1868707225,692148.5427442025,268138.20529765653,544900.3310452801
2025-05-20,398823.0316935322,695213.3779529168,267894.0356671019,543068.2201536202
2025-05-21,392615.14396558714,691171.5175214449,264671.69278570166,533917.0755097566
2025-05-22,393421.25924007135,690060.7199613953,264479.30479409307,534127.6951860791
2025-05-23,392780.46760686784,689330.0898568244,263512.4676339476,530481.9927184053
2025-05-26,392780.46760686784,689330.0898568244,263512.4676339476,530481.9927184053
2025-05-27,398855.53634169686,700073.1501314575,267636.68826021295,541510.9959687954
2025-05-28,396486.4975691524,697566.924555938,266125.45720457355,538378.1283879086
2025-05-29,398846.7350831169,699847.5688613678,266893.6231498323,540503.3449888234
2025-05-30,398656.1078234188,697524.007283626,266681.4043976516,539898.8144634854
2025-06-02,399662.7517735036,707311.0350574583,268592.60249401175,542939.9864058213
2025-06-03,400540.47728825227,714098.2704670432,269968.3824648603,546036.2157730513
2025-06-04,402166.90986811114,718199.4874422651,270171.66309679,545889.4627096062
2025-06-05,401774.1537039797,713121.7307540815,269142.23093675537,543251.4112219044
2025-06-06,401957.9799911388,718807.5495292621,271187.85637971124,548830.029720999
2025-06-09,402498.05722218275,721863.9956220664,271565.1008244969,549324.6456053664
2025-06-10,404342.6209948023,729374.6441205891,272735.93406916165,552439.1940794248
2025-06-11,403114.14532278123,727650.2708181606,272456.99560323625,550863.6507877716
2025-06-12,406084.3700649193,730396.4377754618,273478.7243770121,553052.8341059724
2025-06-13,400388.35553484154,719666.9967435854,271396.5301206414,546869.68508154
2025-06-16,401100.45736540324,734429.7285462434,273477.36126562755,552072.8119428563
2025-06-17,398683.11168497097,727008.4169885986,271547.53642260225,547355.2915691066
2025-06-18,397861.79423657584,727242.0100023174,271423.4539129813,547272.8055361742
2025-06-20,396887.0548488434,722713.996143103,270572.50803814805,545987.4649259177
2025-06-23,402051.1933206449,732819.117822281,272525.8050512898,551380.3897465055
2025-06-24,406409.21651796205,746808.9730076534,274590.9336289753,557471.6429235693
2025-06-25,406811.6740693919,751819.5239180883,274687.3814883313,557784.0687837414
2025-06-26,410878.9556906638,759467.9139996894,276847.01173546416,562148.0203852617
2025-06-27,410654.5235968744,762127.9720767116,277447.0157024584,564941.0334979383
2025-06-30,413892.0865683793,767896.4525044594,278840.013197505,567642.0506588371
2025-07-01,415440.2079497369,759735.8892334758,278399.4339167761,567458.3590685084
2025-07-02,417076.8419884044,767853.2777765736,280138.28041749424,570030.8421683816
2025-07-03,416790.30101304495,775305.8395110224,281788.0117341506,574523.4279353365
2025-07-07,412987.45720638055,768082.228534257,279705.38343379664,570242.0624711573
2025-07-08,415040.35077016015,769887.4109624123,279661.3507882516,569929.7367153941
2025-07-09,417740.6369110783,776278.4822398211,281157.42601256236,573347.5014440061
2025-07-10,419113.93329246086,776325.8730141538,281780.9696027185,574964.4879609431
2025-07-11,416910.7182327073,775122.9191854866,281525.27139816195,572943.1797364651
2025-07-14,415884.97155093175,776128.4001470134,281928.65329277585,574036.5200904544
2025-07-15,413399.5161308067,780336.8283762782,280651.4770051555,571583.4615503971
2025-07-16,413573.3409877613,781615.5516047309,281524.1171096201,573494.3546118601
2025-07-17,416206.8175749132,788084.1396327158,283083.4823355301,577004.0151878409
2025-07-18,415649.13782670925,786343.5717085722,283054.2426200599,576581.4744778804
2025-07-21,417874.956118725,791683.0703842392,283949.29885177425,577674.8148318697
2025-07-22,419723.6204777283,785289.5135771901,284118.42475880624,577757.4009692109
2025-07-23,423163.0123107605,789092.1494464227,285870.9938720877,582672.6275505351
2025-07-24,421317.54840942257,791778.3413964108,285924.8063103739,582865.5287464826
2025-07-25,423105.5040870845,791211.6344843439,286495.4395859609,585327.7968921585
2025-07-28,420971.79896725237,795260.8457915355,286223.6923215525,585180.8436198955
2025-07-29,422153.56796021835,794484.7169477285,285940.2552909529,583637.3337390898
2025-07-30,418198.2023429351,796724.5573656401,285111.2975541783,582902.2670645483
2025-07-31,416217.81914813817,790668.9216110848,283877.6791527574,580715.7865653876
2025-08-01,413337.80730644485,775136.3536159653,280106.0358820238,571197.5590540934
2025-08-04,418259.61112439074,797108.374461389,284166.64543454326,579879.6144378587
2025-08-05,418021.2770426171,790350.4778448574,283078.397277758,576939.6480529192
2025-08-06,418603.36028052017,801757.0619963103,285470.04410345043,581358.8572881516
2025-08-07,418758.98253450246,806896.2414534006,285953.79938859993,580871.8493388604
2025-08-08,420380.01434205094,815019.8788200048,287796.8034358847,585401.3736326989
2025-08-11,418940.4084784124,810906.1188037867,287160.71957293345,584243.666143788
2025-08-12,423705.5898993556,823648.761500168,290098.8425064023,590463.5534862862
2025-08-13,425907.90483039076,824443.6475362645,290904.2658415828,592484.8617107644
2025-08-14,425376.2288007185,823611.8509537884,290496.148211302,592539.9191356585
2025-08-15,423944.62408124364,816592.7106950147,289774.3373524555,591152.6722371433
2025-08-18,423935.9228369657,817314.1799726791,289659.4432255607,591023.9379672998
2025-08-19,424030.23632379435,802216.3955427663,287498.5535579634,587817.5937502816
2025-08-20,423097.802985827,798204.7773909005,286763.89647696447,586255.6646582384
2025-08-21,421642.2948481633,794659.539427666,285865.5984988771,583903.8116755777
2025-08-22,428483.97320816887,807412.8264242833,290299.5550929762,592870.664102659
2025-08-25,426519.19224449096,806305.3912751724,289023.78274452564,590261.3425803112
2025-08-26,427383.31581416144,811104.5768155539,289931.01728761144,592732.8203316058
2025-08-27,428292.94589126244,812396.8197137138,290453.233563621,594083.4290164642
2025-08-28,429013.9489947063,815590.6430441402,291732.22141872137,596187.2232738746
2025-08-29,426971.5569326414,807020.4724070304,289881.60879597766,592631.8149830273
2025-09-02,424960.36933281465,803901.4460156071,287985.7917494375,588240.2345646509
2025-09-03,427623.25012476783,808504.9310810847,289491.9593815133,591428.2596748408
2025-09-04,430695.289426388,812100.6039192352,291466.5514317066,596371.0149686123
2025-09-05,432441.0390685869,815331.1344438393,291497.36891703866,594643.8134974779
2025-09-08,435105.1200321646,820245.6113952427,292581.03596503224,596104.5370321245
2025-09-09,434150.2834905391,822234.8257803747,293093.7686564142,597482.6744294299
2025-09-10,435390.3608215975,829581.7243203602,293931.7345879192,599209.8759005641
2025-09-11,438997.5766534615,831529.1172903316,296078.08370692446,604189.4696168103
2025-09-12,438264.1717765641,832895.6540768984,296493.0792338327,603987.3588152443
2025-09-15,439880.2028690103,840935.97496573,298388.9706659433,607202.9126378812
2025-09-16,440079.73140159046,839220.2376458707,298145.2041180509,606366.8406147612
2025-09-17,439307.82101840567,834305.0325490115,297444.0747363507,605613.5549378002
2025-09-18,439801.0915560926,847757.8397067587,298776.3108890689,608443.3063685424
2025-09-19,439780.7886527773,853444.5149818799,300219.0135482156,611456.7493896133
2025-09-22,441198.0913270598,864575.3550750618,301862.46655974136,614349.5665979616
2025-09-23,441139.68297466537,858179.4832575555,300460.8949817475,611005.3786098901
2025-09-24,438085.3462045073,853912.0380849965,299196.2199372456,609061.3509890817
2025-09-25,436271.4868226156,851263.4916373786,297959.03892706503,606251.5203357101
2025-09-26,438575.61631313275,855065.8929555649,300000.7102983137,609724.7429068518
2025-09-29,439920.3086041304,860897.3831965441,300974.5076475171,611438.330178376
2025-09-30,440181.84600397863,867343.1611621375,301933.8191339332,613741.5324183123
2025-10-01,441045.3694878368,874970.4164077794,303213.2802676284,615832.9137290193
2025-10-02,440872.44475960056,880641.3664271568,303662.62866440316,616542.253570474
2025-10-03,441331.8104488942,876873.2617175195,303465.8432096433,616533.0439648553
2025-10-06,441591.64760560764,887095.4221730308,305210.8077225722,618744.0500441961
2025-10-07,440972.1590187397,880660.607314968,303824.5932808209,616450.1575142874
2025-10-08,442728.91023416346,897097.836640444,306154.0619481873,620125.9914090396
2025-10-09,441504.9352057345,894834.5996036134,304995.37772006047,618329.5176869475
2025-10-10,436413.807174426,856497.5069732838,296893.24188552314,601617.4870389816
2025-10-13,441625.35242539685,889223.4035142368,302013.9360302314,610848.715209964
2025-10-14,442401.3633949655,878564.9807569628,301129.4306948731,610102.4368416257
2025-10-15,443276.18849495484,889736.7606760975,303138.8584779755,612811.061937601
2025-10-16,442195.3339327524,889724.3140332355,301872.9041035847,608637.7091306231
2025-10-17,443191.07632391434,894056.5312406017,302717.53237817227,612092.5124905276
2025-10-20,446516.451852615,908509.6977997714,306106.9519239314,618458.5522700176
2025-10-21,446588.5621643896,900705.8545111488,304977.43863372196,618449.24255999
2025-10-22,444858.91482481995,889891.2328923688,303384.7066221792,615234.0891549886
2025-10-23,445567.9162120184,900652.3890628775,305557.86239899806,618882.2942328849
2025-10-24,448284.2046412637,913439.5347063915,307954.8315516115,623940.1695968895
2025-10-27,451888.8201012746,930342.6569463172,311253.90492360055,631301.2472008304
2025-10-28,452102.3506361409,940226.5144324304,312289.2546707913,632977.895945471
2025-10-29,449549.3855621354,948554.377132762,312599.98177271674,633282.0131397047
2025-10-30,445309.5792698356,934402.4589416377,309545.88025071484,626317.1487861839
2025-10-31,445531.9110632821,936930.3251421904,310314.9811953666,628371.5915700075
2025-11-03,444365.0442013208,942792.2855648935,311054.4946045807,629550.8215068316
2025-11-04,440877.44547470286,915558.0347790074,306279.82822209486,622088.4382410855
2025-11-05,440370.1729347297,925864.3065984581,307908.3454965518,624244.1866867143
2025-11-06,439572.95893312746,899659.5742145397,304444.5801068245,617546.5010005435
2025-11-07,440164.6435440268,894957.867388422,304648.2889076276,618154.435075784
2025-11-10,444495.96292269795,928842.8577385898,309938.5719369438,627800.3958128326
2025-11-11,446827.9964034857,920388.7362245176,310266.98872766894,629237.4947069793
2025-11-12,446961.9155539243,924059.1783911122,310710.054127862,629587.6599293062
2025-11-13,440722.2232779287,899275.7953826038,305412.12132545665,619140.2632946164
2025-11-14,439403.93476267107,898932.3590721117,305229.6359668873,619038.8575284021
2025-11-17,436148.7692740062,891202.0853713193,302687.3792350303,613271.6423229427
2025-11-18,434885.18858196726,873585.7531340356,300175.82348898443,608121.6709027515
2025-11-19,434591.0465196524,881477.1086663797,301227.22826442216,610471.0212751899
2025-11-20,430998.0327186788,858201.273376841,296365.146725278,601166.0161548494
2025-11-21,434941.2966054146,861880.448371881,298508.9486157868,607154.3619995656
2025-11-24,439530.6528833624,886496.8961024736,303666.3755564402,616090.7826863419
2025-11-25,443975.48849485477,887268.4630588092,305894.86752738734,621885.626708657
2025-11-26,447157.1434715165,895768.8514804929,308347.88746942027,626178.9045974951
2025-11-28,448001.3641950799,901084.8195104479,310432.62266327685,629596.8695349249
2025-12-01,444542.569587451,901150.3169454727,309182.5968694248,626722.371433405
2025-12-02,444604.57845471904,905020.3397887605,310199.52175844775,627883.2822634006
2025-12-03,447326.76772778516,907783.7910242188,311163.7239034342,630057.5500246757
2025-12-04,446072.9884373466,906713.7525998227,311131.7971637362,630518.2305144265
2025-12-05,445272.87402098504,910927.1818739211,311797.25488710846,631715.7795580791
2025-12-08,444525.5671561033,911205.2373668796,310951.5820905309,629818.0001741817
2025-12-09,444935.4257658846,913330.8114523704,311125.3743832614,629274.433233863
2025-12-10,448616.3521383558,918729.1437030995,312902.7554386748,633447.8861452494
2025-12-11,450565.23082800844,916598.5959886104,313501.32067256956,634921.9235662796
2025-12-12,445535.5115781557,904515.4624233092,309655.9783420137,628095.2032970388
2025-12-15,445424.09564567736,900509.2775577289,309123.31466838013,627146.2135006812
2025-12-16,445207.3646531454,901445.3778114815,308524.44148431864,625432.626229157
2025-12-17,442631.1962610654,886925.0992773247,304957.26784399507,618550.6483262042
2025-12-18,446041.88398941053,898030.1534293161,307674.66407817544,623221.5200454073
2025-12-19,446952.9142667402,909989.6945398058,310707.90323047043,628870.1115263219
2025-12-22,449472.87462107086,916356.2514400384,312706.3340091381,632787.7976729728
2025-12-23,450372.8033108735,921047.2816716852,314179.56151069736,635679.9141504589
2025-12-24,451984.73381693586,921737.3867297526,315034.45208872954,637916.0464364332
2025-12-26,451498.26425178803,924307.8218777599,315394.1200805975,637851.3789882847
2025-12-29,450259.38709235424,915693.733339972,313319.2800103764,635578.3081754269
2025-12-30,450435.11222104763,914696.7102469583,313334.57374968036,634802.0985888281
2025-12-31,446852.2998788827,909942.605867724,310962.79305216775,630098.9932499597
2026-01-02,448305.8077305055,913859.7525921506,311556.8255774217,631253.9979198303
2026-01-05,452538.01293584984,923371.9523663012,314040.6871646172,635458.1828847487
2026-01-06,454967.26031822554,934137.5914703904,316247.22401135,639237.4246338931
2026-01-07,452737.0413969198,931877.4220335094,315139.4465950521,637176.8754811268
2026-01-08,453471.4464168377,927870.1067827048,314846.1620061296,637112.2080329785
2026-01-09,457043.1571714756,935858.8541043309,317465.2032404701,641325.7027079243
2026-01-12,457605.8376347817,939861.0673758432,318829.6708305861,642332.8531658519
2026-01-13,457466.11765482463,939335.283999454,317891.5957084068,641048.4134952755
2026-01-14,458413.2530951926,936224.8740280978,317052.08553605375,637897.527120787
2026-01-15,459180.86286338954,939954.0916209157,318193.4941729389,639634.7390328111
2026-01-16,456712.30986031005,940236.4870469241,317816.9585348608,639098.7800275687
2026-01-20,449114.4233625409,928940.7993881732,313608.7166055476,626088.7105250777
2026-01-21,453606.3657102966,943022.5272392241,317599.47224499757,633314.5470725966
2026-01-22,456414.1672259133,950798.2939929789,320014.1321182988,636622.497264647
2026-01-23,455777.5761933957,952873.0623792491,320481.21471278806,636853.4381359759
2026-01-26,457910.98127032164,956573.20989457,322070.14374983916,640087.5112742591
2026-01-27,459080.5485184382,966593.536354161,325048.4958810115,642637.6710909478
2026-01-28,458981.33433080936,977993.4045075766,326142.41116204904,642573.0036427993
2026-01-29,458519.36826966255,972645.6378435501,325754.7091623628,641297.8736822506
2026-01-30,453390.434832181,941177.4345273493,320426.14295834245,639385.2788458362
2026-02-02,457251.0869054275,938586.6285416444,320887.45220482943,642563.7940371807
2026-02-03,457507.1235186632,939894.6128390996,320857.8219607851,637130.6272442157
2026-02-04,456657.3019941852,924977.9542248051,319007.7242389667,634044.5084222844
2026-02-05,452672.83221500675,912900.1199891652,314302.10075590946,626125.7491563702
2026-02-06,460953.2163099323,933690.0614747476,321388.958573578,638137.7777021433
2026-02-09,463361.4606888786,944077.8075909851,324636.0977783796,641214.7870228648
2026-02-10,464244.28693303146,940306.5073165877,323639.1497037266,639523.8233477517
2026-02-11,463371.56213338504,944518.5513060573,325416.76252141333,639375.9691358086
2026-02-12,458927.9266935172,930184.7183911484,321074.155731706,629498.3667965689
2026-02-13,460870.50448214094,934954.0433101399,321768.6662162989,629941.8293279891
2026-02-17,461256.25964512926,929328.4420576029,320728.72808692727,630958.2894959443
2026-02-18,462966.9042673102,938083.1059127632,323006.64983499225,634136.9047916977
2026-02-19,462360.11749680206,936485.3478990457,323235.6523678965,632464.4604322308
2026-02-20,463934.74266820156,947016.711517913,325886.1188569937,637038.3309792114
2026-02-23,461251.0589014229,946268.9097174996,324763.5369586382,630533.2461757612
2026-02-24,464075.8628483874,949138.2610314975,326530.4400417821,635116.3263283605
2026-02-25,466287.77915241884,954291.8806433441,328910.9168136435,640475.6160675584
2026-02-26,466405.2959573219,949254.7070457356,327836.8872687738,636918.1055841242
2026-02-27,465913.0255626555,950397.3846747002,328239.2773447944,633859.6155790489
2026-03-02,465662.78977893846,952550.0115112232,327849.52990286675,634219.9914510834
2026-03-03,461286.463964347,938916.4854146866,321540.26274575794,628629.8609449655
2026-03-04,464481.6208717847,950938.0679631192,323501.8843576004,633065.0868856217
2026-03-05,461241.4575284266,946069.8515990543,320627.29556444986,629535.3053234523
2026-03-06,457388.4065421355,939700.9996459204,320059.20144364896,621283.8991067683
2026-03-09,460430.0414959339,950356.7077518763,322174.27434918645,626726.375609761
2026-03-10,459200.6656951944,952241.1227082005,322397.3865020165,625719.2251518333
2026-03-11,457901.7799545335,952384.750523089,322470.97984597343,624933.8059596159
2026-03-12,454426.88304427534,931838.0294304038,318881.79647856706,615444.2083092665
2026-03-13,451306.8368776735,922519.4814436383,316307.2938119554,611960.6749840083
2026-03-16,455248.30050697253,935985.5765464645,319184.20175270975,618188.5706792184
2026-03-17,458256.33065528376,941378.4604332825,320691.636969636,619814.7668017743
2026-03-18,453216.3099323204,923919.3606322651,316761.92513800366,611166.046186172
2026-03-19,452044.5423695588,914331.550825061,314884.53015380225,609659.8752498856
2026-03-20,445884.56149229343,893348.9260959182,309524.48887873924,600919.959517777
2026-03-23,447022.22417805745,895165.0410121004,309213.2858838883,607229.6405150573
2026-03-24,447152.94287083053,893490.4150071315,310795.29162712966,605191.3145410663
2026-03-25,450130.1686141119,899073.3988873231,312701.5787260514,608563.832076856
2026-03-26,445967.77339159505,883793.2153399307,311149.4236968801,597695.6966115659
2026-03-27,442382.36067757686,880546.4628188089,312751.99803236517,587503.7664283847
2026-03-30,444374.7455886192,876894.1037974503,313006.32593362196,585539.5177169788
2026-03-31,451217.02403443697,895094.228079459,315156.877658831,602559.9700487609
2026-04-01,451750.00025003584,898555.2198200604,315843.871140203,607099.9052011246
2026-04-02,454839.942111722,898040.3894073509,316529.45581748424,607646.5753781192
2026-04-06,456754.41588147107,899247.9140540013,317208.56067443296,610518.8711826436
2026-04-07,457073.46150499524,900894.5121524789,317850.55104829127,610787.4513117181
2026-04-08,460977.4197710273,909152.7322606934,318160.5473750111,626343.9767677687
2026-04-09,463377.8630344139,915110.8916041604,318651.23733229376,629957.3455113684
2026-04-10,462719.4688840505,917535.5689168092,318581.6901345028,629540.5107527152
2026-04-13,467529.3566980078,924554.4366436462,320159.53681946103,635692.6274103889
2026-04-14,469937.501062652,939193.2929428096,321676.1223274137,643438.5063621356
2026-04-15,471399.6101442507,946363.442654641,321818.35186196567,648515.9020858756
2026-04-16,472328.84302455257,949470.2554093805,322830.6821907985,650109.4641711304
2026-04-17,474243.2167799996,960869.2889726035,323915.77410364687,657966.5591211633
2026-04-20,475184.35136224487,958180.0034525356,323463.9674072238,656650.6866661927
2026-04-21,474960.71938287176,953242.792803138,321436.0434988735,652351.7028260474
2026-04-22,478062.4629321993,967366.1089688826,324897.9793192863,658957.893082485
2026-04-23,478619.442580289,964384.6375099495,324005.83725523663,656400.6258527644
2026-04-24,480191.26735123125,982296.7771318749,326576.91329882736,661487.3312865319
2026-04-27,481916.11400430265,981689.5334981335,326781.072252884,662626.9198774322
2026-04-28,482251.5619733622,970142.2814300768,325180.68177339283,659402.5568668119
2026-04-29,482988.5673651333,974729.8686831435,325747.04414773826,659300.6505785534
2026-04-30,484516.48585747764,983371.019248609,328928.49146178167,665860.4924936709
2026-05-01,483997.01157265494,992417.2955017928,329585.08845989814,667704.3156011719
2026-05-04,481863.706510031,987983.1303916893,328743.5423395882,665258.2643697376
2026-05-05,485706.1559803053,1007189.7868450524,331537.9082567579,670595.1307213423
2026-05-06,488211.31421793316,1040818.4870037197,335088.1045699722,679915.9523382889
2026-05-07,486726.50188977027,1036719.0263333906,333493.828945973,677831.2780229779
2026-05-08,489799.7413630149,1071063.4785524413,337104.6910993848,683427.5148980386
2026-05-11,490585.2536912779,1080055.210376786,339227.88080814696,684984.0383520011
2026-05-12,491978.15287586127,1065544.8103288242,338409.07965687674,683946.3560493594
2026-05-13,491207.0426070929,1079103.9860339072,339946.89558272925,687772.9471839129
2026-05-14,492441.61915153865,1090277.2245655546,341215.21682526555,693202.4101137487
2026-05-15,487153.86300240934,1062666.150825724,336784.36947564373,684863.7128525052
2026-05-18,487650.13396915764,1053455.0582874343,336848.3659617408,684381.9103324767
2026-05-19,484622.2009747394,1042703.4634665707,334940.247851939,679823.3557600577
2026-05-20,487183.1671929086,1067540.1694554612,337913.56378256175,686790.8228282097
2026-05-21,487075.95186111616,1070239.1478466762,338187.23884810205,688152.8434156826
2026-05-22,489449.3912629506,1075890.8780181615,339137.2516975616,690858.3652749817
2026-05-25,489449.3912629506,1075890.8780181615,339137.2516975616,690858.3652749817
2026-05-26,490807.4854704223,1103397.5260965824,341874.8011712548,695444.6487686656
2026-05-27,489553.0060798695,1097956.446537407,340918.77263163275,695324.2231647609
2026-05-28,491664.20798174146,1109734.069464758,342784.5710413674,699160.0239049328
2026-05-29,490538.1469550147,1117130.1023104747,343200.11392490857,700901.9407241753
2026-06-01,492785.6683505741,1129724.6050676887,344356.99137561716,702810.5313842337
2026-06-02,494861.9652610324,1144164.150964309,346178.65169933415,703764.9268186719
2026-06-03,492108.47151142615,1139887.8716564025,344580.1580104564,698826.4760144831
2026-06-04,492602.3421349253,1129103.2878019172,344578.20377023704,701467.1302168161
2026-06-05,483813.585342704,1052085.205724783,333616.3861246079,683362.6472410724
2026-06-08,484494.88276823587,1082626.0048721952,335705.59550332394,684909.9610894163
2026-06-09,484335.05991356773,1062739.7375942883,333615.1978569104,682899.3640366902
2026-06-10,480569.7214701702,1023626.0035607156,329100.530026511,672133.1348596585
2026-06-11,486396.55470732314,1081928.0173225084,335798.5961270773,683557.250211971
2026-06-12,487146.7619869641,1094044.2742580553,337394.9429629296,687254.1060325919
2026-06-15,490298.41267301224,1138465.983881851,343023.6888884471,699373.1461914777
2026-06-16,488143.1044639384,1106964.4126048272,339872.2188836393,695203.7975608559
2026-06-17,484336.1600708902,1098273.1319409036,336332.9995948444,686522.1425947263
2026-06-18,488528.05951251026,1135076.154422198,339811.5185839081,693659.8872624147
2026-06-22,487413.0000590084,1136634.5952254941,338834.15653908084,691477.0105219744
2026-06-23,482720.02896414185,1083193.796233421,332284.68100876705,681435.33705655
2026-06-24,483428.63029413216,1072675.7126122012,330863.0632992389,681119.5076464752
2026-06-25,485226.68741630064,1090370.0008978934,332617.51835427457,682104.1346124007
2026-06-26,482061.2347565702,1067242.613596346,329902.00487936265,677171.6900727459
2026-06-29,486470.1652336285,1104895.3428839599,334803.3001865667,688327.926026846
2026-06-30,487281.08119461086,1137029.897292289,338006.81985664513,693687.8163924973
2026-07-01,485828.7735146126,1107978.2574807166,335663.01275487436,692749.6378723008
2026-07-02,484677.0088122602,1081443.5808026975,334162.2231731655,691839.288377778
2026-07-06,487543.61873747956,1092727.9399540755,337558.6082530331,697877.2860093077
2026-07-07,485327.0017612519,1074986.8952738168,334904.2752521399,694561.0271513187
2026-07-08,485765.96453292825,1083137.6884988255,334948.57879963046,692415.1890421709
2026-07-09,488316.6292779868,1102896.8365853569,337795.29307959985,698276.7026008127
2026-07-10,489679.7242005607,1106181.2337060506,339192.54024641094,701286.3416543454
2026-07-13,490008.9712828935,1084131.019894777,336294.5062671998,695917.2416830754
2026-07-14,491813.4293203929,1101162.577158649,338447.73466936726,698388.1188079166
2026-07-15,493635.8899322603,1094965.3973321936,338814.55239153036,701156.3060271863
2026-07-16,493864.5226267357,1075833.2595155654,335948.7421688504,697357.0433962622
2026-07-17,491609.9002157309,1061172.7309522976,333020.8566920272,690455.1447159387
2026-07-20,490804.2850127568,1062756.8576761312,332729.37837411574,689340.4821228541
2026-07-21,494038.2474693881,1090513.0306252723,336855.16438093816,695090.4793699828
2026-07-22,493476.0670775922,1090746.542204726,336793.5900070723,694282.2363725365
2026-07-23,491403.17065340345,1073037.7381416191,332940.7401713341,685708.3938547906
2026-07-24,490896.7982421486,1056729.1727776905,332017.9436342299,686405.0204363151
2026-07-27,490570.75161748135,1047761.7360853506,331051.9428762582,686553.7755879381
2026-07-28,492154.7781332731,1030550.4152106975,330016.4588951669,688197.8903996869
2026-07-29,486856.420468127,1004523.0637116171,325895.25096968294,677608.2453999522
2026-07-30,489117.54380876466,1046974.1650414582,332200.4658873556,688968.894557023
2026-07-31,490093.18332521553,1047731.312173282,333762.040661407,693929.3683311694
2026-08-03,491672.00909730094,1056905.544399675,337421.19767359394,703812.9769349431
2026-08-04,496339.57655944803,1081995.9560798923,344056.35368265415,716502.0115980967
2026-08-05,495835.2044342341,1082164.6673330755,342846.7457954803,715071.4194905286
2026-08-06,495249.7207100616,1081079.2204072922,342496.6276649131,713928.9278717702
2026-08-07,495334.53283819585,1092009.1173884284,345009.4376172354,718294.8815614686
2026-08-10,496941.562643458,1088146.5266578677,345460.1908962983,718081.1586484703
2026-08-11,496680.32528651605,1087128.9913625831,344632.6361736017,715786.7655965171
2026-08-12,497648.66375891754,1097531.7926344264,346013.39909201977,717579.5354554801
2026-08-13,500191.0273169064,1101828.006305108,348113.2777491164,722586.4576753554
2026-08-14,500586.5838814951,1101200.1528523173,347900.18191222334,721155.8655677871
2026-08-17,499318.10248865583,1103038.360003665,347354.8915922735,717746.7098183405
2026-08-18,497156.3933642511,1086897.612930764,344098.6792222392,712897.8524601159
2026-08-19,498575.09623876214,1087545.3434207423,344628.7081234399,714393.3122246503
2026-08-20,495832.90410528705,1082375.9162168235,342768.4159953048,708392.5534332308
2026-08-21,497273.61012624804,1086793.5455109747,344299.2642924466,711290.7762796596
2026-08-24,495844.4057500223,1075630.2472388055,342504.4562420861,709200.6963262683
2026-08-25,496928.76081279624,1083529.1636601205,343527.0734266929,711467.2603525476
2026-08-26,498336.96218559257,1083111.4799869077,343659.6464713575,711625.2251097895
2026-08-27,501143.56352958473,1100772.1164734173,346311.0736934421,716288.3887895073
2026-08-28,501158.5656748916,1087933.3748634763,345112.430372059,714662.7932934051
2026-08-31,500760.1086955435,1089020.9131276642,344873.02188315685,712526.2648942848
2026-09-01,500751.80750847375,1075823.0401016457,342685.5144259019,707630.8589859223
2026-09-02,502399.94319187646,1080345.4487102341,343894.88620121544,710770.5336666142
2026-09-03,503686.22713047964,1088890.9504429174,346958.70839038,718211.1942756295
2026-09-04,503148.6502569868,1092539.7596111961,346522.4166855266,715443.1071607687
2026-09-07,503148.6502569868,1092539.7596111961,346457.96351602307,715443.1071607687
2026-09-08,501764.2522880772,1091300.6647095662,345844.84474109305,711513.7087982766
2026-09-09,501017.84555191395,1092359.4235448618,344905.62852916244,708206.8597547242
2026-09-10,500707.9012298759,1074823.0357402663,342428.2826480187,703961.6319821574
2026-09-11,502786.0984120729,1084267.823382636,344755.9435625955,709962.3907735768
2026-09-14,500442.66330085206,1068005.7035585768,342514.08446847915,706794.7869628022
2026-09-15,500509.8729118265,1064507.6437475886,341458.1532534399,703552.9056806249
2026-09-16,498701.1142593391,1064523.092464097,339973.5797355558,700450.3697356342
2026-09-17,502284.82673022244,1084159.3465019749,344208.67790912173,708392.5534332308
2026-09-18,500993.7421051211,1093774.8211782998,344728.66701812635,709304.2042850693
2026-09-21,505030.01929275895,1125119.5774601076,350248.6956464583,720301.9749598831
2026-09-22,504557.3517012933,1136258.7042688557,351086.09457752795,720190.2584395524
2026-09-23,501878.76866391895,1123901.2357360201,348979.6722505856,715003.3484924777
2026-09-24,499422.71744859515,1122483.9968684188,348959.4339928877,714416.6365519237
2026-09-25,499834.7763730214,1129536.5753882444,350160.0430085571,718299.7866775047
2026-09-28,496435.3902608073,1110684.7882764929,347503.3644624406,712954.6116599613
2026-09-29,494822.6596403286,1116555.9894440903,347008.7969070259,711641.6422328489
2026-09-30,493414.4582675323,1119741.823517525,346797.96905425214,710179.6173408865
2026-10-01,495245.22006646957,1126992.848073439,347675.9712830708,711446.0382178612
2026-10-02,496647.120538237,1140808.5370154413,350295.62722441764,716707.5259495653
2026-10-05,498823.83180794853,1150752.3750985996,352842.4972923641,721540.566811184
2026-10-06,501098.0570221542,1156477.1764428655,354449.634563009,725507.604431422
2026-10-07,499474.7248856587,1149457.2394927265,353343.55249037925,723766.0880298151
2026-10-08,499984.89784039126,1128186.9537861017,351325.68808508845,720702.392595477
2026-10-09,500005.40077231044,1132961.4197335488,353132.24772774655,725023.2993011712
