,Combined_Equity
2007-12-05,100113.33923518346
2007-12-06,100332.12391220727
2007-12-07,100193.99119365838
2007-12-10,100273.58020061941
2007-12-11,100088.60419451955
2007-12-12,100233.83486853662
2007-12-13,100053.10551400171
2007-12-14,99723.16702299088
2007-12-17,99601.64622939317
2007-12-18,99757.68034419468
2007-12-19,99896.79639449363
2007-12-20,99992.33793199621
2007-12-21,100114.97653325772
2007-12-24,100200.72593648583
2007-12-26,100202.13414367555
2007-12-27,100105.08632347858
2007-12-28,100231.69024699913
2007-12-31,100176.66990387675
2008-01-02,100624.1562395728
2008-01-03,100660.61065102633
2008-01-04,100102.3964892475
2008-01-07,100006.82340335315
2008-01-08,99992.38257913518
2008-01-09,100192.45839708371
2008-01-10,100442.71714423707
2008-01-11,100400.57585958617
2008-01-14,100815.75338472832
2008-01-15,100240.12296539002
2008-01-16,99849.48409258414
2008-01-17,99475.46180802015
2008-01-18,99445.25320040982
2008-01-22,99467.41634484327
2008-01-23,99760.70879677297
2008-01-24,100169.73532103898
2008-01-25,100131.25991565603
2008-01-28,100632.35115328315
2008-01-29,100593.09689185003
2008-01-30,100591.31783252799
2008-01-31,100923.34769078779
2008-02-01,100951.61323981422
2008-02-04,100605.12850703244
2008-02-05,99928.73786020448
2008-02-06,99912.97383271529
2008-02-07,99989.79112634332
2008-02-08,100274.17282622417
2008-02-11,100483.21409879613
2008-02-12,100212.45878802816
2008-02-13,100423.27159289678
2008-02-14,100205.45380059721
2008-02-15,100159.2074729705
2008-02-19,100547.77593614414
2008-02-20,100929.04253466133
2008-02-21,100862.70539676063
2008-02-22,100960.36814228755
2008-02-25,101050.48175724412
2008-02-26,101422.48861761122
2008-02-27,101592.18734311922
2008-02-28,101799.34494470329
2008-02-29,101531.33386138096
2008-03-03,101649.4392493345
2008-03-04,101186.58548777919
2008-03-05,101659.68440348616
2008-03-06,101138.42529963166
2008-03-07,100905.7386408847
2008-03-10,100797.525223943
2008-03-11,101396.81101217386
2008-03-12,101641.06068674281
2008-03-13,101918.13423932742
2008-03-14,101773.28929906042
2008-03-17,101297.80800850443
2008-03-18,101886.19128437966
2008-03-19,100482.32198285942
2008-03-20,100303.99942793183
2008-03-24,100632.42144368368
2008-03-25,101410.16056626267
2008-03-26,101561.92673870227
2008-03-27,101360.9535548486
2008-03-28,100910.45865852259
2008-03-31,100654.49620619047
2008-04-01,100575.1873841278
2008-04-02,101203.72597199594
2008-04-03,101294.23181491459
2008-04-04,101659.51785327494
2008-04-07,101826.95329471206
2008-04-08,101544.40816161649
2008-04-09,101946.34590211126
2008-04-10,101891.42924769569
2008-04-11,101387.21432852076
2008-04-14,101286.67823516655
2008-04-15,101405.11316936766
2008-04-16,102369.42777921614
2008-04-17,102099.45156314188
2008-04-18,102047.64987649993
2008-04-21,102040.53252519757
2008-04-22,101977.06929252864
2008-04-23,101723.1269405327
2008-04-24,101257.32544231303
2008-04-25,101402.83893487032
2008-04-28,101618.93332460875
2008-04-29,101075.71534205784
2008-04-30,101164.38193344054
2008-05-01,101230.21350268277
2008-05-02,101412.97599014368
2008-05-05,101740.41291892693
2008-05-06,102083.8374461607
2008-05-07,101391.23137165586
2008-05-08,101727.57947795943
2008-05-09,101736.47107772648
2008-05-12,102087.72133023845
2008-05-13,101826.38307287377
2008-05-14,101793.26943555915
2008-05-15,102700.6419011209
2008-05-16,103149.57146209572
2008-05-19,103142.39832776885
2008-05-20,103162.0779529795
2008-05-21,102643.33091772578
2008-05-22,102476.95105628813
2008-05-23,102141.17896226616
2008-05-27,102018.03081052411
2008-05-28,102092.06370188923
2008-05-29,101670.47101314008
2008-05-30,102008.03685361179
2008-06-02,101758.68960062748
2008-06-03,101399.99697427286
2008-06-04,101333.25021121046
2008-06-05,102044.65165582532
2008-06-06,101751.87247739144
2008-06-09,101365.07482195502
2008-06-10,100561.05623095327
2008-06-11,100205.07061264187
2008-06-12,100044.05717101185
2008-06-13,100503.23413204246
2008-06-16,100894.00444109675
2008-06-17,100718.12793472939
2008-06-18,100651.52308594891
2008-06-19,100791.96295678357
2008-06-20,100464.78505443802
2008-06-23,99969.94746622813
2008-06-24,100029.17750335943
2008-06-25,100206.05420321465
2008-06-26,99951.08681689759
2008-06-27,100078.3357218874
2008-06-30,100080.80662053061
2008-07-01,100331.1709058026
2008-07-02,100087.95009003837
2008-07-03,99819.34906044249
2008-07-07,99350.84586957887
2008-07-08,99605.12533439437
2008-07-09,99303.08177741285
2008-07-10,100026.87901533378
2008-07-11,100043.63881097802
2008-07-14,100043.09016182573
2008-07-15,99622.6064033693
2008-07-16,99630.83383408096
2008-07-17,99594.66323147525
2008-07-18,99466.0073228952
2008-07-21,99797.74528665627
2008-07-22,99431.8607056398
2008-07-23,98898.89179384169
2008-07-24,98616.4774575304
2008-07-25,98663.18204690104
2008-07-28,98446.00158729806
2008-07-29,98549.66902174734
2008-07-30,98738.8390033912
2008-07-31,98686.1892144478
2008-08-01,98419.85511897781
2008-08-04,97717.49031401578
2008-08-05,97791.36689568278
2008-08-06,98035.64945742472
2008-08-07,97683.36938876635
2008-08-08,97907.073935324
2008-08-11,97572.81509626476
2008-08-12,97286.64368036087
2008-08-13,97172.40549900645
2008-08-14,97058.30495626839
2008-08-15,96989.27107943123
2008-08-18,96736.37158365943
2008-08-19,96639.30359906216
2008-08-20,96718.2346719609
2008-08-21,97007.55320563339
2008-08-22,97219.16557537102
2008-08-25,96639.23636785371
2008-08-26,96790.15734642495
2008-08-27,97156.19602196424
2008-08-28,97692.23876275512
2008-08-29,97191.96484885536
2008-09-02,96717.51192073413
2008-09-03,96694.8187806897
2008-09-04,95912.87231876254
2008-09-05,96157.41890958788
2008-09-08,96651.5654804735
2008-09-09,95660.84612204562
2008-09-10,95462.82136636582
2008-09-11,95543.17811279692
2008-09-12,95836.61676170155
2008-09-15,95432.673670468
2008-09-16,95779.22744700787
2008-09-17,96150.08559004717
2008-09-18,96477.52437395821
2008-09-19,97554.07790484802
2008-09-22,97098.85091651329
2008-09-23,96580.71016076332
2008-09-24,96391.7384347438
2008-09-25,96763.30182616878
2008-09-26,96817.97185523118
2008-09-29,95833.32331958512
2008-09-30,96002.08424357817
2008-10-01,96280.21182820045
2008-10-02,94934.21645575616
2008-10-03,94673.85419529545
2008-10-06,94558.48359719783
2008-10-07,93920.37925301187
2008-10-08,93705.8061220009
2008-10-09,92260.28194808189
2008-10-10,91051.1913388346
2008-10-13,93055.24384332488
2008-10-14,92638.57202270706
2008-10-15,91166.04098607547
2008-10-16,91233.7144514023
2008-10-17,90482.54928084387
2008-10-20,91857.99563225466
2008-10-21,90831.34629576065
2008-10-22,89350.94299911628
2008-10-23,89337.25518247281
2008-10-24,88833.57605551343
2008-10-27,88034.80118777674
2008-10-28,90335.5751523222
2008-10-29,90015.63078550888
2008-10-30,90454.07941848986
2008-10-31,90374.38948281048
2008-11-03,90434.81549575376
2008-11-04,91980.94201568696
2008-11-05,90722.21749580417
2008-11-06,89634.18951327531
2008-11-07,90278.28326936666
2008-11-10,90098.91603287499
2008-11-11,89376.76427641782
2008-11-12,88225.28445639118
2008-11-13,89709.32550638047
2008-11-14,88828.49236003748
2008-11-17,88492.02606814564
2008-11-18,88768.19685487414
2008-11-19,87629.59071303038
2008-11-20,86938.46939251115
2008-11-21,88798.91730893461
2008-11-24,90106.88637576194
2008-11-25,90425.82881420391
2008-11-26,91184.94008485752
2008-11-28,91447.67079107923
2008-12-01,89222.98139631859
2008-12-02,90401.19913925804
2008-12-03,90858.5334210789
2008-12-04,90451.85201953207
2008-12-05,90946.1974210308
2008-12-08,91834.8149610812
2008-12-09,91779.82677240312
2008-12-10,92518.42145155513
2008-12-11,92020.34436051206
2008-12-12,92442.34468744478
2008-12-15,92460.11930942429
2008-12-16,94075.11702730152
2008-12-17,94302.82188106744
2008-12-18,93798.54175877602
2008-12-19,93668.58189207832
2008-12-22,93362.19907384433
2008-12-23,92955.56365767727
2008-12-24,93175.36886181319
2008-12-26,93631.25785619064
2008-12-29,93730.36126731016
2008-12-30,94240.77003653314
2008-12-31,94388.1927101989
2009-01-02,94578.68751589269
2009-01-05,94000.15850781885
2009-01-06,94075.36566829609
2009-01-07,93142.4556801902
2009-01-08,93698.05069426689
2009-01-09,92923.3960392818
2009-01-12,92108.73866288718
2009-01-13,92153.07314845301
2009-01-14,91327.36686629563
2009-01-15,91489.04621228212
2009-01-16,91927.36258510668
2009-01-20,91128.5958031194
2009-01-21,91666.19032003448
2009-01-22,91281.36366311091
2009-01-23,92065.51343188647
2009-01-26,92180.48679168848
2009-01-27,92622.29184722892
2009-01-28,92876.62478801596
2009-01-29,92369.92834847017
2009-01-30,92266.77954870887
2009-02-02,92050.77608810965
2009-02-03,92087.62893074917
2009-02-04,92025.59819266315
2009-02-05,92458.50069120884
2009-02-06,92850.88824520398
2009-02-09,92639.53787419603
2009-02-10,92280.9511951284
2009-02-11,92914.61973830091
2009-02-12,93063.04361285633
2009-02-13,92504.90614513909
2009-02-17,92535.0806813869
2009-02-18,92675.30993393733
2009-02-19,92006.50269584118
2009-02-20,92315.80594080153
2009-02-23,91622.4104136723
2009-02-24,91781.99643591735
2009-02-25,91133.63752480983
2009-02-26,90645.05230005262
2009-02-27,90240.61041365625
2009-03-02,89316.22695375826
2009-03-03,88738.47752401468
2009-03-04,88958.20227116806
2009-03-05,88885.56759919578
2009-03-06,88856.33428393718
2009-03-09,88236.14030995489
2009-03-10,88859.70463942077
2009-03-11,89267.26875386435
2009-03-12,90455.67070871363
2009-03-13,90599.418049865
2009-03-16,90154.03282517706
2009-03-17,90707.25306305343
2009-03-18,91996.86765442301
2009-03-19,91824.24336668925
2009-03-20,91230.8281127169
2009-03-23,92486.56021089185
2009-03-24,91848.5651020714
2009-03-25,92225.28665187763
2009-03-26,92917.27580071689
2009-03-27,92302.01445766416
2009-03-30,91456.8906873582
2009-03-31,91686.70582763647
2009-04-01,92384.79225423132
2009-04-02,92870.39177457459
2009-04-03,92831.22713160493
2009-04-06,92091.73353458653
2009-04-07,91580.32917716136
2009-04-08,92024.81482275625
2009-04-09,93120.26246207928
2009-04-13,93497.54615834753
2009-04-14,92978.55785462722
2009-04-15,93172.3664715986
2009-04-16,93435.34088242962
2009-04-17,93336.59690656034
2009-04-20,92362.56000237528
2009-04-21,92844.07803101956
2009-04-22,92894.67289110551
2009-04-23,93270.3401068069
2009-04-24,93829.87443724342
2009-04-27,93398.44192982839
2009-04-28,92891.83171826322
2009-04-29,93627.29379510033
2009-04-30,93599.92555611698
2009-05-01,93593.23817600096
2009-05-04,95169.23409391408
2009-05-05,94901.66636256254
2009-05-06,95636.19702970148
2009-05-07,94729.8441106666
2009-05-08,95688.6853241366
2009-05-11,95203.54597791011
2009-05-12,95218.22426354363
2009-05-13,94218.41563755172
2009-05-14,94671.67828254055
2009-05-15,94423.48699536703
2009-05-18,95136.05693970335
2009-05-19,95277.69492650639
2009-05-20,95482.33614668765
2009-05-21,95091.89864405557
2009-05-22,95048.92493422666
2009-05-26,95936.134048643
2009-05-27,95220.11981856114
2009-05-28,95973.69168381229
2009-05-29,97152.2930133372
2009-06-01,98935.26538551507
2009-06-02,98780.7670682636
2009-06-03,97838.68140427275
2009-06-04,98873.96158812268
2009-06-05,98304.92744136383
2009-06-08,98061.50079998137
2009-06-09,99236.5237448466
2009-06-10,98825.6340205355
2009-06-11,99065.94963762455
2009-06-12,98624.82946336467
2009-06-15,96578.6250962439
2009-06-16,95413.85089565313
2009-06-17,96242.70680811531
2009-06-18,95844.33002060906
2009-06-19,96916.93879383407
2009-06-22,93532.30679962538
2009-06-23,93502.42786720385
2009-06-24,94908.05265366533
2009-06-25,97032.73439569706
2009-06-26,97056.8168161191
2009-06-29,97467.15856377281
2009-06-30,96982.96031639054
2009-07-01,97424.73579419596
2009-07-02,95140.57320633582
2009-07-06,94557.39912237831
2009-07-07,92033.20814561284
2009-07-08,92209.8288433308
2009-07-09,92461.22944359756
2009-07-10,92790.18003643422
2009-07-13,94863.83298004558
2009-07-14,95235.16363743973
2009-07-15,98274.5323836605
2009-07-16,99271.67197877588
2009-07-17,99781.2770800048
2009-07-20,100999.3685724575
2009-07-21,101655.82323300134
2009-07-22,102284.20882481406
2009-07-23,104210.58881482178
2009-07-24,104250.2727076943
2009-07-27,104458.4512053702
2009-07-28,104306.53552864063
2009-07-29,103975.84088213136
2009-07-30,104931.3864484645
2009-07-31,105238.81199420422
2009-08-03,106735.54868377515
2009-08-04,106821.4143191804
2009-08-05,106073.32181310572
2009-08-06,105233.30296604378
2009-08-07,105714.00667212158
2009-08-10,105499.37607077212
2009-08-11,104611.62618963094
2009-08-12,105764.27516417333
2009-08-13,106813.4305405564
2009-08-14,105836.07300547432
2009-08-17,103954.8689994428
2009-08-18,105135.14067373323
2009-08-19,105805.94580817045
2009-08-20,106689.76246903733
2009-08-21,107870.62557258163
2009-08-24,107756.529642081
2009-08-25,108060.24706680632
2009-08-26,108237.37452374988
2009-08-27,108428.2869208436
2009-08-28,108881.32733616019
2009-08-31,108067.59540569733
2009-09-01,106053.81981267348
2009-09-02,106148.84900611574
2009-09-03,106904.69480107426
2009-09-04,108417.7630916622
2009-09-08,109495.82546220164
2009-09-09,110412.2202603571
2009-09-10,111689.46903192224
2009-09-11,111557.36149201283
2009-09-14,111738.73154681444
2009-09-15,112204.02876818129
2009-09-16,113323.32135244735
2009-09-17,113024.44055106769
2009-09-18,113158.45270863816
2009-09-21,112946.0213066932
2009-09-22,113671.73921735326
2009-09-23,112993.91182399062
2009-09-24,111592.65771326327
2009-09-25,110830.23954567136
2009-09-28,113144.22901842007
2009-09-29,112676.02481689514
2009-09-30,112777.43719495717
2009-10-01,109751.54569181532
2009-10-02,109124.38751836114
2009-10-05,110594.67436265902
2009-10-06,112232.62735912348
2009-10-07,112555.3586042042
2009-10-08,113198.87862042393
2009-10-09,113373.2264604881
2009-10-12,113735.10413401472
2009-10-13,113766.63361382764
2009-10-14,114840.43142514228
2009-10-15,114627.18351290289
2009-10-16,114071.12107264165
2009-10-19,115059.69338594563
2009-10-20,114743.89520564908
2009-10-21,114072.22214487445
2009-10-22,114837.27865953563
2009-10-23,113792.29344794415
2009-10-26,112913.69613592127
2009-10-27,111456.04317994612
2009-10-28,108561.77336347023
2009-10-29,110923.81996705005
2009-10-30,108429.21080964342
2009-11-02,108888.5359131386
2009-11-03,109323.05041387423
2009-11-04,109506.53196665927
2009-11-05,110912.33863664325
2009-11-06,111129.32878706745
2009-11-09,113484.38521488634
2009-11-10,113531.9450113871
2009-11-11,114316.63643519056
2009-11-12,113255.14652633017
2009-11-13,114312.12102981406
2009-11-16,116032.44438160806
2009-11-17,116316.18937465856
2009-11-18,115891.95506692264
2009-11-19,114296.0189036315
2009-11-20,113910.7477609541
2009-11-23,115356.88544271537
2009-11-24,115203.74331910087
2009-11-25,115913.3593118515
2009-11-27,114481.63758431972
2009-11-30,114776.28006844949
2009-12-01,115813.81990839334
2009-12-02,115982.92898567797
2009-12-03,115414.4662897993
2009-12-04,115389.9801416488
2009-12-07,115001.35759259986
2009-12-08,114058.32977666249
2009-12-09,114801.58859308936
2009-12-10,115174.28892982144
2009-12-11,114963.8995385861
2009-12-14,116004.49586333518
2009-12-15,115383.8549746283
2009-12-16,115805.57311245389
2009-12-17,114167.27033059076
2009-12-18,115812.36462677283
2009-12-21,116431.56703568908
2009-12-22,116830.06350956304
2009-12-23,117546.14823859493
2009-12-24,118423.51364267064
2009-12-28,118875.44998091369
2009-12-29,118554.27955469053
2009-12-30,118728.62991986859
2009-12-31,117767.9697620893
2010-01-04,119702.7182005357
2010-01-05,119882.36175370605
2010-01-06,119529.71507518679
2010-01-07,119628.69336225824
2010-01-08,120353.95990905107
2010-01-11,120159.11791561959
2010-01-12,118584.8052374665
2010-01-13,120004.12491482009
2010-01-14,120364.05180394126
2010-01-15,118834.04584117192
2010-01-19,120808.06401532309
2010-01-20,119172.82004903205
2010-01-21,117591.40543098866
2010-01-22,113883.61749951687
2010-01-25,114511.62814635833
2010-01-26,114267.32227500241
2010-01-27,114903.89175707792
2010-01-28,112349.55248746354
2010-01-29,110963.96068449694
2010-02-01,112400.16819939646
2010-02-02,113524.31436083
2010-02-03,113326.91055119448
2010-02-04,110473.91866732654
2010-02-05,110896.65118167465
2010-02-08,110068.98798006338
2010-02-09,111451.32754871488
2010-02-10,111087.03350750555
2010-02-11,112351.01395129632
2010-02-12,112480.83395298189
2010-02-16,114134.08422409068
2010-02-17,114553.3340653858
2010-02-18,115229.26342750782
2010-02-19,115263.78348700027
2010-02-22,115101.33764062045
2010-02-23,114369.66822111484
2010-02-24,115020.97792986089
2010-02-25,115166.5616899522
2010-02-26,115475.793859811
2010-03-01,116825.5059347016
2010-03-02,117117.45222194948
2010-03-03,117222.94789203678
2010-03-04,117622.88008708625
2010-03-05,119127.04036584846
2010-03-08,119183.44324826178
2010-03-09,119591.31569100551
2010-03-10,120187.6713793798
2010-03-11,120664.02931111307
2010-03-12,120726.76587956579
2010-03-15,120533.07874871754
2010-03-16,121732.94374538303
2010-03-17,122234.02510833967
2010-03-18,122372.18461529899
2010-03-19,121508.09510946076
2010-03-22,122479.74517415893
2010-03-23,123392.37850787354
2010-03-24,122308.5092620689
2010-03-25,122158.6842117815
2010-03-26,122422.86446969393
2010-03-29,122970.94101870878
2010-03-30,123189.33002889862
2010-03-31,122814.0900973434
2010-04-01,123222.44062335356
2010-04-05,124244.84915539637
2010-04-06,124575.789913974
2010-04-07,124402.59805144317
2010-04-08,124774.25811357895
2010-04-09,125626.39011221728
2010-04-12,125723.059063693
2010-04-13,126160.56025785279
2010-04-14,127623.33331465261
2010-04-15,128080.98491358932
2010-04-16,126296.57676633654
2010-04-19,126368.26771445191
2010-04-20,127295.88989641603
2010-04-21,127853.61385002082
2010-04-22,128524.55692969376
2010-04-23,129195.14475542649
2010-04-26,129003.84165396607
2010-04-27,126464.9398213764
2010-04-28,126610.07843776839
2010-04-29,128957.14138082038
2010-04-30,126787.87018580746
2010-05-03,128869.36476261621
2010-05-04,125407.7595643189
2010-05-05,124468.6251760285
2010-05-06,120340.84361536356
2010-05-07,117360.58101371737
2010-05-10,121922.36308809335
2010-05-11,121949.06535604325
2010-05-12,124009.98675659864
2010-05-13,122175.21095205647
2010-05-14,120143.37432116676
2010-05-17,120385.98091642701
2010-05-18,118554.6407916336
2010-05-19,117418.86066078511
2010-05-20,112797.82104130776
2010-05-21,113712.21204615774
2010-05-24,113107.3387584355
2010-05-25,113352.56888350984
2010-05-26,113051.46150480329
2010-05-27,115336.04667666451
2010-05-28,114436.62567296631
2010-06-01,113487.03676038378
2010-06-02,114269.89006578476
2010-06-03,114271.1800690689
2010-06-04,112409.17875665094
2010-06-07,112451.13489683227
2010-06-08,112554.71277055022
2010-06-09,112281.03665351821
2010-06-10,112750.17617279677
2010-06-11,113269.7376580781
2010-06-14,113072.72027007291
2010-06-15,114048.4394740284
2010-06-16,114083.24214367813
2010-06-17,114682.09123441757
2010-06-18,114934.39169662971
2010-06-21,113943.9973992661
2010-06-22,113353.88355897824
2010-06-23,113206.66865620887
2010-06-24,112512.7281376654
2010-06-25,112990.71429321775
2010-06-28,112641.73373647238
2010-06-29,111809.8920993207
2010-06-30,111549.8219031615
2010-07-01,110475.5338725982
2010-07-02,110458.2781196624
2010-07-06,110239.73678040253
2010-07-07,111127.25922990416
2010-07-08,111179.44499970043
2010-07-09,111562.25871605125
2010-07-12,111360.64664916595
2010-07-13,111928.9721767737
2010-07-14,112021.19584569147
2010-07-15,112035.0112477068
2010-07-16,111010.49513260437
2010-07-19,110932.51802392365
2010-07-20,111445.23101463594
2010-07-21,111078.4695389533
2010-07-22,111838.3336356931
2010-07-23,111839.84539769737
2010-07-26,112081.42473700282
2010-07-27,111486.68441090935
2010-07-28,111282.61915645681
2010-07-29,111251.09138939256
2010-07-30,111611.78810781857
2010-08-02,112247.08528901564
2010-08-03,112198.22968661797
2010-08-04,112546.82694590697
2010-08-05,112579.6422001892
2010-08-06,112714.76979682253
2010-08-09,112880.55395280074
2010-08-10,112535.52100832936
2010-08-11,111019.07435572703
2010-08-12,110881.2028523045
2010-08-13,110749.87314835573
2010-08-16,111216.15787355481
2010-08-17,111638.65437888702
2010-08-18,111823.46899270354
2010-08-19,111384.64615325737
2010-08-20,111196.71708357471
2010-08-23,110938.88133141416
2010-08-24,110618.33235690961
2010-08-25,110898.76926621704
2010-08-26,110779.68141405736
2010-08-27,111068.78794331982
2010-08-30,110797.82282984848
2010-08-31,111052.59159465105
2010-09-01,111698.89621463412
2010-09-02,111974.9552226459
2010-09-03,112215.31568231266
2010-09-07,112184.3003514201
2010-09-08,112351.383829218
2010-09-09,112087.34064080063
2010-09-10,112219.85213479618
2010-09-13,113276.96950782584
2010-09-14,114028.63637799441
2010-09-15,114188.02151361314
2010-09-16,114326.23188281895
2010-09-17,114557.41719965125
2010-09-20,116001.74678892491
2010-09-21,116250.94308613907
2010-09-22,116121.9695246382
2010-09-23,115857.61892806484
2010-09-24,117482.70798957505
2010-09-27,117292.9074868318
2010-09-28,117750.05176311146
2010-09-29,117540.2439949754
2010-09-30,117216.20283175139
2010-10-01,117214.24992033035
2010-10-04,115942.42288725497
2010-10-05,119100.61809599039
2010-10-06,118705.27112314718
2010-10-07,118704.76314971798
2010-10-08,119681.98970461328
2010-10-11,119830.93913320801
2010-10-12,120326.78562438657
2010-10-13,121313.65672236354
2010-10-14,120995.64249436156
2010-10-15,122255.52990625623
2010-10-18,122493.58761963746
2010-10-19,120656.27468142254
2010-10-20,121918.59658834114
2010-10-21,121825.23296045119
2010-10-22,122508.51999134701
2010-10-25,123148.53428271209
2010-10-26,123178.9919456566
2010-10-27,122939.98695107255
2010-10-28,123352.31172134423
2010-10-29,123489.9816303633
2010-11-01,123358.64084564203
2010-11-02,124795.65560520403
2010-11-03,125057.39020199805
2010-11-04,127369.53823172564
2010-11-05,127322.18737337565
2010-11-08,127459.10625341987
2010-11-09,126264.74700540447
2010-11-10,126676.69434032061
2010-11-11,126195.29425499952
2010-11-12,123576.35815237397
2010-11-15,122883.80962822179
2010-11-16,120590.01452767118
2010-11-17,120802.47791102476
2010-11-18,123208.134194624
2010-11-19,123449.20389744102
2010-11-22,124116.11855001608
2010-11-23,122348.70384350765
2010-11-24,124317.39902157677
2010-11-26,123342.62083620671
2010-11-29,123467.30177737749
2010-11-30,122440.76309509248
2010-12-01,125296.50412875571
2010-12-02,126758.88680193994
2010-12-03,127304.62669105237
2010-12-06,127463.71754911612
2010-12-07,127157.76939168715
2010-12-08,127451.80097868812
2010-12-09,127739.65325594995
2010-12-10,128282.44168045542
2010-12-13,128045.57873074542
2010-12-14,127899.29217635693
2010-12-15,127172.4469873979
2010-12-16,127720.85664570377
2010-12-17,128114.69110498333
2010-12-20,128251.73075284164
2010-12-21,128944.64932348795
2010-12-22,128938.45895078199
2010-12-23,128719.25924726653
2010-12-27,128885.459214658
2010-12-28,128779.16658461967
2010-12-29,129166.7227115588
2010-12-30,128890.26362198744
2010-12-31,129010.9575053361
2011-01-03,130251.1498835084
2011-01-04,129772.13745793115
2011-01-05,130082.400682804
2011-01-06,129905.48368268518
2011-01-07,129769.6681004272
2011-01-10,130028.02789787331
2011-01-11,130307.05301571335
2011-01-12,131264.29242672588
2011-01-13,131185.07307159642
2011-01-14,131930.87876379292
2011-01-18,132237.27371755172
2011-01-19,130953.43033642706
2011-01-20,130028.13461764337
2011-01-21,129820.8282691542
2011-01-24,130808.87246595498
2011-01-25,130936.65244718609
2011-01-26,131474.46047167954
2011-01-27,131636.3094383135
2011-01-28,128948.2352535551
2011-01-31,129405.20247681046
2011-02-01,131082.73277658012
2011-02-02,131033.44800699361
2011-02-03,131114.57376971666
2011-02-04,131448.88990855293
2011-02-07,131867.36506589246
2011-02-08,132259.97014996226
2011-02-09,132177.41800143404
2011-02-10,132089.23239587166
2011-02-11,132970.83651374406
2011-02-14,133388.27855552454
2011-02-15,133096.11865733773
2011-02-16,133985.7239996876
2011-02-17,134436.8257927413
2011-02-18,134346.1709131732
2011-02-22,132174.78647958586
2011-02-23,131314.40389798186
2011-02-24,131689.40294854896
2011-02-25,133594.9053915967
2011-02-28,133871.6364368196
2011-03-01,132396.0944230555
2011-03-02,132690.54223994067
2011-03-03,133936.95725193186
2011-03-04,133622.83013459516
2011-03-07,132024.31690082932
2011-03-08,132378.38656258027
2011-03-09,132028.85924838102
2011-03-10,130534.63083561971
2011-03-11,131099.13733408356
2011-03-14,130598.91592967992
2011-03-15,129038.69026847108
2011-03-16,126960.33175704179
2011-03-17,128216.54484323191
2011-03-18,128534.89863125968
2011-03-21,130348.10394933022
2011-03-22,130113.39073497565
2011-03-23,130612.67725723228
2011-03-24,131462.35418938397
2011-03-25,131574.79099301487
2011-03-28,131128.52482566924
2011-03-29,131606.38446266614
2011-03-30,132282.58512921096
2011-03-31,132352.56677172758
2011-04-01,132557.68820141058
2011-04-04,132484.2343644099
2011-04-05,132773.17464736933
2011-04-06,132983.26355557813
2011-04-07,132780.11116884797
2011-04-08,132361.8231012988
2011-04-11,131849.51067117596
2011-04-12,130969.03110826109
2011-04-13,131493.25516259254
2011-04-14,131640.89309772
2011-04-15,132083.49205062844
2011-04-18,130982.62176471713
2011-04-19,131645.7826089123
2011-04-20,133452.43885580078
2011-04-21,134228.92841229052
2011-04-25,134379.39581339012
2011-04-26,135364.87094104447
2011-04-27,136401.65806509036
2011-04-28,136637.83439955584
2011-04-29,136922.6555246886
2011-05-02,136517.073533769
2011-05-03,135869.66278079397
2011-05-04,135286.98380572497
2011-05-05,133847.27584457633
2011-05-06,134370.99801184205
2011-05-09,135146.11086580093
2011-05-10,136354.40896822087
2011-05-11,135015.66822295863
2011-05-12,135637.3928970008
2011-05-13,134460.40921146778
2011-05-16,133060.8702599656
2011-05-17,133076.56767525693
2011-05-18,134098.10581669118
2011-05-19,134292.03537381356
2011-05-20,133642.39733804637
2011-05-23,131753.595328137
2011-05-24,131492.22201512245
2011-05-25,131836.35653458658
2011-05-26,132559.96387000507
2011-05-27,133183.7550829537
2011-05-31,134149.6929098952
2011-06-01,131687.29163318145
2011-06-02,131570.84343818293
2011-06-03,130292.65906287973
2011-06-06,129246.19871488155
2011-06-07,129300.68492201164
2011-06-08,128297.05246328158
2011-06-09,128743.30982632822
2011-06-10,127150.23714441128
2011-06-13,126881.27087435058
2011-06-14,128037.7289657098
2011-06-15,126476.30771995021
2011-06-16,126275.8980423735
2011-06-17,126442.13496076601
2011-06-20,126890.8518718836
2011-06-21,128212.07765657673
2011-06-22,127698.6952815877
2011-06-23,127623.25341502996
2011-06-24,126411.81036111849
2011-06-27,126913.05663192205
2011-06-28,127820.72123273833
2011-06-29,128269.20006624702
2011-06-30,128989.86056585629
2011-07-01,130043.68060736037
2011-07-05,130264.6183982949
2011-07-06,130529.86482050325
2011-07-07,131996.87474203377
2011-07-08,131591.02795651872
2011-07-11,129623.22863672001
2011-07-12,128987.70287254445
2011-07-13,129695.60841665494
2011-07-14,128159.68223411766
2011-07-15,129533.87263610019
2011-07-18,128518.60665068835
2011-07-19,130951.83324335548
2011-07-20,130647.5281039673
2011-07-21,131773.52138510815
2011-07-22,132608.14275303853
2011-07-25,132086.91093190358
2011-07-26,132153.0154279494
2011-07-27,129249.98981079424
2011-07-28,129212.69223575311
2011-07-29,128965.05996001515
2011-08-01,128373.24135811467
2011-08-02,126524.20437855102
2011-08-03,126755.11324948237
2011-08-04,124741.74540732129
2011-08-05,124409.03950322348
2011-08-08,123632.00267508668
2011-08-09,125444.18844785116
2011-08-10,125433.42936492573
2011-08-11,125501.96603230339
2011-08-12,125771.15380311807
2011-08-15,126506.06566480172
2011-08-16,126728.7519854089
2011-08-17,127037.97701446808
2011-08-18,126420.25201522344
2011-08-19,126364.97885310011
2011-08-22,127026.27101428462
2011-08-23,126822.29542246467
2011-08-24,125875.30705658748
2011-08-25,125612.46646479846
2011-08-26,126937.10329958396
2011-08-29,127121.22670899706
2011-08-30,128217.94282120334
2011-08-31,127963.73017436855
2011-09-01,127818.77978073769
2011-09-02,128248.66859111463
2011-09-06,127928.04282506644
2011-09-07,127747.74926029266
2011-09-08,128123.56054800333
2011-09-09,127242.54167801284
2011-09-12,126834.08122665883
2011-09-13,127208.45405500689
2011-09-14,127530.47225072305
2011-09-15,127382.08081711608
2011-09-16,127841.08220102223
2011-09-19,127291.57971135323
2011-09-20,127622.36124666146
2011-09-21,126587.07145444772
2011-09-22,125168.94517158551
2011-09-23,123727.3755672262
2011-09-26,123767.6347584434
2011-09-27,124402.41237637786
2011-09-28,123179.79480045728
2011-09-29,123648.47816245645
2011-09-30,123381.96874053183
2011-10-03,123248.77679889821
2011-10-04,123433.17103938691
2011-10-05,124116.46235101517
2011-10-06,124616.43925584671
2011-10-07,124054.08421356366
2011-10-10,125345.68376684005
2011-10-11,125134.50633499303
2011-10-12,125341.87761444907
2011-10-13,125354.7462210423
2011-10-14,125772.4457600253
2011-10-17,125187.71487318995
2011-10-18,125768.67935347039
2011-10-19,125032.50504414651
2011-10-20,124790.22017260411
2011-10-21,125526.44427446453
2011-10-24,126262.32385537853
2011-10-25,126412.34600260193
2011-10-26,126773.76737658185
2011-10-27,127846.40061994053
2011-10-28,127951.11180923658
2011-10-31,127006.42288084517
2011-11-01,125898.32115491414
2011-11-02,126638.7668478596
2011-11-03,127857.29830690371
2011-11-04,127560.32397689798
2011-11-07,128362.02127510414
2011-11-08,128581.24389686892
2011-11-09,126627.16851632208
2011-11-10,126738.35086840736
2011-11-11,128063.54010933966
2011-11-14,127539.47293293967
2011-11-15,127940.88425689764
2011-11-16,127006.96643694042
2011-11-17,125599.07509096444
2011-11-18,125504.49499061637
2011-11-21,124224.10201475266
2011-11-22,124395.8832060779
2011-11-23,123518.14391808675
2011-11-25,122932.67202646597
2011-11-28,124558.92380963176
2011-11-29,124480.34092317612
2011-11-30,126441.53164829974
2011-12-01,126292.97589532622
2011-12-02,126515.8899350115
2011-12-05,126637.1167445727
2011-12-06,126601.19258787879
2011-12-07,126963.91014172163
2011-12-08,125484.81298587965
2011-12-09,126128.60279670617
2011-12-12,124853.55607174274
2011-12-13,124060.07867491034
2011-12-14,123035.96844487925
2011-12-15,123048.89243409708
2011-12-16,123615.2421034501
2011-12-19,123231.89119710031
2011-12-20,124416.12117195089
2011-12-21,124313.15501117309
2011-12-22,124590.28852536401
2011-12-23,124811.12493396165
2011-12-27,124696.61763815899
2011-12-28,123638.62468066294
2011-12-29,124117.29936872955
2011-12-30,124097.31630776625
2012-01-03,125394.21795821094
2012-01-04,125471.06310042809
2012-01-05,125790.11360170637
2012-01-06,125723.36035532376
2012-01-09,125577.41570268059
2012-01-10,126318.59458562147
2012-01-11,126699.03737431383
2012-01-12,126962.73017611721
2012-01-13,126715.7386194324
2012-01-17,127161.22316389752
2012-01-18,128289.68898865304
2012-01-19,128561.59705327518
2012-01-20,128601.14123703219
2012-01-23,128558.31328756316
2012-01-24,128317.64482401646
2012-01-25,129845.93747224046
2012-01-26,129708.12552695448
2012-01-27,130133.58052570815
2012-01-30,130079.1666297356
2012-01-31,130416.33945427802
2012-02-01,131144.89722934904
2012-02-02,131524.21882924627
2012-02-03,132625.2197481729
2012-02-06,132605.06430998698
2012-02-07,132920.30498404955
2012-02-08,133321.10264477722
2012-02-09,133790.64863390752
2012-02-10,132992.86870302167
2012-02-13,133991.91664324817
2012-02-14,134079.8515432081
2012-02-15,133471.98950299056
2012-02-16,134791.45562575012
2012-02-17,134740.1129869281
2012-02-21,135052.8439350413
2012-02-22,134870.3704292758
2012-02-23,135588.67940027794
2012-02-24,135894.11864568948
2012-02-27,136161.06128050527
2012-02-28,137086.20879540712
2012-02-29,135678.5213130624
2012-03-01,136570.0511664497
2012-03-02,136380.07662516207
2012-03-05,135240.25045813835
2012-03-06,133589.0921329889
2012-03-07,134713.787867201
2012-03-08,136087.18896804668
2012-03-09,136744.35318205465
2012-03-12,136672.53134855654
2012-03-13,138696.1378788845
2012-03-14,138405.6757213124
2012-03-15,139045.24207068636
2012-03-16,139133.4297497746
2012-03-19,139858.23993631965
2012-03-20,139673.95840316333
2012-03-21,139757.85308602528
2012-03-22,139192.16505621758
2012-03-23,139644.60148350772
2012-03-26,141905.61926799195
2012-03-27,141808.65220400228
2012-03-28,141057.37129496358
2012-03-29,140697.4612194223
2012-03-30,140571.55851076654
2012-04-02,141988.10657183907
2012-04-03,141289.23448994147
2012-04-04,139574.26165030472
2012-04-05,140300.17634923727
2012-04-09,139437.81770358863
2012-04-10,137344.31583491503
2012-04-11,138256.93308883058
2012-04-12,140120.2203470731
2012-04-13,138502.46941046338
2012-04-16,137348.70085849735
2012-04-17,140056.1998005736
2012-04-18,139678.01933297142
2012-04-19,138473.88442213382
2012-04-20,138271.5570609349
2012-04-23,137096.83807099197
2012-04-24,136935.02536353678
2012-04-25,139309.59239298213
2012-04-26,140320.2215765379
2012-04-27,141032.23546734307
2012-04-30,140227.5450360367
2012-05-01,140575.6989412614
2012-05-02,140692.6080979662
2012-05-03,139289.44243398742
2012-05-04,136910.00151524786
2012-05-07,136982.8642830102
2012-05-08,136300.46387545823
2012-05-09,135750.22759014193
2012-05-10,135713.16168201878
2012-05-11,135539.49580238192
2012-05-14,134356.49728915805
2012-05-15,133916.5139669836
2012-05-16,133332.67660613352
2012-05-17,131566.00577002898
2012-05-18,130466.8463129827
2012-05-21,133001.78841522647
2012-05-22,132697.18769313933
2012-05-23,132969.7027011616
2012-05-24,132751.70738631874
2012-05-25,132687.89547645583
2012-05-29,133665.98054716704
2012-05-30,132901.4540572098
2012-05-31,132753.10487143704
2012-06-01,131806.96169287967
2012-06-04,131907.77979530962
2012-06-05,132182.20291780608
2012-06-06,133545.53755925875
2012-06-07,133030.20884604738
2012-06-08,133527.42300861882
2012-06-11,132898.76440053032
2012-06-12,133570.32515882325
2012-06-13,133432.8019422224
2012-06-14,133947.23794859266
2012-06-15,134642.26965670314
2012-06-18,134864.0651211946
2012-06-19,135102.48547597826
2012-06-20,134963.3325821432
2012-06-21,133228.85968739993
2012-06-22,133621.7232609282
2012-06-25,132945.03202276267
2012-06-26,133131.3217968003
2012-06-27,133757.64398950143
2012-06-28,133032.91314526898
2012-06-29,134835.20415484605
2012-07-02,135154.02276835663
2012-07-03,135725.61325451566
2012-07-05,135621.5999921329
2012-07-06,134154.43904978991
2012-07-09,134118.85454781153
2012-07-10,133219.82968425233
2012-07-11,132909.43787585924
2012-07-12,132191.66432680664
2012-07-13,133921.30887352597
2012-07-16,133768.9383849893
2012-07-17,134261.85709229045
2012-07-18,135226.18224289344
2012-07-19,135761.3421844191
2012-07-20,134468.93058269745
2012-07-23,133410.1884800184
2012-07-24,132713.78396401354
2012-07-25,132681.68190964672
2012-07-26,134237.78207353075
2012-07-27,136520.99828382884
2012-07-30,136601.88194078335
2012-07-31,136231.6988941693
2012-08-01,135835.50372054582
2012-08-02,135289.61722980262
2012-08-03,137036.4301917104
2012-08-06,137525.8615751803
2012-08-07,138261.970562995
2012-08-08,138226.41073191902
2012-08-09,138572.14261320792
2012-08-10,138786.55570261157
2012-08-13,138795.54995276502
2012-08-14,138586.72367244615
2012-08-15,138706.3849703744
2012-08-16,140005.25284643442
2012-08-17,140568.93945746112
2012-08-20,140745.09127706173
2012-08-21,140442.44412789991
2012-08-22,141044.6933930397
2012-08-23,140070.2399367389
2012-08-24,140796.81875515133
2012-08-27,140954.97441049563
2012-08-28,140956.73209411185
2012-08-29,140950.0719895382
2012-08-30,139786.73250710458
2012-08-31,141035.13954850298
2012-09-04,140912.35859642093
2012-09-05,140612.97667906276
2012-09-06,143812.3682406192
2012-09-07,144050.92262579015
2012-09-10,142662.50969087306
2012-09-11,142693.31536219845
2012-09-12,143016.03003624745
2012-09-13,145050.1744132475
2012-09-14,145302.6646457518
2012-09-17,145065.35724819664
2012-09-18,145162.13340501566
2012-09-19,145437.3998246455
2012-09-20,145322.26341031963
2012-09-21,145440.18096158042
2012-09-24,144793.35429265106
2012-09-25,142858.48803902965
2012-09-26,142016.75941590194
2012-09-27,143548.7754078211
2012-09-28,142331.71388606206
2012-10-01,142385.48000605087
2012-10-02,142426.2976543599
2012-10-03,142728.495445125
2012-10-04,143304.69587337447
2012-10-05,142929.39778765017
2012-10-08,142542.7552345031
2012-10-09,141394.21437277264
2012-10-10,140937.6445776844
2012-10-11,140945.28381177387
2012-10-12,140686.0883166082
2012-10-15,141298.20292998888
2012-10-16,142510.88726284986
2012-10-17,142614.1712778209
2012-10-18,142022.96357398585
2012-10-19,140441.1405465901
2012-10-22,140634.47938515875
2012-10-23,139355.24632428575
2012-10-24,138785.08217708286
2012-10-25,138918.54949448686
2012-10-26,139243.9796213212
2012-10-31,139191.83481047658
2012-11-01,140078.59830276124
2012-11-02,139251.01961159465
2012-11-05,139540.5533025434
2012-11-06,140082.3548273817
2012-11-07,138894.94426029787
2012-11-08,138004.48746678457
2012-11-09,138139.73895302846
2012-11-12,138186.66629880306
2012-11-13,137843.34226818505
2012-11-14,136748.3864952859
2012-11-15,136570.7045471794
2012-11-16,136835.87239355867
2012-11-19,137726.61589349297
2012-11-20,137635.49352862095
2012-11-21,137810.15334905923
2012-11-23,138723.3562785624
2012-11-26,138626.32988374235
2012-11-27,138339.2512152071
2012-11-28,138737.03830574662
2012-11-29,139107.0331651902
2012-11-30,139016.40373245088
2012-12-03,138674.95468968144
2012-12-04,138644.25297179515
2012-12-05,138352.17973138616
2012-12-06,139014.45466692664
2012-12-07,138827.77555418434
2012-12-10,139065.27365162558
2012-12-11,140112.26313940008
2012-12-12,139953.03551721317
2012-12-13,139227.7480038039
2012-12-14,138926.15307105513
2012-12-17,139814.44928420792
2012-12-18,140716.52121497836
2012-12-19,140401.57650320622
2012-12-20,140583.0316623471
2012-12-21,139909.1551963108
2012-12-24,139661.8934070762
2012-12-26,139258.53587147547
2012-12-27,139246.74108604953
2012-12-28,138152.5269438867
2012-12-31,140239.01569474651
2013-01-02,142629.23105399578
2013-01-03,141774.7386221064
2013-01-04,141911.92522293283
2013-01-07,141611.76938570713
2013-01-08,141362.7292247017
2013-01-09,141538.04235156556
2013-01-10,142779.8388029035
2013-01-11,142909.037187839
2013-01-14,142755.848871141
2013-01-15,142748.67298634807
2013-01-16,142929.7222826
2013-01-17,143860.24146045846
2013-01-18,143679.89995749056
2013-01-22,143973.03378748585
2013-01-23,144137.89811556847
2013-01-24,143864.1684035428
2013-01-25,144290.67777078116
2013-01-28,144217.52296131034
2013-01-29,144365.93805919593
2013-01-30,144238.4499986655
2013-01-31,143924.9495931749
2013-02-01,144888.6077872781
2013-02-04,143794.4288523038
2013-02-05,145071.84755171806
2013-02-06,145235.91006453565
2013-02-07,144875.67714215422
2013-02-08,145710.8752915043
2013-02-11,145565.99707540398
2013-02-12,145763.82530202236
2013-02-13,145751.42029350012
2013-02-14,145982.08912640423
2013-02-15,145549.23842833826
2013-02-19,146422.6027372607
2013-02-20,144624.73986172763
2013-02-21,143356.75711263972
2013-02-22,144739.58008900814
2013-02-25,143023.04203716276
2013-02-26,143833.1284816532
2013-02-27,145201.48200547168
2013-02-28,145049.86174929334
2013-03-01,145306.206637875
2013-03-04,145609.33742898138
2013-03-05,146750.01176877448
2013-03-06,146839.7640638654
2013-03-07,146853.10662399986
2013-03-08,147113.89529743046
2013-03-11,147411.8523010821
2013-03-12,147329.9774021133
2013-03-13,147508.1075907584
2013-03-14,148021.9204867626
2013-03-15,147694.18152151068
2013-03-18,147218.38399978357
2013-03-19,146990.02432804188
2013-03-20,147748.01111408934
2013-03-21,146856.7389985713
2013-03-22,147837.81615930624
2013-03-25,147383.93577009081
2013-03-26,148195.3175230948
2013-03-27,148339.8965615264
2013-03-28,148490.2895678026
2013-04-01,147562.8439656331
2013-04-02,147890.0724646858
2013-04-03,146782.9406255524
2013-04-04,147489.6727246357
2013-04-05,147233.97763833927
2013-04-08,147956.62798324882
2013-04-09,148283.23822108295
2013-04-10,149480.5797184632
2013-04-11,149831.40694459793
2013-04-12,149513.7062609414
2013-04-15,146407.69268927688
2013-04-16,147825.91004883774
2013-04-17,146279.1697514813
2013-04-18,145357.69357723097
2013-04-19,146785.41321192277
2013-04-22,147770.4489547983
2013-04-23,148866.61736101873
2013-04-24,149313.42493449856
2013-04-25,149930.04698809856
2013-04-26,149747.55992324612
2013-04-29,150640.0102510261
2013-04-30,151135.75320068997
2013-05-01,150112.2454945402
2013-05-02,151707.52871264375
2013-05-03,152964.11383677146
2013-05-06,153448.18604899943
2013-05-07,153630.81944565295
2013-05-08,154630.394859694
2013-05-09,154285.35074930853
2013-05-10,154783.29719393625
2013-05-13,154419.35465366952
2013-05-14,155186.94897989943
2013-05-15,155779.5245707284
2013-05-16,155262.00133611783
2013-05-17,156366.1258991083
2013-05-20,156523.03109521559
2013-05-21,156600.9722230524
2013-05-22,154930.56697184403
2013-05-23,154586.4038193549
2013-05-24,154228.84413833934
2013-05-28,155110.08325249125
2013-05-29,154341.89142302686
2013-05-30,155238.53492359765
2013-05-31,153285.25464486508
2013-06-03,154001.68130240493
2013-06-04,153267.74743395322
2013-06-05,150968.52956168595
2013-06-06,151789.08441140578
2013-06-07,153704.9180758836
2013-06-10,153801.45287710972
2013-06-11,152225.43362063635
2013-06-12,150759.332327171
2013-06-13,152912.27690890303
2013-06-14,152187.72056781838
2013-06-17,153213.89456671375
2013-06-18,154381.3602943405
2013-06-19,152357.98294198478
2013-06-20,148095.10306749344
2013-06-21,147665.18897711454
2013-06-24,146112.4740229467
2013-06-25,147158.72917776502
2013-06-26,147843.9328711835
2013-06-27,148523.76076883188
2013-06-28,148874.83312938613
2013-07-01,149620.43854923072
2013-07-02,149547.57460740735
2013-07-03,149799.48273624576
2013-07-05,150650.3232148698
2013-07-08,150884.4509929912
2013-07-09,151553.0752864255
2013-07-10,151658.3989789336
2013-07-11,153437.665476356
2013-07-12,153770.04845814186
2013-07-15,154171.33387016063
2013-07-16,153948.8051877704
2013-07-17,154178.05968860936
2013-07-18,154130.16732746887
2013-07-19,153724.4032399614
2013-07-22,154123.0658155769
2013-07-23,153760.57936208745
2013-07-24,153284.90659486302
2013-07-25,153778.0916447365
2013-07-26,153791.1644173604
2013-07-29,153104.22572990227
2013-07-30,153500.9622961211
2013-07-31,153820.57764950677
2013-08-01,155318.59320152673
2013-08-02,156067.6330399525
2013-08-05,155866.934255765
2013-08-06,154862.3078037575
2013-08-07,154391.1126580897
2013-08-08,155236.00289441724
2013-08-09,154759.49995976657
2013-08-12,155016.07695454417
2013-08-13,155634.32767319476
2013-08-14,155012.15930240965
2013-08-15,152584.83046105824
2013-08-16,152367.34419533462
2013-08-19,151639.10104721203
2013-08-20,152594.29249630612
2013-08-21,151595.5307835789
2013-08-22,153453.23447108635
2013-08-23,154457.31208348196
2013-08-26,154278.02898362934
2013-08-27,151653.90608127386
2013-08-28,152185.1720341907
2013-08-29,152986.0776851428
2013-08-30,151956.5642505011
2013-09-03,152944.20847361957
2013-09-04,154408.01026893416
2013-09-05,154239.2107165372
2013-09-06,154525.8226076376
2013-09-09,156006.32040698137
2013-09-10,156648.85925404014
2013-09-11,156754.54547099274
2013-09-12,156042.1013896719
2013-09-13,156371.25200125953
2013-09-16,156273.12149159238
2013-09-17,157213.84910833713
2013-09-18,159658.6242821145
2013-09-19,159569.87499606825
2013-09-20,158533.60365158497
2013-09-23,158051.71188598964
2013-09-24,158176.74809696327
2013-09-25,157826.16945350188
2013-09-26,158721.91422884932
2013-09-27,158495.6386544474
2013-09-30,157746.8539206179
2013-10-01,158856.79471237282
2013-10-02,158928.04879210884
2013-10-03,157459.7653760307
2013-10-04,158811.03166754334
2013-10-07,157512.30277050252
2013-10-08,155060.2160630296
2013-10-09,154440.61366451572
2013-10-10,158168.37366667303
2013-10-11,159084.23827924073
2013-10-14,159901.37992994033
2013-10-15,159057.0968265343
2013-10-16,161018.5545208025
2013-10-17,162494.11228374075
2013-10-18,164222.48567329277
2013-10-21,164449.9274919424
2013-10-22,165287.72270667044
2013-10-23,163772.448358426
2013-10-24,164602.61351425678
2013-10-25,165557.52118525942
2013-10-28,165770.56914911445
2013-10-29,166511.89414798754
2013-10-30,165873.4217904875
2013-10-31,165578.7789493006
2013-11-01,165413.3528835558
2013-11-04,165953.10529674357
2013-11-05,165566.1702328441
2013-11-06,165892.64166099322
2013-11-07,163128.406893882
2013-11-08,164594.6157776005
2013-11-11,164490.9332512987
2013-11-12,164393.8599608146
2013-11-13,165725.950187351
2013-11-14,166489.90751992076
2013-11-15,167033.60209475202
2013-11-18,166252.49061835962
2013-11-19,165795.063332978
2013-11-20,164923.73978775638
2013-11-21,166384.73109957506
2013-11-22,167091.01804889552
2013-11-25,167206.30113179484
2013-11-26,167605.3883806095
2013-11-27,168489.17187801757
2013-11-29,169120.47600735023
2013-12-02,168256.35398532392
2013-12-03,167780.13651163253
2013-12-04,167743.97096573826
2013-12-05,167200.6649232112
2013-12-06,168797.6943156248
2013-12-09,169349.43693790562
2013-12-10,169249.34713235
2013-12-11,166997.10101147252
2013-12-12,166322.5938209371
2013-12-13,166355.09932726357
2013-12-16,167529.94989530416
2013-12-17,167060.29422765528
2013-12-18,169648.083809376
2013-12-19,169010.4184803334
2013-12-20,170655.87340555803
2013-12-23,172105.08358046756
2013-12-24,172287.38969801815
2013-12-26,173055.32691677034
2013-12-27,172843.36794419694
2013-12-30,172804.18854331633
2013-12-31,173632.50441848088
2014-01-02,172218.06286522944
2014-01-03,171614.8290252958
2014-01-06,170753.62182344394
2014-01-07,172393.86043453848
2014-01-08,172620.1067500774
2014-01-09,172245.3153064876
2014-01-10,173077.60909906158
2014-01-13,170576.93527993187
2014-01-14,173263.01355499215
2014-01-15,174520.99767703254
2014-01-16,174352.95616716414
2014-01-17,173681.35319294577
2014-01-21,174422.79544628385
2014-01-22,174852.77544859386
2014-01-23,174114.42541294667
2014-01-24,170473.3529282026
2014-01-27,168772.48481259213
2014-01-28,169282.444310717
2014-01-29,167574.37733842214
2014-01-30,170146.20628380703
2014-01-31,169089.0920860549
2014-02-03,165516.47563814215
2014-02-04,166475.6856313579
2014-02-05,166008.83240629436
2014-02-06,167952.2696625134
2014-02-07,170478.75472661408
2014-02-10,171073.37988127518
2014-02-11,173011.26707799418
2014-02-12,173157.23058631763
2014-02-13,174526.08485555003
2014-02-14,175204.97652050207
2014-02-18,175908.09023269347
2014-02-19,174701.11744222985
2014-02-20,175613.6521089141
2014-02-21,175548.4530926039
2014-02-24,176555.40497330655
2014-02-25,176553.1568647928
2014-02-26,176607.90831260668
2014-02-27,177708.08658153506
2014-02-28,177766.53278527688
2014-03-03,176589.26440531368
2014-03-04,179129.2520164133
2014-03-05,179393.8113087942
2014-03-06,179616.08250313415
2014-03-07,178978.0734668591
2014-03-10,178936.96824463882
2014-03-11,178159.45701534016
2014-03-12,178988.1310631502
2014-03-13,176430.90718622121
2014-03-14,175342.57024876899
2014-03-17,176529.33243446768
2014-03-18,178168.66615655538
2014-03-19,176805.0421278161
2014-03-20,177514.35388620128
2014-03-21,176676.76426565577
2014-03-24,175927.9512866204
2014-03-25,176523.76767053426
2014-03-26,174924.33962091897
2014-03-27,174316.96027647034
2014-03-28,174809.63447705074
2014-03-31,175974.01678933087
2014-04-01,177853.84184679078
2014-04-02,177981.93494537723
2014-04-03,177640.07469776552
2014-04-04,175536.64716521377
2014-04-07,174440.74628906496
2014-04-08,175702.70312656247
2014-04-09,177732.43694450974
2014-04-10,173968.84913271788
2014-04-11,172476.38704339045
2014-04-14,173543.0357268862
2014-04-15,174099.05659257152
2014-04-16,175576.29171743483
2014-04-17,175793.6916853272
2014-04-21,176269.78013118164
2014-04-22,177060.52480799906
2014-04-23,176520.42074482032
2014-04-24,177232.74994784265
2014-04-25,175480.87890871265
2014-04-28,175648.19807645414
2014-04-29,176351.64818845558
2014-04-30,176735.90589059226
2014-05-01,176869.2394494
2014-05-02,176990.78312703187
2014-05-05,177219.4066963509
2014-05-06,176195.82409743976
2014-05-07,176282.6979940788
2014-05-08,176167.2873590851
2014-05-09,176378.63607940305
2014-05-12,178402.77671879216
2014-05-13,178472.8061037283
2014-05-14,178083.2983115358
2014-05-15,177174.86198864706
2014-05-16,177705.90524866525
2014-05-19,178213.10622110218
2014-05-20,177559.63742710525
2014-05-21,178833.99709916094
2014-05-22,179406.1505232638
2014-05-23,180516.6287622177
2014-05-27,182173.69707134808
2014-05-28,181932.50354090572
2014-05-29,182748.63055390702
2014-05-30,182808.80428323938
2014-06-02,182669.4600747102
2014-06-03,182592.5426349883
2014-06-04,183080.12444258318
2014-06-05,184634.9140114722
2014-06-06,185628.752344957
2014-06-09,185746.66839925922
2014-06-10,185965.87487913575
2014-06-11,185716.49824034766
2014-06-12,184911.70016522834
2014-06-13,185948.8143978186
2014-06-16,186126.7589915113
2014-06-17,186365.58058136923
2014-06-18,187656.61887928177
2014-06-19,187953.4823848687
2014-06-20,188174.69229766156
2014-06-23,188081.9180784964
2014-06-24,187654.25890915547
2014-06-25,188689.42967410304
2014-06-26,188663.4437462981
2014-06-27,189171.49057096534
2014-06-30,189790.83067684306
2014-07-01,191539.39021620963
2014-07-02,191556.65683182454
2014-07-03,192537.5031731107
2014-07-07,191933.60252177145
2014-07-08,190371.84761956762
2014-07-09,191476.61348097428
2014-07-10,190907.74843372894
2014-07-11,191753.39083800057
2014-07-14,192429.02689391293
2014-07-15,191760.2535217084
2014-07-16,193147.77178764532
2014-07-17,190905.6819237704
2014-07-18,193221.8714977706
2014-07-21,193183.0431200675
2014-07-22,194454.81450132903
2014-07-23,194593.0468856974
2014-07-24,194183.90037458643
2014-07-25,193416.9729249835
2014-07-28,193421.57124488588
2014-07-29,193106.61844073058
2014-07-30,193405.10827583348
2014-07-31,188623.76898498047
2014-08-01,188238.30290189432
2014-08-04,189323.21846567185
2014-08-05,187779.4351011417
2014-08-06,188168.2409941595
2014-08-07,187771.7867645399
2014-08-08,189175.65231852295
2014-08-11,189878.36632290704
2014-08-12,189583.66314845532
2014-08-13,191172.18625203866
2014-08-14,192075.64566641435
2014-08-15,192494.65070858612
2014-08-18,193397.1671135307
2014-08-19,194073.73854036507
2014-08-20,194092.29177254642
2014-08-21,194172.57780447078
2014-08-22,194451.46765865447
2014-08-25,195132.05313548775
2014-08-26,195388.22879062526
2014-08-27,195571.31787116098
2014-08-28,195648.1947848248
2014-08-29,196198.19913649585
2014-09-02,195592.23666255467
2014-09-03,195416.07801081106
2014-09-04,194946.04404039274
2014-09-05,195778.41992445063
2014-09-08,195394.22147310688
2014-09-09,194190.08389488066
2014-09-10,195006.87508012593
2014-09-11,194683.31393330143
2014-09-12,193276.32080264317
2014-09-15,192417.5601589374
2014-09-16,193937.9381402629
2014-09-17,193781.84772793116
2014-09-18,195242.6992609077
2014-09-19,195094.12995301012
2014-09-22,193677.09696405206
2014-09-23,193372.6490466468
2014-09-24,194541.20252084694
2014-09-25,192005.73548054264
2014-09-26,193676.16247722233
2014-09-29,193597.73598264885
2014-09-30,193165.59782493734
2014-10-01,191422.48795862484
2014-10-02,191062.38757098012
2014-10-03,192151.1332824645
2014-10-06,192039.1874980224
2014-10-07,189648.97212174907
2014-10-08,193328.93936490634
2014-10-09,190562.1222208182
2014-10-10,187862.19415276774
2014-10-13,186246.6883726094
2014-10-14,186545.31085841218
2014-10-15,186205.11269780283
2014-10-16,185892.9698604382
2014-10-17,186661.46722607428
2014-10-20,187780.12320582118
2014-10-21,189330.34982655407
2014-10-22,188354.59146095466
2014-10-23,189748.91722086596
2014-10-24,190673.89268247073
2014-10-27,190659.67304287915
2014-10-28,192478.63184486754
2014-10-29,191541.88505343214
2014-10-30,191939.51768342557
2014-10-31,193269.19066548845
2014-11-03,193403.59265115648
2014-11-04,193020.43395528078
2014-11-05,192727.23489533475
2014-11-06,193067.07731881452
2014-11-07,194138.19666150335
2014-11-10,193754.23453340871
2014-11-11,194521.67016257485
2014-11-12,194463.6170180575
2014-11-13,195080.6726745945
2014-11-14,196287.94432842202
2014-11-17,195818.8569051327
2014-11-18,197202.47315792786
2014-11-19,196164.61995494523
2014-11-20,197109.64730301825
2014-11-21,197934.02369655136
2014-11-24,198773.5357674217
2014-11-25,199167.64275102678
2014-11-26,199871.3143060457
2014-11-28,199551.64746732078
2014-12-01,199130.99742735457
2014-12-02,199364.9027388814
2014-12-03,200524.0188137077
2014-12-04,200483.3952906027
2014-12-05,200165.5692906254
2014-12-08,199352.57056770544
2014-12-09,200360.4535301397
2014-12-10,197417.1482659259
2014-12-11,198404.58584781026
2014-12-12,196253.65518549987
2014-12-15,193611.0116425589
2014-12-16,191880.71808117075
2014-12-17,194751.41361566714
2014-12-18,198965.01485755137
2014-12-19,199621.5622257177
2014-12-22,199913.4427586402
2014-12-23,199415.84052006307
2014-12-24,199675.58050165052
2014-12-26,200781.3752438369
2014-12-29,200787.33979908004
2014-12-30,200664.58460956853
2014-12-31,199378.34174577452
2015-01-02,199676.79439412174
2015-01-05,198445.4598577167
2015-01-06,197592.2370767337
2015-01-07,198979.44583800525
2015-01-08,201050.04808148823
2015-01-09,201020.12806114275
2015-01-12,200812.01391151611
2015-01-13,200496.92394052033
2015-01-14,200007.8415980992
2015-01-15,200191.28501681698
2015-01-16,201880.35945747021
2015-01-20,203262.9995233357
2015-01-21,203516.46083016222
2015-01-22,205324.02112041455
2015-01-23,205257.88775997114
2015-01-26,204806.04211430496
2015-01-27,202123.18448039333
2015-01-28,201292.804202335
2015-01-29,201668.4532074444
2015-01-30,201308.04392629454
2015-02-02,202536.12398314686
2015-02-03,202810.75556459738
2015-02-04,202820.15035998804
2015-02-05,203383.94302024067
2015-02-06,201530.78826945167
2015-02-09,201244.3971492616
2015-02-10,201887.14210969192
2015-02-11,201733.76313359122
2015-02-12,203322.50205370257
2015-02-13,204216.53163819198
2015-02-17,203235.8915081656
2015-02-18,203823.13367158268
2015-02-19,203881.11099954022
2015-02-20,204660.6173881626
2015-02-23,205073.77199616464
2015-02-24,205624.34710806375
2015-02-25,205664.57406377228
2015-02-26,206007.83144512866
2015-02-27,205634.39279144155
2015-03-02,206247.40133189075
2015-03-03,205211.36379025102
2015-03-04,204479.94296743287
2015-03-05,204793.7947607009
2015-03-06,201397.07389622286
2015-03-09,202317.50432730617
2015-03-10,199161.84269860963
2015-03-11,198594.88467893878
2015-03-12,200231.91002177526
2015-03-13,199376.9390173518
2015-03-16,201837.16618372282
2015-03-17,201821.35365389107
2015-03-18,204653.48313591845
2015-03-19,204419.56572071876
2015-03-20,206164.5290669921
2015-03-23,205942.1308549148
2015-03-24,205733.91106433503
2015-03-25,202503.82055516963
2015-03-26,201624.286103319
2015-03-27,202531.4113173074
2015-03-30,204418.4160125064
2015-03-31,202464.19253371906
2015-04-01,202587.85480954556
2015-04-02,202424.21263874907
2015-04-06,203462.70825510513
2015-04-07,203242.35953766806
2015-04-08,203839.8435542301
2015-04-09,204139.74185291538
2015-04-10,205083.45440943117
2015-04-13,204499.1247548462
2015-04-14,204341.00368378294
2015-04-15,204999.07686277793
2015-04-16,204621.8956469113
2015-04-17,203688.05177474156
2015-04-20,204676.28554657777
2015-04-21,204946.50114012184
2015-04-22,204750.6144211857
2015-04-23,205506.18302333332
2015-04-24,206372.41319060492
2015-04-27,206627.06675076118
2015-04-28,206494.30672934727
2015-04-29,204777.36879138352
2015-04-30,201998.34238633775
2015-05-01,203881.45211309037
2015-05-04,204396.57048927087
2015-05-05,201410.56531697122
2015-05-06,200097.35495225774
2015-05-07,200778.64529944077
2015-05-08,202418.86958230328
2015-05-11,201234.26521970262
2015-05-12,201142.2444588901
2015-05-13,201639.69684374912
2015-05-14,203039.48661604148
2015-05-15,203601.41106092857
2015-05-18,203891.73507594006
2015-05-19,203299.03686243837
2015-05-20,203526.21226750623
2015-05-21,204358.75157319417
2015-05-22,204147.40837559162
2015-05-26,202256.382457297
2015-05-27,205093.22434918207
2015-05-28,204772.5559462381
2015-05-29,203826.08913060074
2015-06-01,203899.42194514454
2015-06-02,202768.89786386068
2015-06-03,202856.8453284391
2015-06-04,201041.48378450394
2015-06-05,200206.82374959916
2015-06-08,197841.79035007762
2015-06-09,197331.91846124397
2015-06-10,200102.57097691036
2015-06-11,201132.36950738574
2015-06-12,199677.90312835397
2015-06-15,198991.3617377107
2015-06-16,200116.71653253396
2015-06-17,200326.57537189548
2015-06-18,202740.04249447066
2015-06-19,202357.9833515517
2015-06-22,203131.94782830775
2015-06-23,202997.23002778206
2015-06-24,201807.00258800606
2015-06-25,201316.74013514825
2015-06-26,199849.67661269248
2015-06-29,194951.628548497
2015-06-30,195076.50983621273
2015-07-01,196340.62293137127
2015-07-02,196361.39878481327
2015-07-06,196132.83084068846
2015-07-07,196982.6773596545
2015-07-08,194719.40646073327
2015-07-09,194601.76982379289
2015-07-10,196628.5931445305
2015-07-13,198169.37362638503
2015-07-14,199102.155133633
2015-07-15,199301.17640222807
2015-07-16,201346.07866572228
2015-07-17,202779.4009872979
2015-07-20,202816.07966801547
2015-07-21,202406.518111418
2015-07-22,201302.91820184982
2015-07-23,200637.64335345235
2015-07-24,199201.83756025764
2015-07-27,197565.95104396858
2015-07-28,199427.35777865854
2015-07-29,200519.0447446282
2015-07-30,201369.37982412567
2015-07-31,201616.06616339282
2015-08-03,201124.86560447272
2015-08-04,200673.3685447742
2015-08-05,201413.90885786034
2015-08-06,199896.65509006756
2015-08-07,199903.6166686127
2015-08-10,202108.44559729108
2015-08-11,200980.87815887568
2015-08-12,201481.17693259235
2015-08-13,200891.6063624203
2015-08-14,201266.2852418141
2015-08-17,202484.48153695744
2015-08-18,201683.85522951098
2015-08-19,201163.30242584043
2015-08-20,198021.2358094632
2015-08-21,195067.21537135498
2015-08-24,191935.12661922962
2015-08-25,190525.73534293685
2015-08-26,192266.88381160787
2015-08-27,193587.87088757782
2015-08-28,193843.89599345502
2015-08-31,193028.72788700502
2015-09-01,191781.881162294
2015-09-02,192437.26027894186
2015-09-03,192274.32713776338
2015-09-04,191580.26260877354
2015-09-08,192502.93102611072
2015-09-09,191609.13507501734
2015-09-10,191803.82747431635
2015-09-11,192074.59935717675
2015-09-14,191795.57214159548
2015-09-15,191858.6932131378
2015-09-16,192661.84684946874
2015-09-17,193224.5536371604
2015-09-18,193116.85529697817
2015-09-21,192808.54677951292
2015-09-22,192103.47641281848
2015-09-23,192219.72989074764
2015-09-24,192670.78931872983
2015-09-25,192286.3445983017
2015-09-28,190794.58034192116
2015-09-29,190629.74468206326
2015-09-30,191162.3228380204
2015-10-01,191445.7371688755
2015-10-02,192876.73924911683
2015-10-05,193511.24459010636
2015-10-06,193524.32235417343
2015-10-07,193768.2079275029
2015-10-08,193847.29093088064
2015-10-09,194183.8034382844
2015-10-12,194468.79734156257
2015-10-13,194152.32556078263
2015-10-14,194553.74631663313
2015-10-15,195406.7873609032
2015-10-16,195519.12311142366
2015-10-19,195448.79417836433
2015-10-20,195329.4181226521
2015-10-21,194999.53029568575
2015-10-22,196307.3604925701
2015-10-23,198542.14852567262
2015-10-26,198514.94894390582
2015-10-27,198585.34731053287
2015-10-28,199568.96436857755
2015-10-29,198691.44184027222
2015-10-30,197990.59109440687
2015-11-02,199339.73867699126
2015-11-03,199078.41006403154
2015-11-04,198685.46952386346
2015-11-05,198227.77163414774
2015-11-06,197586.0838937421
2015-11-09,196200.62035512435
2015-11-10,196068.12175398378
2015-11-11,195520.9815303564
2015-11-12,193576.10100766688
2015-11-13,192395.56178700636
2015-11-16,193631.65274717947
2015-11-17,193317.03665960825
2015-11-18,196419.0166352354
2015-11-19,196760.87417055795
2015-11-20,197313.74216465012
2015-11-23,196821.14517909382
2015-11-24,196916.52745493973
2015-11-25,196997.9943895855
2015-11-27,197016.46419231885
2015-11-30,196837.9246833967
2015-12-01,198883.59273012207
2015-12-02,197183.64411476767
2015-12-03,194424.40697123666
2015-12-04,198890.5306660399
2015-12-07,197881.97655195015
2015-12-08,197478.29804375165
2015-12-09,195600.00351914152
2015-12-10,196293.64508907526
2015-12-11,193705.32707556878
2015-12-14,193281.9596902293
2015-12-15,194085.44218292856
2015-12-16,195500.22051060008
2015-12-17,193156.66519931736
2015-12-18,192168.1745661406
2015-12-21,193028.03240749286
2015-12-22,193372.80484431764
2015-12-23,193807.56169062687
2015-12-24,194072.89665473753
2015-12-28,193549.54389463164
2015-12-29,195079.4293839574
2015-12-30,193754.71385534955
2015-12-31,192237.83964567626
2016-01-04,191381.628515745
2016-01-05,191502.54826630597
2016-01-06,191186.5991621822
2016-01-07,189516.1567628266
2016-01-08,188603.58246366485
2016-01-11,188590.63335426617
2016-01-12,189187.71838081616
2016-01-13,187892.250940944
2016-01-14,188237.52232371818
2016-01-15,187610.01785640809
2016-01-18,187606.71341409502
2016-01-19,187608.28553037503
2016-01-20,187821.0633364372
2016-01-21,187760.34841817888
2016-01-22,188464.5634754971
2016-01-25,188288.11644043127
2016-01-26,189195.81223546396
2016-01-27,188391.5255540736
2016-01-28,188475.0122493918
2016-01-29,190273.74611694805
2016-02-01,190502.6885492971
2016-02-02,190097.11154169645
2016-02-03,190259.08391798014
2016-02-04,190824.0060217105
2016-02-05,190584.63425942283
2016-02-08,190701.01080030514
2016-02-09,190704.9504199672
2016-02-10,190956.4428647812
2016-02-11,191946.7452318413
2016-02-12,192102.0405843375
2016-02-16,191660.30814000274
2016-02-17,192405.74496672023
2016-02-18,193425.0280397245
2016-02-19,193205.91758537097
2016-02-22,193199.71230964028
2016-02-23,193413.00574629588
2016-02-24,193825.40278972316
2016-02-25,194599.08974075047
2016-02-26,194087.55546759168
2016-02-29,194452.3718133961
2016-03-01,194978.11652802056
2016-03-02,195525.87332654145
2016-03-03,196444.47759740226
2016-03-04,196131.67485495322
2016-03-07,196237.58500797063
2016-03-08,195751.24110938143
2016-03-09,195406.60552807455
2016-03-10,195471.52788664587
2016-03-11,195606.80893984062
2016-03-14,194914.1262109519
2016-03-15,194628.7977131494
2016-03-16,196227.90321539735
2016-03-17,196649.13968492404
2016-03-18,196890.3972227499
2016-03-21,196480.92744623133
2016-03-22,196674.93359461252
2016-03-23,195360.0692736348
2016-03-24,195075.5628371062
2016-03-28,195288.15356858814
2016-03-29,197255.61088050966
2016-03-30,196881.6163766033
2016-03-31,196693.90190337982
2016-04-01,197426.80204147482
2016-04-04,196517.15347635216
2016-04-05,195827.57929760017
2016-04-06,197327.1376409953
2016-04-07,196106.65719013588
2016-04-08,196290.72733762406
2016-04-11,196126.417267211
2016-04-12,197308.8008829923
2016-04-13,198766.829103137
2016-04-14,198118.2646036666
2016-04-15,198325.32149550406
2016-04-18,198817.0554355197
2016-04-19,198993.2830228226
2016-04-20,198600.2365815382
2016-04-21,198077.28590727775
2016-04-22,197463.06778403328
2016-04-25,197067.61312211852
2016-04-26,197134.2471985579
2016-04-27,197200.9455248151
2016-04-28,196541.04889016267
2016-04-29,196236.4709749524
2016-05-02,197140.92715971134
2016-05-03,196064.66790837597
2016-05-04,195192.20928874175
2016-05-05,195140.196218775
2016-05-06,195798.16600916057
2016-05-09,195264.2781447987
2016-05-10,196800.33858347574
2016-05-11,196481.50750178553
2016-05-12,196089.88921313678
2016-05-13,195809.21110982663
2016-05-16,196388.3245013774
2016-05-17,195705.89991006913
2016-05-18,194959.77651840344
2016-05-19,194651.7404849978
2016-05-20,195227.6290326976
2016-05-23,195031.75583802274
2016-05-24,195526.61752978314
2016-05-25,195912.8956847046
2016-05-26,196017.24483720236
2016-05-27,196104.53382662722
2016-05-31,196055.6588888892
2016-06-01,196174.73945109345
2016-06-02,196698.26488328192
2016-06-03,196911.59921652725
2016-06-06,197401.1957162842
2016-06-07,197864.07802478835
2016-06-08,198476.53841382655
2016-06-09,198436.6509323405
2016-06-10,196751.0674451879
2016-06-13,195634.5211443075
2016-06-14,195525.11146681008
2016-06-15,195615.45751950153
2016-06-16,195860.3147270029
2016-06-17,195026.36188742836
2016-06-20,195901.8925749745
2016-06-21,195792.54084496995
2016-06-22,195618.45700983607
2016-06-23,197139.9102385319
2016-06-24,193424.08690657228
2016-06-27,190769.07187971091
2016-06-28,193038.61244729563
2016-06-29,195628.47264746547
2016-06-30,197394.35467630363
2016-07-01,198399.96169718777
2016-07-05,197855.01574024287
2016-07-06,198597.12070565502
2016-07-07,198639.74731804803
2016-07-08,201753.93404477637
2016-07-11,202354.59550533042
2016-07-12,202624.66703374527
2016-07-13,202996.83148961546
2016-07-14,203011.40431885855
2016-07-15,202463.35591355918
2016-07-18,203300.0372681032
2016-07-19,202874.27288354747
2016-07-20,203365.7441568478
2016-07-21,203073.94708625297
2016-07-22,203693.36922769516
2016-07-25,203407.20903093572
2016-07-26,204283.22775217894
2016-07-27,205627.59417689123
2016-07-28,205860.52254709342
2016-07-29,206629.63296720825
2016-08-01,206660.9597325088
2016-08-02,204812.62772776006
2016-08-03,205262.3904017501
2016-08-04,206055.36491068697
2016-08-05,207570.1906596071
2016-08-08,207385.43059874332
2016-08-09,208159.94685121728
2016-08-10,207722.12712811897
2016-08-11,208244.16829068848
2016-08-12,208355.24510006048
2016-08-15,209211.0331909147
2016-08-16,207993.8542675437
2016-08-17,208209.97483745604
2016-08-18,208728.27865498993
2016-08-19,208502.55592463567
2016-08-22,208669.7197245707
2016-08-23,209504.3439255877
2016-08-24,207857.44242826558
2016-08-25,207627.57557922238
2016-08-26,207519.90839226727
2016-08-29,208821.20265076926
2016-08-30,207890.14627589303
2016-08-31,207376.66569836307
2016-09-01,207908.52022843587
2016-09-02,208573.47115855233
2016-09-06,210105.30846437044
2016-09-07,210010.4011304526
2016-09-08,208565.57618220005
2016-09-09,202554.7636793179
2016-09-12,206362.0380901769
2016-09-13,203680.22416157354
2016-09-14,204644.78375435335
2016-09-15,208046.03681958868
2016-09-16,207856.38069104648
2016-09-19,207556.07209684298
2016-09-20,207684.57885396454
2016-09-21,210203.5298482668
2016-09-22,211974.74808105198
2016-09-23,210548.95073014384
2016-09-26,208935.8643436468
2016-09-27,210975.74644305406
2016-09-28,211573.86632408827
2016-09-29,210446.94171555014
2016-09-30,212188.1092920385
2016-10-03,211459.5183296334
2016-10-04,210140.39300319593
2016-10-05,210897.89975295775
2016-10-06,210731.3149492162
2016-10-07,210305.4631014263
2016-10-10,211348.9763218587
2016-10-11,208122.89529303237
2016-10-12,208162.66676956366
2016-10-13,206977.9090727705
2016-10-14,207161.64615649977
2016-10-17,206569.36740745208
2016-10-18,208714.66866962716
2016-10-19,208678.65743959462
2016-10-20,208498.2269975526
2016-10-21,208896.75713106696
2016-10-24,210719.9215634623
2016-10-25,210158.53263396153
2016-10-26,208853.1641743055
2016-10-27,207947.82757960446
2016-10-28,206781.3895974949
2016-10-31,206904.64240275312
2016-11-01,205029.29203646435
2016-11-02,203294.7601779538
2016-11-03,201537.49931590672
2016-11-04,201015.99958273093
2016-11-07,204959.83321885963
2016-11-08,205359.47793221573
2016-11-09,205226.22512151758
2016-11-10,203578.75750462545
2016-11-11,203853.27476565388
2016-11-14,203049.03221562118
2016-11-15,205338.17074247907
2016-11-16,205624.9997476838
2016-11-17,206248.891308314
2016-11-18,205935.01694445772
2016-11-21,207141.79944176407
2016-11-22,208033.354452395
2016-11-23,207604.0810642267
2016-11-25,208223.51861970947
2016-11-28,207948.29554616113
2016-11-29,208017.7001904936
2016-11-30,206800.06329343322
2016-12-01,203448.25746862034
2016-12-02,204163.27021333782
2016-12-05,205577.9959418476
2016-12-06,206335.52506374128
2016-12-07,209070.59311570897
2016-12-08,209443.34865324767
2016-12-09,209841.5952364574
2016-12-12,209345.1840294832
2016-12-13,210972.3592497464
2016-12-14,209604.5538563881
2016-12-15,210455.6114390869
2016-12-16,209771.2846308126
2016-12-19,210747.7664914827
2016-12-20,211272.31314723578
2016-12-21,211108.3948492824
2016-12-22,210884.9372905838
2016-12-23,211229.2486735499
2016-12-27,211965.31149256846
2016-12-28,210727.85248993564
2016-12-29,210614.23613539664
2016-12-30,209061.3082377785
2017-01-03,210469.93761794062
2017-01-04,211390.007916346
2017-01-05,211719.7152920501
2017-01-06,212245.1170090117
2017-01-09,212488.61258223146
2017-01-10,212781.09468237186
2017-01-11,213557.07721130963
2017-01-12,212829.18001554828
2017-01-13,213626.5962517975
2017-01-17,212966.12934304218
2017-01-18,213359.65098205121
2017-01-19,212703.73937854156
2017-01-20,213422.25844752454
2017-01-23,213447.4854998429
2017-01-24,214902.13213789748
2017-01-25,216534.87209952335
2017-01-26,216243.2462604631
2017-01-27,216647.06934210256
2017-01-30,215025.66309094985
2017-01-31,214893.8854389223
2017-02-01,215818.28060737147
2017-02-02,215838.64155586553
2017-02-03,216909.46578077183
2017-02-06,217098.5295530194
2017-02-07,217666.53817247914
2017-02-08,218353.50023844634
2017-02-09,218814.1451463463
2017-02-10,219675.49339559855
2017-02-13,220776.25331356772
2017-02-14,221320.52020805934
2017-02-15,222551.75176944173
2017-02-16,222688.31933440798
2017-02-17,223426.45665699456
2017-02-21,224729.36035949923
2017-02-22,224702.61030928904
2017-02-23,224232.59846941207
2017-02-24,224806.8993813536
2017-02-27,225022.98195834362
2017-02-28,224231.62105688197
2017-03-01,227013.24538379873
2017-03-02,225180.93568860632
2017-03-03,225495.70912678927
2017-03-06,224815.00370871497
2017-03-07,224178.62329194997
2017-03-08,223965.91934426423
2017-03-09,223824.90447024084
2017-03-10,224810.00944681943
2017-03-13,225108.13000340256
2017-03-14,224384.46695122102
2017-03-15,226575.50591528247
2017-03-16,226447.25665510708
2017-03-17,226541.5945531221
2017-03-20,226811.85100573694
2017-03-21,223916.84802129265
2017-03-22,225392.22218123713
2017-03-23,224884.42577527274
2017-03-24,225346.41225140655
2017-03-27,225741.4064654532
2017-03-28,227191.98178888232
2017-03-29,227891.19935146515
2017-03-30,228103.2020036981
2017-03-31,227927.4411216473
2017-04-03,227735.84051408985
2017-04-04,227725.10994007165
2017-04-05,226848.1254044574
2017-04-06,227048.91537406546
2017-04-07,226988.53236347876
2017-04-10,226917.36118900194
2017-04-11,226430.90575587147
2017-04-12,225176.5906148351
2017-04-13,224116.64217591245
2017-04-17,226165.84099276422
2017-04-18,225948.5131105138
2017-04-19,225888.8830161019
2017-04-20,227956.30861439664
2017-04-21,226180.6779058786
2017-04-24,230236.50982643495
2017-04-25,231366.64184245683
2017-04-26,231268.32760793128
2017-04-27,232348.06803575507
2017-04-28,231904.4044159424
2017-05-01,233068.52432576247
2017-05-02,233416.594734435
2017-05-03,232770.32034144647
2017-05-04,232798.71304283472
2017-05-05,233685.74269735103
2017-05-08,233713.13470057718
2017-05-09,234150.8206679556
2017-05-10,234543.54739444656
2017-05-11,234257.25683711725
2017-05-12,234789.22017809865
2017-05-15,235776.45681939396
2017-05-16,236628.61108873266
2017-05-17,231263.70851776123
2017-05-18,233253.73925149688
2017-05-19,234683.2488183476
2017-05-22,236325.42790269552
2017-05-23,236412.11864232598
2017-05-24,237404.87215726395
2017-05-25,239032.2124323223
2017-05-26,239362.81237773466
2017-05-30,239608.2934092443
2017-05-31,239602.3328607298
2017-06-01,240965.11231669225
2017-06-02,243445.41220958892
2017-06-05,243187.20707941186
2017-06-06,242782.28340767507
2017-06-07,243318.0725837378
2017-06-08,243978.40677537562
2017-06-09,239219.40746264663
2017-06-12,237943.08526486342
2017-06-13,239390.99733803363
2017-06-14,238333.62497624414
2017-06-15,236996.4138060135
2017-06-16,236746.72238871205
2017-06-19,239437.06424565084
2017-06-20,238093.48858344645
2017-06-21,239034.41138372832
2017-06-22,238972.4146188572
2017-06-23,239736.1927162089
2017-06-26,239122.12452267908
2017-06-27,235075.55515772043
2017-06-28,237543.03143117236
2017-06-29,234580.51748867892
2017-06-30,234165.34935840341
2017-07-03,232899.40628197914
2017-07-05,234258.60239422563
2017-07-06,232518.3818182927
2017-07-07,234072.83188702865
2017-07-10,234796.51953861438
2017-07-11,235135.81917961896
2017-07-12,237101.93987575892
2017-07-13,237243.0202339727
2017-07-14,238554.97273780504
2017-07-17,238589.63469722486
2017-07-18,239774.11250896874
2017-07-19,241232.36411628354
2017-07-20,241650.26391053968
2017-07-21,241487.22038876108
2017-07-24,241897.5025475779
2017-07-25,241570.85520470326
2017-07-26,242360.6099678852
2017-07-27,241091.92672333663
2017-07-28,241058.44910684734
2017-07-31,240419.13321400736
2017-08-01,241275.63849477802
2017-08-02,241568.96508496357
2017-08-03,240933.7556370395
2017-08-04,241092.62547512606
2017-08-07,242474.8755440319
2017-08-08,241933.63830592504
2017-08-09,241767.94107711036
2017-08-10,237245.37609980066
2017-08-11,238260.94775729714
2017-08-14,241684.4956432057
2017-08-15,241560.34264384818
2017-08-16,242399.45631848855
2017-08-17,237998.22611483693
2017-08-18,237970.5559229008
2017-08-21,237885.67483996367
2017-08-22,241428.4415949064
2017-08-23,241005.31494616135
2017-08-24,240224.1058649123
2017-08-25,240281.03263607493
2017-08-28,240917.50776758537
2017-08-29,241610.4450928664
2017-08-30,243733.60752619494
2017-08-31,246109.2505194327
2017-09-01,246167.99201906408
2017-09-05,244772.3577527401
2017-09-06,245286.52976208087
2017-09-07,246476.36086087092
2017-09-08,244980.63887875472
2017-09-11,247436.09192718705
2017-09-12,247974.17364576305
2017-09-13,247691.17342879574
2017-09-14,247223.63510170172
2017-09-15,247706.1964186492
2017-09-18,247519.3647444726
2017-09-19,247850.65992247866
2017-09-20,247268.19481714763
2017-09-21,246132.8373428271
2017-09-22,246375.55830244
2017-09-25,245039.97577119866
2017-09-26,245066.08426622662
2017-09-27,246073.70979473882
2017-09-28,246325.68907391364
2017-09-29,247089.4434061731
2017-10-02,247422.69106065994
2017-10-03,247916.28595403137
2017-10-04,248036.3218918116
2017-10-05,248876.8543981433
2017-10-06,248947.07743805443
2017-10-09,249311.56853520742
2017-10-10,250014.48470676094
2017-10-11,250670.41463643755
2017-10-12,250423.36164377624
2017-10-13,251352.54473507105
2017-10-16,251839.9112305846
2017-10-17,251706.03549428895
2017-10-18,251746.36420173623
2017-10-19,251357.42053054887
2017-10-20,251795.51815885352
2017-10-23,251239.27409784845
2017-10-24,251653.1312436791
2017-10-25,250279.53688965703
2017-10-26,250296.17081424518
2017-10-27,254877.17570685083
2017-10-30,255125.7881690771
2017-10-31,256280.8245047752
2017-11-01,256562.34383850463
2017-11-02,256564.20722263254
2017-11-03,258523.09343449117
2017-11-06,259827.52002188994
2017-11-07,259637.13370675108
2017-11-08,260440.82830171936
2017-11-09,258527.04616464657
2017-11-10,258169.10207738832
2017-11-13,258458.43987923797
2017-11-14,257863.67570087512
2017-11-15,256331.17687427058
2017-11-16,259990.77954657684
2017-11-17,259141.75417553398
2017-11-20,259589.77563409804
2017-11-21,262220.6839650471
2017-11-22,262209.2569145285
2017-11-24,263224.4068122696
2017-11-27,262547.8946492652
2017-11-28,263819.6264066341
2017-11-29,259467.43509676296
2017-11-30,260970.19100962096
2017-12-01,260654.96686643927
2017-12-04,258861.54646261162
2017-12-05,258434.51875214942
2017-12-06,258684.19100032919
2017-12-07,259242.22808973488
2017-12-08,260176.40421414236
2017-12-11,260947.16203109804
2017-12-12,260896.91238309344
2017-12-13,261228.7185661858
2017-12-14,260735.35778620333
2017-12-15,262747.49790048046
2017-12-18,264842.55752853135
2017-12-19,263278.808333307
2017-12-20,262917.61499769334
2017-12-21,263255.55660092883
2017-12-22,263232.72726142866
2017-12-26,262886.6846621629
2017-12-27,263307.2893704279
2017-12-28,263753.7861287175
2017-12-29,262653.65600629436
2018-01-02,265569.6425055847
2018-01-03,267161.40965069993
2018-01-04,268319.357183274
2018-01-05,269646.67789442773
2018-01-08,270456.84129020304
2018-01-09,270030.8830925754
2018-01-10,269201.5328980731
2018-01-11,270768.83481330326
2018-01-12,272634.43494765845
2018-01-16,271947.722926671
2018-01-17,274985.57325336634
2018-01-18,274760.38796403643
2018-01-19,275876.3615009014
2018-01-22,278529.5865765302
2018-01-23,280171.20263504836
2018-01-24,279043.8803705586
2018-01-25,278507.4442435769
2018-01-26,282405.5595185054
2018-01-29,280308.6589904545
2018-01-30,277220.0077279355
2018-01-31,278362.5085989774
2018-02-01,276963.89746716426
2018-02-02,270315.56044702185
2018-02-05,257622.40002096817
2018-02-06,264658.31189358345
2018-02-07,260666.25023210124
2018-02-08,248766.88238350206
2018-02-09,253142.62894464022
2018-02-12,258245.99212132106
2018-02-13,259180.37294574454
2018-02-14,263980.89299669163
2018-02-15,268052.05867866357
2018-02-16,267520.12305535213
2018-02-20,267049.55434619304
2018-02-21,265615.5782816977
2018-02-22,265893.2405192729
2018-02-23,270744.00628128677
2018-02-26,274224.21340515575
2018-02-27,270771.836110062
2018-02-28,268602.5571797863
2018-03-01,264605.2940916067
2018-03-02,266684.5379191382
2018-03-05,269858.88677088654
2018-03-06,271532.08127741236
2018-03-07,271793.61049235176
2018-03-08,272912.70342472754
2018-03-09,277643.8789968527
2018-03-12,278634.6416826752
2018-03-13,275951.7982918606
2018-03-14,275580.02710482065
2018-03-15,275201.2043557833
2018-03-16,274975.5300521302
2018-03-19,269255.54070877435
2018-03-20,270000.5101551081
2018-03-21,269614.96167949936
2018-03-22,261970.57172532563
2018-03-23,254888.3132380323
2018-03-26,264843.12349711644
2018-03-27,257924.5642085858
2018-03-28,255062.20525338704
2018-03-29,258767.97788625397
2018-04-02,254444.93576932573
2018-04-03,256097.947916716
2018-04-04,258805.39171240223
2018-04-05,259323.37364511093
2018-04-06,255963.14293689773
2018-04-09,257059.67137920676
2018-04-10,260201.35694157702
2018-04-11,259855.04727413176
2018-04-12,260961.13317714442
2018-04-13,260483.74958966326
2018-04-16,261765.1278692344
2018-04-17,264205.7866403641
2018-04-18,264341.9742870798
2018-04-19,261748.6920424763
2018-04-20,258481.5078863254
2018-04-23,257879.56714823874
2018-04-24,255686.92756230646
2018-04-25,255605.674470759
2018-04-26,258783.58766768064
2018-04-27,259019.50855636713
2018-04-30,257716.55189229563
2018-05-01,258196.3852264946
2018-05-02,256790.27247376245
2018-05-03,256610.59956512917
2018-05-04,260350.77216984887
2018-05-07,261673.29550626938
2018-05-08,261555.54712919064
2018-05-09,263762.724768118
2018-05-10,266074.5406989835
2018-05-11,266257.6098838102
2018-05-14,266484.82130234793
2018-05-15,264065.7835914057
2018-05-16,265546.0666728496
2018-05-17,264816.58841845754
2018-05-18,263682.7447026579
2018-05-21,265417.11159657605
2018-05-22,264698.8127967057
2018-05-23,265953.246978128
2018-05-24,265961.8016318863
2018-05-25,265742.86533261166
2018-05-29,264176.09628911084
2018-05-30,266364.37843583076
2018-05-31,265544.1218680243
2018-06-01,268777.1957569181
2018-06-04,270516.9611314705
2018-06-05,271376.9326786229
2018-06-06,273011.2959768052
2018-06-07,272086.2145968922
2018-06-08,272104.7856845698
2018-06-11,272644.37927651685
2018-06-12,273535.71992934274
2018-06-13,273264.0685708116
2018-06-14,275510.41914386116
2018-06-15,274472.59271588933
2018-06-18,273965.3667934041
2018-06-19,273047.4520370565
2018-06-20,274287.77636399755
2018-06-21,272173.6792894935
2018-06-22,271898.3088380352
2018-06-25,265577.7444276001
2018-06-26,266686.09266745276
2018-06-27,263101.9855871352
2018-06-28,265361.8740697764
2018-06-29,265766.39082309895
2018-07-02,267290.9559253605
2018-07-03,266003.45341742213
2018-07-05,268398.2591645622
2018-07-06,270818.18185017374
2018-07-09,272770.65495993797
2018-07-10,273014.510752263
2018-07-11,271316.642818316
2018-07-12,274271.9034526539
2018-07-13,274364.6470317347
2018-07-16,273689.3009423343
2018-07-17,274310.4177568994
2018-07-18,274163.43256499217
2018-07-19,273379.6158921444
2018-07-20,272909.7058597206
2018-07-23,273022.85593675496
2018-07-24,273904.75255575497
2018-07-25,276393.9440461675
2018-07-26,274249.9909638388
2018-07-27,271955.392783466
2018-07-30,270596.6383007458
2018-07-31,271788.14840528124
2018-08-01,271634.05148594547
2018-08-02,273856.2372730825
2018-08-03,274755.04025930364
2018-08-06,276093.5260373359
2018-08-07,276919.5495722957
2018-08-08,277098.7945723105
2018-08-09,277206.5151398685
2018-08-10,275456.5586452546
2018-08-13,274454.99358293373
2018-08-14,276501.3586950787
2018-08-15,273527.8739326106
2018-08-16,274756.32089499
2018-08-17,275307.12517900125
2018-08-20,275845.1873525564
2018-08-21,276354.07375825057
2018-08-22,276986.1400851755
2018-08-23,276796.7551070471
2018-08-24,278329.76175607037
2018-08-27,279743.27609240817
2018-08-28,279791.4543754548
2018-08-29,282391.82026946114
2018-08-30,281545.0960205312
2018-08-31,281711.50803613686
2018-09-04,280624.5541285767
2018-09-05,277844.04771991866
2018-09-06,276643.1658580214
2018-09-07,275752.41892947425
2018-09-10,276479.1385969636
2018-09-11,277925.13047417207
2018-09-12,277598.04361343535
2018-09-13,278826.9748861956
2018-09-14,278519.2539162002
2018-09-17,276566.7617074188
2018-09-18,277695.0790377366
2018-09-19,277503.77265862544
2018-09-20,279344.76903461333
2018-09-21,278564.31730134715
2018-09-24,278401.2660721461
2018-09-25,278504.9468423332
2018-09-26,278300.7974335198
2018-09-27,279327.1848067641
2018-09-28,279330.29405339557
2018-10-01,279724.94132009096
2018-10-02,279175.4886322208
2018-10-03,279308.64291805966
2018-10-04,275048.2915123365
2018-10-05,272537.80037392804
2018-10-08,271466.54110039456
2018-10-09,271798.9005620366
2018-10-10,262768.39056158875
2018-10-11,259248.76055329226
2018-10-12,262242.5948173052
2018-10-15,260270.90848320597
2018-10-16,265830.1547333058
2018-10-17,265512.4345241879
2018-10-18,262472.52653174964
2018-10-19,262108.14893555336
2018-10-22,262124.28078046592
2018-10-23,261323.38181446632
2018-10-24,255438.39091809373
2018-10-25,259571.7068840903
2018-10-26,256174.21864163718
2018-10-29,254688.19734131667
2018-10-30,256615.70836904473
2018-10-31,258491.62213531486
2018-11-01,259154.9656302473
2018-11-02,258411.30218417547
2018-11-05,258829.104162675
2018-11-06,259099.92157796465
2018-11-07,260704.31892259745
2018-11-08,260444.2430950433
2018-11-09,259226.70073091344
2018-11-12,257084.83485813942
2018-11-13,256729.62956573174
2018-11-14,256539.3709045306
2018-11-15,257293.26097433298
2018-11-16,257686.7103098109
2018-11-19,256585.14748355222
2018-11-20,255458.74705018805
2018-11-21,255770.88499911287
2018-11-23,255493.03521713713
2018-11-26,256461.92289691768
2018-11-27,256418.50436768605
2018-11-28,257771.78682249042
2018-11-29,257793.82982571167
2018-11-30,258197.0822120877
2018-12-03,259721.02046931913
2018-12-04,257347.97743137294
2018-12-06,257284.63918218992
2018-12-07,255739.0110658311
2018-12-10,255687.73875243618
2018-12-11,255657.6229908558
2018-12-12,255831.7645102734
2018-12-13,255569.04221684666
2018-12-14,254511.21803175425
2018-12-17,253588.80086509854
2018-12-18,253912.98898215464
2018-12-19,253078.36577221827
2018-12-20,252825.1292022932
2018-12-21,251708.4518845798
2018-12-24,251050.57132393675
2018-12-26,253046.0311996736
2018-12-27,253876.65744268673
2018-12-28,254190.7339504423
2018-12-31,254753.6881616008
2019-01-02,255358.40188891173
2019-01-03,254621.20869347718
2019-01-04,255522.48955722136
2019-01-07,255904.0589604511
2019-01-08,256259.94282253302
2019-01-09,256740.69898524837
2019-01-10,256814.68485299085
2019-01-11,257057.406856007
2019-01-14,256832.44385716761
2019-01-15,257384.56999591162
2019-01-16,257745.06624999258
2019-01-17,258015.04974658866
2019-01-18,258157.68772599412
2019-01-22,257801.2311206669
2019-01-23,257737.63761655992
2019-01-24,258163.35966593394
2019-01-25,259105.63093242008
2019-01-28,258884.97267348677
2019-01-29,259325.8122249866
2019-01-30,260465.06497198797
2019-01-31,261229.979884578
2019-02-01,261152.62147539726
2019-02-04,261362.26364267588
2019-02-05,262596.90709466685
2019-02-06,262497.59735266573
2019-02-07,261070.08676545278
2019-02-08,261334.81320846197
2019-02-11,261233.50683327162
2019-02-12,262278.1963855573
2019-02-13,262220.92434089363
2019-02-14,262928.76728412125
2019-02-15,264344.3532472092
2019-02-19,265198.12650219817
2019-02-20,265253.514048912
2019-02-21,263913.7433940117
2019-02-22,265024.5479845201
2019-02-25,265070.1099739953
2019-02-26,265198.2335109534
2019-02-27,264126.7045282557
2019-02-28,263348.9880146669
2019-03-01,263749.1553344566
2019-03-04,263772.13057877345
2019-03-05,263741.9429017009
2019-03-06,262771.45436230756
2019-03-07,261212.33896655153
2019-03-08,261058.92193072228
2019-03-11,264842.24187135603
2019-03-12,265677.978509382
2019-03-13,267009.55502594286
2019-03-14,266344.15894506325
2019-03-15,268260.10324654623
2019-03-18,268738.6913299767
2019-03-19,269222.7252800886
2019-03-20,269710.1685726249
2019-03-21,272402.57031308487
2019-03-22,268915.3341935975
2019-03-25,268641.7150856911
2019-03-26,269732.55475831585
2019-03-27,268865.8958494329
2019-03-28,269252.4089217565
2019-03-29,270935.1587748377
2019-04-01,272820.19883647
2019-04-02,273524.8120443726
2019-04-03,274031.0363954811
2019-04-04,274487.8903019789
2019-04-05,275504.5846927911
2019-04-08,275894.3047390662
2019-04-09,275238.8996651997
2019-04-10,276644.9945881817
2019-04-11,275612.44327803305
2019-04-12,276457.5053747064
2019-04-15,276149.1984575363
2019-04-16,276596.19227752445
2019-04-17,277110.0679354408
2019-04-18,277631.7203322299
2019-04-22,277823.97845610767
2019-04-23,280157.6726887446
2019-04-24,280406.68251635454
2019-04-25,280215.97795943246
2019-04-26,280797.4039705293
2019-04-29,280605.82412533095
2019-04-30,280228.3420144395
2019-05-01,278300.68589936616
2019-05-02,277424.06100134604
2019-05-03,281758.6480862473
2019-05-06,280054.6540367381
2019-05-07,275121.4838676768
2019-05-08,274069.38851267425
2019-05-09,272450.1396216338
2019-05-10,273027.2147188464
2019-05-13,263297.71643397404
2019-05-14,265766.8234159413
2019-05-15,267992.5469489424
2019-05-16,269692.501491645
2019-05-17,267100.1375899711
2019-05-20,263962.0955376124
2019-05-21,266134.305223034
2019-05-22,264911.2344004658
2019-05-23,261950.73859129573
2019-05-24,262048.64734556715
2019-05-28,260603.46444837216
2019-05-29,259362.04087443225
2019-05-30,260573.38365798315
2019-05-31,257868.96119130924
2019-06-03,258218.617385811
2019-06-04,259573.99524858
2019-06-05,260289.73985535893
2019-06-06,260994.5339485183
2019-06-07,262852.62415935105
2019-06-10,262650.54149113566
2019-06-11,262687.546828102
2019-06-12,262666.99694871483
2019-06-13,263727.4986933013
2019-06-14,263571.11241577717
2019-06-17,263740.98525436583
2019-06-18,265595.67198307894
2019-06-19,266314.6267528707
2019-06-20,268638.34074421413
2019-06-21,268341.57871654443
2019-06-24,269139.9805554605
2019-06-25,266804.7737491562
2019-06-26,266030.63668858435
2019-06-27,266719.46983470523
2019-06-28,267292.8818172129
2019-07-01,268112.5723181995
2019-07-02,270031.2494684205
2019-07-03,271750.1592808709
2019-07-05,270429.3616971737
2019-07-08,268887.75532022805
2019-07-09,269568.4110181668
2019-07-10,271540.2280701713
2019-07-11,270635.5078696578
2019-07-12,271916.4094057052
2019-07-15,272397.2610093978
2019-07-16,271138.7918927178
2019-07-17,271371.090598109
2019-07-18,272540.7065224614
2019-07-19,270360.09963432455
2019-07-22,271849.56378385203
2019-07-23,273011.1291918188
2019-07-24,274619.60491793486
2019-07-25,272569.7476115898
2019-07-26,274409.32328840566
2019-07-29,274298.2641680363
2019-07-30,273986.2638801201
2019-07-31,271438.8881023804
2019-08-01,271959.4278100702
2019-08-02,269140.297552945
2019-08-05,262748.9310299555
2019-08-06,265343.8646239125
2019-08-07,266647.15283034736
2019-08-08,271653.49550643825
2019-08-09,269791.86718976643
2019-08-12,269003.8733494098
2019-08-13,271904.2918047917
2019-08-14,267636.77959007927
2019-08-15,268466.5488865545
2019-08-16,271275.93198063486
2019-08-19,272633.15944762254
2019-08-20,272146.0052820432
2019-08-21,273308.23506039433
2019-08-22,272540.76004417735
2019-08-23,268992.86794154876
2019-08-26,270633.6432675518
2019-08-27,271195.8157388885
2019-08-28,272082.56555431586
2019-08-29,273751.5340275983
2019-08-30,273404.0167869603
2019-09-03,273405.46023333754
2019-09-04,274944.8457929814
2019-09-05,274338.10692139645
2019-09-06,273985.71937154594
2019-09-09,273163.8652510365
2019-09-10,271967.5044713354
2019-09-11,273230.43830968847
2019-09-12,273318.22020156984
2019-09-13,271937.4736586646
2019-09-16,272632.33962813014
2019-09-17,273169.27908072376
2019-09-18,272991.8729775866
2019-09-19,273347.7376412545
2019-09-20,273851.67817041517
2019-09-23,274144.73024083965
2019-09-24,273250.3064736833
2019-09-25,272945.14694744104
2019-09-26,272839.1135830842
2019-09-27,271337.25996780064
2019-09-30,271422.82326862466
2019-10-01,270414.9932759023
2019-10-02,269080.2343907262
2019-10-03,271198.36386057606
2019-10-04,273624.48821786535
2019-10-07,272497.90439423465
2019-10-08,269856.26660905307
2019-10-09,271592.5419172763
2019-10-10,271940.2967760769
2019-10-11,273611.8175353906
2019-10-14,273880.02044661547
2019-10-15,275629.45665908913
2019-10-16,275422.2275122022
2019-10-17,275827.9674769543
2019-10-18,274108.55661099113
2019-10-21,275352.06338761386
2019-10-22,274724.635131453
2019-10-23,274938.2419361609
2019-10-24,276069.1600508451
2019-10-25,277561.4642542453
2019-10-28,278322.38612283015
2019-10-29,277204.5028686544
2019-10-30,278424.9139771728
2019-10-31,279028.05106808816
2019-11-01,280793.95296921954
2019-11-04,281892.94997232885
2019-11-05,280679.96014511905
2019-11-06,280858.46905018535
2019-11-07,280169.0780760281
2019-11-08,280386.80107339856
2019-11-11,279812.6381290788
2019-11-12,280543.3946669638
2019-11-13,280724.17024309747
2019-11-14,281399.2855899546
2019-11-15,282678.74327574
2019-11-18,283141.0858527657
2019-11-19,283373.21494267124
2019-11-20,282446.00669536414
2019-11-21,281488.2028483179
2019-11-22,281671.5922671134
2019-11-25,284567.4102804589
2019-11-26,285281.0333979657
2019-11-27,286257.96465762664
2019-11-29,285277.8120382725
2019-12-02,282210.56370608864
2019-12-03,280609.6165346367
2019-12-04,282429.67463502544
2019-12-05,282999.57314469194
2019-12-06,286190.1556363591
2019-12-09,285057.69643718994
2019-12-10,284994.8264183193
2019-12-11,287264.53277977864
2019-12-12,289674.81875618425
2019-12-13,290665.66790101596
2019-12-16,292806.4939435995
2019-12-17,292944.79762349126
2019-12-18,292690.25584531063
2019-12-19,294300.28599709907
2019-12-20,295802.3222078398
2019-12-23,296418.1934383275
2019-12-24,296863.6088990572
2019-12-26,299022.82903263153
2019-12-27,298666.7416585478
2019-12-30,296620.5081777465
2019-12-31,297041.04337004654
2020-01-02,301964.53818900354
2020-01-03,299938.79015358485
2020-01-06,300737.8728200275
2020-01-07,300947.2110273042
2020-01-08,302287.01556335983
2020-01-09,304428.2328631137
2020-01-10,303781.8487363415
2020-01-13,306500.3578472363
2020-01-14,305955.5794012075
2020-01-15,305943.1984382919
2020-01-16,308957.68047205795
2020-01-17,310135.62898758834
2020-01-21,310057.7133303389
2020-01-22,310989.2621616561
2020-01-23,312129.3082399321
2020-01-24,310285.89413116133
2020-01-27,304206.3909882821
2020-01-28,309042.63894841186
2020-01-29,308996.4054194919
2020-01-30,309903.52915587305
2020-01-31,304134.09634868975
2020-02-03,307174.173780347
2020-02-04,310783.2287575363
2020-02-05,312305.25860913185
2020-02-06,314112.51310970273
2020-02-07,313439.7874662454
2020-02-10,316095.98764399515
2020-02-11,316049.0415321378
2020-02-12,317896.1904222744
2020-02-13,317997.87827992754
2020-02-14,318855.4732948992
2020-02-18,319580.8382677827
2020-02-19,321835.6784883453
2020-02-20,320655.67208920425
2020-02-21,317987.87065263424
2020-02-24,307780.4654173158
2020-02-25,298863.9699811257
2020-02-26,299282.7024838855
2020-02-27,286312.5892421614
2020-02-28,285041.8240762355
2020-03-02,289622.02755550627
2020-03-03,286505.3433735903
2020-03-04,290137.9443837799
2020-03-05,285986.14355584723
2020-03-06,285748.9753178458
2020-03-09,279327.9390080414
2020-03-10,280595.6264474794
2020-03-11,275244.66861541
2020-03-12,266189.10440153984
2020-03-13,269376.4419060548
2020-03-16,263071.86203628517
2020-03-17,265589.7032412655
2020-03-18,259847.38995280775
2020-03-19,260097.18518043827
2020-03-20,260041.28615247
2020-03-23,261754.7472443467
2020-03-24,268787.53057262365
2020-03-25,268979.8183138539
2020-03-26,273262.5602116377
2020-03-27,271842.08067555516
2020-03-30,274063.7121931985
2020-03-31,271547.7282231168
2020-04-01,269328.4860767624
2020-04-02,271666.48820615193
2020-04-03,270699.16908537445
2020-04-06,276655.7178851318
2020-04-07,276317.9970616007
2020-04-08,277721.4956948247
2020-04-09,280501.39520579524
2020-04-13,280337.1031179956
2020-04-14,283262.2794011127
2020-04-15,281693.5127112104
2020-04-16,282277.73894650454
2020-04-17,283101.2986286499
2020-04-20,282261.79672135663
2020-04-21,279897.7869797882
2020-04-22,282432.1998519122
2020-04-23,283037.5949044889
2020-04-24,284095.61677721323
2020-04-27,284776.92338761303
2020-04-28,284711.0885640299
2020-04-29,287370.1672594343
2020-04-30,284793.6586437249
2020-05-01,282379.799443836
2020-05-04,282918.8240232982
2020-05-05,283671.2467759978
2020-05-06,282190.0264585422
2020-05-07,284720.755454109
2020-05-08,285892.6677866053
2020-05-11,285376.4983427113
2020-05-12,283568.56868519506
2020-05-13,282429.07739577943
2020-05-14,284114.8899118457
2020-05-15,284831.8758893934
2020-05-18,286984.00374530867
2020-05-19,286521.11841159995
2020-05-20,288706.491250844
2020-05-21,287392.1439541456
2020-05-22,288191.9445682072
2020-05-26,288315.60883867677
2020-05-27,290383.102679798
2020-05-28,289858.1183476236
2020-05-29,292767.7236008069
2020-06-01,293540.9816723886
2020-06-02,294222.5057536812
2020-06-03,294247.8606096823
2020-06-04,293478.89242286456
2020-06-05,294208.1496069636
2020-06-08,295793.9217777669
2020-06-09,296316.97823966324
2020-06-10,298163.93203709426
2020-06-11,289538.76755349064
2020-06-12,290909.5112669771
2020-06-15,292746.9189804714
2020-06-16,295378.9022607386
2020-06-17,295463.41439297464
2020-06-18,296039.6695133887
2020-06-19,296169.1557185189
2020-06-22,298213.940818549
2020-06-23,299643.6920629521
2020-06-24,296098.4749136709
2020-06-25,297837.5891576283
2020-06-26,294427.56718337035
2020-06-29,296406.1704412895
2020-06-30,300078.94696309627
2020-07-01,300697.4658284724
2020-07-02,302008.96977875923
2020-07-06,305664.54746612854
2020-07-07,304884.8175127969
2020-07-08,306969.1079845988
2020-07-09,307914.37012972956
2020-07-10,309094.1467197127
2020-07-13,306360.3015288321
2020-07-14,308374.4036509273
2020-07-15,309132.01265752525
2020-07-16,307826.37387162814
2020-07-17,308554.0246782221
2020-07-20,314001.42424323957
2020-07-21,313719.76481173397
2020-07-22,315326.04164877866
2020-07-23,312568.5927197145
2020-07-24,311056.58694399835
2020-07-27,314574.11583162466
2020-07-28,312549.0009085834
2020-07-29,315880.1774894447
2020-07-30,316737.9431076733
2020-07-31,319192.18422350136
2020-08-03,321312.9933995382
2020-08-04,323917.51356819435
2020-08-05,324731.7675709752
2020-08-06,327361.5693016384
2020-08-07,324978.33654602827
2020-08-10,324511.33689153806
2020-08-11,318464.75174399663
2020-08-12,320903.33592208766
2020-08-13,321436.68457241997
2020-08-14,321159.8677033825
2020-08-17,323990.4971351199
2020-08-18,325685.80106461345
2020-08-19,322709.66221599904
2020-08-20,324826.3187144777
2020-08-21,325662.8946474474
2020-08-24,326790.19996693556
2020-08-25,327679.8976372425
2020-08-26,330925.13619032723
2020-08-27,329211.78048851737
2020-08-28,331649.15896104946
2020-08-31,332673.7376094937
2020-09-01,336944.6231964253
2020-09-02,340020.5687746571
2020-09-03,327432.93861989025
2020-09-04,323955.80541895254
2020-09-08,311060.0136223234
2020-09-09,316324.80787465314
2020-09-10,310772.47998559766
2020-09-11,309883.52799988684
2020-09-14,313547.80251690885
2020-09-15,315739.18566092424
2020-09-16,312717.4797678125
2020-09-17,311150.2122449101
2020-09-18,309048.06455937383
2020-09-21,308315.063598597
2020-09-22,311049.063456638
2020-09-23,302337.88439880183
2020-09-24,303363.21370000864
2020-09-25,308973.23254666926
2020-09-28,313635.23764258117
2020-09-29,313039.7440144358
2020-09-30,314122.9386981835
2020-10-01,317716.5767364491
2020-10-02,312558.0617761671
2020-10-05,315245.46269370255
2020-10-06,311573.73646262806
2020-10-07,314171.5167685647
2020-10-08,315731.9476063642
2020-10-09,317935.59038156964
2020-10-12,320947.14636406396
2020-10-13,320081.51368715963
2020-10-14,318426.26922306954
2020-10-15,317668.37423088326
2020-10-16,316382.7496705953
2020-10-19,312843.8830907211
2020-10-20,313528.52876652137
2020-10-21,312841.6108486316
2020-10-22,312638.32571588526
2020-10-23,313077.2872110176
2020-10-26,309422.93383972376
2020-10-27,309770.2292011564
2020-10-28,298703.58369975607
2020-10-29,302513.85952139547
2020-10-30,296730.3165236194
2020-11-02,298198.780661922
2020-11-03,301492.649815154
2020-11-04,308143.8521377518
2020-11-05,314365.66590657376
2020-11-06,314284.4408046882
2020-11-09,310768.61934908165
2020-11-10,309308.68812127295
2020-11-11,311344.7866298976
2020-11-12,310586.6639858153
2020-11-13,313053.56732979784
2020-11-16,315152.7479233466
2020-11-17,314612.785836781
2020-11-18,313436.11352123093
2020-11-19,314509.71528004436
2020-11-20,314023.1467005685
2020-11-23,314601.4672654409
2020-11-24,316737.9936911502
2020-11-25,316605.4112629745
2020-11-27,317600.61874121963
2020-11-30,316963.6709965693
2020-12-01,320091.08267621463
2020-12-02,320274.5366688103
2020-12-03,321179.7374924129
2020-12-04,323151.61123300495
2020-12-07,324596.69941786776
2020-12-08,325353.0149868895
2020-12-09,320214.02318991156
2020-12-10,320680.36072275497
2020-12-11,319999.63773186924
2020-12-14,320749.0410804593
2020-12-15,324751.0405346004
2020-12-16,325544.0070168362
2020-12-17,327299.526175661
2020-12-18,326014.25494131754
2020-12-21,325537.845793715
2020-12-22,325605.6203664209
2020-12-23,325084.61422407365
2020-12-24,326370.102858382
2020-12-28,327993.81735486403
2020-12-29,328380.16901793226
2020-12-30,329791.13815914304
2020-12-31,330604.5528254041
2021-01-04,328042.85534483584
2021-01-05,330970.0213554916
2021-01-06,329104.72594352486
2021-01-07,333657.8179261479
2021-01-08,334905.1636388996
2021-01-11,332300.08609493915
2021-01-12,333724.48494604963
2021-01-13,334621.2632776456
2021-01-14,334897.6647976226
2021-01-15,331597.4186820765
2021-01-19,336753.56994175987
2021-01-20,341195.32408912596
2021-01-21,343041.20616196323
2021-01-22,341148.0818625933
2021-01-25,343065.65102482215
2021-01-26,342584.5299463476
2021-01-27,334382.80440917716
2021-01-28,336385.98475277564
2021-01-29,330003.8698474943
2021-02-01,337731.2938157738
2021-02-02,342165.34791952226
2021-02-03,340684.51646954304
2021-02-04,343066.85248800094
2021-02-05,343687.86381371634
2021-02-08,347565.9529947423
2021-02-09,347623.172698733
2021-02-10,347506.2941724297
2021-02-11,349859.9515541276
2021-02-12,351227.72546828934
2021-02-16,350693.041167828
2021-02-17,348628.07900744723
2021-02-18,347213.9275491914
2021-02-19,347644.271109235
2021-02-22,340572.64361101063
2021-02-23,339865.00275791355
2021-02-24,343407.2303324054
2021-02-25,334230.78782671434
2021-02-26,335257.84030300763
2021-03-01,340760.75712952536
2021-03-02,338205.5304370249
2021-03-03,334379.7296569225
2021-03-04,329791.9803032723
2021-03-05,334371.0366241674
2021-03-08,330092.3226182416
2021-03-09,337709.2744014462
2021-03-10,337632.17871389806
2021-03-11,341402.61412202346
2021-03-12,340342.83360520983
2021-03-15,342307.18047146586
2021-03-16,342879.4449873769
2021-03-17,343640.5446206931
2021-03-18,338449.9598223543
2021-03-19,339820.6835574519
2021-03-22,342094.47793220985
2021-03-23,338376.0365157207
2021-03-24,336172.04662913043
2021-03-25,336062.7371090463
2021-03-26,340733.34687376744
2021-03-29,339682.6196760265
2021-03-30,338385.34797670576
2021-03-31,341994.9583418535
2021-04-01,346629.145322589
2021-04-05,350067.8456650197
2021-04-06,349770.2935398952
2021-04-07,349648.92159471393
2021-04-08,351608.36205081607
2021-04-09,352462.4296090049
2021-04-12,351503.66574446944
2021-04-13,352566.5220929594
2021-04-14,350503.09835920844
2021-04-15,354060.1389230972
2021-04-16,354318.4318524162
2021-04-19,351949.6667109908
2021-04-20,349846.95522771205
2021-04-21,353301.4901731835
2021-04-22,350789.3484041037
2021-04-23,354721.48415776
2021-04-26,356610.8850993559
2021-04-27,355548.76365803403
2021-04-28,354798.89746572764
2021-04-29,356763.17880777037
2021-04-30,353877.59495600604
2021-05-03,354109.6664656268
2021-05-04,351250.50784761645
2021-05-05,351566.5201421152
2021-05-06,354388.3634099683
2021-05-07,357293.97891511495
2021-05-10,351448.40228926763
2021-05-11,350291.1162317552
2021-05-12,343286.759484066
2021-05-13,345077.4769832213
2021-05-14,351236.41053288704
2021-05-17,350605.30008941493
2021-05-18,348727.6264586374
2021-05-19,347979.71278944437
2021-05-20,350681.1585373041
2021-05-21,350683.17666517163
2021-05-24,353947.7377615148
2021-05-25,353541.6538904092
2021-05-26,354621.9370034805
2021-05-27,355195.64160762954
2021-05-28,355657.9211106655
2021-06-01,356463.6745074937
2021-06-02,356935.1043885683
2021-06-03,354688.56078476104
2021-06-04,359125.9862206889
2021-06-07,358915.1576485011
2021-06-08,359320.37462859537
2021-06-09,358705.3863743161
2021-06-10,360104.61914535647
2021-06-11,360420.2927477372
2021-06-14,361708.0253060019
2021-06-15,360158.66393985925
2021-06-16,357689.552531883
2021-06-17,357350.08779641765
2021-06-18,353586.3819709092
2021-06-21,356768.66479115584
2021-06-22,358767.733419413
2021-06-23,359106.79489388893
2021-06-24,361816.96759555367
2021-06-25,361770.32001446746
2021-06-28,364362.99113981397
2021-06-29,364771.6087246546
2021-06-30,365432.91735838854
2021-07-01,366021.3176305334
2021-07-02,369229.80641292455
2021-07-06,368781.5258568856
2021-07-07,369006.23797669285
2021-07-08,366460.7301453889
2021-07-09,369887.8590013535
2021-07-12,371122.8765915895
2021-07-13,370346.42981857905
2021-07-14,370841.84696091665
2021-07-15,368645.9504127982
2021-07-16,365129.9469200864
2021-07-19,360339.416683696
2021-07-20,365516.5287956389
2021-07-21,369190.2551510275
2021-07-22,371061.7266481876
2021-07-23,374710.79874882346
2021-07-26,375541.24344949704
2021-07-27,372296.59845172457
2021-07-28,374037.241001925
2021-07-29,375467.16148904385
2021-07-30,373759.6404561023
2021-08-02,374014.9742412308
2021-08-03,376098.3897460283
2021-08-04,375317.1707724314
2021-08-05,377661.17698802496
2021-08-06,375931.6281023256
2021-08-09,374941.7760091075
2021-08-10,374900.84749764006
2021-08-11,375843.4467177694
2021-08-12,376764.2522389849
2021-08-13,378404.7830516686
2021-08-16,378616.9655001366
2021-08-17,375118.41146106884
2021-08-18,372446.41905093094
2021-08-19,372742.20876038715
2021-08-20,375978.32749738195
2021-08-23,381222.35535606625
2021-08-24,382408.04682433535
2021-08-25,382804.2178792396
2021-08-26,380595.17264496355
2021-08-27,385305.3195538079
2021-08-30,388014.459523831
2021-08-31,387164.49006549525
2021-09-01,387542.8192073731
2021-09-02,388002.0512613819
2021-09-03,388493.8585048613
2021-09-07,387365.22377790173
2021-09-08,386419.29512195324
2021-09-09,385473.7417706695
2021-09-10,381913.86696725094
2021-09-13,382688.75623612606
2021-09-14,381487.368677323
2021-09-15,385030.9270753573
2021-09-16,384100.51755267195
2021-09-17,379612.2173646681
2021-09-20,371751.1291744647
2021-09-21,371602.9978925265
2021-09-22,376006.9258728693
2021-09-23,379731.3799384261
2021-09-24,380102.8266027132
2021-09-27,378701.3111494273
2021-09-28,371718.4428223699
2021-09-29,371563.1238057053
2021-09-30,369794.84566123
2021-10-01,373095.1270323656
2021-10-04,368708.34290159325
2021-10-05,372015.6578304545
2021-10-06,372772.58830001875
2021-10-07,374496.26344170456
2021-10-08,373637.1221132657
2021-10-11,372345.30127135327
2021-10-12,371852.57536056987
2021-10-13,373489.96325263137
2021-10-14,377736.19903048
2021-10-15,378854.5973186788
2021-10-18,380269.06961045985
2021-10-19,381559.54168019776
2021-10-20,382085.2431827129
2021-10-21,382628.1969213175
2021-10-22,381842.24983358075
2021-10-25,383725.3680711917
2021-10-26,383783.3421062235
2021-10-27,383291.42749530403
2021-10-28,386286.8859716268
2021-10-29,387817.28480848484
2021-11-01,388711.46789668244
2021-11-02,390368.9016340008
2021-11-03,392674.8473399603
2021-11-04,397701.26628836663
2021-11-05,399549.6741904158
2021-11-08,400371.38038994506
2021-11-09,398920.0311129447
2021-11-10,393702.8735760504
2021-11-11,395394.4425308004
2021-11-12,399126.925003336
2021-11-15,398872.95785488805
2021-11-16,402009.9180489999
2021-11-17,401248.3746661997
2021-11-18,404662.1883463668
2021-11-19,405798.5708079639
2021-11-22,401929.7870565967
2021-11-23,400727.5765830213
2021-11-24,402643.85409396887
2021-11-26,393441.54758176836
2021-11-29,401770.99213269795
2021-11-30,395090.3612737829
2021-12-01,389566.53703677584
2021-12-02,393133.43717520207
2021-12-03,388854.9905010777
2021-12-06,391560.438028348
2021-12-07,401843.90438984294
2021-12-08,402143.77545800223
2021-12-09,397987.56868822867
2021-12-10,400942.16855460854
2021-12-13,397377.83546373853
2021-12-14,395219.79255743657
2021-12-15,400165.36535082734
2021-12-16,394841.0974415911
2021-12-17,393038.4202191297
2021-12-20,389763.5005638529
2021-12-21,395559.8628804847
2021-12-22,398253.6224736742
2021-12-23,399454.38470334886
2021-12-27,403141.25049600675
2021-12-28,401514.398738657
2021-12-29,401093.85631143657
2021-12-30,400852.36215790577
2021-12-31,400529.55789795006
2022-01-03,402650.4396485217
2022-01-04,401742.3332266406
2022-01-05,392293.48884296766
2022-01-06,392565.63700532244
2022-01-07,388542.34984592797
2022-01-10,388266.3780948121
2022-01-11,393145.91363186896
2022-01-12,394395.80275753845
2022-01-13,390041.2784667284
2022-01-14,391760.2026998649
2022-01-18,385529.9883440273
2022-01-19,381638.60550404654
2022-01-20,376763.0676531529
2022-01-21,370065.4312990728
2022-01-24,371178.3805076805
2022-01-25,366216.82044110494
2022-01-26,366300.1949728958
2022-01-27,363740.5504147374
2022-01-28,368279.67278018553
2022-01-31,374362.5172288199
2022-02-01,375893.0680389109
2022-02-02,378007.5235087774
2022-02-03,372127.0904652365
2022-02-04,373937.9782008606
2022-02-07,373251.92619350355
2022-02-08,376237.31925323844
2022-02-09,381539.8878366044
2022-02-10,376959.5814450923
2022-02-11,373144.0740853466
2022-02-14,372822.2898772878
2022-02-15,375849.69804768777
2022-02-16,376451.30540319043
2022-02-17,370193.4816350826
2022-02-18,369372.9642555002
2022-02-22,367852.6675107646
2022-02-23,364404.9759358588
2022-02-24,368366.41199641477
2022-02-25,370743.3187269012
2022-02-28,371675.1987331661
2022-03-01,372933.9709275269
2022-03-02,374695.8886868319
2022-03-03,375679.1152748946
2022-03-04,377315.8590553218
2022-03-07,376918.0662264631
2022-03-08,379043.4751909059
2022-03-09,375716.08655412064
2022-03-10,375636.75063382013
2022-03-11,374944.30214839964
2022-03-14,371939.00703804864
2022-03-15,371042.4304220212
2022-03-16,373283.8541402562
2022-03-17,375775.6524931371
2022-03-18,376646.8569433149
2022-03-21,377966.8202199731
2022-03-22,378635.201220965
2022-03-23,379399.4129316667
2022-03-24,381611.6806804626
2022-03-25,382086.5117531457
2022-03-28,380065.3378272222
2022-03-29,382981.3114064799
2022-03-30,382339.99074581603
2022-03-31,378653.41184901923
2022-04-01,378403.5234392963
2022-04-04,383470.93419578567
2022-04-05,376525.50229945773
2022-04-06,369489.73078531824
2022-04-07,370278.92925556924
2022-04-08,368481.1894161735
2022-04-11,363539.4158762601
2022-04-12,363984.4906503963
2022-04-13,367986.25289191166
2022-04-14,365159.0219531556
2022-04-18,366566.68090639595
2022-04-19,368215.836942987
2022-04-20,368086.1353254424
2022-04-21,365257.2955267136
2022-04-22,359836.7903850227
2022-04-25,359731.0003557807
2022-04-26,355411.665663162
2022-04-27,356022.83765556046
2022-04-28,361718.8913282993
2022-04-29,354410.8289204073
2022-05-02,356292.1982284141
2022-05-03,356900.09533557086
2022-05-04,360510.1476060679
2022-05-05,357230.79315343377
2022-05-06,356826.52482126886
2022-05-09,351778.09738335235
2022-05-10,351109.22711944353
2022-05-11,351755.3120743878
2022-05-12,350927.98125158605
2022-05-13,352671.47516804154
2022-05-16,353648.8985943658
2022-05-17,354896.73858141556
2022-05-18,351622.4436863532
2022-05-19,351445.9107836483
2022-05-20,352231.77569489763
2022-05-23,353641.90743620007
2022-05-24,353583.4886113869
2022-05-25,354637.599282334
2022-05-26,355975.4636314484
2022-05-27,358004.65927174425
2022-05-31,356238.7219663495
2022-06-01,356798.13501621183
2022-06-02,359550.96265594754
2022-06-03,357910.1619158425
2022-06-06,358651.1466143875
2022-06-07,360405.16185095225
2022-06-08,358793.41966033017
2022-06-09,356547.006035249
2022-06-10,353852.2651953747
2022-06-13,347393.91540308774
2022-06-14,346240.86495010724
2022-06-15,347593.6408793725
2022-06-16,344167.4556216051
2022-06-17,343300.1630099536
2022-06-21,345496.39852723543
2022-06-22,344485.3051323599
2022-06-23,343571.10538867454
2022-06-24,346781.38761803554
2022-06-27,346740.14653277583
2022-06-28,345560.2803774171
2022-06-29,344681.76572790707
2022-06-30,342151.48917705
2022-07-01,343280.0697783559
2022-07-05,341053.96230564883
2022-07-06,339645.0161819873
2022-07-07,341942.3388050903
2022-07-08,342099.1995918087
2022-07-11,341919.03595089004
2022-07-12,339917.0336203313
2022-07-13,340524.3010533525
2022-07-14,339868.14232238947
2022-07-15,341241.95261479064
2022-07-18,341033.34626681294
2022-07-19,342966.0442465832
2022-07-20,343175.18705952604
2022-07-21,344438.86975395784
2022-07-22,343500.5620273299
2022-07-25,344020.5229632317
2022-07-26,343508.80426049186
2022-07-27,345434.10384798085
2022-07-28,346562.56059217744
2022-07-29,347658.0624932802
2022-08-01,347362.42088619096
2022-08-02,346442.2730894607
2022-08-03,348644.3754210407
2022-08-04,348461.56782001257
2022-08-05,347525.340629581
2022-08-08,348028.2324189428
2022-08-09,347279.04410952877
2022-08-10,348671.0743847655
2022-08-11,349018.08441058337
2022-08-12,351410.48629380704
2022-08-15,350908.61528360454
2022-08-16,351229.02618157247
2022-08-17,348533.6982308101
2022-08-18,350076.29122581007
2022-08-19,347757.3499028643
2022-08-22,345251.0741933729
2022-08-23,346029.49538915564
2022-08-24,346294.06727373565
2022-08-25,348493.58518924087
2022-08-26,344510.94760584476
2022-08-29,343924.01074525045
2022-08-30,341840.7965349029
2022-08-31,340123.76929805125
2022-09-01,339105.8190778376
2022-09-02,339107.902915712
2022-09-06,338149.50300533033
2022-09-07,339084.84595153667
2022-09-08,339389.77889164916
2022-09-09,341014.8191232818
2022-09-12,341809.5000254041
2022-09-13,338541.9743544342
2022-09-14,338609.4387090438
2022-09-15,336577.1542593331
2022-09-16,335562.46873077244
2022-09-19,336668.91890977806
2022-09-20,335518.76344293007
2022-09-21,335000.0480530076
2022-09-22,333837.6635232376
2022-09-23,332132.9783820312
2022-09-26,331246.9608906492
2022-09-27,330872.87973757077
2022-09-28,332798.18663305324
2022-09-29,331668.8059211441
2022-09-30,330353.3209834043
2022-10-03,332977.2340746209
2022-10-04,335020.9098514753
2022-10-05,335379.82386587246
2022-10-06,335451.78925751196
2022-10-07,333439.8101455267
2022-10-10,332351.6868734701
2022-10-11,332100.1255682575
2022-10-12,332073.23487570905
2022-10-13,333250.23329929
2022-10-14,331572.1673346068
2022-10-17,332493.3885271936
2022-10-18,333094.5108803864
2022-10-19,332111.7402181258
2022-10-20,331090.78773313004
2022-10-21,332542.8213113756
2022-10-24,332978.594140735
2022-10-25,334542.73614620394
2022-10-26,334037.020537015
2022-10-27,333754.4020705101
2022-10-28,335205.4244730814
2022-10-31,334643.22849992284
2022-11-01,334441.6757903549
2022-11-02,332122.59262949135
2022-11-03,331596.16335291124
2022-11-04,332459.1480585829
2022-11-07,333051.9606502875
2022-11-08,333381.42738715676
2022-11-09,331214.48416645895
2022-11-10,335842.85748563946
2022-11-11,336352.4593325166
2022-11-14,335535.9894858204
2022-11-15,336668.24378955684
2022-11-16,335870.3185222995
2022-11-17,335629.6177729062
2022-11-18,335915.7112522343
2022-11-21,335716.30865789374
2022-11-22,337290.539217789
2022-11-23,337456.29753425316
2022-11-25,337416.44824396906
2022-11-28,335950.5536457239
2022-11-29,335925.7259237204
2022-11-30,339006.13114755333
2022-12-01,339336.90722285485
2022-12-02,339108.7518526595
2022-12-05,336125.5910550372
2022-12-06,334360.91584802227
2022-12-07,334565.41351953195
2022-12-08,335963.9206166343
2022-12-09,334531.6278144334
2022-12-12,336096.87740074657
2022-12-13,337172.9913333943
2022-12-14,336212.71666634554
2022-12-15,333841.0723329964
2022-12-16,332741.20443538297
2022-12-19,331353.68111130316
2022-12-20,331301.86144768924
2022-12-21,333169.5562907167
2022-12-22,331196.9289571475
2022-12-23,331394.6647664842
2022-12-27,329970.70963486994
2022-12-28,327502.47960178024
2022-12-29,329713.6892997138
2022-12-30,329260.8397234837
2023-01-03,329213.3030454317
2023-01-04,330455.88000542985
2023-01-05,329518.0820271218
2023-01-06,332626.4188043516
2023-01-09,333279.1582928007
2023-01-10,334057.9620363539
2023-01-11,335287.55649128073
2023-01-12,336927.1925356381
2023-01-13,337698.9010577528
2023-01-17,337255.9422358952
2023-01-18,335746.12836872984
2023-01-19,334839.8253529152
2023-01-20,337203.2021772483
2023-01-23,341295.5613828036
2023-01-24,341350.7583100277
2023-01-25,341415.1720393558
2023-01-26,344843.02841016813
2023-01-27,345606.5503070064
2023-01-30,341428.579716014
2023-01-31,345357.9648147905
2023-02-01,351375.21479422465
2023-02-02,356713.42357353674
2023-02-03,351601.04409829254
2023-02-06,349217.7650862436
2023-02-07,354080.37980320724
2023-02-08,350311.2161506606
2023-02-09,347998.4885441626
2023-02-10,345960.9341491175
2023-02-13,350870.87095255696
2023-02-14,352770.2342811963
2023-02-15,353476.7720805886
2023-02-16,348617.6526902158
2023-02-17,346974.0106898659
2023-02-21,340763.61687286873
2023-02-22,340353.37267502164
2023-02-23,344200.20981933293
2023-02-24,339089.78178832366
2023-02-27,341293.68006066675
2023-02-28,340708.94145521027
2023-03-01,339913.00245882315
2023-03-02,342189.5953145087
2023-03-03,348605.1038963001
2023-03-06,347895.3449747525
2023-03-07,344028.01543017675
2023-03-08,345995.2885697363
2023-03-09,341485.95557286777
2023-03-10,338446.977137467
2023-03-13,336952.32490218955
2023-03-14,339686.52726715815
2023-03-15,338658.6004727204
2023-03-16,341960.62320345093
2023-03-17,340465.2781630021
2023-03-20,341990.63600055774
2023-03-21,344900.11515249184
2023-03-22,341992.6955925735
2023-03-23,345010.22520622064
2023-03-24,345072.16291570035
2023-03-27,343273.6639329801
2023-03-28,342446.1674130491
2023-03-29,348614.97441101674
2023-03-30,351552.0503552745
2023-03-31,355577.42544615257
2023-04-03,355510.91727922176
2023-04-04,354205.8633802486
2023-04-05,351586.41847486404
2023-04-06,353281.10397879354
2023-04-10,353357.9311257063
2023-04-11,352096.5844366079
2023-04-12,348961.04171071533
2023-04-13,355422.1423711076
2023-04-14,353784.73000117764
2023-04-17,353648.1886290973
2023-04-18,354236.0797630053
2023-04-19,353734.9812270809
2023-04-20,352115.6513375715
2023-04-21,351342.5263042078
2023-04-24,351301.96089650516
2023-04-25,344232.1263790483
2023-04-26,345035.1243079564
2023-04-27,354162.6618678296
2023-04-28,357547.4947491804
2023-05-01,356667.3442369882
2023-05-02,354456.20657095633
2023-05-03,352850.27420591033
2023-05-04,350662.91572907596
2023-05-05,358031.3394686564
2023-05-08,358149.0099733345
2023-05-09,355976.81319073215
2023-05-10,359064.9469142081
2023-05-11,359179.2809190038
2023-05-12,358214.107147215
2023-05-15,360018.0872783651
2023-05-16,358984.7872975875
2023-05-17,363448.3603099839
2023-05-18,368526.9224991442
2023-05-19,367907.5424163708
2023-05-22,368692.5613172087
2023-05-23,364449.2072443467
2023-05-24,361699.86248305044
2023-05-25,369346.046879608
2023-05-26,377814.6912210561
2023-05-30,379514.5416110994
2023-05-31,376900.164938476
2023-06-01,381590.65205673967
2023-06-02,383637.6173078983
2023-06-05,382721.3256084332
2023-06-06,383818.4373225261
2023-06-07,379366.4395202331
2023-06-08,383540.30466260813
2023-06-09,384395.53043721855
2023-06-12,390388.42019927595
2023-06-13,392891.1232604197
2023-06-14,395694.1056547709
2023-06-15,399202.4772705473
2023-06-16,396551.003286599
2023-06-20,395346.6098126504
2023-06-21,390601.99581273587
2023-06-22,392820.42693806416
2023-06-23,389132.3273048872
2023-06-26,385078.2268779993
2023-06-27,392641.2069283024
2023-06-28,392632.08543997543
2023-06-29,392213.9372029812
2023-06-30,398003.6302529043
2023-07-03,398975.95779545465
2023-07-05,397418.59102880873
2023-07-06,394179.39688426524
2023-07-07,393571.37818878365
2023-07-10,394421.8509140442
2023-07-11,396776.4608399741
2023-07-12,402839.58295472106
2023-07-13,408515.3499995762
2023-07-14,407796.0730348164
2023-07-17,411062.007911939
2023-07-18,414485.96556436724
2023-07-19,414333.80999028403
2023-07-20,406538.1466877186
2023-07-21,406021.620918328
2023-07-24,406446.480798827
2023-07-25,409519.28525254107
2023-07-26,408495.5589739551
2023-07-27,406231.12783216446
2023-07-28,412380.76129405183
2023-07-31,413386.2050884904
2023-08-01,411831.8197557812
2023-08-02,402511.4181044684
2023-08-03,401132.6725797586
2023-08-04,400514.95267237583
2023-08-07,402806.08116607356
2023-08-08,399949.17232031334
2023-08-09,396131.12819581205
2023-08-10,395828.3265359407
2023-08-11,393693.3145623225
2023-08-14,397706.9455929726
2023-08-15,393886.72615171206
2023-08-16,389957.0810914489
2023-08-17,387069.40139338013
2023-08-18,387242.79702993017
2023-08-21,392244.7414891432
2023-08-22,391278.39033738314
2023-08-23,396930.0198648091
2023-08-24,391813.8733943866
2023-08-25,393878.41178564995
2023-08-28,396096.6932975256
2023-08-29,401939.400721579
2023-08-30,403728.9751199627
2023-08-31,404430.58060384233
2023-09-01,404478.2142668327
2023-09-05,403975.3005558738
2023-09-06,400704.13134794147
2023-09-07,397873.1103520107
2023-09-08,398629.5101887677
2023-09-11,402420.6800768325
2023-09-12,399007.0419881762
2023-09-13,400057.7423348288
2023-09-14,403064.26565476856
2023-09-15,396681.71269645053
2023-09-18,397391.3818859932
2023-09-19,395979.441852978
2023-09-20,391229.05471157096
2023-09-21,384661.97454210254
2023-09-22,384911.06311939715
2023-09-25,385539.14964611013
2023-09-26,380441.1506860858
2023-09-27,380994.10937012197
2023-09-28,383598.4491643001
2023-09-29,383204.0791248822
2023-10-02,384358.95953194785
2023-10-03,378046.68027596344
2023-10-04,381532.018022808
2023-10-05,380005.5704395514
2023-10-06,384500.4919712617
2023-10-09,387464.5022389218
2023-10-10,389306.1192193157
2023-10-11,391832.0084085812
2023-10-12,389369.5641107871
2023-10-13,387250.20332385384
2023-10-16,390898.53638184496
2023-10-17,390727.902264685
2023-10-18,386062.13229765295
2023-10-19,381976.7205561326
2023-10-20,376610.2970989292
2023-10-23,376939.9324173861
2023-10-24,380811.23604386597
2023-10-25,371787.8729330671
2023-10-26,368642.4140976324
2023-10-27,368745.5543659611
2023-10-30,370547.9979810324
2023-10-31,371440.35332567146
2023-11-01,374483.1971658289
2023-11-02,380652.1790313667
2023-11-03,383953.0737457336
2023-11-06,384495.48468271224
2023-11-07,386500.2607823919
2023-11-08,386470.34402859665
2023-11-09,384002.9316524522
2023-11-10,390845.75059050636
2023-11-13,390264.29736284976
2023-11-14,397862.326148319
2023-11-15,398059.6362446317
2023-11-16,398688.0495040548
2023-11-17,399393.46584449627
2023-11-20,403443.65163983544
2023-11-21,401879.0673715779
2023-11-22,403224.2765922817
2023-11-24,402713.1501669205
2023-11-27,402847.32155684556
2023-11-28,403644.0462676195
2023-11-29,403800.2008268158
2023-11-30,402674.23747246445
2023-12-01,404746.61231859156
2023-12-04,401041.01193996915
2023-12-05,401318.38829702814
2023-12-06,399052.37903586926
2023-12-07,402842.10644365277
2023-12-08,404391.02668648947
2023-12-11,407000.3381485443
2023-12-12,409177.07752098143
2023-12-13,415310.97530953726
2023-12-14,417332.2683889558
2023-12-15,417748.83640069084
2023-12-18,420248.1350342976
2023-12-19,423083.7197741518
2023-12-20,417277.4576389483
2023-12-21,421574.62340407306
2023-12-22,422164.9712162465
2023-12-26,424790.92845003284
2023-12-27,426335.7425320738
2023-12-28,425611.3307315991
2023-12-29,423717.58674324123
2024-01-02,417556.4710817152
2024-01-03,413610.1298890395
2024-01-04,411620.1437031997
2024-01-05,412309.8394258049
2024-01-08,419487.8419013736
2024-01-09,419180.7077098683
2024-01-10,421189.79994506505
2024-01-11,421901.28567919164
2024-01-12,422435.52741927985
2024-01-16,421370.04857349605
2024-01-17,418392.47290984564
2024-01-18,423869.00963598775
2024-01-19,432284.8472936868
2024-01-22,433392.7335172507
2024-01-23,434403.1315144371
2024-01-24,435864.5150379926
2024-01-25,437887.30809526664
2024-01-26,435496.7176938638
2024-01-29,440488.06588591705
2024-01-30,438433.9536196076
2024-01-31,430989.40657864814
2024-02-01,437726.2316708724
2024-02-02,443015.6295025836
2024-02-05,442251.14727838157
2024-02-06,441719.61843401287
2024-02-07,446151.7438474623
2024-02-08,447438.3198918045
2024-02-09,451620.4264274157
2024-02-12,451063.5344514126
2024-02-13,443390.1760455362
2024-02-14,448769.20096778224
2024-02-15,450884.12552723614
2024-02-16,447495.88523026864
2024-02-20,443648.51815803134
2024-02-21,442079.07523761154
2024-02-22,452242.94041848904
2024-02-23,452015.1161836611
2024-02-26,451456.4763702311
2024-02-27,451597.65154891385
2024-02-28,450122.333494381
2024-02-29,453605.5900938178
2024-03-01,461591.32402004785
2024-03-04,461507.28637577506
2024-03-05,455916.54777670215
2024-03-06,458931.33538514265
2024-03-07,464297.69674189424
2024-03-08,457707.19880083983
2024-03-11,455811.9012379358
2024-03-12,461284.6734195683
2024-03-13,459635.51424387103
2024-03-14,457192.1772806184
2024-03-15,453843.3926121122
2024-03-18,456770.8489740275
2024-03-19,457786.3297454041
2024-03-20,462625.76787006174
2024-03-21,464772.97968247137
2024-03-22,465295.40307874116
2024-03-25,464647.3287965115
2024-03-26,463240.0902513207
2024-03-27,465758.45204796846
2024-03-28,465946.30158908665
2024-04-01,466712.0431777487
2024-04-02,463877.3887984212
2024-04-03,465187.74638964987
2024-04-04,460266.4500370239
2024-04-05,464476.9482192095
2024-04-08,464976.4008282708
2024-04-09,466227.35351415066
2024-04-10,462356.0452297633
2024-04-11,468025.30259106826
2024-04-12,462330.5588163934
2024-04-15,458298.5712792114
2024-04-16,458221.3904008091
2024-04-17,453351.82723765145
2024-04-18,451524.74778723356
2024-04-19,444075.96406226046
2024-04-22,446916.1365137134
2024-04-23,452167.86613649206
2024-04-24,452347.70292389515
2024-04-25,452043.2147450334
2024-04-26,457252.1761545524
2024-04-29,457690.58912149875
2024-04-30,451762.1263155705
2024-05-01,450417.03494444134
2024-05-02,453716.1332450421
2024-05-03,457787.2226745259
2024-05-06,461597.95368943154
2024-05-07,461506.3977761508
2024-05-08,461570.50975736417
2024-05-09,463314.6183380359
2024-05-10,464280.0092438247
2024-05-13,464015.66974190786
2024-05-14,466138.9745009445
2024-05-15,472743.16200227966
2024-05-16,471515.28684876737
2024-05-17,472204.82608256914
2024-05-20,474388.09564773494
2024-05-21,474992.6419920509
2024-05-22,473456.4434103912
2024-05-23,470467.1669720762
2024-05-24,474404.18806531245
2024-05-28,476237.8579325043
2024-05-29,472658.8025345503
2024-05-30,469293.49755660095
2024-05-31,470149.89939913235
2024-06-03,472151.1642302687
2024-06-04,472494.96134517144
2024-06-05,483580.3687538813
2024-06-06,482975.50991444953
2024-06-07,480127.95165160764
2024-06-10,482355.15192682075
2024-06-11,484229.54314426717
2024-06-12,490384.22255465994
2024-06-13,493039.4234944885
2024-06-14,495008.36943616177
2024-06-17,499714.82263182674
2024-06-18,501486.00961281144
2024-06-20,498050.8994616901
2024-06-21,495576.78554665134
2024-06-24,490196.0273547237
2024-06-25,496630.9935970809
2024-06-26,496504.8519950836
2024-06-27,497351.8760640748
2024-06-28,495388.495302159
2024-07-01,496464.6335450636
2024-07-02,500402.2014909393
2024-07-03,505765.2645177047
2024-07-05,509827.74132252694
2024-07-08,511328.00631238637
2024-07-09,511987.35761382384
2024-07-10,518317.5685953447
2024-07-11,510043.69527173135
2024-07-12,513299.6599316544
2024-07-15,514391.9189377548
2024-07-16,517027.2197809913
2024-07-17,502478.5459761364
2024-07-18,500454.2904587233
2024-07-19,494582.41261142655
2024-07-22,500882.0094016413
2024-07-23,499638.8301459648
2024-07-24,485296.56477881793
2024-07-25,481686.7739056797
2024-07-26,487316.8589198568
2024-07-29,487113.3759160009
2024-07-30,482038.4875715297
2024-07-31,495666.41183437704
2024-08-01,489215.45824397483
2024-08-02,482500.52531849616
2024-08-05,470601.60548744834
2024-08-06,472861.6896819904
2024-08-07,468677.04015719285
2024-08-08,479694.39960463555
2024-08-09,481910.6516475959
2024-08-12,483319.09184845875
2024-08-13,489451.19280697906
2024-08-14,489508.89254262194
2024-08-15,495355.18579951505
2024-08-16,497206.4781958162
2024-08-19,500994.1673014152
2024-08-20,500387.40889817214
2024-08-21,502014.8866127581
2024-08-22,497404.6316211797
2024-08-23,502136.1760067745
2024-08-26,500052.9949877716
2024-08-27,500771.8114848018
2024-08-28,497703.2729020665
2024-08-29,497195.09294666105
2024-08-30,500351.1505796371
2024-09-03,489688.52983504895
2024-09-04,489455.4544305207
2024-09-05,489813.6106673925
2024-09-06,480445.03131150873
2024-09-09,485251.7400247371
2024-09-10,488271.8704867203
2024-09-11,492774.36773872445
2024-09-12,496060.8560662875
2024-09-13,498996.60076591035
2024-09-16,499760.1671370814
2024-09-17,499377.56481114007
2024-09-18,496913.92429446394
2024-09-19,504416.5251271146
2024-09-20,503153.1106506028
2024-09-23,504117.43098524434
2024-09-24,506376.97840421647
2024-09-25,505086.2759781099
2024-09-26,509435.56220214686
2024-09-27,507625.09067126276
2024-09-30,507894.0290113729
2024-10-01,503941.00340011844
2024-10-02,502663.52303396823
2024-10-03,500571.75924265065
2024-10-04,505295.4026696279
2024-10-07,499579.2480121102
2024-10-08,505428.6206508126
2024-10-09,507146.39280340174
2024-10-10,506496.888715855
2024-10-11,508652.13671727973
2024-10-14,511959.8220142758
2024-10-15,509342.6441962494
2024-10-16,510754.40374271973
2024-10-17,510135.070583271
2024-10-18,512445.9516624775
2024-10-21,510272.0243875974
2024-10-22,510413.37925725384
2024-10-23,503856.37176798744
2024-10-24,507168.88703603705
2024-10-25,508417.52888913406
2024-10-28,509943.47347511665
2024-10-29,512775.17110882595
2024-10-30,510986.73620432994
2024-10-31,500993.24067703617
2024-11-01,503222.1630259119
2024-11-04,502216.199946244
2024-11-05,509319.6960089232
2024-11-06,521099.8393060241
2024-11-07,528192.6183942462
2024-11-08,528692.3503541121
2024-11-11,526829.0533549259
2024-11-12,524491.9211291636
2024-11-13,522641.55850588606
2024-11-14,520770.0426526272
2024-11-15,508902.71779859375
2024-11-18,511595.39304061857
2024-11-19,514124.18431402417
2024-11-20,514156.4879503068
2024-11-21,516890.23343539267
2024-11-22,518209.4050313546
2024-11-25,518489.2817923374
2024-11-26,519048.16428573756
2024-11-27,518168.32046148565
2024-11-29,521069.935323838
2024-12-02,523091.5806877971
2024-12-03,523476.9868310688
2024-12-04,528312.0677956642
2024-12-05,526983.8030212354
2024-12-06,530578.7566044038
2024-12-09,526750.5060158009
2024-12-10,526097.7935859747
2024-12-11,532807.3166517401
2024-12-12,528865.5788496813
2024-12-13,529335.4492310862
2024-12-16,534063.1469004494
2024-12-17,532050.3418290138
2024-12-18,514672.4932098882
2024-12-19,512176.97486430674
2024-12-20,517130.66594278987
2024-12-23,521103.40029344376
2024-12-24,528536.3729118411
2024-12-26,528481.544558238
2024-12-27,522120.01226241305
2024-12-30,515906.38051324314
2024-12-31,513450.1702444233
2025-01-02,513069.27422729746
2025-01-03,521091.1753287062
2025-01-06,525350.777636732
2025-01-07,518135.57644840085
2025-01-08,518606.67476791964
2025-01-09,518606.67476791964
2025-01-10,511500.64906846103
2025-01-13,510599.62067114824
2025-01-14,510642.39276607847
2025-01-15,522455.54352932103
2025-01-16,520600.52399323916
2025-01-17,527128.7750408932
2025-01-21,530828.1104785401
2025-01-22,535089.2704770663
2025-01-23,536425.4052923464
2025-01-24,534727.0159378983
2025-01-27,525112.8508414045
2025-01-28,529949.9442540637
2025-01-29,528828.1939701876
2025-01-30,531542.1443669653
2025-01-31,530128.0525777668
2025-02-03,527719.6741066738
2025-02-04,530602.755249803
2025-02-05,532272.3237535639
2025-02-06,533890.9251628225
2025-02-07,528542.0419422337
2025-02-10,531755.1756442438
2025-02-11,530540.0603114908
2025-02-12,529784.418382071
2025-02-13,536390.6452557371
2025-02-14,536850.7252768886
2025-02-18,538352.295700679
2025-02-19,539245.7043290318
2025-02-20,536598.1527306737
2025-02-21,527612.2039073039
2025-02-24,523535.9269716678
2025-02-25,519402.49989418295
2025-02-26,519932.2021891134
2025-02-27,511299.3871357341
2025-02-28,517329.60750540666
2025-03-03,510630.4343625795
2025-03-04,507411.62635683705
2025-03-05,512306.26414740895
2025-03-06,502394.4121569597
2025-03-07,504993.7965530596
2025-03-10,492893.8998201197
2025-03-11,491148.3017571686
2025-03-12,492510.23368562874
2025-03-13,489423.5649174884
2025-03-14,495022.1062368243
2025-03-17,496939.7189593549
2025-03-18,494600.00707517395
2025-03-19,498067.6903817509
2025-03-20,497358.8130655895
2025-03-21,496910.3699905451
2025-03-24,500877.242492628
2025-03-25,502382.13242071506
2025-03-26,499317.966893389
2025-03-27,499104.00579520594
2025-03-28,494700.94761285005
2025-03-31,496262.2528891364
2025-04-01,496695.10553680395
2025-04-02,497666.0734053911
2025-04-03,490366.1218092308
2025-04-04,480865.4093695007
2025-04-07,476962.2563871612
2025-04-08,474407.3101075959
2025-04-09,489292.26185731817
2025-04-10,484717.5189656691
2025-04-11,488984.40617330535
2025-04-14,489903.38715348503
2025-04-15,490277.68820917635
2025-04-16,491338.2539149685
2025-04-17,491167.08004587906
2025-04-21,490629.0924553996
2025-04-22,492670.79736033536
2025-04-23,492372.822836911
2025-04-24,496426.6665952461
2025-04-25,496300.380443886
2025-04-28,498315.4595231382
2025-04-29,498483.7034202048
2025-04-30,496907.406426508
2025-05-01,495334.4820911335
2025-05-02,497172.96076229424
2025-05-05,498853.5271470562
2025-05-06,501145.464201062
2025-05-07,500247.01991517254
2025-05-08,498657.681165372
2025-05-09,499734.6766930385
2025-05-12,499615.35054658016
2025-05-13,503225.6038723879
2025-05-14,501451.5780921563
2025-05-15,504268.27096145804
2025-05-16,504341.4184364113
2025-05-19,505831.55124260817
2025-05-20,506585.18305785325
2025-05-21,501722.5697770688
2025-05-22,501481.71531918
2025-05-23,500619.1547927461
2025-05-26,500619.1547927461
2025-05-27,508412.2908929221
2025-05-28,506071.9893347138
2025-05-29,508042.61449956486
2025-05-30,506985.35631676344
2025-06-02,511886.1546910736
2025-06-03,515363.4107847124
2025-06-04,517588.16440393147
2025-06-05,515073.91331344156
2025-06-06,518144.10640164546
2025-06-09,519665.778740695
2025-06-10,523668.7250083464
2025-06-11,522479.63836926257
2025-06-12,524928.0918722039
2025-06-13,518041.79118471895
2025-06-16,524862.6565600429
2025-06-17,520416.8014677359
2025-06-18,520189.74489011645
2025-06-20,517766.6821640476
2025-06-23,524183.06577151816
2025-06-24,531900.1657155568
2025-06-25,534036.5020975275
2025-06-26,539204.3832797664
2025-06-27,540402.365213898
2025-06-30,544266.6289909645
2025-07-01,541500.5173055901
2025-07-02,545845.7620154159
2025-07-03,549244.1906923049
2025-07-07,544366.2488730396
2025-07-08,545741.8633448109
2025-07-09,549695.22875954
2025-07-10,550426.3216314911
2025-07-11,549112.7940573762
2025-07-14,549304.4143382158
2025-07-15,549566.7452370689
2025-07-16,550456.2970467146
2025-07-17,554441.1924815312
2025-07-18,553572.9462516791
2025-07-21,556726.976045565
2025-07-22,554977.9673645754
2025-07-23,558293.5019282801
2025-07-24,558711.6579011955
2025-07-25,559328.8424076943
2025-07-28,560043.0030582491
2025-07-29,560039.3408067701
2025-07-30,559220.69043045
2025-07-31,555744.2634795689
2025-08-01,547372.2776827482
2025-08-04,559010.3781505657
2025-08-05,555936.5680264793
2025-08-06,561404.4815521736
2025-08-07,563598.5126766192
2025-08-08,567966.2546431711
2025-08-11,565656.0109161582
2025-08-12,573297.1996804868
2025-08-13,574678.824837534
2025-08-14,574018.7354680825
2025-08-15,570574.9522474961
2025-08-18,570800.8222205808
2025-08-19,564257.0506804218
2025-08-20,562123.0873557468
2025-08-21,559920.4446300905
2025-08-22,568872.1821905262
2025-08-25,567270.3031103305
2025-08-26,569747.0528722707
2025-08-27,570757.7319765755
2025-08-28,572721.0644521369
2025-08-29,568034.6109481036
2025-09-02,565410.4667851403
2025-09-03,568671.5686711019
2025-09-04,571874.68545478
2025-09-05,573718.5247559124
2025-09-08,576932.6778779244
2025-09-09,577559.4275156944
2025-09-10,581109.1704276786
2025-09-11,583938.2577992766
2025-09-12,584366.6337895782
2025-09-15,588724.6732765504
2025-09-16,588046.045699981
2025-09-17,585636.033544313
2025-09-18,591442.009062265
2025-09-19,594161.8269323988
2025-09-22,599526.8395600267
2025-09-23,596526.3797962568
2025-09-24,593352.2285005682
2025-09-25,591233.2544039853
2025-09-26,594275.7284782559
2025-09-29,597338.9311841128
2025-09-30,600255.3029104505
2025-10-01,603920.6115443935
2025-10-02,606157.2712152387
2025-10-03,604833.7032663941
2025-10-06,609439.8043968542
2025-10-07,606264.2162899411
2025-10-08,613956.1012719647
2025-10-09,612215.6475307569
2025-10-10,592862.027188579
2025-10-13,608975.9026451156
2025-10-14,604916.1611048162
2025-10-15,610200.3235334816
2025-10-16,609309.091041891
2025-10-17,611616.9809386182
2025-10-20,619544.9545846184
2025-10-21,616205.0249693042
2025-10-22,610916.9109261
2025-10-23,616054.0296752551
2025-10-24,622748.8377745851
2025-10-27,631655.4720197351
2025-10-28,635836.59730247
2025-10-29,638167.2304525635
2025-10-30,630160.936628948
2025-10-31,631490.2355539275
2025-11-03,633494.7171645262
2025-11-04,620353.997689793
2025-11-05,624580.9453939892
2025-11-06,613339.9438813056
2025-11-07,611929.6828150772
2025-11-10,628011.7017492275
2025-11-11,625927.8671862072
2025-11-12,627493.4432763576
2025-11-13,614017.5987765482
2025-11-14,613332.4976024536
2025-11-17,608284.7200092293
2025-11-18,600385.2239776873
2025-11-19,603576.8595266277
2025-11-20,591802.4375236119
2025-11-21,595467.2033303659
2025-11-24,608216.9427367182
2025-11-25,611042.7835460372
2025-11-26,616307.4453311492
2025-11-28,619401.8709377864
2025-12-01,617683.9946696684
2025-12-02,619548.6208376633
2025-12-03,621937.7047584408
2025-12-04,621077.0457513897
2025-12-05,622619.0343489194
2025-12-08,622116.1179221595
2025-12-09,623121.8480153487
2025-12-10,627158.0803316801
2025-12-11,627306.6872573858
2025-12-12,619478.9307067257
2025-12-15,617739.275744898
2025-12-16,617769.8161552715
2025-12-17,610030.3877355785
2025-12-18,616463.0034854644
2025-12-19,622440.2542952981
2025-12-22,626506.8146565524
2025-12-23,629159.4790587884
2025-12-24,630336.2171777423
2025-12-26,631259.0431557597
2025-12-29,626788.1885509135
2025-12-30,626487.3703506419
2025-12-31,622488.3332375993
2026-01-02,624699.6265028286
2026-01-05,630740.8773002599
2026-01-06,636481.1084504556
2026-01-07,634394.8956084078
2026-01-08,633063.0633612927
2026-01-09,638356.4662625488
2026-01-12,640585.003677778
2026-01-13,639964.5970423066
2026-01-14,638822.5382165025
2026-01-15,640935.1564851959
2026-01-16,639994.6362212963
2026-01-20,631385.1422250523
2026-01-21,639811.8161148371
2026-01-22,644667.9519201858
2026-01-23,645390.8337990665
2026-01-26,648166.5194498571
2026-01-27,653484.2281570917
2026-01-28,658097.5405214634
2026-01-29,655799.4324343442
2026-01-30,640183.6782187815
2026-02-02,640833.7044362545
2026-02-03,641396.2799381652
2026-02-04,634866.0704351428
2026-02-05,627086.7256498792
2026-02-06,640594.6384025338
2026-02-09,646591.7565455461
2026-02-10,645132.280424581
2026-02-11,647069.256135866
2026-02-12,638437.8216384233
2026-02-13,641180.3051882631
2026-02-17,638840.0303413244
2026-02-18,643593.9204738648
2026-02-19,642875.7692516488
2026-02-20,648381.1481991762
2026-02-23,646672.717479283
2026-02-24,649469.7028216583
2026-02-25,653125.850288971
2026-02-26,650889.6897316462
2026-02-27,651289.4757216651
2026-03-02,651840.4246857793
2026-03-03,642701.0058662714
2026-03-04,649089.3477577087
2026-03-05,644969.4221153951
2026-03-06,640986.8207362639
2026-03-09,646874.8505095801
2026-03-10,647213.8696345233
2026-03-11,646824.1445307706
2026-03-12,636533.5285973055
2026-03-13,630929.5459241872
2026-03-16,638486.8795733701
2026-03-17,642173.9866876676
2026-03-18,632321.9412684953
2026-03-19,627603.1071685993
2026-03-20,615472.5266609034
2026-03-23,616434.5797084616
2026-03-24,616490.1938581794
2026-03-25,620394.7320550792
2026-03-26,612611.5044589468
2026-03-27,610742.9049420153
2026-03-30,610216.3968178898
2026-03-31,620291.6220906187
2026-04-01,622047.629358794
2026-04-02,623229.322398484
2026-04-06,624632.7528041273
2026-04-07,625615.7417123266
2026-04-08,630223.4924976638
2026-04-09,633504.2591891201
2026-04-10,634148.906051249
2026-04-13,639115.7532282108
2026-04-14,646051.5407038576
2026-04-15,649313.2529079006
2026-04-16,651206.494846764
2026-04-17,656583.5583582647
2026-04-20,655735.7701951065
2026-04-21,653009.9723795099
2026-04-22,660766.5246427129
2026-04-23,659498.6773432799
2026-04-24,667775.5722289156
2026-04-27,668245.2090355651
2026-04-28,663413.9744964035
2026-04-29,665617.0462476606
2026-04-30,670649.1684005404
2026-05-01,674061.4740967173
2026-05-04,671317.6170282476
2026-05-05,680913.2550775247
2026-05-06,695647.0944223839
2026-05-07,692952.9046469948
2026-05-08,708179.5231965377
2026-05-11,712639.4080605443
2026-05-12,707462.9898760251
2026-05-13,712806.0995701595
2026-05-14,717882.4087944762
2026-05-15,704004.1475427425
2026-05-18,700816.6264619422
2026-05-19,694989.3084349604
2026-05-20,706270.168809023
2026-05-21,707337.1406768444
2026-05-22,710660.0460411942
2026-05-25,710660.0460411942
2026-05-26,722395.1489689559
2026-05-27,719550.031238579
2026-05-28,725408.0483092773
2026-05-29,727895.9805616883
2026-06-01,733685.2443566519
2026-06-02,740339.5542994551
2026-06-03,737094.5607753788
2026-06-04,733489.7067339418
2026-06-05,698350.2488612861
2026-06-08,710245.1311878767
2026-06-09,702299.7584236888
2026-06-10,685169.7615269726
2026-06-11,710772.6743268396
2026-06-12,716002.374360287
2026-06-15,735235.7550321423
2026-06-16,721983.5487896255
2026-06-17,715955.4985283915
2026-06-18,731997.4780327857
2026-06-22,731701.0425840649
2026-06-23,708309.0691201036
2026-06-24,704278.6286670635
2026-06-25,711942.2981212687
2026-06-26,701431.7626651077
2026-06-29,718459.9769449481
2026-06-30,731438.2557661594
2026-07-01,719765.2757413713
2026-07-02,709448.6793732382
2026-07-06,715957.2962269487
2026-07-07,707780.6544803791
2026-07-08,710802.525233492
2026-07-09,719893.8772516052
2026-07-10,722171.5081167413
2026-07-13,713386.0425889539
2026-07-14,720938.4934183741
2026-07-15,719655.7647071747
2026-07-16,711858.6866583052
2026-07-17,704618.8364972902
2026-07-20,704728.5985943329
2026-07-21,717418.1301591523
2026-07-22,717253.253485329
2026-07-23,708625.1339267041
2026-07-24,702362.9309776656
2026-07-27,698702.5229780257
2026-07-28,692893.7953161201
2026-07-29,680001.0696421212
2026-07-30,698358.8812054058
2026-07-31,699678.4877599003
2026-08-03,705107.0531897859
2026-08-04,718669.4610074839
2026-08-05,718035.926932948
2026-08-06,717280.3474091152
2026-08-07,722306.8438066945
2026-08-10,721699.4302184368
2026-08-11,720888.5624107323
2026-08-12,725578.2949908301
2026-08-13,728951.7073437767
2026-08-14,728782.7849167252
2026-08-17,728746.2066629707
2026-08-18,720757.9634985721
2026-08-19,721740.4205678068
2026-08-20,718078.414315153
2026-08-21,720848.0408729012
2026-08-24,715539.4296965108
2026-08-25,719219.137809805
2026-08-26,719646.7732524155
2026-08-27,728168.8718871877
2026-08-28,723042.1010707828
2026-08-31,723185.9675468729
2026-09-01,717532.6983698795
2026-09-02,720280.5141257503
2026-09-03,725112.8007943836
2026-09-04,725901.9098633324
2026-09-07,725874.8786811101
2026-09-08,724933.8467340884
2026-09-09,724811.1744111762
2026-09-10,717049.7706432755
2026-09-11,722058.674729808
2026-09-14,714541.4864656188
2026-09-15,712690.4903076312
2026-09-16,711796.1585950415
2026-09-17,721731.4976051361
2026-09-18,724675.9861702987
2026-09-21,739630.7990600865
2026-09-22,743725.5064367157
2026-09-23,737579.0584637419
2026-09-24,736183.6674637638
2026-09-25,739276.1342006433
