Portfolio,Start,End,Years,Total Return %,CAGR %,Volatility %,Sharpe,Sortino,Max Drawdown %,Calmar,Positive Months %,Best Year %,Worst Year %,Final Equity,NTSX %,Platinum %,F-TAA %
grid,2007-12-05,2026-10-05,18.81,244.91,6.8,11.76,0.449,0.559,-23.04,0.295,63.88,27.23,-14.66,344908.88,0.0,0.0,100.0
grid,2007-12-05,2026-10-05,18.81,253.93,6.95,11.76,0.46,0.576,-22.66,0.307,62.11,27.33,-14.37,353933.38,0.0,2.0,98.0
grid,2007-12-05,2026-10-05,18.81,263.17,7.1,11.76,0.472,0.591,-22.28,0.318,62.56,27.43,-14.08,363168.04,0.0,4.0,96.0
grid,2007-12-05,2026-10-05,18.81,272.62,7.24,11.77,0.483,0.607,-21.9,0.331,62.56,27.52,-13.8,372617.02,0.0,6.0,94.0
grid,2007-12-05,2026-10-05,18.81,282.28,7.39,11.78,0.495,0.622,-21.52,0.343,63.0,27.62,-13.51,382284.53,0.0,8.0,92.0
grid,2007-12-05,2026-10-05,18.81,292.17,7.53,11.79,0.506,0.638,-21.13,0.357,63.0,27.72,-13.22,392174.88,0.0,10.0,90.0
grid,2007-12-05,2026-10-05,18.81,302.29,7.68,11.81,0.517,0.653,-20.9,0.367,63.0,27.81,-12.93,402292.4,0.0,12.0,88.0
grid,2007-12-05,2026-10-05,18.81,312.64,7.83,11.83,0.527,0.667,-20.83,0.376,63.0,27.91,-12.64,412641.51,0.0,14.0,86.0
grid,2007-12-05,2026-10-05,18.81,323.23,7.97,11.85,0.538,0.681,-20.76,0.384,62.56,28.01,-12.35,423226.69,0.0,16.0,84.0
grid,2007-12-05,2026-10-05,18.81,334.05,8.12,11.88,0.548,0.695,-20.68,0.392,62.11,28.1,-12.05,434052.5,0.0,18.0,82.0
grid,2007-12-05,2026-10-05,18.81,345.12,8.26,11.91,0.558,0.709,-20.61,0.401,62.56,28.2,-11.76,445123.52,0.0,20.0,80.0
grid,2007-12-05,2026-10-05,18.81,356.44,8.4,11.94,0.568,0.722,-20.53,0.409,63.0,28.29,-11.47,456444.46,0.0,22.0,78.0
grid,2007-12-05,2026-10-05,18.81,368.02,8.55,11.98,0.578,0.735,-20.46,0.418,63.0,28.39,-11.57,468020.03,0.0,24.0,76.0
grid,2007-12-05,2026-10-05,18.81,379.86,8.69,12.02,0.588,0.748,-20.39,0.426,63.0,28.48,-11.91,479855.06,0.0,26.0,74.0
grid,2007-12-05,2026-10-05,18.81,391.95,8.84,12.06,0.597,0.76,-20.31,0.435,63.44,28.58,-12.25,491954.42,0.0,28.0,72.0
grid,2007-12-05,2026-10-05,18.81,404.32,8.98,12.11,0.606,0.772,-20.24,0.444,63.44,28.67,-12.59,504323.05,0.0,30.0,70.0
grid,2007-12-05,2026-10-05,18.81,416.97,9.12,12.16,0.615,0.783,-20.17,0.452,64.32,28.76,-12.93,516965.95,0.0,32.0,68.0
grid,2007-12-05,2026-10-05,18.81,429.89,9.27,12.21,0.623,0.794,-20.1,0.461,64.32,28.86,-13.26,529888.21,0.0,34.0,66.0
grid,2007-12-05,2026-10-05,18.81,443.09,9.41,12.27,0.632,0.805,-20.02,0.47,64.32,28.95,-13.6,543094.97,0.0,36.0,64.0
grid,2007-12-05,2026-10-05,18.81,456.59,9.55,12.33,0.64,0.815,-19.95,0.479,64.32,29.04,-13.94,556591.45,0.0,38.0,62.0
grid,2007-12-05,2026-10-05,18.81,470.38,9.7,12.39,0.648,0.825,-19.88,0.488,64.76,29.14,-14.27,570382.92,0.0,40.0,60.0
grid,2007-12-05,2026-10-05,18.81,484.47,9.84,12.46,0.655,0.834,-19.8,0.497,64.32,29.23,-14.61,584474.73,0.0,42.0,58.0
grid,2007-12-05,2026-10-05,18.81,498.87,9.98,12.52,0.663,0.843,-19.73,0.506,64.32,29.32,-14.94,598872.31,0.0,44.0,56.0
grid,2007-12-05,2026-10-05,18.81,513.58,10.12,12.6,0.67,0.851,-19.66,0.515,64.32,29.41,-15.27,613581.13,0.0,46.0,54.0
grid,2007-12-05,2026-10-05,18.81,528.61,10.26,12.67,0.677,0.86,-19.59,0.524,64.32,29.51,-15.6,628606.77,0.0,48.0,52.0
grid,2007-12-05,2026-10-05,18.81,543.95,10.41,12.75,0.684,0.867,-19.51,0.533,64.32,29.6,-15.94,643954.83,0.0,50.0,50.0
grid,2007-12-05,2026-10-05,18.81,559.63,10.55,12.83,0.69,0.875,-19.44,0.543,63.88,29.69,-16.27,659631.02,0.0,52.0,48.0
grid,2007-12-05,2026-10-05,18.81,575.64,10.69,12.91,0.697,0.882,-19.37,0.552,63.44,29.78,-16.6,675641.11,0.0,54.0,46.0
grid,2007-12-05,2026-10-05,18.81,591.99,10.83,12.99,0.703,0.888,-19.3,0.561,63.88,29.87,-16.93,691990.92,0.0,56.0,44.0
grid,2007-12-05,2026-10-05,18.81,608.69,10.97,13.08,0.709,0.894,-19.23,0.571,63.88,30.07,-17.25,708686.36,0.0,58.0,42.0
grid,2007-12-05,2026-10-05,18.81,625.73,11.11,13.17,0.714,0.9,-19.15,0.58,63.88,30.66,-17.58,725733.4,0.0,60.0,40.0
grid,2007-12-05,2026-10-05,18.81,643.14,11.25,13.26,0.72,0.906,-19.34,0.582,63.44,31.26,-17.91,743138.09,0.0,62.0,38.0
grid,2007-12-05,2026-10-05,18.81,660.91,11.39,13.36,0.725,0.911,-19.71,0.578,63.88,31.86,-18.23,760906.53,0.0,64.0,36.0
grid,2007-12-05,2026-10-05,18.81,679.04,11.53,13.45,0.73,0.916,-20.08,0.574,63.44,32.46,-18.56,779044.91,0.0,66.0,34.0
grid,2007-12-05,2026-10-05,18.81,697.56,11.67,13.55,0.735,0.921,-20.44,0.571,63.44,33.07,-18.88,797559.47,0.0,68.0,32.0
grid,2007-12-05,2026-10-05,18.81,716.46,11.81,13.65,0.74,0.925,-20.8,0.568,63.44,33.67,-19.2,816456.55,0.0,70.0,30.0
grid,2007-12-05,2026-10-05,18.81,735.74,11.95,13.76,0.744,0.93,-21.17,0.564,63.44,34.28,-19.53,835742.51,0.0,72.0,28.0
grid,2007-12-05,2026-10-05,18.81,755.42,12.09,13.86,0.748,0.933,-21.53,0.561,63.44,34.89,-19.85,855423.83,0.0,74.0,26.0
grid,2007-12-05,2026-10-05,18.81,775.51,12.22,13.97,0.753,0.937,-21.89,0.558,63.0,35.5,-20.17,875507.03,0.0,76.0,24.0
grid,2007-12-05,2026-10-05,18.81,796.0,12.36,14.08,0.757,0.941,-22.25,0.556,63.0,36.11,-20.49,895998.7,0.0,78.0,22.0
grid,2007-12-05,2026-10-05,18.81,816.91,12.5,14.19,0.76,0.944,-22.6,0.553,63.44,36.73,-20.81,916905.5,0.0,80.0,20.0
grid,2007-12-05,2026-10-05,18.81,838.23,12.64,14.31,0.764,0.948,-22.96,0.55,63.88,37.34,-21.13,938234.16,0.0,82.0,18.0
grid,2007-12-05,2026-10-05,18.81,859.99,12.77,14.42,0.767,0.951,-23.32,0.548,63.44,37.96,-21.44,959991.49,0.0,84.0,16.0
grid,2007-12-05,2026-10-05,18.81,882.18,12.91,14.54,0.771,0.954,-23.67,0.545,63.44,38.58,-21.76,982184.35,0.0,86.0,14.0
grid,2007-12-05,2026-10-05,18.81,904.82,13.05,14.66,0.774,0.956,-24.02,0.543,63.44,39.21,-22.07,1004819.66,0.0,88.0,12.0
grid,2007-12-05,2026-10-05,18.81,927.9,13.18,14.78,0.777,0.958,-24.38,0.541,63.44,39.83,-22.39,1027904.42,0.0,90.0,10.0
grid,2007-12-05,2026-10-05,18.81,951.45,13.32,14.9,0.78,0.96,-24.73,0.539,63.44,40.46,-22.7,1051445.7,0.0,92.0,8.0
grid,2007-12-05,2026-10-05,18.81,975.45,13.46,15.03,0.783,0.962,-25.11,0.536,63.44,41.09,-23.02,1075450.63,0.0,94.0,6.0
grid,2007-12-05,2026-10-05,18.81,999.93,13.59,15.16,0.785,0.965,-25.53,0.533,63.44,41.72,-23.33,1099926.4,0.0,96.0,4.0
grid,2007-12-05,2026-10-05,18.81,1024.88,13.73,15.28,0.788,0.967,-25.94,0.529,63.44,42.35,-23.64,1124880.26,0.0,98.0,2.0
grid,2007-12-05,2026-10-05,18.81,1050.32,13.86,15.41,0.79,0.968,-26.35,0.526,63.44,42.99,-23.95,1150319.55,0.0,100.0,0.0
grid,2007-12-05,2026-10-05,18.81,247.68,6.85,11.71,0.454,0.567,-23.19,0.295,62.11,26.85,-14.59,347708.43,2.0,0.0,98.0
grid,2007-12-05,2026-10-05,18.81,256.77,6.99,11.71,0.465,0.583,-22.81,0.307,61.67,26.94,-14.31,356804.21,2.0,2.0,96.0
grid,2007-12-05,2026-10-05,18.81,266.08,7.14,11.71,0.477,0.599,-22.43,0.318,62.11,27.04,-14.02,366111.74,2.0,4.0,94.0
grid,2007-12-05,2026-10-05,18.81,275.6,7.29,11.72,0.488,0.615,-22.05,0.33,62.11,27.14,-13.73,375635.23,2.0,6.0,92.0
grid,2007-12-05,2026-10-05,18.81,285.35,7.43,11.73,0.5,0.63,-21.67,0.343,62.56,27.23,-13.44,385378.93,2.0,8.0,90.0
grid,2007-12-05,2026-10-05,18.81,295.31,7.58,11.74,0.511,0.645,-21.29,0.356,62.56,27.33,-13.15,395347.15,2.0,10.0,88.0
grid,2007-12-05,2026-10-05,18.81,305.51,7.73,11.76,0.522,0.66,-20.9,0.37,62.56,27.43,-12.86,405544.29,2.0,12.0,86.0
grid,2007-12-05,2026-10-05,18.81,315.94,7.87,11.78,0.533,0.675,-20.82,0.378,62.56,27.52,-12.57,415974.78,2.0,14.0,84.0
grid,2007-12-05,2026-10-05,18.81,326.61,8.02,11.8,0.543,0.689,-20.74,0.386,62.56,27.62,-12.28,426643.14,2.0,16.0,82.0
grid,2007-12-05,2026-10-05,18.81,337.52,8.16,11.83,0.554,0.703,-20.67,0.395,62.56,27.71,-11.99,437553.94,2.0,18.0,80.0
grid,2007-12-05,2026-10-05,18.81,348.67,8.31,11.86,0.564,0.717,-20.6,0.403,62.11,27.81,-11.7,448711.84,2.0,20.0,78.0
grid,2007-12-05,2026-10-05,18.81,360.08,8.45,11.89,0.574,0.73,-20.52,0.412,62.56,27.9,-11.4,460121.54,2.0,22.0,76.0
grid,2007-12-05,2026-10-05,18.81,371.75,8.6,11.93,0.583,0.743,-20.45,0.42,63.0,28.0,-11.66,471787.81,2.0,24.0,74.0
grid,2007-12-05,2026-10-05,18.81,383.67,8.74,11.97,0.593,0.756,-20.38,0.429,62.56,28.09,-12.0,483715.5,2.0,26.0,72.0
grid,2007-12-05,2026-10-05,18.81,395.87,8.88,12.01,0.602,0.768,-20.3,0.438,63.0,28.19,-12.34,495909.52,2.0,28.0,70.0
grid,2007-12-05,2026-10-05,18.81,408.33,9.03,12.06,0.611,0.78,-20.23,0.446,63.0,28.28,-12.68,508374.85,2.0,30.0,68.0
grid,2007-12-05,2026-10-05,18.81,421.07,9.17,12.11,0.62,0.791,-20.16,0.455,63.44,28.38,-13.02,521116.53,2.0,32.0,66.0
grid,2007-12-05,2026-10-05,18.81,434.09,9.31,12.17,0.629,0.802,-20.08,0.464,63.0,28.47,-13.36,534139.67,2.0,34.0,64.0
grid,2007-12-05,2026-10-05,18.81,447.4,9.46,12.22,0.637,0.813,-20.01,0.473,63.44,28.56,-13.69,547449.47,2.0,36.0,62.0
grid,2007-12-05,2026-10-05,18.81,461.0,9.6,12.28,0.645,0.823,-19.94,0.482,64.32,28.66,-14.03,561051.16,2.0,38.0,60.0
grid,2007-12-05,2026-10-05,18.81,474.9,9.74,12.34,0.653,0.833,-19.86,0.49,63.88,28.75,-14.36,574950.07,2.0,40.0,58.0
grid,2007-12-05,2026-10-05,18.81,489.1,9.88,12.41,0.661,0.842,-19.79,0.499,63.88,28.84,-14.7,589151.58,2.0,42.0,56.0
grid,2007-12-05,2026-10-05,18.81,503.61,10.03,12.48,0.668,0.851,-19.72,0.509,63.44,28.93,-15.03,603661.16,2.0,44.0,54.0
grid,2007-12-05,2026-10-05,18.81,518.43,10.17,12.55,0.675,0.859,-19.65,0.518,63.88,29.03,-15.36,618484.33,2.0,46.0,52.0
grid,2007-12-05,2026-10-05,18.81,533.57,10.31,12.62,0.682,0.867,-19.57,0.527,63.88,29.12,-15.7,633626.68,2.0,48.0,50.0
grid,2007-12-05,2026-10-05,18.81,549.04,10.45,12.7,0.689,0.875,-19.5,0.536,63.44,29.21,-16.03,649093.89,2.0,50.0,48.0
grid,2007-12-05,2026-10-05,18.81,564.83,10.59,12.78,0.696,0.882,-19.43,0.545,63.88,29.3,-16.36,664891.68,2.0,52.0,46.0
grid,2007-12-05,2026-10-05,18.81,580.97,10.73,12.86,0.702,0.889,-19.36,0.555,63.44,29.39,-16.69,681025.87,2.0,54.0,44.0
grid,2007-12-05,2026-10-05,18.81,597.44,10.88,12.95,0.708,0.896,-19.28,0.564,63.44,29.48,-17.02,697502.32,2.0,56.0,42.0
grid,2007-12-05,2026-10-05,18.81,614.26,11.02,13.03,0.714,0.902,-19.21,0.573,63.44,30.05,-17.34,714326.99,2.0,58.0,40.0
grid,2007-12-05,2026-10-05,18.81,631.44,11.16,13.12,0.719,0.908,-19.14,0.583,63.44,30.65,-17.67,731505.89,2.0,60.0,38.0
grid,2007-12-05,2026-10-05,18.81,648.98,11.3,13.22,0.725,0.913,-19.45,0.581,63.0,31.25,-18.0,749045.1,2.0,62.0,36.0
grid,2007-12-05,2026-10-05,18.81,666.88,11.44,13.31,0.73,0.918,-19.82,0.577,63.44,31.85,-18.32,766950.78,2.0,64.0,34.0
grid,2007-12-05,2026-10-05,18.81,685.16,11.58,13.41,0.735,0.923,-20.18,0.574,63.44,32.45,-18.65,785229.16,2.0,66.0,32.0
grid,2007-12-05,2026-10-05,18.81,703.82,11.72,13.51,0.74,0.928,-20.55,0.57,63.44,33.05,-18.97,803886.52,2.0,68.0,30.0
grid,2007-12-05,2026-10-05,18.81,722.86,11.85,13.61,0.745,0.932,-20.91,0.567,63.44,33.66,-19.29,822929.24,2.0,70.0,28.0
grid,2007-12-05,2026-10-05,18.81,742.29,11.99,13.71,0.749,0.936,-21.27,0.564,63.44,34.26,-19.61,842363.74,2.0,72.0,26.0
grid,2007-12-05,2026-10-05,18.81,762.12,12.13,13.82,0.753,0.94,-21.63,0.561,63.88,34.87,-19.94,862196.53,2.0,74.0,24.0
grid,2007-12-05,2026-10-05,18.81,782.36,12.27,13.93,0.757,0.944,-21.99,0.558,63.44,35.48,-20.26,882434.18,2.0,76.0,22.0
grid,2007-12-05,2026-10-05,18.81,803.0,12.41,14.04,0.761,0.947,-22.35,0.555,63.0,36.1,-20.58,903083.33,2.0,78.0,20.0
grid,2007-12-05,2026-10-05,18.81,824.07,12.55,14.15,0.765,0.95,-22.71,0.552,63.44,36.71,-20.89,924150.69,2.0,80.0,18.0
grid,2007-12-05,2026-10-05,18.81,845.56,12.68,14.26,0.769,0.954,-23.06,0.55,63.88,37.33,-21.21,945643.03,2.0,82.0,16.0
grid,2007-12-05,2026-10-05,18.81,867.48,12.82,14.38,0.772,0.956,-23.42,0.547,63.88,37.95,-21.53,967567.21,2.0,84.0,14.0
grid,2007-12-05,2026-10-05,18.81,889.84,12.96,14.5,0.775,0.959,-23.77,0.545,63.44,38.57,-21.85,989930.13,2.0,86.0,12.0
grid,2007-12-05,2026-10-05,18.81,912.65,13.1,14.62,0.778,0.961,-24.13,0.543,63.44,39.19,-22.16,1012738.77,2.0,88.0,10.0
grid,2007-12-05,2026-10-05,18.81,935.91,13.23,14.74,0.781,0.964,-24.48,0.541,63.88,39.82,-22.48,1036000.19,2.0,90.0,8.0
grid,2007-12-05,2026-10-05,18.81,959.63,13.37,14.86,0.784,0.966,-24.83,0.538,63.44,40.44,-22.79,1059721.48,2.0,92.0,6.0
grid,2007-12-05,2026-10-05,18.81,983.82,13.5,14.99,0.787,0.968,-25.24,0.535,63.44,41.07,-23.1,1083909.84,2.0,94.0,4.0
grid,2007-12-05,2026-10-05,18.81,1008.48,13.64,15.12,0.79,0.97,-25.66,0.532,63.88,41.71,-23.42,1108572.49,2.0,96.0,2.0
grid,2007-12-05,2026-10-05,18.81,1033.62,13.78,15.24,0.792,0.972,-26.07,0.528,63.88,42.34,-23.73,1133716.76,2.0,98.0,0.0
grid,2007-12-05,2026-10-05,18.81,250.45,6.89,11.66,0.459,0.574,-23.34,0.295,62.11,26.46,-14.53,350515.98,4.0,0.0,96.0
grid,2007-12-05,2026-10-05,18.81,259.62,7.04,11.66,0.47,0.59,-22.96,0.307,62.11,26.56,-14.24,359683.21,4.0,2.0,94.0
grid,2007-12-05,2026-10-05,18.81,269.0,7.19,11.67,0.482,0.606,-22.59,0.318,62.11,26.65,-13.96,369063.82,4.0,4.0,92.0
grid,2007-12-05,2026-10-05,18.81,278.6,7.33,11.67,0.494,0.622,-22.21,0.33,62.11,26.75,-13.67,378662.02,4.0,6.0,90.0
grid,2007-12-05,2026-10-05,18.81,288.41,7.48,11.68,0.505,0.637,-21.82,0.343,62.56,26.85,-13.38,388482.09,4.0,8.0,88.0
grid,2007-12-05,2026-10-05,18.81,298.46,7.62,11.7,0.516,0.653,-21.44,0.356,62.56,26.94,-13.09,398528.4,4.0,10.0,86.0
grid,2007-12-05,2026-10-05,18.81,308.73,7.77,11.71,0.527,0.668,-21.06,0.369,62.56,27.04,-12.8,408805.36,4.0,12.0,84.0
grid,2007-12-05,2026-10-05,18.81,319.24,7.92,11.73,0.538,0.683,-20.81,0.38,62.56,27.14,-12.51,419317.44,4.0,14.0,82.0
grid,2007-12-05,2026-10-05,18.81,329.99,8.06,11.76,0.548,0.697,-20.73,0.389,62.56,27.23,-12.22,430069.18,4.0,16.0,80.0
grid,2007-12-05,2026-10-05,18.81,340.99,8.21,11.78,0.559,0.711,-20.66,0.397,62.56,27.33,-11.92,441065.21,4.0,18.0,78.0
grid,2007-12-05,2026-10-05,18.81,352.23,8.35,11.81,0.569,0.725,-20.58,0.406,63.44,27.42,-11.63,452310.2,4.0,20.0,76.0
grid,2007-12-05,2026-10-05,18.81,363.73,8.5,11.85,0.579,0.738,-20.51,0.414,63.0,27.52,-11.41,463808.89,4.0,22.0,74.0
grid,2007-12-05,2026-10-05,18.81,375.48,8.64,11.88,0.589,0.751,-20.44,0.423,63.0,27.61,-11.75,475566.09,4.0,24.0,72.0
grid,2007-12-05,2026-10-05,18.81,387.5,8.78,11.92,0.598,0.764,-20.36,0.431,63.44,27.71,-12.1,487586.68,4.0,26.0,70.0
grid,2007-12-05,2026-10-05,18.81,399.79,8.93,11.97,0.608,0.776,-20.29,0.44,63.44,27.8,-12.44,499875.6,4.0,28.0,68.0
grid,2007-12-05,2026-10-05,18.81,412.35,9.07,12.02,0.617,0.788,-20.22,0.449,63.44,27.89,-12.77,512437.87,4.0,30.0,66.0
grid,2007-12-05,2026-10-05,18.81,425.19,9.22,12.07,0.625,0.799,-20.14,0.458,63.44,27.99,-13.11,525278.58,4.0,32.0,64.0
grid,2007-12-05,2026-10-05,18.81,438.31,9.36,12.12,0.634,0.81,-20.07,0.466,63.0,28.08,-13.45,538402.86,4.0,34.0,62.0
grid,2007-12-05,2026-10-05,18.81,451.72,9.5,12.18,0.642,0.821,-20.0,0.475,63.44,28.18,-13.79,551815.95,4.0,36.0,60.0
grid,2007-12-05,2026-10-05,18.81,465.42,9.65,12.24,0.651,0.831,-19.92,0.484,63.44,28.27,-14.12,565523.12,4.0,38.0,58.0
grid,2007-12-05,2026-10-05,18.81,479.43,9.79,12.3,0.658,0.841,-19.85,0.493,63.44,28.36,-14.46,579529.74,4.0,40.0,56.0
grid,2007-12-05,2026-10-05,18.81,493.74,9.93,12.36,0.666,0.85,-19.78,0.502,63.0,28.45,-14.79,593841.23,4.0,42.0,54.0
grid,2007-12-05,2026-10-05,18.81,508.36,10.07,12.43,0.674,0.859,-19.71,0.511,63.0,28.55,-15.12,608463.09,4.0,44.0,52.0
grid,2007-12-05,2026-10-05,18.81,523.29,10.21,12.5,0.681,0.867,-19.63,0.52,63.88,28.64,-15.46,623400.88,4.0,46.0,50.0
grid,2007-12-05,2026-10-05,18.81,538.55,10.36,12.58,0.688,0.875,-19.56,0.529,63.88,28.73,-15.79,638660.24,4.0,48.0,48.0
grid,2007-12-05,2026-10-05,18.81,554.13,10.5,12.65,0.694,0.883,-19.49,0.539,63.88,28.82,-16.12,654246.88,4.0,50.0,46.0
grid,2007-12-05,2026-10-05,18.81,570.05,10.64,12.73,0.701,0.89,-19.42,0.548,63.88,28.91,-16.45,670166.57,4.0,52.0,44.0
grid,2007-12-05,2026-10-05,18.81,586.31,10.78,12.82,0.707,0.897,-19.34,0.557,63.88,29.0,-16.78,686425.16,4.0,54.0,42.0
grid,2007-12-05,2026-10-05,18.81,602.91,10.92,12.9,0.713,0.903,-19.27,0.567,63.44,29.45,-17.11,703028.57,4.0,56.0,40.0
grid,2007-12-05,2026-10-05,18.81,619.86,11.06,12.99,0.719,0.909,-19.2,0.576,63.44,30.04,-17.43,719982.78,4.0,58.0,38.0
grid,2007-12-05,2026-10-05,18.81,637.17,11.2,13.08,0.725,0.915,-19.19,0.584,63.44,30.64,-17.76,737293.86,4.0,60.0,36.0
grid,2007-12-05,2026-10-05,18.81,654.84,11.34,13.17,0.73,0.92,-19.56,0.58,63.0,31.23,-18.09,754967.92,4.0,62.0,34.0
grid,2007-12-05,2026-10-05,18.81,672.88,11.48,13.27,0.735,0.925,-19.93,0.576,63.0,31.83,-18.41,773011.17,4.0,64.0,32.0
grid,2007-12-05,2026-10-05,18.81,691.29,11.62,13.36,0.74,0.93,-20.29,0.573,63.0,32.43,-18.74,791429.88,4.0,66.0,30.0
grid,2007-12-05,2026-10-05,18.81,710.09,11.76,13.46,0.745,0.934,-20.65,0.569,63.0,33.04,-19.06,810230.39,4.0,68.0,28.0
grid,2007-12-05,2026-10-05,18.81,729.27,11.9,13.57,0.75,0.938,-21.02,0.566,63.0,33.64,-19.38,829419.09,4.0,70.0,26.0
grid,2007-12-05,2026-10-05,18.81,748.85,12.04,13.67,0.754,0.942,-21.38,0.563,63.44,34.25,-19.7,849002.48,4.0,72.0,24.0
grid,2007-12-05,2026-10-05,18.81,768.84,12.18,13.78,0.758,0.946,-21.74,0.56,63.44,34.86,-20.02,868987.11,4.0,74.0,22.0
grid,2007-12-05,2026-10-05,18.81,789.22,12.32,13.89,0.762,0.95,-22.1,0.557,63.0,35.47,-20.34,889379.58,4.0,76.0,20.0
grid,2007-12-05,2026-10-05,18.81,810.03,12.45,14.0,0.766,0.953,-22.46,0.555,62.56,36.08,-20.66,910186.58,4.0,78.0,18.0
grid,2007-12-05,2026-10-05,18.81,831.25,12.59,14.11,0.77,0.956,-22.81,0.552,63.0,36.7,-20.98,931414.88,4.0,80.0,16.0
grid,2007-12-05,2026-10-05,18.81,852.91,12.73,14.22,0.773,0.96,-23.17,0.549,63.0,37.31,-21.3,953071.29,4.0,82.0,14.0
grid,2007-12-05,2026-10-05,18.81,874.99,12.87,14.34,0.777,0.962,-23.52,0.547,63.44,37.93,-21.62,975162.7,4.0,84.0,12.0
grid,2007-12-05,2026-10-05,18.81,897.52,13.0,14.46,0.78,0.965,-23.88,0.545,63.0,38.55,-21.93,997696.09,4.0,86.0,10.0
grid,2007-12-05,2026-10-05,18.81,920.5,13.14,14.58,0.783,0.967,-24.23,0.542,63.0,39.18,-22.25,1020678.47,4.0,88.0,8.0
grid,2007-12-05,2026-10-05,18.81,943.93,13.28,14.7,0.786,0.969,-24.58,0.54,63.0,39.8,-22.56,1044116.94,4.0,90.0,6.0
grid,2007-12-05,2026-10-05,18.81,967.83,13.41,14.82,0.789,0.971,-24.96,0.537,63.0,40.43,-22.88,1068018.67,4.0,92.0,4.0
grid,2007-12-05,2026-10-05,18.81,992.2,13.55,14.95,0.791,0.973,-25.38,0.534,63.0,41.06,-23.19,1092390.87,4.0,94.0,2.0
grid,2007-12-05,2026-10-05,18.81,1017.05,13.69,15.08,0.794,0.975,-25.79,0.531,63.44,41.69,-23.5,1117240.85,4.0,96.0,0.0
grid,2007-12-05,2026-10-05,18.81,253.24,6.94,11.62,0.463,0.581,-23.49,0.295,62.11,26.07,-14.47,353331.37,6.0,0.0,94.0
grid,2007-12-05,2026-10-05,18.81,262.48,7.08,11.62,0.475,0.597,-23.12,0.306,62.11,26.17,-14.18,362570.24,6.0,2.0,92.0
grid,2007-12-05,2026-10-05,18.81,271.93,7.23,11.62,0.487,0.613,-22.74,0.318,62.11,26.27,-13.89,372024.1,6.0,4.0,90.0
grid,2007-12-05,2026-10-05,18.81,281.6,7.38,11.63,0.499,0.629,-22.36,0.33,62.11,26.36,-13.6,381697.2,6.0,6.0,88.0
grid,2007-12-05,2026-10-05,18.81,291.49,7.52,11.64,0.51,0.645,-21.98,0.342,62.56,26.46,-13.32,391593.85,6.0,8.0,86.0
grid,2007-12-05,2026-10-05,18.81,301.61,7.67,11.65,0.521,0.66,-21.6,0.355,62.56,26.56,-13.03,401718.44,6.0,10.0,84.0
grid,2007-12-05,2026-10-05,18.81,311.97,7.82,11.67,0.532,0.675,-21.21,0.368,62.56,26.65,-12.74,412075.42,6.0,12.0,82.0
grid,2007-12-05,2026-10-05,18.81,322.56,7.96,11.69,0.543,0.69,-20.83,0.382,62.56,26.75,-12.44,422669.29,6.0,14.0,80.0
grid,2007-12-05,2026-10-05,18.81,333.39,8.11,11.71,0.554,0.705,-20.72,0.391,62.56,26.84,-12.15,433504.64,6.0,16.0,78.0
grid,2007-12-05,2026-10-05,18.81,344.47,8.25,11.74,0.564,0.719,-20.65,0.4,63.0,26.94,-11.86,444586.1,6.0,18.0,76.0
grid,2007-12-05,2026-10-05,18.81,355.8,8.4,11.77,0.574,0.733,-20.57,0.408,63.44,27.04,-11.57,455918.39,6.0,20.0,74.0
grid,2007-12-05,2026-10-05,18.81,367.38,8.54,11.8,0.584,0.746,-20.5,0.417,63.44,27.13,-11.51,467506.29,6.0,22.0,72.0
grid,2007-12-05,2026-10-05,18.81,379.23,8.69,11.84,0.594,0.759,-20.43,0.425,63.88,27.22,-11.85,479354.65,6.0,24.0,70.0
grid,2007-12-05,2026-10-05,18.81,391.34,8.83,11.88,0.604,0.772,-20.35,0.434,63.44,27.32,-12.19,491468.36,6.0,26.0,68.0
grid,2007-12-05,2026-10-05,18.81,403.72,8.97,11.92,0.613,0.784,-20.28,0.443,63.88,27.41,-12.53,503852.43,6.0,28.0,66.0
grid,2007-12-05,2026-10-05,18.81,416.38,9.12,11.97,0.622,0.796,-20.2,0.451,63.88,27.51,-12.87,516511.89,6.0,30.0,64.0
grid,2007-12-05,2026-10-05,18.81,429.31,9.26,12.02,0.631,0.807,-20.13,0.46,63.88,27.6,-13.21,529451.86,6.0,32.0,62.0
grid,2007-12-05,2026-10-05,18.81,442.54,9.41,12.08,0.639,0.818,-20.06,0.469,63.44,27.69,-13.54,542677.53,6.0,34.0,60.0
grid,2007-12-05,2026-10-05,18.81,456.05,9.55,12.13,0.648,0.829,-19.99,0.478,63.44,27.79,-13.88,556194.16,6.0,36.0,58.0
grid,2007-12-05,2026-10-05,18.81,469.86,9.69,12.19,0.656,0.839,-19.91,0.487,63.0,27.88,-14.22,570007.07,6.0,38.0,56.0
grid,2007-12-05,2026-10-05,18.81,483.97,9.83,12.25,0.664,0.849,-19.84,0.496,63.44,27.97,-14.55,584121.66,6.0,40.0,54.0
grid,2007-12-05,2026-10-05,18.81,498.39,9.98,12.32,0.671,0.858,-19.77,0.505,63.0,28.07,-14.88,598543.39,6.0,42.0,52.0
grid,2007-12-05,2026-10-05,18.81,513.12,10.12,12.39,0.679,0.867,-19.69,0.514,63.0,28.16,-15.22,613277.8,6.0,44.0,50.0
grid,2007-12-05,2026-10-05,18.81,528.17,10.26,12.46,0.686,0.875,-19.62,0.523,63.44,28.25,-15.55,628330.49,6.0,46.0,48.0
grid,2007-12-05,2026-10-05,18.81,543.54,10.4,12.54,0.693,0.883,-19.55,0.532,63.44,28.34,-15.88,643707.14,6.0,48.0,46.0
grid,2007-12-05,2026-10-05,18.81,559.24,10.54,12.61,0.7,0.89,-19.47,0.541,63.44,28.43,-16.21,659413.5,6.0,50.0,44.0
grid,2007-12-05,2026-10-05,18.81,575.28,10.69,12.69,0.706,0.897,-19.4,0.551,63.88,28.52,-16.54,675455.38,6.0,52.0,42.0
grid,2007-12-05,2026-10-05,18.81,591.66,10.83,12.77,0.712,0.904,-19.33,0.56,63.88,28.84,-16.87,691838.68,6.0,54.0,40.0
grid,2007-12-05,2026-10-05,18.81,608.38,10.97,12.86,0.718,0.91,-19.26,0.57,63.44,29.43,-17.2,708569.34,6.0,56.0,38.0
grid,2007-12-05,2026-10-05,18.81,625.46,11.11,12.95,0.724,0.916,-19.18,0.579,63.44,30.03,-17.52,725653.4,6.0,58.0,36.0
grid,2007-12-05,2026-10-05,18.81,642.9,11.25,13.04,0.73,0.922,-19.3,0.583,63.0,30.62,-17.85,743096.97,6.0,60.0,34.0
grid,2007-12-05,2026-10-05,18.81,660.71,11.39,13.13,0.735,0.927,-19.67,0.579,63.0,31.22,-18.18,760906.2,6.0,62.0,32.0
grid,2007-12-05,2026-10-05,18.81,678.88,11.53,13.23,0.74,0.932,-20.03,0.575,63.0,31.82,-18.5,779087.35,6.0,64.0,30.0
grid,2007-12-05,2026-10-05,18.81,697.44,11.67,13.32,0.745,0.937,-20.4,0.572,63.0,32.42,-18.82,797646.72,6.0,66.0,28.0
grid,2007-12-05,2026-10-05,18.81,716.38,11.81,13.42,0.75,0.941,-20.76,0.569,63.0,33.02,-19.15,816590.7,6.0,68.0,26.0
grid,2007-12-05,2026-10-05,18.81,735.71,11.95,13.53,0.754,0.945,-21.12,0.566,63.0,33.63,-19.47,835925.74,6.0,70.0,24.0
grid,2007-12-05,2026-10-05,18.81,755.43,12.09,13.63,0.759,0.949,-21.48,0.563,63.0,34.23,-19.79,855658.36,6.0,72.0,22.0
grid,2007-12-05,2026-10-05,18.81,775.57,12.22,13.74,0.763,0.952,-21.84,0.56,63.44,34.84,-20.11,875795.17,6.0,74.0,20.0
grid,2007-12-05,2026-10-05,18.81,796.11,12.36,13.85,0.767,0.956,-22.2,0.557,63.0,35.45,-20.43,896342.82,6.0,76.0,18.0
grid,2007-12-05,2026-10-05,18.81,817.07,12.5,13.96,0.771,0.959,-22.56,0.554,63.0,36.07,-20.75,917308.04,6.0,78.0,16.0
grid,2007-12-05,2026-10-05,18.81,838.45,12.64,14.07,0.774,0.962,-22.92,0.551,63.0,36.68,-21.07,938697.64,6.0,80.0,14.0
grid,2007-12-05,2026-10-05,18.81,860.27,12.78,14.19,0.778,0.965,-23.27,0.549,63.0,37.3,-21.39,960518.49,6.0,82.0,12.0
grid,2007-12-05,2026-10-05,18.81,882.52,12.91,14.3,0.781,0.968,-23.63,0.547,63.44,37.92,-21.7,982777.53,6.0,84.0,10.0
grid,2007-12-05,2026-10-05,18.81,905.22,13.05,14.42,0.784,0.97,-23.98,0.544,63.44,38.54,-22.02,1005481.77,6.0,86.0,8.0
grid,2007-12-05,2026-10-05,18.81,928.37,13.19,14.54,0.788,0.972,-24.33,0.542,63.88,39.16,-22.33,1028638.28,6.0,88.0,6.0
grid,2007-12-05,2026-10-05,18.81,951.98,13.32,14.66,0.79,0.975,-24.68,0.54,63.44,39.79,-22.65,1052254.21,6.0,90.0,4.0
grid,2007-12-05,2026-10-05,18.81,976.06,13.46,14.79,0.793,0.976,-25.09,0.536,63.44,40.41,-22.96,1076336.77,6.0,92.0,2.0
grid,2007-12-05,2026-10-05,18.81,1000.61,13.6,14.91,0.796,0.978,-25.51,0.533,63.88,41.04,-23.27,1100893.23,6.0,94.0,0.0
grid,2007-12-05,2026-10-05,18.81,256.03,6.98,11.58,0.468,0.588,-23.64,0.295,62.11,25.69,-14.4,356154.43,8.0,0.0,92.0
grid,2007-12-05,2026-10-05,18.81,265.34,7.13,11.58,0.48,0.605,-23.27,0.306,62.56,25.78,-14.12,365465.12,8.0,2.0,90.0
grid,2007-12-05,2026-10-05,18.81,274.86,7.28,11.58,0.492,0.621,-22.89,0.318,62.11,25.88,-13.83,374992.41,8.0,4.0,88.0
grid,2007-12-05,2026-10-05,18.81,284.61,7.42,11.59,0.504,0.637,-22.51,0.33,62.11,25.98,-13.54,384740.59,8.0,6.0,86.0
grid,2007-12-05,2026-10-05,18.81,294.58,7.57,11.6,0.515,0.652,-22.13,0.342,62.11,26.07,-13.25,394714.01,8.0,8.0,84.0
grid,2007-12-05,2026-10-05,18.81,304.78,7.71,11.61,0.526,0.668,-21.75,0.355,62.56,26.17,-12.96,404917.08,8.0,10.0,82.0
grid,2007-12-05,2026-10-05,18.81,315.21,7.86,11.63,0.537,0.683,-21.37,0.368,62.56,26.27,-12.67,415354.27,8.0,12.0,80.0
grid,2007-12-05,2026-10-05,18.81,325.88,8.01,11.65,0.548,0.698,-20.98,0.382,63.0,26.36,-12.38,426030.14,8.0,14.0,78.0
grid,2007-12-05,2026-10-05,18.81,336.8,8.15,11.67,0.559,0.713,-20.71,0.394,63.0,26.46,-12.09,436949.29,8.0,16.0,76.0
grid,2007-12-05,2026-10-05,18.81,347.96,8.3,11.7,0.569,0.727,-20.64,0.402,63.0,26.55,-11.79,448116.4,8.0,18.0,74.0
grid,2007-12-05,2026-10-05,18.81,359.38,8.44,11.73,0.579,0.741,-20.56,0.411,63.44,26.65,-11.5,459536.21,8.0,20.0,72.0
grid,2007-12-05,2026-10-05,18.81,371.05,8.59,11.76,0.589,0.754,-20.49,0.419,63.44,26.74,-11.6,471213.54,8.0,22.0,70.0
grid,2007-12-05,2026-10-05,18.81,382.98,8.73,11.8,0.599,0.767,-20.41,0.428,63.44,26.84,-11.95,483153.27,8.0,24.0,68.0
grid,2007-12-05,2026-10-05,18.81,395.19,8.88,11.84,0.609,0.78,-20.34,0.436,64.76,26.93,-12.29,495360.34,8.0,26.0,66.0
grid,2007-12-05,2026-10-05,18.81,407.66,9.02,11.88,0.618,0.792,-20.27,0.445,64.76,27.03,-12.62,507839.77,8.0,28.0,64.0
grid,2007-12-05,2026-10-05,18.81,420.42,9.16,11.93,0.627,0.804,-20.19,0.454,64.32,27.12,-12.96,520596.65,8.0,30.0,62.0
grid,2007-12-05,2026-10-05,18.81,433.45,9.31,11.98,0.636,0.816,-20.12,0.463,63.88,27.21,-13.3,533636.12,8.0,32.0,60.0
grid,2007-12-05,2026-10-05,18.81,446.77,9.45,12.03,0.645,0.826,-20.05,0.471,63.44,27.31,-13.64,546963.43,8.0,34.0,58.0
grid,2007-12-05,2026-10-05,18.81,460.39,9.59,12.09,0.653,0.837,-19.97,0.48,63.0,27.4,-13.97,560583.84,8.0,36.0,56.0
grid,2007-12-05,2026-10-05,18.81,474.3,9.74,12.15,0.661,0.847,-19.9,0.489,63.0,27.49,-14.31,574502.74,8.0,38.0,54.0
grid,2007-12-05,2026-10-05,18.81,488.52,9.88,12.21,0.669,0.857,-19.83,0.498,63.44,27.59,-14.64,588725.56,8.0,40.0,52.0
grid,2007-12-05,2026-10-05,18.81,503.05,10.02,12.28,0.677,0.866,-19.75,0.507,63.0,27.68,-14.98,603257.79,8.0,42.0,50.0
grid,2007-12-05,2026-10-05,18.81,517.89,10.16,12.35,0.684,0.874,-19.68,0.516,63.44,27.77,-15.31,618105.01,8.0,44.0,48.0
grid,2007-12-05,2026-10-05,18.81,533.05,10.31,12.42,0.691,0.883,-19.61,0.526,63.44,27.86,-15.64,633272.88,8.0,46.0,46.0
grid,2007-12-05,2026-10-05,18.81,548.54,10.45,12.49,0.698,0.891,-19.53,0.535,63.44,27.96,-15.97,648767.09,8.0,48.0,44.0
grid,2007-12-05,2026-10-05,18.81,564.36,10.59,12.57,0.705,0.898,-19.46,0.544,63.44,28.05,-16.3,664593.45,8.0,50.0,42.0
grid,2007-12-05,2026-10-05,18.81,580.52,10.73,12.65,0.711,0.905,-19.39,0.553,63.44,28.24,-16.63,680757.81,8.0,52.0,40.0
grid,2007-12-05,2026-10-05,18.81,597.02,10.87,12.73,0.717,0.911,-19.32,0.563,63.44,28.83,-16.96,697266.09,8.0,54.0,38.0
grid,2007-12-05,2026-10-05,18.81,613.88,11.01,12.82,0.723,0.918,-19.24,0.572,63.44,29.42,-17.29,714124.31,8.0,56.0,36.0
grid,2007-12-05,2026-10-05,18.81,631.08,11.15,12.91,0.729,0.924,-19.17,0.582,63.0,30.01,-17.62,731338.52,8.0,58.0,34.0
grid,2007-12-05,2026-10-05,18.81,648.65,11.29,13.0,0.735,0.929,-19.41,0.582,63.0,30.61,-17.94,748914.88,8.0,60.0,32.0
grid,2007-12-05,2026-10-05,18.81,666.59,11.43,13.09,0.74,0.935,-19.77,0.578,63.0,31.2,-18.27,766859.59,8.0,62.0,30.0
grid,2007-12-05,2026-10-05,18.81,684.91,11.57,13.19,0.745,0.939,-20.14,0.575,63.0,31.8,-18.59,785178.95,8.0,64.0,28.0
grid,2007-12-05,2026-10-05,18.81,703.6,11.71,13.29,0.75,0.944,-20.5,0.571,63.0,32.4,-18.91,803879.3,8.0,66.0,26.0
grid,2007-12-05,2026-10-05,18.81,722.68,11.85,13.39,0.755,0.948,-20.87,0.568,63.44,33.01,-19.24,822967.08,8.0,68.0,24.0
grid,2007-12-05,2026-10-05,18.81,742.16,11.99,13.49,0.759,0.952,-21.23,0.565,63.88,33.61,-19.56,842448.79,8.0,70.0,22.0
grid,2007-12-05,2026-10-05,18.81,762.03,12.13,13.59,0.764,0.955,-21.59,0.562,63.88,34.22,-19.88,862330.98,8.0,72.0,20.0
grid,2007-12-05,2026-10-05,18.81,782.31,12.27,13.7,0.768,0.959,-21.95,0.559,63.44,34.83,-20.2,882620.31,8.0,74.0,18.0
grid,2007-12-05,2026-10-05,18.81,803.01,12.41,13.81,0.772,0.962,-22.31,0.556,63.44,35.44,-20.52,903323.49,8.0,76.0,16.0
grid,2007-12-05,2026-10-05,18.81,824.13,12.55,13.92,0.775,0.965,-22.67,0.554,63.44,36.05,-20.84,924447.28,8.0,78.0,14.0
grid,2007-12-05,2026-10-05,18.81,845.67,12.68,14.03,0.779,0.968,-23.02,0.551,63.88,36.66,-21.16,945998.55,8.0,80.0,12.0
grid,2007-12-05,2026-10-05,18.81,867.65,12.82,14.15,0.782,0.971,-23.38,0.549,63.44,37.28,-21.47,967984.2,8.0,82.0,10.0
grid,2007-12-05,2026-10-05,18.81,890.07,12.96,14.27,0.786,0.973,-23.73,0.546,63.44,37.9,-21.79,990411.23,8.0,84.0,8.0
grid,2007-12-05,2026-10-05,18.81,912.93,13.1,14.38,0.789,0.976,-24.08,0.544,63.44,38.52,-22.11,1013286.7,8.0,86.0,6.0
grid,2007-12-05,2026-10-05,18.81,936.26,13.23,14.5,0.792,0.978,-24.43,0.542,63.88,39.14,-22.42,1036617.73,8.0,88.0,4.0
grid,2007-12-05,2026-10-05,18.81,960.04,13.37,14.63,0.795,0.98,-24.81,0.539,63.44,39.77,-22.74,1060411.51,8.0,90.0,2.0
grid,2007-12-05,2026-10-05,18.81,984.3,13.51,14.75,0.797,0.982,-25.23,0.535,63.44,40.4,-23.05,1084675.29,8.0,92.0,0.0
grid,2007-12-05,2026-10-05,18.81,258.83,7.03,11.54,0.473,0.596,-23.79,0.295,62.56,25.3,-14.34,358985.0,10.0,0.0,90.0
grid,2007-12-05,2026-10-05,18.81,268.21,7.17,11.54,0.485,0.612,-23.42,0.306,62.56,25.4,-14.05,368367.68,10.0,2.0,88.0
grid,2007-12-05,2026-10-05,18.81,277.8,7.32,11.54,0.497,0.628,-23.04,0.318,62.11,25.49,-13.77,377968.58,10.0,4.0,86.0
grid,2007-12-05,2026-10-05,18.81,287.62,7.47,11.55,0.508,0.644,-22.67,0.329,62.11,25.59,-13.48,387792.03,10.0,6.0,84.0
grid,2007-12-05,2026-10-05,18.81,297.67,7.61,11.56,0.52,0.66,-22.29,0.342,62.11,25.69,-13.19,397842.4,10.0,8.0,82.0
grid,2007-12-05,2026-10-05,18.81,307.95,7.76,11.57,0.531,0.676,-21.91,0.354,62.56,25.78,-12.9,408124.13,10.0,10.0,80.0
grid,2007-12-05,2026-10-05,18.81,318.46,7.91,11.59,0.542,0.691,-21.52,0.367,63.0,25.88,-12.61,418641.73,10.0,12.0,78.0
grid,2007-12-05,2026-10-05,18.81,329.21,8.05,11.61,0.553,0.706,-21.14,0.381,63.0,25.98,-12.32,429399.79,10.0,14.0,76.0
grid,2007-12-05,2026-10-05,18.81,340.21,8.2,11.63,0.564,0.721,-20.75,0.395,63.0,26.07,-12.02,440402.94,10.0,16.0,74.0
grid,2007-12-05,2026-10-05,18.81,351.46,8.34,11.66,0.574,0.735,-20.62,0.404,63.0,26.17,-11.73,451655.9,10.0,18.0,72.0
grid,2007-12-05,2026-10-05,18.81,362.96,8.49,11.69,0.585,0.749,-20.55,0.413,63.44,26.26,-11.44,463163.44,10.0,20.0,70.0
grid,2007-12-05,2026-10-05,18.81,374.72,8.63,11.72,0.595,0.762,-20.48,0.422,63.44,26.36,-11.7,474930.41,10.0,22.0,68.0
grid,2007-12-05,2026-10-05,18.81,386.75,8.78,11.76,0.604,0.775,-20.4,0.43,63.88,26.45,-12.04,486961.72,10.0,24.0,66.0
grid,2007-12-05,2026-10-05,18.81,399.04,8.92,11.8,0.614,0.788,-20.33,0.439,64.76,26.55,-12.38,499262.37,10.0,26.0,64.0
grid,2007-12-05,2026-10-05,18.81,411.61,9.06,11.84,0.623,0.8,-20.25,0.448,65.2,26.64,-12.72,511837.39,10.0,28.0,62.0
grid,2007-12-05,2026-10-05,18.81,424.46,9.21,11.89,0.632,0.812,-20.18,0.456,65.2,26.73,-13.06,524691.91,10.0,30.0,60.0
grid,2007-12-05,2026-10-05,18.81,437.6,9.35,11.94,0.641,0.824,-20.11,0.465,64.32,26.83,-13.4,537831.12,10.0,32.0,58.0
grid,2007-12-05,2026-10-05,18.81,451.02,9.5,11.99,0.65,0.835,-20.03,0.474,63.88,26.92,-13.73,551260.29,10.0,34.0,56.0
grid,2007-12-05,2026-10-05,18.81,464.74,9.64,12.05,0.658,0.845,-19.96,0.483,63.88,27.02,-14.07,564984.74,10.0,36.0,54.0
grid,2007-12-05,2026-10-05,18.81,478.76,9.78,12.11,0.666,0.855,-19.89,0.492,63.0,27.11,-14.4,579009.87,10.0,38.0,52.0
grid,2007-12-05,2026-10-05,18.81,493.08,9.92,12.17,0.674,0.864,-19.81,0.501,62.56,27.2,-14.74,593341.16,10.0,40.0,50.0
grid,2007-12-05,2026-10-05,18.81,507.72,10.07,12.24,0.682,0.873,-19.74,0.51,63.0,27.29,-15.07,607984.15,10.0,42.0,48.0
grid,2007-12-05,2026-10-05,18.81,522.67,10.21,12.31,0.689,0.882,-19.67,0.519,63.44,27.39,-15.4,622944.45,10.0,44.0,46.0
grid,2007-12-05,2026-10-05,18.81,537.95,10.35,12.38,0.696,0.89,-19.59,0.528,63.44,27.48,-15.73,638227.74,10.0,46.0,44.0
grid,2007-12-05,2026-10-05,18.81,553.55,10.49,12.46,0.703,0.898,-19.52,0.538,63.44,27.57,-16.06,653839.79,10.0,48.0,42.0
grid,2007-12-05,2026-10-05,18.81,569.49,10.63,12.53,0.71,0.906,-19.45,0.547,63.88,27.66,-16.39,669786.42,10.0,50.0,40.0
grid,2007-12-05,2026-10-05,18.81,585.77,10.78,12.61,0.716,0.913,-19.38,0.556,63.88,28.22,-16.72,686073.53,10.0,52.0,38.0
grid,2007-12-05,2026-10-05,18.81,602.4,10.92,12.7,0.722,0.919,-19.3,0.566,63.88,28.81,-17.05,702707.09,10.0,54.0,36.0
grid,2007-12-05,2026-10-05,18.81,619.38,11.06,12.78,0.728,0.925,-19.23,0.575,63.88,29.4,-17.38,719693.14,10.0,56.0,34.0
grid,2007-12-05,2026-10-05,18.81,636.72,11.2,12.87,0.734,0.931,-19.16,0.585,63.0,30.0,-17.71,737037.79,10.0,58.0,32.0
grid,2007-12-05,2026-10-05,18.81,654.42,11.34,12.96,0.74,0.937,-19.52,0.581,63.0,30.59,-18.03,754747.24,10.0,60.0,30.0
grid,2007-12-05,2026-10-05,18.81,672.49,11.48,13.05,0.745,0.941,-19.88,0.577,63.0,31.19,-18.36,772827.73,10.0,62.0,28.0
grid,2007-12-05,2026-10-05,18.81,690.94,11.62,13.15,0.75,0.946,-20.25,0.574,63.0,31.79,-18.68,791285.6,10.0,64.0,26.0
grid,2007-12-05,2026-10-05,18.81,709.77,11.76,13.25,0.755,0.951,-20.61,0.571,63.44,32.39,-19.0,810127.25,10.0,66.0,24.0
grid,2007-12-05,2026-10-05,18.81,729.0,11.9,13.35,0.759,0.955,-20.97,0.567,63.88,32.99,-19.33,829359.15,10.0,68.0,22.0
grid,2007-12-05,2026-10-05,18.81,748.62,12.04,13.45,0.764,0.958,-21.34,0.564,63.88,33.59,-19.65,848987.84,10.0,70.0,20.0
grid,2007-12-05,2026-10-05,18.81,768.64,12.18,13.56,0.768,0.962,-21.7,0.561,63.88,34.2,-19.97,869019.94,10.0,72.0,18.0
grid,2007-12-05,2026-10-05,18.81,789.07,12.32,13.66,0.772,0.965,-22.06,0.558,63.88,34.81,-20.29,889462.13,10.0,74.0,16.0
grid,2007-12-05,2026-10-05,18.81,809.92,12.45,13.77,0.776,0.968,-22.41,0.556,63.88,35.42,-20.61,910321.17,10.0,76.0,14.0
grid,2007-12-05,2026-10-05,18.81,831.2,12.59,13.88,0.78,0.971,-22.77,0.553,63.0,36.03,-20.93,931603.88,10.0,78.0,12.0
grid,2007-12-05,2026-10-05,18.81,852.9,12.73,14.0,0.784,0.974,-23.13,0.55,63.88,36.65,-21.25,953317.16,10.0,80.0,10.0
grid,2007-12-05,2026-10-05,18.81,875.04,12.87,14.11,0.787,0.977,-23.48,0.548,63.44,37.27,-21.56,975467.97,10.0,82.0,8.0
grid,2007-12-05,2026-10-05,18.81,897.63,13.01,14.23,0.79,0.979,-23.83,0.546,63.44,37.88,-21.88,998063.36,10.0,84.0,6.0
grid,2007-12-05,2026-10-05,18.81,920.67,13.14,14.35,0.793,0.981,-24.19,0.543,63.88,38.5,-22.19,1021110.42,10.0,86.0,4.0
grid,2007-12-05,2026-10-05,18.81,944.16,13.28,14.47,0.796,0.983,-24.54,0.541,63.0,39.13,-22.51,1044616.33,10.0,88.0,2.0
grid,2007-12-05,2026-10-05,18.81,968.12,13.42,14.59,0.799,0.985,-24.94,0.538,63.0,39.75,-22.82,1068588.34,10.0,90.0,0.0
grid,2007-12-05,2026-10-05,18.81,261.63,7.07,11.5,0.478,0.603,-23.95,0.295,62.56,24.91,-14.28,361822.9,12.0,0.0,88.0
grid,2007-12-05,2026-10-05,18.81,271.08,7.22,11.5,0.49,0.619,-23.57,0.306,62.56,25.01,-13.99,371277.74,12.0,2.0,86.0
grid,2007-12-05,2026-10-05,18.81,280.75,7.37,11.5,0.502,0.636,-23.2,0.318,62.11,25.11,-13.7,380952.43,12.0,4.0,84.0
grid,2007-12-05,2026-10-05,18.81,290.65,7.51,11.51,0.513,0.652,-22.82,0.329,62.11,25.21,-13.41,390851.32,12.0,6.0,82.0
grid,2007-12-05,2026-10-05,18.81,300.77,7.66,11.52,0.525,0.668,-22.44,0.341,62.11,25.3,-13.12,400978.81,12.0,8.0,80.0
grid,2007-12-05,2026-10-05,18.81,311.12,7.8,11.53,0.536,0.683,-22.06,0.354,63.0,25.4,-12.83,411339.39,12.0,10.0,78.0
grid,2007-12-05,2026-10-05,18.81,321.72,7.95,11.55,0.547,0.699,-21.68,0.367,63.0,25.5,-12.54,421937.59,12.0,12.0,76.0
grid,2007-12-05,2026-10-05,18.81,332.55,8.1,11.57,0.558,0.714,-21.3,0.38,63.0,25.59,-12.25,432778.03,12.0,14.0,74.0
grid,2007-12-05,2026-10-05,18.81,343.63,8.24,11.59,0.569,0.728,-20.91,0.394,63.0,25.69,-11.96,443865.38,12.0,16.0,72.0
grid,2007-12-05,2026-10-05,18.81,354.97,8.39,11.62,0.579,0.743,-20.61,0.407,63.0,25.78,-11.67,455204.38,12.0,18.0,70.0
grid,2007-12-05,2026-10-05,18.81,366.56,8.53,11.65,0.59,0.757,-20.54,0.415,63.44,25.88,-11.46,466799.85,12.0,20.0,68.0
grid,2007-12-05,2026-10-05,18.81,378.41,8.68,11.68,0.6,0.77,-20.46,0.424,63.88,25.97,-11.8,478656.67,12.0,22.0,66.0
grid,2007-12-05,2026-10-05,18.81,390.52,8.82,11.72,0.609,0.783,-20.39,0.433,64.32,26.07,-12.14,490779.78,12.0,24.0,64.0
grid,2007-12-05,2026-10-05,18.81,402.91,8.96,11.76,0.619,0.796,-20.32,0.441,64.76,26.16,-12.48,503174.21,12.0,26.0,62.0
grid,2007-12-05,2026-10-05,18.81,415.58,9.11,11.81,0.628,0.808,-20.24,0.45,65.2,26.26,-12.82,515845.04,12.0,28.0,60.0
grid,2007-12-05,2026-10-05,18.81,428.52,9.25,11.85,0.637,0.82,-20.17,0.459,64.76,26.35,-13.15,528797.43,12.0,30.0,58.0
grid,2007-12-05,2026-10-05,18.81,441.75,9.4,11.9,0.646,0.832,-20.1,0.468,65.64,26.44,-13.49,542036.61,12.0,32.0,56.0
grid,2007-12-05,2026-10-05,18.81,455.28,9.54,11.96,0.655,0.842,-20.02,0.476,65.2,26.54,-13.83,555567.87,12.0,34.0,54.0
grid,2007-12-05,2026-10-05,18.81,469.1,9.68,12.01,0.663,0.853,-19.95,0.485,63.88,26.63,-14.16,569396.58,12.0,36.0,52.0
grid,2007-12-05,2026-10-05,18.81,483.22,9.83,12.07,0.671,0.863,-19.87,0.494,63.44,26.72,-14.5,583528.19,12.0,38.0,50.0
grid,2007-12-05,2026-10-05,18.81,497.66,9.97,12.14,0.679,0.872,-19.8,0.503,63.0,26.81,-14.83,597968.19,12.0,40.0,48.0
grid,2007-12-05,2026-10-05,18.81,512.4,10.11,12.2,0.687,0.881,-19.73,0.513,63.44,26.91,-15.16,612722.18,12.0,42.0,46.0
grid,2007-12-05,2026-10-05,18.81,527.47,10.25,12.27,0.694,0.89,-19.65,0.522,63.88,27.0,-15.5,627795.81,12.0,44.0,44.0
grid,2007-12-05,2026-10-05,18.81,542.86,10.4,12.34,0.701,0.898,-19.58,0.531,63.88,27.09,-15.83,643194.79,12.0,46.0,42.0
grid,2007-12-05,2026-10-05,18.81,558.58,10.54,12.42,0.708,0.906,-19.51,0.54,63.88,27.18,-16.16,658924.93,12.0,48.0,40.0
grid,2007-12-05,2026-10-05,18.81,574.64,10.68,12.5,0.715,0.913,-19.44,0.549,63.88,27.62,-16.49,674992.1,12.0,50.0,38.0
grid,2007-12-05,2026-10-05,18.81,591.04,10.82,12.58,0.721,0.92,-19.36,0.559,63.88,28.21,-16.82,691402.23,12.0,52.0,36.0
grid,2007-12-05,2026-10-05,18.81,607.79,10.96,12.66,0.727,0.926,-19.29,0.568,63.88,28.8,-17.14,708161.33,12.0,54.0,34.0
grid,2007-12-05,2026-10-05,18.81,624.9,11.1,12.75,0.733,0.932,-19.22,0.578,63.88,29.39,-17.47,725275.5,12.0,56.0,32.0
grid,2007-12-05,2026-10-05,18.81,642.36,11.24,12.84,0.739,0.938,-19.26,0.584,63.44,29.98,-17.8,742750.88,12.0,58.0,30.0
grid,2007-12-05,2026-10-05,18.81,660.2,11.38,12.93,0.744,0.944,-19.63,0.58,63.0,30.58,-18.12,760593.7,12.0,60.0,28.0
grid,2007-12-05,2026-10-05,18.81,678.4,11.52,13.02,0.75,0.949,-19.99,0.576,63.0,31.17,-18.45,778810.27,12.0,62.0,26.0
grid,2007-12-05,2026-10-05,18.81,696.99,11.66,13.12,0.755,0.953,-20.36,0.573,63.0,31.77,-18.77,797406.95,12.0,64.0,24.0
grid,2007-12-05,2026-10-05,18.81,715.96,11.8,13.21,0.759,0.957,-20.72,0.57,63.44,32.37,-19.1,816390.2,12.0,66.0,22.0
grid,2007-12-05,2026-10-05,18.81,735.33,11.94,13.31,0.764,0.961,-21.08,0.567,63.44,32.97,-19.42,835766.53,12.0,68.0,20.0
grid,2007-12-05,2026-10-05,18.81,755.1,12.08,13.42,0.769,0.965,-21.44,0.564,63.44,33.58,-19.74,855542.52,12.0,70.0,18.0
grid,2007-12-05,2026-10-05,18.81,775.27,12.22,13.52,0.773,0.969,-21.8,0.561,63.44,34.19,-20.06,875724.83,12.0,72.0,16.0
grid,2007-12-05,2026-10-05,18.81,795.85,12.36,13.63,0.777,0.972,-22.16,0.558,63.88,34.79,-20.38,896320.21,12.0,74.0,14.0
grid,2007-12-05,2026-10-05,18.81,816.86,12.5,13.74,0.781,0.975,-22.52,0.555,63.88,35.4,-20.7,917335.43,12.0,76.0,12.0
grid,2007-12-05,2026-10-05,18.81,838.29,12.64,13.85,0.784,0.977,-22.88,0.552,63.44,36.02,-21.02,938777.39,12.0,78.0,10.0
grid,2007-12-05,2026-10-05,18.81,860.15,12.78,13.96,0.788,0.98,-23.23,0.55,62.56,36.63,-21.33,960653.03,12.0,80.0,8.0
grid,2007-12-05,2026-10-05,18.81,882.46,12.91,14.08,0.791,0.982,-23.58,0.548,63.0,37.25,-21.65,982969.35,12.0,82.0,6.0
grid,2007-12-05,2026-10-05,18.81,905.21,13.05,14.2,0.795,0.985,-23.94,0.545,63.0,37.87,-21.97,1005733.44,12.0,84.0,4.0
grid,2007-12-05,2026-10-05,18.81,928.41,13.19,14.32,0.798,0.987,-24.29,0.543,63.0,38.49,-22.28,1028952.46,12.0,86.0,2.0
grid,2007-12-05,2026-10-05,18.81,952.08,13.32,14.44,0.8,0.989,-24.66,0.54,63.0,39.11,-22.6,1052633.62,12.0,88.0,0.0
grid,2007-12-05,2026-10-05,18.81,264.45,7.12,11.47,0.483,0.61,-24.1,0.295,62.56,24.53,-14.22,364667.96,14.0,0.0,86.0
grid,2007-12-05,2026-10-05,18.81,273.97,7.26,11.47,0.495,0.626,-23.72,0.306,62.56,24.63,-13.93,374195.13,14.0,2.0,84.0
grid,2007-12-05,2026-10-05,18.81,283.71,7.41,11.47,0.506,0.643,-23.35,0.317,62.11,24.72,-13.64,383943.78,14.0,4.0,82.0
grid,2007-12-05,2026-10-05,18.81,293.68,7.56,11.47,0.518,0.659,-22.97,0.329,62.11,24.82,-13.35,393918.28,14.0,6.0,80.0
grid,2007-12-05,2026-10-05,18.81,303.88,7.7,11.48,0.53,0.675,-22.6,0.341,62.56,24.92,-13.06,404123.08,14.0,8.0,78.0
grid,2007-12-05,2026-10-05,18.81,314.31,7.85,11.5,0.541,0.691,-22.22,0.353,63.0,25.01,-12.77,414562.68,14.0,10.0,76.0
grid,2007-12-05,2026-10-05,18.81,324.98,7.99,11.51,0.552,0.706,-21.83,0.366,63.0,25.11,-12.48,425241.66,14.0,12.0,74.0
grid,2007-12-05,2026-10-05,18.81,335.9,8.14,11.53,0.563,0.721,-21.45,0.379,63.44,25.21,-12.19,436164.67,14.0,14.0,72.0
grid,2007-12-05,2026-10-05,18.81,347.06,8.29,11.56,0.574,0.736,-21.07,0.393,63.44,25.3,-11.9,447336.4,14.0,16.0,70.0
grid,2007-12-05,2026-10-05,18.81,358.48,8.43,11.58,0.584,0.751,-20.68,0.408,63.44,25.4,-11.6,458761.64,14.0,18.0,68.0
grid,2007-12-05,2026-10-05,18.81,370.16,8.58,11.61,0.595,0.765,-20.53,0.418,64.32,25.49,-11.55,470445.24,14.0,20.0,66.0
grid,2007-12-05,2026-10-05,18.81,382.1,8.72,11.65,0.605,0.778,-20.45,0.426,64.76,25.59,-11.89,482392.1,14.0,22.0,64.0
grid,2007-12-05,2026-10-05,18.81,394.31,8.86,11.69,0.614,0.791,-20.38,0.435,65.2,25.68,-12.23,494607.22,14.0,24.0,62.0
grid,2007-12-05,2026-10-05,18.81,406.79,9.01,11.73,0.624,0.804,-20.3,0.444,65.2,25.78,-12.57,507095.64,14.0,26.0,60.0
grid,2007-12-05,2026-10-05,18.81,419.55,9.15,11.77,0.633,0.816,-20.23,0.452,66.08,25.87,-12.91,519862.49,14.0,28.0,58.0
grid,2007-12-05,2026-10-05,18.81,432.59,9.3,11.82,0.642,0.828,-20.16,0.461,65.64,25.96,-13.25,532912.96,14.0,30.0,56.0
grid,2007-12-05,2026-10-05,18.81,445.92,9.44,11.87,0.651,0.84,-20.08,0.47,65.64,26.06,-13.59,546252.32,14.0,32.0,54.0
grid,2007-12-05,2026-10-05,18.81,459.54,9.58,11.92,0.66,0.85,-20.01,0.479,64.76,26.15,-13.92,559885.9,14.0,34.0,52.0
grid,2007-12-05,2026-10-05,18.81,473.47,9.73,11.98,0.668,0.861,-19.94,0.488,64.32,26.24,-14.26,573819.11,14.0,36.0,50.0
grid,2007-12-05,2026-10-05,18.81,487.7,9.87,12.04,0.676,0.871,-19.86,0.497,64.32,26.34,-14.59,588057.41,14.0,38.0,48.0
grid,2007-12-05,2026-10-05,18.81,502.24,10.01,12.1,0.684,0.88,-19.79,0.506,63.44,26.43,-14.92,602606.37,14.0,40.0,46.0
grid,2007-12-05,2026-10-05,18.81,517.09,10.16,12.17,0.692,0.889,-19.72,0.515,63.0,26.52,-15.26,617471.61,14.0,42.0,44.0
grid,2007-12-05,2026-10-05,18.81,532.27,10.3,12.24,0.699,0.898,-19.64,0.524,63.88,26.61,-15.59,632658.8,14.0,44.0,42.0
grid,2007-12-05,2026-10-05,18.81,547.78,10.44,12.31,0.706,0.906,-19.57,0.534,63.88,26.71,-15.92,648173.72,14.0,46.0,40.0
grid,2007-12-05,2026-10-05,18.81,563.62,10.58,12.39,0.713,0.913,-19.5,0.543,63.88,27.02,-16.25,664022.21,14.0,48.0,38.0
grid,2007-12-05,2026-10-05,18.81,579.8,10.72,12.46,0.72,0.92,-19.42,0.552,63.88,27.61,-16.58,680210.17,14.0,50.0,36.0
grid,2007-12-05,2026-10-05,18.81,596.32,10.87,12.54,0.726,0.927,-19.35,0.562,63.88,28.19,-16.91,696743.58,14.0,52.0,34.0
grid,2007-12-05,2026-10-05,18.81,613.19,11.01,12.63,0.732,0.933,-19.28,0.571,63.88,28.78,-17.24,713628.49,14.0,54.0,32.0
grid,2007-12-05,2026-10-05,18.81,630.43,11.15,12.71,0.738,0.939,-19.2,0.581,63.88,29.37,-17.56,730871.04,14.0,56.0,30.0
grid,2007-12-05,2026-10-05,18.81,648.02,11.29,12.8,0.744,0.945,-19.37,0.583,63.44,29.97,-17.89,748477.42,14.0,58.0,28.0
grid,2007-12-05,2026-10-05,18.81,665.99,11.43,12.89,0.749,0.95,-19.73,0.579,63.0,30.56,-18.21,766453.91,14.0,60.0,26.0
grid,2007-12-05,2026-10-05,18.81,684.33,11.57,12.99,0.754,0.955,-20.1,0.576,63.0,31.16,-18.54,784806.83,14.0,62.0,24.0
grid,2007-12-05,2026-10-05,18.81,703.05,11.71,13.08,0.759,0.96,-20.46,0.572,63.0,31.76,-18.86,803542.62,14.0,64.0,22.0
grid,2007-12-05,2026-10-05,18.81,722.17,11.85,13.18,0.764,0.964,-20.83,0.569,63.44,32.36,-19.19,822667.76,14.0,66.0,20.0
grid,2007-12-05,2026-10-05,18.81,741.68,11.99,13.28,0.769,0.968,-21.19,0.566,63.44,32.96,-19.51,842188.82,14.0,68.0,18.0
grid,2007-12-05,2026-10-05,18.81,761.59,12.13,13.38,0.773,0.972,-21.55,0.563,63.44,33.56,-19.83,862112.41,14.0,70.0,16.0
grid,2007-12-05,2026-10-05,18.81,781.91,12.27,13.49,0.777,0.975,-21.91,0.56,63.44,34.17,-20.15,882445.25,14.0,72.0,14.0
grid,2007-12-05,2026-10-05,18.81,802.64,12.41,13.6,0.781,0.978,-22.27,0.557,63.0,34.78,-20.47,903194.12,14.0,74.0,12.0
grid,2007-12-05,2026-10-05,18.81,823.8,12.54,13.71,0.785,0.981,-22.62,0.554,63.0,35.39,-20.79,924365.86,14.0,76.0,10.0
grid,2007-12-05,2026-10-05,18.81,845.39,12.68,13.82,0.789,0.983,-22.98,0.552,62.56,36.0,-21.11,945967.4,14.0,78.0,8.0
grid,2007-12-05,2026-10-05,18.81,867.42,12.82,13.93,0.792,0.985,-23.34,0.549,63.0,36.62,-21.42,968005.71,14.0,80.0,6.0
grid,2007-12-05,2026-10-05,18.81,889.88,12.96,14.05,0.796,0.988,-23.69,0.547,63.0,37.23,-21.74,990487.87,14.0,82.0,4.0
grid,2007-12-05,2026-10-05,18.81,912.8,13.1,14.17,0.799,0.99,-24.04,0.545,63.0,37.85,-22.06,1013421.01,14.0,84.0,2.0
grid,2007-12-05,2026-10-05,18.81,936.18,13.23,14.29,0.802,0.992,-24.39,0.542,62.11,38.47,-22.37,1036812.32,14.0,86.0,0.0
grid,2007-12-05,2026-10-05,18.81,267.26,7.16,11.43,0.487,0.617,-24.25,0.295,62.56,24.15,-14.15,367520.01,16.0,0.0,84.0
grid,2007-12-05,2026-10-05,18.81,276.86,7.31,11.43,0.499,0.634,-23.88,0.306,63.0,24.24,-13.87,377119.67,16.0,2.0,82.0
grid,2007-12-05,2026-10-05,18.81,286.67,7.45,11.44,0.511,0.65,-23.5,0.317,62.56,24.34,-13.58,386942.44,16.0,4.0,80.0
grid,2007-12-05,2026-10-05,18.81,296.72,7.6,11.44,0.523,0.667,-23.13,0.329,63.0,24.44,-13.29,396992.72,16.0,6.0,78.0
grid,2007-12-05,2026-10-05,18.81,306.99,7.75,11.45,0.534,0.683,-22.75,0.34,63.0,24.53,-13.0,407275.0,16.0,8.0,76.0
grid,2007-12-05,2026-10-05,18.81,317.5,7.89,11.46,0.546,0.698,-22.37,0.353,63.0,24.63,-12.71,417793.8,16.0,10.0,74.0
grid,2007-12-05,2026-10-05,18.81,328.26,8.04,11.48,0.557,0.714,-21.99,0.366,63.44,24.73,-12.42,428553.74,16.0,12.0,72.0
grid,2007-12-05,2026-10-05,18.81,339.25,8.18,11.5,0.568,0.729,-21.61,0.379,63.44,24.82,-12.12,439559.49,16.0,14.0,70.0
grid,2007-12-05,2026-10-05,18.81,350.5,8.33,11.52,0.579,0.744,-21.22,0.392,63.44,24.92,-11.83,450815.79,16.0,16.0,68.0
grid,2007-12-05,2026-10-05,18.81,362.01,8.47,11.55,0.589,0.758,-20.84,0.407,63.88,25.01,-11.54,462327.46,16.0,18.0,66.0
grid,2007-12-05,2026-10-05,18.81,373.77,8.62,11.58,0.599,0.772,-20.52,0.42,64.76,25.11,-11.65,474099.37,16.0,20.0,64.0
grid,2007-12-05,2026-10-05,18.81,385.8,8.76,11.62,0.609,0.786,-20.44,0.429,64.76,25.2,-11.99,486136.48,16.0,22.0,62.0
grid,2007-12-05,2026-10-05,18.81,398.1,8.91,11.65,0.619,0.799,-20.37,0.437,65.64,25.3,-12.33,498443.8,16.0,24.0,60.0
grid,2007-12-05,2026-10-05,18.81,410.67,9.05,11.69,0.629,0.812,-20.29,0.446,65.64,25.39,-12.67,511026.41,16.0,26.0,58.0
grid,2007-12-05,2026-10-05,18.81,423.52,9.2,11.74,0.638,0.824,-20.22,0.455,65.64,25.49,-13.01,523889.49,16.0,28.0,56.0
grid,2007-12-05,2026-10-05,18.81,436.66,9.34,11.79,0.647,0.836,-20.15,0.464,65.64,25.58,-13.34,537038.25,16.0,30.0,54.0
grid,2007-12-05,2026-10-05,18.81,450.09,9.49,11.84,0.656,0.847,-20.07,0.473,64.76,25.67,-13.68,550478.01,16.0,32.0,52.0
grid,2007-12-05,2026-10-05,18.81,463.82,9.63,11.89,0.665,0.858,-20.0,0.482,64.32,25.77,-14.02,564214.12,16.0,34.0,50.0
grid,2007-12-05,2026-10-05,18.81,477.85,9.77,11.95,0.673,0.869,-19.92,0.49,64.32,25.86,-14.35,578252.04,16.0,36.0,48.0
grid,2007-12-05,2026-10-05,18.81,492.18,9.92,12.01,0.681,0.878,-19.85,0.5,64.32,25.95,-14.69,592597.28,16.0,38.0,46.0
grid,2007-12-05,2026-10-05,18.81,506.83,10.06,12.07,0.689,0.888,-19.78,0.509,64.32,26.05,-15.02,607255.42,16.0,40.0,44.0
grid,2007-12-05,2026-10-05,18.81,521.8,10.2,12.14,0.697,0.897,-19.7,0.518,63.88,26.14,-15.35,622232.12,16.0,42.0,42.0
grid,2007-12-05,2026-10-05,18.81,537.09,10.34,12.21,0.704,0.905,-19.63,0.527,64.32,26.23,-15.68,637533.12,16.0,44.0,40.0
grid,2007-12-05,2026-10-05,18.81,552.71,10.49,12.28,0.711,0.913,-19.56,0.536,63.88,26.42,-16.01,653164.23,16.0,46.0,38.0
grid,2007-12-05,2026-10-05,18.81,568.66,10.63,12.35,0.718,0.92,-19.48,0.545,63.88,27.01,-16.34,669131.3,16.0,48.0,36.0
grid,2007-12-05,2026-10-05,18.81,584.96,10.77,12.43,0.724,0.928,-19.41,0.555,63.88,27.59,-16.67,685440.3,16.0,50.0,34.0
grid,2007-12-05,2026-10-05,18.81,601.61,10.91,12.51,0.731,0.934,-19.34,0.564,63.88,28.18,-17.0,702097.25,16.0,52.0,32.0
grid,2007-12-05,2026-10-05,18.81,618.61,11.05,12.6,0.737,0.941,-19.26,0.574,63.88,28.77,-17.33,719108.24,16.0,54.0,30.0
grid,2007-12-05,2026-10-05,18.81,635.97,11.19,12.68,0.743,0.946,-19.19,0.583,63.44,29.36,-17.66,736479.44,16.0,56.0,28.0
grid,2007-12-05,2026-10-05,18.81,653.69,11.33,12.77,0.748,0.952,-19.48,0.582,63.44,29.95,-17.98,754217.08,16.0,58.0,26.0
grid,2007-12-05,2026-10-05,18.81,671.79,11.47,12.86,0.754,0.957,-19.84,0.578,63.44,30.54,-18.31,772327.5,16.0,60.0,24.0
grid,2007-12-05,2026-10-05,18.81,690.27,11.61,12.96,0.759,0.962,-20.21,0.575,63.0,31.14,-18.63,790817.06,16.0,62.0,22.0
grid,2007-12-05,2026-10-05,18.81,709.13,11.75,13.05,0.764,0.967,-20.57,0.571,63.44,31.74,-18.95,809692.24,16.0,64.0,20.0
grid,2007-12-05,2026-10-05,18.81,728.38,11.89,13.15,0.769,0.971,-20.93,0.568,63.0,32.34,-19.28,828959.55,16.0,66.0,18.0
grid,2007-12-05,2026-10-05,18.81,748.03,12.03,13.25,0.773,0.974,-21.3,0.565,63.0,32.94,-19.6,848625.62,16.0,68.0,16.0
grid,2007-12-05,2026-10-05,18.81,768.09,12.17,13.35,0.778,0.978,-21.66,0.562,63.0,33.55,-19.92,868697.11,16.0,70.0,14.0
grid,2007-12-05,2026-10-05,18.81,788.56,12.31,13.46,0.782,0.981,-22.02,0.559,63.0,34.15,-20.24,889180.78,16.0,72.0,12.0
grid,2007-12-05,2026-10-05,18.81,809.45,12.45,13.57,0.786,0.984,-22.37,0.556,63.0,34.76,-20.56,910083.45,16.0,74.0,10.0
grid,2007-12-05,2026-10-05,18.81,830.76,12.59,13.68,0.79,0.987,-22.73,0.554,63.0,35.37,-20.88,931412.02,16.0,76.0,8.0
grid,2007-12-05,2026-10-05,18.81,852.51,12.73,13.79,0.793,0.989,-23.09,0.551,62.56,35.99,-21.2,953173.44,16.0,78.0,6.0
grid,2007-12-05,2026-10-05,18.81,874.69,12.87,13.9,0.797,0.991,-23.44,0.549,62.56,36.6,-21.51,975374.76,16.0,80.0,4.0
grid,2007-12-05,2026-10-05,18.81,897.33,13.0,14.02,0.8,0.993,-23.79,0.546,63.0,37.22,-21.83,998023.09,16.0,82.0,2.0
grid,2007-12-05,2026-10-05,18.81,920.41,13.14,14.14,0.803,0.995,-24.15,0.544,63.0,37.83,-22.14,1021125.6,16.0,84.0,0.0
grid,2007-12-05,2026-10-05,18.81,270.09,7.2,11.4,0.492,0.624,-24.4,0.295,62.11,23.76,-14.09,370378.88,18.0,0.0,82.0
grid,2007-12-05,2026-10-05,18.81,279.75,7.35,11.4,0.504,0.641,-24.03,0.306,63.0,23.86,-13.8,380051.18,18.0,2.0,80.0
grid,2007-12-05,2026-10-05,18.81,289.64,7.5,11.41,0.516,0.657,-23.66,0.317,63.0,23.96,-13.52,389948.23,18.0,4.0,78.0
grid,2007-12-05,2026-10-05,18.81,299.76,7.64,11.41,0.527,0.674,-23.28,0.328,63.0,24.05,-13.23,400074.46,18.0,6.0,76.0
grid,2007-12-05,2026-10-05,18.81,310.11,7.79,11.42,0.539,0.69,-22.9,0.34,63.0,24.15,-12.94,410434.37,18.0,8.0,74.0
grid,2007-12-05,2026-10-05,18.81,320.7,7.94,11.43,0.55,0.706,-22.53,0.352,63.0,24.25,-12.65,421032.54,18.0,10.0,72.0
grid,2007-12-05,2026-10-05,18.81,331.54,8.08,11.45,0.562,0.721,-22.15,0.365,63.44,24.34,-12.35,431873.61,18.0,12.0,70.0
grid,2007-12-05,2026-10-05,18.81,342.61,8.23,11.47,0.573,0.737,-21.76,0.378,63.44,24.44,-12.06,442962.29,18.0,14.0,68.0
grid,2007-12-05,2026-10-05,18.81,353.95,8.37,11.49,0.583,0.751,-21.38,0.392,64.32,24.53,-11.77,454303.34,18.0,16.0,66.0
grid,2007-12-05,2026-10-05,18.81,365.54,8.52,11.52,0.594,0.766,-21.0,0.406,64.32,24.63,-11.47,465901.62,18.0,18.0,64.0
grid,2007-12-05,2026-10-05,18.81,377.39,8.66,11.55,0.604,0.78,-20.61,0.42,65.2,24.72,-11.75,477762.03,18.0,20.0,62.0
grid,2007-12-05,2026-10-05,18.81,389.51,8.81,11.58,0.614,0.794,-20.43,0.431,65.2,24.82,-12.09,489889.57,18.0,22.0,60.0
grid,2007-12-05,2026-10-05,18.81,401.9,8.95,11.62,0.624,0.807,-20.36,0.44,65.64,24.91,-12.43,502289.28,18.0,24.0,58.0
grid,2007-12-05,2026-10-05,18.81,414.56,9.1,11.66,0.634,0.82,-20.28,0.449,65.64,25.01,-12.76,514966.28,18.0,26.0,56.0
grid,2007-12-05,2026-10-05,18.81,427.51,9.24,11.71,0.643,0.832,-20.21,0.457,65.2,25.1,-13.1,527925.78,18.0,28.0,54.0
grid,2007-12-05,2026-10-05,18.81,440.75,9.39,11.75,0.652,0.844,-20.13,0.466,64.76,25.2,-13.44,541173.04,18.0,30.0,52.0
grid,2007-12-05,2026-10-05,18.81,454.28,9.53,11.81,0.661,0.855,-20.06,0.475,64.32,25.29,-13.78,554713.4,18.0,32.0,50.0
grid,2007-12-05,2026-10-05,18.81,468.11,9.67,11.86,0.669,0.866,-19.99,0.484,64.32,25.38,-14.11,568552.26,18.0,34.0,48.0
grid,2007-12-05,2026-10-05,18.81,482.24,9.82,11.92,0.678,0.876,-19.91,0.493,64.32,25.48,-14.45,582695.11,18.0,36.0,46.0
grid,2007-12-05,2026-10-05,18.81,496.68,9.96,11.98,0.686,0.886,-19.84,0.502,64.32,25.57,-14.78,597147.49,18.0,38.0,44.0
grid,2007-12-05,2026-10-05,18.81,511.44,10.1,12.04,0.694,0.895,-19.76,0.511,64.32,25.66,-15.11,611915.04,18.0,40.0,42.0
grid,2007-12-05,2026-10-05,18.81,526.51,10.25,12.11,0.701,0.904,-19.69,0.52,64.76,25.75,-15.45,627003.44,18.0,42.0,40.0
grid,2007-12-05,2026-10-05,18.81,541.91,10.39,12.18,0.709,0.912,-19.62,0.53,64.76,25.85,-15.78,642418.48,18.0,44.0,38.0
grid,2007-12-05,2026-10-05,18.81,557.65,10.53,12.25,0.716,0.92,-19.54,0.539,64.32,26.41,-16.11,658165.99,18.0,46.0,36.0
grid,2007-12-05,2026-10-05,18.81,573.72,10.67,12.32,0.722,0.928,-19.47,0.548,63.88,26.99,-16.44,674251.9,18.0,48.0,34.0
grid,2007-12-05,2026-10-05,18.81,590.14,10.81,12.4,0.729,0.935,-19.4,0.557,63.88,27.58,-16.77,690682.18,18.0,50.0,32.0
grid,2007-12-05,2026-10-05,18.81,606.91,10.95,12.48,0.735,0.941,-19.32,0.567,63.88,28.16,-17.09,707462.91,18.0,52.0,30.0
grid,2007-12-05,2026-10-05,18.81,624.03,11.1,12.57,0.741,0.947,-19.25,0.576,63.88,28.75,-17.42,724600.23,18.0,54.0,28.0
grid,2007-12-05,2026-10-05,18.81,641.52,11.24,12.65,0.747,0.953,-19.22,0.585,63.44,29.34,-17.75,742100.33,18.0,56.0,26.0
grid,2007-12-05,2026-10-05,18.81,659.37,11.38,12.74,0.753,0.959,-19.59,0.581,63.0,29.93,-18.07,759969.5,18.0,58.0,24.0
grid,2007-12-05,2026-10-05,18.81,677.6,11.52,12.83,0.758,0.964,-19.95,0.577,63.0,30.53,-18.4,778214.11,18.0,60.0,22.0
grid,2007-12-05,2026-10-05,18.81,696.22,11.66,12.93,0.763,0.969,-20.32,0.574,63.0,31.13,-18.72,796840.58,18.0,62.0,20.0
grid,2007-12-05,2026-10-05,18.81,715.22,11.8,13.02,0.768,0.973,-20.68,0.571,63.0,31.72,-19.05,815855.41,18.0,64.0,18.0
grid,2007-12-05,2026-10-05,18.81,734.61,11.94,13.12,0.773,0.977,-21.04,0.567,63.0,32.32,-19.37,835265.18,18.0,66.0,16.0
grid,2007-12-05,2026-10-05,18.81,754.41,12.08,13.22,0.778,0.981,-21.4,0.564,63.0,32.93,-19.69,855076.54,18.0,68.0,14.0
grid,2007-12-05,2026-10-05,18.81,774.61,12.22,13.33,0.782,0.984,-21.76,0.561,63.0,33.53,-20.01,875296.22,18.0,70.0,12.0
grid,2007-12-05,2026-10-05,18.81,795.23,12.36,13.43,0.786,0.988,-22.12,0.559,63.0,34.14,-20.33,895931.01,18.0,72.0,10.0
grid,2007-12-05,2026-10-05,18.81,816.27,12.5,13.54,0.79,0.99,-22.48,0.556,63.0,34.75,-20.65,916987.78,18.0,74.0,8.0
grid,2007-12-05,2026-10-05,18.81,837.74,12.63,13.65,0.794,0.993,-22.84,0.553,63.0,35.36,-20.97,938473.46,18.0,76.0,6.0
grid,2007-12-05,2026-10-05,18.81,859.64,12.77,13.76,0.797,0.995,-23.19,0.551,63.0,35.97,-21.28,960395.08,18.0,78.0,4.0
grid,2007-12-05,2026-10-05,18.81,881.99,12.91,13.88,0.801,0.997,-23.55,0.548,62.56,36.58,-21.6,982759.71,18.0,80.0,2.0
grid,2007-12-05,2026-10-05,18.81,904.79,13.05,13.99,0.804,0.999,-23.9,0.546,63.44,37.2,-21.92,1005574.51,18.0,82.0,0.0
grid,2007-12-05,2026-10-05,18.81,272.92,7.25,11.38,0.496,0.631,-24.55,0.295,62.56,23.38,-14.03,373244.38,20.0,0.0,80.0
grid,2007-12-05,2026-10-05,18.81,282.66,7.39,11.38,0.508,0.648,-24.18,0.306,63.0,23.48,-13.74,382989.48,20.0,2.0,78.0
grid,2007-12-05,2026-10-05,18.81,292.62,7.54,11.38,0.52,0.664,-23.81,0.317,62.56,23.57,-13.45,392960.96,20.0,4.0,76.0
grid,2007-12-05,2026-10-05,18.81,302.81,7.69,11.38,0.532,0.681,-23.44,0.328,63.0,23.67,-13.16,403163.29,20.0,6.0,74.0
grid,2007-12-05,2026-10-05,18.81,313.24,7.83,11.39,0.544,0.697,-23.06,0.34,63.0,23.77,-12.87,413601.01,20.0,8.0,72.0
grid,2007-12-05,2026-10-05,18.81,323.91,7.98,11.41,0.555,0.713,-22.68,0.352,63.0,23.86,-12.58,424278.72,20.0,10.0,70.0
grid,2007-12-05,2026-10-05,18.81,334.82,8.13,11.42,0.566,0.729,-22.3,0.364,63.44,23.96,-12.29,435201.08,20.0,12.0,68.0
grid,2007-12-05,2026-10-05,18.81,345.98,8.27,11.44,0.577,0.744,-21.92,0.377,63.88,24.06,-12.0,446372.85,20.0,14.0,66.0
grid,2007-12-05,2026-10-05,18.81,357.4,8.42,11.47,0.588,0.759,-21.54,0.391,64.76,24.15,-11.71,457798.82,20.0,16.0,64.0
grid,2007-12-05,2026-10-05,18.81,369.07,8.56,11.49,0.599,0.773,-21.15,0.405,64.76,24.25,-11.5,469483.88,20.0,18.0,62.0
grid,2007-12-05,2026-10-05,18.81,381.01,8.71,11.52,0.609,0.788,-20.77,0.419,65.2,24.34,-11.84,481432.98,20.0,20.0,60.0
grid,2007-12-05,2026-10-05,18.81,393.22,8.85,11.56,0.619,0.801,-20.42,0.434,65.2,24.44,-12.18,493651.13,20.0,22.0,58.0
grid,2007-12-05,2026-10-05,18.81,405.7,9.0,11.59,0.629,0.814,-20.34,0.442,65.64,24.53,-12.52,506143.42,20.0,24.0,56.0
grid,2007-12-05,2026-10-05,18.81,418.46,9.14,11.63,0.638,0.827,-20.27,0.451,65.2,24.62,-12.86,518915.01,20.0,26.0,54.0
grid,2007-12-05,2026-10-05,18.81,431.51,9.29,11.68,0.648,0.84,-20.2,0.46,64.76,24.72,-13.2,531971.13,20.0,28.0,52.0
grid,2007-12-05,2026-10-05,18.81,444.84,9.43,11.73,0.657,0.851,-20.12,0.469,63.88,24.81,-13.54,545317.08,20.0,30.0,50.0
grid,2007-12-05,2026-10-05,18.81,458.47,9.57,11.78,0.666,0.863,-20.05,0.478,64.32,24.91,-13.87,558958.24,20.0,32.0,48.0
grid,2007-12-05,2026-10-05,18.81,472.4,9.72,11.83,0.674,0.873,-19.97,0.486,64.32,25.0,-14.21,572900.05,20.0,34.0,46.0
grid,2007-12-05,2026-10-05,18.81,486.64,9.86,11.89,0.683,0.884,-19.9,0.495,64.32,25.09,-14.54,587148.03,20.0,36.0,44.0
grid,2007-12-05,2026-10-05,18.81,501.18,10.0,11.95,0.691,0.893,-19.83,0.505,64.32,25.18,-14.87,601707.77,20.0,38.0,42.0
grid,2007-12-05,2026-10-05,18.81,516.05,10.15,12.01,0.698,0.903,-19.75,0.514,64.32,25.28,-15.21,616584.94,20.0,40.0,40.0
grid,2007-12-05,2026-10-05,18.81,531.23,10.29,12.08,0.706,0.911,-19.68,0.523,64.76,25.37,-15.54,631785.27,20.0,42.0,38.0
grid,2007-12-05,2026-10-05,18.81,546.75,10.43,12.15,0.713,0.92,-19.61,0.532,64.76,25.81,-15.87,647314.56,20.0,44.0,36.0
grid,2007-12-05,2026-10-05,18.81,562.6,10.57,12.22,0.72,0.928,-19.53,0.541,64.76,26.39,-16.2,663178.72,20.0,46.0,34.0
grid,2007-12-05,2026-10-05,18.81,578.79,10.72,12.3,0.727,0.935,-19.46,0.551,64.76,26.98,-16.53,679383.68,20.0,48.0,32.0
grid,2007-12-05,2026-10-05,18.81,595.33,10.86,12.37,0.734,0.942,-19.38,0.56,63.44,27.56,-16.86,695935.49,20.0,50.0,30.0
grid,2007-12-05,2026-10-05,18.81,612.22,11.0,12.45,0.74,0.948,-19.31,0.57,63.44,28.15,-17.19,712840.24,20.0,52.0,28.0
grid,2007-12-05,2026-10-05,18.81,629.47,11.14,12.54,0.746,0.954,-19.24,0.579,63.0,28.74,-17.51,730104.11,20.0,54.0,26.0
grid,2007-12-05,2026-10-05,18.81,647.08,11.28,12.62,0.752,0.96,-19.33,0.584,63.0,29.33,-17.84,747733.36,20.0,56.0,24.0
grid,2007-12-05,2026-10-05,18.81,665.07,11.42,12.71,0.757,0.965,-19.7,0.58,63.0,29.92,-18.17,765734.32,20.0,58.0,22.0
grid,2007-12-05,2026-10-05,18.81,683.43,11.56,12.81,0.763,0.971,-20.06,0.576,63.44,30.51,-18.49,784113.37,20.0,60.0,20.0
grid,2007-12-05,2026-10-05,18.81,702.18,11.7,12.9,0.768,0.975,-20.43,0.573,63.44,31.11,-18.81,802877.0,20.0,62.0,18.0
grid,2007-12-05,2026-10-05,18.81,721.32,11.84,13.0,0.773,0.98,-20.79,0.57,63.0,31.71,-19.14,822031.75,20.0,64.0,16.0
grid,2007-12-05,2026-10-05,18.81,740.85,11.98,13.09,0.777,0.983,-21.15,0.567,63.0,32.31,-19.46,841584.25,20.0,66.0,14.0
grid,2007-12-05,2026-10-05,18.81,760.79,12.12,13.2,0.782,0.987,-21.51,0.564,63.0,32.91,-19.78,861541.18,20.0,68.0,12.0
grid,2007-12-05,2026-10-05,18.81,781.14,12.26,13.3,0.786,0.99,-21.87,0.561,63.0,33.51,-20.1,881909.32,20.0,70.0,10.0
grid,2007-12-05,2026-10-05,18.81,801.91,12.4,13.41,0.79,0.993,-22.23,0.558,63.0,34.12,-20.42,902695.51,20.0,72.0,8.0
grid,2007-12-05,2026-10-05,18.81,823.1,12.54,13.51,0.794,0.996,-22.59,0.555,62.56,34.73,-20.74,923906.65,20.0,74.0,6.0
grid,2007-12-05,2026-10-05,18.81,844.73,12.68,13.62,0.798,0.998,-22.94,0.553,63.0,35.34,-21.06,945549.75,20.0,76.0,4.0
grid,2007-12-05,2026-10-05,18.81,866.79,12.82,13.74,0.801,1.001,-23.3,0.55,63.0,35.95,-21.37,967631.85,20.0,78.0,2.0
grid,2007-12-05,2026-10-05,18.81,889.3,12.95,13.85,0.805,1.003,-23.65,0.548,63.0,36.57,-21.69,990160.1,20.0,80.0,0.0
grid,2007-12-05,2026-10-05,18.81,275.76,7.29,11.35,0.501,0.638,-24.71,0.295,62.56,23.0,-13.97,376116.34,22.0,0.0,78.0
grid,2007-12-05,2026-10-05,18.81,285.56,7.44,11.35,0.513,0.655,-24.34,0.306,62.56,23.1,-13.68,385934.39,22.0,2.0,76.0
grid,2007-12-05,2026-10-05,18.81,295.6,7.58,11.35,0.525,0.672,-23.96,0.316,62.56,23.19,-13.39,395980.45,22.0,4.0,74.0
grid,2007-12-05,2026-10-05,18.81,305.87,7.73,11.36,0.537,0.688,-23.59,0.328,62.56,23.29,-13.1,406259.04,22.0,6.0,72.0
grid,2007-12-05,2026-10-05,18.81,316.38,7.88,11.37,0.548,0.704,-23.21,0.339,62.56,23.39,-12.81,416774.71,22.0,8.0,70.0
grid,2007-12-05,2026-10-05,18.81,327.12,8.02,11.38,0.56,0.72,-22.84,0.351,63.0,23.48,-12.52,427532.11,22.0,10.0,68.0
grid,2007-12-05,2026-10-05,18.81,338.12,8.17,11.4,0.571,0.736,-22.46,0.364,64.32,23.58,-12.23,438535.93,22.0,12.0,66.0
grid,2007-12-05,2026-10-05,18.81,349.36,8.31,11.42,0.582,0.751,-22.08,0.377,64.76,23.67,-11.94,449790.96,22.0,14.0,64.0
grid,2007-12-05,2026-10-05,18.81,360.86,8.46,11.44,0.593,0.766,-21.7,0.39,64.76,23.77,-11.64,461302.02,22.0,16.0,62.0
grid,2007-12-05,2026-10-05,18.81,372.62,8.61,11.47,0.603,0.781,-21.31,0.404,64.76,23.86,-11.6,473074.04,22.0,18.0,60.0
grid,2007-12-05,2026-10-05,18.81,384.65,8.75,11.5,0.613,0.795,-20.93,0.418,65.2,23.96,-11.94,485112.0,22.0,20.0,58.0
grid,2007-12-05,2026-10-05,18.81,396.94,8.9,11.53,0.624,0.809,-20.54,0.433,65.64,24.05,-12.28,497420.94,22.0,22.0,56.0
grid,2007-12-05,2026-10-05,18.81,409.52,9.04,11.57,0.633,0.822,-20.33,0.445,65.2,24.15,-12.62,510005.99,22.0,24.0,54.0
grid,2007-12-05,2026-10-05,18.81,422.37,9.19,11.61,0.643,0.835,-20.26,0.453,65.2,24.24,-12.96,522872.34,22.0,26.0,52.0
grid,2007-12-05,2026-10-05,18.81,435.51,9.33,11.65,0.652,0.847,-20.19,0.462,63.88,24.34,-13.3,536025.27,22.0,28.0,50.0
grid,2007-12-05,2026-10-05,18.81,448.94,9.47,11.7,0.661,0.859,-20.11,0.471,63.88,24.43,-13.63,549470.1,22.0,30.0,48.0
grid,2007-12-05,2026-10-05,18.81,462.67,9.62,11.75,0.67,0.87,-20.04,0.48,64.32,24.52,-13.97,563212.26,22.0,32.0,46.0
grid,2007-12-05,2026-10-05,18.81,476.7,9.76,11.81,0.679,0.881,-19.96,0.489,64.32,24.62,-14.3,577257.22,22.0,34.0,44.0
grid,2007-12-05,2026-10-05,18.81,491.04,9.9,11.86,0.687,0.891,-19.89,0.498,64.32,24.71,-14.64,591610.53,22.0,36.0,42.0
grid,2007-12-05,2026-10-05,18.81,505.7,10.05,11.92,0.695,0.901,-19.81,0.507,64.32,24.8,-14.97,606277.84,22.0,38.0,40.0
grid,2007-12-05,2026-10-05,18.81,520.67,10.19,11.99,0.703,0.91,-19.74,0.516,64.32,24.89,-15.3,621264.83,22.0,40.0,38.0
grid,2007-12-05,2026-10-05,18.81,535.97,10.33,12.05,0.71,0.919,-19.67,0.525,64.76,25.22,-15.63,636577.29,22.0,42.0,36.0
grid,2007-12-05,2026-10-05,18.81,551.6,10.48,12.12,0.718,0.927,-19.59,0.535,64.32,25.8,-15.97,652221.06,22.0,44.0,34.0
grid,2007-12-05,2026-10-05,18.81,567.56,10.62,12.19,0.725,0.935,-19.52,0.544,64.32,26.38,-16.3,668202.08,22.0,46.0,32.0
grid,2007-12-05,2026-10-05,18.81,583.87,10.76,12.27,0.732,0.942,-19.45,0.553,64.76,26.96,-16.62,684526.32,22.0,48.0,30.0
grid,2007-12-05,2026-10-05,18.81,600.53,10.9,12.35,0.738,0.949,-19.37,0.563,64.76,27.54,-16.95,701199.87,22.0,50.0,28.0
grid,2007-12-05,2026-10-05,18.81,617.54,11.04,12.43,0.744,0.955,-19.3,0.572,63.44,28.13,-17.28,718228.88,22.0,52.0,26.0
grid,2007-12-05,2026-10-05,18.81,634.91,11.18,12.51,0.75,0.961,-19.23,0.582,63.0,28.72,-17.61,735619.55,22.0,54.0,24.0
grid,2007-12-05,2026-10-05,18.81,652.66,11.33,12.6,0.756,0.967,-19.44,0.583,63.0,29.31,-17.93,753378.19,22.0,56.0,22.0
grid,2007-12-05,2026-10-05,18.81,670.77,11.47,12.69,0.762,0.972,-19.81,0.579,63.0,29.9,-18.26,771511.17,22.0,58.0,20.0
grid,2007-12-05,2026-10-05,18.81,689.27,11.61,12.78,0.767,0.977,-20.17,0.575,63.44,30.5,-18.58,790024.91,22.0,60.0,18.0
grid,2007-12-05,2026-10-05,18.81,708.15,11.75,12.87,0.772,0.982,-20.53,0.572,63.44,31.09,-18.91,808925.96,22.0,62.0,16.0
grid,2007-12-05,2026-10-05,18.81,727.43,11.89,12.97,0.777,0.986,-20.9,0.569,63.0,31.69,-19.23,828220.88,22.0,64.0,14.0
grid,2007-12-05,2026-10-05,18.81,747.1,12.03,13.07,0.782,0.99,-21.26,0.566,63.0,32.29,-19.55,847916.36,22.0,66.0,12.0
grid,2007-12-05,2026-10-05,18.81,767.19,12.17,13.17,0.786,0.993,-21.62,0.563,63.0,32.89,-19.87,868019.12,22.0,68.0,10.0
grid,2007-12-05,2026-10-05,18.81,787.68,12.31,13.27,0.79,0.996,-21.98,0.56,63.0,33.5,-20.19,888535.99,22.0,70.0,8.0
grid,2007-12-05,2026-10-05,18.81,808.6,12.45,13.38,0.794,0.999,-22.34,0.557,63.0,34.1,-20.51,909473.85,22.0,72.0,6.0
grid,2007-12-05,2026-10-05,18.81,829.95,12.58,13.49,0.798,1.001,-22.69,0.555,63.0,34.71,-20.83,930839.65,22.0,74.0,4.0
grid,2007-12-05,2026-10-05,18.81,851.73,12.72,13.6,0.802,1.004,-23.05,0.552,63.44,35.32,-21.15,952640.44,22.0,76.0,2.0
grid,2007-12-05,2026-10-05,18.81,873.95,12.86,13.71,0.805,1.006,-23.4,0.55,63.44,35.94,-21.46,974883.31,22.0,78.0,0.0
grid,2007-12-05,2026-10-05,18.81,278.6,7.33,11.33,0.505,0.645,-24.86,0.295,62.56,22.62,-13.91,378994.58,24.0,0.0,76.0
grid,2007-12-05,2026-10-05,18.81,288.48,7.48,11.33,0.517,0.662,-24.49,0.305,62.56,22.71,-13.62,388885.71,24.0,2.0,74.0
grid,2007-12-05,2026-10-05,18.81,298.59,7.63,11.33,0.529,0.679,-24.12,0.316,62.56,22.81,-13.33,399006.5,24.0,4.0,72.0
grid,2007-12-05,2026-10-05,18.81,308.93,7.77,11.33,0.541,0.695,-23.74,0.327,62.56,22.91,-13.04,409361.49,24.0,6.0,70.0
grid,2007-12-05,2026-10-05,18.81,319.52,7.92,11.34,0.553,0.711,-23.37,0.339,63.44,23.0,-12.75,419955.28,24.0,8.0,68.0
grid,2007-12-05,2026-10-05,18.81,330.34,8.07,11.36,0.564,0.727,-22.99,0.351,63.44,23.1,-12.46,430792.52,24.0,10.0,66.0
grid,2007-12-05,2026-10-05,18.81,341.42,8.21,11.37,0.575,0.743,-22.61,0.363,64.32,23.2,-12.17,441877.96,24.0,12.0,64.0
grid,2007-12-05,2026-10-05,18.81,352.74,8.36,11.39,0.586,0.759,-22.23,0.376,64.76,23.29,-11.87,453216.4,24.0,14.0,62.0
grid,2007-12-05,2026-10-05,18.81,364.33,8.5,11.42,0.597,0.774,-21.85,0.389,64.76,23.39,-11.58,464812.72,24.0,16.0,60.0
grid,2007-12-05,2026-10-05,18.81,376.17,8.65,11.44,0.608,0.788,-21.47,0.403,64.76,23.48,-11.7,476671.86,24.0,18.0,58.0
grid,2007-12-05,2026-10-05,18.81,388.29,8.79,11.47,0.618,0.802,-21.09,0.417,64.76,23.58,-12.04,488798.84,24.0,20.0,56.0
grid,2007-12-05,2026-10-05,18.81,400.67,8.94,11.51,0.628,0.816,-20.7,0.432,65.2,23.67,-12.38,501198.74,24.0,22.0,54.0
grid,2007-12-05,2026-10-05,18.81,413.34,9.08,11.54,0.638,0.829,-20.32,0.447,65.2,23.77,-12.72,513876.73,24.0,24.0,52.0
grid,2007-12-05,2026-10-05,18.81,426.29,9.23,11.59,0.647,0.842,-20.25,0.456,64.76,23.86,-13.06,526838.03,24.0,26.0,50.0
grid,2007-12-05,2026-10-05,18.81,439.52,9.37,11.63,0.657,0.854,-20.17,0.465,63.88,23.95,-13.39,540087.94,24.0,28.0,48.0
grid,2007-12-05,2026-10-05,18.81,453.05,9.52,11.68,0.666,0.866,-20.1,0.473,63.88,24.05,-13.73,553631.85,24.0,30.0,46.0
grid,2007-12-05,2026-10-05,18.81,466.88,9.66,11.73,0.675,0.877,-20.03,0.482,63.88,24.14,-14.06,567475.19,24.0,32.0,44.0
grid,2007-12-05,2026-10-05,18.81,481.02,9.8,11.78,0.683,0.888,-19.95,0.491,64.32,24.23,-14.4,581623.48,24.0,34.0,42.0
grid,2007-12-05,2026-10-05,18.81,495.46,9.95,11.84,0.692,0.898,-19.88,0.5,63.88,24.33,-14.73,596082.33,24.0,36.0,40.0
grid,2007-12-05,2026-10-05,18.81,510.22,10.09,11.9,0.7,0.908,-19.81,0.509,63.88,24.42,-15.07,610857.4,24.0,38.0,38.0
grid,2007-12-05,2026-10-05,18.81,525.3,10.23,11.96,0.707,0.917,-19.74,0.519,64.32,24.63,-15.4,625954.42,24.0,40.0,36.0
grid,2007-12-05,2026-10-05,18.81,540.71,10.38,12.03,0.715,0.926,-19.67,0.528,64.32,25.2,-15.73,641379.21,24.0,42.0,34.0
grid,2007-12-05,2026-10-05,18.81,556.45,10.52,12.1,0.722,0.934,-19.59,0.537,64.32,25.78,-16.06,657137.67,24.0,44.0,32.0
grid,2007-12-05,2026-10-05,18.81,572.53,10.66,12.17,0.729,0.942,-19.52,0.546,64.32,26.36,-16.39,673235.75,24.0,46.0,30.0
grid,2007-12-05,2026-10-05,18.81,588.96,10.8,12.25,0.736,0.949,-19.45,0.555,64.32,26.94,-16.72,689679.5,24.0,48.0,28.0
grid,2007-12-05,2026-10-05,18.81,605.74,10.95,12.33,0.742,0.956,-19.38,0.565,64.76,27.53,-17.05,706475.01,24.0,50.0,26.0
grid,2007-12-05,2026-10-05,18.81,622.87,11.09,12.41,0.749,0.962,-19.31,0.574,64.76,28.12,-17.37,723628.49,24.0,52.0,24.0
grid,2007-12-05,2026-10-05,18.81,640.37,11.23,12.49,0.755,0.968,-19.24,0.583,63.88,28.7,-17.7,741146.19,24.0,54.0,22.0
grid,2007-12-05,2026-10-05,18.81,658.24,11.37,12.58,0.76,0.973,-19.55,0.582,63.0,29.29,-18.03,759034.45,24.0,56.0,20.0
grid,2007-12-05,2026-10-05,18.81,676.49,11.51,12.67,0.766,0.979,-19.92,0.578,63.44,29.89,-18.35,777299.68,24.0,58.0,18.0
grid,2007-12-05,2026-10-05,18.81,695.12,11.65,12.76,0.771,0.983,-20.28,0.574,63.44,30.48,-18.67,795948.36,24.0,60.0,16.0
grid,2007-12-05,2026-10-05,18.81,714.14,11.79,12.85,0.776,0.988,-20.64,0.571,63.44,31.08,-19.0,814987.06,24.0,62.0,14.0
grid,2007-12-05,2026-10-05,18.81,733.55,11.93,12.95,0.781,0.992,-21.01,0.568,63.44,31.68,-19.32,834422.4,24.0,64.0,12.0
grid,2007-12-05,2026-10-05,18.81,753.37,12.07,13.05,0.786,0.996,-21.37,0.565,63.0,32.28,-19.64,854261.11,24.0,66.0,10.0
grid,2007-12-05,2026-10-05,18.81,773.6,12.21,13.15,0.79,0.999,-21.73,0.562,63.0,32.88,-19.96,874509.96,24.0,68.0,8.0
grid,2007-12-05,2026-10-05,18.81,794.24,12.35,13.25,0.794,1.002,-22.09,0.559,63.0,33.48,-20.28,895175.81,24.0,70.0,6.0
grid,2007-12-05,2026-10-05,18.81,815.31,12.49,13.36,0.798,1.005,-22.44,0.556,63.0,34.09,-20.6,916265.6,24.0,72.0,4.0
grid,2007-12-05,2026-10-05,18.81,836.81,12.63,13.47,0.802,1.007,-22.8,0.554,63.44,34.7,-20.92,937786.32,24.0,74.0,2.0
grid,2007-12-05,2026-10-05,18.81,858.74,12.77,13.58,0.806,1.01,-23.16,0.551,63.88,35.31,-21.24,959745.07,24.0,76.0,0.0
grid,2007-12-05,2026-10-05,18.81,281.45,7.38,11.31,0.509,0.651,-25.01,0.295,62.56,22.24,-13.85,381878.9,26.0,0.0,74.0
grid,2007-12-05,2026-10-05,18.81,291.4,7.52,11.31,0.521,0.669,-24.64,0.305,62.56,22.33,-13.56,391843.26,26.0,2.0,72.0
grid,2007-12-05,2026-10-05,18.81,301.58,7.67,11.31,0.533,0.685,-24.27,0.316,63.0,22.43,-13.27,402038.92,26.0,4.0,70.0
grid,2007-12-05,2026-10-05,18.81,312.0,7.82,11.31,0.545,0.702,-23.9,0.327,63.0,22.53,-12.98,412470.46,26.0,6.0,68.0
grid,2007-12-05,2026-10-05,18.81,322.66,7.96,11.32,0.557,0.718,-23.52,0.338,63.44,22.62,-12.69,423142.5,26.0,8.0,66.0
grid,2007-12-05,2026-10-05,18.81,333.57,8.11,11.34,0.568,0.734,-23.15,0.35,63.88,22.72,-12.4,434059.74,26.0,10.0,64.0
grid,2007-12-05,2026-10-05,18.81,344.72,8.26,11.35,0.58,0.75,-22.77,0.363,63.88,22.81,-12.1,445226.95,26.0,12.0,62.0
grid,2007-12-05,2026-10-05,18.81,356.13,8.4,11.37,0.591,0.766,-22.39,0.375,64.32,22.91,-11.81,456648.96,26.0,14.0,60.0
grid,2007-12-05,2026-10-05,18.81,367.8,8.55,11.39,0.601,0.781,-22.01,0.388,64.76,23.01,-11.52,468330.69,26.0,16.0,58.0
grid,2007-12-05,2026-10-05,18.81,379.73,8.69,11.42,0.612,0.795,-21.63,0.402,64.76,23.1,-11.8,480277.11,26.0,18.0,56.0
grid,2007-12-05,2026-10-05,18.81,391.94,8.84,11.45,0.622,0.81,-21.24,0.416,64.32,23.2,-12.14,492493.28,26.0,20.0,54.0
grid,2007-12-05,2026-10-05,18.81,404.41,8.98,11.49,0.632,0.823,-20.86,0.431,65.2,23.29,-12.48,504984.31,26.0,22.0,52.0
grid,2007-12-05,2026-10-05,18.81,417.17,9.13,11.52,0.642,0.837,-20.47,0.446,65.2,23.38,-12.81,517755.4,26.0,24.0,50.0
grid,2007-12-05,2026-10-05,18.81,430.21,9.27,11.56,0.652,0.849,-20.25,0.458,63.88,23.48,-13.15,530811.82,26.0,26.0,48.0
grid,2007-12-05,2026-10-05,18.81,443.54,9.42,11.61,0.661,0.862,-20.18,0.467,63.44,23.57,-13.49,544158.89,26.0,28.0,46.0
grid,2007-12-05,2026-10-05,18.81,457.17,9.56,11.66,0.67,0.873,-20.11,0.475,63.44,23.67,-13.83,557802.04,26.0,30.0,44.0
grid,2007-12-05,2026-10-05,18.81,471.1,9.7,11.71,0.679,0.885,-20.04,0.484,63.44,23.83,-14.16,571746.75,26.0,32.0,42.0
grid,2007-12-05,2026-10-05,18.81,485.34,9.85,11.76,0.688,0.895,-19.97,0.493,63.88,23.99,-14.49,585998.57,26.0,34.0,40.0
grid,2007-12-05,2026-10-05,18.81,499.88,9.99,11.82,0.696,0.906,-19.89,0.502,63.88,24.16,-14.83,600563.14,26.0,36.0,38.0
grid,2007-12-05,2026-10-05,18.81,514.75,10.13,11.88,0.704,0.915,-19.82,0.511,63.88,24.32,-15.16,615446.15,26.0,38.0,36.0
grid,2007-12-05,2026-10-05,18.81,529.94,10.28,11.94,0.712,0.924,-19.75,0.52,64.32,24.61,-15.49,630653.4,26.0,40.0,34.0
grid,2007-12-05,2026-10-05,18.81,545.46,10.42,12.01,0.719,0.933,-19.68,0.529,64.32,25.19,-15.82,646190.73,26.0,42.0,32.0
grid,2007-12-05,2026-10-05,18.81,561.31,10.56,12.08,0.726,0.941,-19.61,0.539,64.32,25.77,-16.15,662064.07,26.0,44.0,30.0
grid,2007-12-05,2026-10-05,18.81,577.51,10.7,12.15,0.733,0.949,-19.54,0.548,64.32,26.35,-16.48,678279.43,26.0,46.0,28.0
grid,2007-12-05,2026-10-05,18.81,594.06,10.85,12.23,0.74,0.956,-19.47,0.557,64.32,26.93,-16.81,694842.88,26.0,48.0,26.0
grid,2007-12-05,2026-10-05,18.81,610.95,10.99,12.3,0.747,0.962,-19.4,0.566,64.76,27.51,-17.14,711760.57,26.0,50.0,24.0
grid,2007-12-05,2026-10-05,18.81,628.21,11.13,12.39,0.753,0.969,-19.33,0.576,64.32,28.1,-17.47,729038.74,26.0,52.0,22.0
grid,2007-12-05,2026-10-05,18.81,645.84,11.27,12.47,0.759,0.974,-19.29,0.584,64.32,28.69,-17.79,746683.68,26.0,54.0,20.0
grid,2007-12-05,2026-10-05,18.81,663.84,11.41,12.56,0.765,0.98,-19.66,0.58,64.76,29.28,-18.12,764701.78,26.0,56.0,18.0
grid,2007-12-05,2026-10-05,18.81,682.21,11.55,12.64,0.77,0.985,-20.03,0.577,63.88,29.87,-18.44,783099.49,26.0,58.0,16.0
grid,2007-12-05,2026-10-05,18.81,700.98,11.69,12.74,0.775,0.989,-20.39,0.574,63.44,30.46,-18.77,801883.33,26.0,60.0,14.0
grid,2007-12-05,2026-10-05,18.81,720.13,11.83,12.83,0.78,0.994,-20.75,0.57,63.44,31.06,-19.09,821059.91,26.0,62.0,12.0
grid,2007-12-05,2026-10-05,18.81,739.68,11.97,12.93,0.785,0.998,-21.12,0.567,63.44,31.66,-19.41,840635.92,26.0,64.0,10.0
grid,2007-12-05,2026-10-05,18.81,759.64,12.11,13.03,0.79,1.001,-21.48,0.564,63.0,32.26,-19.73,860618.09,26.0,66.0,8.0
grid,2007-12-05,2026-10-05,18.81,780.02,12.25,13.13,0.794,1.005,-21.84,0.561,63.0,32.86,-20.05,881013.27,26.0,68.0,6.0
grid,2007-12-05,2026-10-05,18.81,800.81,12.39,13.23,0.798,1.007,-22.19,0.558,63.44,33.46,-20.37,901828.35,26.0,70.0,4.0
grid,2007-12-05,2026-10-05,18.81,822.03,12.53,13.34,0.802,1.01,-22.55,0.556,63.88,34.07,-20.69,923070.32,26.0,72.0,2.0
grid,2007-12-05,2026-10-05,18.81,843.68,12.67,13.45,0.806,1.013,-22.91,0.553,63.88,34.68,-21.01,944746.23,26.0,74.0,0.0
grid,2007-12-05,2026-10-05,18.81,284.3,7.42,11.29,0.513,0.658,-25.16,0.295,63.44,21.86,-13.78,384769.13,28.0,0.0,72.0
grid,2007-12-05,2026-10-05,18.81,294.33,7.57,11.29,0.526,0.675,-24.8,0.305,63.44,21.95,-13.5,394806.85,28.0,2.0,70.0
grid,2007-12-05,2026-10-05,18.81,304.58,7.71,11.29,0.538,0.692,-24.42,0.316,63.88,22.05,-13.21,405077.52,28.0,4.0,68.0
grid,2007-12-05,2026-10-05,18.81,315.08,7.86,11.3,0.549,0.709,-24.05,0.327,63.44,22.15,-12.92,415585.74,28.0,6.0,66.0
grid,2007-12-05,2026-10-05,18.81,325.82,8.01,11.3,0.561,0.725,-23.68,0.338,63.88,22.24,-12.63,426336.18,28.0,8.0,64.0
grid,2007-12-05,2026-10-05,18.81,336.8,8.15,11.32,0.573,0.741,-23.3,0.35,64.32,22.34,-12.33,437333.55,28.0,10.0,62.0
grid,2007-12-05,2026-10-05,18.81,348.04,8.3,11.33,0.584,0.757,-22.93,0.362,64.32,22.43,-12.04,448582.67,28.0,12.0,60.0
grid,2007-12-05,2026-10-05,18.81,359.53,8.44,11.35,0.595,0.773,-22.55,0.374,64.76,22.53,-11.75,460088.41,28.0,14.0,58.0
grid,2007-12-05,2026-10-05,18.81,371.28,8.59,11.38,0.606,0.788,-22.17,0.387,64.32,22.62,-11.56,471855.7,28.0,16.0,56.0
grid,2007-12-05,2026-10-05,18.81,383.3,8.73,11.4,0.616,0.803,-21.79,0.401,64.76,22.72,-11.9,483889.56,28.0,18.0,54.0
grid,2007-12-05,2026-10-05,18.81,395.59,8.88,11.43,0.627,0.817,-21.4,0.415,64.76,22.81,-12.24,496195.07,28.0,20.0,52.0
grid,2007-12-05,2026-10-05,18.81,408.16,9.03,11.47,0.637,0.831,-21.02,0.429,65.2,22.91,-12.57,508777.39,28.0,22.0,50.0
grid,2007-12-05,2026-10-05,18.81,421.01,9.17,11.5,0.647,0.844,-20.63,0.444,64.32,23.07,-12.91,521641.75,28.0,24.0,48.0
grid,2007-12-05,2026-10-05,18.81,434.14,9.31,11.54,0.656,0.857,-20.27,0.46,63.88,23.24,-13.25,534793.45,28.0,26.0,46.0
grid,2007-12-05,2026-10-05,18.81,447.57,9.46,11.59,0.665,0.869,-20.2,0.468,63.88,23.4,-13.59,548237.86,28.0,28.0,44.0
grid,2007-12-05,2026-10-05,18.81,461.3,9.6,11.64,0.675,0.881,-20.13,0.477,63.88,23.56,-13.92,561980.42,28.0,30.0,42.0
grid,2007-12-05,2026-10-05,18.81,475.32,9.75,11.69,0.683,0.892,-20.05,0.486,63.88,23.73,-14.26,576026.67,28.0,32.0,40.0
grid,2007-12-05,2026-10-05,18.81,489.66,9.89,11.74,0.692,0.903,-19.98,0.495,63.88,23.89,-14.59,590382.19,28.0,34.0,38.0
grid,2007-12-05,2026-10-05,18.81,504.32,10.03,11.8,0.7,0.913,-19.91,0.504,63.88,24.06,-14.92,605052.66,28.0,36.0,36.0
grid,2007-12-05,2026-10-05,18.81,519.29,10.18,11.86,0.708,0.922,-19.84,0.513,63.88,24.22,-15.26,620043.81,28.0,38.0,34.0
grid,2007-12-05,2026-10-05,18.81,534.59,10.32,11.92,0.716,0.931,-19.77,0.522,64.32,24.59,-15.59,635361.47,28.0,40.0,32.0
grid,2007-12-05,2026-10-05,18.81,550.22,10.46,11.99,0.723,0.94,-19.7,0.531,64.32,25.17,-15.92,651011.52,28.0,42.0,30.0
grid,2007-12-05,2026-10-05,18.81,566.19,10.61,12.06,0.731,0.948,-19.63,0.54,64.32,25.75,-16.25,666999.94,28.0,44.0,28.0
grid,2007-12-05,2026-10-05,18.81,582.5,10.75,12.13,0.738,0.955,-19.56,0.549,64.32,26.33,-16.58,683332.77,28.0,46.0,26.0
grid,2007-12-05,2026-10-05,18.81,599.16,10.89,12.21,0.744,0.962,-19.49,0.559,64.32,26.91,-16.91,700016.12,28.0,48.0,24.0
grid,2007-12-05,2026-10-05,18.81,616.18,11.03,12.29,0.751,0.969,-19.42,0.568,64.32,27.5,-17.23,717056.2,28.0,50.0,22.0
grid,2007-12-05,2026-10-05,18.81,633.56,11.17,12.37,0.757,0.975,-19.35,0.577,64.32,28.08,-17.56,734459.26,28.0,52.0,20.0
grid,2007-12-05,2026-10-05,18.81,651.31,11.31,12.45,0.763,0.981,-19.41,0.583,64.76,28.67,-17.89,752231.66,28.0,54.0,18.0
grid,2007-12-05,2026-10-05,18.81,669.44,11.46,12.54,0.769,0.986,-19.77,0.579,64.76,29.26,-18.21,770379.81,28.0,56.0,16.0
grid,2007-12-05,2026-10-05,18.81,687.95,11.6,12.63,0.774,0.991,-20.14,0.576,64.76,29.85,-18.54,788910.21,28.0,58.0,14.0
grid,2007-12-05,2026-10-05,18.81,706.84,11.74,12.72,0.779,0.995,-20.5,0.573,63.88,30.45,-18.86,807829.43,28.0,60.0,12.0
grid,2007-12-05,2026-10-05,18.81,726.14,11.88,12.81,0.784,1.0,-20.86,0.569,63.44,31.04,-19.18,827144.13,28.0,62.0,10.0
grid,2007-12-05,2026-10-05,18.81,745.83,12.02,12.91,0.789,1.003,-21.22,0.566,63.44,31.64,-19.5,846861.02,28.0,64.0,8.0
grid,2007-12-05,2026-10-05,18.81,765.93,12.16,13.01,0.794,1.007,-21.58,0.563,64.32,32.24,-19.83,866986.89,28.0,66.0,6.0
grid,2007-12-05,2026-10-05,18.81,786.45,12.3,13.11,0.798,1.011,-21.94,0.56,63.44,32.84,-20.15,887528.63,28.0,68.0,4.0
grid,2007-12-05,2026-10-05,18.81,807.39,12.44,13.21,0.802,1.014,-22.3,0.558,63.88,33.45,-20.47,908493.19,28.0,70.0,2.0
grid,2007-12-05,2026-10-05,18.81,828.75,12.58,13.32,0.806,1.016,-22.66,0.555,63.88,34.05,-20.78,929887.58,28.0,72.0,0.0
grid,2007-12-05,2026-10-05,18.81,287.16,7.46,11.27,0.517,0.664,-25.32,0.295,63.88,21.48,-13.72,387665.08,30.0,0.0,70.0
grid,2007-12-05,2026-10-05,18.81,297.26,7.61,11.27,0.53,0.682,-24.95,0.305,63.88,21.57,-13.43,397776.28,30.0,2.0,68.0
grid,2007-12-05,2026-10-05,18.81,307.59,7.75,11.27,0.542,0.699,-24.58,0.315,63.88,21.67,-13.14,408122.09,30.0,4.0,66.0
grid,2007-12-05,2026-10-05,18.81,318.16,7.9,11.28,0.553,0.715,-24.21,0.326,63.88,21.77,-12.85,418707.13,30.0,6.0,64.0
grid,2007-12-05,2026-10-05,18.81,328.98,8.05,11.29,0.565,0.732,-23.83,0.338,63.88,21.86,-12.56,429536.1,30.0,8.0,62.0
grid,2007-12-05,2026-10-05,18.81,340.04,8.19,11.3,0.577,0.748,-23.46,0.349,63.88,21.96,-12.27,440613.75,30.0,10.0,60.0
grid,2007-12-05,2026-10-05,18.81,351.35,8.34,11.32,0.588,0.764,-23.08,0.361,64.32,22.05,-11.98,451944.93,30.0,12.0,58.0
grid,2007-12-05,2026-10-05,18.81,362.93,8.49,11.34,0.599,0.78,-22.71,0.374,63.88,22.15,-11.69,463534.53,30.0,14.0,56.0
grid,2007-12-05,2026-10-05,18.81,374.77,8.63,11.36,0.61,0.795,-22.33,0.387,63.88,22.32,-11.65,475387.53,30.0,16.0,54.0
grid,2007-12-05,2026-10-05,18.81,386.87,8.78,11.39,0.62,0.81,-21.95,0.4,63.88,22.48,-11.99,487508.97,30.0,18.0,52.0
grid,2007-12-05,2026-10-05,18.81,399.25,8.92,11.42,0.631,0.824,-21.56,0.414,64.32,22.64,-12.33,499903.98,30.0,20.0,50.0
grid,2007-12-05,2026-10-05,18.81,411.91,9.07,11.45,0.641,0.838,-21.18,0.428,64.76,22.81,-12.67,512577.74,30.0,22.0,48.0
grid,2007-12-05,2026-10-05,18.81,424.85,9.21,11.49,0.651,0.851,-20.79,0.443,63.88,22.97,-13.01,525535.53,30.0,24.0,46.0
grid,2007-12-05,2026-10-05,18.81,438.08,9.36,11.53,0.66,0.864,-20.41,0.459,63.88,23.13,-13.35,538782.66,30.0,26.0,44.0
grid,2007-12-05,2026-10-05,18.81,451.6,9.5,11.57,0.67,0.876,-20.22,0.47,63.88,23.3,-13.68,552324.57,30.0,28.0,42.0
grid,2007-12-05,2026-10-05,18.81,465.43,9.65,11.62,0.679,0.888,-20.14,0.479,63.88,23.46,-14.02,566166.72,30.0,30.0,40.0
grid,2007-12-05,2026-10-05,18.81,479.56,9.79,11.67,0.688,0.899,-20.07,0.488,63.88,23.63,-14.35,580314.67,30.0,32.0,38.0
grid,2007-12-05,2026-10-05,18.81,494.0,9.93,11.72,0.696,0.909,-20.0,0.497,63.88,23.79,-14.69,594774.07,30.0,34.0,36.0
grid,2007-12-05,2026-10-05,18.81,508.75,10.08,11.78,0.704,0.92,-19.93,0.506,64.32,23.95,-15.02,609550.6,30.0,36.0,34.0
grid,2007-12-05,2026-10-05,18.81,523.83,10.22,11.84,0.712,0.929,-19.86,0.515,64.32,24.12,-15.35,624650.07,30.0,38.0,32.0
grid,2007-12-05,2026-10-05,18.81,539.24,10.36,11.91,0.72,0.938,-19.79,0.524,64.76,24.58,-15.68,640078.32,30.0,40.0,30.0
grid,2007-12-05,2026-10-05,18.81,554.98,10.51,11.97,0.728,0.947,-19.72,0.533,64.76,25.16,-16.02,655841.28,30.0,42.0,28.0
grid,2007-12-05,2026-10-05,18.81,571.07,10.65,12.04,0.735,0.954,-19.65,0.542,64.76,25.73,-16.34,671944.96,30.0,44.0,26.0
grid,2007-12-05,2026-10-05,18.81,587.5,10.79,12.11,0.742,0.962,-19.58,0.551,64.76,26.31,-16.67,688395.45,30.0,46.0,24.0
grid,2007-12-05,2026-10-05,18.81,604.28,10.93,12.19,0.748,0.969,-19.51,0.56,64.76,26.9,-17.0,705198.9,30.0,48.0,22.0
grid,2007-12-05,2026-10-05,18.81,621.42,11.07,12.27,0.755,0.975,-19.44,0.57,64.32,27.48,-17.33,722361.55,30.0,50.0,20.0
grid,2007-12-05,2026-10-05,18.81,638.92,11.22,12.35,0.761,0.981,-19.37,0.579,64.76,28.07,-17.66,739889.71,30.0,52.0,18.0
grid,2007-12-05,2026-10-05,18.81,656.8,11.36,12.43,0.767,0.987,-19.52,0.582,65.2,28.65,-17.98,757789.76,30.0,54.0,16.0
grid,2007-12-05,2026-10-05,18.81,675.05,11.5,12.52,0.773,0.992,-19.88,0.578,65.2,29.24,-18.31,776068.17,30.0,56.0,14.0
grid,2007-12-05,2026-10-05,18.81,693.69,11.64,12.61,0.778,0.997,-20.25,0.575,65.2,29.84,-18.63,794731.47,30.0,58.0,12.0
grid,2007-12-05,2026-10-05,18.81,712.72,11.78,12.7,0.783,1.001,-20.61,0.572,65.2,30.43,-18.95,813786.29,30.0,60.0,10.0
grid,2007-12-05,2026-10-05,18.81,732.15,11.92,12.8,0.788,1.005,-20.97,0.568,65.64,31.03,-19.28,833239.31,30.0,62.0,8.0
grid,2007-12-05,2026-10-05,18.81,751.98,12.06,12.89,0.793,1.009,-21.33,0.565,65.2,31.62,-19.6,853097.3,30.0,64.0,6.0
grid,2007-12-05,2026-10-05,18.81,772.23,12.2,12.99,0.798,1.013,-21.69,0.562,64.76,32.22,-19.92,873367.1,30.0,66.0,4.0
grid,2007-12-05,2026-10-05,18.81,792.89,12.34,13.09,0.802,1.016,-22.05,0.56,64.76,32.83,-20.24,894055.62,30.0,68.0,2.0
grid,2007-12-05,2026-10-05,18.81,813.97,12.48,13.2,0.806,1.019,-22.41,0.557,64.76,33.43,-20.56,915169.88,30.0,70.0,0.0
grid,2007-12-05,2026-10-05,18.81,290.02,7.5,11.26,0.521,0.671,-25.47,0.295,63.88,21.1,-13.66,390566.56,32.0,0.0,68.0
grid,2007-12-05,2026-10-05,18.81,300.19,7.65,11.26,0.534,0.688,-25.1,0.305,63.88,21.19,-13.37,400751.37,32.0,2.0,66.0
grid,2007-12-05,2026-10-05,18.81,310.6,7.8,11.26,0.546,0.705,-24.73,0.315,64.32,21.29,-13.08,411172.44,32.0,4.0,64.0
grid,2007-12-05,2026-10-05,18.81,321.25,7.94,11.27,0.557,0.722,-24.36,0.326,63.44,21.4,-12.79,421834.43,32.0,6.0,62.0
grid,2007-12-05,2026-10-05,18.81,332.14,8.09,11.27,0.569,0.739,-23.99,0.337,63.44,21.56,-12.5,432742.06,32.0,8.0,60.0
grid,2007-12-05,2026-10-05,18.81,343.28,8.24,11.29,0.581,0.755,-23.62,0.349,63.44,21.72,-12.21,443900.12,32.0,10.0,58.0
grid,2007-12-05,2026-10-05,18.81,354.68,8.38,11.3,0.592,0.771,-23.24,0.361,63.44,21.89,-11.92,455313.49,32.0,12.0,56.0
grid,2007-12-05,2026-10-05,18.81,366.34,8.53,11.32,0.603,0.786,-22.86,0.373,63.44,22.05,-11.62,466987.09,32.0,14.0,54.0
grid,2007-12-05,2026-10-05,18.81,378.26,8.67,11.35,0.614,0.802,-22.48,0.386,63.88,22.21,-11.75,478925.93,32.0,16.0,52.0
grid,2007-12-05,2026-10-05,18.81,390.45,8.82,11.37,0.624,0.816,-22.1,0.399,63.88,22.38,-12.09,491135.11,32.0,18.0,50.0
grid,2007-12-05,2026-10-05,18.81,402.92,8.96,11.4,0.635,0.831,-21.72,0.413,64.32,22.54,-12.43,503619.76,32.0,20.0,48.0
grid,2007-12-05,2026-10-05,18.81,415.67,9.11,11.44,0.645,0.844,-21.34,0.427,63.88,22.71,-12.77,516385.11,32.0,22.0,46.0
grid,2007-12-05,2026-10-05,18.81,428.7,9.25,11.47,0.655,0.858,-20.95,0.442,63.88,22.87,-13.11,529436.47,32.0,24.0,44.0
grid,2007-12-05,2026-10-05,18.81,442.02,9.4,11.51,0.664,0.87,-20.57,0.457,63.88,23.03,-13.45,542779.2,32.0,26.0,42.0
grid,2007-12-05,2026-10-05,18.81,455.64,9.54,11.56,0.674,0.883,-20.24,0.472,63.88,23.2,-13.78,556418.75,32.0,28.0,40.0
grid,2007-12-05,2026-10-05,18.81,469.57,9.69,11.61,0.683,0.894,-20.16,0.48,63.88,23.36,-14.12,570360.65,32.0,30.0,38.0
grid,2007-12-05,2026-10-05,18.81,483.8,9.83,11.66,0.692,0.906,-20.09,0.489,63.88,23.53,-14.45,584610.47,32.0,32.0,36.0
grid,2007-12-05,2026-10-05,18.81,498.34,9.98,11.71,0.7,0.916,-20.02,0.498,63.88,23.69,-14.79,599173.9,32.0,34.0,34.0
grid,2007-12-05,2026-10-05,18.81,513.2,10.12,11.77,0.708,0.926,-19.95,0.507,64.32,23.85,-15.12,614056.68,32.0,36.0,32.0
grid,2007-12-05,2026-10-05,18.81,528.39,10.26,11.83,0.716,0.936,-19.88,0.516,64.76,24.02,-15.45,629264.63,32.0,38.0,30.0
grid,2007-12-05,2026-10-05,18.81,543.91,10.41,11.89,0.724,0.945,-19.81,0.525,64.76,24.56,-15.78,644803.64,32.0,40.0,28.0
grid,2007-12-05,2026-10-05,18.81,559.76,10.55,11.96,0.731,0.953,-19.74,0.534,64.76,25.14,-16.11,660679.68,32.0,42.0,26.0
grid,2007-12-05,2026-10-05,18.81,575.96,10.69,12.03,0.739,0.961,-19.67,0.544,64.76,25.72,-16.44,676898.81,32.0,44.0,24.0
grid,2007-12-05,2026-10-05,18.81,592.5,10.83,12.1,0.746,0.968,-19.6,0.553,64.76,26.3,-16.77,693467.13,32.0,46.0,22.0
grid,2007-12-05,2026-10-05,18.81,609.4,10.98,12.18,0.752,0.975,-19.53,0.562,64.76,26.88,-17.1,710390.87,32.0,48.0,20.0
grid,2007-12-05,2026-10-05,18.81,626.66,11.12,12.25,0.759,0.982,-19.45,0.571,64.32,27.46,-17.42,727676.28,32.0,50.0,18.0
grid,2007-12-05,2026-10-05,18.81,644.29,11.26,12.34,0.765,0.987,-19.38,0.581,64.76,28.05,-17.75,745329.72,32.0,52.0,16.0
grid,2007-12-05,2026-10-05,18.81,662.29,11.4,12.42,0.771,0.993,-19.63,0.581,65.2,28.64,-18.08,763357.62,32.0,54.0,14.0
grid,2007-12-05,2026-10-05,18.81,680.68,11.54,12.51,0.776,0.998,-19.99,0.577,65.2,29.23,-18.4,781766.48,32.0,56.0,12.0
grid,2007-12-05,2026-10-05,18.81,699.45,11.68,12.6,0.782,1.003,-20.36,0.574,65.64,29.82,-18.72,800562.89,32.0,58.0,10.0
grid,2007-12-05,2026-10-05,18.81,718.61,11.82,12.69,0.787,1.007,-20.72,0.571,66.52,30.41,-19.05,819753.5,32.0,60.0,8.0
grid,2007-12-05,2026-10-05,18.81,738.18,11.96,12.78,0.792,1.011,-21.08,0.567,66.52,31.01,-19.37,839345.05,32.0,62.0,6.0
grid,2007-12-05,2026-10-05,18.81,758.15,12.1,12.88,0.797,1.015,-21.44,0.564,66.52,31.61,-19.69,859344.35,32.0,64.0,4.0
grid,2007-12-05,2026-10-05,18.81,778.53,12.24,12.98,0.801,1.019,-21.8,0.562,65.2,32.21,-20.01,879758.28,32.0,66.0,2.0
grid,2007-12-05,2026-10-05,18.81,799.34,12.38,13.08,0.805,1.022,-22.16,0.559,66.08,32.81,-20.33,900593.81,32.0,68.0,0.0
grid,2007-12-05,2026-10-05,18.81,292.89,7.54,11.25,0.525,0.677,-25.62,0.294,63.44,20.9,-13.6,393473.37,34.0,0.0,66.0
grid,2007-12-05,2026-10-05,18.81,303.13,7.69,11.25,0.537,0.694,-25.26,0.305,63.88,20.99,-13.31,403731.91,34.0,2.0,64.0
grid,2007-12-05,2026-10-05,18.81,313.62,7.84,11.25,0.549,0.711,-24.89,0.315,63.88,21.13,-13.02,414228.36,34.0,4.0,62.0
grid,2007-12-05,2026-10-05,18.81,324.34,7.99,11.26,0.561,0.728,-24.52,0.326,63.44,21.3,-12.73,424967.42,34.0,6.0,60.0
grid,2007-12-05,2026-10-05,18.81,335.31,8.13,11.26,0.573,0.745,-24.15,0.337,63.0,21.46,-12.44,435953.84,34.0,8.0,58.0
grid,2007-12-05,2026-10-05,18.81,346.53,8.28,11.28,0.585,0.761,-23.77,0.348,63.0,21.62,-12.15,447192.44,34.0,10.0,56.0
grid,2007-12-05,2026-10-05,18.81,358.01,8.42,11.29,0.596,0.777,-23.4,0.36,63.0,21.79,-11.86,458688.12,34.0,12.0,54.0
grid,2007-12-05,2026-10-05,18.81,369.75,8.57,11.31,0.607,0.793,-23.02,0.372,63.44,21.95,-11.56,470445.86,34.0,14.0,52.0
grid,2007-12-05,2026-10-05,18.81,381.76,8.72,11.33,0.618,0.808,-22.64,0.385,63.88,22.11,-11.85,482470.69,34.0,16.0,50.0
grid,2007-12-05,2026-10-05,18.81,394.04,8.86,11.36,0.628,0.823,-22.26,0.398,63.88,22.28,-12.19,494767.73,34.0,18.0,48.0
grid,2007-12-05,2026-10-05,18.81,406.59,9.01,11.39,0.639,0.837,-21.88,0.412,63.88,22.44,-12.53,507342.16,34.0,20.0,46.0
grid,2007-12-05,2026-10-05,18.81,419.43,9.15,11.42,0.649,0.851,-21.5,0.426,63.44,22.61,-12.87,520199.25,34.0,22.0,44.0
grid,2007-12-05,2026-10-05,18.81,432.56,9.3,11.46,0.659,0.864,-21.11,0.44,63.44,22.77,-13.21,533344.33,34.0,24.0,42.0
grid,2007-12-05,2026-10-05,18.81,445.97,9.44,11.5,0.668,0.877,-20.73,0.456,63.88,22.93,-13.54,546782.8,34.0,26.0,40.0
grid,2007-12-05,2026-10-05,18.81,459.69,9.59,11.55,0.678,0.889,-20.34,0.471,63.88,23.1,-13.88,560520.15,34.0,28.0,38.0
grid,2007-12-05,2026-10-05,18.81,473.71,9.73,11.59,0.687,0.901,-20.18,0.482,63.88,23.26,-14.21,574561.94,34.0,30.0,36.0
grid,2007-12-05,2026-10-05,18.81,488.04,9.87,11.64,0.695,0.912,-20.11,0.491,63.88,23.42,-14.55,588913.79,34.0,32.0,34.0
grid,2007-12-05,2026-10-05,18.81,502.69,10.02,11.7,0.704,0.923,-20.04,0.5,63.88,23.59,-14.88,603581.41,34.0,34.0,32.0
grid,2007-12-05,2026-10-05,18.81,517.66,10.16,11.76,0.712,0.933,-19.97,0.509,63.88,23.75,-15.21,618570.59,34.0,36.0,30.0
grid,2007-12-05,2026-10-05,18.81,532.95,10.31,11.82,0.72,0.942,-19.9,0.518,64.76,23.97,-15.55,633887.18,34.0,38.0,28.0
grid,2007-12-05,2026-10-05,18.81,548.58,10.45,11.88,0.728,0.951,-19.83,0.527,64.76,24.55,-15.88,649537.12,34.0,40.0,26.0
grid,2007-12-05,2026-10-05,18.81,564.54,10.59,11.95,0.735,0.959,-19.76,0.536,64.76,25.12,-16.21,665526.41,34.0,42.0,24.0
grid,2007-12-05,2026-10-05,18.81,580.85,10.73,12.02,0.742,0.967,-19.68,0.545,64.76,25.7,-16.54,681861.15,34.0,44.0,22.0
grid,2007-12-05,2026-10-05,18.81,597.51,10.88,12.09,0.749,0.975,-19.61,0.555,64.76,26.28,-16.86,698547.49,34.0,46.0,20.0
grid,2007-12-05,2026-10-05,18.81,614.53,11.02,12.16,0.756,0.981,-19.54,0.564,64.76,26.86,-17.19,715591.68,34.0,48.0,18.0
grid,2007-12-05,2026-10-05,18.81,631.92,11.16,12.24,0.762,0.988,-19.47,0.573,64.76,27.45,-17.52,733000.03,34.0,50.0,16.0
grid,2007-12-05,2026-10-05,18.81,649.67,11.3,12.32,0.769,0.993,-19.4,0.583,64.76,28.03,-17.84,750778.94,34.0,52.0,14.0
grid,2007-12-05,2026-10-05,18.81,667.8,11.44,12.41,0.774,0.999,-19.74,0.58,65.64,28.62,-18.17,768934.87,34.0,54.0,12.0
grid,2007-12-05,2026-10-05,18.81,686.31,11.58,12.49,0.78,1.004,-20.11,0.576,66.52,29.21,-18.49,787474.37,34.0,56.0,10.0
grid,2007-12-05,2026-10-05,18.81,705.21,11.73,12.58,0.785,1.008,-20.47,0.573,66.52,29.8,-18.82,806404.07,34.0,58.0,8.0
grid,2007-12-05,2026-10-05,18.81,724.51,11.87,12.67,0.791,1.013,-20.83,0.57,66.52,30.4,-19.14,825730.67,34.0,60.0,6.0
grid,2007-12-05,2026-10-05,18.81,744.21,12.01,12.77,0.796,1.017,-21.19,0.567,66.52,30.99,-19.46,845460.95,34.0,62.0,4.0
grid,2007-12-05,2026-10-05,18.81,764.32,12.15,12.87,0.8,1.02,-21.55,0.564,66.08,31.59,-19.78,865601.75,34.0,64.0,2.0
grid,2007-12-05,2026-10-05,18.81,784.85,12.29,12.97,0.805,1.024,-21.91,0.561,66.96,32.19,-20.1,886160.02,34.0,66.0,0.0
grid,2007-12-05,2026-10-05,18.81,295.76,7.59,11.24,0.529,0.683,-25.78,0.294,63.44,20.78,-13.54,396385.32,36.0,0.0,64.0
grid,2007-12-05,2026-10-05,18.81,306.08,7.73,11.24,0.541,0.7,-25.41,0.304,63.88,20.87,-13.25,406717.7,36.0,2.0,62.0
grid,2007-12-05,2026-10-05,18.81,316.64,7.88,11.24,0.553,0.718,-25.04,0.315,63.88,21.03,-12.96,417289.66,36.0,4.0,60.0
grid,2007-12-05,2026-10-05,18.81,327.44,8.03,11.25,0.565,0.735,-24.67,0.325,63.0,21.2,-12.67,428105.9,36.0,6.0,58.0
grid,2007-12-05,2026-10-05,18.81,338.48,8.17,11.26,0.577,0.751,-24.3,0.336,63.0,21.36,-12.38,439171.23,36.0,8.0,56.0
grid,2007-12-05,2026-10-05,18.81,349.78,8.32,11.27,0.588,0.768,-23.93,0.348,63.0,21.52,-12.09,450490.49,36.0,10.0,54.0
grid,2007-12-05,2026-10-05,18.81,361.34,8.47,11.28,0.6,0.784,-23.55,0.359,63.0,21.69,-11.79,462068.62,36.0,12.0,52.0
grid,2007-12-05,2026-10-05,18.81,373.17,8.61,11.3,0.611,0.799,-23.18,0.372,63.0,21.85,-11.61,473910.62,36.0,14.0,50.0
grid,2007-12-05,2026-10-05,18.81,385.26,8.76,11.33,0.622,0.815,-22.8,0.384,63.88,22.01,-11.95,486021.56,36.0,16.0,48.0
grid,2007-12-05,2026-10-05,18.81,397.63,8.9,11.35,0.632,0.829,-22.42,0.397,63.44,22.18,-12.29,498406.59,36.0,18.0,46.0
grid,2007-12-05,2026-10-05,18.81,410.27,9.05,11.38,0.643,0.844,-22.04,0.411,63.44,22.34,-12.63,511070.94,36.0,20.0,44.0
grid,2007-12-05,2026-10-05,18.81,423.2,9.19,11.42,0.653,0.857,-21.66,0.424,63.44,22.51,-12.97,524019.9,36.0,22.0,42.0
grid,2007-12-05,2026-10-05,18.81,436.42,9.34,11.45,0.662,0.871,-21.27,0.439,63.44,22.67,-13.31,537258.83,36.0,24.0,40.0
grid,2007-12-05,2026-10-05,18.81,449.93,9.48,11.49,0.672,0.884,-20.89,0.454,63.44,22.83,-13.64,550793.19,36.0,26.0,38.0
grid,2007-12-05,2026-10-05,18.81,463.74,9.63,11.54,0.681,0.896,-20.5,0.47,63.88,23.0,-13.98,564628.48,36.0,28.0,36.0
grid,2007-12-05,2026-10-05,18.81,477.86,9.77,11.58,0.69,0.907,-20.2,0.484,63.88,23.16,-14.31,578770.3,36.0,30.0,34.0
grid,2007-12-05,2026-10-05,18.81,492.29,9.92,11.63,0.699,0.919,-20.13,0.493,63.88,23.32,-14.65,593224.33,36.0,32.0,32.0
grid,2007-12-05,2026-10-05,18.81,507.04,10.06,11.69,0.708,0.929,-20.06,0.502,63.88,23.49,-14.98,607996.29,36.0,34.0,30.0
grid,2007-12-05,2026-10-05,18.81,522.12,10.2,11.75,0.716,0.939,-19.99,0.511,63.88,23.65,-15.31,623092.02,36.0,36.0,28.0
grid,2007-12-05,2026-10-05,18.81,537.52,10.35,11.81,0.724,0.948,-19.92,0.52,64.76,23.96,-15.64,638517.41,36.0,38.0,26.0
grid,2007-12-05,2026-10-05,18.81,553.25,10.49,11.87,0.732,0.957,-19.85,0.529,64.76,24.53,-15.97,654278.44,36.0,40.0,24.0
grid,2007-12-05,2026-10-05,18.81,569.33,10.63,11.94,0.739,0.966,-19.77,0.538,64.76,25.11,-16.3,670381.14,36.0,42.0,22.0
grid,2007-12-05,2026-10-05,18.81,585.76,10.78,12.01,0.746,0.973,-19.7,0.547,64.76,25.68,-16.63,686831.65,36.0,44.0,20.0
grid,2007-12-05,2026-10-05,18.81,602.53,10.92,12.08,0.753,0.981,-19.63,0.556,65.2,26.26,-16.96,703636.17,36.0,46.0,18.0
grid,2007-12-05,2026-10-05,18.81,619.67,11.06,12.15,0.76,0.987,-19.56,0.565,65.2,26.85,-17.29,720800.99,36.0,48.0,16.0
grid,2007-12-05,2026-10-05,18.81,637.18,11.2,12.23,0.766,0.994,-19.49,0.575,65.64,27.43,-17.61,738332.45,36.0,50.0,14.0
grid,2007-12-05,2026-10-05,18.81,655.05,11.34,12.31,0.772,0.999,-19.49,0.582,65.64,28.02,-17.94,756237.0,36.0,52.0,12.0
grid,2007-12-05,2026-10-05,18.81,673.31,11.49,12.4,0.778,1.005,-19.85,0.579,66.08,28.6,-18.26,774521.14,36.0,54.0,10.0
grid,2007-12-05,2026-10-05,18.81,691.95,11.63,12.48,0.784,1.01,-20.22,0.575,66.52,29.19,-18.59,793191.46,36.0,56.0,8.0
grid,2007-12-05,2026-10-05,18.81,710.98,11.77,12.57,0.789,1.014,-20.58,0.572,66.52,29.79,-18.91,812254.63,36.0,58.0,6.0
grid,2007-12-05,2026-10-05,18.81,730.41,11.91,12.66,0.794,1.018,-20.94,0.569,66.52,30.38,-19.23,831717.41,36.0,60.0,4.0
grid,2007-12-05,2026-10-05,18.81,750.25,12.05,12.76,0.799,1.022,-21.3,0.566,66.52,30.98,-19.56,851586.59,36.0,62.0,2.0
grid,2007-12-05,2026-10-05,18.81,770.5,12.19,12.86,0.804,1.026,-21.66,0.563,66.96,31.57,-19.88,871869.1,36.0,64.0,0.0
grid,2007-12-05,2026-10-05,18.81,298.64,7.63,11.24,0.533,0.689,-25.93,0.294,64.32,20.65,-13.48,399302.21,38.0,0.0,62.0
grid,2007-12-05,2026-10-05,18.81,309.03,7.77,11.24,0.545,0.706,-25.56,0.304,64.32,20.77,-13.19,409708.55,38.0,2.0,60.0
grid,2007-12-05,2026-10-05,18.81,319.66,7.92,11.24,0.557,0.724,-25.2,0.314,63.88,20.93,-12.9,420356.12,38.0,4.0,58.0
grid,2007-12-05,2026-10-05,18.81,330.54,8.07,11.24,0.569,0.741,-24.83,0.325,63.44,21.1,-12.61,431249.66,38.0,6.0,56.0
grid,2007-12-05,2026-10-05,18.81,341.66,8.22,11.25,0.581,0.757,-24.46,0.336,63.0,21.26,-12.32,442394.01,38.0,8.0,54.0
grid,2007-12-05,2026-10-05,18.81,353.04,8.36,11.26,0.592,0.774,-24.08,0.347,63.0,21.42,-12.03,453794.05,38.0,10.0,52.0
grid,2007-12-05,2026-10-05,18.81,364.68,8.51,11.28,0.603,0.79,-23.71,0.359,63.0,21.59,-11.73,465454.74,38.0,12.0,50.0
grid,2007-12-05,2026-10-05,18.81,376.59,8.65,11.3,0.614,0.806,-23.34,0.371,63.0,21.75,-11.71,477381.12,38.0,14.0,48.0
grid,2007-12-05,2026-10-05,18.81,388.77,8.8,11.32,0.625,0.821,-22.96,0.383,63.0,21.91,-12.05,489578.3,38.0,16.0,46.0
grid,2007-12-05,2026-10-05,18.81,401.22,8.95,11.35,0.636,0.836,-22.58,0.396,63.44,22.08,-12.39,502051.46,38.0,18.0,44.0
grid,2007-12-05,2026-10-05,18.81,413.95,9.09,11.38,0.646,0.85,-22.2,0.409,63.44,22.24,-12.73,514805.85,38.0,20.0,42.0
grid,2007-12-05,2026-10-05,18.81,426.97,9.24,11.41,0.656,0.864,-21.82,0.423,63.44,22.4,-13.07,527846.8,38.0,22.0,40.0
grid,2007-12-05,2026-10-05,18.81,440.28,9.38,11.45,0.666,0.877,-21.44,0.438,63.44,22.57,-13.41,541179.73,38.0,24.0,38.0
grid,2007-12-05,2026-10-05,18.81,453.89,9.53,11.49,0.676,0.89,-21.05,0.453,63.44,22.73,-13.74,554810.1,38.0,26.0,36.0
grid,2007-12-05,2026-10-05,18.81,467.8,9.67,11.53,0.685,0.902,-20.66,0.468,63.44,22.9,-14.08,568743.47,38.0,28.0,34.0
grid,2007-12-05,2026-10-05,18.81,482.02,9.81,11.58,0.694,0.914,-20.28,0.484,63.44,23.06,-14.41,582985.47,38.0,30.0,32.0
grid,2007-12-05,2026-10-05,18.81,496.55,9.96,11.63,0.703,0.925,-20.15,0.494,63.88,23.22,-14.74,597541.8,38.0,32.0,30.0
grid,2007-12-05,2026-10-05,18.81,511.41,10.1,11.68,0.711,0.935,-20.08,0.503,63.88,23.39,-15.08,612418.26,38.0,34.0,28.0
grid,2007-12-05,2026-10-05,18.81,526.58,10.25,11.74,0.72,0.945,-20.01,0.512,63.88,23.55,-15.41,627620.68,38.0,36.0,26.0
grid,2007-12-05,2026-10-05,18.81,542.09,10.39,11.8,0.727,0.954,-19.94,0.521,64.32,23.94,-15.74,643155.02,38.0,38.0,24.0
grid,2007-12-05,2026-10-05,18.81,557.94,10.53,11.86,0.735,0.963,-19.86,0.53,65.2,24.51,-16.07,659027.28,38.0,40.0,22.0
grid,2007-12-05,2026-10-05,18.81,574.13,10.68,11.93,0.743,0.971,-19.79,0.539,65.2,25.09,-16.4,675243.54,38.0,42.0,20.0
grid,2007-12-05,2026-10-05,18.81,590.67,10.82,12.0,0.75,0.979,-19.72,0.549,65.2,25.67,-16.73,691809.99,38.0,44.0,18.0
grid,2007-12-05,2026-10-05,18.81,607.56,10.96,12.07,0.757,0.986,-19.65,0.558,65.64,26.25,-17.06,708732.85,38.0,46.0,16.0
grid,2007-12-05,2026-10-05,18.81,624.82,11.1,12.15,0.763,0.993,-19.58,0.567,65.64,26.83,-17.38,726018.44,38.0,48.0,14.0
grid,2007-12-05,2026-10-05,18.81,642.44,11.24,12.22,0.77,0.999,-19.51,0.576,66.08,27.41,-17.71,743673.18,38.0,50.0,12.0
grid,2007-12-05,2026-10-05,18.81,660.44,11.39,12.31,0.776,1.005,-19.6,0.581,66.08,28.0,-18.03,761703.53,38.0,52.0,10.0
grid,2007-12-05,2026-10-05,18.81,678.83,11.53,12.39,0.781,1.01,-19.96,0.577,66.08,28.59,-18.36,780116.04,38.0,54.0,8.0
grid,2007-12-05,2026-10-05,18.81,697.6,11.67,12.48,0.787,1.015,-20.33,0.574,66.08,29.18,-18.68,798917.35,38.0,56.0,6.0
grid,2007-12-05,2026-10-05,18.81,716.76,11.81,12.57,0.792,1.02,-20.69,0.571,66.52,29.77,-19.01,818114.18,38.0,58.0,4.0
grid,2007-12-05,2026-10-05,18.81,736.33,11.95,12.66,0.798,1.024,-21.05,0.568,66.96,30.36,-19.33,837713.29,38.0,60.0,2.0
grid,2007-12-05,2026-10-05,18.81,756.3,12.09,12.75,0.802,1.027,-21.41,0.565,66.96,30.96,-19.65,857721.57,38.0,62.0,0.0
grid,2007-12-05,2026-10-05,18.81,301.52,7.67,11.23,0.536,0.694,-26.08,0.294,63.88,20.52,-13.42,402223.85,40.0,0.0,60.0
grid,2007-12-05,2026-10-05,18.81,311.99,7.82,11.23,0.548,0.712,-25.72,0.304,63.88,20.67,-13.13,412704.25,40.0,2.0,58.0
grid,2007-12-05,2026-10-05,18.81,322.69,7.96,11.23,0.56,0.729,-25.35,0.314,63.88,20.83,-12.84,423427.53,40.0,4.0,56.0
grid,2007-12-05,2026-10-05,18.81,333.64,8.11,11.24,0.572,0.746,-24.98,0.325,63.88,21.0,-12.55,434398.49,40.0,6.0,54.0
grid,2007-12-05,2026-10-05,18.81,344.85,8.26,11.25,0.584,0.763,-24.61,0.335,63.44,21.16,-12.26,445621.97,40.0,8.0,52.0
grid,2007-12-05,2026-10-05,18.81,356.31,8.4,11.26,0.596,0.78,-24.24,0.347,63.44,21.32,-11.96,457102.89,40.0,10.0,50.0
grid,2007-12-05,2026-10-05,18.81,368.03,8.55,11.27,0.607,0.796,-23.87,0.358,63.44,21.49,-11.67,468846.26,40.0,12.0,48.0
grid,2007-12-05,2026-10-05,18.81,380.02,8.7,11.29,0.618,0.812,-23.49,0.37,63.0,21.65,-11.81,480857.14,40.0,14.0,46.0
grid,2007-12-05,2026-10-05,18.81,392.28,8.84,11.32,0.629,0.827,-23.12,0.382,62.56,21.81,-12.15,493140.67,40.0,16.0,44.0
grid,2007-12-05,2026-10-05,18.81,404.82,8.99,11.34,0.639,0.842,-22.74,0.395,63.0,21.98,-12.49,505702.07,40.0,18.0,42.0
grid,2007-12-05,2026-10-05,18.81,417.64,9.13,11.37,0.65,0.856,-22.36,0.408,63.0,22.14,-12.83,518546.63,40.0,20.0,40.0
grid,2007-12-05,2026-10-05,18.81,430.75,9.28,11.4,0.66,0.87,-21.98,0.422,63.44,22.3,-13.17,531679.7,40.0,22.0,38.0
grid,2007-12-05,2026-10-05,18.81,444.16,9.42,11.44,0.67,0.883,-21.6,0.436,63.44,22.47,-13.5,545106.74,40.0,24.0,36.0
grid,2007-12-05,2026-10-05,18.81,457.86,9.57,11.48,0.679,0.896,-21.21,0.451,63.44,22.63,-13.84,558833.25,40.0,26.0,34.0
grid,2007-12-05,2026-10-05,18.81,471.87,9.71,11.53,0.689,0.908,-20.83,0.466,63.44,22.79,-14.18,572864.83,40.0,28.0,32.0
grid,2007-12-05,2026-10-05,18.81,486.19,9.86,11.57,0.698,0.92,-20.44,0.482,63.44,22.96,-14.51,587207.14,40.0,30.0,30.0
grid,2007-12-05,2026-10-05,18.81,500.82,10.0,11.62,0.706,0.931,-20.17,0.496,63.88,23.12,-14.84,601865.92,40.0,32.0,28.0
grid,2007-12-05,2026-10-05,18.81,515.77,10.14,11.68,0.715,0.941,-20.1,0.505,64.32,23.28,-15.18,616847.0,40.0,34.0,26.0
grid,2007-12-05,2026-10-05,18.81,531.06,10.29,11.73,0.723,0.951,-20.03,0.514,64.76,23.45,-15.51,632156.26,40.0,36.0,24.0
grid,2007-12-05,2026-10-05,18.81,546.67,10.43,11.79,0.731,0.96,-19.95,0.523,64.76,23.92,-15.84,647799.68,40.0,38.0,22.0
grid,2007-12-05,2026-10-05,18.81,562.63,10.57,11.86,0.739,0.969,-19.88,0.532,65.64,24.5,-16.17,663783.32,40.0,40.0,20.0
grid,2007-12-05,2026-10-05,18.81,578.93,10.72,11.92,0.746,0.977,-19.81,0.541,65.64,25.07,-16.5,680113.29,40.0,42.0,18.0
grid,2007-12-05,2026-10-05,18.81,595.58,10.86,11.99,0.753,0.985,-19.74,0.55,65.64,25.65,-16.82,696795.81,40.0,44.0,16.0
grid,2007-12-05,2026-10-05,18.81,612.59,11.0,12.07,0.76,0.992,-19.67,0.559,66.08,26.23,-17.15,713837.16,40.0,46.0,14.0
grid,2007-12-05,2026-10-05,18.81,629.97,11.14,12.14,0.767,0.999,-19.6,0.569,66.08,26.81,-17.48,731243.69,40.0,48.0,12.0
grid,2007-12-05,2026-10-05,18.81,647.72,11.29,12.22,0.773,1.005,-19.53,0.578,66.08,27.4,-17.81,749021.85,40.0,50.0,10.0
grid,2007-12-05,2026-10-05,18.81,665.84,11.43,12.3,0.779,1.01,-19.71,0.58,66.08,27.98,-18.13,767178.16,40.0,52.0,8.0
grid,2007-12-05,2026-10-05,18.81,684.35,11.57,12.38,0.785,1.016,-20.08,0.576,66.08,28.57,-18.45,785719.21,40.0,54.0,6.0
grid,2007-12-05,2026-10-05,18.81,703.25,11.71,12.47,0.79,1.02,-20.44,0.573,66.52,29.16,-18.78,804651.67,40.0,56.0,4.0
grid,2007-12-05,2026-10-05,18.81,722.55,11.85,12.56,0.796,1.025,-20.8,0.57,66.96,29.75,-19.1,823982.3,40.0,58.0,2.0
grid,2007-12-05,2026-10-05,18.81,742.25,11.99,12.65,0.801,1.029,-21.16,0.567,66.52,30.35,-19.42,843717.93,40.0,60.0,0.0
grid,2007-12-05,2026-10-05,18.81,304.41,7.71,11.23,0.539,0.7,-26.23,0.294,63.44,20.41,-13.36,405150.04,42.0,0.0,58.0
grid,2007-12-05,2026-10-05,18.81,314.94,7.86,11.23,0.552,0.717,-25.87,0.304,63.88,20.57,-13.07,415704.59,42.0,2.0,56.0
grid,2007-12-05,2026-10-05,18.81,325.72,8.0,11.23,0.564,0.735,-25.5,0.314,63.88,20.73,-12.78,426503.69,42.0,4.0,54.0
grid,2007-12-05,2026-10-05,18.81,336.75,8.15,11.24,0.576,0.752,-25.14,0.324,63.88,20.9,-12.49,437552.16,42.0,6.0,52.0
grid,2007-12-05,2026-10-05,18.81,348.03,8.3,11.24,0.587,0.769,-24.77,0.335,63.44,21.06,-12.2,448854.88,42.0,8.0,50.0
grid,2007-12-05,2026-10-05,18.81,359.58,8.44,11.26,0.599,0.785,-24.4,0.346,63.44,21.22,-11.9,460416.8,42.0,10.0,48.0
grid,2007-12-05,2026-10-05,18.81,371.38,8.59,11.27,0.61,0.802,-24.03,0.358,63.44,21.39,-11.61,472242.95,42.0,12.0,46.0
grid,2007-12-05,2026-10-05,18.81,383.45,8.74,11.29,0.621,0.817,-23.65,0.369,63.0,21.55,-11.92,484338.44,42.0,14.0,44.0
grid,2007-12-05,2026-10-05,18.81,395.8,8.88,11.31,0.632,0.833,-23.28,0.382,62.56,21.71,-12.25,496708.43,42.0,16.0,42.0
grid,2007-12-05,2026-10-05,18.81,408.43,9.03,11.34,0.643,0.847,-22.9,0.394,63.44,21.88,-12.59,509358.18,42.0,18.0,40.0
grid,2007-12-05,2026-10-05,18.81,421.34,9.17,11.37,0.653,0.862,-22.52,0.407,62.56,22.04,-12.93,522293.02,42.0,20.0,38.0
grid,2007-12-05,2026-10-05,18.81,434.54,9.32,11.4,0.663,0.875,-22.14,0.421,63.44,22.2,-13.27,535518.33,42.0,22.0,36.0
grid,2007-12-05,2026-10-05,18.81,448.04,9.46,11.44,0.673,0.889,-21.76,0.435,63.88,22.37,-13.6,549039.6,42.0,24.0,34.0
grid,2007-12-05,2026-10-05,18.81,461.83,9.61,11.48,0.683,0.901,-21.37,0.45,63.88,22.53,-13.94,562862.38,42.0,26.0,32.0
grid,2007-12-05,2026-10-05,18.81,475.94,9.75,11.52,0.692,0.914,-20.99,0.465,63.88,22.69,-14.27,576992.29,42.0,28.0,30.0
grid,2007-12-05,2026-10-05,18.81,490.35,9.9,11.57,0.701,0.925,-20.6,0.48,63.88,22.86,-14.61,591435.03,42.0,30.0,28.0
grid,2007-12-05,2026-10-05,18.81,505.09,10.04,11.62,0.71,0.936,-20.22,0.497,63.88,23.02,-14.94,606196.39,42.0,32.0,26.0
grid,2007-12-05,2026-10-05,18.81,520.15,10.19,11.67,0.718,0.947,-20.12,0.506,63.88,23.18,-15.27,621282.21,42.0,34.0,24.0
grid,2007-12-05,2026-10-05,18.81,535.53,10.33,11.73,0.726,0.957,-20.05,0.515,65.2,23.35,-15.6,636698.44,42.0,36.0,22.0
grid,2007-12-05,2026-10-05,18.81,551.26,10.47,11.79,0.734,0.966,-19.97,0.524,65.2,23.91,-15.94,652451.09,42.0,38.0,20.0
grid,2007-12-05,2026-10-05,18.81,567.32,10.62,11.85,0.742,0.974,-19.9,0.533,65.2,24.48,-16.26,668546.23,42.0,40.0,18.0
grid,2007-12-05,2026-10-05,18.81,583.74,10.76,11.92,0.749,0.983,-19.83,0.543,65.64,25.06,-16.59,684990.05,42.0,42.0,16.0
grid,2007-12-05,2026-10-05,18.81,600.51,10.9,11.99,0.756,0.99,-19.76,0.552,66.52,25.63,-16.92,701788.78,42.0,44.0,14.0
grid,2007-12-05,2026-10-05,18.81,617.63,11.04,12.06,0.763,0.997,-19.69,0.561,66.08,26.21,-17.25,718948.76,42.0,46.0,12.0
grid,2007-12-05,2026-10-05,18.81,635.13,11.19,12.14,0.77,1.004,-19.62,0.57,66.08,26.8,-17.58,736476.37,42.0,48.0,10.0
grid,2007-12-05,2026-10-05,18.81,653.0,11.33,12.22,0.776,1.01,-19.55,0.58,66.08,27.38,-17.9,754378.1,42.0,50.0,8.0
grid,2007-12-05,2026-10-05,18.81,671.25,11.47,12.3,0.782,1.016,-19.82,0.579,66.52,27.97,-18.23,772660.52,42.0,52.0,6.0
grid,2007-12-05,2026-10-05,18.81,689.88,11.61,12.38,0.788,1.021,-20.19,0.575,66.52,28.55,-18.55,791330.25,42.0,54.0,4.0
grid,2007-12-05,2026-10-05,18.81,708.91,11.75,12.47,0.794,1.025,-20.55,0.572,66.52,29.14,-18.87,810394.01,42.0,56.0,2.0
grid,2007-12-05,2026-10-05,18.81,728.34,11.89,12.56,0.799,1.03,-20.91,0.569,66.52,29.73,-19.2,829858.6,42.0,58.0,0.0
grid,2007-12-05,2026-10-05,18.81,307.3,7.75,11.24,0.543,0.705,-26.39,0.294,63.44,20.31,-13.3,408080.58,44.0,0.0,56.0
grid,2007-12-05,2026-10-05,18.81,317.91,7.9,11.23,0.555,0.723,-26.02,0.303,63.44,20.47,-13.01,418709.38,44.0,2.0,54.0
grid,2007-12-05,2026-10-05,18.81,328.76,8.04,11.23,0.567,0.74,-25.66,0.314,63.88,20.64,-12.72,429584.39,44.0,4.0,52.0
grid,2007-12-05,2026-10-05,18.81,339.87,8.19,11.24,0.579,0.757,-25.29,0.324,63.88,20.8,-12.43,440710.47,44.0,6.0,50.0
grid,2007-12-05,2026-10-05,18.81,351.23,8.34,11.25,0.591,0.774,-24.92,0.335,63.44,20.96,-12.14,452092.52,44.0,8.0,48.0
grid,2007-12-05,2026-10-05,18.81,362.85,8.49,11.26,0.602,0.791,-24.55,0.346,63.44,21.12,-11.84,463735.53,44.0,10.0,46.0
grid,2007-12-05,2026-10-05,18.81,374.73,8.63,11.27,0.614,0.807,-24.18,0.357,63.0,21.29,-11.68,475644.57,44.0,12.0,44.0
grid,2007-12-05,2026-10-05,18.81,386.89,8.78,11.29,0.625,0.823,-23.81,0.369,63.0,21.45,-12.02,487824.77,44.0,14.0,42.0
grid,2007-12-05,2026-10-05,18.81,399.32,8.92,11.31,0.635,0.838,-23.43,0.381,62.56,21.61,-12.36,500281.33,44.0,16.0,40.0
grid,2007-12-05,2026-10-05,18.81,412.04,9.07,11.34,0.646,0.853,-23.06,0.393,63.88,21.78,-12.69,513019.54,44.0,18.0,38.0
grid,2007-12-05,2026-10-05,18.81,425.04,9.21,11.37,0.656,0.867,-22.68,0.406,63.44,21.94,-13.03,526044.77,44.0,20.0,36.0
grid,2007-12-05,2026-10-05,18.81,438.33,9.36,11.4,0.666,0.881,-22.3,0.42,63.88,22.1,-13.37,539362.43,44.0,22.0,34.0
grid,2007-12-05,2026-10-05,18.81,451.92,9.5,11.44,0.676,0.894,-21.92,0.434,64.32,22.27,-13.7,552978.05,44.0,24.0,32.0
grid,2007-12-05,2026-10-05,18.81,465.81,9.65,11.48,0.686,0.907,-21.54,0.448,64.32,22.43,-14.04,566897.2,44.0,26.0,30.0
grid,2007-12-05,2026-10-05,18.81,480.01,9.79,11.52,0.695,0.919,-21.16,0.463,63.88,22.59,-14.37,581125.56,44.0,28.0,28.0
grid,2007-12-05,2026-10-05,18.81,494.53,9.94,11.57,0.704,0.931,-20.77,0.478,63.88,22.76,-14.71,595668.85,44.0,30.0,26.0
grid,2007-12-05,2026-10-05,18.81,509.36,10.08,11.62,0.713,0.942,-20.39,0.495,64.32,22.92,-15.04,610532.9,44.0,32.0,24.0
grid,2007-12-05,2026-10-05,18.81,524.53,10.23,11.67,0.721,0.952,-20.14,0.508,64.32,23.08,-15.37,625723.6,44.0,34.0,22.0
grid,2007-12-05,2026-10-05,18.81,540.02,10.37,11.73,0.73,0.962,-20.07,0.517,64.76,23.32,-15.7,641246.92,44.0,36.0,20.0
grid,2007-12-05,2026-10-05,18.81,555.85,10.51,11.79,0.737,0.971,-19.99,0.526,64.76,23.89,-16.03,657108.91,44.0,38.0,18.0
grid,2007-12-05,2026-10-05,18.81,572.03,10.66,11.85,0.745,0.98,-19.92,0.535,65.64,24.46,-16.36,673315.69,44.0,40.0,16.0
grid,2007-12-05,2026-10-05,18.81,588.55,10.8,11.92,0.752,0.988,-19.85,0.544,66.52,25.04,-16.69,689873.48,44.0,42.0,14.0
grid,2007-12-05,2026-10-05,18.81,605.44,10.94,11.99,0.76,0.995,-19.78,0.553,66.52,25.62,-17.02,706788.56,44.0,44.0,12.0
grid,2007-12-05,2026-10-05,18.81,622.68,11.09,12.06,0.766,1.002,-19.71,0.562,66.08,26.2,-17.35,724067.29,44.0,46.0,10.0
grid,2007-12-05,2026-10-05,18.81,640.3,11.23,12.14,0.773,1.009,-19.64,0.572,66.08,26.78,-17.67,741716.12,44.0,48.0,8.0
grid,2007-12-05,2026-10-05,18.81,658.29,11.37,12.21,0.779,1.015,-19.57,0.581,66.52,27.36,-18.0,759741.56,44.0,50.0,6.0
grid,2007-12-05,2026-10-05,18.81,676.66,11.51,12.3,0.785,1.021,-19.94,0.577,66.96,27.95,-18.32,778150.22,44.0,52.0,4.0
grid,2007-12-05,2026-10-05,18.81,695.42,11.65,12.38,0.791,1.026,-20.3,0.574,66.96,28.54,-18.65,796948.77,44.0,54.0,2.0
grid,2007-12-05,2026-10-05,18.81,714.58,11.79,12.47,0.797,1.03,-20.66,0.571,66.52,29.12,-18.97,816143.98,44.0,56.0,0.0
grid,2007-12-05,2026-10-05,18.81,310.19,7.79,11.24,0.546,0.71,-26.54,0.294,63.44,20.21,-13.24,411015.26,46.0,0.0,54.0
grid,2007-12-05,2026-10-05,18.81,320.87,7.94,11.24,0.558,0.728,-26.18,0.303,63.44,20.37,-12.95,421718.39,46.0,2.0,52.0
grid,2007-12-05,2026-10-05,18.81,331.8,8.09,11.24,0.57,0.745,-25.81,0.313,63.88,20.54,-12.66,432669.41,46.0,4.0,50.0
grid,2007-12-05,2026-10-05,18.81,342.98,8.23,11.24,0.582,0.763,-25.45,0.324,63.88,20.7,-12.37,443873.18,46.0,6.0,48.0
grid,2007-12-05,2026-10-05,18.81,354.42,8.38,11.25,0.594,0.779,-25.08,0.334,63.44,20.86,-12.08,455334.66,46.0,8.0,46.0
grid,2007-12-05,2026-10-05,18.81,366.12,8.53,11.26,0.605,0.796,-24.71,0.345,63.44,21.02,-11.78,467058.87,46.0,10.0,44.0
grid,2007-12-05,2026-10-05,18.81,378.09,8.67,11.28,0.617,0.812,-24.34,0.356,63.44,21.19,-11.78,479050.89,46.0,12.0,42.0
grid,2007-12-05,2026-10-05,18.81,390.33,8.82,11.3,0.628,0.828,-23.97,0.368,63.0,21.35,-12.12,491315.89,46.0,14.0,40.0
grid,2007-12-05,2026-10-05,18.81,402.85,8.96,11.32,0.639,0.843,-23.59,0.38,63.0,21.51,-12.46,503859.12,46.0,16.0,38.0
grid,2007-12-05,2026-10-05,18.81,415.65,9.11,11.34,0.649,0.858,-23.22,0.392,63.44,21.68,-12.79,516685.9,46.0,18.0,36.0
grid,2007-12-05,2026-10-05,18.81,428.74,9.26,11.37,0.66,0.872,-22.84,0.405,63.44,21.84,-13.13,529801.61,46.0,20.0,34.0
grid,2007-12-05,2026-10-05,18.81,442.12,9.4,11.41,0.67,0.886,-22.46,0.419,63.88,22.0,-13.47,543211.73,46.0,22.0,32.0
grid,2007-12-05,2026-10-05,18.81,455.81,9.55,11.44,0.679,0.899,-22.08,0.432,64.32,22.17,-13.8,556921.8,46.0,24.0,30.0
grid,2007-12-05,2026-10-05,18.81,469.79,9.69,11.48,0.689,0.912,-21.71,0.446,64.32,22.33,-14.14,570937.44,46.0,26.0,28.0
grid,2007-12-05,2026-10-05,18.81,484.09,9.84,11.53,0.698,0.924,-21.33,0.461,64.76,22.49,-14.47,585264.35,46.0,28.0,26.0
grid,2007-12-05,2026-10-05,18.81,498.71,9.98,11.57,0.707,0.936,-20.94,0.476,64.76,22.66,-14.81,599908.3,46.0,30.0,24.0
grid,2007-12-05,2026-10-05,18.81,513.64,10.12,11.62,0.716,0.947,-20.56,0.492,64.76,22.82,-15.14,614875.16,46.0,32.0,22.0
grid,2007-12-05,2026-10-05,18.81,528.91,10.27,11.68,0.724,0.957,-20.17,0.509,64.76,22.98,-15.47,630170.84,46.0,34.0,20.0
grid,2007-12-05,2026-10-05,18.81,544.51,10.41,11.73,0.733,0.967,-20.08,0.518,65.2,23.3,-15.8,645801.37,46.0,36.0,18.0
grid,2007-12-05,2026-10-05,18.81,560.45,10.55,11.79,0.74,0.976,-20.01,0.527,65.2,23.87,-16.13,661772.82,46.0,38.0,16.0
grid,2007-12-05,2026-10-05,18.81,576.73,10.7,11.86,0.748,0.985,-19.94,0.536,65.2,24.45,-16.46,678091.36,46.0,40.0,14.0
grid,2007-12-05,2026-10-05,18.81,593.37,10.84,11.92,0.755,0.993,-19.87,0.546,66.08,25.02,-16.79,694763.25,46.0,42.0,12.0
grid,2007-12-05,2026-10-05,18.81,610.37,10.98,11.99,0.763,1.0,-19.8,0.555,66.08,25.6,-17.12,711794.8,46.0,44.0,10.0
grid,2007-12-05,2026-10-05,18.81,627.73,11.13,12.06,0.769,1.007,-19.73,0.564,66.96,26.18,-17.44,729192.41,46.0,46.0,8.0
grid,2007-12-05,2026-10-05,18.81,645.47,11.27,12.14,0.776,1.014,-19.66,0.573,66.96,26.76,-17.77,746962.58,46.0,48.0,6.0
grid,2007-12-05,2026-10-05,18.81,663.58,11.41,12.22,0.782,1.02,-19.69,0.58,66.96,27.34,-18.09,765111.86,46.0,50.0,4.0
grid,2007-12-05,2026-10-05,18.81,682.08,11.55,12.3,0.788,1.025,-20.05,0.576,66.96,27.93,-18.42,783646.89,46.0,52.0,2.0
grid,2007-12-05,2026-10-05,18.81,700.97,11.69,12.38,0.794,1.03,-20.41,0.573,66.96,28.52,-18.74,802574.4,46.0,54.0,0.0
grid,2007-12-05,2026-10-05,18.81,313.09,7.83,11.25,0.549,0.715,-26.7,0.293,63.0,20.11,-13.18,413953.87,48.0,0.0,52.0
grid,2007-12-05,2026-10-05,18.81,323.84,7.98,11.24,0.561,0.733,-26.33,0.303,63.88,20.27,-12.89,424731.42,48.0,2.0,50.0
grid,2007-12-05,2026-10-05,18.81,334.85,8.13,11.24,0.573,0.75,-25.97,0.313,63.88,20.44,-12.6,435758.53,48.0,4.0,48.0
grid,2007-12-05,2026-10-05,18.81,346.11,8.27,11.25,0.585,0.768,-25.6,0.323,64.32,20.6,-12.31,447040.09,48.0,6.0,46.0
grid,2007-12-05,2026-10-05,18.81,357.62,8.42,11.26,0.597,0.784,-25.24,0.334,63.88,20.76,-12.02,458581.09,48.0,8.0,44.0
grid,2007-12-05,2026-10-05,18.81,369.4,8.57,11.27,0.608,0.801,-24.87,0.344,63.44,20.92,-11.72,470386.57,48.0,10.0,42.0
grid,2007-12-05,2026-10-05,18.81,381.45,8.71,11.28,0.62,0.817,-24.5,0.356,63.44,21.09,-11.88,482461.66,48.0,12.0,40.0
grid,2007-12-05,2026-10-05,18.81,393.78,8.86,11.3,0.631,0.833,-24.13,0.367,63.0,21.25,-12.22,494811.57,48.0,14.0,38.0
grid,2007-12-05,2026-10-05,18.81,406.38,9.0,11.32,0.642,0.848,-23.75,0.379,63.0,21.41,-12.56,507441.56,48.0,16.0,36.0
grid,2007-12-05,2026-10-05,18.81,419.27,9.15,11.35,0.652,0.863,-23.38,0.391,63.44,21.58,-12.9,520356.99,48.0,18.0,34.0
grid,2007-12-05,2026-10-05,18.81,432.45,9.3,11.38,0.663,0.877,-23.0,0.404,63.44,21.74,-13.23,533563.29,48.0,20.0,32.0
grid,2007-12-05,2026-10-05,18.81,445.92,9.44,11.41,0.673,0.891,-22.63,0.417,63.88,21.9,-13.57,547065.96,48.0,22.0,30.0
grid,2007-12-05,2026-10-05,18.81,459.7,9.59,11.45,0.682,0.905,-22.25,0.431,64.32,22.07,-13.9,560870.58,48.0,24.0,28.0
grid,2007-12-05,2026-10-05,18.81,473.78,9.73,11.49,0.692,0.917,-21.87,0.445,64.76,22.23,-14.24,574982.81,48.0,26.0,26.0
grid,2007-12-05,2026-10-05,18.81,488.18,9.88,11.53,0.701,0.929,-21.49,0.459,64.76,22.39,-14.57,589408.37,48.0,28.0,24.0
grid,2007-12-05,2026-10-05,18.81,502.89,10.02,11.58,0.71,0.941,-21.11,0.475,64.76,22.55,-14.91,604153.09,48.0,30.0,22.0
grid,2007-12-05,2026-10-05,18.81,517.93,10.16,11.63,0.719,0.952,-20.73,0.49,64.76,22.72,-15.24,619222.86,48.0,32.0,20.0
grid,2007-12-05,2026-10-05,18.81,533.3,10.31,11.68,0.727,0.962,-20.35,0.507,65.64,22.88,-15.57,634623.64,48.0,34.0,18.0
grid,2007-12-05,2026-10-05,18.81,549.0,10.45,11.74,0.736,0.972,-20.1,0.52,65.64,23.28,-15.9,650361.47,48.0,36.0,16.0
grid,2007-12-05,2026-10-05,18.81,565.05,10.6,11.8,0.743,0.981,-20.03,0.529,65.64,23.86,-16.23,666442.5,48.0,38.0,14.0
grid,2007-12-05,2026-10-05,18.81,581.45,10.74,11.86,0.751,0.989,-19.96,0.538,66.52,24.43,-16.56,682872.91,48.0,40.0,12.0
grid,2007-12-05,2026-10-05,18.81,598.2,10.88,11.93,0.758,0.998,-19.89,0.547,66.08,25.0,-16.89,699659.01,48.0,42.0,10.0
grid,2007-12-05,2026-10-05,18.81,615.31,11.02,12.0,0.765,1.005,-19.82,0.556,66.96,25.58,-17.21,716807.14,48.0,44.0,8.0
grid,2007-12-05,2026-10-05,18.81,632.79,11.17,12.07,0.772,1.012,-19.75,0.566,66.96,26.16,-17.54,734323.75,48.0,46.0,6.0
grid,2007-12-05,2026-10-05,18.81,650.64,11.31,12.14,0.779,1.018,-19.67,0.575,66.96,26.74,-17.87,752215.38,48.0,48.0,4.0
grid,2007-12-05,2026-10-05,18.81,668.88,11.45,12.22,0.785,1.024,-19.8,0.578,66.96,27.33,-18.19,770488.61,48.0,50.0,2.0
grid,2007-12-05,2026-10-05,18.81,687.5,11.59,12.3,0.791,1.03,-20.16,0.575,66.96,27.91,-18.51,789150.14,48.0,52.0,0.0
grid,2007-12-05,2026-10-05,18.81,315.99,7.87,11.26,0.552,0.72,-26.85,0.293,63.44,20.01,-13.12,416896.21,50.0,0.0,50.0
grid,2007-12-05,2026-10-05,18.81,326.82,8.02,11.25,0.564,0.737,-26.49,0.303,63.88,20.17,-12.83,427748.26,50.0,2.0,48.0
grid,2007-12-05,2026-10-05,18.81,337.9,8.17,11.25,0.576,0.755,-26.12,0.313,63.88,20.34,-12.54,438851.54,50.0,4.0,46.0
grid,2007-12-05,2026-10-05,18.81,349.23,8.31,11.26,0.588,0.772,-25.76,0.323,64.32,20.5,-12.25,450210.96,50.0,6.0,44.0
grid,2007-12-05,2026-10-05,18.81,360.83,8.46,11.27,0.6,0.789,-25.39,0.333,63.44,20.66,-11.96,461831.56,50.0,8.0,42.0
grid,2007-12-05,2026-10-05,18.81,372.69,8.61,11.28,0.611,0.806,-25.02,0.344,63.44,20.82,-11.66,473718.4,50.0,10.0,40.0
grid,2007-12-05,2026-10-05,18.81,384.82,8.75,11.29,0.623,0.822,-24.65,0.355,63.0,20.99,-11.98,485876.65,50.0,12.0,38.0
grid,2007-12-05,2026-10-05,18.81,397.23,8.9,11.31,0.634,0.838,-24.28,0.366,63.0,21.15,-12.32,498311.54,50.0,14.0,36.0
grid,2007-12-05,2026-10-05,18.81,409.92,9.05,11.33,0.645,0.853,-23.91,0.378,63.0,21.31,-12.66,511028.38,50.0,16.0,34.0
grid,2007-12-05,2026-10-05,18.81,422.89,9.19,11.36,0.655,0.868,-23.54,0.39,63.0,21.48,-13.0,524032.56,50.0,18.0,32.0
grid,2007-12-05,2026-10-05,18.81,436.16,9.34,11.39,0.665,0.882,-23.17,0.403,63.88,21.64,-13.33,537329.54,50.0,20.0,30.0
grid,2007-12-05,2026-10-05,18.81,449.73,9.48,11.42,0.675,0.896,-22.8,0.416,64.32,21.8,-13.67,550924.85,50.0,22.0,28.0
grid,2007-12-05,2026-10-05,18.81,463.6,9.63,11.46,0.685,0.909,-22.42,0.429,64.32,21.96,-14.0,564824.11,50.0,24.0,26.0
grid,2007-12-05,2026-10-05,18.81,477.77,9.77,11.5,0.695,0.922,-22.04,0.443,64.32,22.13,-14.34,579033.02,50.0,26.0,24.0
grid,2007-12-05,2026-10-05,18.81,492.27,9.92,11.54,0.704,0.934,-21.66,0.458,64.76,22.29,-14.67,593557.34,50.0,28.0,22.0
grid,2007-12-05,2026-10-05,18.81,507.08,10.06,11.59,0.713,0.945,-21.28,0.473,65.2,22.45,-15.01,608402.92,50.0,30.0,20.0
grid,2007-12-05,2026-10-05,18.81,522.22,10.2,11.64,0.722,0.956,-20.9,0.488,65.2,22.62,-15.34,623575.69,50.0,32.0,18.0
grid,2007-12-05,2026-10-05,18.81,537.69,10.35,11.69,0.73,0.967,-20.52,0.504,66.08,22.78,-15.67,639081.66,50.0,34.0,16.0
grid,2007-12-05,2026-10-05,18.81,553.5,10.49,11.74,0.738,0.976,-20.13,0.521,66.08,23.27,-16.0,654926.92,50.0,36.0,14.0
grid,2007-12-05,2026-10-05,18.81,569.66,10.64,11.8,0.746,0.985,-20.05,0.53,66.52,23.84,-16.33,671117.61,50.0,38.0,12.0
grid,2007-12-05,2026-10-05,18.81,586.16,10.78,11.87,0.754,0.994,-19.98,0.539,66.96,24.41,-16.66,687660.0,50.0,40.0,10.0
grid,2007-12-05,2026-10-05,18.81,603.03,10.92,11.93,0.761,1.002,-19.91,0.549,66.52,24.99,-16.98,704560.41,50.0,42.0,8.0
grid,2007-12-05,2026-10-05,18.81,620.26,11.07,12.0,0.768,1.01,-19.84,0.558,66.52,25.56,-17.31,721825.23,50.0,44.0,6.0
grid,2007-12-05,2026-10-05,18.81,637.85,11.21,12.07,0.775,1.016,-19.77,0.567,66.96,26.14,-17.64,739460.95,50.0,46.0,4.0
grid,2007-12-05,2026-10-05,18.81,655.83,11.35,12.15,0.781,1.023,-19.69,0.576,67.4,26.73,-17.96,757474.14,50.0,48.0,2.0
grid,2007-12-05,2026-10-05,18.81,674.18,11.49,12.23,0.788,1.029,-19.91,0.577,66.96,27.31,-18.29,775871.44,50.0,50.0,0.0
grid,2007-12-05,2026-10-05,18.81,318.89,7.91,11.27,0.555,0.724,-27.0,0.293,63.0,19.93,-13.06,419842.07,52.0,0.0,48.0
grid,2007-12-05,2026-10-05,18.81,329.79,8.06,11.27,0.567,0.742,-26.64,0.302,63.88,20.07,-12.77,430768.7,52.0,2.0,46.0
grid,2007-12-05,2026-10-05,18.81,340.95,8.21,11.27,0.579,0.76,-26.28,0.312,63.88,20.24,-12.48,441948.21,52.0,4.0,44.0
grid,2007-12-05,2026-10-05,18.81,352.36,8.35,11.27,0.591,0.777,-25.91,0.322,63.44,20.4,-12.19,453385.58,52.0,6.0,42.0
grid,2007-12-05,2026-10-05,18.81,364.03,8.5,11.28,0.603,0.794,-25.55,0.333,63.44,20.56,-11.9,465085.85,52.0,8.0,40.0
grid,2007-12-05,2026-10-05,18.81,375.98,8.65,11.29,0.614,0.81,-25.18,0.343,63.44,20.72,-11.75,477054.13,52.0,10.0,38.0
grid,2007-12-05,2026-10-05,18.81,388.19,8.79,11.3,0.625,0.827,-24.82,0.354,63.0,20.89,-12.08,489295.61,52.0,12.0,36.0
grid,2007-12-05,2026-10-05,18.81,400.68,8.94,11.32,0.636,0.842,-24.45,0.366,63.0,21.05,-12.42,501815.57,52.0,14.0,34.0
grid,2007-12-05,2026-10-05,18.81,413.46,9.09,11.34,0.647,0.858,-24.08,0.377,63.44,21.21,-12.76,514619.34,52.0,16.0,32.0
grid,2007-12-05,2026-10-05,18.81,426.52,9.23,11.37,0.658,0.873,-23.71,0.389,63.44,21.38,-13.1,527712.35,52.0,18.0,30.0
grid,2007-12-05,2026-10-05,18.81,439.88,9.38,11.4,0.668,0.887,-23.34,0.402,63.88,21.54,-13.44,541100.09,52.0,20.0,28.0
grid,2007-12-05,2026-10-05,18.81,453.53,9.52,11.43,0.678,0.901,-22.96,0.415,63.88,21.7,-13.77,554788.12,52.0,22.0,26.0
grid,2007-12-05,2026-10-05,18.81,467.5,9.67,11.47,0.688,0.914,-22.59,0.428,64.32,21.86,-14.11,568782.11,52.0,24.0,24.0
grid,2007-12-05,2026-10-05,18.81,481.77,9.81,11.51,0.697,0.926,-22.21,0.442,64.76,22.03,-14.44,583087.79,52.0,26.0,22.0
grid,2007-12-05,2026-10-05,18.81,496.36,9.96,11.55,0.707,0.938,-21.83,0.456,65.2,22.19,-14.77,597710.95,52.0,28.0,20.0
grid,2007-12-05,2026-10-05,18.81,511.27,10.1,11.6,0.716,0.95,-21.45,0.471,65.64,22.35,-15.11,612657.48,52.0,30.0,18.0
grid,2007-12-05,2026-10-05,18.81,526.51,10.25,11.64,0.724,0.961,-21.07,0.486,65.64,22.52,-15.44,627933.35,52.0,32.0,16.0
grid,2007-12-05,2026-10-05,18.81,542.09,10.39,11.7,0.733,0.971,-20.69,0.502,66.08,22.68,-15.77,643544.61,52.0,34.0,14.0
grid,2007-12-05,2026-10-05,18.81,558.01,10.53,11.75,0.741,0.981,-20.3,0.519,66.52,23.25,-16.1,659497.37,52.0,36.0,12.0
grid,2007-12-05,2026-10-05,18.81,574.27,10.68,11.81,0.749,0.99,-20.07,0.532,66.96,23.82,-16.43,675797.84,52.0,38.0,10.0
grid,2007-12-05,2026-10-05,18.81,590.89,10.82,11.88,0.756,0.998,-20.0,0.541,66.96,24.39,-16.75,692452.29,52.0,40.0,8.0
grid,2007-12-05,2026-10-05,18.81,607.86,10.96,11.94,0.764,1.006,-19.93,0.55,66.52,24.97,-17.08,709467.11,52.0,42.0,6.0
grid,2007-12-05,2026-10-05,18.81,625.2,11.11,12.01,0.771,1.014,-19.86,0.559,66.52,25.55,-17.41,726848.71,52.0,44.0,4.0
grid,2007-12-05,2026-10-05,18.81,642.92,11.25,12.08,0.777,1.021,-19.78,0.569,66.96,26.13,-17.73,744603.64,52.0,46.0,2.0
grid,2007-12-05,2026-10-05,18.81,661.01,11.39,12.16,0.784,1.027,-19.71,0.578,66.96,26.71,-18.06,762738.5,52.0,48.0,0.0
grid,2007-12-05,2026-10-05,18.81,321.8,7.95,11.28,0.557,0.729,-27.16,0.293,63.0,20.16,-13.01,422791.24,54.0,0.0,46.0
grid,2007-12-05,2026-10-05,18.81,332.77,8.1,11.28,0.57,0.746,-26.8,0.302,63.44,20.15,-12.71,433792.51,54.0,2.0,44.0
grid,2007-12-05,2026-10-05,18.81,344.0,8.25,11.28,0.582,0.764,-26.43,0.312,63.44,20.14,-12.42,445048.33,54.0,4.0,42.0
grid,2007-12-05,2026-10-05,18.81,355.49,8.39,11.28,0.594,0.781,-26.07,0.322,63.44,20.3,-12.13,456563.71,54.0,6.0,40.0
grid,2007-12-05,2026-10-05,18.81,367.24,8.54,11.29,0.605,0.798,-25.71,0.332,63.88,20.46,-11.84,468343.72,54.0,8.0,38.0
grid,2007-12-05,2026-10-05,18.81,379.27,8.69,11.3,0.617,0.815,-25.34,0.343,63.0,20.63,-11.85,480393.51,54.0,10.0,36.0
grid,2007-12-05,2026-10-05,18.81,391.56,8.83,11.32,0.628,0.831,-24.98,0.354,63.44,20.79,-12.19,492718.31,54.0,12.0,34.0
grid,2007-12-05,2026-10-05,18.81,404.14,8.98,11.33,0.639,0.847,-24.61,0.365,63.44,20.95,-12.53,505323.4,54.0,14.0,32.0
grid,2007-12-05,2026-10-05,18.81,417.0,9.13,11.36,0.65,0.862,-24.24,0.376,63.44,21.11,-12.86,518214.18,54.0,16.0,30.0
grid,2007-12-05,2026-10-05,18.81,430.15,9.27,11.38,0.66,0.877,-23.87,0.388,63.44,21.28,-13.2,531396.09,54.0,18.0,28.0
grid,2007-12-05,2026-10-05,18.81,443.6,9.42,11.41,0.671,0.891,-23.5,0.401,63.88,21.44,-13.54,544874.66,54.0,20.0,26.0
grid,2007-12-05,2026-10-05,18.81,457.34,9.56,11.44,0.681,0.905,-23.13,0.413,64.32,21.6,-13.87,558655.5,54.0,22.0,24.0
grid,2007-12-05,2026-10-05,18.81,471.4,9.71,11.48,0.69,0.918,-22.76,0.427,65.2,21.76,-14.21,572744.3,54.0,24.0,22.0
grid,2007-12-05,2026-10-05,18.81,485.77,9.85,11.52,0.7,0.931,-22.38,0.44,65.2,21.93,-14.54,587146.82,54.0,26.0,20.0
grid,2007-12-05,2026-10-05,18.81,500.46,10.0,11.56,0.709,0.943,-22.0,0.454,65.2,22.09,-14.87,601868.91,54.0,28.0,18.0
grid,2007-12-05,2026-10-05,18.81,515.47,10.14,11.61,0.718,0.954,-21.62,0.469,65.2,22.25,-15.21,616916.47,54.0,30.0,16.0
grid,2007-12-05,2026-10-05,18.81,530.81,10.29,11.66,0.727,0.965,-21.24,0.484,65.64,22.42,-15.54,632295.53,54.0,32.0,14.0
grid,2007-12-05,2026-10-05,18.81,546.49,10.43,11.71,0.735,0.975,-20.86,0.5,66.52,22.66,-15.87,648012.15,54.0,34.0,12.0
grid,2007-12-05,2026-10-05,18.81,562.51,10.57,11.77,0.743,0.985,-20.47,0.516,66.96,23.23,-16.2,664072.5,54.0,36.0,10.0
grid,2007-12-05,2026-10-05,18.81,578.88,10.72,11.82,0.751,0.994,-20.09,0.533,66.96,23.8,-16.53,680482.83,54.0,38.0,8.0
grid,2007-12-05,2026-10-05,18.81,595.61,10.86,11.89,0.759,1.002,-20.02,0.542,66.96,24.38,-16.85,697249.44,54.0,40.0,6.0
grid,2007-12-05,2026-10-05,18.81,612.7,11.0,11.95,0.766,1.01,-19.95,0.552,66.52,24.95,-17.18,714378.75,54.0,42.0,4.0
grid,2007-12-05,2026-10-05,18.81,630.16,11.15,12.02,0.773,1.018,-19.88,0.561,66.52,25.53,-17.51,731877.23,54.0,44.0,2.0
grid,2007-12-05,2026-10-05,18.81,647.99,11.29,12.09,0.78,1.025,-19.8,0.57,66.52,26.11,-17.83,749751.46,54.0,46.0,0.0
grid,2007-12-05,2026-10-05,18.81,324.71,7.99,11.3,0.56,0.733,-27.31,0.293,63.0,20.39,-12.95,425743.51,56.0,0.0,44.0
grid,2007-12-05,2026-10-05,18.81,335.76,8.14,11.3,0.572,0.75,-26.95,0.302,62.56,20.38,-12.66,436819.47,56.0,2.0,42.0
grid,2007-12-05,2026-10-05,18.81,347.06,8.29,11.3,0.584,0.768,-26.59,0.312,63.44,20.37,-12.36,448151.67,56.0,4.0,40.0
grid,2007-12-05,2026-10-05,18.81,358.63,8.43,11.3,0.596,0.785,-26.23,0.321,63.88,20.36,-12.07,459745.12,56.0,6.0,38.0
grid,2007-12-05,2026-10-05,18.81,370.46,8.58,11.31,0.608,0.802,-25.87,0.332,63.44,20.36,-11.78,471604.94,56.0,8.0,36.0
grid,2007-12-05,2026-10-05,18.81,382.56,8.73,11.32,0.619,0.819,-25.51,0.342,63.44,20.53,-11.95,483736.31,56.0,10.0,34.0
grid,2007-12-05,2026-10-05,18.81,394.94,8.87,11.33,0.631,0.835,-25.14,0.353,63.44,20.69,-12.29,496144.48,56.0,12.0,32.0
grid,2007-12-05,2026-10-05,18.81,407.6,9.02,11.35,0.642,0.851,-24.78,0.364,63.0,20.85,-12.63,508834.78,56.0,14.0,30.0
grid,2007-12-05,2026-10-05,18.81,420.54,9.16,11.37,0.652,0.866,-24.41,0.375,63.88,21.01,-12.97,521812.63,56.0,16.0,28.0
grid,2007-12-05,2026-10-05,18.81,433.78,9.31,11.4,0.663,0.881,-24.04,0.387,63.88,21.18,-13.3,535083.52,56.0,18.0,26.0
grid,2007-12-05,2026-10-05,18.81,447.32,9.46,11.43,0.673,0.895,-23.67,0.4,64.76,21.34,-13.64,548653.0,56.0,20.0,24.0
grid,2007-12-05,2026-10-05,18.81,461.16,9.6,11.46,0.683,0.909,-23.3,0.412,64.76,21.5,-13.97,562526.71,56.0,22.0,22.0
grid,2007-12-05,2026-10-05,18.81,475.31,9.75,11.49,0.693,0.922,-22.92,0.425,65.2,21.66,-14.31,576710.39,56.0,24.0,20.0
grid,2007-12-05,2026-10-05,18.81,489.77,9.89,11.53,0.702,0.935,-22.55,0.439,65.2,21.83,-14.64,591209.83,56.0,26.0,18.0
grid,2007-12-05,2026-10-05,18.81,504.56,10.04,11.58,0.712,0.947,-22.17,0.453,65.2,21.99,-14.97,606030.91,56.0,28.0,16.0
grid,2007-12-05,2026-10-05,18.81,519.67,10.18,11.62,0.72,0.958,-21.79,0.467,65.2,22.15,-15.31,621179.59,56.0,30.0,14.0
grid,2007-12-05,2026-10-05,18.81,535.11,10.33,11.67,0.729,0.969,-21.41,0.482,66.08,22.31,-15.64,636661.9,56.0,32.0,12.0
grid,2007-12-05,2026-10-05,18.81,550.9,10.47,11.72,0.738,0.979,-21.03,0.498,66.96,22.64,-15.97,652483.97,56.0,34.0,10.0
grid,2007-12-05,2026-10-05,18.81,567.02,10.61,11.78,0.746,0.989,-20.65,0.514,66.96,23.21,-16.3,668651.99,56.0,36.0,8.0
grid,2007-12-05,2026-10-05,18.81,583.5,10.76,11.84,0.753,0.998,-20.27,0.531,66.96,23.78,-16.62,685172.25,56.0,38.0,6.0
grid,2007-12-05,2026-10-05,18.81,600.34,10.9,11.9,0.761,1.006,-20.04,0.544,66.52,24.36,-16.95,702051.1,56.0,40.0,4.0
grid,2007-12-05,2026-10-05,18.81,617.54,11.04,11.97,0.768,1.014,-19.97,0.553,66.52,24.93,-17.28,719294.98,56.0,42.0,2.0
grid,2007-12-05,2026-10-05,18.81,635.12,11.19,12.03,0.775,1.022,-19.9,0.562,66.52,25.51,-17.6,736910.43,56.0,44.0,0.0
grid,2007-12-05,2026-10-05,18.81,327.62,8.03,11.32,0.562,0.736,-27.46,0.292,62.56,20.62,-12.89,428698.66,58.0,0.0,42.0
grid,2007-12-05,2026-10-05,18.81,338.74,8.18,11.32,0.575,0.754,-27.11,0.302,63.0,20.61,-12.6,439849.38,58.0,2.0,40.0
grid,2007-12-05,2026-10-05,18.81,350.12,8.32,11.31,0.587,0.772,-26.75,0.311,63.44,20.6,-12.31,451258.0,58.0,4.0,38.0
grid,2007-12-05,2026-10-05,18.81,361.76,8.47,11.32,0.599,0.789,-26.39,0.321,63.88,20.59,-12.01,462929.59,58.0,6.0,36.0
grid,2007-12-05,2026-10-05,18.81,373.67,8.62,11.33,0.61,0.806,-26.03,0.331,63.44,20.59,-11.72,474869.28,58.0,8.0,34.0
grid,2007-12-05,2026-10-05,18.81,385.85,8.77,11.34,0.622,0.823,-25.67,0.341,63.88,20.58,-12.05,487082.28,58.0,10.0,32.0
grid,2007-12-05,2026-10-05,18.81,398.31,8.91,11.35,0.633,0.839,-25.31,0.352,63.88,20.59,-12.39,499573.89,58.0,12.0,30.0
grid,2007-12-05,2026-10-05,18.81,411.06,9.06,11.37,0.644,0.855,-24.94,0.363,63.88,20.75,-12.73,512349.46,58.0,14.0,28.0
grid,2007-12-05,2026-10-05,18.81,424.09,9.2,11.39,0.655,0.87,-24.57,0.375,64.32,20.91,-13.07,525414.45,58.0,16.0,26.0
grid,2007-12-05,2026-10-05,18.81,437.42,9.35,11.42,0.665,0.885,-24.21,0.386,64.32,21.08,-13.4,538774.36,58.0,18.0,24.0
grid,2007-12-05,2026-10-05,18.81,451.04,9.5,11.44,0.675,0.899,-23.84,0.398,64.32,21.24,-13.74,552434.81,58.0,20.0,22.0
grid,2007-12-05,2026-10-05,18.81,464.97,9.64,11.48,0.685,0.913,-23.46,0.411,64.76,21.4,-14.08,566401.47,58.0,22.0,20.0
grid,2007-12-05,2026-10-05,18.81,479.22,9.79,11.51,0.695,0.926,-23.09,0.424,65.2,21.56,-14.41,580680.1,58.0,24.0,18.0
grid,2007-12-05,2026-10-05,18.81,493.78,9.93,11.55,0.705,0.938,-22.72,0.437,65.2,21.73,-14.74,595276.52,58.0,26.0,16.0
grid,2007-12-05,2026-10-05,18.81,508.66,10.08,11.59,0.714,0.95,-22.34,0.451,65.64,21.89,-15.07,610196.66,58.0,28.0,14.0
grid,2007-12-05,2026-10-05,18.81,523.87,10.22,11.64,0.723,0.962,-21.96,0.465,65.64,22.05,-15.41,625446.51,58.0,30.0,12.0
grid,2007-12-05,2026-10-05,18.81,539.42,10.36,11.69,0.731,0.972,-21.58,0.48,66.52,22.21,-15.74,641032.15,58.0,32.0,10.0
grid,2007-12-05,2026-10-05,18.81,555.3,10.51,11.74,0.74,0.982,-21.2,0.496,66.96,22.63,-16.07,656959.74,58.0,34.0,8.0
grid,2007-12-05,2026-10-05,18.81,571.54,10.65,11.8,0.748,0.992,-20.82,0.512,66.96,23.2,-16.4,673235.5,58.0,36.0,6.0
grid,2007-12-05,2026-10-05,18.81,588.13,10.8,11.85,0.756,1.001,-20.44,0.528,66.96,23.77,-16.72,689865.76,58.0,38.0,4.0
grid,2007-12-05,2026-10-05,18.81,605.07,10.94,11.92,0.763,1.01,-20.07,0.545,66.52,24.34,-17.05,706856.91,58.0,40.0,2.0
grid,2007-12-05,2026-10-05,18.81,622.39,11.08,11.98,0.77,1.018,-19.99,0.554,66.52,24.92,-17.38,724215.45,58.0,42.0,0.0
grid,2007-12-05,2026-10-05,18.81,330.53,8.07,11.34,0.565,0.74,-27.62,0.292,62.56,20.85,-12.83,431656.47,60.0,0.0,40.0
grid,2007-12-05,2026-10-05,18.81,341.73,8.22,11.34,0.577,0.758,-27.27,0.301,63.44,20.84,-12.54,442882.0,60.0,2.0,38.0
grid,2007-12-05,2026-10-05,18.81,353.18,8.36,11.34,0.589,0.775,-26.91,0.311,63.44,20.83,-12.25,454367.11,60.0,4.0,36.0
grid,2007-12-05,2026-10-05,18.81,364.9,8.51,11.34,0.601,0.793,-26.55,0.321,63.88,20.82,-11.95,466116.88,60.0,6.0,34.0
grid,2007-12-05,2026-10-05,18.81,376.89,8.66,11.35,0.612,0.81,-26.19,0.331,63.88,20.82,-11.82,478136.49,60.0,8.0,32.0
grid,2007-12-05,2026-10-05,18.81,389.15,8.8,11.36,0.624,0.826,-25.83,0.341,63.44,20.81,-12.16,490431.18,60.0,10.0,30.0
grid,2007-12-05,2026-10-05,18.81,401.69,8.95,11.37,0.635,0.842,-25.47,0.351,63.88,20.8,-12.5,503006.28,60.0,12.0,28.0
grid,2007-12-05,2026-10-05,18.81,414.52,9.1,11.39,0.646,0.858,-25.11,0.362,64.32,20.79,-12.83,515867.17,60.0,14.0,26.0
grid,2007-12-05,2026-10-05,18.81,427.64,9.24,11.41,0.657,0.873,-24.74,0.374,64.32,20.81,-13.17,529019.35,60.0,16.0,24.0
grid,2007-12-05,2026-10-05,18.81,441.05,9.39,11.44,0.667,0.888,-24.37,0.385,64.32,20.98,-13.51,542468.36,60.0,18.0,22.0
grid,2007-12-05,2026-10-05,18.81,454.77,9.53,11.46,0.678,0.902,-24.0,0.397,64.32,21.14,-13.84,556219.84,60.0,20.0,20.0
grid,2007-12-05,2026-10-05,18.81,468.79,9.68,11.5,0.687,0.916,-23.63,0.41,64.76,21.3,-14.18,570279.49,60.0,22.0,18.0
grid,2007-12-05,2026-10-05,18.81,483.13,9.83,11.53,0.697,0.929,-23.26,0.422,65.2,21.46,-14.51,584653.12,60.0,24.0,16.0
grid,2007-12-05,2026-10-05,18.81,497.78,9.97,11.57,0.707,0.942,-22.88,0.436,65.64,21.63,-14.84,599346.59,60.0,26.0,14.0
grid,2007-12-05,2026-10-05,18.81,512.76,10.12,11.61,0.716,0.953,-22.51,0.449,65.64,21.79,-15.18,614365.85,60.0,28.0,12.0
grid,2007-12-05,2026-10-05,18.81,528.07,10.26,11.66,0.725,0.965,-22.13,0.464,66.08,21.95,-15.51,629716.94,60.0,30.0,10.0
grid,2007-12-05,2026-10-05,18.81,543.72,10.4,11.71,0.733,0.976,-21.75,0.478,66.52,22.11,-15.84,645405.97,60.0,32.0,8.0
grid,2007-12-05,2026-10-05,18.81,559.71,10.55,11.76,0.742,0.986,-21.37,0.494,66.52,22.61,-16.17,661439.13,60.0,34.0,6.0
grid,2007-12-05,2026-10-05,18.81,576.05,10.69,11.81,0.75,0.995,-20.99,0.509,66.96,23.18,-16.5,677822.69,60.0,36.0,4.0
grid,2007-12-05,2026-10-05,18.81,592.75,10.84,11.87,0.758,1.004,-20.62,0.525,66.52,23.75,-16.82,694563.01,60.0,38.0,2.0
grid,2007-12-05,2026-10-05,18.81,609.81,10.98,11.93,0.765,1.013,-20.25,0.542,66.52,24.32,-17.15,711666.54,60.0,40.0,0.0
grid,2007-12-05,2026-10-05,18.81,333.45,8.11,11.36,0.567,0.743,-27.78,0.292,63.0,21.08,-12.77,434616.73,62.0,0.0,38.0
grid,2007-12-05,2026-10-05,18.81,344.72,8.25,11.36,0.579,0.761,-27.43,0.301,63.0,21.07,-12.48,445917.12,62.0,2.0,36.0
grid,2007-12-05,2026-10-05,18.81,356.25,8.4,11.36,0.591,0.779,-27.07,0.31,63.44,21.06,-12.19,457478.75,62.0,4.0,34.0
grid,2007-12-05,2026-10-05,18.81,368.04,8.55,11.36,0.603,0.796,-26.72,0.32,63.44,21.05,-11.89,469306.75,62.0,6.0,32.0
grid,2007-12-05,2026-10-05,18.81,380.11,8.7,11.37,0.615,0.813,-26.36,0.33,63.88,21.05,-11.92,481406.33,62.0,8.0,30.0
grid,2007-12-05,2026-10-05,18.81,392.45,8.84,11.38,0.626,0.829,-26.0,0.34,63.88,21.04,-12.26,493782.76,62.0,10.0,28.0
grid,2007-12-05,2026-10-05,18.81,405.08,8.99,11.39,0.637,0.846,-25.63,0.351,63.88,21.03,-12.6,506441.39,62.0,12.0,26.0
grid,2007-12-05,2026-10-05,18.81,417.99,9.14,11.41,0.648,0.861,-25.27,0.362,64.32,21.02,-12.94,519387.66,62.0,14.0,24.0
grid,2007-12-05,2026-10-05,18.81,431.19,9.28,11.43,0.659,0.877,-24.9,0.373,64.32,21.01,-13.27,532627.08,62.0,16.0,22.0
grid,2007-12-05,2026-10-05,18.81,444.69,9.43,11.46,0.669,0.891,-24.54,0.384,64.32,20.99,-13.61,546165.23,62.0,18.0,20.0
grid,2007-12-05,2026-10-05,18.81,458.5,9.57,11.49,0.679,0.905,-24.17,0.396,64.32,21.04,-13.95,560007.79,62.0,20.0,18.0
grid,2007-12-05,2026-10-05,18.81,472.61,9.72,11.52,0.689,0.919,-23.8,0.408,65.2,21.2,-14.28,574160.49,62.0,22.0,16.0
grid,2007-12-05,2026-10-05,18.81,487.04,9.86,11.55,0.699,0.932,-23.43,0.421,65.64,21.36,-14.61,588629.17,62.0,24.0,14.0
grid,2007-12-05,2026-10-05,18.81,501.79,10.01,11.59,0.709,0.945,-23.05,0.434,66.08,21.53,-14.94,603419.74,62.0,26.0,12.0
grid,2007-12-05,2026-10-05,18.81,516.87,10.15,11.63,0.718,0.957,-22.68,0.448,66.08,21.69,-15.28,618538.18,62.0,28.0,10.0
grid,2007-12-05,2026-10-05,18.81,532.28,10.3,11.68,0.727,0.968,-22.3,0.462,66.96,21.85,-15.61,633990.55,62.0,30.0,8.0
grid,2007-12-05,2026-10-05,18.81,548.03,10.44,11.73,0.735,0.979,-21.92,0.476,66.96,22.02,-15.94,649783.02,62.0,32.0,6.0
grid,2007-12-05,2026-10-05,18.81,564.13,10.59,11.78,0.744,0.989,-21.54,0.491,66.96,22.59,-16.27,665921.81,62.0,34.0,4.0
grid,2007-12-05,2026-10-05,18.81,580.57,10.73,11.84,0.752,0.998,-21.17,0.507,66.96,23.16,-16.6,682413.23,62.0,36.0,2.0
grid,2007-12-05,2026-10-05,18.81,597.38,10.87,11.89,0.76,1.007,-20.8,0.523,66.96,23.73,-16.92,699263.67,62.0,38.0,0.0
grid,2007-12-05,2026-10-05,18.81,336.36,8.15,11.39,0.569,0.747,-27.94,0.292,63.44,21.31,-12.71,437579.22,64.0,0.0,36.0
grid,2007-12-05,2026-10-05,18.81,347.71,8.29,11.39,0.581,0.764,-27.59,0.301,63.44,21.3,-12.42,448954.5,64.0,2.0,34.0
grid,2007-12-05,2026-10-05,18.81,359.31,8.44,11.39,0.593,0.782,-27.23,0.31,63.44,21.29,-12.13,460592.7,64.0,4.0,32.0
grid,2007-12-05,2026-10-05,18.81,371.18,8.59,11.39,0.605,0.799,-26.88,0.32,64.32,21.29,-11.84,472498.98,64.0,6.0,30.0
grid,2007-12-05,2026-10-05,18.81,383.33,8.74,11.4,0.617,0.816,-26.52,0.329,64.76,21.28,-12.03,484678.57,64.0,8.0,28.0
grid,2007-12-05,2026-10-05,18.81,395.75,8.88,11.41,0.628,0.832,-26.16,0.34,64.32,21.27,-12.37,497136.77,64.0,10.0,26.0
grid,2007-12-05,2026-10-05,18.81,408.46,9.03,11.42,0.639,0.848,-25.8,0.35,63.88,21.26,-12.7,509878.99,64.0,12.0,24.0
grid,2007-12-05,2026-10-05,18.81,421.46,9.17,11.44,0.65,0.864,-25.43,0.361,64.76,21.25,-13.04,522910.67,64.0,14.0,22.0
grid,2007-12-05,2026-10-05,18.81,434.75,9.32,11.46,0.661,0.879,-25.07,0.372,64.76,21.24,-13.38,536237.37,64.0,16.0,20.0
grid,2007-12-05,2026-10-05,18.81,448.33,9.47,11.48,0.671,0.894,-24.7,0.383,65.2,21.23,-13.71,549864.71,64.0,18.0,18.0
grid,2007-12-05,2026-10-05,18.81,462.23,9.61,11.51,0.681,0.908,-24.33,0.395,65.2,21.21,-14.05,563798.38,64.0,20.0,16.0
grid,2007-12-05,2026-10-05,18.81,476.44,9.76,11.54,0.691,0.922,-23.97,0.407,65.64,21.2,-14.38,578044.18,64.0,22.0,14.0
grid,2007-12-05,2026-10-05,18.81,490.96,9.9,11.58,0.701,0.935,-23.59,0.42,66.08,21.26,-14.71,592607.96,64.0,24.0,12.0
grid,2007-12-05,2026-10-05,18.81,505.81,10.05,11.62,0.71,0.947,-23.22,0.433,66.08,21.42,-15.05,607495.67,64.0,26.0,10.0
grid,2007-12-05,2026-10-05,18.81,520.98,10.19,11.66,0.72,0.959,-22.85,0.446,66.52,21.59,-15.38,622713.33,64.0,28.0,8.0
grid,2007-12-05,2026-10-05,18.81,536.49,10.34,11.7,0.728,0.971,-22.47,0.46,66.96,21.75,-15.71,638267.04,64.0,30.0,6.0
grid,2007-12-05,2026-10-05,18.81,552.34,10.48,11.75,0.737,0.981,-22.09,0.474,66.96,22.0,-16.04,654162.99,64.0,32.0,4.0
grid,2007-12-05,2026-10-05,18.81,568.54,10.63,11.8,0.745,0.991,-21.72,0.489,66.96,22.57,-16.37,670407.45,64.0,34.0,2.0
grid,2007-12-05,2026-10-05,18.81,585.1,10.77,11.86,0.753,1.001,-21.35,0.504,66.96,23.14,-16.7,687006.77,64.0,36.0,0.0
grid,2007-12-05,2026-10-05,18.81,339.28,8.18,11.42,0.571,0.75,-28.1,0.291,63.0,21.54,-12.66,440543.71,66.0,0.0,34.0
grid,2007-12-05,2026-10-05,18.81,350.7,8.33,11.42,0.583,0.767,-27.75,0.3,62.56,21.53,-12.36,451993.92,66.0,2.0,32.0
grid,2007-12-05,2026-10-05,18.81,362.38,8.48,11.42,0.595,0.785,-27.4,0.31,63.88,21.52,-12.07,463708.72,66.0,4.0,30.0
grid,2007-12-05,2026-10-05,18.81,374.33,8.63,11.42,0.607,0.802,-27.04,0.319,63.88,21.52,-11.79,475693.31,66.0,6.0,28.0
grid,2007-12-05,2026-10-05,18.81,386.55,8.77,11.42,0.618,0.819,-26.68,0.329,64.32,21.51,-12.13,487952.94,66.0,8.0,26.0
grid,2007-12-05,2026-10-05,18.81,399.06,8.92,11.44,0.63,0.835,-26.32,0.339,64.32,21.5,-12.47,500492.97,66.0,10.0,24.0
grid,2007-12-05,2026-10-05,18.81,411.85,9.07,11.45,0.641,0.851,-25.96,0.349,63.88,21.49,-12.81,513318.8,66.0,12.0,22.0
grid,2007-12-05,2026-10-05,18.81,424.93,9.21,11.47,0.652,0.867,-25.6,0.36,64.76,21.48,-13.15,526435.93,66.0,14.0,20.0
grid,2007-12-05,2026-10-05,18.81,438.3,9.36,11.49,0.662,0.882,-25.23,0.371,65.2,21.47,-13.48,539849.95,66.0,16.0,18.0
grid,2007-12-05,2026-10-05,18.81,451.98,9.51,11.51,0.673,0.897,-24.87,0.382,65.2,21.46,-13.82,553566.51,66.0,18.0,16.0
grid,2007-12-05,2026-10-05,18.81,465.96,9.65,11.54,0.683,0.911,-24.5,0.394,65.2,21.45,-14.15,567591.34,66.0,20.0,14.0
grid,2007-12-05,2026-10-05,18.81,480.26,9.8,11.57,0.693,0.924,-24.13,0.406,65.2,21.43,-14.48,581930.27,66.0,22.0,12.0
grid,2007-12-05,2026-10-05,18.81,494.88,9.94,11.61,0.703,0.937,-23.76,0.418,66.08,21.42,-14.82,596589.19,66.0,24.0,10.0
grid,2007-12-05,2026-10-05,18.81,509.82,10.09,11.64,0.712,0.95,-23.39,0.431,66.52,21.41,-15.15,611574.07,66.0,26.0,8.0
grid,2007-12-05,2026-10-05,18.81,525.09,10.23,11.68,0.721,0.962,-23.02,0.445,66.52,21.49,-15.48,626890.99,66.0,28.0,6.0
grid,2007-12-05,2026-10-05,18.81,540.7,10.38,11.73,0.73,0.973,-22.64,0.458,66.96,21.65,-15.81,642546.07,66.0,30.0,4.0
grid,2007-12-05,2026-10-05,18.81,556.66,10.52,11.78,0.739,0.984,-22.26,0.473,66.96,21.99,-16.14,658545.54,66.0,32.0,2.0
grid,2007-12-05,2026-10-05,18.81,572.96,10.67,11.83,0.747,0.994,-21.9,0.487,66.96,22.55,-16.47,674895.71,66.0,34.0,0.0
grid,2007-12-05,2026-10-05,18.81,342.2,8.22,11.45,0.573,0.752,-28.26,0.291,63.88,21.77,-12.6,443509.99,68.0,0.0,32.0
grid,2007-12-05,2026-10-05,18.81,353.69,8.37,11.45,0.585,0.77,-27.91,0.3,63.44,21.76,-12.31,455035.15,68.0,2.0,30.0
grid,2007-12-05,2026-10-05,18.81,365.45,8.52,11.45,0.597,0.787,-27.56,0.309,63.44,21.75,-12.01,466826.59,68.0,4.0,28.0
grid,2007-12-05,2026-10-05,18.81,377.47,8.66,11.45,0.609,0.804,-27.2,0.319,63.88,21.75,-11.9,478889.51,68.0,6.0,26.0
grid,2007-12-05,2026-10-05,18.81,389.78,8.81,11.46,0.62,0.821,-26.84,0.328,64.32,21.74,-12.24,491229.22,68.0,8.0,24.0
grid,2007-12-05,2026-10-05,18.81,402.36,8.96,11.47,0.631,0.838,-26.49,0.338,63.88,21.73,-12.58,503851.09,68.0,10.0,22.0
grid,2007-12-05,2026-10-05,18.81,415.23,9.11,11.48,0.642,0.854,-26.13,0.349,64.76,21.72,-12.91,516760.56,68.0,12.0,20.0
grid,2007-12-05,2026-10-05,18.81,428.4,9.25,11.5,0.653,0.869,-25.76,0.359,64.76,21.71,-13.25,529963.18,68.0,14.0,18.0
grid,2007-12-05,2026-10-05,18.81,441.86,9.4,11.52,0.664,0.884,-25.4,0.37,65.2,21.7,-13.58,543464.55,68.0,16.0,16.0
grid,2007-12-05,2026-10-05,18.81,455.62,9.54,11.54,0.674,0.899,-25.03,0.381,65.2,21.69,-13.92,557270.36,68.0,18.0,14.0
grid,2007-12-05,2026-10-05,18.81,469.7,9.69,11.57,0.685,0.913,-24.67,0.393,65.2,21.68,-14.25,571386.38,68.0,20.0,12.0
grid,2007-12-05,2026-10-05,18.81,484.09,9.84,11.6,0.695,0.927,-24.3,0.405,65.2,21.67,-14.59,585818.47,68.0,22.0,10.0
grid,2007-12-05,2026-10-05,18.81,498.8,9.98,11.63,0.704,0.94,-23.93,0.417,66.08,21.65,-14.92,600572.55,68.0,24.0,8.0
grid,2007-12-05,2026-10-05,18.81,513.84,10.13,11.67,0.714,0.952,-23.56,0.43,66.52,21.64,-15.25,615654.64,68.0,26.0,6.0
grid,2007-12-05,2026-10-05,18.81,529.21,10.27,11.71,0.723,0.964,-23.19,0.443,66.52,21.63,-15.58,631070.84,68.0,28.0,4.0
grid,2007-12-05,2026-10-05,18.81,544.92,10.41,11.76,0.732,0.975,-22.81,0.457,66.96,21.62,-15.91,646827.33,68.0,30.0,2.0
grid,2007-12-05,2026-10-05,18.81,560.97,10.56,11.81,0.74,0.986,-22.44,0.471,67.4,21.97,-16.24,662930.35,68.0,32.0,0.0
grid,2007-12-05,2026-10-05,18.81,345.12,8.26,11.49,0.574,0.755,-28.42,0.291,63.88,22.0,-12.54,446477.82,70.0,0.0,30.0
grid,2007-12-05,2026-10-05,18.81,356.68,8.41,11.48,0.587,0.772,-28.07,0.3,63.88,21.99,-12.25,458077.97,70.0,2.0,28.0
grid,2007-12-05,2026-10-05,18.81,368.52,8.56,11.48,0.598,0.79,-27.72,0.309,63.88,21.99,-11.96,469946.06,70.0,4.0,26.0
grid,2007-12-05,2026-10-05,18.81,380.62,8.7,11.48,0.61,0.807,-27.36,0.318,63.88,21.98,-12.0,482087.35,70.0,6.0,24.0
grid,2007-12-05,2026-10-05,18.81,393.0,8.85,11.49,0.622,0.824,-27.01,0.328,64.76,21.97,-12.34,494507.15,70.0,8.0,22.0
grid,2007-12-05,2026-10-05,18.81,405.67,9.0,11.5,0.633,0.84,-26.65,0.338,64.32,21.96,-12.68,507210.88,70.0,10.0,20.0
grid,2007-12-05,2026-10-05,18.81,418.62,9.14,11.51,0.644,0.856,-26.29,0.348,64.76,21.95,-13.02,520204.03,70.0,12.0,18.0
grid,2007-12-05,2026-10-05,18.81,431.87,9.29,11.53,0.655,0.871,-25.93,0.358,64.76,21.94,-13.35,533492.15,70.0,14.0,16.0
grid,2007-12-05,2026-10-05,18.81,445.42,9.44,11.55,0.665,0.886,-25.57,0.369,65.2,21.93,-13.69,547080.89,70.0,16.0,14.0
grid,2007-12-05,2026-10-05,18.81,459.27,9.58,11.57,0.676,0.901,-25.2,0.38,65.2,21.92,-14.02,560975.98,70.0,18.0,12.0
grid,2007-12-05,2026-10-05,18.81,473.43,9.73,11.6,0.686,0.915,-24.83,0.392,65.2,21.91,-14.36,575183.21,70.0,20.0,10.0
grid,2007-12-05,2026-10-05,18.81,487.91,9.87,11.63,0.696,0.929,-24.47,0.404,65.2,21.9,-14.69,589708.48,70.0,22.0,8.0
grid,2007-12-05,2026-10-05,18.81,502.72,10.02,11.67,0.706,0.942,-24.1,0.416,66.96,21.89,-15.02,604557.75,70.0,24.0,6.0
grid,2007-12-05,2026-10-05,18.81,517.85,10.16,11.7,0.715,0.954,-23.73,0.428,66.96,21.87,-15.35,619737.07,70.0,26.0,4.0
grid,2007-12-05,2026-10-05,18.81,533.32,10.31,11.75,0.724,0.966,-23.36,0.441,67.4,21.86,-15.68,635252.58,70.0,28.0,2.0
grid,2007-12-05,2026-10-05,18.81,549.13,10.45,11.79,0.733,0.977,-22.98,0.455,67.4,21.85,-16.01,651110.49,70.0,30.0,0.0
grid,2007-12-05,2026-10-05,18.81,348.04,8.3,11.52,0.576,0.757,-28.58,0.29,63.88,22.23,-12.48,449446.99,72.0,0.0,28.0
grid,2007-12-05,2026-10-05,18.81,359.68,8.45,11.52,0.588,0.775,-28.23,0.299,63.44,22.22,-12.19,461122.13,72.0,2.0,26.0
grid,2007-12-05,2026-10-05,18.81,371.59,8.59,11.52,0.6,0.792,-27.88,0.308,63.88,22.22,-11.9,473066.9,72.0,4.0,24.0
grid,2007-12-05,2026-10-05,18.81,383.77,8.74,11.52,0.612,0.809,-27.53,0.318,64.32,22.21,-12.11,485286.56,72.0,6.0,22.0
grid,2007-12-05,2026-10-05,18.81,396.23,8.89,11.52,0.623,0.826,-27.17,0.327,63.88,22.2,-12.45,497786.48,72.0,8.0,20.0
grid,2007-12-05,2026-10-05,18.81,408.97,9.03,11.53,0.634,0.842,-26.81,0.337,64.76,22.19,-12.79,510572.1,72.0,10.0,18.0
grid,2007-12-05,2026-10-05,18.81,422.01,9.18,11.55,0.645,0.858,-26.45,0.347,64.76,22.18,-13.12,523648.93,72.0,12.0,16.0
grid,2007-12-05,2026-10-05,18.81,435.34,9.33,11.56,0.656,0.873,-26.09,0.357,64.76,22.17,-13.46,537022.57,72.0,14.0,14.0
grid,2007-12-05,2026-10-05,18.81,448.98,9.47,11.58,0.667,0.888,-25.73,0.368,65.2,22.16,-13.79,550698.7,72.0,16.0,12.0
grid,2007-12-05,2026-10-05,18.81,462.92,9.62,11.61,0.677,0.903,-25.37,0.379,65.64,22.15,-14.13,564683.08,72.0,18.0,10.0
grid,2007-12-05,2026-10-05,18.81,477.17,9.77,11.64,0.687,0.917,-25.0,0.391,65.64,22.14,-14.46,578981.54,72.0,20.0,8.0
grid,2007-12-05,2026-10-05,18.81,491.74,9.91,11.67,0.697,0.93,-24.63,0.402,66.08,22.13,-14.79,593600.0,72.0,22.0,6.0
grid,2007-12-05,2026-10-05,18.81,506.64,10.06,11.7,0.707,0.943,-24.27,0.414,66.96,22.12,-15.12,608544.48,72.0,24.0,4.0
grid,2007-12-05,2026-10-05,18.81,521.87,10.2,11.74,0.716,0.956,-23.9,0.427,66.96,22.1,-15.46,623821.05,72.0,26.0,2.0
grid,2007-12-05,2026-10-05,18.81,537.44,10.35,11.78,0.725,0.967,-23.53,0.44,67.4,22.09,-15.79,639435.88,72.0,28.0,0.0
grid,2007-12-05,2026-10-05,18.81,350.96,8.34,11.56,0.578,0.759,-28.74,0.29,63.88,22.46,-12.43,452417.25,74.0,0.0,26.0
grid,2007-12-05,2026-10-05,18.81,362.67,8.48,11.56,0.59,0.776,-28.39,0.299,63.44,22.46,-12.13,464167.41,74.0,2.0,24.0
grid,2007-12-05,2026-10-05,18.81,374.66,8.63,11.55,0.601,0.794,-28.04,0.308,64.32,22.45,-11.88,476188.86,74.0,4.0,22.0
grid,2007-12-05,2026-10-05,18.81,386.92,8.78,11.56,0.613,0.811,-27.69,0.317,64.32,22.44,-12.22,488486.91,74.0,6.0,20.0
grid,2007-12-05,2026-10-05,18.81,399.46,8.92,11.56,0.624,0.827,-27.33,0.327,64.76,22.43,-12.55,501066.96,74.0,8.0,18.0
grid,2007-12-05,2026-10-05,18.81,412.28,9.07,11.57,0.636,0.844,-26.98,0.336,65.2,22.42,-12.89,513934.47,74.0,10.0,16.0
grid,2007-12-05,2026-10-05,18.81,425.4,9.22,11.58,0.647,0.859,-26.62,0.346,65.2,22.41,-13.23,527095.0,74.0,12.0,14.0
grid,2007-12-05,2026-10-05,18.81,438.82,9.37,11.6,0.657,0.875,-26.26,0.357,65.2,22.4,-13.56,540554.17,74.0,14.0,12.0
grid,2007-12-05,2026-10-05,18.81,452.54,9.51,11.62,0.668,0.89,-25.9,0.367,65.2,22.39,-13.9,554317.7,74.0,16.0,10.0
grid,2007-12-05,2026-10-05,18.81,466.56,9.66,11.65,0.678,0.904,-25.53,0.378,65.64,22.38,-14.23,568391.38,74.0,18.0,8.0
grid,2007-12-05,2026-10-05,18.81,480.91,9.8,11.67,0.688,0.918,-25.17,0.389,66.08,22.37,-14.56,582781.07,74.0,20.0,6.0
grid,2007-12-05,2026-10-05,18.81,495.57,9.95,11.7,0.698,0.932,-24.8,0.401,66.08,22.36,-14.9,597492.75,74.0,22.0,4.0
grid,2007-12-05,2026-10-05,18.81,510.56,10.09,11.74,0.708,0.945,-24.43,0.413,66.52,22.35,-15.23,612532.44,74.0,24.0,2.0
grid,2007-12-05,2026-10-05,18.81,525.89,10.24,11.77,0.717,0.957,-24.07,0.425,66.96,22.34,-15.56,627906.26,74.0,26.0,0.0
grid,2007-12-05,2026-10-05,18.81,353.88,8.37,11.6,0.579,0.761,-28.9,0.29,63.88,22.69,-12.37,455388.4,76.0,0.0,24.0
grid,2007-12-05,2026-10-05,18.81,365.67,8.52,11.6,0.591,0.778,-28.55,0.298,64.76,22.69,-12.08,467213.57,76.0,2.0,22.0
grid,2007-12-05,2026-10-05,18.81,377.73,8.67,11.59,0.603,0.795,-28.2,0.307,64.76,22.68,-11.98,479311.71,76.0,4.0,20.0
grid,2007-12-05,2026-10-05,18.81,390.06,8.82,11.6,0.614,0.812,-27.85,0.317,64.76,22.67,-12.32,491688.16,76.0,6.0,18.0
grid,2007-12-05,2026-10-05,18.81,402.68,8.96,11.6,0.626,0.829,-27.5,0.326,64.32,22.66,-12.66,504348.34,76.0,8.0,16.0
grid,2007-12-05,2026-10-05,18.81,415.59,9.11,11.61,0.637,0.845,-27.14,0.336,65.2,22.65,-13.0,517297.75,76.0,10.0,14.0
grid,2007-12-05,2026-10-05,18.81,428.79,9.26,11.62,0.648,0.861,-26.78,0.346,65.2,22.64,-13.33,530541.98,76.0,12.0,12.0
grid,2007-12-05,2026-10-05,18.81,442.29,9.4,11.64,0.659,0.876,-26.42,0.356,65.2,22.63,-13.67,544086.68,76.0,14.0,10.0
grid,2007-12-05,2026-10-05,18.81,456.1,9.55,11.66,0.669,0.891,-26.06,0.366,65.64,22.62,-14.0,557937.61,76.0,16.0,8.0
grid,2007-12-05,2026-10-05,18.81,470.21,9.69,11.68,0.679,0.906,-25.7,0.377,65.64,22.61,-14.34,572100.59,76.0,18.0,6.0
grid,2007-12-05,2026-10-05,18.81,484.64,9.84,11.71,0.689,0.919,-25.34,0.388,66.08,22.6,-14.67,586581.53,76.0,20.0,4.0
grid,2007-12-05,2026-10-05,18.81,499.4,9.99,11.74,0.699,0.933,-24.97,0.4,66.08,22.59,-15.0,601386.41,76.0,22.0,2.0
grid,2007-12-05,2026-10-05,18.81,514.49,10.13,11.77,0.709,0.946,-24.6,0.412,66.52,22.58,-15.33,616521.31,76.0,24.0,0.0
grid,2007-12-05,2026-10-05,18.81,356.81,8.41,11.64,0.58,0.762,-29.06,0.289,64.32,22.93,-12.31,458360.18,78.0,0.0,22.0
grid,2007-12-05,2026-10-05,18.81,368.67,8.56,11.64,0.592,0.78,-28.71,0.298,64.76,22.92,-12.02,470260.37,78.0,2.0,20.0
grid,2007-12-05,2026-10-05,18.81,380.8,8.7,11.64,0.604,0.797,-28.36,0.307,64.76,22.91,-12.09,482435.2,78.0,4.0,18.0
grid,2007-12-05,2026-10-05,18.81,393.21,8.85,11.64,0.615,0.814,-28.01,0.316,64.32,22.9,-12.43,494890.05,78.0,6.0,16.0
grid,2007-12-05,2026-10-05,18.81,405.91,9.0,11.65,0.627,0.83,-27.66,0.325,64.32,22.89,-12.77,507630.35,78.0,8.0,14.0
grid,2007-12-05,2026-10-05,18.81,418.9,9.15,11.65,0.638,0.846,-27.3,0.335,65.2,22.88,-13.1,520661.66,78.0,10.0,12.0
grid,2007-12-05,2026-10-05,18.81,432.18,9.29,11.67,0.649,0.862,-26.95,0.345,65.2,22.88,-13.44,533989.59,78.0,12.0,10.0
grid,2007-12-05,2026-10-05,18.81,445.76,9.44,11.68,0.66,0.877,-26.59,0.355,65.2,22.87,-13.77,547619.83,78.0,14.0,8.0
grid,2007-12-05,2026-10-05,18.81,459.66,9.59,11.7,0.67,0.892,-26.23,0.365,65.2,22.86,-14.11,561558.16,78.0,16.0,6.0
grid,2007-12-05,2026-10-05,18.81,473.86,9.73,11.73,0.68,0.907,-25.87,0.376,66.08,22.85,-14.44,575810.43,78.0,18.0,4.0
grid,2007-12-05,2026-10-05,18.81,488.38,9.88,11.75,0.69,0.92,-25.5,0.387,66.08,22.83,-14.77,590382.6,78.0,20.0,2.0
grid,2007-12-05,2026-10-05,18.81,503.23,10.02,11.78,0.7,0.934,-25.14,0.399,66.52,22.82,-15.1,605280.69,78.0,22.0,0.0
grid,2007-12-05,2026-10-05,18.81,359.73,8.45,11.69,0.581,0.764,-29.22,0.289,64.76,23.16,-12.26,461332.38,80.0,0.0,20.0
grid,2007-12-05,2026-10-05,18.81,371.66,8.59,11.68,0.593,0.781,-28.88,0.298,64.32,23.15,-11.96,473307.58,80.0,2.0,18.0
grid,2007-12-05,2026-10-05,18.81,383.87,8.74,11.68,0.605,0.798,-28.53,0.306,64.32,23.14,-12.2,485559.09,80.0,4.0,16.0
grid,2007-12-05,2026-10-05,18.81,396.36,8.89,11.68,0.616,0.815,-28.17,0.316,64.32,23.13,-12.53,498092.32,80.0,6.0,14.0
grid,2007-12-05,2026-10-05,18.81,409.14,9.04,11.69,0.628,0.831,-27.82,0.325,64.32,23.13,-12.87,510912.75,80.0,8.0,12.0
grid,2007-12-05,2026-10-05,18.81,422.2,9.18,11.7,0.639,0.847,-27.47,0.334,65.2,23.12,-13.21,524025.95,80.0,10.0,10.0
grid,2007-12-05,2026-10-05,18.81,435.57,9.33,11.71,0.65,0.863,-27.11,0.344,65.2,23.11,-13.54,537437.57,80.0,12.0,8.0
grid,2007-12-05,2026-10-05,18.81,449.24,9.48,11.73,0.66,0.878,-26.75,0.354,65.2,23.1,-13.88,551153.33,80.0,14.0,6.0
grid,2007-12-05,2026-10-05,18.81,463.21,9.62,11.75,0.671,0.893,-26.39,0.365,65.64,23.09,-14.21,565179.05,80.0,16.0,4.0
grid,2007-12-05,2026-10-05,18.81,477.51,9.77,11.77,0.681,0.907,-26.03,0.375,66.08,23.08,-14.54,579520.61,80.0,18.0,2.0
grid,2007-12-05,2026-10-05,18.81,492.12,9.91,11.8,0.691,0.921,-25.67,0.386,66.08,23.07,-14.88,594184.0,80.0,20.0,0.0
grid,2007-12-05,2026-10-05,18.81,362.65,8.48,11.74,0.582,0.765,-29.38,0.289,64.76,23.39,-12.2,464304.75,82.0,0.0,18.0
grid,2007-12-05,2026-10-05,18.81,374.66,8.63,11.73,0.594,0.782,-29.04,0.297,64.76,23.38,-11.97,476354.95,82.0,2.0,16.0
grid,2007-12-05,2026-10-05,18.81,386.94,8.78,11.73,0.606,0.799,-28.69,0.306,63.88,23.37,-12.3,488683.14,82.0,4.0,14.0
grid,2007-12-05,2026-10-05,18.81,399.51,8.93,11.73,0.617,0.816,-28.34,0.315,64.32,23.37,-12.64,501294.74,82.0,6.0,12.0
grid,2007-12-05,2026-10-05,18.81,412.36,9.07,11.74,0.628,0.832,-27.98,0.324,64.32,23.36,-12.98,514195.28,82.0,8.0,10.0
grid,2007-12-05,2026-10-05,18.81,425.51,9.22,11.75,0.639,0.848,-27.63,0.334,64.76,23.35,-13.31,527390.36,82.0,10.0,8.0
grid,2007-12-05,2026-10-05,18.81,438.96,9.37,11.76,0.65,0.864,-27.27,0.343,64.76,23.34,-13.65,540885.65,82.0,12.0,6.0
grid,2007-12-05,2026-10-05,18.81,452.71,9.51,11.77,0.661,0.879,-26.92,0.353,65.64,23.33,-13.98,554686.91,82.0,14.0,4.0
grid,2007-12-05,2026-10-05,18.81,466.77,9.66,11.79,0.671,0.894,-26.56,0.364,65.64,23.32,-14.32,568800.0,82.0,16.0,2.0
grid,2007-12-05,2026-10-05,18.81,481.15,9.81,11.82,0.682,0.908,-26.2,0.374,65.64,23.31,-14.65,583230.83,82.0,18.0,0.0
grid,2007-12-05,2026-10-05,18.81,365.57,8.52,11.79,0.583,0.766,-29.54,0.288,64.76,23.62,-12.14,467277.06,84.0,0.0,16.0
grid,2007-12-05,2026-10-05,18.81,377.65,8.67,11.78,0.595,0.783,-29.2,0.297,64.76,23.61,-12.07,479402.25,84.0,2.0,14.0
grid,2007-12-05,2026-10-05,18.81,390.01,8.81,11.78,0.606,0.8,-28.85,0.306,63.88,23.61,-12.41,491807.09,84.0,4.0,12.0
grid,2007-12-05,2026-10-05,18.81,402.66,8.96,11.78,0.618,0.817,-28.5,0.314,64.32,23.6,-12.75,504497.05,84.0,6.0,10.0
grid,2007-12-05,2026-10-05,18.81,415.59,9.11,11.79,0.629,0.833,-28.15,0.324,64.32,23.59,-13.08,517477.67,84.0,8.0,8.0
grid,2007-12-05,2026-10-05,18.81,428.82,9.26,11.79,0.64,0.849,-27.79,0.333,64.76,23.58,-13.42,530754.6,84.0,10.0,6.0
grid,2007-12-05,2026-10-05,18.81,442.35,9.4,11.81,0.651,0.864,-27.44,0.343,65.2,23.57,-13.76,544333.54,84.0,12.0,4.0
grid,2007-12-05,2026-10-05,18.81,456.18,9.55,11.82,0.662,0.879,-27.08,0.353,65.64,23.56,-14.09,558220.29,84.0,14.0,2.0
grid,2007-12-05,2026-10-05,18.81,470.33,9.7,11.84,0.672,0.894,-26.72,0.363,65.64,23.55,-14.42,572420.73,84.0,16.0,0.0
grid,2007-12-05,2026-10-05,18.81,368.49,8.56,11.84,0.584,0.767,-29.71,0.288,64.76,23.85,-12.09,470249.08,86.0,0.0,14.0
grid,2007-12-05,2026-10-05,18.81,380.65,8.7,11.83,0.596,0.784,-29.36,0.296,64.76,23.85,-12.18,482449.22,86.0,2.0,12.0
grid,2007-12-05,2026-10-05,18.81,393.08,8.85,11.83,0.607,0.801,-29.01,0.305,64.32,23.84,-12.52,494930.69,86.0,4.0,10.0
grid,2007-12-05,2026-10-05,18.81,405.8,9.0,11.83,0.618,0.817,-28.66,0.314,63.44,23.83,-12.86,507698.98,86.0,6.0,8.0
grid,2007-12-05,2026-10-05,18.81,418.81,9.15,11.84,0.63,0.833,-28.31,0.323,64.76,23.82,-13.19,520759.67,86.0,8.0,6.0
grid,2007-12-05,2026-10-05,18.81,432.12,9.29,11.85,0.641,0.849,-27.96,0.332,64.76,23.81,-13.53,534118.43,86.0,10.0,4.0
grid,2007-12-05,2026-10-05,18.81,445.74,9.44,11.86,0.651,0.864,-27.6,0.342,65.2,23.8,-13.86,547780.99,86.0,12.0,2.0
grid,2007-12-05,2026-10-05,18.81,459.66,9.59,11.87,0.662,0.88,-27.25,0.352,65.64,23.79,-14.2,561753.19,86.0,14.0,0.0
grid,2007-12-05,2026-10-05,18.81,371.41,8.59,11.89,0.584,0.768,-29.87,0.288,64.76,24.08,-12.03,473220.56,88.0,0.0,12.0
grid,2007-12-05,2026-10-05,18.81,383.64,8.74,11.89,0.596,0.785,-29.52,0.296,64.32,24.08,-12.29,485495.64,88.0,2.0,10.0
grid,2007-12-05,2026-10-05,18.81,396.15,8.89,11.88,0.608,0.801,-29.17,0.305,64.32,24.07,-12.63,498053.7,88.0,4.0,8.0
grid,2007-12-05,2026-10-05,18.81,408.95,9.03,11.89,0.619,0.817,-28.82,0.313,63.88,24.06,-12.96,510900.29,88.0,6.0,6.0
grid,2007-12-05,2026-10-05,18.81,422.04,9.18,11.89,0.63,0.833,-28.47,0.322,64.76,24.05,-13.3,524041.01,88.0,8.0,4.0
grid,2007-12-05,2026-10-05,18.81,435.43,9.33,11.9,0.641,0.849,-28.12,0.332,65.2,24.05,-13.63,537481.56,88.0,10.0,2.0
grid,2007-12-05,2026-10-05,18.81,449.12,9.48,11.91,0.652,0.865,-27.77,0.341,65.2,24.04,-13.97,551227.71,88.0,12.0,0.0
grid,2007-12-05,2026-10-05,18.81,374.33,8.63,11.95,0.585,0.768,-30.03,0.287,64.76,24.32,-12.06,476191.27,90.0,0.0,10.0
grid,2007-12-05,2026-10-05,18.81,386.63,8.77,11.94,0.597,0.785,-29.68,0.296,64.32,24.31,-12.4,488541.24,90.0,2.0,8.0
grid,2007-12-05,2026-10-05,18.81,399.22,8.92,11.94,0.608,0.801,-29.33,0.304,64.32,24.3,-12.73,501175.87,90.0,4.0,6.0
grid,2007-12-05,2026-10-05,18.81,412.09,9.07,11.94,0.619,0.818,-28.99,0.313,63.88,24.29,-13.07,514100.71,90.0,6.0,4.0
grid,2007-12-05,2026-10-05,18.81,425.26,9.22,11.95,0.631,0.834,-28.64,0.322,65.2,24.29,-13.41,527321.42,90.0,8.0,2.0
grid,2007-12-05,2026-10-05,18.81,438.73,9.36,11.95,0.641,0.849,-28.28,0.331,65.64,24.28,-13.74,540843.72,90.0,10.0,0.0
grid,2007-12-05,2026-10-05,18.81,377.25,8.66,12.01,0.585,0.768,-30.19,0.287,64.76,24.55,-12.17,479160.96,92.0,0.0,8.0
grid,2007-12-05,2026-10-05,18.81,389.62,8.81,12.0,0.597,0.785,-29.84,0.295,64.76,24.54,-12.51,491585.78,92.0,2.0,6.0
grid,2007-12-05,2026-10-05,18.81,402.28,8.96,12.0,0.608,0.801,-29.5,0.304,64.76,24.53,-12.84,504296.93,92.0,4.0,4.0
grid,2007-12-05,2026-10-05,18.81,415.23,9.11,12.0,0.62,0.818,-29.15,0.312,64.76,24.53,-13.18,517299.99,92.0,6.0,2.0
grid,2007-12-05,2026-10-05,18.81,428.48,9.25,12.0,0.631,0.833,-28.8,0.321,65.64,24.52,-13.51,530600.65,92.0,8.0,0.0
grid,2007-12-05,2026-10-05,18.81,380.16,8.7,12.07,0.586,0.768,-30.35,0.287,64.76,24.78,-12.28,482129.4,94.0,0.0,6.0
grid,2007-12-05,2026-10-05,18.81,392.61,8.85,12.06,0.597,0.785,-30.0,0.295,64.76,24.77,-12.61,494629.02,94.0,2.0,4.0
grid,2007-12-05,2026-10-05,18.81,405.35,8.99,12.06,0.609,0.801,-29.66,0.303,64.76,24.77,-12.95,507416.64,94.0,4.0,2.0
grid,2007-12-05,2026-10-05,18.81,418.37,9.14,12.06,0.62,0.817,-29.31,0.312,65.2,24.76,-13.29,520497.87,94.0,6.0,0.0
grid,2007-12-05,2026-10-05,18.81,383.07,8.73,12.13,0.586,0.768,-30.51,0.286,65.2,25.01,-12.39,485096.33,96.0,0.0,4.0
grid,2007-12-05,2026-10-05,18.81,395.6,8.88,12.12,0.598,0.785,-30.16,0.294,64.76,25.01,-12.72,497670.71,96.0,2.0,2.0
grid,2007-12-05,2026-10-05,18.81,408.41,9.03,12.12,0.609,0.801,-29.82,0.303,65.2,25.0,-13.06,510534.74,96.0,4.0,0.0
grid,2007-12-05,2026-10-05,18.81,385.99,8.77,12.19,0.586,0.768,-30.67,0.286,65.2,25.25,-12.5,488061.52,98.0,0.0,2.0
grid,2007-12-05,2026-10-05,18.81,398.58,8.91,12.19,0.598,0.785,-30.33,0.294,65.2,25.24,-12.83,500710.59,98.0,2.0,0.0
grid,2007-12-05,2026-10-05,18.81,388.89,8.8,12.26,0.586,0.768,-30.83,0.285,65.2,25.48,-12.61,491024.71,100.0,0.0,0.0
