date,turnover,cost,weights
2004-01-13,1.0,80.0,SPY:0.100;IEF:0.900
2004-01-20,0.002507768722902551,0.2040312239950876,SPY:0.100;IEF:0.900
2004-01-27,0.0029770601739264324,0.24202385007140254,SPY:0.100;IEF:0.900
2004-02-03,0.0007929350918580991,0.06374634938903127,SPY:0.100;IEF:0.900
2004-02-10,0.0016539742434097393,0.13346149667825877,SPY:0.100;IEF:0.900
2004-02-17,0.003815199533121927,0.3107105551788338,SPY:0.100;IEF:0.900
2004-02-24,0.000948686557251624,0.07735493576522906,SPY:0.100;IEF:0.900
2004-03-02,0.0018517679118348757,0.1513613274207773,SPY:0.100;IEF:0.900
2004-03-09,0.001872901435439861,0.1527508634977145,SPY:0.100;IEF:0.900
2004-03-16,0.009160184787962766,0.7619017361594144,SPY:0.100;IEF:0.900
2004-03-23,0.0004077850627977886,0.033986701246187224,SPY:0.100;IEF:0.900
2004-03-30,0.004959428608424535,0.41220595577149705,SPY:0.100;IEF:0.900
2004-04-06,0.007289076016670795,0.6034720183089733,SPY:0.100;IEF:0.900
2004-04-13,0.006544496117417198,0.5317535033138587,SPY:0.100;IEF:0.900
2004-04-20,0.0004842905254031499,0.038829706938021714,SPY:0.100;IEF:0.900
2004-04-27,0.0001390613885425135,0.011086644305646005,SPY:0.100;IEF:0.900
2004-05-04,0.0007789813641059101,0.06194555462115224,SPY:0.100;IEF:0.900
2004-05-11,0.0009182693501872952,0.0726623589514247,SPY:0.100;IEF:0.900
2004-05-18,0.001389246286989318,0.10841243408943288,SPY:0.100;IEF:0.900
2004-05-25,0.0022521599151166666,0.17585387557403748,SPY:0.100;IEF:0.900
2004-06-01,0.0032519866011544996,0.25665082769680014,SPY:0.100;IEF:0.900
2004-06-08,0.002159137828939006,0.1699182694904049,SPY:0.100;IEF:0.900
2004-06-15,0.0018246370972932885,0.14312562798613757,SPY:0.100;IEF:0.900
2004-06-22,0.0009626530954396778,0.07601622048816468,SPY:0.100;IEF:0.900
2004-06-29,0.0014031152265861907,0.11115363777674539,SPY:0.100;IEF:0.900
2004-07-06,0.0017530143773065582,0.13983159415548307,SPY:0.100;IEF:0.900
2004-07-13,0.005235652707068397,0.42020518785125727,SPY:0.100;IEF:0.900
2004-07-20,0.0011877259775603527,0.09529592989769903,SPY:0.100;IEF:0.900
2004-07-27,0.0031792470452935567,0.2546945918790979,SPY:0.100;IEF:0.900
2004-08-03,0.0018312632645589716,0.14606381875584,SPY:0.100;IEF:0.900
2004-08-10,0.0017331902874739014,0.13957632017846205,SPY:0.100;IEF:0.900
2004-08-17,0.005557533128427272,0.4518258443022331,SPY:0.100;IEF:0.900
2004-08-24,0.0024844225303805867,0.20295290589918746,SPY:0.100;IEF:0.900
2004-08-31,0.002090291633711508,0.17063308113778056,SPY:0.100;IEF:0.900
2004-09-07,0.0015899002494173392,0.13108432604620782,SPY:0.100;IEF:0.900
2004-09-14,0.002353884622160296,0.19398673094438762,SPY:0.100;IEF:0.900
2004-09-21,1.4565307972086439e-05,0.0012026023883533812,SPY:0.100;IEF:0.900
2004-09-28,0.003467115709273605,0.289287738857427,SPY:0.100;IEF:0.900
2004-10-05,0.0019352953144184115,0.1603440939260772,SPY:0.100;IEF:0.900
2004-10-12,0.006032500388583523,0.4974933238191126,SPY:0.100;IEF:0.900
2004-10-19,0.007031069711339835,0.5845137765177568,SPY:0.100;IEF:0.900
2004-10-26,0.002680439570864515,0.22379319554755414,SPY:0.100;IEF:0.900
2004-11-02,0.004813056051609116,0.4007829664468731,SPY:0.100;IEF:0.900
2004-11-09,0.003058051419833882,0.25547403261715784,SPY:0.100;IEF:0.900
2004-11-16,0.005168564772456016,0.42819575507080593,SPY:0.100;IEF:0.900
2004-11-23,1.799477886523051,150.43410257776293,SPY:0.350;AAPL:0.217;ADBE:0.217;QCOM:0.217
2004-11-30,1.8009535804797254,157.65919298517315,SPY:0.100;IEF:0.900
2004-12-07,1.7978141400987608,155.7252250199926,SPY:0.350;AAPL:0.217;ADBE:0.217;QCOM:0.217
2004-12-14,0.02333217415984057,1.983613560826035,SPY:0.350;AAPL:0.217;ADBE:0.217;QCOM:0.217
2004-12-21,0.00840555800662196,0.7324428089480738,SPY:0.350;AAPL:0.217;ADBE:0.217;QCOM:0.217
2004-12-28,0.44340928952307446,38.42486472030942,SPY:0.350;AAPL:0.217;ADBE:0.217;AMD:0.217
2005-01-04,0.004552922862620878,0.39827940453475424,SPY:0.350;AAPL:0.217;ADBE:0.217;AMD:0.217
2005-01-11,0.03159481633102254,2.6439544680007794,SPY:0.350;AAPL:0.217;ADBE:0.217;AMD:0.217
2005-01-18,0.43405241467810207,34.5129783865896,SPY:0.350;AAPL:0.217;ADBE:0.217;QCOM:0.217
2005-01-25,0.029648904628525513,2.3549118093917083,SPY:0.350;AAPL:0.217;ADBE:0.217;QCOM:0.217
2005-02-01,1.8010252364244241,139.524817869062,SPY:0.100;IEF:0.900
2005-02-08,1.7984931458740792,139.79667767941328,SPY:0.350;AAPL:0.217;ADBE:0.217;COST:0.217
2005-02-15,1.8010085190690315,138.60994963045266,SPY:0.100;IEF:0.900
2005-02-22,1.7960479039039945,136.8389636191368,SPY:0.350;AAPL:0.217;ADBE:0.217;COST:0.217
2005-03-01,0.009469852157142106,0.7023102130940891,SPY:0.350;AAPL:0.217;ADBE:0.217;COST:0.217
2005-03-08,0.009523153360907949,0.7092084904699849,SPY:0.350;AAPL:0.217;ADBE:0.217;COST:0.217
2005-03-15,0.041567793852798796,3.0532754099747503,SPY:0.350;AAPL:0.217;ADBE:0.217;COST:0.217
2005-03-22,0.022126041476617037,1.6182308929806906,SPY:0.350;AAPL:0.217;ADBE:0.217;COST:0.217
2005-03-29,0.4494973429389132,33.15035285204345,SPY:0.350;AAPL:0.217;ADBE:0.217;LIN:0.217
2005-04-05,0.0075362042057525724,0.5600620273058401,SPY:0.350;AAPL:0.217;ADBE:0.217;LIN:0.217
2005-04-12,0.006150510067973902,0.4585625706315505,SPY:0.350;AAPL:0.217;ADBE:0.217;LIN:0.217
2005-04-19,0.011287570908460609,0.8206639973608887,SPY:0.350;AAPL:0.217;ADBE:0.217;LIN:0.217
2005-04-26,1.801083089737494,120.90110657389235,SPY:0.100;IEF:0.900
2005-05-03,0.0029854376576020636,0.2003764383322724,SPY:0.100;IEF:0.900
2005-05-10,0.002050033203888621,0.13837633297179283,SPY:0.100;IEF:0.900
2005-05-17,1.801524562312622,121.65195491427482,SPY:0.350;AAPL:0.217;ADBE:0.217;NVDA:0.217
2005-05-24,0.04540830155223552,3.2236600110342923,SPY:0.350;AAPL:0.217;NVDA:0.217;ADBE:0.217
2005-05-31,0.03389886031898834,2.527245004850753,SPY:0.350;AAPL:0.217;NVDA:0.217;ADBE:0.217
2005-06-07,0.002054749973789516,0.15503864979173446,SPY:0.350;AAPL:0.217;NVDA:0.217;ADBE:0.217
2005-06-14,0.025339819271639447,1.859519679575726,SPY:0.350;AAPL:0.217;NVDA:0.217;ADBE:0.217
2005-06-21,0.00902241990011271,0.6622755303715597,SPY:0.350;NVDA:0.217;AAPL:0.217;ADBE:0.217
2005-06-28,0.4339928878902989,32.084475043830295,SPY:0.350;NVDA:0.217;AAPL:0.217;TXN:0.217
2005-07-05,0.449930929395211,32.44700354469787,SPY:0.350;GOOGL:0.217;AAPL:0.217;NVDA:0.217
2005-07-12,0.01929738877706949,1.4104687177011108,SPY:0.350;GOOGL:0.217;NVDA:0.217;AAPL:0.217
2005-07-19,0.002984183413758973,0.22316678578198565,SPY:0.350;GOOGL:0.217;NVDA:0.217;AAPL:0.217
2005-07-26,0.05024883767604424,3.874868601312821,SPY:0.350;GOOGL:0.217;AAPL:0.217;NVDA:0.217
2005-08-02,0.018035237028590778,1.3808948422868237,SPY:0.350;GOOGL:0.217;AAPL:0.217;NVDA:0.217
2005-08-09,0.011637623275401382,0.8958119785927435,SPY:0.350;GOOGL:0.217;AAPL:0.217;NVDA:0.217
2005-08-16,0.012155854922886289,0.9250064869527499,SPY:0.350;GOOGL:0.217;AAPL:0.217;NVDA:0.217
2005-08-23,0.04363501207481313,3.431162522114898,SPY:0.350;AAPL:0.217;GOOGL:0.217;NVDA:0.217
2005-08-30,0.4407277768079184,34.009517483257966,SPY:0.350;NVDA:0.217;NFLX:0.217;GOOGL:0.217
2005-09-06,0.44188356778907506,34.883034931295974,SPY:0.350;NFLX:0.217;NVDA:0.217;AAPL:0.217
2005-09-13,0.01300322018116179,1.0544657685283088,SPY:0.350;NFLX:0.217;NVDA:0.217;AAPL:0.217
2005-09-20,0.01917514217747998,1.5877720299186417,SPY:0.350;NFLX:0.217;AAPL:0.217;NVDA:0.217
2005-09-27,0.4623532632855489,38.279588284521836,SPY:0.350;NFLX:0.217;AAPL:0.217;GOOGL:0.217
2005-10-04,0.0260018257600593,2.1709837878318936,SPY:0.350;NFLX:0.217;GOOGL:0.217;AAPL:0.217
2005-10-11,0.4615630843458547,39.32132201065356,SPY:0.350;NFLX:0.217;NVDA:0.217;GOOGL:0.217
2005-10-18,1.801009536871244,151.9254313530246,SPY:0.100;IEF:0.900
2005-10-25,0.003507997228934981,0.2960345688053497,SPY:0.100;IEF:0.900
2005-11-01,1.8002109900180217,150.80171030460784,SPY:0.350;NFLX:0.217;GOOGL:0.217;AAPL:0.217
2005-11-08,0.021062673399983495,1.8525533261337455,SPY:0.350;NFLX:0.217;GOOGL:0.217;AAPL:0.217
2005-11-15,0.011874920984187326,1.0552508120569162,SPY:0.350;NFLX:0.217;GOOGL:0.217;AAPL:0.217
2005-11-22,0.031244717284981793,2.8551627915792253,SPY:0.350;NFLX:0.217;AAPL:0.217;GOOGL:0.217
2005-11-29,0.011191362444427672,1.0643008495612838,SPY:0.350;NFLX:0.217;GOOGL:0.217;AAPL:0.217
2005-12-06,0.02157949603649753,2.006132950905488,SPY:0.350;NFLX:0.217;GOOGL:0.217;AAPL:0.217
2005-12-13,0.03003490097738276,2.8475717626811257,SPY:0.350;NFLX:0.217;GOOGL:0.217;AAPL:0.217
2005-12-20,0.04469495947915625,4.168059760707906,SPY:0.350;NFLX:0.217;GOOGL:0.217;AAPL:0.217
2005-12-27,0.46716040350946936,44.938466674015146,SPY:0.350;NFLX:0.217;GOOGL:0.217;AMD:0.217
2006-01-03,0.461833417775312,45.09132508061073,SPY:0.350;NFLX:0.217;GOOGL:0.217;AAPL:0.217
2006-01-10,0.03523214751411305,3.4397588673565536,SPY:0.350;NFLX:0.217;GOOGL:0.217;AAPL:0.217
2006-01-17,0.03854092578929441,3.924239718056749,SPY:0.350;NFLX:0.217;GOOGL:0.217;AAPL:0.217
2006-01-24,0.4502641759294634,44.928821330376294,SPY:0.350;NFLX:0.217;GOOGL:0.217;AMD:0.217
2006-01-31,0.07162616125511154,7.50569203187433,SPY:0.350;NFLX:0.217;GOOGL:0.217;AMD:0.217
2006-02-07,0.052890927305451585,5.536204224128657,SPY:0.350;NFLX:0.217;AMD:0.217;GOOGL:0.217
2006-02-14,0.029466939909070067,2.94653542661193,SPY:0.350;AMD:0.217;NFLX:0.217;GOOGL:0.217
2006-02-21,0.02475706744406822,2.4352553791026117,SPY:0.350;NFLX:0.217;AMD:0.217;GOOGL:0.217
2006-02-28,0.024625500238257436,2.5020499433088585,SPY:0.350;AMD:0.217;NFLX:0.217;GOOGL:0.217
2006-03-07,0.4417347556883974,44.87793290900822,SPY:0.350;AMD:0.217;NFLX:0.217;NVDA:0.217
2006-03-14,0.028843049732353188,2.8201044847335592,SPY:0.350;AMD:0.217;NFLX:0.217;NVDA:0.217
2006-03-21,0.027324400555118006,2.6840530885437697,SPY:0.350;AMD:0.217;NFLX:0.217;NVDA:0.217
2006-03-28,0.4763097038984965,47.62367502735708,SPY:0.350;AMD:0.217;NVDA:0.217;AAPL:0.217
2006-04-04,0.47507379792437765,49.14245335266268,SPY:0.350;AMD:0.217;NFLX:0.217;NVDA:0.217
2006-04-11,0.022845385167864024,2.4022740126564415,SPY:0.350;AMD:0.217;NVDA:0.217;NFLX:0.217
2006-04-18,0.4446090145640057,46.66004651144757,SPY:0.350;AMD:0.217;NVDA:0.217;AAPL:0.217
2006-04-25,0.04047883409074862,4.1158362230270535,SPY:0.350;NVDA:0.217;AMD:0.217;AAPL:0.217
2006-05-02,0.4570827079896461,47.03706765391561,SPY:0.350;NVDA:0.217;AMD:0.217;NFLX:0.217
2006-05-09,0.03275822994023772,3.403473532633211,SPY:0.350;NVDA:0.217;AMD:0.217;NFLX:0.217
2006-05-16,0.4609003107340345,47.86438950093164,SPY:0.350;NVDA:0.217;AMD:0.217;AAPL:0.217
2006-05-23,0.46982207139006693,44.93932831002603,SPY:0.350;NVDA:0.217;NFLX:0.217;AAPL:0.217
2006-05-30,1.801017636618621,169.22134302373047,SPY:0.100;IEF:0.900
2006-06-06,0.002767022267326391,0.25878819530729025,SPY:0.100;IEF:0.900
2006-06-13,0.0035561629250356053,0.334231533494678,SPY:0.100;IEF:0.900
2006-06-20,0.0030293344472347855,0.28367410131681536,SPY:0.100;IEF:0.900
2006-06-27,0.003888162053154856,0.3631170495307089,SPY:0.100;IEF:0.900
2006-07-04,0.0005946412134843343,0.055253858050407306,SPY:0.100;IEF:0.900
2006-07-11,0.002700060816306721,0.252150425696507,SPY:0.100;IEF:0.900
2006-07-18,0.003049224223446681,0.2868444218267649,SPY:0.100;IEF:0.900
2006-07-25,0.0013370545197929073,0.12626306482218747,SPY:0.100;IEF:0.900
2006-08-01,0.001093642573460743,0.1036465445754572,SPY:0.100;IEF:0.900
2006-08-08,0.0008154750769701902,0.0777288223379417,SPY:0.100;IEF:0.900
2006-08-15,0.002162451023339687,0.20658207475221455,SPY:0.100;IEF:0.900
2006-08-22,0.003063359594898618,0.2944060139765144,SPY:0.100;IEF:0.900
2006-08-29,0.00046596940230997363,0.04490748405127538,SPY:0.100;IEF:0.900
2006-09-05,0.0004783081940180345,0.046305627763176274,SPY:0.100;IEF:0.900
2006-09-12,8.990811598372228e-06,0.0008693727385375176,SPY:0.100;IEF:0.900
2006-09-19,1.7993082501424245,174.7865294619731,SPY:0.350;NVDA:0.217;INTU:0.217;CSCO:0.217
2006-09-26,0.01531711841974473,1.5274440270584466,SPY:0.350;NVDA:0.217;INTU:0.217;CSCO:0.217
2006-10-03,1.8010047233918685,178.7521405087428,SPY:0.100;IEF:0.900
2006-10-10,1.800167512258646,179.2397047907797,SPY:0.350;NVDA:0.217;CSCO:0.217;INTU:0.217
2006-10-17,1.800987053941698,181.4116239520904,SPY:0.100;IEF:0.900
2006-10-24,1.7992955481968778,181.41646646717774,SPY:0.350;NVDA:0.217;CSCO:0.217;INTU:0.217
2006-10-31,0.01775139954178767,1.8001557620985036,SPY:0.350;NVDA:0.217;CSCO:0.217;INTU:0.217
2006-11-07,0.004092549157690889,0.41073328428254074,SPY:0.350;NVDA:0.217;CSCO:0.217;INTU:0.217
2006-11-14,0.0239731051122897,2.4779918946645805,SPY:0.350;NVDA:0.217;CSCO:0.217;INTU:0.217
2006-11-21,0.02021269301227649,2.136995730821099,SPY:0.350;NVDA:0.217;INTU:0.217;CSCO:0.217
2006-11-28,0.03307558555314563,3.4706724266504443,SPY:0.350;NVDA:0.217;CSCO:0.217;INTU:0.217
2006-12-05,0.006239555721555379,0.6555931393162832,SPY:0.350;NVDA:0.217;CSCO:0.217;INTU:0.217
2006-12-12,0.0076563941588098094,0.8042663579862334,SPY:0.350;NVDA:0.217;CSCO:0.217;INTU:0.217
2006-12-19,0.4369519862820558,45.78351270849275,SPY:0.350;NVDA:0.217;CSCO:0.217;GOOGL:0.217
2006-12-26,0.02061033850882074,2.177629387771804,SPY:0.350;NVDA:0.217;GOOGL:0.217;CSCO:0.217
2007-01-02,0.008516269629580492,0.8983041972622926,SPY:0.350;NVDA:0.217;CSCO:0.217;GOOGL:0.217
2007-01-09,0.013346395927922444,1.396717541708364,SPY:0.350;NVDA:0.217;CSCO:0.217;GOOGL:0.217
2007-01-16,0.45948587133474716,48.606881812437194,SPY:0.350;NVDA:0.217;GOOGL:0.217;AAPL:0.217
2007-01-23,0.013765269001437846,1.4562488142191325,SPY:0.350;NVDA:0.217;GOOGL:0.217;AAPL:0.217
2007-01-30,0.03686534721011195,3.7974810719570264,SPY:0.350;NVDA:0.217;GOOGL:0.217;AAPL:0.217
2007-02-06,0.45663329525428326,46.25654742720227,SPY:0.350;AAPL:0.217;NVDA:0.217;CSCO:0.217
2007-02-13,0.4752003489203447,50.342706473003595,SPY:0.350;AAPL:0.217;CSCO:0.217;GOOGL:0.217
2007-02-20,0.007529225175236159,0.7910216777526293,SPY:0.350;AAPL:0.217;CSCO:0.217;GOOGL:0.217
2007-02-27,0.016020711332866117,1.7080441670121314,SPY:0.350;AAPL:0.217;CSCO:0.217;GOOGL:0.217
2007-03-06,0.4388703353095781,44.60298248625073,SPY:0.350;AAPL:0.217;CSCO:0.217;LIN:0.217
2007-03-13,0.8736797263630381,88.58126039540089,SPY:0.350;CSCO:0.217;MSFT:0.217;GOOGL:0.217
2007-03-20,0.4346380409358993,43.76537116705434,SPY:0.350;CSCO:0.217;MSFT:0.217;AAPL:0.217
2007-03-27,0.43766773543516146,45.711448625261895,SPY:0.350;CSCO:0.217;AAPL:0.217;ADBE:0.217
2007-04-03,0.4416716448904769,45.07612421343402,SPY:0.350;ADBE:0.217;AAPL:0.217;NVDA:0.217
2007-04-10,0.4339915009801292,44.65618779889706,SPY:0.350;AAPL:0.217;ADBE:0.217;CSCO:0.217
2007-04-17,0.44001504619378556,44.84930442203908,SPY:0.350;AAPL:0.217;ADBE:0.217;NVDA:0.217
2007-04-24,0.018157199182827516,1.885247114563549,SPY:0.350;AAPL:0.217;NVDA:0.217;ADBE:0.217
2007-05-01,0.025265097238669487,2.7017038666919304,SPY:0.350;AAPL:0.217;NVDA:0.217;ADBE:0.217
2007-05-08,0.0212099224709624,2.276661794202074,SPY:0.350;AAPL:0.217;NVDA:0.217;ADBE:0.217
2007-05-15,0.01883490326526563,2.0629581109103587,SPY:0.350;AAPL:0.217;NVDA:0.217;ADBE:0.217
2007-05-22,0.015070563366866824,1.6786485967128568,SPY:0.350;AAPL:0.217;NVDA:0.217;ADBE:0.217
2007-05-29,0.01912529617722253,2.1614226730742194,SPY:0.350;AAPL:0.217;NVDA:0.217;ADBE:0.217
2007-06-05,0.4460679318984628,51.009591944915,SPY:0.350;AMZN:0.217;AAPL:0.217;NVDA:0.217
2007-06-12,0.025800946060321128,3.0296517969580594,SPY:0.350;AMZN:0.217;AAPL:0.217;NVDA:0.217
2007-06-19,0.4553736041325513,52.92793348692598,SPY:0.350;AMZN:0.217;AAPL:0.217;HON:0.217
2007-06-26,0.01680149643431203,1.9482214844022074,SPY:0.350;AMZN:0.217;AAPL:0.217;HON:0.217
2007-07-03,0.003865677010699481,0.44597930331467067,SPY:0.350;AMZN:0.217;AAPL:0.217;HON:0.217
2007-07-10,0.024810754617984265,2.957572140282385,SPY:0.350;AMZN:0.217;AAPL:0.217;HON:0.217
2007-07-17,0.009662284839054458,1.1594916523727503,SPY:0.350;AMZN:0.217;AAPL:0.217;HON:0.217
2007-07-24,0.009068278638847432,1.1205196124410246,SPY:0.350;AMZN:0.217;AAPL:0.217;HON:0.217
2007-07-31,0.060599023535174185,7.723326188461227,SPY:0.350;AMZN:0.217;AAPL:0.217;HON:0.217
2007-08-07,0.45773058073719564,55.35034263743853,SPY:0.350;AMZN:0.217;AAPL:0.217;NVDA:0.217
2007-08-14,0.010107848189236601,1.2324169159707514,SPY:0.350;AMZN:0.217;AAPL:0.217;NVDA:0.217
2007-08-21,1.8010745690472003,204.35854211276708,SPY:0.100;IEF:0.900
2007-08-28,1.7953186600109592,205.660657482985,SPY:0.350;AMZN:0.217;AAPL:0.217;HON:0.217
2007-09-04,1.800991654028973,207.74806560089874,SPY:0.100;IEF:0.900
2007-09-11,1.801194923179394,209.44603782639174,SPY:0.350;AMZN:0.217;AAPL:0.217;HON:0.217
2007-09-18,0.4472187753452747,52.57223579132754,SPY:0.350;AMZN:0.217;AAPL:0.217;NVDA:0.217
2007-09-25,0.005716030922690241,0.6924444611593754,SPY:0.350;AMZN:0.217;AAPL:0.217;NVDA:0.217
2007-10-02,0.4646923340023542,58.70597578387846,SPY:0.350;AMZN:0.217;AAPL:0.217;HON:0.217
2007-10-09,0.44349648728122226,56.620760277519985,SPY:0.350;AMZN:0.217;AAPL:0.217;NVDA:0.217
2007-10-16,0.011655615783083578,1.531427896965935,SPY:0.350;AMZN:0.217;AAPL:0.217;NVDA:0.217
2007-10-23,0.037943606734048396,5.03211889730559,SPY:0.350;AMZN:0.217;AAPL:0.217;NVDA:0.217
2007-10-30,0.03424884707983672,4.530929353662415,SPY:0.350;AMZN:0.217;AAPL:0.217;NVDA:0.217
2007-11-06,0.029318271818006753,3.870683311867055,SPY:0.350;AMZN:0.217;AAPL:0.217;NVDA:0.217
2007-11-13,0.018325855657726875,2.370641332214935,SPY:0.350;AMZN:0.217;AAPL:0.217;NVDA:0.217
2007-11-20,0.050565460001302076,6.089907158397958,SPY:0.350;AMZN:0.217;AAPL:0.217;NVDA:0.217
2007-11-27,1.8010248694941158,211.63636046696183,SPY:0.100;IEF:0.900
2007-12-04,0.007324115521778363,0.860939621576654,SPY:0.100;IEF:0.900
2007-12-11,0.0005903535969837004,0.06998061721019366,SPY:0.100;IEF:0.900
2007-12-18,1.7987191474616675,211.60954248145106,SPY:0.350;AMZN:0.217;AAPL:0.217;NVDA:0.217
2007-12-25,1.8010285259829097,205.70830487956172,SPY:0.100;IEF:0.900
2008-01-01,1.7924364230993155,202.03646206257233,SPY:0.350;AAPL:0.217;AMZN:0.217;NVDA:0.217
2008-01-08,1.8010275368004458,197.28122662979763,SPY:0.100;IEF:0.900
2008-01-15,0.006914625475543779,0.7587599884105865,SPY:0.100;IEF:0.900
2008-01-22,0.005885528586309571,0.6493426765297895,SPY:0.100;IEF:0.900
2008-01-29,0.006404698745290968,0.7133680478118569,SPY:0.100;IEF:0.900
2008-02-05,0.0028673055233945227,0.317320415514875,SPY:0.100;IEF:0.900
2008-02-12,0.003910737843940859,0.43534022370489434,SPY:0.100;IEF:0.900
2008-02-19,0.005774689773494934,0.6403823503076412,SPY:0.100;IEF:0.900
2008-02-26,0.0014783104752484483,0.16219615199857482,SPY:0.100;IEF:0.900
2008-03-04,0.002012371082081174,0.22229104704876307,SPY:0.100;IEF:0.900
2008-03-11,0.00776281958460831,0.8637896399614666,SPY:0.100;IEF:0.900
2008-03-18,0.006696694195158115,0.7567398308927393,SPY:0.100;IEF:0.900
2008-03-25,0.003520822074049884,0.4017809150636776,SPY:0.100;IEF:0.900
2008-04-01,0.006968093397514363,0.7892642306514499,SPY:0.100;IEF:0.900
2008-04-08,0.006141689050518803,0.6926635344723755,SPY:0.100;IEF:0.900
2008-04-15,0.0024077416711435484,0.2731049179580394,SPY:0.100;IEF:0.900
2008-04-22,0.003810135238444312,0.4272799225256498,SPY:0.100;IEF:0.900
2008-04-29,0.0017706687851213737,0.19807618773940855,SPY:0.100;IEF:0.900
2008-05-06,0.0011509243934777758,0.1285134612335034,SPY:0.100;IEF:0.900
2008-05-13,0.002725660841482777,0.3029941645787188,SPY:0.100;IEF:0.900
2008-05-20,0.002125571951886396,0.23589557311658663,SPY:0.100;IEF:0.900
2008-05-27,0.0028476307474938622,0.31767852815046177,SPY:0.100;IEF:0.900
2008-06-03,0.0023833716504450264,0.2623966229153997,SPY:0.100;IEF:0.900
2008-06-10,0.0027515198067609298,0.3043307113994492,SPY:0.100;IEF:0.900
2008-06-17,0.003801223140924112,0.4159081829168404,SPY:0.100;IEF:0.900
2008-06-24,0.000811516458760736,0.08863708671045203,SPY:0.100;IEF:0.900
2008-07-01,0.0030255170949166077,0.3310840739883615,SPY:0.100;IEF:0.900
2008-07-08,0.009603669519496219,1.0567893685728267,SPY:0.100;IEF:0.900
2008-07-15,0.004158631801037427,0.4621821723458344,SPY:0.100;IEF:0.900
2008-07-22,0.0004700000540633492,0.051765643438892124,SPY:0.100;IEF:0.900
2008-07-29,0.008130469831270262,0.8897300105880623,SPY:0.100;IEF:0.900
2008-08-05,0.0008543231589208666,0.09415407778433518,SPY:0.100;IEF:0.900
2008-08-12,2.117244270861962e-05,0.002340406020164424,SPY:0.100;IEF:0.900
2008-08-19,0.002068918402422154,0.2304439103578037,SPY:0.100;IEF:0.900
2008-08-26,0.0032918105479719656,0.36991888903318054,SPY:0.100;IEF:0.900
2008-09-02,0.0008734643434943762,0.09853322005990994,SPY:0.100;IEF:0.900
2008-09-09,0.001980042649957478,0.2242814006403165,SPY:0.100;IEF:0.900
2008-09-16,0.006729589414409917,0.7631477137989188,SPY:0.100;IEF:0.900
2008-09-23,0.01352849638435373,1.5508881312092433,SPY:0.100;IEF:0.900
2008-09-30,0.01009088272897335,1.1296412633514994,SPY:0.100;IEF:0.900
2008-10-07,0.005038497692491123,0.5646523558256114,SPY:0.100;IEF:0.900
2008-10-14,0.02982957197615345,3.3009423326237792,SPY:0.100;IEF:0.900
2008-10-21,0.009617802516060703,1.0321664215133288,SPY:0.100;IEF:0.900
2008-10-28,0.0033554365566777072,0.3687639940858043,SPY:0.100;IEF:0.900
2008-11-04,0.006695066333467253,0.7311217376087934,SPY:0.100;IEF:0.900
2008-11-11,0.0043294743971905025,0.47823375605146906,SPY:0.100;IEF:0.900
2008-11-18,0.020313061119919068,2.2281825030367717,SPY:0.100;IEF:0.900
2008-11-25,0.013419654127849276,1.4984526634293032,SPY:0.100;IEF:0.900
2008-12-02,0.011685306172971269,1.3457438352172613,SPY:0.100;IEF:0.900
2008-12-09,0.0072559922476750915,0.8510092599053694,SPY:0.100;IEF:0.900
2008-12-16,0.005848520758245046,0.6877373124024978,SPY:0.100;IEF:0.900
2008-12-23,0.004244773711033212,0.514951356099992,SPY:0.100;IEF:0.900
2008-12-30,0.007079838888814624,0.8549136188606287,SPY:0.100;IEF:0.900
2009-01-06,0.007807149604631025,0.9447974495128467,SPY:0.100;IEF:0.900
2009-01-13,0.003872618197472033,0.4619381337124188,SPY:0.100;IEF:0.900
2009-01-20,0.01593384266387403,1.9216709750310095,SPY:0.100;IEF:0.900
2009-01-27,0.0030339852260785893,0.3590684145804698,SPY:0.100;IEF:0.900
2009-02-03,0.008767225340855028,1.0335145310019278,SPY:0.100;IEF:0.900
2009-02-10,0.005049337894140027,0.5822784154886116,SPY:0.100;IEF:0.900
2009-02-17,0.002146496702874298,0.25102445214086916,SPY:0.100;IEF:0.900
2009-02-24,0.010092241169851635,1.1750206019489455,SPY:0.100;IEF:0.900
2009-03-03,0.002335365256669511,0.26759317862093807,SPY:0.100;IEF:0.900
2009-03-10,0.012151075597337621,1.383246631468109,SPY:0.100;IEF:0.900
2009-03-17,0.000990756987098343,0.11365194876437958,SPY:0.100;IEF:0.900
2009-03-24,0.01247561845460221,1.4822659189403282,SPY:0.100;IEF:0.900
2009-03-31,0.00736577688952926,0.8662628167892691,SPY:0.100;IEF:0.900
2009-04-07,0.0027284645519653483,0.3237635997614565,SPY:0.100;IEF:0.900
2009-04-14,0.005630958161495975,0.6616642989499915,SPY:0.100;IEF:0.900
2009-04-21,0.004795168132548169,0.5683952746831183,SPY:0.100;IEF:0.900
2009-04-28,0.0005528635774938173,0.06480847517954162,SPY:0.100;IEF:0.900
2009-05-05,0.007956493260105585,0.9272402221009775,SPY:0.100;IEF:0.900
2009-05-12,0.01043467854378044,1.2185574305296512,SPY:0.100;IEF:0.900
2009-05-19,0.007846345458924153,0.9178876519667643,SPY:0.100;IEF:0.900
2009-05-26,0.00490384097187066,0.5714872337390834,SPY:0.100;IEF:0.900
2009-06-02,0.004660621653848229,0.5258459584369602,SPY:0.100;IEF:0.900
2009-06-09,0.006208187106437266,0.7095169808377888,SPY:0.100;IEF:0.900
2009-06-16,0.00665380702276222,0.7418510192005292,SPY:0.100;IEF:0.900
2009-06-23,0.008843102859664317,1.0004037973059237,SPY:0.100;IEF:0.900
2009-06-30,0.0013136406097669223,0.14808646649671348,SPY:0.100;IEF:0.900
2009-07-07,0.0021080044457153224,0.24092277991476674,SPY:0.100;IEF:0.900
2009-07-14,0.011814557680611779,1.3677503638495299,SPY:0.100;IEF:0.900
2009-07-21,0.015059874564817333,1.718263563223708,SPY:0.100;IEF:0.900
2009-07-28,0.0029319923524528113,0.3377853576738511,SPY:0.100;IEF:0.900
2009-08-04,0.005717893649751768,0.6545043090990562,SPY:0.100;IEF:0.900
2009-08-11,0.006042269182102766,0.690324070133026,SPY:0.100;IEF:0.900
2009-08-18,1.801007323080864,206.56937483414097,SPY:0.350;NFLX:0.217;AAPL:0.217;NVDA:0.217
2009-08-25,0.4428590949426022,49.985799543588,SPY:0.350;NFLX:0.217;NVDA:0.217;AMZN:0.217
2009-09-01,0.4510403494745392,51.910984039206355,SPY:0.350;NFLX:0.217;NVDA:0.217;AAPL:0.217
2009-09-08,0.023683787751329732,2.6740708455944575,SPY:0.350;NFLX:0.217;NVDA:0.217;AAPL:0.217
2009-09-15,0.02724179263345125,3.2462935932606056,SPY:0.350;NFLX:0.217;NVDA:0.217;AAPL:0.217
2009-09-22,0.45839421090067023,56.99264179594368,SPY:0.350;NFLX:0.217;NVDA:0.217;AMZN:0.217
2009-09-29,0.022535356979300175,2.7688025534545897,SPY:0.350;AMZN:0.217;NFLX:0.217;NVDA:0.217
2009-10-06,0.44251915121837343,54.28829789645206,SPY:0.350;AMD:0.217;NVDA:0.217;NFLX:0.217
2009-10-13,0.4591251801784282,55.18829560013603,SPY:0.350;AMD:0.217;AMZN:0.217;NVDA:0.217
2009-10-20,0.46265339975760716,58.266266463963156,SPY:0.350;AMD:0.217;NVDA:0.217;AAPL:0.217
2009-10-27,0.46191149047810587,57.37328902082272,SPY:0.350;AMD:0.217;AAPL:0.217;AMZN:0.217
2009-11-03,0.12810508148797892,15.990781111801283,SPY:0.350;AMD:0.217;AAPL:0.217;AMZN:0.217
2009-11-10,0.017482668079797953,2.1485824741262913,SPY:0.350;AMD:0.217;AAPL:0.217;AMZN:0.217
2009-11-17,0.02999565652724831,3.997779573905047,SPY:0.350;AAPL:0.217;AMD:0.217;AMZN:0.217
2009-11-24,0.1137651394518504,16.53178441484054,SPY:0.350;AMD:0.217;AAPL:0.217;AMZN:0.217
2009-12-01,0.013435836205497348,1.9459736199998936,SPY:0.350;AMD:0.217;AMZN:0.217;AAPL:0.217
2009-12-08,0.029039735100460012,4.248979198284676,SPY:0.350;AMD:0.217;AMZN:0.217;AAPL:0.217
2009-12-15,0.07216244389714391,10.802084256333462,SPY:0.350;AMD:0.217;AAPL:0.217;AMZN:0.217
2009-12-22,0.022432432202492386,3.384002088007008,SPY:0.350;AMD:0.217;AMZN:0.217;AAPL:0.217
2009-12-29,0.02363077137068728,3.712025414746523,SPY:0.350;AMD:0.217;AMZN:0.217;AAPL:0.217
2010-01-05,0.01629873440301416,2.5840919870681773,SPY:0.350;AMD:0.217;AAPL:0.217;AMZN:0.217
2010-01-12,0.4376599189717536,68.89720243400936,SPY:0.350;AMD:0.217;ADBE:0.217;AAPL:0.217
2010-01-19,0.4468366114969563,69.2778301738091,SPY:0.350;AMD:0.217;AAPL:0.217;AMZN:0.217
2010-01-26,0.44160007020596415,67.52751130633798,SPY:0.350;AMD:0.217;AAPL:0.217;ADBE:0.217
2010-02-02,0.44490911119306686,64.40630067701234,SPY:0.350;AMD:0.217;AAPL:0.217;AMZN:0.217
2010-02-09,0.45046407442186825,63.5216887061969,SPY:0.350;AMD:0.217;AAPL:0.217;NVDA:0.217
2010-02-16,0.434694959322193,59.7597933981121,SPY:0.350;AMD:0.217;AAPL:0.217;AMZN:0.217
2010-02-23,0.015582581778180504,2.2014967751522323,SPY:0.350;AMD:0.217;AAPL:0.217;AMZN:0.217
2010-03-02,0.44377726434776427,63.113039721582346,SPY:0.350;AMD:0.217;AAPL:0.217;MSFT:0.217
2010-03-09,0.4391179260657123,63.72977518356996,SPY:0.350;AMD:0.217;AAPL:0.217;NVDA:0.217
2010-03-16,0.4525628649461879,69.05508868917033,SPY:0.350;AMD:0.217;AAPL:0.217;AMZN:0.217
2010-03-23,0.45078964604809546,70.50713903516174,SPY:0.350;AMD:0.217;NVDA:0.217;AAPL:0.217
2010-03-30,0.46155131171019403,71.16551454162544,SPY:0.350;AMD:0.217;NVDA:0.217;NFLX:0.217
2010-04-06,0.4389535535166958,68.1236188276828,SPY:0.350;AMD:0.217;NFLX:0.217;AAPL:0.217
2010-04-13,0.02152959819960462,3.4603546246181627,SPY:0.350;AMD:0.217;NFLX:0.217;AAPL:0.217
2010-04-20,0.024616615772765388,4.1125863360956325,SPY:0.350;AMD:0.217;NFLX:0.217;AAPL:0.217
2010-04-27,0.020929551886866626,3.51941640521079,SPY:0.350;AMD:0.217;NFLX:0.217;AAPL:0.217
2010-05-04,0.050257222505036836,8.654861015677328,SPY:0.350;AMD:0.217;NFLX:0.217;AAPL:0.217
2010-05-11,0.02925098777473495,4.852120864068938,SPY:0.350;AMD:0.217;NFLX:0.217;AAPL:0.217
2010-05-18,0.041838966549744644,7.295929821394262,SPY:0.350;AMD:0.217;NFLX:0.217;AAPL:0.217
2010-05-25,0.01961476443565338,3.193927063872052,SPY:0.350;AMD:0.217;NFLX:0.217;AAPL:0.217
2010-06-01,1.8010156807072026,288.73230213620974,SPY:0.100;IEF:0.900
2010-06-08,0.007041571234158106,1.1210219748040122,SPY:0.100;IEF:0.900
2010-06-15,0.009339734917534412,1.4992135398286888,SPY:0.100;IEF:0.900
2010-06-22,1.7902391123590247,287.8917132012321,SPY:0.350;NFLX:0.217;AMD:0.217;AAPL:0.217
2010-06-29,1.8010247888811475,282.2155697880997,SPY:0.100;IEF:0.900
2010-07-06,0.012280725699615455,1.9346491051558197,SPY:0.100;IEF:0.900
2010-07-13,0.005570858507519483,0.8777218094997291,SPY:0.100;IEF:0.900
2010-07-20,0.006608414034187882,1.0415120096554304,SPY:0.100;IEF:0.900
2010-07-27,0.006999595969705702,1.116268704256785,SPY:0.100;IEF:0.900
2010-08-03,0.007827879960918313,1.2435215690805015,SPY:0.100;IEF:0.900
2010-08-10,0.0024932276935855507,0.3987433937375893,SPY:0.100;IEF:0.900
2010-08-17,0.009652516167514585,1.5693186346965156,SPY:0.100;IEF:0.900
2010-08-24,0.00029125191473811096,0.047494874520007224,SPY:0.100;IEF:0.900
2010-08-31,0.00736197191295733,1.2026991952490487,SPY:0.100;IEF:0.900
2010-09-07,0.004671053928650845,0.7634109936214639,SPY:0.100;IEF:0.900
2010-09-14,0.004107130675459203,0.6695624676217579,SPY:0.100;IEF:0.900
2010-09-21,0.00517096815740227,0.841617196208057,SPY:0.100;IEF:0.900
2010-09-28,0.000774664552329038,0.12763292043937802,SPY:0.100;IEF:0.900
2010-10-05,0.0007500231562451581,0.1242510150205423,SPY:0.100;IEF:0.900
2010-10-12,0.0007286805827331766,0.12191614283329963,SPY:0.100;IEF:0.900
2010-10-19,1.7979813974224794,301.1760531925471,SPY:0.350;NFLX:0.217;INTU:0.217;AAPL:0.217
2010-10-26,0.01674628379181839,2.796180241961341,SPY:0.350;NFLX:0.217;INTU:0.217;AAPL:0.217
2010-11-02,0.05078546488188607,8.84869213177677,SPY:0.350;NFLX:0.217;INTU:0.217;AAPL:0.217
2010-11-09,0.017832837527267303,3.1123674655977984,SPY:0.350;NFLX:0.217;INTU:0.217;AAPL:0.217
2010-11-16,0.005074108269302602,0.9029967273155756,SPY:0.350;NFLX:0.217;INTU:0.217;AAPL:0.217
2010-11-23,0.01370784695681071,2.3387762185146075,SPY:0.350;NFLX:0.217;INTU:0.217;AAPL:0.217
2010-11-30,0.04508340099082345,7.970892232640185,SPY:0.350;NFLX:0.217;INTU:0.217;AAPL:0.217
2010-12-07,0.017494085427183725,3.152264328618953,SPY:0.350;NFLX:0.217;INTU:0.217;AAPL:0.217
2010-12-14,0.027372443339696406,4.950975233897565,SPY:0.350;NFLX:0.217;AAPL:0.217;INTU:0.217
2010-12-21,0.018967620163101245,3.401957025203545,SPY:0.350;NFLX:0.217;INTU:0.217;AAPL:0.217
2010-12-28,0.010858148071795054,2.0004953890277357,SPY:0.350;NFLX:0.217;INTU:0.217;AAPL:0.217
2011-01-04,0.4436522637538005,81.30439957698295,SPY:0.350;NFLX:0.217;AAPL:0.217;AVGO:0.217
2011-01-11,0.43748652489608064,80.55396910539902,SPY:0.350;NFLX:0.217;AAPL:0.217;INTU:0.217
2011-01-18,0.02603588085428049,4.844051151091578,SPY:0.350;NFLX:0.217;AAPL:0.217;INTU:0.217
2011-01-25,0.44470118521342317,82.87434138947148,SPY:0.350;NFLX:0.217;AAPL:0.217;AVGO:0.217
2011-02-01,0.4526554925023988,84.49539020777206,SPY:0.350;NFLX:0.217;AAPL:0.217;INTU:0.217
2011-02-08,0.04810030713449123,9.326894925862542,SPY:0.350;NFLX:0.217;AAPL:0.217;INTU:0.217
2011-02-15,0.4448465244847738,88.81103829495427,SPY:0.350;NFLX:0.217;AVGO:0.217;AAPL:0.217
2011-02-22,0.022179873339040118,4.572210900003975,SPY:0.350;NFLX:0.217;AVGO:0.217;AAPL:0.217
2011-03-01,0.4565360562837609,88.17586259960328,SPY:0.350;NFLX:0.217;NVDA:0.217;AAPL:0.217
2011-03-08,0.4633033799566778,88.199280784523,SPY:0.350;NFLX:0.217;QCOM:0.217;NVDA:0.217
2011-03-15,0.4450768327751813,81.85112067972872,SPY:0.350;NFLX:0.217;AVGO:0.217;QCOM:0.217
2011-03-22,0.05681833126821756,10.23359496677941,SPY:0.350;NFLX:0.217;AVGO:0.217;QCOM:0.217
2011-03-29,0.44308738911796175,83.44680974858326,SPY:0.350;NFLX:0.217;NVDA:0.217;AVGO:0.217
2011-04-05,0.007963654713109974,1.5412064690677223,SPY:0.350;NFLX:0.217;AVGO:0.217;NVDA:0.217
2011-04-12,0.43399863693075047,84.105883540555,SPY:0.350;NFLX:0.217;QCOM:0.217;AVGO:0.217
2011-04-19,0.4340170591916923,82.66996810153029,SPY:0.350;NFLX:0.217;NVDA:0.217;QCOM:0.217
2011-04-26,0.01459996018986437,2.8636435580589223,SPY:0.350;NFLX:0.217;QCOM:0.217;NVDA:0.217
2011-05-03,0.022910339042519823,4.579843902549452,SPY:0.350;NFLX:0.217;NVDA:0.217;QCOM:0.217
2011-05-10,0.4408252393246853,86.04682671555467,SPY:0.350;NFLX:0.217;AMZN:0.217;NVDA:0.217
2011-05-17,0.024422439722170675,4.90287884670246,SPY:0.350;NFLX:0.217;NVDA:0.217;AMZN:0.217
2011-05-24,0.4633766875215882,90.58082031310965,SPY:0.350;NFLX:0.217;NVDA:0.217;QCOM:0.217
2011-05-31,0.023057454057625215,4.58120241274037,SPY:0.350;NFLX:0.217;NVDA:0.217;QCOM:0.217
2011-06-07,0.44701758971527344,90.14408421017092,SPY:0.350;NFLX:0.217;NVDA:0.217;AMZN:0.217
2011-06-14,0.45479236655490596,88.3857676673423,SPY:0.350;NFLX:0.217;NVDA:0.217;AVGO:0.217
2011-06-21,0.014282133720813772,2.729121051634103,SPY:0.350;NFLX:0.217;NVDA:0.217;AVGO:0.217
2011-06-28,0.04226644715511435,8.089479556381079,SPY:0.350;NFLX:0.217;NVDA:0.217;AVGO:0.217
2011-07-05,0.022270460364468003,4.390510045580701,SPY:0.350;NFLX:0.217;NVDA:0.217;AVGO:0.217
2011-07-12,0.02568333843076659,5.250248379438264,SPY:0.350;NFLX:0.217;NVDA:0.217;AVGO:0.217
2011-07-19,0.0407209041305594,8.038562121840766,SPY:0.350;NFLX:0.217;AVGO:0.217;NVDA:0.217
2011-07-26,0.030666063089706957,5.960352453884675,SPY:0.350;NFLX:0.217;AVGO:0.217;NVDA:0.217
2011-08-02,0.454660481574618,85.529737500671,SPY:0.350;NFLX:0.217;AVGO:0.217;AMZN:0.217
2011-08-09,1.8010386291644442,326.0877258892624,SPY:0.100;IEF:0.900
2011-08-16,0.02586700171168496,4.7804108562267675,SPY:0.100;IEF:0.900
2011-08-23,0.011752871619625849,2.1862463932040144,SPY:0.100;IEF:0.900
2011-08-30,0.0005355148333681392,0.09855483506729029,SPY:0.100;IEF:0.900
2011-09-06,0.005174661504543529,0.9608609676980285,SPY:0.100;IEF:0.900
2011-09-13,0.005152438909172011,0.9665221681531416,SPY:0.100;IEF:0.900
2011-09-20,0.002147949212064293,0.4041813253230015,SPY:0.100;IEF:0.900
2011-09-27,0.004675927575206629,0.8848094636622519,SPY:0.100;IEF:0.900
2011-10-04,0.0005637557354636197,0.10561196516835067,SPY:0.100;IEF:0.900
2011-10-11,0.0022367354003183376,0.421111164297022,SPY:0.100;IEF:0.900
2011-10-18,0.014237796059928962,2.6408468193872308,SPY:0.100;IEF:0.900
2011-10-25,0.0005195933047546369,0.09692891064880081,SPY:0.100;IEF:0.900
2011-11-01,0.005288107024160313,0.9862237541426416,SPY:0.100;IEF:0.900
2011-11-08,0.0034294734993514098,0.6491244593035417,SPY:0.100;IEF:0.900
2011-11-15,1.8028730468915561,342.1636710986888,SPY:0.350;AMZN:0.217;AAPL:0.217;AVGO:0.217
2011-11-22,1.8010098389799443,337.991572183635,SPY:0.100;IEF:0.900
2011-11-29,0.012259883643445504,2.299166729553325,SPY:0.100;IEF:0.900
2011-12-06,0.015612540260262361,2.9122939776915886,SPY:0.100;IEF:0.900
2011-12-13,1.799493181575913,337.7931460658126,SPY:0.350;TSLA:0.217;AMZN:0.217;INTC:0.217
2011-12-20,1.8010945291954212,308.4495394721092,SPY:0.100;IEF:0.900
2011-12-27,0.005655909878576212,0.9654764682479422,SPY:0.100;IEF:0.900
2012-01-03,0.0002341661869446482,0.040137976366555826,SPY:0.100;IEF:0.900
2012-01-10,1.7959950824319009,307.2374014658787,SPY:0.350;TSLA:0.217;INTC:0.217;COST:0.217
2012-01-17,0.022546234429578066,3.8653219092730073,SPY:0.350;TSLA:0.217;INTC:0.217;COST:0.217
2012-01-24,0.024253444894171222,4.135856309188496,SPY:0.350;INTC:0.217;TSLA:0.217;COST:0.217
2012-01-31,0.44481165979718085,78.09843612432212,SPY:0.350;TSLA:0.217;INTC:0.217;AAPL:0.217
2012-02-07,0.45574581257679464,81.11437275520818,SPY:0.350;INTC:0.217;AAPL:0.217;COST:0.217
2012-02-14,0.4388863583738696,80.00051915438964,SPY:0.350;INTC:0.217;AAPL:0.217;CSCO:0.217
2012-02-21,0.44187286870647235,80.53425350428226,SPY:0.350;AAPL:0.217;INTC:0.217;MSFT:0.217
2012-02-28,0.4469322214375589,83.10172232932703,SPY:0.350;INTC:0.217;AAPL:0.217;CSCO:0.217
2012-03-06,0.44178621540877994,83.23324655402642,SPY:0.350;AAPL:0.217;INTC:0.217;MSFT:0.217
2012-03-13,0.008128321315490156,1.5198688940572167,SPY:0.350;AAPL:0.217;MSFT:0.217;INTC:0.217
2012-03-20,0.027115548880717044,5.302051762278673,SPY:0.350;AAPL:0.217;MSFT:0.217;INTC:0.217
2012-03-27,0.4470180278137974,87.74485605941712,SPY:0.350;AAPL:0.217;TSLA:0.217;MSFT:0.217
2012-04-03,0.022291930602493126,4.482000349559591,SPY:0.350;AAPL:0.217;MSFT:0.217;TSLA:0.217
2012-04-10,0.43771898007579146,86.05964139663052,SPY:0.350;AAPL:0.217;MSFT:0.217;INTC:0.217
2012-04-17,0.4455811967865999,86.42738419357093,SPY:0.350;AAPL:0.217;MSFT:0.217;CSCO:0.217
2012-04-24,0.014924695454573672,2.905437178053462,SPY:0.350;AAPL:0.217;CSCO:0.217;MSFT:0.217
2012-05-01,0.0139433761176323,2.723264042988096,SPY:0.350;AAPL:0.217;CSCO:0.217;MSFT:0.217
2012-05-08,0.44920868368906064,87.33846859417517,SPY:0.350;AAPL:0.217;CSCO:0.217;INTC:0.217
2012-05-15,0.013519163307999127,2.515689717577126,SPY:0.350;AAPL:0.217;INTC:0.217;CSCO:0.217
2012-05-22,0.029763883528004187,5.283913592204305,SPY:0.350;AAPL:0.217;INTC:0.217;CSCO:0.217
2012-05-29,0.01983510294962859,3.519690237560466,SPY:0.350;AAPL:0.217;CSCO:0.217;INTC:0.217
2012-06-05,0.4394111674624252,78.27607189415615,SPY:0.350;AAPL:0.217;INTC:0.217;INTU:0.217
2012-06-12,0.010270324582719731,1.8343164019618676,SPY:0.350;AAPL:0.217;INTC:0.217;INTU:0.217
2012-06-19,0.009174122557364384,1.6382179993604098,SPY:0.350;AAPL:0.217;INTC:0.217;INTU:0.217
2012-06-26,0.4403358907290074,81.31205910141249,SPY:0.350;AAPL:0.217;INTU:0.217;ADBE:0.217
2012-07-03,0.8681481457112692,157.2265060252866,SPY:0.350;AAPL:0.217;TSLA:0.217;INTC:0.217
2012-07-10,0.43741946757801164,80.80084303329917,SPY:0.350;AAPL:0.217;INTC:0.217;ADBE:0.217
2012-07-17,0.021544545425605577,3.8442271603345164,SPY:0.350;AAPL:0.217;INTC:0.217;ADBE:0.217
2012-07-24,0.4438781043882677,81.17082404471161,SPY:0.350;AAPL:0.217;TSLA:0.217;INTC:0.217
2012-07-31,0.45703714239690096,79.33435666381354,SPY:0.350;AAPL:0.217;ADBE:0.217;TSLA:0.217
2012-08-07,0.4339961765132434,75.59630940804502,SPY:0.350;AAPL:0.217;HON:0.217;ADBE:0.217
2012-08-14,0.4418574551852503,79.12335900995596,SPY:0.350;AAPL:0.217;TSLA:0.217;ADBE:0.217
2012-08-21,0.439281278203273,79.49269195719548,SPY:0.350;AAPL:0.217;COST:0.217;ADBE:0.217
2012-08-28,0.8769716889680109,161.6977290941381,SPY:0.350;AAPL:0.217;HON:0.217;PEP:0.217
2012-09-04,0.003051360676123799,0.5621348970526764,SPY:0.350;AAPL:0.217;PEP:0.217;HON:0.217
2012-09-11,0.868009748788036,158.3642702963505,SPY:0.350;AAPL:0.217;QCOM:0.217;MSFT:0.217
2012-09-18,0.4437855516284731,82.33273792011737,SPY:0.350;AAPL:0.217;PEP:0.217;MSFT:0.217
2012-09-25,0.44196490484946127,83.63941469027424,SPY:0.350;AAPL:0.217;ADBE:0.217;MSFT:0.217
2012-10-02,0.44538972583914077,81.92064726407673,SPY:0.350;AAPL:0.217;AMZN:0.217;MSFT:0.217
2012-10-09,0.4340843625884615,80.5825733089496,SPY:0.350;AAPL:0.217;AMZN:0.217;AVGO:0.217
2012-10-16,0.441387297055684,78.96657006737577,SPY:0.350;AAPL:0.217;AMZN:0.217;MSFT:0.217
2012-10-23,0.006123166124854751,1.1116905536112682,SPY:0.350;AAPL:0.217;AMZN:0.217;MSFT:0.217
2012-10-30,1.801053524953121,310.3755762404197,SPY:0.100;IEF:0.900
2012-11-06,0.000799697691704418,0.1384891765133291,SPY:0.100;IEF:0.900
2012-11-13,1.8039760962007416,313.46882716911443,SPY:0.350;AAPL:0.217;AMZN:0.217;COST:0.217
2012-11-20,1.8010329835481973,302.52733655294566,SPY:0.100;IEF:0.900
2012-11-27,0.0060234864077698125,1.006193042114124,SPY:0.100;IEF:0.900
2012-12-04,1.7992639370101189,302.26482835198817,SPY:0.350;AAPL:0.217;AMZN:0.217;COST:0.217
2012-12-11,0.03158852595662509,5.282119169672713,SPY:0.350;AAPL:0.217;AMZN:0.217;COST:0.217
2012-12-18,0.009603977773508715,1.6066713185893728,SPY:0.350;AMZN:0.217;AAPL:0.217;COST:0.217
2012-12-25,0.43399572352296073,72.91539637273674,SPY:0.350;AMZN:0.217;COST:0.217;PEP:0.217
2013-01-01,0.009492287346256484,1.570606358999526,SPY:0.350;AMZN:0.217;COST:0.217;PEP:0.217
2013-01-08,0.007901158359545274,1.3411249886235783,SPY:0.350;AMZN:0.217;COST:0.217;PEP:0.217
2013-01-15,0.4456437239120594,76.31880034005226,SPY:0.350;AMZN:0.217;COST:0.217;GOOGL:0.217
2013-01-22,0.012942326302176621,2.2128017636546224,SPY:0.350;AMZN:0.217;COST:0.217;GOOGL:0.217
2013-01-29,0.44487613749866395,77.13425878335985,SPY:0.350;AMZN:0.217;COST:0.217;ADBE:0.217
2013-02-05,1.8009955040459098,313.5618405617312,SPY:0.100;IEF:0.900
2013-02-12,1.8001711629238641,313.93874370142447,SPY:0.350;AMZN:0.217;COST:0.217;GOOGL:0.217
2013-02-19,0.4428865430505549,78.0292259648009,SPY:0.350;AMZN:0.217;COST:0.217;HON:0.217
2013-02-26,0.003222081123696652,0.5646520014804814,SPY:0.350;AMZN:0.217;COST:0.217;HON:0.217
2013-03-05,0.44001763198796395,77.05379857724064,SPY:0.350;NFLX:0.217;AMZN:0.217;COST:0.217
2013-03-12,0.4444218070839976,79.11812011807427,SPY:0.350;NFLX:0.217;GOOGL:0.217;COST:0.217
2013-03-19,0.01580374713194921,2.8534664310666384,SPY:0.350;NFLX:0.217;COST:0.217;GOOGL:0.217
2013-03-26,0.44961250395947716,80.1305296045615,SPY:0.350;NFLX:0.217;CSCO:0.217;GOOGL:0.217
2013-04-02,0.43957541389220894,78.15896648869268,SPY:0.350;NFLX:0.217;GOOGL:0.217;AMAT:0.217
2013-04-09,0.4693200345892272,81.01718363473931,SPY:0.350;NFLX:0.217;GOOGL:0.217;ADBE:0.217
2013-04-16,0.4551524488610923,78.83399852510072,SPY:0.350;NFLX:0.217;GOOGL:0.217;TSLA:0.217
2013-04-23,0.46813634982286684,82.10410290129848,SPY:0.350;NFLX:0.217;GOOGL:0.217;HON:0.217
2013-04-30,0.07823032081159956,14.872480324059142,SPY:0.350;NFLX:0.217;GOOGL:0.217;HON:0.217
2013-05-07,0.4383136440592902,82.67865174557491,SPY:0.350;NFLX:0.217;TSLA:0.217;GOOGL:0.217
2013-05-14,0.4555609627147732,88.5734338299442,SPY:0.350;NFLX:0.217;TSLA:0.217;ADBE:0.217
2013-05-21,0.14289815922370055,32.048603690496456,SPY:0.350;NFLX:0.217;TSLA:0.217;ADBE:0.217
2013-05-28,0.030843173097943877,6.801495566780444,SPY:0.350;NFLX:0.217;TSLA:0.217;ADBE:0.217
2013-06-04,0.07317791952222374,16.56176590422903,SPY:0.350;NFLX:0.217;TSLA:0.217;ADBE:0.217
2013-06-11,0.04086712320615202,9.127671585729217,SPY:0.350;NFLX:0.217;TSLA:0.217;ADBE:0.217
2013-06-18,0.45880860661665335,100.98622619020405,SPY:0.350;NFLX:0.217;TSLA:0.217;GOOGL:0.217
2013-06-25,0.4615800466503446,106.84352403637624,SPY:0.350;NFLX:0.217;TSLA:0.217;CSCO:0.217
2013-07-02,0.4618106039382094,104.23455902463407,SPY:0.350;TSLA:0.217;NFLX:0.217;HON:0.217
2013-07-09,0.4479727433499841,103.87077897491437,SPY:0.350;TSLA:0.217;NFLX:0.217;ADBE:0.217
2013-07-16,0.028408553974001383,6.901461386502982,SPY:0.350;NFLX:0.217;TSLA:0.217;ADBE:0.217
2013-07-23,0.4597466521917252,114.74000120323588,SPY:0.350;NFLX:0.217;TSLA:0.217;AMAT:0.217
2013-07-30,0.4669492738340906,113.53259057616891,SPY:0.350;NFLX:0.217;TSLA:0.217;ADBE:0.217
2013-08-06,0.0339701698740435,8.448892389517301,SPY:0.350;TSLA:0.217;NFLX:0.217;ADBE:0.217
2013-08-13,0.006521577073469953,1.6288901795054216,SPY:0.350;TSLA:0.217;NFLX:0.217;ADBE:0.217
2013-08-20,0.4475801913463492,113.70918671134328,SPY:0.350;TSLA:0.217;NFLX:0.217;AMAT:0.217
2013-08-27,0.4584671638295199,117.6635353624662,SPY:0.350;TSLA:0.217;NFLX:0.217;META:0.217
2013-09-03,0.03563394772388498,9.589475028907305,SPY:0.350;TSLA:0.217;NFLX:0.217;META:0.217
2013-09-10,0.007962220285892607,2.191710312778534,SPY:0.350;TSLA:0.217;NFLX:0.217;META:0.217
2013-09-17,0.03277607955354345,9.269082463740231,SPY:0.350;TSLA:0.217;NFLX:0.217;META:0.217
2013-09-24,0.009602037625850018,2.745442540224941,SPY:0.350;TSLA:0.217;NFLX:0.217;META:0.217
2013-10-01,0.48846335135056285,145.0857651320801,SPY:0.350;TSLA:0.217;NFLX:0.217;AMD:0.217
2013-10-08,0.028088150953907903,8.434491404719186,SPY:0.350;TSLA:0.217;NFLX:0.217;AMD:0.217
2013-10-15,0.03170797689772101,8.915089191775676,SPY:0.350;TSLA:0.217;NFLX:0.217;AMD:0.217
2013-10-22,0.029402223018628854,8.967218568193413,SPY:0.350;TSLA:0.217;NFLX:0.217;AMD:0.217
2013-10-29,0.45302376573894776,129.4709967645643,SPY:0.350;TSLA:0.217;NFLX:0.217;META:0.217
2013-11-05,0.023922340049045004,6.673402145723217,SPY:0.350;TSLA:0.217;NFLX:0.217;META:0.217
2013-11-12,0.02367662470067078,6.625726786290226,SPY:0.350;TSLA:0.217;NFLX:0.217;META:0.217
2013-11-19,0.02868488686341633,7.886349896030386,SPY:0.350;TSLA:0.217;NFLX:0.217;META:0.217
2013-11-26,0.046849010561107046,12.432262959801871,SPY:0.350;TSLA:0.217;NFLX:0.217;META:0.217
2013-12-03,0.02301549866161806,6.294277609214942,SPY:0.350;TSLA:0.217;NFLX:0.217;META:0.217
2013-12-10,0.039140990949711324,10.961653160009009,SPY:0.350;TSLA:0.217;NFLX:0.217;META:0.217
2013-12-17,0.009850122618935947,2.778397005575374,SPY:0.350;TSLA:0.217;NFLX:0.217;META:0.217
2013-12-24,0.03236355473014055,9.615099828221553,SPY:0.350;TSLA:0.217;NFLX:0.217;META:0.217
2013-12-31,0.016015890050918635,4.881585325210683,SPY:0.350;TSLA:0.217;NFLX:0.217;META:0.217
2014-01-07,0.017043213031693122,5.045036840974069,SPY:0.350;TSLA:0.217;NFLX:0.217;META:0.217
2014-01-14,0.027970683180129352,8.310737638311561,SPY:0.350;TSLA:0.217;META:0.217;NFLX:0.217
2014-01-21,0.03151969040772265,9.472781049639798,SPY:0.350;TSLA:0.217;META:0.217;NFLX:0.217
2014-01-28,0.028801589419881618,8.831018261564083,SPY:0.350;TSLA:0.217;META:0.217;NFLX:0.217
2014-02-04,0.08102133542334874,25.117594959497907,SPY:0.350;TSLA:0.217;META:0.217;NFLX:0.217
2014-02-11,0.05462345363270707,17.474147920037556,SPY:0.350;TSLA:0.217;META:0.217;NFLX:0.217
2014-02-18,0.0241949688604029,8.21045281238461,SPY:0.350;TSLA:0.217;META:0.217;NFLX:0.217
2014-02-25,0.018993817874285224,6.5211392910871435,SPY:0.350;TSLA:0.217;META:0.217;NFLX:0.217
2014-03-04,0.08905116326252122,33.149711258188354,SPY:0.350;TSLA:0.217;META:0.217;NFLX:0.217
2014-03-11,0.008658331226687466,3.270296657313284,SPY:0.350;TSLA:0.217;META:0.217;NFLX:0.217
2014-03-18,0.017837404399243695,6.598055684113892,SPY:0.350;TSLA:0.217;META:0.217;NFLX:0.217
2014-03-25,0.440955455610012,159.43484047322417,SPY:0.350;TSLA:0.217;META:0.217;AVGO:0.217
2014-04-01,0.048619994575263004,16.641030796415915,SPY:0.350;TSLA:0.217;META:0.217;AVGO:0.217
2014-04-08,0.44698116500721197,159.06240255469126,SPY:0.350;META:0.217;TSLA:0.217;NFLX:0.217
2014-04-15,0.01753207576344798,6.094094248209017,SPY:0.350;META:0.217;TSLA:0.217;NFLX:0.217
2014-04-22,0.02709626027099102,9.020382328628571,SPY:0.350;META:0.217;TSLA:0.217;NFLX:0.217
2014-04-29,0.45340223971932814,155.85285961726225,SPY:0.350;META:0.217;TSLA:0.217;AVGO:0.217
2014-05-06,0.011911837701307354,4.061249867899628,SPY:0.350;META:0.217;TSLA:0.217;AVGO:0.217
2014-05-13,0.02681189373229459,9.09560782860221,SPY:0.350;META:0.217;TSLA:0.217;AVGO:0.217
2014-05-20,0.024399989633058755,8.302989097782884,SPY:0.350;META:0.217;AVGO:0.217;TSLA:0.217
2014-05-27,0.016541721726015507,5.710328305367134,SPY:0.350;META:0.217;TSLA:0.217;AVGO:0.217
2014-06-03,0.016779171962030437,5.97813853160252,SPY:0.350;META:0.217;AVGO:0.217;TSLA:0.217
2014-06-10,0.01487536434645681,5.304821511169866,SPY:0.350;AVGO:0.217;META:0.217;TSLA:0.217
2014-06-17,0.44087894880222933,159.17749526332594,SPY:0.350;AVGO:0.217;META:0.217;NFLX:0.217
2014-06-24,0.014149275881660539,5.160463265541513,SPY:0.350;AVGO:0.217;META:0.217;NFLX:0.217
2014-07-01,0.009733341153084468,3.5698574520149338,SPY:0.350;AVGO:0.217;META:0.217;NFLX:0.217
2014-07-08,0.021497976416543357,8.033861735332385,SPY:0.350;AVGO:0.217;META:0.217;NFLX:0.217
2014-07-15,0.01787600625551447,6.571126753409065,SPY:0.350;AVGO:0.217;META:0.217;NFLX:0.217
2014-07-22,0.44505078827885164,165.14789181334973,SPY:0.350;AVGO:0.217;META:0.217;AMAT:0.217
2014-07-29,0.4359702120700223,162.3293429205285,SPY:0.350;AVGO:0.217;ADBE:0.217;META:0.217
2014-08-05,0.4557363204099455,169.2476897295755,SPY:0.350;AVGO:0.217;NFLX:0.217;META:0.217
2014-08-12,0.8730606674373591,318.32625010867844,SPY:0.350;AVGO:0.217;INTC:0.217;AAPL:0.217
2014-08-19,0.44145291777385043,164.83559601462363,SPY:0.350;AVGO:0.217;NFLX:0.217;INTC:0.217
2014-08-26,0.45118478352560765,173.98430979586252,SPY:0.350;AVGO:0.217;INTC:0.217;META:0.217
2014-09-02,0.004895413568038048,1.8927645771055346,SPY:0.350;AVGO:0.217;INTC:0.217;META:0.217
2014-09-09,0.4581411310838625,182.24596795515126,SPY:0.350;AVGO:0.217;TSLA:0.217;META:0.217
2014-09-16,0.01608456235137709,6.478719817775305,SPY:0.350;AVGO:0.217;TSLA:0.217;META:0.217
2014-09-23,0.022596742408482362,8.927567063761122,SPY:0.350;TSLA:0.217;AVGO:0.217;META:0.217
2014-09-30,0.01739582374253207,6.879779043391876,SPY:0.350;TSLA:0.217;AVGO:0.217;META:0.217
2014-10-07,0.008820007298516869,3.371762911584764,SPY:0.350;TSLA:0.217;AVGO:0.217;META:0.217
2014-10-14,0.025956336444473288,10.105138605040576,SPY:0.350;AVGO:0.217;TSLA:0.217;META:0.217
2014-10-21,1.8010905107055661,642.9770420481233,SPY:0.100;IEF:0.900
2014-10-28,1.7936337426032773,637.3864565210723,SPY:0.350;AVGO:0.217;TSLA:0.217;META:0.217
2014-11-04,0.433980146161567,157.11746530243545,SPY:0.350;AVGO:0.217;TSLA:0.217;INTC:0.217
2014-11-11,0.449520488201517,163.67081129617156,SPY:0.350;TSLA:0.217;AVGO:0.217;META:0.217
2014-11-18,0.44945554600740945,166.92016929052278,SPY:0.350;TSLA:0.217;AVGO:0.217;AAPL:0.217
2014-11-25,0.012756877968337743,4.798180304349851,SPY:0.350;AVGO:0.217;TSLA:0.217;AAPL:0.217
2014-12-02,0.017240023108648805,6.639628213983736,SPY:0.350;AVGO:0.217;AAPL:0.217;TSLA:0.217
2014-12-09,0.4371273481055187,165.18791820454578,SPY:0.350;AVGO:0.217;AAPL:0.217;INTC:0.217
2014-12-16,0.024223594677812432,9.042130603518203,SPY:0.350;AVGO:0.217;AAPL:0.217;INTC:0.217
2014-12-23,0.006372604563642997,2.3593350296360476,SPY:0.350;AVGO:0.217;AAPL:0.217;INTC:0.217
2014-12-30,0.006619023157141302,2.520384618486099,SPY:0.350;AVGO:0.217;INTC:0.217;AAPL:0.217
2015-01-06,0.007737084668340971,2.905271109939979,SPY:0.350;AVGO:0.217;AAPL:0.217;INTC:0.217
2015-01-13,0.0040068470982064786,1.4804285700631539,SPY:0.350;AVGO:0.217;INTC:0.217;AAPL:0.217
2015-01-20,0.016201089289417325,6.067127892935213,SPY:0.350;AVGO:0.217;INTC:0.217;AAPL:0.217
2015-01-27,0.006600547555742076,2.492382228257729,SPY:0.350;AVGO:0.217;INTC:0.217;AAPL:0.217
2015-02-03,0.030680676575982585,11.463382628678279,SPY:0.350;AVGO:0.217;AAPL:0.217;INTC:0.217
2015-02-10,0.012713621516490803,4.820594122957461,SPY:0.350;AVGO:0.217;AAPL:0.217;INTC:0.217
2015-02-17,0.015007135763655421,5.813363665836215,SPY:0.350;AVGO:0.217;AAPL:0.217;INTC:0.217
2015-02-24,0.00446014497060751,1.7638011371094688,SPY:0.350;AVGO:0.217;AAPL:0.217;INTC:0.217
2015-03-03,0.008860104518301853,3.5243813530700394,SPY:0.350;AVGO:0.217;AAPL:0.217;INTC:0.217
2015-03-10,0.47289755089755015,193.8548997230741,SPY:0.350;AVGO:0.217;AAPL:0.217;NFLX:0.217
2015-03-17,0.012908185593046267,5.068416571306373,SPY:0.350;AVGO:0.217;AAPL:0.217;NFLX:0.217
2015-03-24,0.43397696638172234,174.4173470769924,SPY:0.350;AVGO:0.217;AAPL:0.217;COST:0.217
2015-03-31,0.4502159982962397,176.4215842845831,SPY:0.350;AVGO:0.217;AAPL:0.217;META:0.217
2015-04-07,0.4343785368349789,170.1966678380757,SPY:0.350;AVGO:0.217;AAPL:0.217;COST:0.217
2015-04-14,0.0006545493304174754,0.2591385211673179,SPY:0.350;AVGO:0.217;AAPL:0.217;COST:0.217
2015-04-21,0.011801836930014076,4.674517545887561,SPY:0.350;AVGO:0.217;AAPL:0.217;COST:0.217
2015-04-28,0.009785095836407715,3.890746482106288,SPY:0.350;AVGO:0.217;AAPL:0.217;COST:0.217
2015-05-05,0.02812101844412604,10.939356678365701,SPY:0.350;AVGO:0.217;AAPL:0.217;COST:0.217
2015-05-12,0.009051092882626038,3.4845275537934506,SPY:0.350;AVGO:0.217;AAPL:0.217;COST:0.217
2015-05-19,0.01663561666651836,6.503585626902755,SPY:0.350;AVGO:0.217;AAPL:0.217;COST:0.217
2015-05-26,0.01504122707750355,6.013427631161813,SPY:0.350;AVGO:0.217;AAPL:0.217;COST:0.217
2015-06-02,0.4576420550430804,187.8526961125478,SPY:0.350;AVGO:0.217;AAPL:0.217;NFLX:0.217
2015-06-09,0.43710270948507113,178.53757433338308,SPY:0.350;AVGO:0.217;NFLX:0.217;AMZN:0.217
2015-06-16,0.0287621972843366,11.890332733291094,SPY:0.350;AVGO:0.217;NFLX:0.217;AMZN:0.217
2015-06-23,0.43938843113194587,180.11339541030284,SPY:0.350;AVGO:0.217;NFLX:0.217;AAPL:0.217
2015-06-30,0.008781902707797967,3.627296954054158,SPY:0.350;AVGO:0.217;NFLX:0.217;AAPL:0.217
2015-07-07,0.00991727276305071,4.006591278614204,SPY:0.350;AVGO:0.217;NFLX:0.217;AAPL:0.217
2015-07-14,0.4477384548271041,176.5177814221793,SPY:0.350;AVGO:0.217;NFLX:0.217;INTU:0.217
2015-07-21,0.4384858534418044,178.58611353150502,SPY:0.350;AVGO:0.217;NFLX:0.217;AMZN:0.217
2015-07-28,0.04796021198249717,20.30859614206941,SPY:0.350;AVGO:0.217;NFLX:0.217;AMZN:0.217
2015-08-04,0.03302724617199837,14.080042353023218,SPY:0.350;NFLX:0.217;AVGO:0.217;AMZN:0.217
2015-08-11,0.053129026685000774,23.3141496966836,SPY:0.350;NFLX:0.217;AVGO:0.217;AMZN:0.217
2015-08-18,0.011375540298775189,4.940153668089873,SPY:0.350;NFLX:0.217;AVGO:0.217;AMZN:0.217
2015-08-25,0.013752589448236902,5.956224439811291,SPY:0.350;NFLX:0.217;AVGO:0.217;AMZN:0.217
2015-09-01,1.8010717735145398,727.7962225299057,SPY:0.100;IEF:0.900
2015-09-08,0.0009342839933913077,0.377071582682274,SPY:0.100;IEF:0.900
2015-09-15,0.0008409313232288496,0.3397464693263042,SPY:0.100;IEF:0.900
2015-09-22,0.0062352805239623,2.510562309144594,SPY:0.100;IEF:0.900
2015-09-29,0.006968450685815544,2.8261004511998573,SPY:0.100;IEF:0.900
2015-10-06,0.0032909862510698273,1.3431941844192838,SPY:0.100;IEF:0.900
2015-10-13,0.007357602573501945,3.0139871835746423,SPY:0.100;IEF:0.900
2015-10-20,0.0014858732735025804,0.6128602070745376,SPY:0.100;IEF:0.900
2015-10-27,0.0031676867054013097,1.3026868224240025,SPY:0.100;IEF:0.900
2015-11-03,1.7938131257810204,737.1489924329135,SPY:0.350;NFLX:0.217;AMZN:0.217;AVGO:0.217
2015-11-10,0.4448165375356811,186.65221674135657,SPY:0.350;NFLX:0.217;AMZN:0.217;NVDA:0.217
2015-11-17,0.03896899030803172,16.73052546053261,SPY:0.350;NFLX:0.217;AMZN:0.217;NVDA:0.217
2015-11-24,0.02292104236492562,10.017632832855558,SPY:0.350;NFLX:0.217;AMZN:0.217;NVDA:0.217
2015-12-01,0.009984029066378047,4.4153512323457935,SPY:0.350;NFLX:0.217;AMZN:0.217;NVDA:0.217
2015-12-08,0.02087401063261829,9.386189639984732,SPY:0.350;AMZN:0.217;NFLX:0.217;NVDA:0.217
2015-12-15,0.009826444160678821,4.3499252832250095,SPY:0.350;AMZN:0.217;NFLX:0.217;NVDA:0.217
2015-12-22,1.800991576345818,804.0212295959607,SPY:0.100;IEF:0.900
2015-12-29,0.0012377797076602859,0.5531330021359916,SPY:0.100;IEF:0.900
2016-01-05,1.8005567305633896,802.4932602297765,SPY:0.350;AMZN:0.217;NFLX:0.217;NVDA:0.217
2016-01-12,1.8010418144470695,769.3819194292381,SPY:0.100;IEF:0.900
2016-01-19,0.010791143177880089,4.621243477511219,SPY:0.100;IEF:0.900
2016-01-26,0.004134868787234847,1.7776497762410146,SPY:0.100;IEF:0.900
2016-02-02,0.002384484203730039,1.0265813190613773,SPY:0.100;IEF:0.900
2016-02-09,0.0011611128712231272,0.5053769738771693,SPY:0.100;IEF:0.900
2016-02-16,0.008178191355094552,3.5943472501265465,SPY:0.100;IEF:0.900
2016-02-23,0.008950401937062591,3.919866327687119,SPY:0.100;IEF:0.900
2016-03-01,0.0007124839694046953,0.31366821730233047,SPY:0.100;IEF:0.900
2016-03-08,0.0072108033379547215,3.156039403761626,SPY:0.100;IEF:0.900
2016-03-15,0.0007731570766633805,0.33773560603324243,SPY:0.100;IEF:0.900
2016-03-22,1.7973145880970707,786.2205857669188,SPY:0.350;NVDA:0.217;GOOGL:0.217;META:0.217
2016-03-29,0.012514269335317435,5.52681446940201,SPY:0.350;NVDA:0.217;META:0.217;GOOGL:0.217
2016-04-05,0.4390846296551249,197.88631346327688,SPY:0.350;NVDA:0.217;META:0.217;AMZN:0.217
2016-04-12,0.0038652002270607444,1.7418374272417505,SPY:0.350;NVDA:0.217;META:0.217;AMZN:0.217
2016-04-19,0.43399318498466344,196.91873785758693,SPY:0.350;NVDA:0.217;GOOGL:0.217;AMZN:0.217
2016-04-26,0.44351933281829375,202.99785957169726,SPY:0.350;NVDA:0.217;GOOGL:0.217;META:0.217
2016-05-03,0.4565886839438243,205.1632851069447,SPY:0.350;NVDA:0.217;AMZN:0.217;GOOGL:0.217
2016-05-10,0.047039892684673235,21.084617059432208,SPY:0.350;NVDA:0.217;AMZN:0.217;GOOGL:0.217
2016-05-17,0.44955378911464633,207.58069602330778,SPY:0.350;NVDA:0.217;AMD:0.217;AMZN:0.217
2016-05-24,0.06592287162239552,31.881180777062777,SPY:0.350;NVDA:0.217;AMD:0.217;AMZN:0.217
2016-05-31,0.02239581544712227,11.260465918605126,SPY:0.350;AMD:0.217;NVDA:0.217;AMZN:0.217
2016-06-07,0.018764071998589288,9.67872505253049,SPY:0.350;AMD:0.217;NVDA:0.217;AMZN:0.217
2016-06-14,0.007634443659704587,3.9544781128054636,SPY:0.350;NVDA:0.217;AMD:0.217;AMZN:0.217
2016-06-21,0.014541076544693665,7.473829100734847,SPY:0.350;AMD:0.217;NVDA:0.217;AMZN:0.217
2016-06-28,0.4636452994883066,245.48955567971652,SPY:0.350;AMD:0.217;NVDA:0.217;AMAT:0.217
2016-07-05,0.01130647134306062,5.960100064136142,SPY:0.350;AMD:0.217;NVDA:0.217;AMAT:0.217
2016-07-12,0.011816620475672002,6.291116715819333,SPY:0.350;AMD:0.217;NVDA:0.217;AMAT:0.217
2016-07-19,0.03476360962142233,19.462182882830515,SPY:0.350;AMD:0.217;NVDA:0.217;AMAT:0.217
2016-07-26,0.01418488332164397,8.173723390542042,SPY:0.350;AMD:0.217;NVDA:0.217;AMAT:0.217
2016-08-02,0.0814424909579084,50.0374836751116,SPY:0.350;AMD:0.217;NVDA:0.217;AMAT:0.217
2016-08-09,0.0267158223436032,16.033464491187726,SPY:0.350;AMD:0.217;NVDA:0.217;AMAT:0.217
2016-08-16,0.01373944001690447,8.407202121027712,SPY:0.350;AMD:0.217;NVDA:0.217;AMAT:0.217
2016-08-23,0.014456395632633068,9.062963840823832,SPY:0.350;AMD:0.217;NVDA:0.217;AMAT:0.217
2016-08-30,0.046028106986615164,30.203467289598365,SPY:0.350;AMD:0.217;NVDA:0.217;AMAT:0.217
2016-09-06,0.003616287543702801,2.366475176745495,SPY:0.350;AMD:0.217;NVDA:0.217;AMAT:0.217
2016-09-13,0.028686485086080904,18.57919869602419,SPY:0.350;AMD:0.217;NVDA:0.217;AMAT:0.217
2016-09-20,0.03296950902996065,20.403041516424235,SPY:0.350;AMD:0.217;NVDA:0.217;AMAT:0.217
2016-09-27,0.015092610680064816,9.709469895365341,SPY:0.350;AMD:0.217;NVDA:0.217;AMAT:0.217
2016-10-04,0.022682556430144968,14.770295922247069,SPY:0.350;AMD:0.217;NVDA:0.217;AMAT:0.217
2016-10-11,0.012442186401319777,8.189348963077197,SPY:0.350;AMD:0.217;NVDA:0.217;AMAT:0.217
2016-10-18,0.010355084349434218,6.656190764960731,SPY:0.350;AMD:0.217;NVDA:0.217;AMAT:0.217
2016-10-25,0.008264563596925845,5.331264129803451,SPY:0.350;AMD:0.217;NVDA:0.217;AMAT:0.217
2016-11-01,0.03579887253027528,23.98009813305229,SPY:0.350;AMD:0.217;NVDA:0.217;AMAT:0.217
2016-11-08,0.02287383856755476,14.79304105239543,SPY:0.350;AMD:0.217;NVDA:0.217;AMAT:0.217
2016-11-15,0.005544632212304557,3.674504076539823,SPY:0.350;AMD:0.217;NVDA:0.217;AMAT:0.217
2016-11-22,0.08568874052865719,62.41335326521129,SPY:0.350;AMD:0.217;NVDA:0.217;AMAT:0.217
2016-11-29,0.04093944259136775,31.504001476684238,SPY:0.350;AMD:0.217;NVDA:0.217;AMAT:0.217
2016-12-06,0.009522084601891967,7.329426900594352,SPY:0.350;AMD:0.217;NVDA:0.217;AMAT:0.217
2016-12-13,0.01752522797624642,13.912831823542012,SPY:0.350;AMD:0.217;NVDA:0.217;AMAT:0.217
2016-12-20,0.033219608641930826,27.03499591632828,SPY:0.350;AMD:0.217;NVDA:0.217;AMAT:0.217
2016-12-27,0.03936788803927163,33.475927966916835,SPY:0.350;AMD:0.217;NVDA:0.217;AMAT:0.217
2017-01-03,0.010796987196608349,9.259121331232643,SPY:0.350;AMD:0.217;NVDA:0.217;AMAT:0.217
2017-01-10,0.01708221533070628,14.460590086255085,SPY:0.350;AMD:0.217;NVDA:0.217;AMAT:0.217
2017-01-17,0.014192991656469561,12.090499287131673,SPY:0.350;AMD:0.217;NVDA:0.217;AMAT:0.217
2017-01-24,0.03964503710223366,32.784031564603815,SPY:0.350;AMD:0.217;NVDA:0.217;AMAT:0.217
2017-01-31,0.014961631195004599,12.737921525310758,SPY:0.350;AMD:0.217;NVDA:0.217;AMAT:0.217
2017-02-07,0.05138965940607848,45.900546607097226,SPY:0.350;AMD:0.217;NVDA:0.217;AMAT:0.217
2017-02-14,0.034402383872397135,32.01349500758207,SPY:0.350;AMD:0.217;NVDA:0.217;AMAT:0.217
2017-02-21,0.03201152179025771,29.378524670889018,SPY:0.350;AMD:0.217;NVDA:0.217;AMAT:0.217
2017-02-28,0.020285817971973596,19.150559371248075,SPY:0.350;AMD:0.217;NVDA:0.217;AMAT:0.217
2017-03-07,0.03200108553019548,30.26783566622547,SPY:0.350;AMD:0.217;NVDA:0.217;AMAT:0.217
2017-03-14,0.03776680197392995,34.403440973033106,SPY:0.350;AMD:0.217;NVDA:0.217;AMAT:0.217
2017-03-21,0.016732247051332,15.773467092741564,SPY:0.350;AMD:0.217;NVDA:0.217;AMAT:0.217
2017-03-28,0.02030891783816166,19.291169575298547,SPY:0.350;AMD:0.217;NVDA:0.217;AMAT:0.217
2017-04-04,0.010390603545060662,9.817364111272099,SPY:0.350;AMD:0.217;NVDA:0.217;AMAT:0.217
2017-04-11,0.02546553030388482,23.787049737054538,SPY:0.350;AMD:0.217;NVDA:0.217;AMAT:0.217
2017-04-18,0.030274045378224007,27.371445052353547,SPY:0.350;AMD:0.217;NVDA:0.217;AMAT:0.217
2017-04-25,0.014993491140363996,13.74901006489136,SPY:0.350;AMD:0.217;NVDA:0.217;AMAT:0.217
2017-05-02,0.008993741730849186,8.53241548898689,SPY:0.350;AMD:0.217;NVDA:0.217;AMAT:0.217
2017-05-09,0.08238383674974975,74.73457928621212,SPY:0.350;AMD:0.217;NVDA:0.217;AMAT:0.217
2017-05-16,0.04568453898926164,43.62631399797564,SPY:0.350;AMD:0.217;NVDA:0.217;AMAT:0.217
2017-05-23,0.02761557775677681,26.720733710503982,SPY:0.350;AMD:0.217;NVDA:0.217;AMAT:0.217
2017-05-30,0.464625948547381,462.9496896226429,SPY:0.350;NVDA:0.217;AMD:0.217;NFLX:0.217
2017-06-06,0.4477269180004654,456.4499619161487,SPY:0.350;NVDA:0.217;NFLX:0.217;AMAT:0.217
2017-06-13,0.4436039547967472,461.26023209527114,SPY:0.350;NVDA:0.217;AMD:0.217;NFLX:0.217
2017-06-20,0.44541534755231893,452.0313757771163,SPY:0.350;NVDA:0.217;AMD:0.217;AMAT:0.217
2017-06-27,0.0575233118394288,61.26909666427813,SPY:0.350;NVDA:0.217;AMD:0.217;AMAT:0.217
2017-07-04,0.45633619977959405,473.39496076950223,SPY:0.350;NVDA:0.217;NFLX:0.217;AMD:0.217
2017-07-11,0.4564254156765247,462.74261474281025,SPY:0.350;NVDA:0.217;TSLA:0.217;NFLX:0.217
2017-07-18,0.4807485900758417,511.24297241345744,SPY:0.350;NVDA:0.217;TSLA:0.217;AMD:0.217
2017-07-25,0.02275828201717009,24.039908534892085,SPY:0.350;NVDA:0.217;AMD:0.217;TSLA:0.217
2017-08-01,0.03188167425047364,34.863317271419454,SPY:0.350;NVDA:0.217;AMD:0.217;TSLA:0.217
2017-08-08,0.033985337069778715,35.84426782057806,SPY:0.350;NVDA:0.217;AMD:0.217;TSLA:0.217
2017-08-15,0.04655367743039476,50.38614058044034,SPY:0.350;NVDA:0.217;AMD:0.217;TSLA:0.217
2017-08-22,0.44724550426659404,477.7697062645606,SPY:0.350;NVDA:0.217;AMD:0.217;NFLX:0.217
2017-08-29,0.4390439910635239,465.9904631514787,SPY:0.350;NVDA:0.217;AMD:0.217;TSLA:0.217
2017-09-05,0.004530722758599448,4.8334226140926315,SPY:0.350;NVDA:0.217;AMD:0.217;TSLA:0.217
2017-09-12,0.010365697514475386,11.051293953336746,SPY:0.350;NVDA:0.217;TSLA:0.217;AMD:0.217
2017-09-19,0.027224332704456372,29.415743165874495,SPY:0.350;NVDA:0.217;TSLA:0.217;AMD:0.217
2017-09-26,0.0452012514927472,51.41872802302581,SPY:0.350;NVDA:0.217;TSLA:0.217;AMD:0.217
2017-10-03,0.4563752829847154,494.8727953284872,SPY:0.350;TSLA:0.217;NVDA:0.217;NFLX:0.217
2017-10-10,0.01073432100056812,11.89844504092873,SPY:0.350;NVDA:0.217;TSLA:0.217;NFLX:0.217
2017-10-17,0.4590031704253016,522.3896624683968,SPY:0.350;TSLA:0.217;NVDA:0.217;ADBE:0.217
2017-10-24,0.43948483278910816,505.33188877539334,SPY:0.350;NVDA:0.217;TSLA:0.217;AMAT:0.217
2017-10-31,0.03055710971685152,34.229161373207695,SPY:0.350;NVDA:0.217;TSLA:0.217;AMAT:0.217
2017-11-07,0.022765847344069112,25.925000050250123,SPY:0.350;AMAT:0.217;NVDA:0.217;TSLA:0.217
2017-11-14,0.4340023172904084,493.0759986299568,SPY:0.350;NVDA:0.217;AMAT:0.217;ADBE:0.217
2017-11-21,0.43768872876173404,491.2097267957998,SPY:0.350;NVDA:0.217;AMAT:0.217;NFLX:0.217
2017-11-28,0.4404227516728823,505.15280979781596,SPY:0.350;NVDA:0.217;AMAT:0.217;ADBE:0.217
2017-12-05,0.04033558376747609,44.40515097807852,SPY:0.350;NVDA:0.217;AMAT:0.217;ADBE:0.217
2017-12-12,0.015150013122879419,16.359742938803066,SPY:0.350;NVDA:0.217;AMAT:0.217;ADBE:0.217
2017-12-19,0.012787027296818854,13.86605426638856,SPY:0.350;NVDA:0.217;ADBE:0.217;AMAT:0.217
2017-12-26,0.026562886052739904,29.44313836163131,SPY:0.350;NVDA:0.217;AMAT:0.217;ADBE:0.217
2018-01-02,0.011262587561836013,12.428791870768938,SPY:0.350;NVDA:0.217;ADBE:0.217;AMAT:0.217
2018-01-09,0.019612327125313883,22.457770372683587,SPY:0.350;NVDA:0.217;ADBE:0.217;AMAT:0.217
2018-01-16,0.019094658281669757,22.317558111316917,SPY:0.350;NVDA:0.217;ADBE:0.217;AMAT:0.217
2018-01-23,0.45718915243189034,553.2345051241168,SPY:0.350;NVDA:0.217;ADBE:0.217;AMZN:0.217
2018-01-30,0.018383012924164166,22.838633447213102,SPY:0.350;NVDA:0.217;AMZN:0.217;ADBE:0.217
2018-02-06,0.45395019290930394,577.91031988246,SPY:0.350;NVDA:0.217;NFLX:0.217;AMZN:0.217
2018-02-13,0.45209571051157665,550.954306581301,SPY:0.350;NVDA:0.217;NFLX:0.217;ADBE:0.217
2018-02-20,0.01614327577247282,20.080435979854098,SPY:0.350;NVDA:0.217;NFLX:0.217;ADBE:0.217
2018-02-27,0.019146989187321634,24.254816015690924,SPY:0.350;NVDA:0.217;NFLX:0.217;ADBE:0.217
2018-03-06,0.44904012928976755,579.169696195779,SPY:0.350;NVDA:0.217;NFLX:0.217;AMZN:0.217
2018-03-13,0.03128178188850028,41.4683814468713,SPY:0.350;NVDA:0.217;NFLX:0.217;AMZN:0.217
2018-03-20,0.011123389602373385,14.983363003373404,SPY:0.350;NVDA:0.217;NFLX:0.217;AMZN:0.217
2018-03-27,0.005604351614796138,7.476303117852353,SPY:0.350;NFLX:0.217;NVDA:0.217;AMZN:0.217
2018-04-03,0.03029975930735232,37.22022941403179,SPY:0.350;NFLX:0.217;NVDA:0.217;AMZN:0.217
2018-04-10,0.4339910167501777,537.9341116675096,SPY:0.350;NFLX:0.217;NVDA:0.217;ADBE:0.217
2018-04-17,0.017637225000171786,22.071482970765704,SPY:0.350;NFLX:0.217;NVDA:0.217;ADBE:0.217
2018-04-24,0.022322425081401337,29.269684062945572,SPY:0.350;NFLX:0.217;ADBE:0.217;NVDA:0.217
2018-05-01,0.4473004337361941,552.224836757194,SPY:0.350;NFLX:0.217;ADBE:0.217;INTC:0.217
2018-05-08,0.4437743325169393,554.5352296348539,SPY:0.350;NFLX:0.217;INTC:0.217;NVDA:0.217
2018-05-15,0.458191678388896,605.5944183305643,SPY:0.350;NFLX:0.217;NVDA:0.217;ADBE:0.217
2018-05-22,0.43469047934961136,569.5877613105678,SPY:0.350;NFLX:0.217;ADBE:0.217;INTC:0.217
2018-05-29,0.015603662769330312,20.859731033822904,SPY:0.350;NFLX:0.217;INTC:0.217;ADBE:0.217
2018-06-05,0.008954042425221492,12.084290550375265,SPY:0.350;NFLX:0.217;INTC:0.217;ADBE:0.217
2018-06-12,0.4395188957235005,608.407166361497,SPY:0.350;NFLX:0.217;AMZN:0.217;ADBE:0.217
2018-06-19,0.009783878291648423,13.690189847149254,SPY:0.350;NFLX:0.217;ADBE:0.217;AMZN:0.217
2018-06-26,0.0341054631867278,48.75355580065756,SPY:0.350;NFLX:0.217;AMZN:0.217;ADBE:0.217
2018-07-03,0.015312784564494336,20.905152783898018,SPY:0.350;NFLX:0.217;AMZN:0.217;ADBE:0.217
2018-07-10,0.004393087057992073,6.119711255414102,SPY:0.350;NFLX:0.217;AMZN:0.217;ADBE:0.217
2018-07-17,0.012953542113851219,18.52099349724528,SPY:0.350;NFLX:0.217;AMZN:0.217;ADBE:0.217
2018-07-24,0.046591895546426704,66.87096660266862,SPY:0.350;NFLX:0.217;AMZN:0.217;ADBE:0.217
2018-07-31,0.014957171891111815,21.506166094422973,SPY:0.350;NFLX:0.217;AMZN:0.217;ADBE:0.217
2018-08-07,0.021517077821458758,29.73868023185771,SPY:0.350;NFLX:0.217;AMZN:0.217;ADBE:0.217
2018-08-14,0.009396913854168465,13.344789495493153,SPY:0.350;NFLX:0.217;AMZN:0.217;ADBE:0.217
2018-08-21,0.017748103272213905,24.674258789094655,SPY:0.350;AMZN:0.217;NFLX:0.217;ADBE:0.217
2018-08-28,0.013118353466676558,18.681816680428508,SPY:0.350;AMZN:0.217;NFLX:0.217;ADBE:0.217
2018-09-04,0.016276831126331548,24.17317327522827,SPY:0.350;AMZN:0.217;NFLX:0.217;ADBE:0.217
2018-09-11,0.4536808546211898,654.2150671357371,SPY:0.350;AMD:0.217;NFLX:0.217;AMZN:0.217
2018-09-18,0.05066699551881529,76.3990606189575,SPY:0.350;AMD:0.217;NFLX:0.217;AMZN:0.217
2018-09-25,0.01638283784126937,24.383923027791056,SPY:0.350;AMD:0.217;NFLX:0.217;AMZN:0.217
2018-10-02,0.012892388472223182,19.54724625460029,SPY:0.350;AMD:0.217;NFLX:0.217;AMZN:0.217
2018-10-09,0.040476888345555434,59.772406297869324,SPY:0.350;AMD:0.217;NFLX:0.217;AMZN:0.217
2018-10-16,0.03671477119468608,49.13660043530901,SPY:0.350;AMD:0.217;NFLX:0.217;AMZN:0.217
2018-10-23,0.03909081376954007,55.34746076290821,SPY:0.350;AMD:0.217;NFLX:0.217;AMZN:0.217
2018-10-30,1.801126108193308,2264.505663374326,SPY:0.100;IEF:0.900
2018-11-06,0.004085667039763097,5.1273083682322635,SPY:0.100;IEF:0.900
2018-11-13,0.007849714550815387,9.842497262379656,SPY:0.100;IEF:0.900
2018-11-20,0.008406341761010627,10.579574597535943,SPY:0.100;IEF:0.900
2018-11-27,0.004315482706763754,5.444455484542185,SPY:0.100;IEF:0.900
2018-12-04,0.006341854122386789,8.034757045591327,SPY:0.100;IEF:0.900
2018-12-11,0.005559118356957091,7.11934447366374,SPY:0.100;IEF:0.900
2018-12-18,0.002613998762706099,3.336905928843807,SPY:0.100;IEF:0.900
2018-12-25,0.011570111613775427,14.83814830522037,SPY:0.100;IEF:0.900
2019-01-01,0.0021469306394353155,2.7428461597120353,SPY:0.100;IEF:0.900
2019-01-08,0.00041947278398658805,0.5434710511178344,SPY:0.100;IEF:0.900
2019-01-15,0.006492240591865067,8.40059312557807,SPY:0.100;IEF:0.900
2019-01-22,0.0020279824962506077,2.628051885836435,SPY:0.100;IEF:0.900
2019-01-29,0.002041398291422414,2.643086322907194,SPY:0.100;IEF:0.900
2019-02-05,0.001692048650974498,2.2067759508078417,SPY:0.100;IEF:0.900
2019-02-12,1.7974460434580575,2347.7203497942637,SPY:0.350;AMD:0.217;TSLA:0.217;INTU:0.217
2019-02-19,0.440261537721838,572.3489761565598,SPY:0.350;AMD:0.217;INTU:0.217;NFLX:0.217
2019-02-26,0.44378354084849825,592.1959065338236,SPY:0.350;AMD:0.217;INTU:0.217;MSFT:0.217
2019-03-05,0.46225576401837365,628.7530231061684,SPY:0.350;AMD:0.217;AVGO:0.217;INTU:0.217
2019-03-12,0.013528159303426074,18.119941366476898,SPY:0.350;AMD:0.217;INTU:0.217;AVGO:0.217
2019-03-19,0.4379634984437236,598.5001651266832,SPY:0.350;AMD:0.217;INTU:0.217;PEP:0.217
2019-03-26,0.029838948158796508,41.92710284223226,SPY:0.350;AMD:0.217;INTU:0.217;PEP:0.217
2019-04-02,0.4488569720500645,628.6799419495205,SPY:0.350;AMD:0.217;INTU:0.217;CSCO:0.217
2019-04-09,0.040618019520513304,60.640018017712755,SPY:0.350;AMD:0.217;INTU:0.217;CSCO:0.217
2019-04-16,0.02287987986433998,33.7412567670073,SPY:0.350;AMD:0.217;CSCO:0.217;INTU:0.217
2019-04-23,0.00856684132208066,12.611925875729751,SPY:0.350;AMD:0.217;CSCO:0.217;INTU:0.217
2019-04-30,0.011091261846034012,16.651421583471162,SPY:0.350;AMD:0.217;CSCO:0.217;INTU:0.217
2019-05-07,0.029333909737910863,42.51355091659586,SPY:0.350;AMD:0.217;CSCO:0.217;INTU:0.217
2019-05-14,0.4485916238658944,643.0637194972767,SPY:0.350;AMD:0.217;CSCO:0.217;AVGO:0.217
2019-05-21,0.44550174732831027,636.7703020763701,SPY:0.350;AMD:0.217;CSCO:0.217;QCOM:0.217
2019-05-28,0.5085894879355006,705.0081411101191,SPY:0.350;AMD:0.217;AVGO:0.217;QCOM:0.217
2019-06-04,0.023873535638033627,32.18955383227197,SPY:0.350;AMD:0.217;AVGO:0.217;QCOM:0.217
2019-06-11,0.012675497877906422,17.652379036067156,SPY:0.350;AMD:0.217;AVGO:0.217;QCOM:0.217
2019-06-18,0.021278187683102634,31.001322714143093,SPY:0.350;AMD:0.217;AVGO:0.217;QCOM:0.217
2019-06-25,0.45970611484698554,669.4191000711568,SPY:0.350;AMD:0.217;AVGO:0.217;CSCO:0.217
2019-07-02,0.446727090828817,651.2445723767437,SPY:0.350;AMD:0.217;AVGO:0.217;INTU:0.217
2019-07-09,0.8801245806550586,1325.530886753619,SPY:0.350;AVGO:0.217;LIN:0.217;PEP:0.217
2019-07-16,0.01186205000859153,17.68439725422555,SPY:0.350;AVGO:0.217;LIN:0.217;PEP:0.217
2019-07-23,0.441297144398346,661.0322236976881,SPY:0.350;LIN:0.217;AVGO:0.217;MSFT:0.217
2019-07-30,0.45300310632214047,696.4130584207998,SPY:0.350;LIN:0.217;CSCO:0.217;AVGO:0.217
2019-08-06,0.44953301041171645,667.5368941074521,SPY:0.350;LIN:0.217;AVGO:0.217;INTU:0.217
2019-08-13,0.8680346178681058,1245.416296446221,SPY:0.350;META:0.217;PEP:0.217;INTU:0.217
2019-08-20,0.44588653849157184,633.1584841331382,SPY:0.350;AMAT:0.217;INTU:0.217;META:0.217
2019-08-27,0.44092543003556706,640.5867586625571,SPY:0.350;AMAT:0.217;INTU:0.217;AVGO:0.217
2019-09-03,0.015045211974102801,21.572233030809766,SPY:0.350;AMAT:0.217;INTU:0.217;AVGO:0.217
2019-09-10,0.877676426648055,1298.8678977523266,SPY:0.350;AMD:0.217;AMAT:0.217;PDD:0.217
2019-09-17,0.02957105100608376,44.827816464717905,SPY:0.350;AMD:0.217;AMAT:0.217;PDD:0.217
2019-09-24,0.4589456236457722,691.8359828845057,SPY:0.350;PDD:0.217;AMD:0.217;QCOM:0.217
2019-10-01,0.4350563202693642,638.1313753175824,SPY:0.350;AMD:0.217;INTU:0.217;QCOM:0.217
2019-10-08,0.4373188044643954,619.2113575531716,SPY:0.350;PDD:0.217;AMD:0.217;INTU:0.217
2019-10-15,0.4460756390080751,633.3227825002015,SPY:0.350;PDD:0.217;AMAT:0.217;AMD:0.217
2019-10-22,0.024327285279193173,36.00936517463152,SPY:0.350;PDD:0.217;AMD:0.217;AMAT:0.217
2019-10-29,0.45322515416388726,679.3018866573016,SPY:0.350;AMAT:0.217;AMD:0.217;COST:0.217
2019-11-05,0.4507702794964546,701.8235043364364,SPY:0.350;AMD:0.217;AMAT:0.217;PDD:0.217
2019-11-12,0.030292970167140415,48.938936082834736,SPY:0.350;AMD:0.217;AMAT:0.217;PDD:0.217
2019-11-19,0.4349937031320482,708.3143184718817,SPY:0.350;AMAT:0.217;AAPL:0.217;AMD:0.217
2019-11-26,0.032699638056811864,54.890546589492104,SPY:0.350;AMD:0.217;AMAT:0.217;AAPL:0.217
2019-12-03,0.02304280926513841,38.51984293306632,SPY:0.350;AMD:0.217;AMAT:0.217;AAPL:0.217
2019-12-10,0.43698217565237574,718.7496754971478,SPY:0.350;AMD:0.217;QCOM:0.217;AAPL:0.217
2019-12-17,0.020876681510986567,35.1014812706199,SPY:0.350;QCOM:0.217;AMD:0.217;AAPL:0.217
2019-12-24,0.018082274088626005,31.344163657029465,SPY:0.350;AMD:0.217;QCOM:0.217;AAPL:0.217
2019-12-31,0.027593304722475426,49.57806137023254,SPY:0.350;AMD:0.217;QCOM:0.217;AAPL:0.217
2020-01-07,0.019025665116858215,34.93934922408426,SPY:0.350;AMD:0.217;QCOM:0.217;AAPL:0.217
2020-01-14,0.009546779527823651,17.462241450279997,SPY:0.350;AMD:0.217;QCOM:0.217;AAPL:0.217
2020-01-21,0.00488675840738792,9.076807659765157,SPY:0.350;AMD:0.217;QCOM:0.217;AAPL:0.217
2020-01-28,0.4469373975484673,853.9356722861012,SPY:0.350;AMD:0.217;TSLA:0.217;QCOM:0.217
2020-02-04,0.4554600020259107,845.3468996731185,SPY:0.350;AMD:0.217;TSLA:0.217;AAPL:0.217
2020-02-11,0.4785854427200803,952.5924847629185,SPY:0.350;TSLA:0.217;AMD:0.217;PDD:0.217
2020-02-18,0.02020497399774049,41.75607490029737,SPY:0.350;TSLA:0.217;AMD:0.217;PDD:0.217
2020-02-25,0.06429053363882106,141.5611261848513,SPY:0.350;TSLA:0.217;AMD:0.217;PDD:0.217
2020-03-03,0.4878760418925424,947.6728589976703,SPY:0.350;TSLA:0.217;AMD:0.217;AAPL:0.217
2020-03-10,1.800987344588592,3541.777896373007,SPY:0.100;IEF:0.900
2020-03-17,0.022316827612862383,43.25849218406118,SPY:0.100;IEF:0.900
2020-03-24,0.01968246422654532,37.01631560712151,SPY:0.100;IEF:0.900
2020-03-31,3.557238907780924e-05,0.06920853725692773,SPY:0.100;IEF:0.900
2020-04-07,0.003675013748570932,7.264945104047117,SPY:0.100;IEF:0.900
2020-04-14,0.021991613901818058,43.60347081439891,SPY:0.100;IEF:0.900
2020-04-21,0.0005944736562594755,1.191163387846686,SPY:0.100;IEF:0.900
2020-04-28,0.0007347406466551298,1.473907098184248,SPY:0.100;IEF:0.900
2020-05-05,0.009161612842670419,18.461829339296926,SPY:0.100;IEF:0.900
2020-05-12,0.004588161546795047,9.17359038975035,SPY:0.100;IEF:0.900
2020-05-19,0.0026332972051603676,5.285510848736784,SPY:0.100;IEF:0.900
2020-05-26,0.01016281563310839,20.468965999385194,SPY:0.100;IEF:0.900
2020-06-02,1.7971434081000968,3630.0602165740374,SPY:0.350;TSLA:0.217;PDD:0.217;NVDA:0.217
2020-06-09,0.03457249053117256,73.9833621100847,SPY:0.350;TSLA:0.217;PDD:0.217;NVDA:0.217
2020-06-16,0.03595555150781066,82.50050701493477,SPY:0.350;TSLA:0.217;PDD:0.217;NVDA:0.217
2020-06-23,0.05392601503106112,125.17612102497682,SPY:0.350;TSLA:0.217;PDD:0.217;NVDA:0.217
2020-06-30,0.01713128203258793,39.39359656780882,SPY:0.350;TSLA:0.217;PDD:0.217;NVDA:0.217
2020-07-07,0.04648796400698921,112.52309974874821,SPY:0.350;TSLA:0.217;PDD:0.217;NVDA:0.217
2020-07-14,0.053091679077844844,139.70116016619,SPY:0.350;TSLA:0.217;PDD:0.217;NVDA:0.217
2020-07-21,0.04825772047914437,129.34470709821196,SPY:0.350;TSLA:0.217;PDD:0.217;NVDA:0.217
2020-07-28,0.02509287938750343,67.58231863234451,SPY:0.350;TSLA:0.217;PDD:0.217;NVDA:0.217
2020-08-04,0.023336372308256303,62.521922681412185,SPY:0.350;TSLA:0.217;PDD:0.217;NVDA:0.217
2020-08-11,0.05091971374138832,144.22220339405257,SPY:0.350;TSLA:0.217;PDD:0.217;NVDA:0.217
2020-08-18,0.03368633644124447,95.63585822655908,SPY:0.350;TSLA:0.217;PDD:0.217;NVDA:0.217
2020-08-25,0.05510958648631731,167.75698462069076,SPY:0.350;TSLA:0.217;PDD:0.217;NVDA:0.217
2020-09-01,0.48465255032440613,1532.2923613697712,SPY:0.350;TSLA:0.217;PDD:0.217;AMD:0.217
2020-09-08,0.43574202391272593,1420.8558488800209,SPY:0.350;TSLA:0.217;AMD:0.217;NVDA:0.217
2020-09-15,0.044521301266218005,130.3899508256941,SPY:0.350;TSLA:0.217;NVDA:0.217;AMD:0.217
2020-09-22,0.07600360719974347,228.45809835793682,SPY:0.350;TSLA:0.217;NVDA:0.217;AMD:0.217
2020-09-29,0.47146789740956074,1335.2136466017853,SPY:0.350;TSLA:0.217;NVDA:0.217;PDD:0.217
2020-10-06,0.44795847813060097,1343.1963601804116,SPY:0.350;TSLA:0.217;NVDA:0.217;AMD:0.217
2020-10-13,0.45185659780174425,1386.4306817428749,SPY:0.350;TSLA:0.217;NVDA:0.217;PDD:0.217
2020-10-20,0.03663992340173969,118.06522692538726,SPY:0.350;TSLA:0.217;NVDA:0.217;PDD:0.217
2020-10-27,0.04564601388289033,145.26825492260872,SPY:0.350;TSLA:0.217;NVDA:0.217;PDD:0.217
2020-11-03,0.017075979526918278,52.17261216158631,SPY:0.350;TSLA:0.217;NVDA:0.217;PDD:0.217
2020-11-10,0.05170115668020367,172.9709722386555,SPY:0.350;TSLA:0.217;NVDA:0.217;PDD:0.217
2020-11-17,0.022424170032517093,75.60681696355996,SPY:0.350;TSLA:0.217;PDD:0.217;NVDA:0.217
2020-11-24,0.08107965546571208,294.3306981537553,SPY:0.350;TSLA:0.217;PDD:0.217;NVDA:0.217
2020-12-01,0.05457596628698813,207.58656205142526,SPY:0.350;TSLA:0.217;PDD:0.217;NVDA:0.217
2020-12-08,0.018388554297990356,71.3484451031592,SPY:0.350;TSLA:0.217;PDD:0.217;NVDA:0.217
2020-12-15,0.02955515148120133,115.72596892463012,SPY:0.350;PDD:0.217;TSLA:0.217;NVDA:0.217
2020-12-22,0.013141603189795764,52.06711185924173,SPY:0.350;PDD:0.217;TSLA:0.217;NVDA:0.217
2020-12-29,0.019404995022989258,76.53605119082455,SPY:0.350;PDD:0.217;TSLA:0.217;NVDA:0.217
2021-01-05,0.07784867256478095,332.52716801344656,SPY:0.350;PDD:0.217;TSLA:0.217;NVDA:0.217
2021-01-12,0.44681273113687214,1925.5091034488878,SPY:0.350;PDD:0.217;TSLA:0.217;QCOM:0.217
2021-01-19,0.4824197115952259,2137.1727805135492,SPY:0.350;TSLA:0.217;PDD:0.217;AMD:0.217
2021-01-26,0.43760879305092215,1945.1160537862743,SPY:0.350;TSLA:0.217;PDD:0.217;NVDA:0.217
2021-02-02,0.44250032514471344,1930.1231827245253,SPY:0.350;TSLA:0.217;PDD:0.217;QCOM:0.217
2021-02-09,0.04704135600486012,215.7291379621419,SPY:0.350;TSLA:0.217;PDD:0.217;QCOM:0.217
2021-02-16,0.4508860835738834,2025.7372852853232,SPY:0.350;TSLA:0.217;PDD:0.217;AMAT:0.217
2021-02-23,0.029240533500192872,134.46427590654085,SPY:0.350;TSLA:0.217;PDD:0.217;AMAT:0.217
2021-03-02,0.05882106554609018,263.12733534633065,SPY:0.350;TSLA:0.217;PDD:0.217;AMAT:0.217
2021-03-09,0.027180762689322346,114.16256629713202,SPY:0.350;TSLA:0.217;PDD:0.217;AMAT:0.217
2021-03-16,0.04759486654515491,196.0485617238534,SPY:0.350;TSLA:0.217;PDD:0.217;AMAT:0.217
2021-03-23,0.019847019220083972,84.50394147235815,SPY:0.350;TSLA:0.217;PDD:0.217;AMAT:0.217
2021-03-30,0.06631181052753624,264.23358979070156,SPY:0.350;TSLA:0.217;PDD:0.217;AMAT:0.217
2021-04-06,0.024939248952875026,105.35980165469853,SPY:0.350;TSLA:0.217;PDD:0.217;AMAT:0.217
2021-04-13,0.008859907229096048,38.38551353686164,SPY:0.350;TSLA:0.217;AMAT:0.217;PDD:0.217
2021-04-20,0.038747983972640426,169.19860960497593,SPY:0.350;TSLA:0.217;AMAT:0.217;PDD:0.217
2021-04-27,0.013933295574761917,60.99062863207304,SPY:0.350;TSLA:0.217;AMAT:0.217;PDD:0.217
2021-05-04,0.041111706855222974,181.89251344820443,SPY:0.350;TSLA:0.217;AMAT:0.217;PDD:0.217
2021-05-11,0.02244852064049427,95.88908233722542,SPY:0.350;TSLA:0.217;AMAT:0.217;PDD:0.217
2021-05-18,0.47831776191968617,1895.4828979936344,SPY:0.350;TSLA:0.217;AMAT:0.217;HON:0.217
2021-05-25,0.030108623232707077,121.16662316349723,SPY:0.350;TSLA:0.217;AMAT:0.217;HON:0.217
2021-06-01,0.4557581125474821,1930.8753893426294,SPY:0.350;AMAT:0.217;TSLA:0.217;PDD:0.217
2021-06-08,0.043922067099921164,191.25219264683082,SPY:0.350;TSLA:0.217;AMAT:0.217;PDD:0.217
2021-06-15,0.43451423665538425,1834.6628601266461,SPY:0.350;TSLA:0.217;AMAT:0.217;HON:0.217
2021-06-22,0.4340020618257874,1828.0940790650147,SPY:0.350;TSLA:0.217;AMAT:0.217;GOOGL:0.217
2021-06-29,0.02779209543705491,119.38728388243852,SPY:0.350;AMAT:0.217;TSLA:0.217;GOOGL:0.217
2021-07-06,0.4409763786874463,1938.1249163906245,SPY:0.350;AMAT:0.217;TSLA:0.217;PDD:0.217
2021-07-13,0.87117172408862,3651.3990456269207,SPY:0.350;AMAT:0.217;GOOGL:0.217;INTU:0.217
2021-07-20,0.43513747652252704,1833.0099134730829,SPY:0.350;AMAT:0.217;TSLA:0.217;GOOGL:0.217
2021-07-27,0.44114961310763146,1861.169426195277,SPY:0.350;AMAT:0.217;GOOGL:0.217;INTU:0.217
2021-08-03,0.019841262138498628,85.38523931182546,SPY:0.350;AMAT:0.217;GOOGL:0.217;INTU:0.217
2021-08-10,0.4510542174773505,1965.7515984414822,SPY:0.350;AMAT:0.217;GOOGL:0.217;TSLA:0.217
2021-08-17,0.0211167831103726,91.32154764506369,SPY:0.350;AMAT:0.217;GOOGL:0.217;TSLA:0.217
2021-08-24,0.4484760641434956,1895.393023076135,SPY:0.350;AMAT:0.217;GOOGL:0.217;INTU:0.217
2021-08-31,0.010176959354726123,44.59867433778071,SPY:0.350;AMAT:0.217;GOOGL:0.217;INTU:0.217
2021-09-07,0.43983073283173735,1948.715203078077,SPY:0.350;AMAT:0.217;GOOGL:0.217;TSLA:0.217
2021-09-14,0.010345402251192043,45.959625446590884,SPY:0.350;AMAT:0.217;TSLA:0.217;GOOGL:0.217
2021-09-21,0.4507354048495481,2025.989946392561,SPY:0.350;AMAT:0.217;TSLA:0.217;INTU:0.217
2021-09-28,0.4388197695877428,1939.7947097953172,SPY:0.350;AMAT:0.217;TSLA:0.217;NVDA:0.217
2021-10-05,0.4733788670065284,2042.0850531612846,SPY:0.350;NVDA:0.217;AMAT:0.217;INTU:0.217
2021-10-12,0.43753732949617147,1876.2825939526654,SPY:0.350;NVDA:0.217;AMAT:0.217;GOOGL:0.217
2021-10-19,0.005870902140284601,25.309612061850366,SPY:0.350;NVDA:0.217;GOOGL:0.217;AMAT:0.217
2021-10-26,0.44070843555475203,1980.243802658405,SPY:0.350;NVDA:0.217;GOOGL:0.217;INTU:0.217
2021-11-02,0.46985193502929845,2210.1640544100646,SPY:0.350;NVDA:0.217;GOOGL:0.217;AMAT:0.217
2021-11-09,0.032137309268456815,157.96417245495294,SPY:0.350;NVDA:0.217;GOOGL:0.217;AMAT:0.217
2021-11-16,0.039922600056187196,202.72104224281682,SPY:0.350;NVDA:0.217;GOOGL:0.217;AMAT:0.217
2021-11-23,0.444912769261553,2288.9668000719203,SPY:0.350;NVDA:0.217;GOOGL:0.217;INTU:0.217
2021-11-30,0.04732844055593377,253.18684642411097,SPY:0.350;NVDA:0.217;INTU:0.217;GOOGL:0.217
2021-12-07,0.003733547158764172,19.248504703970298,SPY:0.350;NVDA:0.217;INTU:0.217;GOOGL:0.217
2021-12-14,0.4493903068896692,2389.714527927376,SPY:0.350;NVDA:0.217;INTU:0.217;AMD:0.217
2021-12-21,0.022566725355735978,118.17486929945098,SPY:0.350;NVDA:0.217;INTU:0.217;AMD:0.217
2021-12-28,0.010657284113696708,54.8215592531183,SPY:0.350;NVDA:0.217;AMD:0.217;INTU:0.217
2022-01-04,0.003572489338939361,18.817793915953622,SPY:0.350;NVDA:0.217;AMD:0.217;INTU:0.217
2022-01-11,0.4533273245178948,2244.7628795033243,SPY:0.350;NVDA:0.217;AMD:0.217;COST:0.217
2022-01-18,0.01806627471391581,89.21830196815993,SPY:0.350;NVDA:0.217;AMD:0.217;COST:0.217
2022-01-25,0.01894323617035376,87.34795825967083,SPY:0.350;NVDA:0.217;AMD:0.217;COST:0.217
2022-02-01,1.8010715456607884,7750.18885824733,SPY:0.100;IEF:0.900
2022-02-08,1.7924477415074036,7794.650562189514,SPY:0.350;NVDA:0.217;AMD:0.217;TSLA:0.217
2022-02-15,1.8009644415209516,8108.792354628303,SPY:0.100;IEF:0.900
2022-02-22,0.003114200359070049,13.88278642512094,SPY:0.100;IEF:0.900
2022-03-01,0.010549969740037246,46.909184708672775,SPY:0.100;IEF:0.900
2022-03-08,0.005309184479831031,23.86472127983645,SPY:0.100;IEF:0.900
2022-03-15,0.003825698935534916,17.112170806987486,SPY:0.100;IEF:0.900
2022-03-22,0.007033017312646703,30.973345966687795,SPY:0.100;IEF:0.900
2022-03-29,0.005943922239335972,25.979135190702657,SPY:0.100;IEF:0.900
2022-04-05,0.0069012397400053105,30.135959709604936,SPY:0.100;IEF:0.900
2022-04-12,0.001091469101834941,4.665042664673451,SPY:0.100;IEF:0.900
2022-04-19,0.0003352577635490628,1.4250102984942332,SPY:0.100;IEF:0.900
2022-04-26,0.002523372991195358,10.625385943755237,SPY:0.100;IEF:0.900
2022-05-03,0.011588574988837627,48.60214026058352,SPY:0.100;IEF:0.900
2022-05-10,0.006296724374945731,26.325368244892914,SPY:0.100;IEF:0.900
2022-05-17,0.015542175949845777,64.49121062966476,SPY:0.100;IEF:0.900
2022-05-24,0.0007220224462969466,2.9999873365452028,SPY:0.100;IEF:0.900
2022-05-31,0.00022113739259856102,0.9307112654742004,SPY:0.100;IEF:0.900
2022-06-07,0.008334962257884784,34.71190579264772,SPY:0.100;IEF:0.900
2022-06-14,0.002115934885962123,8.754441877807723,SPY:0.100;IEF:0.900
2022-06-21,0.010237676949992183,41.166215860427485,SPY:0.100;IEF:0.900
2022-06-28,0.0040354745262639186,16.421428625430885,SPY:0.100;IEF:0.900
2022-07-05,0.0018141279010799455,7.432057674211692,SPY:0.100;IEF:0.900
2022-07-12,0.0010487301081277128,4.352089643459857,SPY:0.100;IEF:0.900
2022-07-19,0.00247676015764374,10.287068253134816,SPY:0.100;IEF:0.900
2022-07-26,0.00952999421496753,39.371593860637745,SPY:0.100;IEF:0.900
2022-08-02,0.0010413600082547075,4.393379277208221,SPY:0.100;IEF:0.900
2022-08-09,0.004845750966646897,20.627472859573242,SPY:0.100;IEF:0.900
2022-08-16,0.00350481782741692,14.858357550447186,SPY:0.100;IEF:0.900
2022-08-23,0.004209183684360934,17.75372638040186,SPY:0.100;IEF:0.900
2022-08-30,0.0025032151093459937,10.366703563839204,SPY:0.100;IEF:0.900
2022-09-06,0.007222668924108694,29.645190248589447,SPY:0.100;IEF:0.900
2022-09-13,0.002468469471816656,10.074009234934746,SPY:0.100;IEF:0.900
2022-09-20,0.0005640904175611139,2.2772644244835973,SPY:0.100;IEF:0.900
2022-09-27,0.005824046702731581,23.25613658749607,SPY:0.100;IEF:0.900
2022-10-04,0.0005487239527804388,2.1572017659275495,SPY:0.100;IEF:0.900
2022-10-11,0.0037152697296720244,14.593351875988047,SPY:0.100;IEF:0.900
2022-10-18,0.00802990257521527,31.07118367425919,SPY:0.100;IEF:0.900
2022-10-25,0.009120405307022586,34.88166406962825,SPY:0.100;IEF:0.900
2022-11-01,0.004561977727470828,17.684255402906793,SPY:0.100;IEF:0.900
2022-11-08,0.0025715332943140046,9.909209162035362,SPY:0.100;IEF:0.900
2022-11-15,0.00035538253397017494,1.3691665922422416,SPY:0.100;IEF:0.900
2022-11-22,0.004175507187661881,16.65576945375217,SPY:0.100;IEF:0.900
2022-11-29,0.003148205502495602,12.581201179419482,SPY:0.100;IEF:0.900
2022-12-06,0.0014734802796157603,5.92180626205401,SPY:0.100;IEF:0.900
2022-12-13,0.009479217962547137,38.56731268761517,SPY:0.100;IEF:0.900
2022-12-20,0.0033684317278605963,13.691674745442839,SPY:0.100;IEF:0.900
2022-12-27,0.002535194127810031,10.139275764530874,SPY:0.100;IEF:0.900
2023-01-03,0.0016921433081716342,6.656186837022013,SPY:0.100;IEF:0.900
2023-01-10,0.0004516022897508576,1.805820365231971,SPY:0.100;IEF:0.900
2023-01-17,0.002934532007849683,11.919000588642215,SPY:0.100;IEF:0.900
2023-01-24,0.004302505911214546,17.677399247530907,SPY:0.100;IEF:0.900
2023-01-31,0.004966157615196254,20.36024345208685,SPY:0.100;IEF:0.900
2023-02-07,0.003962189541332886,16.344321397033696,SPY:0.100;IEF:0.900
2023-02-14,0.003310989966818334,13.430697651185481,SPY:0.100;IEF:0.900
2023-02-21,0.004102883286847242,16.44058554798966,SPY:0.100;IEF:0.900
2023-02-28,0.005040547331993966,19.94722982197477,SPY:0.100;IEF:0.900
2023-03-07,1.8017113757625824,7087.206559162453,SPY:0.350;PDD:0.217;NFLX:0.217;HON:0.217
2023-03-14,0.44073282169891204,1749.0078597764204,SPY:0.350;PDD:0.217;NFLX:0.217;NVDA:0.217
2023-03-21,0.008728151509356935,34.00663653448525,SPY:0.350;PDD:0.217;NFLX:0.217;NVDA:0.217
2023-03-28,1.8010207180454278,6874.660990479109,SPY:0.100;IEF:0.900
2023-04-04,1.7951675812300216,6805.231754270208,SPY:0.350;PDD:0.217;NFLX:0.217;NVDA:0.217
2023-04-11,0.01320490708474839,50.47387243471333,SPY:0.350;PDD:0.217;NFLX:0.217;NVDA:0.217
2023-04-18,0.024410923013853753,90.8982479322783,SPY:0.350;NFLX:0.217;PDD:0.217;NVDA:0.217
2023-04-25,0.02403187401102816,91.43042900938593,SPY:0.350;NFLX:0.217;NVDA:0.217;PDD:0.217
2023-05-02,0.43513243185545536,1601.7186821930297,SPY:0.350;NFLX:0.217;NVDA:0.217;META:0.217
2023-05-09,0.039608515449943676,151.1931516358366,SPY:0.350;NFLX:0.217;NVDA:0.217;META:0.217
2023-05-16,0.43953790432751705,1711.1921662167433,SPY:0.350;NVDA:0.217;NFLX:0.217;AMAT:0.217
2023-05-23,0.46168897954432864,1857.918343986205,SPY:0.350;NFLX:0.217;NVDA:0.217;META:0.217
2023-05-30,0.4590687081062448,1885.472436964347,SPY:0.350;NFLX:0.217;NVDA:0.217;LIN:0.217
2023-06-06,0.4720199154111761,2083.1741924190874,SPY:0.350;NVDA:0.217;NFLX:0.217;META:0.217
2023-06-13,0.011747030007457276,52.17750478755082,SPY:0.350;NVDA:0.217;NFLX:0.217;META:0.217
2023-06-20,0.04386204809326258,208.66083553149178,SPY:0.350;NVDA:0.217;NFLX:0.217;META:0.217
2023-06-27,0.015422208148915234,73.23537892351052,SPY:0.350;NVDA:0.217;NFLX:0.217;META:0.217
2023-07-04,0.018200984309549306,86.17191586110766,SPY:0.350;NVDA:0.217;NFLX:0.217;META:0.217
2023-07-11,0.007683454293217373,37.34969667532711,SPY:0.350;NVDA:0.217;NFLX:0.217;META:0.217
2023-07-18,0.020100452141102676,99.7162832928112,SPY:0.350;NVDA:0.217;NFLX:0.217;META:0.217
2023-07-25,0.024951727636145143,129.22320584830013,SPY:0.350;NVDA:0.217;NFLX:0.217;META:0.217
2023-08-01,0.4390438180482388,2173.274065704083,SPY:0.350;NVDA:0.217;META:0.217;AVGO:0.217
2023-08-08,0.022212096795450664,110.07276500303509,SPY:0.350;NVDA:0.217;META:0.217;AVGO:0.217
2023-08-15,0.01327803844585329,63.94276434664765,SPY:0.350;NVDA:0.217;META:0.217;AVGO:0.217
2023-08-22,0.44528786514814367,2117.8923815475996,SPY:0.350;NVDA:0.217;META:0.217;NFLX:0.217
2023-08-29,0.4587067583893471,2240.0336171131503,SPY:0.350;NVDA:0.217;META:0.217;AVGO:0.217
2023-09-05,0.010595449008065055,52.79406665810577,SPY:0.350;NVDA:0.217;META:0.217;AVGO:0.217
2023-09-12,0.016106806353673314,79.02880190956967,SPY:0.350;NVDA:0.217;META:0.217;AVGO:0.217
2023-09-19,0.01772030684694212,86.28548380263024,SPY:0.350;META:0.217;NVDA:0.217;AVGO:0.217
2023-09-26,0.01904427635911443,90.05900687514558,SPY:0.350;NVDA:0.217;META:0.217;AVGO:0.217
2023-10-03,0.011738759818056166,54.74141128150889,SPY:0.350;NVDA:0.217;META:0.217;AVGO:0.217
2023-10-10,0.014744920725298122,69.7543127422796,SPY:0.350;NVDA:0.217;META:0.217;AVGO:0.217
2023-10-17,0.01653762090026109,82.33327019319661,SPY:0.350;NVDA:0.217;META:0.217;AVGO:0.217
2023-10-24,0.46574979337248307,2248.3239686138313,SPY:0.350;META:0.217;NVDA:0.217;TSLA:0.217
2023-10-31,0.035206166532265576,161.14885311403327,SPY:0.350;NVDA:0.217;META:0.217;TSLA:0.217
2023-11-07,1.8009909438851817,8318.762299424463,SPY:0.100;IEF:0.900
2023-11-14,1.7980705537227304,8455.735401807038,SPY:0.350;NVDA:0.217;META:0.217;TSLA:0.217
2023-11-21,0.018062039309984512,89.03804354844782,SPY:0.350;NVDA:0.217;META:0.217;TSLA:0.217
2023-11-28,0.018145227554391796,89.57274797697553,SPY:0.350;NVDA:0.217;META:0.217;TSLA:0.217
2023-12-05,0.45221299938772463,2233.216336223874,SPY:0.350;NVDA:0.217;META:0.217;ADBE:0.217
2023-12-12,0.02112314865016493,101.25190462429774,SPY:0.350;NVDA:0.217;META:0.217;ADBE:0.217
2023-12-19,0.44201635552925933,2217.598858671824,SPY:0.350;NVDA:0.217;META:0.217;AVGO:0.217
2023-12-26,0.016393541108691817,83.40237400237255,SPY:0.350;NVDA:0.217;META:0.217;AVGO:0.217
2024-01-02,0.43592563323027345,2263.1124752766195,SPY:0.350;NVDA:0.217;META:0.217;INTC:0.217
2024-01-09,0.43403922835870234,2167.505671066815,SPY:0.350;NVDA:0.217;META:0.217;ADBE:0.217
2024-01-16,0.4628830903349634,2450.347534711296,SPY:0.350;NVDA:0.217;META:0.217;INTC:0.217
2024-01-23,0.4382032279619672,2309.5382253656985,SPY:0.350;NVDA:0.217;META:0.217;AVGO:0.217
2024-01-30,0.03441407636089014,194.54124420264048,SPY:0.350;NVDA:0.217;AVGO:0.217;META:0.217
2024-02-06,0.4536486650092936,2527.658719829854,SPY:0.350;NVDA:0.217;PDD:0.217;AVGO:0.217
2024-02-13,0.4698105411006314,2770.3703188872214,SPY:0.350;NVDA:0.217;PDD:0.217;META:0.217
2024-02-20,0.4465499439278028,2682.8739439957194,SPY:0.350;NVDA:0.217;PDD:0.217;AVGO:0.217
2024-02-27,0.45973349561550614,2679.6247557989395,SPY:0.350;NVDA:0.217;AVGO:0.217;META:0.217
2024-03-05,0.46955189836581646,2893.2002437797532,SPY:0.350;NVDA:0.217;META:0.217;AMD:0.217
2024-03-12,0.48165789461051783,3205.7249780965826,SPY:0.350;NVDA:0.217;AVGO:0.217;AMD:0.217
2024-03-19,0.4547528923593224,2960.427685469743,SPY:0.350;NVDA:0.217;AVGO:0.217;META:0.217
2024-03-26,0.4412940860883393,2904.350364580716,SPY:0.350;NVDA:0.217;META:0.217;PDD:0.217
2024-04-02,0.03953710580642225,252.5877433308125,SPY:0.350;NVDA:0.217;PDD:0.217;META:0.217
2024-04-09,0.017208862392571134,110.52805066889603,SPY:0.350;NVDA:0.217;META:0.217;PDD:0.217
2024-04-16,0.44791517117310176,2870.1063864164857,SPY:0.350;NVDA:0.217;META:0.217;AVGO:0.217
2024-04-23,0.44120287754445264,2730.1083245004793,SPY:0.350;NVDA:0.217;META:0.217;PDD:0.217
2024-04-30,0.045008495473731785,283.6603025114723,SPY:0.350;NVDA:0.217;META:0.217;PDD:0.217
2024-05-07,0.0387691508024538,238.6044081054109,SPY:0.350;NVDA:0.217;PDD:0.217;META:0.217
2024-05-14,0.025674460018156264,169.56198386630115,SPY:0.350;NVDA:0.217;PDD:0.217;META:0.217
2024-05-21,0.008724685068969729,59.122353308320726,SPY:0.350;NVDA:0.217;PDD:0.217;META:0.217
2024-05-28,0.016230436927169356,110.36422076406883,SPY:0.350;NVDA:0.217;PDD:0.217;META:0.217
2024-06-04,0.06486761420414244,464.0977425438643,SPY:0.350;NVDA:0.217;PDD:0.217;META:0.217
2024-06-11,0.46606694659669734,3392.3756501123635,SPY:0.350;NVDA:0.217;PDD:0.217;COST:0.217
2024-06-18,0.44379811247783146,3310.6614545341345,SPY:0.350;NVDA:0.217;QCOM:0.217;PDD:0.217
2024-06-25,0.4353667846026174,3258.104789135795,SPY:0.350;NVDA:0.217;QCOM:0.217;AVGO:0.217
2024-07-02,0.45291143722561034,3243.997977064712,SPY:0.350;NVDA:0.217;QCOM:0.217;PDD:0.217
2024-07-09,0.43527760571002666,3156.3755307278707,SPY:0.350;NVDA:0.217;QCOM:0.217;AVGO:0.217
2024-07-16,0.011440823088939317,84.98392172864392,SPY:0.350;NVDA:0.217;AVGO:0.217;QCOM:0.217
2024-07-23,0.04739649445240224,327.1315782984808,SPY:0.350;NVDA:0.217;AVGO:0.217;QCOM:0.217
2024-07-30,0.00895417632965026,59.62841040388253,SPY:0.350;NVDA:0.217;AVGO:0.217;QCOM:0.217
2024-08-06,0.4389553933842565,2995.3226539200964,SPY:0.350;NVDA:0.217;AVGO:0.217;NFLX:0.217
2024-08-13,0.05802130291387397,359.0536541807241,SPY:0.350;NVDA:0.217;AVGO:0.217;NFLX:0.217
2024-08-20,0.05056439620798983,347.59748902863856,SPY:0.350;NVDA:0.217;AVGO:0.217;NFLX:0.217
2024-08-27,0.015005960835233284,108.5947630839446,SPY:0.350;NVDA:0.217;AVGO:0.217;NFLX:0.217
2024-09-03,0.4462101511569345,3163.1754282318357,SPY:0.350;NVDA:0.217;AVGO:0.217;COST:0.217
2024-09-10,0.48450154013058117,3285.036194911346,SPY:0.350;NVDA:0.217;AVGO:0.217;META:0.217
2024-09-17,0.030051722823088073,209.69226667686246,SPY:0.350;NVDA:0.217;AVGO:0.217;META:0.217
2024-09-24,0.019664409218783263,139.1037420945884,SPY:0.350;NVDA:0.217;AVGO:0.217;META:0.217
2024-10-01,0.4597564696324724,3439.2049571936163,SPY:0.350;NVDA:0.217;AVGO:0.217;COST:0.217
2024-10-08,0.44347452073611066,3243.031570026396,SPY:0.350;NVDA:0.217;AVGO:0.217;META:0.217
2024-10-15,0.0381893653941123,294.92719421374545,SPY:0.350;NVDA:0.217;AVGO:0.217;META:0.217
2024-10-22,0.025040155607721853,191.91415589999798,SPY:0.350;NVDA:0.217;META:0.217;AVGO:0.217
2024-10-29,0.014715689618807287,112.16883370950596,SPY:0.350;NVDA:0.217;META:0.217;AVGO:0.217
2024-11-05,0.015686748701602887,121.43653249525715,SPY:0.350;NVDA:0.217;META:0.217;AVGO:0.217
2024-11-12,0.01975409428189001,154.8716028519669,SPY:0.350;NVDA:0.217;META:0.217;AVGO:0.217
2024-11-19,0.01460868224088882,114.57869562773135,SPY:0.350;NVDA:0.217;AVGO:0.217;META:0.217
2024-11-26,0.4503210117372527,3451.328082667372,SPY:0.350;NVDA:0.217;NFLX:0.217;AVGO:0.217
2024-12-03,0.45839252407961395,3451.8276223405546,SPY:0.350;NVDA:0.217;NFLX:0.217;META:0.217
2024-12-10,0.45500799319777985,3583.3565292674634,SPY:0.350;NVDA:0.217;META:0.217;AVGO:0.217
2024-12-17,0.9009760080004138,7191.857829724976,SPY:0.350;NVDA:0.217;TSLA:0.217;NFLX:0.217
2024-12-24,0.030262602039074493,233.79961805137157,SPY:0.350;TSLA:0.217;NVDA:0.217;NFLX:0.217
2024-12-31,0.017249525872430727,139.13680766175054,SPY:0.350;TSLA:0.217;NVDA:0.217;NFLX:0.217
2025-01-07,0.049771434015295296,378.6612082578592,SPY:0.350;TSLA:0.217;NVDA:0.217;NFLX:0.217
2025-01-14,0.01316681949905582,101.35287576461076,SPY:0.350;TSLA:0.217;NVDA:0.217;NFLX:0.217
2025-01-21,0.45184680681392386,3504.579879292416,SPY:0.350;TSLA:0.217;AVGO:0.217;NFLX:0.217
2025-01-28,0.4756365635043152,3838.0635744448896,SPY:0.350;TSLA:0.217;AVGO:0.217;NVDA:0.217
2025-02-04,0.46319598412059904,3430.325595633021,SPY:0.350;TSLA:0.217;AVGO:0.217;AAPL:0.217
2025-02-11,0.4611190890289587,3468.412148411615,SPY:0.350;TSLA:0.217;AVGO:0.217;NFLX:0.217
2025-02-18,0.4752055670460972,3512.814561329226,SPY:0.350;TSLA:0.217;AVGO:0.217;NVDA:0.217
2025-02-25,0.033082926571018884,251.17330142082082,SPY:0.350;TSLA:0.217;AVGO:0.217;NVDA:0.217
2025-03-04,0.4876775899639616,3406.7982925199476,SPY:0.350;TSLA:0.217;NFLX:0.217;AVGO:0.217
2025-03-11,0.029969171059456262,201.5183659933468,SPY:0.350;TSLA:0.217;NFLX:0.217;AVGO:0.217
2025-03-18,1.8010539964422985,11489.921944190844,SPY:0.100;IEF:0.900
2025-03-25,0.0016394358569416928,10.51199022024191,SPY:0.100;IEF:0.900
2025-04-01,0.002058363058166285,13.136697346241009,SPY:0.100;IEF:0.900
2025-04-08,0.0035472773815556774,22.882878433000673,SPY:0.100;IEF:0.900
2025-04-15,0.0038208090007395418,24.419628612604903,SPY:0.100;IEF:0.900
2025-04-22,0.008151078792867403,52.03570022035231,SPY:0.100;IEF:0.900
2025-04-29,0.0045161691202890986,28.717435123269706,SPY:0.100;IEF:0.900
2025-05-06,0.0030654886911745532,19.884092816123587,SPY:0.100;IEF:0.900
2025-05-13,0.003551298539954964,22.903105883026154,SPY:0.100;IEF:0.900
2025-05-20,0.011816079291249532,75.34351486347487,SPY:0.100;IEF:0.900
2025-05-27,0.0011046395973769163,7.025611438086985,SPY:0.100;IEF:0.900
2025-06-03,5.426372323887041e-05,0.3479113162004826,SPY:0.100;IEF:0.900
2025-06-10,1.8003187105126237,11664.033798516773,SPY:0.350;NFLX:0.217;AVGO:0.217;META:0.217
2025-06-17,0.45015711022126054,2897.4237306801233,SPY:0.350;NFLX:0.217;AVGO:0.217;TSLA:0.217
2025-06-24,0.00355539611911998,22.73458940247221,SPY:0.350;NFLX:0.217;TSLA:0.217;AVGO:0.217
2025-07-01,0.014849111535617548,97.98278167816446,SPY:0.350;NFLX:0.217;TSLA:0.217;AVGO:0.217
2025-07-08,0.018149000722628456,120.4433962741377,SPY:0.350;NFLX:0.217;AVGO:0.217;TSLA:0.217
2025-07-15,0.02532960418310798,167.33003570134306,SPY:0.350;NFLX:0.217;AVGO:0.217;TSLA:0.217
2025-07-22,0.46492549469183664,3116.9876836419685,SPY:0.350;NFLX:0.217;AVGO:0.217;NVDA:0.217
2025-07-29,0.45719486203937953,3046.6103354591173,SPY:0.350;NFLX:0.217;AVGO:0.217;TSLA:0.217
2025-08-05,0.43906827934723797,2945.7035109040826,SPY:0.350;NFLX:0.217;AVGO:0.217;CSCO:0.217
2025-08-12,0.43977983369558726,2950.324327140252,SPY:0.350;NFLX:0.217;AVGO:0.217;NVDA:0.217
2025-08-19,0.4341886238557256,2968.396373252548,SPY:0.350;NFLX:0.217;AVGO:0.217;CSCO:0.217
2025-08-26,0.44883112185983687,2991.6566296599335,SPY:0.350;NFLX:0.217;AVGO:0.217;TSLA:0.217
2025-09-02,0.02099144333222816,144.1163245600553,SPY:0.350;AVGO:0.217;NFLX:0.217;TSLA:0.217
2025-09-09,0.4340092543906219,2952.3097867797064,SPY:0.350;AVGO:0.217;NFLX:0.217;META:0.217
2025-09-16,0.0659715224531352,475.98402920360553,SPY:0.350;AVGO:0.217;NFLX:0.217;META:0.217
2025-09-23,0.028721308807407336,205.86834100148454,SPY:0.350;AVGO:0.217;NFLX:0.217;META:0.217
2025-09-30,0.011336377623638316,80.4140114239433,SPY:0.350;AVGO:0.217;NFLX:0.217;META:0.217
2025-10-07,0.4381037140193726,3051.048225309208,SPY:0.350;AVGO:0.217;NFLX:0.217;GOOGL:0.217
2025-10-14,0.015845790598256415,112.31239609147514,SPY:0.350;AVGO:0.217;GOOGL:0.217;NFLX:0.217
2025-10-21,0.44450213089131096,3160.791946679938,SPY:0.350;AVGO:0.217;INTC:0.217;GOOGL:0.217
2025-10-28,0.4450083304852747,3143.648229270307,SPY:0.350;INTC:0.217;AVGO:0.217;AMD:0.217
2025-11-04,0.04339689681573339,336.3415521144801,SPY:0.350;INTC:0.217;AMD:0.217;AVGO:0.217
2025-11-11,0.025871501357244836,192.02914754472314,SPY:0.350;AMD:0.217;INTC:0.217;AVGO:0.217
2025-11-18,0.010189389320807485,75.63742367778977,SPY:0.350;INTC:0.217;AMD:0.217;AVGO:0.217
2025-11-25,0.044483157631985876,311.4937166374582,SPY:0.350;AMD:0.217;INTC:0.217;AVGO:0.217
2025-12-02,0.04037515523154528,293.14816576514295,SPY:0.350;AMD:0.217;INTC:0.217;AVGO:0.217
2025-12-09,0.06343271012964824,477.71673016291567,SPY:0.350;AMD:0.217;INTC:0.217;AVGO:0.217
2025-12-16,0.03606099784310174,274.1076400927303,SPY:0.350;INTC:0.217;AMD:0.217;AVGO:0.217
2025-12-23,0.44251973233423825,3020.72826246517,SPY:0.350;AMD:0.217;INTC:0.217;GOOGL:0.217
2025-12-30,0.441717978068881,3143.3979594798125,SPY:0.350;AMD:0.217;GOOGL:0.217;AVGO:0.217
2026-01-06,0.0041073385137813945,28.97086967176622,SPY:0.350;AMD:0.217;AVGO:0.217;GOOGL:0.217
2026-01-13,0.4493397595795312,3183.1116636399765,SPY:0.350;AMD:0.217;AVGO:0.217;INTC:0.217
2026-01-20,0.46215304814921,3413.9100483142565,SPY:0.350;AMD:0.217;INTC:0.217;TSLA:0.217
2026-01-27,0.4936136851300479,3804.2772324499874,SPY:0.350;AMD:0.217;TSLA:0.217;GOOGL:0.217
2026-02-03,0.43439597907728866,3389.1422159097265,SPY:0.350;AMD:0.217;AMAT:0.217;GOOGL:0.217
2026-02-10,0.08017924264213583,577.2432649438812,SPY:0.350;AMD:0.217;AMAT:0.217;GOOGL:0.217
2026-02-17,0.4512258849848818,3358.4704004407286,SPY:0.350;AMD:0.217;INTC:0.217;AMAT:0.217
2026-02-24,1.8010105880348024,13259.673595949615,SPY:0.100;IEF:0.900
2026-03-03,0.0011635067028136492,8.58933729863032,SPY:0.100;IEF:0.900
2026-03-10,0.0016267590319778424,11.967578000499866,SPY:0.100;IEF:0.900
2026-03-17,0.0008131025688066923,5.9290170071196036,SPY:0.100;IEF:0.900
2026-03-24,0.0035127611436309297,25.49802417571285,SPY:0.100;IEF:0.900
2026-03-31,3.335151784882029e-05,0.2410969174369611,SPY:0.100;IEF:0.900
2026-04-07,0.0004269576721494528,3.085624151875771,SPY:0.100;IEF:0.900
2026-04-14,0.004875402075788127,35.48635630380729,SPY:0.100;IEF:0.900
2026-04-21,1.7948830306697843,13125.303957642047,SPY:0.350;INTC:0.217;AMAT:0.217;GOOGL:0.217
2026-04-28,0.4374767727829372,3236.769449442338,SPY:0.350;INTC:0.217;AMAT:0.217;AMD:0.217
2026-05-05,0.5671137729364738,4660.118463060135,SPY:0.350;INTC:0.217;AMAT:0.217;GOOGL:0.217
2026-05-12,0.48278897832007683,4396.433010481335,SPY:0.350;INTC:0.217;AMAT:0.217;AMD:0.217
2026-05-19,0.02212833149328619,208.37611502017083,SPY:0.350;INTC:0.217;AMD:0.217;AMAT:0.217
2026-05-26,0.008718174795163014,81.54202846502146,SPY:0.350;INTC:0.217;AMD:0.217;AMAT:0.217
2026-06-02,0.029483644054680236,287.864838560654,SPY:0.350;INTC:0.217;AMD:0.217;AMAT:0.217
2026-06-09,0.06260601121122483,630.5668616848658,SPY:0.350;INTC:0.217;AMD:0.217;AMAT:0.217
2026-06-16,0.04825391340818619,455.8758208303118,SPY:0.350;INTC:0.217;AMD:0.217;AMAT:0.217
2026-06-23,0.053845827576791516,562.9570288925754,SPY:0.350;INTC:0.217;AMD:0.217;AMAT:0.217
2026-06-30,0.02958505460066449,314.79674280568105,SPY:0.350;INTC:0.217;AMAT:0.217;AMD:0.217
2026-07-07,0.036205961938121506,396.79074090040945,SPY:0.350;INTC:0.217;AMAT:0.217;AMD:0.217
2026-07-14,0.05833694504064546,597.7186266016505,SPY:0.350;INTC:0.217;AMAT:0.217;AMD:0.217
2026-07-21,0.027919861726126677,285.6132099006071,SPY:0.350;INTC:0.217;AMAT:0.217;AMD:0.217
2026-07-28,0.0212401459410346,216.35216038239383,SPY:0.350;INTC:0.217;AMD:0.217;AMAT:0.217
2026-08-04,0.10029845500709653,871.9390784822938,SPY:0.350;INTC:0.217;AMD:0.217;AMAT:0.217
2026-08-11,0.06366111077469136,633.8077886107917,SPY:0.350;AMD:0.217;INTC:0.217;AMAT:0.217
2026-08-18,0.008195148158246374,82.16062535105468,SPY:0.350;INTC:0.217;AMAT:0.217;AMD:0.217
2026-08-25,0.03713210266763822,354.7438577799131,SPY:0.350;INTC:0.217;AMAT:0.217;AMD:0.217
2026-09-01,0.024940191615724583,235.34882119674162,SPY:0.350;INTC:0.217;AMAT:0.217;AMD:0.217
2026-09-08,0.03782392254194558,347.8465332614951,SPY:0.350;INTC:0.217;AMAT:0.217;AMD:0.217
2026-09-15,0.06158240810541571,613.4398120009059,SPY:0.350;INTC:0.217;AMAT:0.217;AMD:0.217
2026-09-22,0.03512348827719461,334.89676635300094,SPY:0.350;INTC:0.217;AMD:0.217;AMAT:0.217
2026-09-29,0.06620517942958307,711.7880606103362,SPY:0.350;INTC:0.217;AMD:0.217;AMAT:0.217
2026-10-06,0.029519971155961444,320.33101945704834,SPY:0.350;INTC:0.217;AMD:0.217;AMAT:0.217
2026-10-13,0.02965545327571978,324.9769703616399,SPY:0.350;AMD:0.217;INTC:0.217;AMAT:0.217
