Date,Platinum_Equity,Benchmark_Equity
2007-12-04,10000.0,10000.0
2007-12-05,10000.0,10167.397392105273
2007-12-06,10000.0,10312.930550745023
2007-12-07,10000.0,10310.88087105265
2007-12-10,10000.0,10390.817641495016
2007-12-11,10000.0,10105.90478865361
2007-12-12,10000.0,10205.660538230104
2007-12-13,10000.0,10184.482235715968
2007-12-14,10000.0,10055.345039494872
2007-12-17,10000.0,9911.858610306843
2007-12-18,10000.0,9967.20733760253
2007-12-19,10000.0,9967.20733760253
2007-12-20,10000.0,10030.067377595993
2007-12-21,10000.0,10174.65055874608
2007-12-24,10000.0,10250.205484261352
2007-12-26,10000.0,10272.186989792759
2007-12-27,10000.0,10143.060119413942
2007-12-28,10000.0,10117.643058644295
2007-12-31,10000.0,10042.76963871943
2008-01-02,10058.623856243199,9954.854679996248
2008-01-03,10077.7219787077,9950.045050174744
2008-01-04,10046.53502692668,9706.202497437718
2008-01-07,10030.719242287223,9697.963212859275
2008-01-08,10077.91887871246,9541.354850815182
2008-01-09,10084.876986097286,9641.638693468227
2008-01-10,10135.314158494255,9704.829160414616
2008-01-11,10137.766344785305,9626.52756085314
2008-01-14,10174.629505336636,9704.139541662413
2008-01-15,10115.508982802883,9490.527367317352
2008-01-16,10075.903068945336,9408.792425198124
2008-01-17,10064.447546860396,9164.947659780608
2008-01-18,10097.580454998308,9070.84752153233
2008-01-22,10112.026601273607,8978.808126378868
2008-01-23,10103.4637232429,9194.481043818743
2008-01-24,10176.364932266777,9272.104088030459
2008-01-25,10174.28034259381,9138.16021222851
2008-01-28,10214.973465715184,9289.272275939546
2008-01-29,10204.60472152979,9335.290129615873
2008-01-30,10233.069076272228,9266.60410189659
2008-01-31,10225.912178478608,9435.57470982908
2008-02-01,10178.03154465191,9587.371229371176
2008-02-04,10161.352593232301,9466.48585625129
2008-02-05,10108.528646739876,9213.029206792395
2008-02-06,10134.889067641278,9138.848355860384
2008-02-07,10163.176475437996,9199.291411200407
2008-02-08,10200.561377351667,9140.224643124135
2008-02-11,10214.190169689176,9186.929902872173
2008-02-12,10157.224825693538,9272.104088030455
2008-02-13,10176.333147361567,9366.889419669958
2008-02-14,10175.30375933789,9284.467071479017
2008-02-15,10158.796710384195,9282.401903023227
2008-02-19,10223.18698507838,9308.50194450361
2008-02-20,10271.77232437372,9335.97974836807
2008-02-21,10269.158566117298,9258.358916836843
2008-02-22,10274.255813374464,9315.373792540253
2008-02-25,10259.55054377933,9432.830986023526
2008-02-26,10289.641975213448,9503.579231957947
2008-02-27,10322.552736526972,9493.959972314939
2008-02-28,10350.920465656762,9401.231695969436
2008-02-29,10342.670078554664,9191.73436977254
2008-03-03,10368.370903395458,9169.754339361458
2008-03-04,10319.87051007244,9134.727607230918
2008-03-05,10392.89228170478,9192.424726084904
2008-03-06,10353.516782264283,9002.157806012234
2008-03-07,10339.203422686087,8909.43174234722
2008-03-10,10327.24532595765,8791.976761544436
2008-03-11,10346.887283253825,9107.937209438172
2008-03-12,10376.791926821381,9022.765974520538
2008-03-13,10415.72010485696,9042.686736957132
2008-03-14,10418.249652624003,8902.562844551227
2008-03-17,10425.881721663964,8812.583454932415
2008-03-18,10384.86784756538,9178.686192932753
2008-03-19,10284.961258377534,8951.33179763473
2008-03-20,10213.98647370273,9117.13237198758
2008-03-24,10226.553833673275,9299.367261887548
2008-03-25,10300.37708999181,9308.346319309263
2008-03-26,10328.959445513983,9194.444903370766
2008-03-27,10311.023082963806,9165.454363612438
2008-03-28,10267.079966589796,9077.790912904764
2008-03-31,10230.489758992351,9109.54287791255
2008-04-01,10156.388695841637,9429.829853721165
2008-04-02,10221.756011987552,9436.040847851957
2008-04-03,10228.2835422764,9459.510749791858
2008-04-04,10255.168347202683,9449.156880226717
2008-04-07,10277.04772637273,9453.991587093755
2008-04-08,10253.474278398968,9444.324386040165
2008-04-09,10301.518199351456,9375.98722427788
2008-04-10,10298.97743278721,9389.101781532316
2008-04-11,10271.219022920794,9206.872054553487
2008-04-14,10263.877398189561,9175.808233177577
2008-04-15,10276.488559186935,9197.207066180386
2008-04-16,10337.080144200214,9446.394717417099
2008-04-17,10316.956726448228,9460.194468062758
2008-04-18,10279.525367899076,9558.91320805038
2008-04-21,10274.13346493561,9563.739064195466
2008-04-22,10268.534760448862,9521.63322962254
2008-04-23,10245.799471022961,9506.448340991174
2008-04-24,10195.568289738701,9547.86529437206
2008-04-25,10191.998469562468,9636.220576512427
2008-04-28,10205.047858853886,9638.28943276903
2008-04-29,10158.991443114228,9600.327948750779
2008-04-30,10179.672570479781,9543.723156497874
2008-05-01,10157.798246280105,9741.143672589373
2008-05-02,10179.578085809946,9768.061668290282
2008-05-05,10220.148748265929,9721.124077090966
2008-05-06,10244.531789183826,9805.340171597796
2008-05-07,10192.847848204363,9630.694038212696
2008-05-08,10238.784048934755,9605.846373888719
2008-05-09,10240.792969207734,9587.897847327406
2008-05-12,10258.29453723169,9695.583843774137
2008-05-13,10215.316967207453,9696.962343718376
2008-05-14,10203.873284444015,9716.980464096456
2008-05-15,10288.201162959578,9838.470636549822
2008-05-16,10351.379206456293,9847.440843249582
2008-05-19,10350.4937343992,9874.365476991958
2008-05-20,10377.759056598026,9794.297420840616
2008-05-21,10369.489007742844,9628.625181956091
2008-05-22,10344.296815585605,9630.007369701145
2008-05-23,10347.49972889231,9500.924752932096
2008-05-27,10326.450260009156,9571.335196311964
2008-05-28,10329.320314086033,9615.511362261821
2008-05-29,10271.515245315297,9663.835566567164
2008-05-30,10307.890898953952,9687.99287457878
2008-06-02,10304.876708762396,9587.897847327407
2008-06-03,10258.537125469973,9531.990049428332
2008-06-04,10275.790717267011,9527.16198060276
2008-06-05,10301.295286019556,9717.67303308931
2008-06-06,10321.861865425599,9407.734763924693
2008-06-09,10276.177784896328,9430.518734913207
2008-06-10,10184.075742839743,9383.582618834218
2008-06-11,10178.1163322095,9245.529057805245
2008-06-12,10144.977858797824,9280.730591694364
2008-06-13,10193.135949367386,9398.074938472731
2008-06-16,10248.629005776877,9403.6007392123
2008-06-17,10240.991610800858,9358.042385517389
2008-06-18,10246.61768635303,9266.92715324789
2008-06-19,10288.077368043318,9278.658047636945
2008-06-20,10283.260520325803,9128.048999956927
2008-06-23,10198.949215057704,9119.030114286423
2008-06-24,10212.535511481206,9100.994555625903
2008-06-25,10239.42046873151,9144.006851638887
2008-06-26,10256.816668238202,8895.651168265795
2008-06-27,10271.701362349122,8847.09389494901
2008-06-30,10258.73348950013,8878.31186639894
2008-07-01,10308.739478052681,8906.055929482167
2008-07-02,10313.086666761508,8753.439243039054
2008-07-03,10276.267893831055,8762.45591602907
2008-07-07,10252.67608887978,8672.965528798184
2008-07-08,10253.268197938538,8826.973253708305
2008-07-09,10263.324934063243,8657.011364917036
2008-07-10,10337.306763075618,8692.392863485873
2008-07-11,10381.447809089272,8591.10741413177
2008-07-14,10404.105672286394,8513.407663663125
2008-07-15,10415.052455364976,8393.391136414997
2008-07-16,10373.782723000082,8599.432993249258
2008-07-17,10370.245410607808,8685.452422354092
2008-07-18,10355.382334504966,8739.56426125679
2008-07-21,10389.92441892922,8744.419619808388
2008-07-22,10321.951694922946,8843.625149503445
2008-07-23,10249.040494419132,8891.489853827377
2008-07-24,10266.42625502831,8706.958939140668
2008-07-25,10286.088458829372,8704.877544361296
2008-07-28,10277.809517361662,8577.230957229183
2008-07-29,10250.571542808013,8760.375996370027
2008-07-30,10217.404514939186,8916.462903379032
2008-07-31,10238.076728129898,8798.529246030601
2008-08-01,10214.995206422473,8752.053367493188
2008-08-04,10170.49319042863,8670.884134018816
2008-08-05,10131.639431972319,8904.670053936303
2008-08-06,10156.007024817802,8944.21360450372
2008-08-07,10138.53110800483,8811.016139586509
2008-08-08,10102.981399149687,8974.734581599823
2008-08-11,10011.83747968326,9067.695189396602
2008-08-12,9995.106958813763,8973.35018117428
2008-08-13,10025.52755366525,8919.239079831745
2008-08-14,9966.804996718582,8986.52964372304
2008-08-15,9915.178283167947,9030.236721409368
2008-08-18,9942.299996894284,8906.751448715673
2008-08-19,9988.644987645524,8809.629526480478
2008-08-20,9982.036187840782,8850.56042771409
2008-08-21,10045.659578770816,8865.822022602386
2008-08-22,10017.012589653275,8994.16339140784
2008-08-25,10002.454522691662,8811.713133940337
2008-08-26,10010.808156644973,8837.382440285655
2008-08-27,10019.854489097283,8923.398919149835
2008-08-28,10047.855812010113,9031.624809635721
2008-08-29,10022.621367146403,8934.499937159875
2008-09-02,9943.637419289733,8879.001485151144
2008-09-03,9930.489407528887,8871.372162827322
2008-09-04,9899.528560553868,8604.291302041507
2008-09-05,9913.873854571808,8631.341321011556
2008-09-08,9908.114599827979,8809.629526480476
2008-09-09,9827.62631634897,8548.094380558623
2008-09-10,9763.20074933574,8582.784047694771
2008-09-11,9737.255428344577,8706.958939140666
2008-09-12,9815.759912483358,8747.192108460287
2008-09-15,9872.269525597727,8330.957406195625
2008-09-16,9855.376577325727,8470.39758033063
2008-09-17,10112.764028263331,8089.541426394152
2008-09-18,10051.803327361495,8329.572268209919
2008-09-19,10145.25827106496,8660.368738778023
2008-09-22,10211.006989184583,8464.304595825883
2008-09-23,10188.72630671745,8271.73132512419
2008-09-24,10146.647882820707,8298.245137855894
2008-09-25,10154.480924844398,8428.024748978774
2008-09-26,10153.60823323535,8432.209665342401
2008-09-29,10193.015175505088,7771.447954509649
2008-09-30,10081.539016772093,8093.1045795405535
2008-10-01,10115.642464965395,8097.99165317915
2008-10-02,9971.999932885306,7804.242092027447
2008-10-03,9966.117809486912,7698.880885213807
2008-10-06,10005.02718091143,7306.748911508711
2008-10-07,10081.483518521389,6979.509693605708
2008-10-08,10155.666653188731,6803.68198883983
2008-10-09,10155.014155469082,6328.51696712901
2008-10-10,9933.729179417614,6175.013733370231
2008-10-13,9930.749094701854,7071.613256493332
2008-10-14,9936.072494033637,6966.949781593684
2008-10-15,9934.048469762429,6281.070459417374
2008-10-16,9806.346233907387,6542.722139844946
2008-10-17,9730.673698803646,6503.650627781706
2008-10-20,9789.239856511093,6894.385662538491
2008-10-21,9670.450420547171,6688.55106010997
2008-10-22,9498.43170581173,6324.330575645053
2008-10-23,9451.451922912749,6397.5931641744
2008-10-24,9500.073787304642,6073.14376758712
2008-10-27,9491.093431219366,5857.539443242384
2008-10-28,9609.385896489064,6542.028095731766
2008-10-29,9617.918629284652,6494.581588020133
2008-10-30,9584.022266880333,6719.25421456628
2008-10-31,9528.40056938077,6756.231055767218
2008-11-03,9526.260601874457,6775.772712280141
2008-11-04,9675.695820281338,7006.024243897575
2008-11-05,9567.782961537485,6711.57990107253
2008-11-06,9536.105614555905,6339.679202632558
2008-11-07,9555.957606397491,6549.003202191203
2008-11-10,9584.381466533823,6463.183651890484
2008-11-11,9526.551487860357,6263.627161567569
2008-11-12,9439.910964761546,5988.018261399582
2008-11-13,9538.39248758089,6361.311104646807
2008-11-14,9549.860443997817,6043.839027199449
2008-11-17,9520.222818729704,5963.598750750099
2008-11-18,9514.135472937318,6075.936170363416
2008-11-19,9483.207112744176,5686.596230654534
2008-11-20,9497.926510786787,5264.458465627041
2008-11-21,9690.862233832346,5548.441992663342
2008-11-24,9780.34106119997,5932.897808974279
2008-11-25,9778.645226437031,5976.856025896032
2008-11-26,9786.313636494542,6207.809346008354
2008-11-28,9779.680466379587,6285.956795495808
2008-12-01,9606.14006577735,5729.157139847897
2008-12-02,9669.888188356703,5949.645218810498
2008-12-03,9658.551115024586,6092.681736299229
2008-12-04,9620.213445354206,5951.735464311822
2008-12-05,9603.28575447404,6135.244489392998
2008-12-08,9685.271153714375,6349.448924548774
2008-12-09,9692.967943700309,6244.786187209289
2008-12-10,9821.238186636465,6287.352996883955
2008-12-11,9838.717612856944,6135.942590087072
2008-12-12,9856.802751156505,6209.204072276176
2008-12-15,9911.856502954955,6122.686790061464
2008-12-16,10000.92098420686,6410.850070540253
2008-12-17,10025.64825510704,6348.751930194945
2008-12-18,9962.024298716202,6230.136029695941
2008-12-19,9925.584478920919,6203.337518741402
2008-12-22,9943.729370121922,6123.851028778416
2008-12-23,9913.442837759923,6060.546608786876
2008-12-24,9943.846704576179,6095.71495246867
2008-12-26,10018.137754458638,6130.887721511441
2008-12-29,10043.348174894767,6113.300599429893
2008-12-30,10038.27027814384,6258.201669010138
2008-12-31,10063.081802062523,6347.532743245864
2009-01-02,10066.10587123514,6538.861012392777
2009-01-05,10010.07713766892,6531.1217936047005
2009-01-06,10041.165790585577,6574.733726030027
2009-01-07,9943.974684606008,6377.779347961408
2009-01-08,10003.44298421248,6403.8071085458405
2009-01-09,9977.31087654673,6266.642307513021
2009-01-12,9859.72449730826,6116.113653890745
2009-01-13,9864.247357167318,6127.37250977562
2009-01-14,9810.067320950431,5934.636975838116
2009-01-15,9836.429425932203,5936.7471354638365
2009-01-16,9926.947344910266,5983.171753569935
2009-01-20,9965.32685632879,5667.340009924606
2009-01-21,9972.480771494042,5912.125902109831
2009-01-22,9982.299347228258,5820.683930688223
2009-01-23,10125.520881736018,5846.005108636708
2009-01-26,10141.281440867433,5886.1010917660515
2009-01-27,10127.066316608672,5945.890300021769
2009-01-28,10113.25714903692,6147.063891001585
2009-01-29,10169.2807810396,5947.296827252196
2009-01-30,10220.832417172669,5826.309670829845
2009-02-02,10146.108003078973,5808.723655088541
2009-02-03,10140.173446126346,5890.320304677248
2009-02-04,10160.855373527362,5861.480595972208
2009-02-05,10208.681326371425,5948.701879362295
2009-02-06,10200.799320904054,6118.224919856707
2009-02-09,10162.544685186476,6126.665927139672
2009-02-10,10208.453672712243,5846.0051086367075
2009-02-11,10274.58941581464,5880.474614064265
2009-02-12,10309.104388728843,5884.695670875869
2009-02-13,10286.859103637275,5821.386456743273
2009-02-17,10358.412531269629,5572.38393310742
2009-02-18,10408.849017745855,5559.015655156988
2009-02-19,10356.683489454035,5499.2249717809445
2009-02-20,10425.776948560828,5445.768086302795
2009-02-23,10409.185280171496,5250.924605420061
2009-02-24,10331.965226425256,5449.988774334319
2009-02-25,10274.795835422785,5407.079367964042
2009-02-26,10257.246118321174,5319.152977058336
2009-02-27,10239.320020302623,5200.2800368426015
2009-03-02,10168.165301692117,4966.0445740058985
2009-03-03,10138.236607789559,4928.766070698383
2009-03-04,10118.66824517104,5045.531801529048
2009-03-05,10203.20386399632,4839.43278378217
2009-03-06,10208.79856254892,4847.874159845215
2009-03-09,10140.853754569196,4790.896530930025
2009-03-10,10094.482549751661,5076.478350839075
2009-03-11,10139.384808661169,5109.543541716695
2009-03-12,10221.74764386728,5310.713076115615
2009-03-13,10230.926722924254,5352.215217695304
2009-03-16,10202.857811450334,5336.037573084833
2009-03-17,10198.559869555585,5499.2249717809445
2009-03-18,10310.25880446996,5622.323762949341
2009-03-19,10350.07760226745,5552.685913839989
2009-03-20,10316.400780165612,5434.448012924411
2009-03-23,10300.41026947153,5824.800253956712
2009-03-24,10252.251345132996,5710.031467266782
2009-03-25,10289.801897225472,5770.246247736424
2009-03-26,10305.546573769314,5887.848740571765
2009-03-27,10252.852387580446,5781.582547438391
2009-03-30,10217.471735368823,5581.804420286559
2009-03-31,10232.253636623353,5633.519557440296
2009-04-01,10271.546342468098,5742.617981598755
2009-04-02,10277.302431894792,5910.520602415534
2009-04-03,10280.407771183316,5969.321111273041
2009-04-06,10196.348421225513,5922.564222313609
2009-04-07,10184.20557176762,5784.417359924043
2009-04-08,10208.376167362125,5846.757420002744
2009-04-09,10270.616355426306,6079.126118067445
2009-04-13,10306.784019827095,6080.547396501127
2009-04-14,10291.663676026472,5975.695106199808
2009-04-15,10269.575724248996,6039.457919832515
2009-04-16,10278.446245303903,6128.009392976179
2009-04-17,10254.633193943306,6169.1003447651165
2009-04-20,10238.689426870593,5910.520602415532
2009-04-21,10250.813066001176,6025.994496621082
2009-04-22,10298.497514705195,5989.157054290911
2009-04-23,10333.940246405029,6047.957563148419
2009-04-24,10379.04300969825,6139.349011698877
2009-04-27,10342.420249192868,6081.252135236665
2009-04-28,10290.301504919496,6062.128306555959
2009-04-29,10337.122498521507,6191.061567392046
2009-04-30,10343.982925141006,6193.187215781184
2009-05-01,10334.427537131314,6226.486582010488
2009-05-04,10417.504136695843,6438.305747599824
2009-05-05,10402.976949575655,6416.346368873301
2009-05-06,10440.141222762846,6527.570441420899
2009-05-07,10395.772568750192,6436.889632087282
2009-05-08,10412.641506607451,6587.0797455948405
2009-05-11,10411.342290494873,6463.810578028842
2009-05-12,10418.881525260704,6444.681217646916
2009-05-13,10383.026569796388,6282.44969692177
2009-05-14,10400.122485322314,6336.291588804891
2009-05-15,10413.41729480253,6284.575345310909
2009-05-18,10425.153191245136,6463.099570031919
2009-05-19,10451.735974242156,6455.311672273098
2009-05-20,10483.106606731977,6412.094334534859
2009-05-21,10495.112117773204,6319.995934568375
2009-05-22,10494.379557218452,6306.533986477269
2009-05-26,10548.428161488337,6468.062612367283
2009-05-27,10527.601065094514,6352.584292800756
2009-05-28,10576.418889871884,6441.1409288655595
2009-05-29,10644.79262272186,6555.19944511873
2009-06-01,10853.232819320576,6713.892152182844
2009-06-02,10794.791826614091,6719.559564473665
2009-06-03,10711.500386897325,6634.546904991031
2009-06-04,10850.906471637518,6696.88917775022
2009-06-05,10772.24494476933,6698.306768383089
2009-06-08,10762.787053035776,6670.6785022454205
2009-06-09,10940.375822308617,6704.683713550507
2009-06-10,10895.128303926156,6687.677788877231
2009-06-11,10874.489835041095,6717.432440964201
2009-06-12,10789.220018764088,6735.853743589856
2009-06-15,10556.608684852174,6581.411595743855
2009-06-16,10382.922538065466,6492.149852163432
2009-06-17,10548.705910482691,6485.773644556178
2009-06-18,10464.727125260546,6533.238591271882
2009-06-19,10633.378717332664,6557.3191930265675
2009-06-22,10176.551472996707,6360.684178508433
2009-06-23,10128.049575058249,6365.672297889331
2009-06-24,10366.95681057207,6420.532760357254
2009-06-25,10612.45454820886,6560.1676503752315
2009-06-26,10619.586673370988,6543.0702682417705
2009-06-29,10647.586559438772,6604.340866084437
2009-06-30,10619.767670358808,6550.906107411171
2009-07-01,10662.142293488821,6577.980465866592
2009-07-02,10408.381374101198,6398.445783722569
2009-07-06,10327.915108838682,6397.731825484996
2009-07-07,9962.823121327847,6273.770826486308
2009-07-08,9982.544928111549,6269.492239982006
2009-07-09,10028.408558837938,6281.603715415057
2009-07-10,10095.608886069394,6266.643045073178
2009-07-13,10376.598772624215,6419.104843882106
2009-07-14,10437.868378423345,6455.437057500771
2009-07-15,10861.921357355908,6644.234020169014
2009-07-16,11017.980811436135,6633.550461211111
2009-07-17,11096.178105882154,6706.22005136958
2009-07-20,11234.305869649648,6777.46393773339
2009-07-21,11302.358940831102,6808.812457332134
2009-07-22,11419.81959899694,6807.383803296825
2009-07-23,11685.762618900273,6957.714053235313
2009-07-24,11655.545146496797,6986.208952564251
2009-07-27,11686.080813507197,7006.867275163625
2009-07-28,11684.922656715116,6974.098214691363
2009-07-29,11650.070091796202,6956.996407196926
2009-07-30,11718.521952588491,7029.667472475721
2009-07-31,11712.228293988945,7039.643711237518
2009-08-03,11901.634835161554,7155.768871066804
2009-08-04,11905.9099719047,7174.292694555085
2009-08-05,11803.082014413576,7153.632159275223
2009-08-06,11676.610964044134,7116.585249858821
2009-08-07,11699.405946472103,7209.917587977641
2009-08-10,11650.668627339252,7194.956180075599
2009-08-11,11546.345804996483,7105.1847824226925
2009-08-12,11705.804908905986,7181.419738408053
2009-08-13,11823.378835621254,7236.279463315814
2009-08-14,11708.15736690078,7180.709467971294
2009-08-17,11508.161148416057,7004.019555375123
2009-08-18,11669.424167923242,7059.588813159479
2009-08-19,11712.990910301816,7121.571894119394
2009-08-20,11807.913538592187,7194.956180075599
2009-08-21,11929.774657259866,7336.018249008561
2009-08-24,11879.265713213137,7335.303553210824
2009-08-25,11915.549548378081,7349.553953115945
2009-08-26,11950.01497037234,7350.267911353519
2009-08-27,11967.890447574626,7366.654285490056
2009-08-28,12053.216007347612,7365.227844135235
2009-08-31,11976.095077632543,7299.683085149244
2009-09-01,11749.289131728112,7138.672964053667
2009-09-02,11754.907061326667,7111.600080718573
2009-09-03,11853.597730014562,7170.730278968845
2009-09-04,12078.621249272328,7271.189660940631
2009-09-08,12213.698959651347,7333.882274777142
2009-09-09,12327.782522796299,7390.165490799072
2009-09-10,12458.825795393901,7465.682063185882
2009-09-11,12429.798328767636,7464.2585720717125
2009-09-14,12449.844477266293,7500.590785690378
2009-09-15,12522.34776503588,7531.9400428492845
2009-09-16,12594.595351553211,7645.931441127643
2009-09-17,12527.343642947577,7634.530973691513
2009-09-18,12569.772505166176,7639.39960832604
2009-09-21,12559.92274794962,7620.068894019673
2009-09-22,12627.402641082475,7664.453789495597
2009-09-23,12571.208261937018,7600.744817754773
2009-09-24,12397.56367895257,7516.991911030172
2009-09-25,12259.291124344032,7476.905516182945
2009-09-28,12567.927472476036,7610.765310126336
2009-09-29,12502.784035030572,7587.859641710964
2009-09-30,12527.733243913599,7558.509910153361
2009-10-01,12101.931718498266,7370.961636840707
2009-10-02,12030.489919136327,7336.600183976997
2009-10-05,12203.675534042444,7446.122705229054
2009-10-06,12430.869594659851,7552.78423060968
2009-10-07,12454.227653698446,7573.540648710705
2009-10-08,12535.99850004755,7631.525416028176
2009-10-09,12591.311021335949,7678.057349137959
2009-10-12,12641.924827033672,7708.121038933135
2009-10-13,12649.378642098172,7692.371916777241
2009-10-14,12750.468103453311,7824.800844004834
2009-10-15,12702.158909359352,7853.435142204539
2009-10-16,12644.328921434724,7794.736416649496
2009-10-19,12745.83561525312,7859.162296868546
2009-10-20,12712.12928293866,7817.642085064868
2009-10-21,12657.459474637833,7747.490525302139
2009-10-22,12749.494594314161,7826.233923401122
2009-10-23,12653.232750055826,7736.753862012515
2009-10-26,12592.557656489029,7653.000217727751
2009-10-27,12320.333342016786,7617.922593945979
2009-10-28,11897.714534890096,7474.043045191188
2009-10-29,12223.717833662067,7634.388624580099
2009-10-30,11918.17171067144,7413.192856641309
2009-11-02,11980.761534574267,7467.598244488794
2009-11-03,12033.417542806077,7491.223771623044
2009-11-04,12068.972810536578,7510.54932300827
2009-11-05,12204.271357763502,7648.705404899869
2009-11-06,12238.566828679575,7668.749339883646
2009-11-09,12507.778662796329,7843.410224472002
2009-11-10,12530.62120151385,7844.844041428451
2009-11-11,12629.568775253802,7884.928961155354
2009-11-12,12528.020224625594,7804.756171460899
2009-11-13,12668.99726808182,7846.991816622475
2009-11-16,12837.506011119689,7960.808413142253
2009-11-17,12875.1992187667,7970.113472155917
2009-11-18,12815.431197357853,7965.105438650624
2009-11-19,12623.047251717097,7861.307859382083
2009-11-20,12576.786315577488,7833.392682341091
2009-11-23,12752.845600046365,7932.892498541099
2009-11-24,12719.664982342825,7945.063716347335
2009-11-25,12789.599420005197,7972.978155828162
2009-11-27,12659.091875871376,7843.410224472002
2009-11-30,12676.78770415296,7869.898222598009
2009-12-01,12788.774563232253,7967.253951404807
2009-12-02,12823.07001520551,7963.6730968144975
2009-12-03,12798.157584481276,7901.395729349634
2009-12-04,12791.309705738558,7946.495320623295
2009-12-07,12729.279449349557,7934.323365256896
2009-12-08,12638.631160265557,7846.274170584086
2009-12-09,12783.592199412617,7875.6275899425045
2009-12-10,12850.608538621831,7920.01027273794
2009-12-11,12790.315377628727,7953.654079563262
2009-12-14,12920.08368193254,8008.056517170096
2009-12-15,12852.870721825724,7970.8333308747915
2009-12-16,12900.095648098733,7983.003811120864
2009-12-17,12667.26168275011,7887.078949029864
2009-12-18,12947.530369995424,7931.700601318043
2009-12-21,13047.212187908457,8012.304863707725
2009-12-22,13107.51124626057,8041.0918368611265
2009-12-23,13198.450715982015,8056.925040875577
2009-12-24,13346.606865661555,8095.071652494686
2009-12-28,13407.473649033518,8112.343836386725
2009-12-29,13346.480913307914,8100.826834444876
2009-12-30,13367.293678346236,8097.946662009211
2009-12-31,13263.138195267302,8020.21888425438
2010-01-04,13481.284971816374,8156.244154835702
2010-01-05,13484.825916428672,8177.831803240183
2010-01-06,13433.653038130138,8183.589935431027
2010-01-07,13425.400882971118,8218.133565654945
2010-01-08,13534.105070755315,8245.483034051082
2010-01-11,13507.637170286554,8257.000773553094
2010-01-12,13270.334147447005,8179.9935920773005
2010-01-13,13500.416257335266,8249.083802765786
2010-01-14,13522.536354662385,8271.39352256963
2010-01-15,13308.350796053523,8178.550924398897
2010-01-19,13604.157473902265,8280.7479981142
2010-01-20,13375.791260404238,8196.542967009815
2010-01-21,13207.685072189319,8038.9359485053155
2010-01-22,12646.632424402764,7859.73169331422
2010-01-25,12737.780302832256,7900.031243048492
2010-01-26,12733.011548900384,7866.928805382651
2010-01-27,12852.300405512666,7904.3503953617455
2010-01-28,12434.3336861676,7813.667373347639
2010-01-29,12230.191470807153,7728.74322108454
2010-02-01,12402.480247243328,7848.933812531083
2010-02-02,12514.793565847654,7943.933036617792
2010-02-03,12547.748461539717,7904.350395361745
2010-02-04,12176.801825080644,7660.3758193555805
2010-02-05,12240.028572381638,7676.206810689543
2010-02-08,12145.378141624837,7620.7946532198575
2010-02-09,12341.853781085338,7716.511523344954
2010-02-10,12303.95949261644,7701.400390729867
2010-02-11,12479.867550478442,7782.004653119549
2010-02-12,12494.423905017538,7775.528137330157
2010-02-16,12707.95796522549,7897.874617132515
2010-02-17,12773.095629862377,7935.296207111608
2010-02-18,12867.049021484594,7982.078173116576
2010-02-19,12855.206420558903,7998.6312358499035
2010-02-22,12833.32277012955,8000.070215727493
2010-02-23,12748.006623979893,7902.91215304432
2010-02-24,12806.280766192756,7975.6016573271845
2010-02-25,12827.013084640632,7964.8074643448645
2010-02-26,12878.249476486231,7969.841312455856
2010-03-01,13054.036415190596,8052.604413442003
2010-03-02,13084.328038566488,8074.91782104666
2010-03-03,13099.221937597451,8082.11714579558
2010-03-04,13146.32680834617,8106.582753955237
2010-03-05,13361.732924750228,8222.45493064869
2010-03-08,13382.510982849633,8223.892435405953
2010-03-09,13442.957154250635,8237.568275944266
2010-03-10,13533.194539413891,8274.270007204485
2010-03-11,13587.170834716586,8308.818062789378
2010-03-12,13587.43488311083,8309.540134188743
2010-03-15,13556.075159860926,8311.695284984395
2010-03-16,13711.867684663914,8377.906060797377
2010-03-17,13761.984060484343,8427.563773877031
2010-03-18,13797.298696255064,8423.248309364591
2010-03-19,13675.362287539665,8380.614381715113
2010-03-22,13818.454949496347,8425.415261122846
2010-03-23,13950.289714869741,8484.674532401603
2010-03-24,13830.182729574812,8443.481797310202
2010-03-25,13828.697148560315,8429.748427079192
2010-03-26,13869.369403315395,8424.692452163317
2010-03-29,13932.126298643696,8478.170726886186
2010-03-30,13961.951045843767,8483.947298081099
2010-03-31,13901.734168294917,8455.043052861816
2010-04-01,13930.284494757278,8512.85891890201
2010-04-05,14086.184192908879,8582.233090253167
2010-04-06,14126.416114347718,8602.465840638615
2010-04-07,14108.923634454364,8553.324419672908
2010-04-08,14157.611072219994,8582.955161652531
2010-04-09,14270.799273064677,8639.32245953302
2010-04-12,14273.581072363653,8653.049929282726
2010-04-13,14347.94262385079,8659.55520991847
2010-04-14,14552.778800659038,8757.835101609235
2010-04-15,14630.844256649318,8765.06245364434
2010-04-16,14403.772071157126,8625.592039542662
2010-04-19,14398.769403469996,8658.110329559577
2010-04-20,14504.169538883376,8735.432449224878
2010-04-21,14598.765642480024,8719.534339916101
2010-04-22,14709.818449814007,8745.550299537928
2010-04-23,14786.101269550594,8802.639668817781
2010-04-26,14771.085982206185,8769.395619600686
2010-04-27,14440.452245727129,8561.997389627068
2010-04-28,14435.981290819298,8627.036919901551
2010-04-29,14790.021803058395,8733.986831305825
2010-04-30,14486.150430453867,8585.845659930477
2010-05-03,14791.041243528225,8697.131687531748
2010-05-04,14283.612858976287,8492.621743155585
2010-05-05,14150.854934666455,8442.0391296318
2010-05-06,13535.061970036793,8161.6504708289
2010-05-07,13093.761608242425,8040.239217312951
2010-05-10,13692.022317148048,8394.341851464818
2010-05-11,13708.564137662937,8370.494318721572
2010-05-12,14009.916234932192,8487.56355555922
2010-05-13,13723.747804798732,8382.057049393512
2010-05-14,13427.091254482779,8230.297407859553
2010-05-17,13487.425788753098,8234.632786496388
2010-05-18,13192.176460870967,8122.625425055916
2010-05-19,13027.48886331139,8076.374502368152
2010-05-20,12363.090839293978,7771.417714542969
2010-05-21,12441.607057780062,7884.872169022822
2010-05-24,12402.337843030953,7783.698091253298
2010-05-25,12438.21796487574,7791.644564447117
2010-05-26,12397.871300397632,7744.674520600641
2010-05-27,12661.616274405356,8004.109095178889
2010-05-28,12532.452711389504,7903.660776609545
2010-06-01,12440.148972010893,7770.691955342793
2010-06-02,12441.740419112415,7973.033472840376
2010-06-03,12433.545519405963,8000.495787941419
2010-06-04,12230.523733363365,7719.379894818016
2010-06-07,12277.168742923952,7623.271380246482
2010-06-08,12264.20196716691,7704.930353668944
2010-06-09,12243.370169741089,7663.737618577542
2010-06-10,12216.112637206594,7887.758979499952
2010-06-11,12254.683541204997,7926.059741193083
2010-06-14,12241.394643250798,7913.776414242104
2010-06-15,12298.085088312318,8093.719704716308
2010-06-16,12301.352325697417,8090.829943998527
2010-06-17,12380.02380584464,8103.8338672285445
2010-06-18,12422.096289082652,8112.620421447773
2010-06-21,12280.19550945648,8089.383588519311
2010-06-22,12246.6702464208,7955.782678193055
2010-06-23,12221.0440791032,7931.098752225214
2010-06-24,12221.70591765857,7799.678069740144
2010-06-25,12266.914877362116,7832.348297150593
2010-06-28,12214.394535066554,7807.6614209421
2010-06-29,12194.851659703387,7566.600945139089
2010-06-30,12198.701912398128,7494.718331674309
2010-07-01,12055.795681173679,7461.315707022216
2010-07-02,12099.72676957271,7420.6554903683445
2010-07-06,12040.280272606364,7469.302746024987
2010-07-07,12100.151052702264,7704.557885786737
2010-07-08,12089.215909061133,7780.798004693237
2010-07-09,12130.482125716271,7838.883817753007
2010-07-12,12101.339308106295,7843.965607274579
2010-07-13,12138.70556866209,7962.321886596283
2010-07-14,12143.005093961978,7961.592439595292
2010-07-15,12139.28977661606,7963.770454755989
2010-07-16,12074.736927252361,7744.493080800595
2010-07-19,12049.928163806499,7790.233611855712
2010-07-20,12086.758062020173,7876.641735166331
2010-07-21,12052.690960242146,7774.26248409082
2010-07-22,12101.427619667533,7947.796376750444
2010-07-23,12080.403015615653,8016.7759534145125
2010-07-26,12067.370307111909,8100.27587700328
2010-07-27,11991.954325856272,8099.551592923427
2010-07-28,11992.962954544344,8047.274803705731
2010-07-29,12000.594560211268,8008.063155211562
2010-07-30,12036.811076019338,8006.609424130717
2010-08-02,12050.17505104798,8187.410497074238
2010-08-03,12050.536462529797,8148.200323700396
2010-08-04,12101.905781583273,8202.655128078788
2010-08-05,12101.773714055013,8193.94232987584
2010-08-06,12123.736541207338,8160.543393024561
2010-08-09,12127.960795136345,8204.107384039307
2010-08-10,12116.142454667694,8159.815421143894
2010-08-11,12032.177368674927,7936.17980418662
2010-08-12,12049.800139083865,7887.533286090138
2010-08-13,12032.939510270537,7864.298665842165
2010-08-16,12061.491412439136,7860.666182040462
2010-08-17,12087.987932711545,7957.237146834061
2010-08-18,12108.395007349623,7971.759706439248
2010-08-19,12080.270052056776,7833.07405635077
2010-08-20,12074.842029267173,7807.6614209420995
2010-08-23,12048.521848471075,7777.895705452686
2010-08-24,12025.409787290662,7662.442462931694
2010-08-25,12068.2551411422,7692.21186622192
2010-08-26,12034.659481522187,7640.660098644238
2010-08-27,12062.738057347799,7759.017115526106
2010-08-30,12037.538855465562,7646.47059760664
2010-08-31,12060.303646349439,7646.47059760664
2010-09-01,12066.536272480786,7875.187266525323
2010-09-02,12091.318208365803,7948.522873510785
2010-09-03,12090.01995047453,8051.629358906799
2010-09-07,12109.010524481486,7960.870368195927
2010-09-08,12117.014403504523,8016.775953414513
2010-09-09,12085.821613111691,8053.80589894717
2010-09-10,12093.17719056344,8094.472016082344
2010-09-13,12186.731065356615,8184.503034912552
2010-09-14,12299.769079211632,8179.423458071468
2010-09-15,12345.237914263924,8210.64437976205
2010-09-16,12398.521492318225,8208.466364601354
2010-09-17,12419.347989014559,8211.532402198041
2010-09-20,12562.108455761254,8337.088743828826
2010-09-21,12594.798547340124,8320.297449162921
2010-09-22,12587.306667314602,8279.419652261027
2010-09-23,12588.847308569082,8212.261111638869
2010-09-24,12755.525215528702,8381.618201096655
2010-09-27,12717.003559545568,8341.46616339494
2010-09-28,12760.881581690257,8370.66469511917
2010-09-29,12743.341364559898,8356.069117057868
2010-09-30,12708.137842059845,8331.248742459913
2010-10-01,12698.98441840749,8366.285062872568
2010-10-04,12516.23398250876,8303.5083671775
2010-10-05,12960.74665946888,8470.675640511985
2010-10-06,12857.215040225663,8469.94250571018
2010-10-07,12886.269565335504,8459.722134534502
2010-10-08,12998.428310999292,8507.172330046951
2010-10-11,13019.569514405764,8515.201409979001
2010-10-12,13105.905591565528,8541.48067857894
2010-10-13,13225.546557921693,8607.911247320435
2010-10-14,13208.129579732504,8574.330133108948
2010-10-15,13464.756728289667,8591.850874775844
2010-10-18,13456.775007256425,8634.188303239885
2010-10-19,13224.875895948855,8521.045099148729
2010-10-20,13358.372686612012,8604.261799634987
2010-10-21,13375.957712825291,8623.234797262403
2010-10-22,13473.005790871772,8639.29812004764
2010-10-25,13552.322591875032,8664.84867920675
2010-10-26,13599.0309769367,8666.307573208735
2010-10-27,13609.579428656332,8641.487936170943
2010-10-28,13663.326342936181,8642.943879932276
2010-10-29,13658.09687455174,8649.517016102993
2010-11-01,13649.179963854715,8652.435541667122
2010-11-02,13808.680421745887,8721.053713851428
2010-11-03,13874.119398914452,8756.09445962506
2010-11-04,14116.046097237835,8924.720626961529
2010-11-05,14122.852650330804,8958.299528492527
2010-11-08,14154.119070926643,8941.511921627436
2010-11-09,14042.312660832951,8877.271169009244
2010-11-10,14073.012349898969,8913.04136178387
2010-11-11,14026.152004893273,8879.45951001222
2010-11-12,13660.57418727404,8774.343910732787
2010-11-15,13584.161642841515,8761.935198554134
2010-11-16,13247.726054075913,8625.42903874668
2010-11-17,13294.279627586768,8629.807195872956
2010-11-18,13607.501638393838,8756.827594426866
2010-11-19,13631.972964526578,8780.913359102691
2010-11-22,13761.450455080945,8773.617413972446
2010-11-23,13538.03295776782,8646.597015418536
2010-11-24,13821.843968010475,8774.343910732787
2010-11-26,13699.626992635389,8672.14831213781
2010-11-29,13691.439317747765,8698.428318297912
2010-11-30,13539.008201072544,8649.517016102993
2010-12-01,13950.717178915702,8833.473371422897
2010-12-02,14130.323643220347,8946.620263314868
2010-12-03,14208.83001026708,8970.705290430531
2010-12-06,14214.327074742314,8961.218791616822
2010-12-07,14200.24558668979,8966.330083544906
2010-12-08,14249.46999999511,8999.175850274098
2010-12-09,14267.311338169142,9034.215858487567
2010-12-10,14336.053397424474,9086.775870807773
2010-12-13,14265.357011903483,9092.617347297011
2010-12-14,14260.20729750613,9100.646427229061
2010-12-15,14192.890884633207,9059.034757965199
2010-12-16,14238.553361932922,9111.595507845566
2010-12-17,14265.434242431087,9121.352691239017
2010-12-20,14261.524242084637,9143.367386977749
2010-12-21,14313.758573365367,9201.341090892774
2010-12-22,14298.406694995829,9229.960637889224
2010-12-23,14272.359059759321,9216.750935373791
2010-12-27,14281.881910482512,9220.420297183633
2010-12-28,14286.540370934983,9233.627049458417
2010-12-29,14314.531936818526,9240.231900716135
2010-12-30,14287.755658223597,9225.556666157252
2010-12-31,14270.714800038873,9227.755333002506
2011-01-03,14434.105232775391,9323.152839577117
2011-01-04,14380.335249477415,9318.015733043336
2011-01-05,14440.220118256124,9366.449096252774
2011-01-06,14430.734964347812,9348.100812083234
2011-01-07,14416.132743764898,9329.758428394996
2011-01-10,14447.480953327908,9318.015733043336
2011-01-11,14474.283691221268,9351.03703909127
2011-01-12,14585.218801422332,9435.430148037169
2011-01-13,14571.610497692693,9420.018090875667
2011-01-14,14668.382083115936,9488.26232005744
2011-01-18,14718.63069079989,9504.408249580913
2011-01-19,14550.2493925734,9411.212360092208
2011-01-20,14439.342646931362,9398.739480179393
2011-01-21,14373.658625244389,9420.018090875667
2011-01-24,14508.83791709184,9473.589298179048
2011-01-25,14520.50129804856,9478.726404712826
2011-01-26,14590.939173026405,9515.414122329954
2011-01-27,14599.800925485219,9538.895087672296
2011-01-28,14211.038543770648,9372.321550268849
2011-01-31,14237.671556622066,9442.76518385604
2011-02-01,14411.904647576117,9593.931827019123
2011-02-02,14414.784814119055,9575.591656011375
2011-02-03,14438.724028301052,9596.86805402716
2011-02-04,14513.1241008148,9624.017643619183
2011-02-07,14531.479946005758,9684.195177300606
2011-02-08,14572.867481532841,9728.220143417093
2011-02-09,14551.04427923734,9706.208397919012
2011-02-10,14565.52484955866,9709.87923484918
2011-02-11,14657.498582690798,9767.846300722744
2011-02-14,14711.506564169194,9791.330216305738
2011-02-15,14682.081945987571,9760.50536442257
2011-02-16,14793.307081634004,9822.149167707603
2011-02-17,14838.513207295679,9851.504799746508
2011-02-18,14814.629707484619,9872.05101320114
2011-02-22,14566.74823606897,9673.91948911272
2011-02-23,14428.115278814455,9614.480990714406
2011-02-24,14492.708992063895,9607.871714095712
2011-02-25,14721.632216210832,9710.607944290008
2011-02-28,14718.707175695865,9770.784002851105
2011-03-01,14559.37132879632,9607.871714095712
2011-03-02,14618.026784566504,9628.423090471482
2011-03-03,14723.908961320289,9794.264230633284
2011-03-04,14701.154493376083,9720.883632477893
2011-03-07,14489.627498212758,9644.566807314464
2011-03-08,14505.789090415496,9728.953278218896
2011-03-09,14436.161472142661,9715.013391142307
2011-03-10,14302.637283318114,9535.230151223426
2011-03-11,14375.045029038589,9601.269813078643
2011-03-14,14334.238741327343,9543.300534524591
2011-03-15,14137.652145735197,9433.960928192904
2011-03-16,13874.79786194864,9259.313319687479
2011-03-17,13985.728785780717,9381.859678293951
2011-03-18,13997.086119852444,9415.97994898443
2011-03-21,14216.25571518667,9561.909177431595
2011-03-22,14180.91121083247,9528.74478471208
2011-03-23,14259.151904934562,9556.01312149031
2011-03-24,14357.049933270066,9647.403463700526
2011-03-25,14371.183046944747,9676.883743406941
2011-03-28,14317.278617431362,9653.299519641809
2011-03-29,14373.344912181501,9718.152447195109
2011-03-30,14416.822291738643,9785.220267917246
2011-03-31,14427.305087646562,9771.957461070091
2011-04-01,14413.099617761362,9813.229852659073
2011-04-04,14400.997232937118,9821.333426167563
2011-04-05,14463.129175038881,9819.862731202975
2011-04-06,14499.8294037575,9850.815180994303
2011-04-07,14487.198069652168,9825.762474945072
2011-04-08,14433.523291781554,9791.855359141635
2011-04-11,14380.414145217424,9762.375816995384
2011-04-12,14267.29982748023,9689.415628132778
2011-04-13,14344.866088428951,9688.674380169181
2011-04-14,14350.392468337404,9696.044818875866
2011-04-15,14377.645263787004,9731.418204282912
2011-04-18,14275.245921738753,9622.347807410639
2011-04-19,14344.832096189712,9677.617615768908
2011-04-20,14560.854132616436,9809.544264525646
2011-04-21,14665.338967529937,9859.660002466388
2011-04-25,14699.771458192057,9849.344486029713
2011-04-26,14800.888366551095,9934.098999455373
2011-04-27,14951.753282783131,9998.954877249324
2011-04-28,14948.72326114843,10031.383922486546
2011-04-29,14977.149291458983,10054.966671131353
2011-05-02,14917.606979969187,10039.486758434874
2011-05-03,14833.646889463962,10003.37728798537
2011-05-04,14786.905491548217,9937.04555230569
2011-05-05,14625.0061352904,9847.131067981205
2011-05-06,14714.173386743934,9890.614664938206
2011-05-09,14794.875646623443,9928.941241237035
2011-05-10,14970.559762709592,10013.69427954237
2011-05-11,14836.254143616234,9908.303570322218
2011-05-12,14941.780247719427,9955.472755412646
2011-05-13,14774.702148067132,9878.821815495477
2011-05-16,14546.174211440617,9816.17788062971
2011-05-17,14525.99274041205,9814.699810063494
2011-05-18,14668.057068624194,9902.406776820773
2011-05-19,14681.821569136984,9925.988787905415
2011-05-20,14621.766541939736,9847.131067981201
2011-05-23,14350.919770393351,9732.897012409288
2011-05-24,14287.452550813015,9724.789751099983
2011-05-25,14324.962162706239,9757.217321216878
2011-05-26,14390.739350968743,9802.17456337912
2011-05-27,14462.16111219239,9839.762841955004
2011-05-31,14542.592117111739,9942.207735885002
2011-06-01,14211.778058217707,9718.891482478211
2011-06-02,14225.739011548341,9708.570803120396
2011-06-03,14023.947475331026,9612.027865612983
2011-06-06,13931.708389896023,9510.320531845768
2011-06-07,13914.473396455978,9504.42595102481
2011-06-08,13747.494228190475,9464.624991960578
2011-06-09,13788.203292659522,9536.853521141702
2011-06-10,13591.901834272783,9404.192262462833
2011-06-13,13554.504986156295,9411.561963609356
2011-06-14,13726.281255675854,9530.95967788091
2011-06-15,13539.678674407376,9361.444750548288
2011-06-16,13487.54818910356,9382.079471222452
2011-06-17,13494.553128977383,9410.077992561839
2011-06-20,13552.149092054187,9458.221494627302
2011-06-21,13695.393905689725,9587.838104954206
2011-06-22,13651.50199325508,9530.064279843291
2011-06-23,13665.5121091739,9502.662444675598
2011-06-24,13530.705959718889,9392.301317518455
2011-06-27,13605.255005240062,9475.992269189383
2011-06-28,13707.322891061154,9599.684058728655
2011-06-29,13743.86463025648,9681.899890074017
2011-06-30,13822.89596802192,9774.483604627612
2011-07-01,13944.480447207454,9918.912635703678
2011-07-05,13999.74137649014,9910.765546145583
2011-07-06,14032.120275107849,9922.61592528101
2011-07-07,14244.981878247789,10025.563097681863
2011-07-08,14192.691379771992,9954.462297989632
2011-07-11,13927.399093779099,9774.483604627614
2011-07-12,13828.388212439477,9732.262710669294
2011-07-13,13922.137672056684,9764.854019142325
2011-07-14,13720.190661494866,9697.451346106287
2011-07-15,13936.05941495185,9753.74341285017
2011-07-18,13829.792215678515,9673.752800515922
2011-07-19,14135.78588389062,9830.77050845036
2011-07-20,14084.638790484449,9824.847162783053
2011-07-21,14203.012239076024,9961.130579421348
2011-07-22,14339.227658582335,9967.794435492087
2011-07-25,14304.05290364803,9912.244354271961
2011-07-26,14322.014969079957,9875.21072093849
2011-07-27,13946.748650147962,9673.013027672652
2011-07-28,13944.768785165297,9644.866256740548
2011-07-29,13871.169527894783,9578.948292312189
2011-08-01,13784.057209176603,9538.209894281063
2011-08-02,13563.685033387872,9294.536242821314
2011-08-03,13558.075731357176,9344.898325856426
2011-08-04,13503.567074104883,8907.171858008445
2011-08-05,13526.763485795354,8893.838982945828
2011-08-08,13615.312265897019,8314.640362714375
2011-08-09,13689.28303582344,8701.26940004495
2011-08-10,13801.014999881014,8316.863369045002
2011-08-11,13744.169635838798,8690.158056192633
2011-08-12,13731.17050293611,8748.670179026492
2011-08-15,13785.743049441251,8933.83613301336
2011-08-16,13830.850374716989,8857.544384895466
2011-08-17,13838.301408204725,8863.471418363586
2011-08-18,13880.031960176857,8481.290606374752
2011-08-19,13920.073740857464,8342.78934632697
2011-08-22,14029.204362872359,8349.453939957873
2011-08-23,13903.782752087747,8624.238616643948
2011-08-24,13769.793838886462,8745.705187172107
2011-08-25,13773.17670942296,8612.388975068687
2011-08-26,13912.593936414913,8737.559572734339
2011-08-29,13852.299139532011,8988.644966269889
2011-08-30,13977.810275583728,9012.34277430009
2011-08-31,13946.245791508109,9052.341399487947
2011-09-01,13943.447045505192,8957.532465923236
2011-09-02,14050.19966935818,8728.67197277281
2011-09-06,14045.094915852254,8664.975539554753
2011-09-07,13928.847527438435,8909.391914098425
2011-09-08,14035.850036720334,8816.810412225317
2011-09-09,13993.906140279189,8585.723962503613
2011-09-12,13910.787600129977,8641.273306163575
2011-09-13,13965.950467334536,8720.524883214715
2011-09-14,13943.99912391081,8841.250205779277
2011-09-15,13891.803894823028,8993.829276654089
2011-09-16,13935.41728642068,9047.05678092161
2011-09-19,13871.797955970582,8956.976345560499
2011-09-20,13927.20627519779,8946.550932659567
2011-09-21,13862.095764468006,8683.002985053483
2011-09-22,13732.339723637495,8402.327415347263
2011-09-23,13516.346100792844,8452.954282480814
2011-09-26,13470.559115141803,8653.971141926038
2011-09-27,13553.73099647796,8750.746410884729
2011-09-28,13432.715376614664,8572.072461450674
2011-09-29,13461.20380963428,8639.821050203058
2011-09-30,13453.534245664194,8423.920226672883
2011-10-03,13491.155719670334,8184.193997204345
2011-10-04,13440.496772132767,8363.616570203623
2011-10-05,13496.062235026286,8518.471014180617
2011-10-06,13528.86098340011,8672.57683459239
2011-10-07,13496.948890179565,8614.509460536688
2011-10-10,13606.45133123018,8902.627012285384
2011-10-11,13585.66102547511,8911.561078537168
2011-10-12,13612.440815045255,8989.733605070158
2011-10-13,13599.982016056661,8971.866210126753
2011-10-14,13636.127060903827,9125.230045014763
2011-10-17,13610.117796372546,8951.019072125706
2011-10-18,13603.517073724503,9125.972030538524
2011-10-19,13549.805728194053,9018.023462673844
2011-10-20,13501.894745557925,9057.48145626238
2011-10-21,13548.283158575718,9229.45835941837
2011-10-24,13592.20824546649,9342.621477633922
2011-10-25,13670.977792100404,9160.965572461739
2011-10-26,13706.019983334567,9254.027226000819
2011-10-27,13767.37044552886,9576.391908787993
2011-10-28,13768.348631469282,9574.159314175251
2011-10-31,13690.600532410821,9343.367150958496
2011-11-01,13618.381640082082,9082.792308368587
2011-11-02,13660.17632816239,9230.948230947191
2011-11-03,13773.57253982971,9399.202667961617
2011-11-04,13761.224168134226,9341.877279429676
2011-11-07,13851.444044001448,9399.946866165865
2011-11-08,13848.13952970844,9520.554179104382
2011-11-09,13691.304411645131,9169.154702949112
2011-11-10,13681.845408385943,9255.515622409312
2011-11-11,13802.806749699967,9429.728070418696
2011-11-14,13756.236827057437,9340.387407900855
2011-11-15,13793.202574224339,9386.547610688596
2011-11-16,13730.081232803657,9237.649702586232
2011-11-17,13572.137110462305,9090.984389096611
2011-11-18,13567.094758268478,9081.306862200741
2011-11-21,13436.766096793073,8908.582810599853
2011-11-22,13450.643395625557,8873.595906718103
2011-11-23,13383.479864111143,8677.789172262774
2011-11-25,13335.067579935412,8661.410911288027
2011-11-28,13473.265543647187,8912.307489421906
2011-11-29,13469.452382197976,8937.616866407787
2011-11-30,13644.956974203618,9305.396816218292
2011-12-01,13641.206128736678,9303.906944689472
2011-12-02,13641.834537307644,9295.717814202098
2011-12-05,13616.212468931137,9396.970073348877
2011-12-06,13630.324439834503,9399.946866165867
2011-12-07,13664.163623059545,9434.938195408595
2011-12-08,13527.319004552079,9227.969963009878
2011-12-09,13569.122711176775,9384.312803395367
2011-12-12,13421.978562365457,9247.326491921942
2011-12-13,13328.307606783575,9160.96557246174
2011-12-14,13187.590839890154,9063.438729697176
2011-12-15,13179.230108021873,9096.193776526346
2011-12-16,13245.01713194065,9109.682276783311
2011-12-19,13216.120036894652,9012.283031926907
2011-12-20,13322.848212917816,9284.994426995403
2011-12-21,13319.588663815292,9302.97835644453
2011-12-22,13316.975409808158,9385.391116353356
2011-12-23,13344.271687469909,9469.30407363328
2011-12-27,13316.267989667775,9476.795472206662
2011-12-28,13183.955102244714,9352.425127317629
2011-12-29,13189.58102866948,9449.077223729133
2011-12-30,13223.688942609948,9402.62199687628
2012-01-03,13372.679400393712,9552.466932227655
2012-01-04,13400.463818473607,9567.451204494744
2012-01-05,13443.769122971657,9592.922107156273
2012-01-06,13431.743238529783,9568.199090499806
2012-01-09,13412.030491392852,9591.42633514615
2012-01-10,13489.449975763624,9674.588456180363
2012-01-11,13519.224225678861,9679.83029625726
2012-01-12,13544.48334444719,9703.05901602393
2012-01-13,13507.247767511406,9652.859933784792
2012-01-17,13553.38615556941,9690.322827133003
2012-01-18,13700.614978701531,9797.458603698296
2012-01-19,13754.100485233635,9849.153457947557
2012-01-20,13764.342306115648,9885.864777489893
2012-01-23,13793.88859181104,9860.391662147873
2012-01-24,13749.120563569708,9849.153457947557
2012-01-25,13975.667311449175,9931.566955416547
2012-01-26,13957.929889362204,9880.621462292673
2012-01-27,14027.32261323093,9876.128983341165
2012-01-30,14004.513704975976,9842.409207819075
2012-01-31,14044.09287298898,9838.666089992954
2012-02-01,14139.231255974028,9924.82418040839
2012-02-02,14191.970187841956,9940.557076240702
2012-02-03,14351.797343025924,10079.911693396823
2012-02-06,14336.330214850861,10073.169655948828
2012-02-07,14408.117741688347,10098.639821050196
2012-02-08,14455.867265654546,10128.6098407047
2012-02-09,14546.227749021939,10141.345292035465
2012-02-10,14436.891801661062,10066.42614338051
2012-02-13,14558.98465502427,10141.345292035465
2012-02-14,14579.088372303457,10128.6098407047
2012-02-15,14503.240109552713,10081.410415647595
2012-02-16,14676.046213510012,10193.043834085536
2012-02-17,14663.20887396923,10220.012721437677
2012-02-21,14740.041184598778,10224.512575990811
2012-02-22,14711.834767354681,10191.544374274597
2012-02-23,14796.818653382732,10236.499403756352
2012-02-24,14828.966906220368,10258.97212435617
2012-02-27,14853.573398890412,10276.205217559584
2012-02-28,15005.917083321498,10306.170074292948
2012-02-29,14815.851021920815,10265.71784960498
2012-03-01,14950.35224806088,10318.91216366518
2012-03-02,14935.608700428269,10287.44268419974
2012-03-05,14776.827053510135,10245.486574339857
2012-03-06,14583.321822326254,10095.645326789294
2012-03-07,14746.614215108868,10166.072734052903
2012-03-08,14932.704736328842,10267.215096735425
2012-03-09,15014.247954509374,10306.922385658983
2012-03-12,15008.351821051388,10307.673221904697
2012-03-13,15285.238315344926,10493.474215191718
2012-03-14,15315.988683298798,10482.23822367189
2012-03-15,15374.294227283008,10542.923198745304
2012-03-16,15361.683989979407,10557.520989487097
2012-03-19,15489.717975748119,10598.909178021633
2012-03-20,15493.656370103356,10568.05629885228
2012-03-21,15497.769320659,10550.75239987324
2012-03-22,15452.513056911206,10474.746087538342
2012-03-23,15470.415926828873,10508.613375092988
2012-03-26,15782.330695879917,10656.09811792346
2012-03-27,15785.347305740708,10622.991254896644
2012-03-28,15695.96870984488,10570.318395871533
2012-03-29,15642.350690463505,10552.254072364663
2012-03-30,15615.24688551227,10595.900670117644
2012-04-02,15792.566505342835,10673.409392504129
2012-04-03,15750.088200052045,10629.762057190988
2012-04-04,15502.550100728833,10524.413388900115
2012-04-05,15640.316976066675,10519.144259097196
2012-04-09,15518.004794132814,10401.006297583677
2012-04-10,15236.665578194452,10226.422856812414
2012-04-11,15367.657221174053,10309.19849632133
2012-04-12,15631.626682835746,10443.896158609643
2012-04-13,15389.627797667164,10319.736755927166
2012-04-16,15170.30354545383,10312.960790711684
2012-04-17,15567.561703699977,10465.719826266215
2012-04-18,15515.93870690373,10430.350866220144
2012-04-19,15344.691091599942,10363.381140999656
2012-04-20,15284.201400945878,10380.69094046
2012-04-23,15125.49184941115,10293.400695194694
2012-04-24,15079.676836031302,10332.527524270143
2012-04-25,15418.870983205106,10473.997463973124
2012-04-26,15546.530296313485,10546.98715524224
2012-04-27,15664.05427400747,10564.293266901768
2012-04-30,15552.363835081895,10525.167175386483
2012-05-01,15589.138651254769,10590.633015435056
2012-05-02,15604.226698126924,10559.032987820803
2012-05-03,15410.93949395402,10478.513544849839
2012-05-04,15081.411328188078,10309.19849632133
2012-05-07,15080.010779632743,10316.724560222361
2012-05-08,14975.071398448976,10275.33858436831
2012-05-09,14925.680400458914,10214.385874955802
2012-05-10,14902.371924447643,10235.457231246335
2012-05-11,14883.007134061008,10204.602876956655
2012-05-14,14721.273851016213,10091.728882324913
2012-05-15,14667.26615244897,10033.787631057048
2012-05-16,14584.077917942153,9995.410163106986
2012-05-17,14332.160735755719,9847.167945989337
2012-05-18,14196.081808591174,9762.886946188182
2012-05-21,14527.817491696287,9930.696634424454
2012-05-22,14499.25235436202,9948.002746083981
2012-05-23,14529.71509612263,9953.26966320641
2012-05-24,14499.763696539072,9972.834184084379
2012-05-25,14499.24189515391,9940.476682182949
2012-05-29,14595.32773940596,10060.87379047507
2012-05-30,14513.83441703505,9914.890720136023
2012-05-31,14479.970413227184,9893.072215400593
2012-06-01,14468.858849115997,9643.993723067973
2012-06-04,14510.408807536456,9639.477642191257
2012-06-05,14533.087279052177,9712.468071020538
2012-06-06,14675.731321265599,9930.696634424454
2012-06-07,14590.614953551205,9936.716600473086
2012-06-08,14612.648690703225,10015.724782670508
2012-06-11,14604.674906359372,9888.55392184339
2012-06-12,14654.058808532795,10002.179490281007
2012-06-13,14661.515172872814,9938.22122320516
2012-06-14,14684.55080520477,10043.567678815545
2012-06-15,14705.487126267111,10146.287682686261
2012-06-18,14722.043653371178,10165.953986866694
2012-06-19,14717.558246794088,10264.281082407875
2012-06-20,14686.039898871619,10247.641725135503
2012-06-21,14539.041417797383,10017.70291902709
2012-06-22,14571.822415577062,10094.851712054136
2012-06-25,14573.593048233426,9932.985283609567
2012-06-26,14577.832662852014,9982.907780787664
2012-06-27,14620.7558150851,10072.914460132495
2012-06-28,14498.893652175731,10044.175428389677
2012-06-29,14660.732454988129,10294.541700766515
2012-07-02,14661.84967899678,10325.554630491193
2012-07-03,14734.261868341537,10393.627745715201
2012-07-05,14712.898719677936,10346.73588324598
2012-07-06,14489.679072790457,10248.401412103167
2012-07-09,14466.406486277168,10235.541313104892
2012-07-10,14365.588392627275,10146.28768268626
2012-07-11,14313.941887300574,10147.802631260614
2012-07-12,14198.816353626993,10098.63318300872
2012-07-13,14404.262678183348,10268.066978723438
2012-07-16,14372.657670028102,10243.85877906059
2012-07-17,14436.274319322236,10314.205792266457
2012-07-18,14537.925205455358,10390.60374904779
2012-07-19,14611.605260280363,10417.832995137394
2012-07-20,14412.995207024767,10322.531371383946
2012-07-23,14304.072952618179,10218.147431785994
2012-07-24,14236.812569556478,10130.399899219761
2012-07-25,14221.624049739103,10132.67305964146
2012-07-26,14412.579787617578,10299.838120295457
2012-07-27,14723.498745076287,10489.686106195666
2012-07-30,14712.860683814248,10489.686106195666
2012-07-31,14694.367198422611,10416.32025924353
2012-08-01,14653.286136615288,10407.242368760004
2012-08-02,14604.86771315008,10335.386307461084
2012-08-03,14786.85172000991,10540.37197814224
2012-08-06,14845.499435216358,10560.792068809034
2012-08-07,14964.690190287753,10613.742988015512
2012-08-08,14956.817327466591,10626.597186532486
2012-08-09,15005.897806089244,10635.673601895687
2012-08-10,15026.062017678572,10653.07043345524
2012-08-13,15047.419633102942,10647.77696416695
2012-08-14,15040.70325262987,10649.288962500652
2012-08-15,15078.093080126673,10661.393062332074
2012-08-16,15276.775816241156,10740.059016613965
2012-08-17,15349.611174399852,10754.428901265455
2012-08-20,15371.838248695447,10755.184162872145
2012-08-21,15319.124804885818,10722.6584972536
2012-08-22,15387.882966127663,10727.199655175855
2012-08-23,15268.42732650285,10639.458023090923
2012-08-24,15370.917963698157,10703.748929800186
2012-08-27,15385.280427919663,10706.016927300741
2012-08-28,15382.397977589955,10695.428513603834
2012-08-29,15381.910131846995,10703.748929800184
2012-08-30,15219.448583055975,10626.597186532485
2012-08-31,15369.396510705266,10677.277157997756
2012-09-04,15352.355776360546,10667.44179322705
2012-09-05,15323.145976830934,10658.3683281045
2012-09-06,15806.384294988631,10874.6947238486
2012-09-07,15821.242339146564,10917.055016677687
2012-09-10,15609.566369929842,10855.032107468982
2012-09-11,15601.205432004794,10885.288300466644
2012-09-12,15662.999068055886,10921.590274118635
2012-09-13,15920.713409332018,11088.000073165942
2012-09-14,15985.47704232577,11137.166571177186
2012-09-17,15967.391657710026,11099.348911390676
2012-09-18,15990.009889637624,11090.267333106336
2012-09-19,16025.505056007949,11096.319014241966
2012-09-20,16004.490956732354,11097.08091389012
2012-09-21,16017.35846971488,11092.435022424754
2012-09-24,15900.195406379687,11075.70789549301
2012-09-25,15586.871671284596,10957.840618559228
2012-09-26,15455.738077747166,10896.245494244939
2012-09-27,15670.168921912033,10998.909443543282
2012-09-28,15489.401622743819,10947.957312377943
2012-10-01,15461.697624817898,10976.851969315108
2012-10-02,15467.27326105118,10988.262025033353
2012-10-03,15516.600773186861,11033.124121934596
2012-10-04,15575.431301293997,11112.208272828786
2012-10-05,15545.229479195563,11112.96722223629
2012-10-08,15486.601734421345,11074.946733405015
2012-10-09,15361.371332918736,10965.444126277353
2012-10-10,15298.5379064811,10895.484332156946
2012-10-11,15261.191747549148,10901.567728379576
2012-10-12,15239.40265470746,10865.827775571626
2012-10-15,15301.441009456988,10956.319031943407
2012-10-16,15475.902560646477,11067.34322568689
2012-10-17,15474.820029570377,11117.52976940326
2012-10-18,15413.458843389257,11088.635850026256
2012-10-19,15229.404592893256,10903.851214643548
2012-10-22,15279.6190319099,10905.369851018715
2012-10-23,15130.318541205057,10754.046845101124
2012-10-24,15072.20331122819,10723.625438626997
2012-10-25,15076.813184727467,10754.807269628953
2012-10-26,15111.057297338859,10748.723873406323
2012-10-31,15080.992120006094,10748.723873406323
2012-11-01,15177.489084369405,10861.26301572416
2012-11-02,15122.210994856367,10764.689838250075
2012-11-05,15142.058985501628,10786.744362237598
2012-11-06,15185.395020893326,10871.151484826587
2012-11-07,15127.130603178079,10624.773937810078
2012-11-08,15007.332354485547,10497.018191773872
2012-11-09,15020.84896221984,10506.145498788306
2012-11-12,15021.089928359854,10514.506480793609
2012-11-13,14977.399479961128,10478.00905369848
2012-11-14,14874.23793686799,10336.568616402012
2012-11-15,14860.995029997373,10319.074426900974
2012-11-16,14874.879922266584,10370.027295626474
2012-11-19,14942.939377803295,10579.903727747042
2012-11-20,14944.845072490269,10584.468487594502
2012-11-21,14956.136780685818,10604.24468823919
2012-11-23,15024.596676369065,10748.723873406323
2012-11-26,15021.854169960538,10725.907449770646
2012-11-27,15002.906956387435,10671.15762132714
2012-11-28,15020.709653806507,10757.088543212438
2012-11-29,15041.400203649826,10807.275086928812
2012-11-30,15028.690801644492,10809.55709807246
2012-12-03,14988.440175887905,10756.323693323635
2012-12-04,14976.803550288712,10741.118153007712
2012-12-05,14911.450780704017,10760.129503763594
2012-12-06,15010.57284314302,10796.629881099374
2012-12-07,14981.602648653918,10829.32297287487
2012-12-10,15002.615043575885,10833.888470282493
2012-12-11,15167.5338636134,10907.651862162369
2012-12-12,15156.404266797801,10912.97704653766
2012-12-13,15071.773190857399,10846.055262727754
2012-12-14,15011.26407803606,10805.752025192667
2012-12-17,15131.129737391922,10932.74660914088
2012-12-18,15236.495308386182,11054.415271153639
2012-12-19,15199.386070121918,10972.287209467648
2012-12-20,15185.51909372327,11035.406870638411
2012-12-21,15106.877759597843,10935.232924449621
2012-12-24,15092.422377601988,10901.539701093392
2012-12-26,15023.90012083758,10855.59117807237
2012-12-27,15006.444260577693,10841.038378500509
2012-12-28,14870.487073719865,10723.864408119745
2012-12-31,15161.386744524745,10906.133963347364
2013-01-02,15449.862476066684,11185.656726519155
2013-01-03,15361.295531269192,11160.387915342228
2013-01-04,15332.116887063125,11209.402475959936
2013-01-07,15305.341783873642,11178.770127279255
2013-01-08,15265.923633227418,11146.605128580311
2013-01-09,15270.754735861545,11174.938502233601
2013-01-10,15442.421549627468,11263.771723359449
2013-01-11,15451.186980847673,11263.01424907227
2013-01-14,15433.020292446367,11255.348048740309
2013-01-15,15426.87902678782,11263.014249072266
2013-01-16,15470.67179293337,11261.480123933678
2013-01-17,15608.078590841027,11334.232320830377
2013-01-18,15542.190334644885,11359.504082247955
2013-01-22,15550.768364898782,11420.76877960932
2013-01-23,15583.288193750997,11439.15099154635
2013-01-24,15522.107439445723,11442.213341342222
2013-01-25,15583.502989976758,11506.544813860435
2013-01-28,15586.429910457073,11492.757601737541
2013-01-29,15581.917339719083,11537.942749990085
2013-01-30,15589.397323801379,11492.757601737541
2013-01-31,15531.552019612847,11464.424965644415
2013-02-01,15648.794480120607,11582.356410312357
2013-02-04,15530.947783025864,11452.16892841946
2013-02-05,15718.098545978883,11567.810248781961
2013-02-06,15714.101798482185,11576.227285359637
2013-02-07,15677.295153429768,11560.917011500598
2013-02-08,15774.219045855043,11625.247008898485
2013-02-11,15754.024079817947,11622.945821190604
2013-02-12,15770.877721490011,11642.092145456274
2013-02-13,15776.348239799516,11652.048470093674
2013-02-14,15799.738972987854,11662.763744138578
2013-02-15,15743.028471678448,11648.987595418128
2013-02-19,15842.87236142425,11736.289641646039
2013-02-20,15629.951929657958,11590.018922843507
2013-02-21,15460.820149568,11519.562750733547
2013-02-22,15620.156069483799,11632.143196420502
2013-02-25,15429.192759179628,11410.815405212574
2013-02-26,15538.429961621589,11488.930402052865
2013-02-27,15699.241885604139,11633.6692083973
2013-02-28,15680.004558896033,11610.691996646136
2013-03-01,15686.200497426518,11648.987595418128
2013-03-04,15720.48841016143,11711.020092908948
2013-03-05,15848.642510035232,11815.935813384269
2013-03-06,15861.42097686642,11832.019050293902
2013-03-07,15872.946704283617,11853.466562267455
2013-03-08,15897.855326887933,11904.004184621308
2013-03-11,15928.556003972397,11949.192283114502
2013-03-12,15921.837429541703,11922.38197119736
2013-03-13,15949.157806218342,11939.236696037266
2013-03-14,15987.850870484004,12002.798155745533
2013-03-15,15912.350183563685,11986.950200527826
2013-03-18,15860.76614989048,11920.799167088027
2013-03-19,15823.86691251484,11893.105258095871
2013-03-20,15927.946039664253,11976.182559711364
2013-03-21,15827.596238699936,11873.87116417083
2013-03-22,15953.73085290115,11969.256132222674
2013-03-25,15924.708152321531,11919.259141468137
2013-03-26,16000.103757311328,12014.642634399655
2013-03-27,16014.065936383813,12014.642634399655
2013-03-28,16043.524238893939,12051.566371268871
2013-04-01,15937.170597438115,12003.871305782379
2013-04-02,15946.371005369088,12063.106975135926
2013-04-03,15821.27225444306,11940.80327382301
2013-04-04,15854.219786260459,11989.260238957655
2013-04-05,15791.658506270534,11935.410233912744
2013-04-08,15880.80986470852,12016.182660019542
2013-04-09,15925.212989027397,12057.7190981468
2013-04-10,16048.219975702747,12205.415520743989
2013-04-11,16077.362366795247,12245.414883492009
2013-04-12,15995.679938644796,12215.410936070017
2013-04-15,15632.732511259634,11932.330920233126
2013-04-16,15786.15957672352,12108.489789512092
2013-04-17,15636.132716149215,11931.567545464644
2013-04-18,15506.672277520402,11856.954484277245
2013-04-19,15685.21128138788,11960.028517026096
2013-04-22,15829.023325732094,12013.1077717009
2013-04-23,15930.421499442646,12136.952236193867
2013-04-24,15974.787950721693,12144.643513571365
2013-04-25,16075.405564745965,12193.872704196445
2013-04-26,16025.684769971282,12172.335209883035
2013-04-29,16117.579795027814,12253.873960998963
2013-04-30,16180.247558374085,12283.107895611007
2013-05-01,16065.504973911033,12175.415261122813
2013-05-02,16285.15606236195,12288.495772600134
2013-05-03,16485.37695674355,12413.106562102234
2013-05-06,16558.56745734129,12444.643159542487
2013-05-07,16566.865613154736,12507.723730024623
2013-05-08,16691.299553490844,12564.641247786547
2013-05-09,16674.37043530832,12529.257536537221
2013-05-10,16769.806570631383,12570.029862335836
2013-05-13,16724.003988571367,12580.028227902518
2013-05-14,16804.506591025736,12710.029107074231
2013-05-15,16843.419115561348,12778.48649114305
2013-05-16,16763.229153265616,12718.490397261672
2013-05-17,16902.851131785108,12841.570011865837
2013-05-20,16924.50948182125,12840.802949296543
2013-05-21,16907.90099388692,12859.261129930339
2013-05-22,16715.832392625605,12763.875424318334
2013-05-23,16711.164372580155,12726.954637689769
2013-05-24,16681.542265467095,12716.186259313145
2013-05-28,16842.98334158307,12792.340821240761
2013-05-29,16763.53713418009,12709.26056938462
2013-05-30,16918.95533506753,12756.181196700189
2013-05-31,16701.502982454167,12573.105488214649
2013-06-03,16794.389322998046,12642.338785574717
2013-06-04,16708.835808311458,12581.565303281764
2013-06-05,16387.4268233024,12405.415284724751
2013-06-06,16495.653183977087,12517.719145350664
2013-06-07,16779.726591054783,12676.949533773444
2013-06-10,16797.725038585275,12676.949533773444
2013-06-11,16586.482009104067,12546.183067152762
2013-06-12,16394.762469087087,12442.336071353315
2013-06-13,16638.908130243894,12631.574832559065
2013-06-14,16591.637331677848,12552.337269151018
2013-06-17,16706.80243738239,12649.258575021937
2013-06-18,16846.28350144087,12749.262882373288
2013-06-19,16612.696299785443,12573.105488214649
2013-06-20,16059.514641082846,12261.568188617122
2013-06-21,15997.884931233619,12300.927349143847
2013-06-24,15811.304634587488,12145.492445318741
2013-06-25,15941.70959220898,12262.262232730302
2013-06-26,16002.046010067617,12383.669060885273
2013-06-27,16044.967455511643,12456.36151540879
2013-06-28,16107.500315675139,12405.325302384894
2013-07-01,16181.989668705677,12478.01333154743
2013-07-02,16171.809011846764,12466.414460427513
2013-07-03,16221.502860431476,12471.826676902008
2013-07-05,16314.674557257427,12606.384202759395
2013-07-08,16312.942741186338,12678.296318630686
2013-07-09,16371.838314320561,12769.551687331112
2013-07-10,16408.706615198585,12774.187990514361
2013-07-11,16605.49488895386,12948.1872836367
2013-07-12,16656.69313033903,12953.595074750221
2013-07-15,16676.275787008995,13003.086836793253
2013-07-16,16670.00451334607,12954.372463161793
2013-07-17,16676.906430104624,12987.620200179701
2013-07-18,16632.993100546144,13058.763778361374
2013-07-19,16517.907532149748,13081.970371323161
2013-07-22,16576.56044623524,13107.481102233483
2013-07-23,16529.457734544972,13079.641156329093
2013-07-24,16493.404221119607,13031.705646229535
2013-07-25,16571.536225003503,13063.405982025926
2013-07-26,16579.924826622868,13077.326692538283
2013-07-29,16525.209572061685,13037.107536861753
2013-07-30,16589.46339015554,13037.107536861753
2013-07-31,16631.585255373368,13046.399319792488
2013-08-01,16806.09198922771,13197.184644351411
2013-08-02,16911.65805569624,13219.6123737813
2013-08-05,16907.967800019658,13200.277971674119
2013-08-06,16779.430565769104,13125.274003600445
2013-08-07,16725.57106335245,13082.740384133105
2013-08-08,16854.251282107576,13130.680319593639
2013-08-09,16788.796534384684,13092.790378911179
2013-08-12,16859.23630826026,13077.32669253828
2013-08-13,16956.263512153782,13115.986646030686
2013-08-14,16883.487019722255,13048.710833342644
2013-08-15,16610.555978197684,12866.214847145053
2013-08-16,16589.228862223103,12823.681227677713
2013-08-19,16535.451926877246,12741.71174142672
2013-08-20,16659.83769821566,12804.35125093151
2013-08-21,16559.45297163331,12725.469191521923
2013-08-22,16788.646610630978,12841.460852961745
2013-08-23,16920.53882402762,12884.770385720332
2013-08-26,16919.99520887852,12836.827500019146
2013-08-27,16572.921273378714,12630.360808531123
2013-08-28,16650.233954423715,12675.207416668949
2013-08-29,16756.351523759913,12695.311831586076
2013-08-30,16623.22540305824,12655.103001751826
2013-09-03,16770.412971140515,12712.324394300816
2013-09-04,16970.259616486437,12817.497523272947
2013-09-05,16939.13905149929,12833.732697576115
2013-09-06,16990.884639572938,12839.923777582511
2013-09-09,17170.126527569868,12962.878006959003
2013-09-10,17225.85288140206,13058.763778361375
2013-09-11,17220.062794162743,13099.747046366545
2013-09-12,17117.27351369413,13064.950433006794
2013-09-13,17140.848829805374,13094.337780132699
2013-09-16,17088.22166094461,13170.119136617946
2013-09-17,17197.88584428889,13228.890880629102
2013-09-18,17520.363358214527,13382.006895302418
2013-09-19,17544.178311128577,13359.58211611318
2013-09-20,17389.175021500483,13266.17307173743
2013-09-23,17331.798403917117,13204.78151402807
2013-09-24,17339.783987838597,13173.714004851347
2013-09-25,17303.655900844118,13135.627873165586
2013-09-26,17450.180203132426,13186.140418473906
2013-09-27,17451.645717321775,13125.518873574489
2013-09-30,17373.871726168294,13055.596695022385
2013-10-01,17503.32307010631,13158.936249429838
2013-10-02,17531.561269949696,13146.505410446302
2013-10-03,17348.9387391277,13025.281497211698
2013-10-04,17536.532186832283,13123.972947473298
2013-10-07,17399.194260913904,13010.518492993446
2013-10-08,17059.98555098999,12858.992658031088
2013-10-09,16951.52588719519,12868.312468248007
2013-10-10,17441.22861207322,13145.728022034727
2013-10-11,17541.26632303602,13230.429431128667
2013-10-14,17677.443414704638,13283.274141671705
2013-10-15,17590.647418586683,13186.914856644828
2013-10-16,17798.80962135112,13371.08067905096
2013-10-17,17980.049111090793,13460.449368854985
2013-10-18,18211.509825817084,13551.366935000855
2013-10-21,18259.027127180285,13552.133997570148
2013-10-22,18322.45060020079,13630.626625213785
2013-10-23,18092.202753138336,13565.35402592786
2013-10-24,18212.202679809052,13610.420426994197
2013-10-25,18347.711392836307,13672.590848235457
2013-10-28,18375.299441194635,13694.344447676564
2013-10-29,18466.964242601716,13767.387980837562
2013-10-30,18415.725364661605,13699.007303025672
2013-10-31,18391.71152134663,13660.151158529965
2013-11-01,18384.231644184554,13692.789670853414
2013-11-04,18418.0291496642,13740.973001167667
2013-11-05,18431.70396967958,13697.45400132285
2013-11-06,18440.342086356883,13767.387980837562
2013-11-07,18046.27602245979,13593.322307300572
2013-11-08,18232.004953672713,13776.710741295135
2013-11-11,18219.2665212408,13779.042906529852
2013-11-12,18204.10375553781,13751.071674916491
2013-11-13,18350.12262539454,13861.415100629729
2013-11-14,18428.51277533678,13930.574641973515
2013-11-15,18473.29501445754,13991.184385910326
2013-11-18,18349.26128766786,13942.229567665803
2013-11-19,18311.734301659097,13911.92322057707
2013-11-20,18231.995067424206,13868.40422073225
2013-11-21,18391.76385524127,13980.305373509284
2013-11-22,18439.133772968948,14050.239353023991
2013-11-25,18465.894391999573,14036.253737217312
2013-11-26,18512.96910208058,14040.140679275177
2013-11-27,18627.84652000233,14074.331018181121
2013-11-29,18745.026841692063,14065.006782603226
2013-12-02,18631.123477595927,14028.490178943866
2013-12-03,18594.371449138518,13967.87453452575
2013-12-04,18635.960768789166,13966.316807461953
2013-12-05,18592.931149847704,13904.934100474544
2013-12-06,18745.319671897272,14060.349827735417
2013-12-09,18828.248900550327,14096.086092742555
2013-12-10,18853.66577696661,14045.580923035863
2013-12-11,18590.793519242547,13887.837455901248
2013-12-12,18491.595458612763,13841.99071618269
2013-12-13,18490.72550205423,13840.432989118894
2013-12-16,18645.39866705399,13926.683274554678
2013-12-17,18577.39264692616,13882.391311659265
2013-12-18,18871.1593219638,14119.404794849088
2013-12-19,18769.260547915048,14103.082588446712
2013-12-20,18972.322289495187,14185.122880473331
2013-12-23,19166.356182001284,14260.908662319556
2013-12-24,19196.485383197276,14292.15466105567
2013-12-26,19288.607549475757,14364.814662932024
2013-12-27,19235.85368133261,14364.031374039148
2013-12-30,19195.102232908277,14361.688882962151
2013-12-31,19334.286292403554,14429.66095244386
2014-01-02,19204.187919373904,14291.371372162797
2014-01-03,19113.941572571912,14289.030356206127
2014-01-06,18993.83454363698,14247.622253547193
2014-01-07,19214.56818333851,14335.12491613938
2014-01-08,19247.07070614276,14338.249220988928
2014-01-09,19152.7583375223,14347.629511139196
2014-01-10,19251.54691941001,14386.692172480482
2014-01-13,18940.855031804032,14195.280559035173
2014-01-14,19305.33290333676,14349.969051975542
2014-01-15,19449.406076736872,14427.316986246542
2014-01-16,19426.95093933284,14408.566731788285
2014-01-17,19320.254301163375,14347.629511139197
2014-01-21,19403.929877965336,14389.810576848728
2014-01-22,19460.76412948816,14399.196767480296
2014-01-23,19408.133146308162,14281.212218480634
2014-01-24,18990.178920133574,13976.521689874216
2014-01-27,18740.73214994765,13907.758955898007
2014-01-28,18751.33384171543,13990.581061697178
2014-01-29,18496.962808899778,13856.197600038211
2014-01-30,18897.607029717834,14003.079756215691
2014-01-31,18790.585356194566,13921.039464189069
2014-02-03,18396.219050054333,13607.74455872363
2014-02-04,18542.89837979199,13703.06240880066
2014-02-05,18515.62574615638,13685.871356526526
2014-02-06,18746.021386628785,13866.352328359399
2014-02-07,19076.23139087569,14038.234823814553
2014-02-10,19183.089988388445,14064.01550174445
2014-02-11,19431.66172488955,14217.9295565139
2014-02-12,19476.548245465267,14224.96735558717
2014-02-13,19638.49638544873,14298.401795634443
2014-02-14,19726.142204166914,14377.31335745054
2014-02-18,19806.54516780572,14394.502934604347
2014-02-19,19656.760937591487,14299.185084527315
2014-02-20,19770.74333972804,14383.56786763093
2014-02-21,19738.422158474757,14367.158629129346
2014-02-24,19876.87323477697,14446.850529597668
2014-02-25,19860.71260937855,14441.379308310146
2014-02-26,19831.1571766477,14442.162597203022
2014-02-27,19963.785188513953,14517.948379049243
2014-02-28,19939.675202044546,14554.668549313532
2014-03-03,19810.18653236729,14452.320275764858
2014-03-04,20142.725180891717,14655.457620678082
2014-03-05,20195.464763726275,14668.73960408947
2014-03-06,20228.660680938563,14702.331044143233
2014-03-07,20119.550659456283,14708.587029443956
2014-03-10,20129.697385901836,14700.77626732009
2014-03-11,20047.854508986362,14628.11184008276
2014-03-12,20190.75707701704,14632.016483584532
2014-03-13,19801.2107351388,14467.940324892268
2014-03-14,19618.163538990742,14427.316986246535
2014-03-17,19757.41250408591,14557.797279524057
2014-03-18,19959.21842473915,14661.709180617829
2014-03-19,19806.712577482445,14583.576482333629
2014-03-20,19905.915073544653,14668.739604089471
2014-03-21,19785.126215225162,14611.839787771454
2014-03-24,19678.581330635614,14551.421809476966
2014-03-25,19760.274330695607,14620.475142157313
2014-03-26,19520.98223465934,14515.31971462909
2014-03-27,19411.580741826656,14484.712442993941
2014-03-28,19465.33174240932,14556.124493074867
2014-03-31,19598.43413572123,14675.410098201677
2014-04-01,19875.25428383366,14772.714935357246
2014-04-02,19887.731676864285,14822.158018429529
2014-04-03,19847.07323141177,14802.538918099515
2014-04-04,19600.1039848959,14627.538018276118
2014-04-07,19495.212675739003,14465.87810667713
2014-04-08,19694.2177938995,14525.524597041349
2014-04-09,19960.122438197504,14681.683784946306
2014-04-10,19445.141995777387,14373.28332872109
2014-04-11,19225.734333644243,14243.800216783651
2014-04-14,19359.636310143054,14356.01852043068
2014-04-15,19405.122898431462,14454.898786093949
2014-04-16,19544.993646476603,14606.358240641655
2014-04-17,19599.495008198075,14626.75177914259
2014-04-21,19656.372494233718,14677.764390241278
2014-04-22,19733.142820685618,14744.466381122676
2014-04-23,19655.57348655624,14709.9338143012
2014-04-24,19760.935486626233,14739.759272163798
2014-04-25,19525.054023359942,14618.908564371563
2014-04-28,19542.195250619006,14665.209641150394
2014-04-29,19620.241581790247,14733.476734697215
2014-04-30,19645.763451907766,14777.42204431612
2014-05-01,19633.425801238576,14778.988622101871
2014-05-02,19640.614063028996,14757.80884446741
2014-05-05,19701.58894379385,14786.05739870198
2014-05-06,19587.4135701235,14657.35905077774
2014-05-07,19568.247669354256,14743.681617109474
2014-05-08,19572.438854173943,14727.986336845463
2014-05-09,19608.492420990835,14749.961204335403
2014-05-12,19893.007602577487,14893.564168029152
2014-05-13,19871.713486117154,14906.908106494213
2014-05-14,19826.28441641385,14836.28082042649
2014-05-15,19713.067548008003,14706.014419596175
2014-05-16,19782.255045275935,14757.019655093236
2014-05-19,19861.10366130522,14811.1698471244
2014-05-20,19803.948847302934,14717.782929553534
2014-05-21,19976.77132077006,14841.777118759546
2014-05-22,20061.93684518758,14877.870362885471
2014-05-23,20218.485643213953,14937.512427888712
2014-05-27,20429.899997516604,15029.326867192525
2014-05-28,20364.74309806869,15018.338695887393
2014-05-29,20481.56775182127,15096.0332834349
2014-05-30,20488.368300978545,15120.35654248314
2014-06-02,20470.704880270998,15137.621350773554
2014-06-03,20521.838428418967,15129.77223552122
2014-06-04,20594.58168268476,15160.378032036044
2014-06-05,20779.358168215746,15259.255347458662
2014-06-06,20904.61005882017,15332.232500205011
2014-06-09,20917.591468608127,15347.926305348697
2014-06-10,20984.135125812434,15349.498783615749
2014-06-11,20982.67716714204,15296.13483071811
2014-06-12,20838.947359634738,15187.841822257413
2014-06-13,21008.295239826406,15234.13847367527
2014-06-16,21032.700775336405,15246.699123247454
2014-06-17,21074.522619875155,15289.079330200933
2014-06-18,21211.05924809294,15401.28878312601
2014-06-19,21271.318825586277,15418.558016777399
2014-06-20,21282.266801054913,15449.85564472491
2014-06-23,21289.013622596314,15445.124933840823
2014-06-24,21242.705126176017,15352.081719305814
2014-06-25,21383.32950429639,15421.472854540714
2014-06-26,21358.509566488472,15410.436004264839
2014-06-27,21449.44429070212,15440.39569807706
2014-06-30,21549.382487545598,15432.51708041822
2014-07-01,21814.50481412309,15535.80795585493
2014-07-02,21848.282419097355,15551.576992135218
2014-07-03,21986.66772578591,15628.061981015759
2014-07-07,21904.546663997175,15573.656593168273
2014-07-08,21664.56433375381,15473.515099626644
2014-07-09,21821.71345489079,15542.901809500569
2014-07-10,21784.37166112912,15481.395192405813
2014-07-11,21901.0171933647,15502.69297966632
2014-07-14,21991.519482880405,15580.753397054565
2014-07-15,21903.637301685547,15551.576992135217
2014-07-16,22114.320198134366,15609.140612599736
2014-07-17,21781.803310617262,15431.724940803388
2014-07-18,22103.072578994044,15589.42562944856
2014-07-21,22107.748219957844,15560.249224529212
2014-07-22,22274.982623438544,15628.061981015759
2014-07-23,22262.556597633935,15662.750910591747
2014-07-24,22209.335762675633,15663.547475567551
2014-07-25,22067.872085437906,15590.21481882274
2014-07-28,22075.053919881662,15596.52095821453
2014-07-29,22037.64560159161,15529.498866222486
2014-07-30,22146.570525906554,15531.860533863717
2014-07-31,21491.008128167763,15225.137289448672
2014-08-01,21441.647366554873,15178.614944621002
2014-08-04,21570.231738505336,15288.213434569829
2014-08-05,21394.64041473838,15139.983018414781
2014-08-06,21467.65358520098,15144.71077905822
2014-08-07,21425.09305915806,15062.705889919413
2014-08-08,21582.332866609682,15236.963329098728
2014-08-11,21659.12026428626,15281.113680442886
2014-08-12,21649.4633854024,15259.82916926531
2014-08-13,21828.988545313376,15363.127420303646
2014-08-14,21915.418197464784,15435.663512072653
2014-08-15,21947.25905038547,15432.517080418222
2014-08-18,22044.96875188194,15561.82465303692
2014-08-19,22117.76604685018,15643.038877681223
2014-08-20,22097.585410138217,15684.830511624805
2014-08-21,22056.151690825704,15730.565142198622
2014-08-22,22094.86766420757,15706.125348644662
2014-08-25,22128.28369508763,15785.759719420284
2014-08-26,22178.38150264481,15796.010330562636
2014-08-27,22177.80668084091,15789.701240930193
2014-08-28,22191.36867457985,15781.026058295547
2014-08-29,22248.029442506533,15825.975924856162
2014-09-02,22177.192122487755,15818.085506234716
2014-09-03,22126.341484369073,15809.410323600068
2014-09-04,22083.086911209375,15786.544483433487
2014-09-05,22203.240796615115,15857.509572055764
2014-09-08,22163.43865988291,15816.508602606686
2014-09-09,22035.00801642299,15716.373009546358
2014-09-10,22159.305539663517,15775.507633157606
2014-09-11,22101.235504073906,15793.6427624401
2014-09-12,21947.94743991414,15701.388737279269
2014-09-15,21808.044036290805,15689.559747388565
2014-09-16,22032.591696003885,15807.837845333015
2014-09-17,21994.317413537065,15829.12973211222
2014-09-18,22177.49954660521,15913.496288892256
2014-09-19,22102.725267738795,15899.158119327765
2014-09-22,21937.79294462417,15776.370578548065
2014-09-23,21936.20321002191,15686.062237096652
2014-09-24,22072.40749973656,15808.848302756027
2014-09-25,21769.04429149373,15553.764595578032
2014-09-26,21984.778872571886,15677.350176453863
2014-09-29,21982.01414369724,15648.828724959065
2014-09-30,21928.821913472704,15607.63451474734
2014-10-01,21703.89114498649,15396.122911745882
2014-10-02,21692.148902901285,15398.497855470041
2014-10-03,21726.218070667972,15568.02753400592
2014-10-06,21751.34462389204,15549.803897503889
2014-10-07,21451.125136599538,15309.772318127958
2014-10-08,21948.443713444376,15577.533209383859
2014-10-09,21690.26546673956,15268.584008397534
2014-10-10,21296.60909172618,15094.301492172686
2014-10-13,21158.00999361899,14846.345566407823
2014-10-14,21151.602040921116,14869.31909035817
2014-10-15,21144.668357172955,14768.709983673338
2014-10-16,21131.73399363873,14756.03427471576
2014-10-17,21168.435917998537,14930.319741181258
2014-10-20,21257.48709566726,15075.282765815176
2014-10-21,21386.32308265336,15373.940052290036
2014-10-22,21258.618660296208,15264.620360082743
2014-10-23,21449.351727178964,15442.06258404495
2014-10-24,21559.0910083516,15560.898277472466
2014-10-27,21562.693237643445,15539.510507872099
2014-10-28,21794.569846827857,15717.746346569462
2014-10-29,21642.425114921698,15693.983633244936
2014-10-30,21612.270705036764,15794.591264809444
2014-10-31,21684.256174433285,15975.209422832595
2014-11-03,21699.99244781851,15983.924433716033
2014-11-04,21655.68610772353,15928.470235317069
2014-11-05,21514.135141150833,16029.083767362878
2014-11-06,21570.04350500986,16093.244125923326
2014-11-07,21731.231652774222,16108.296253725392
2014-11-10,21649.04410402608,16158.999089555713
2014-11-11,21785.082558596165,16174.838931611628
2014-11-12,21783.2324739547,16157.414810326054
2014-11-13,21858.532931065467,16175.63549658743
2014-11-14,22066.770728275096,16179.593244420923
2014-11-17,21994.300629138263,16189.889584293367
2014-11-18,22173.35502945934,16283.365009083765
2014-11-19,22022.421605604828,16257.227352035083
2014-11-20,22160.86386885222,16285.739952807928
2014-11-21,22220.611220022198,16372.88563628133
2014-11-24,22330.454628257798,16418.8312090617
2014-11-25,22369.947105792504,16406.947639718946
2014-11-26,22463.159406539227,16448.93841490648
2014-11-28,22360.19139645805,16414.08132161338
2014-12-01,22439.548081121953,16300.00731659679
2014-12-02,22431.844647986014,16405.363360489293
2014-12-03,22565.73385718844,16468.737479916213
2014-12-04,22536.40235071387,16450.52121901581
2014-12-05,22479.4683873879,16477.453965919976
2014-12-08,22358.78105443897,16367.342134097853
2014-12-09,22531.268239614794,16356.24775412928
2014-12-10,22138.646417298412,16094.031840177178
2014-12-11,22251.282583073466,16175.635496587432
2014-12-12,21967.02397378316,15914.213197370485
2014-12-15,21573.305487844915,15804.889079802215
2014-12-16,21265.5004823384,15678.136415587396
2014-12-17,21615.453039632986,15985.504287584716
2014-12-18,22202.244261259682,16380.808507549938
2014-12-19,22203.960516515897,16450.506467812556
2014-12-22,22167.991896356816,16526.181615634363
2014-12-23,22163.20700708337,16548.485434956907
2014-12-24,22176.843053496075,16550.075614667865
2014-12-26,22309.53038226798,16603.44694316713
2014-12-29,22232.39452897739,16625.749287369348
2014-12-30,22280.090416828705,16536.53696031983
2014-12-31,22141.915095524095,16372.444575303989
2015-01-02,22143.53840441939,16363.674984968506
2015-01-05,22062.04421761006,16068.159704787102
2015-01-06,21955.17402823427,15916.812359384137
2015-01-07,22059.20717109902,16115.158513479928
2015-01-08,22287.2894253877,16401.120914432973
2015-01-09,22343.39594805569,16269.684743184485
2015-01-12,22360.193659950306,16142.235822175999
2015-01-13,22318.842077279987,16096.83456879576
2015-01-14,22275.54784272145,15999.653641747542
2015-01-15,22388.340067574885,15853.087161319734
2015-01-16,22619.69820854004,16060.98619464388
2015-01-20,22785.87049953119,16095.241438844148
2015-01-21,22829.629498709688,16176.488116135612
2015-01-22,22949.3825982001,16417.04926370842
2015-01-23,22891.776519473027,16327.037421442448
2015-01-26,22788.94018852621,16365.275490521743
2015-01-27,22442.65465721866,16149.409332319217
2015-01-28,22343.666748927822,15942.299488369246
2015-01-29,22318.50998351391,16089.666959133838
2015-01-30,22328.300999985826,15887.342405519998
2015-02-02,22448.463936861797,16084.089529182875
2015-02-03,22435.707608241017,16316.683551877304
2015-02-04,22461.018263763006,16254.552958884833
2015-02-05,22495.24403275568,16418.640918539702
2015-02-06,22277.093827293196,16373.236714918812
2015-02-09,22304.35166369742,16299.960112746374
2015-02-10,22294.279279581293,16473.605376990577
2015-02-11,22241.755355061792,16483.161206459587
2015-02-12,22413.42654331782,16641.680586885446
2015-02-13,22572.903443463376,16710.18074944371
2015-02-17,22455.037807513196,16736.474769246903
2015-02-18,22497.84243336599,16738.060523596883
2015-02-19,22537.418273984513,16726.11204895981
2015-02-20,22582.85112937947,16826.483661272225
2015-02-23,22608.13476905006,16824.093966344808
2015-02-24,22605.390454411892,16871.886389772786
2015-02-25,22600.357853175403,16857.551170448947
2015-02-26,22695.153025365147,16837.634095813166
2015-02-27,22641.81194993461,16780.279942434878
2015-03-02,22732.060563933588,16886.226034457603
2015-03-03,22637.152744307816,16816.91898108126
2015-03-04,22558.391766125977,16746.02469823461
2015-03-05,22576.220526395933,16764.347167798453
2015-03-06,22208.855520630103,16528.565410080475
2015-03-09,22277.596969844082,16597.07147312004
2015-03-10,21826.000477745,16327.833986418249
2015-03-11,21651.90352641813,16289.600342699932
2015-03-12,21799.235928391106,16496.713136890554
2015-03-13,21707.23970990146,16395.54495960233
2015-03-16,21996.522688225636,16614.59442746743
2015-03-17,21976.69041686899,16565.210349208166
2015-03-18,22260.078196953884,16764.347167798456
2015-03-19,22277.882488790634,16687.885780843124
2015-03-20,22461.71978237969,16835.185396072735
2015-03-23,22465.358591823482,16802.380195152495
2015-03-24,22423.328689853726,16707.96511871471
2015-03-25,22062.863613636928,16463.133497799394
2015-03-26,22028.18836532583,16423.924799545875
2015-03-27,22091.492142681152,16461.525616644525
2015-03-30,22293.778019162663,16662.35882360922
2015-03-31,22033.806978403354,16516.737895310096
2015-04-01,22032.71012707098,16458.330506019352
2015-04-02,21999.83744771195,16517.535935406228
2015-04-06,22099.091564796377,16628.752632352196
2015-04-07,22063.109450435823,16584.743892559294
2015-04-08,22097.964778373273,16640.75273620067
2015-04-09,22125.616977943613,16714.361240446364
2015-04-10,22253.303560612185,16805.576780897994
2015-04-13,22171.219751324486,16729.562355401307
2015-04-14,22094.88941727724,16761.576891827044
2015-04-15,22154.39314837996,16836.78000114467
2015-04-16,22128.840371514267,16831.977009364633
2015-04-17,22124.098752197144,16638.35566567163
2015-04-20,22209.394578844924,16790.375665943047
2015-04-21,22252.570492727195,16770.373034328386
2015-04-22,22226.371603399417,16852.785056677047
2015-04-23,22328.114829335864,16895.19329091671
2015-04-24,22415.404588863657,16934.399038929576
2015-04-27,22516.917722910574,16863.987120429385
2015-04-28,22543.605944381416,16917.59446818074
2015-04-29,22413.790259461333,16847.98354001733
2015-04-30,22080.316757343262,16679.158968997075
2015-05-01,22360.401057521765,16859.985118986126
2015-05-04,22450.894537350217,16907.98995974099
2015-05-05,22099.48300647547,16714.361240446353
2015-05-06,22001.20867487013,16645.548352379075
2015-05-07,22016.580108004706,16711.962694796985
2015-05-08,22102.903763837607,16931.99901815988
2015-05-11,22057.583961748074,16851.18012576283
2015-05-12,22093.04336672501,16800.775264238273
2015-05-13,22217.715595811846,16803.971849983773
2015-05-14,22323.69698647749,16979.201393457635
2015-05-15,22335.25188353279,16997.602044398733
2015-05-18,22403.671765185776,17050.40987693363
2015-05-19,22291.56453188707,17044.811795298112
2015-05-20,22311.35044641126,17032.807266088665
2015-05-21,22375.256727122982,17082.418512878063
2015-05-22,22358.976088109583,17041.613734432285
2015-05-26,22071.812979336042,16858.386088553212
2015-05-27,22434.013726314854,17018.408616590823
2015-05-28,22402.174413704477,16999.20845043327
2015-05-29,22314.578828925667,16893.588360002494
2015-06-01,22354.91905919284,16927.994066475967
2015-06-02,22239.80130639863,16911.19097084746
2015-06-03,22282.489162129903,16955.99922585682
2015-06-04,21985.438032909933,16812.776843207066
2015-06-05,21901.3629233169,16783.975118850412
2015-06-08,21556.931518152673,16680.76242479096
2015-06-09,21526.52271504016,16678.359453780613
2015-06-10,21941.717874889593,16878.387245047546
2015-06-11,21986.710608507663,16932.79705825601
2015-06-12,21790.448094596653,16803.175285007965
2015-06-15,21701.42953633711,16731.17171167649
2015-06-16,21822.151416662968,16822.3857770078
2015-06-17,21888.606777084307,16849.582570450235
2015-06-18,22237.086950359215,17024.812113924098
2015-06-19,22142.831781579684,16949.232848923453
2015-06-22,22276.167169617245,17036.06138152686
2015-06-23,22253.699816417688,17048.12491554933
2015-06-24,22103.93803889742,16924.309215902707
2015-06-25,22075.7065765187,16872.849643345377
2015-06-26,21844.662561934,16869.63240591532
2015-06-29,21102.03056304272,16515.87199967898
2015-06-30,21156.535332592633,16550.44586986957
2015-07-01,21349.720998311608,16683.10639098828
2015-07-02,21353.673050896323,16667.830044896727
2015-07-06,21290.815924671668,16620.400501068838
2015-07-07,21345.672281773757,16724.915726375762
2015-07-08,21154.639113141442,16444.316862926473
2015-07-09,21156.831544348195,16474.064139411814
2015-07-10,21417.264032134226,16681.499984953734
2015-07-13,21568.40640393081,16865.617128389127
2015-07-14,21667.797636800406,16938.777196055846
2015-07-15,21669.730615979268,16933.14813689349
2015-07-16,21925.124380631525,17069.025895442257
2015-07-17,22149.964325518653,17083.508626798655
2015-07-20,22154.906266256363,17092.34459754879
2015-07-21,22111.65360428413,17024.81063880377
2015-07-22,21918.50175398819,16994.25794662067
2015-07-23,21815.75078286853,16898.57869206388
2015-07-24,21678.496547836123,16723.30489498025
2015-07-27,21426.4825462193,16626.022184629568
2015-07-28,21668.454452468948,16830.239317621104
2015-07-29,21812.241242455053,16946.015611493396
2015-07-30,21914.985453477228,16950.03531438056
2015-07-31,21914.298856564375,16924.309215902707
2015-08-03,21800.717463061465,16867.222059303345
2015-08-04,21777.518261393496,16834.260495628598
2015-08-05,21874.144902857835,16889.73829595277
2015-08-06,21656.12934558326,16751.44724055138
2015-08-07,21633.06853125857,16719.286667213415
2015-08-10,21951.179087912336,16929.935324824415
2015-08-11,21781.758144495914,16777.176289269883
2015-08-12,21934.687962561416,16797.27332858538
2015-08-13,21842.92405514206,16776.373823812777
2015-08-14,21862.903578305293,16837.477733058655
2015-08-17,22010.518591806613,16931.541730858953
2015-08-18,21932.32948206762,16882.49988051522
2015-08-19,21913.21549475166,16749.03246857843
2015-08-20,21594.091340026185,16399.29766571056
2015-08-21,21455.757037135518,15905.633897556992
2015-08-24,21295.865098537302,15235.898292223666
2015-08-25,21212.88438658817,15056.601842012224
2015-08-26,21319.33882710128,15634.688221518196
2015-08-27,21411.019305186146,16021.411666549606
2015-08-28,21457.265271061606,16022.21560712704
2015-08-31,21419.073199123337,15892.769373197738
2015-09-01,21403.5628888849,15418.409029624514
2015-09-02,21401.779111325828,15711.064051494648
2015-09-03,21351.893733935376,15722.322169819361
2015-09-04,21317.89468304402,15484.338057455316
2015-09-08,21350.198004191974,15873.473324219025
2015-09-09,21255.624672920727,15661.218260573483
2015-09-10,21280.209834273202,15746.440387142346
2015-09-11,21273.37451197115,15818.002899496481
2015-09-14,21274.78803423105,15759.306386621927
2015-09-15,21265.27514348258,15956.285104175919
2015-09-16,21358.11254058319,16094.570259096005
2015-09-17,21422.224992374202,16058.38998287087
2015-09-18,21459.3192728377,15795.970502313841
2015-09-21,21421.973577225133,15877.600710889954
2015-09-22,21362.956832735817,15671.520500927227
2015-09-23,21389.107761819734,15646.46410707718
2015-09-24,21518.07809774164,15589.887342110462
2015-09-25,21471.671437381225,15585.848462659063
2015-09-28,21357.427114893777,15194.684905447704
2015-09-29,21325.83726531349,15203.578405890534
2015-09-30,21286.19392557638,15487.248469857654
2015-10-01,21284.062558391044,15527.66086629683
2015-10-02,21413.394345470977,15759.608786288665
2015-10-05,21417.70231133179,16040.048336742795
2015-10-06,21465.199003921036,15985.089778773223
2015-10-07,21464.497630339476,16116.017033509392
2015-10-08,21441.400621114943,16261.493400016607
2015-10-09,21529.514607330686,16271.18789079622
2015-10-12,21551.561790062635,16286.54389338535
2015-10-13,21569.7949898247,16183.903546012214
2015-10-14,21659.6422052082,16106.3181173688
2015-10-15,21653.393093500443,16353.62351507009
2015-10-16,21621.42136505348,16427.97695508019
2015-10-19,21604.982924946024,16436.05913934396
2015-10-20,21633.031375094044,16415.041624945312
2015-10-21,21578.897359819297,16313.215543991888
2015-10-22,21601.57401676401,16588.80489881556
2015-10-23,21940.146820712736,16770.64445646828
2015-10-26,21944.950146569354,16729.429594571993
2015-10-27,21983.29092193916,16697.102332637238
2015-10-28,22042.652321769965,16887.027024794377
2015-10-29,21959.501930273385,16877.329583774113
2015-10-30,21876.384645892034,16804.586975159527
2015-11-02,21984.499226179923,17003.400742398524
2015-11-03,21939.967153069745,17052.703689039878
2015-11-04,21880.359945751934,17000.978594823944
2015-11-05,21809.42245271834,16984.00438523767
2015-11-06,21732.11893312065,16975.11383503549
2015-11-09,21586.110449295495,16816.708038874694
2015-11-10,21505.289577343447,16855.509603918355
2015-11-11,21457.98994890984,16789.23834817202
2015-11-12,21241.76432998377,16554.863855244632
2015-11-13,21138.012484140396,16368.980992779543
2015-11-16,21197.7872916932,16617.901647237326
2015-11-17,21113.094564623945,16605.776158161185
2015-11-18,21534.53217101176,16869.241499029038
2015-11-19,21613.356235551237,16854.69976285962
2015-11-20,21687.089250705776,16916.119347855165
2015-11-23,21593.496021782987,16896.72004045366
2015-11-24,21626.125681550704,16919.355761849452
2015-11-25,21605.601622494556,16916.930664034226
2015-11-27,21554.980181627692,16936.329971435727
2015-11-30,21555.54056382911,16866.00951039572
2015-12-01,21799.07155681781,17026.843354612392
2015-12-02,21588.333862784162,16853.084506103118
2015-12-03,21420.193295694116,16617.088855937935
2015-12-04,22053.07800773816,16941.172791464553
2015-12-07,21892.696218831054,16838.536869452397
2015-12-08,21892.313787709045,16725.381864398634
2015-12-09,21648.828011009013,16595.270351202504
2015-12-10,21743.436613052705,16638.104895216256
2015-12-11,21431.250947322023,16315.640641807107
2015-12-14,21346.719454804763,16398.074790960654
2015-12-15,21392.417785004418,16570.21985783376
2015-12-16,21484.367992833486,16812.670634543614
2015-12-17,21129.86677047163,16556.47616176047
2015-12-18,21112.151611202124,16261.522902423107
2015-12-21,21208.687611533645,16395.67181995031
2015-12-22,21205.571604064666,16544.44655550549
2015-12-23,21218.028348913784,16749.31716680125
2015-12-24,21259.741848007587,16721.67783726114
2015-12-28,21178.37525180814,16683.46484522738
2015-12-29,21418.425065052084,16861.51186852307
2015-12-30,21227.362030062814,16742.002045106776
2015-12-31,21041.994119350806,16574.52720918441
2016-01-04,21025.414051850286,16342.825634286946
2016-01-05,21032.676281027674,16370.464963827057
2016-01-06,21071.13093292355,16163.96581969187
2016-01-07,21035.23887440541,15776.164061702471
2016-01-08,20984.319070781403,15602.992311082773
2016-01-11,20950.0044805328,15618.441246252414
2016-01-12,20965.97717741211,15744.4534000638
2016-01-13,20870.23852479618,15351.782269879712
2016-01-14,20864.05143040913,15603.811002863462
2016-01-15,20809.952452058904,15268.856905657753
2016-01-18,20809.952452058904,15268.856905657753
2016-01-19,20817.437666366048,15289.181113503386
2016-01-20,20875.565141808107,15093.249731380547
2016-01-21,20885.162913349453,15177.80362844193
2016-01-22,20958.29235359637,15489.177927243483
2016-01-25,20959.3446076197,15255.035028207209
2016-01-26,21047.646403928604,15463.161230061494
2016-01-27,20979.379829600814,15294.872127719416
2016-01-28,20973.851664611277,15374.549276984482
2016-01-29,21067.142601481683,15749.340473702398
2016-02-01,21124.38312460637,15743.646509245717
2016-02-02,21103.861106627177,15459.911539984274
2016-02-03,21166.942822762827,15552.593350039519
2016-02-04,21242.703188009218,15576.981514382085
2016-02-05,21300.911034465316,15280.237458969486
2016-02-08,21368.634599855166,15074.552581254013
2016-02-09,21353.716043993736,15075.363897433073
2016-02-10,21405.873984130092,15062.357761522568
2016-02-11,21660.712079703982,14866.423429159076
2016-02-12,21641.66093641631,15172.922455284639
2016-02-16,21472.744748156452,15429.01514476532
2016-02-17,21537.88443949743,15681.04387774907
2016-02-18,21681.61391213148,15616.818613894297
2016-02-19,21645.134192890946,15609.504967320147
2016-02-22,21547.02969745322,15835.51257776093
2016-02-23,21626.56465851366,15635.512813780184
2016-02-24,21657.560096438527,15707.059099810735
2016-02-25,21685.781784936746,15897.305368198848
2016-02-26,21640.150497076647,15860.716483643535
2016-02-29,21716.27223086546,15736.325487069944
2016-03-01,21699.522460161108,16106.242886232194
2016-03-02,21752.24772556136,16178.597538201157
2016-03-03,21862.826570937672,16242.010010756543
2016-03-04,21851.76344564265,16294.854721299582
2016-03-07,21876.918846567787,16307.86380745074
2016-03-08,21838.62256692321,16129.8197343957
2016-03-09,21793.619185185413,16209.490983179465
2016-03-10,21895.66765169036,16222.49711908997
2016-03-11,21802.89408355308,16484.28377302733
2016-03-14,21703.7563474483,16463.14824900264
2016-03-15,21709.767620644117,16436.31433516029
2016-03-16,21900.790276538326,16531.443369835644
2016-03-17,21871.332920372395,16636.31557426136
2016-03-18,21852.868369509924,16701.689956849747
2016-03-21,21809.399255166318,16725.389240000273
2016-03-22,21837.87611267122,16716.398381615953
2016-03-23,21645.80961475605,16606.0770827076
2016-03-24,21631.466368129088,16598.722132764335
2016-03-28,21643.688884075975,16608.527257568367
2016-03-29,21825.21611765496,16762.161039475955
2016-03-30,21730.81132794396,16835.713489149275
2016-03-31,21760.369957863026,16794.849705890476
2016-04-01,21844.48682161868,16909.252662739666
2016-04-04,21737.464851248693,16854.50504697665
2016-04-05,21685.22414313968,16686.162840302848
2016-04-06,21874.63279275039,16868.393304841844
2016-04-07,21734.14754704256,16666.546690213487
2016-04-08,21742.971568635574,16711.49360653345
2016-04-11,21749.992431240542,16672.268681956353
2016-04-12,21915.97469686845,16827.53984742532
2016-04-13,22059.221865064632,16997.512062058864
2016-04-14,21961.355688724543,16998.329278719226
2016-04-15,21950.664417279742,16979.5288701699
2016-04-18,22011.150156601485,17098.842502582895
2016-04-19,22015.127204915254,17152.778802166853
2016-04-20,21999.577438308155,17169.118710013136
2016-04-21,22008.861319407686,17076.780602993746
2016-04-22,21894.69571596377,17076.780602993746
2016-04-25,21879.062293077917,17047.354902739375
2016-04-26,21880.724668833587,17072.693044571606
2016-04-27,21856.7953187473,17107.83188584689
2016-04-28,21814.458650616154,16952.566620859223
2016-04-29,21813.000899479222,16861.036879778243
2016-05-02,21901.784901000992,16995.058936957445
2016-05-03,21803.203804660672,16847.145671672395
2016-05-04,21720.877120909914,16753.168705971304
2016-05-05,21717.365836640067,16749.901314450177
2016-05-06,21796.328580212175,16811.18961373675
2016-05-09,21725.52980916969,16825.0867223239
2016-05-10,21857.750746383088,17034.283861534546
2016-05-11,21865.586937038057,16874.926612763764
2016-05-12,21824.489889208,16879.83728832757
2016-05-13,21832.04886336324,16732.736814341908
2016-05-16,21865.14337640919,16897.811629494583
2016-05-17,21848.252981432994,16740.0932394055
2016-05-18,21815.546350143748,16744.998014488003
2016-05-19,21793.52659173152,16686.978581842883
2016-05-20,21811.415498102615,16792.399531029703
2016-05-23,21799.7475751252,16769.51451429889
2016-05-24,21783.27101009028,16986.888245474143
2016-05-25,21791.70264654391,17102.111369224345
2016-05-26,21786.376684703406,17107.017619427177
2016-05-27,21766.377618363418,17180.564168619192
2016-05-31,21796.187863200194,17147.868126603043
2016-06-01,21784.276452565573,17183.011393239303
2016-06-02,21803.137527303385,17235.308834141557
2016-06-03,21803.64309766036,17183.830085019992
2016-06-06,21862.22544233045,17271.264892077204
2016-06-07,21899.731993115598,17298.235992109832
2016-06-08,21941.77338538906,17354.620991434233
2016-06-09,21935.405148473885,17330.91875804305
2016-06-10,21738.923743351002,17166.66558491172
2016-06-13,21598.97624778946,17034.283861534546
2016-06-14,21609.322045776607,17000.776503339337
2016-06-15,21585.148356785834,16977.08312067011
2016-06-16,21593.046287059413,17027.747603371965
2016-06-17,21464.13128227403,16964.333655696257
2016-06-20,21613.146529489637,17073.58401724825
2016-06-21,21622.142616963672,17122.046145304033
2016-06-22,21603.26072600066,17094.11474193946
2016-06-23,21808.082276609948,17316.732525872092
2016-06-24,21331.843292978287,16694.899977991165
2016-06-27,20900.14539577917,16395.89898848045
2016-06-28,21138.670335772156,16691.616360146454
2016-06-29,21491.211780673104,16975.835168874684
2016-06-30,21669.220224742323,17207.479214079453
2016-07-01,21737.368063792645,17243.61818693547
2016-07-05,21666.77445755491,17119.58269436034
2016-07-06,21747.943245473685,17222.25844462129
2016-07-07,21780.141506648346,17211.5844739455
2016-07-08,22156.11276434979,17467.868929068503
2016-07-11,22270.18283340232,17529.484705067352
2016-07-12,22345.095075448018,17656.80086524654
2016-07-13,22342.966321589087,17654.338889423172
2016-07-14,22376.355929399673,17752.9108549384
2016-07-15,22341.405136476056,17729.092087041503
2016-07-18,22477.502294593975,17776.736998436925
2016-07-19,22397.498041457708,17758.662349087776
2016-07-20,22465.700128639408,17832.59537980509
2016-07-21,22430.153953040422,17765.235485258494
2016-07-22,22504.415064893692,17844.90968428291
2016-07-25,22492.087205290092,17796.44460598647
2016-07-26,22612.96838094284,17804.662501320196
2016-07-27,22782.378454888978,17785.772110431008
2016-07-28,22825.5392004264,17806.310210723852
2016-07-29,22897.03807630744,17835.05735562846
2016-08-01,22995.217292561734,17820.275174845974
2016-08-02,22793.99918248079,17706.090535804968
2016-08-03,22847.020898235674,17757.842182186763
2016-08-04,22932.99419588796,17776.736998436925
2016-08-05,23185.940414332523,17922.12780796526
2016-08-08,23152.663487780457,17911.44793680817
2016-08-09,23235.1073735198,17922.12780796526
2016-08-10,23152.606865739053,17877.769464655197
2016-08-11,23250.63931795289,17960.73908248692
2016-08-12,23266.65564657236,17945.132309442448
2016-08-15,23431.14989644777,17996.875105102292
2016-08-16,23287.994113930778,17904.062009338068
2016-08-17,23299.670344695733,17937.74048149104
2016-08-18,23351.43443179537,17977.987664453754
2016-08-19,23379.591312404595,17951.70102025219
2016-08-22,23370.781442428874,17950.87937823085
2016-08-23,23473.063446623404,17987.01982620719
2016-08-24,23255.258540451217,17895.020996862684
2016-08-25,23238.67539328003,17882.69931678324
2016-08-26,23283.64940939391,17849.017894389614
2016-08-29,23373.492275528017,17936.914414108727
2016-08-30,23240.89866216498,17907.339726701477
2016-08-31,23209.881886793817,17856.415622822322
2016-09-01,23311.28634027362,17857.23136436236
2016-09-02,23390.30793279104,17937.740481491044
2016-09-06,23566.55600989272,17991.94672809458
2016-09-07,23532.529133211785,17990.31081965353
2016-09-08,23391.89186317514,17949.237569308498
2016-09-09,22673.111293459024,17519.622050570633
2016-09-12,23244.41769947597,17770.984029167226
2016-09-13,22990.65344777687,17515.516790704583
2016-09-14,23169.581423951615,17508.94660477452
2016-09-15,23715.148669332044,17683.912101710102
2016-09-16,23706.78187690625,17615.549125342124
2016-09-19,23632.308739557084,17618.850444630738
2016-09-20,23630.11291221662,17619.67798713338
2016-09-21,23928.78308408506,17817.822049744565
2016-09-22,24127.814758598386,17930.103783565595
2016-09-23,23937.11686899223,17831.854869401668
2016-09-26,23707.235132261878,17687.38010959551
2016-09-27,23978.404267647224,17797.180691028938
2016-09-28,24023.688415736815,17885.519746845723
2016-09-29,23933.32687574171,17723.701997371896
2016-09-30,24207.075227225356,17857.449682170547
2016-10-03,24111.248045653596,17814.519255335632
2016-10-04,23965.33416841931,17723.7019973719
2016-10-05,24084.883546180867,17802.131194841535
2016-10-06,24084.090600507265,17814.51925533563
2016-10-07,24046.078720618545,17753.42862217268
2016-10-10,24197.527659141404,17845.88916417909
2016-10-11,23771.064930015255,17620.505529636022
2016-10-12,23751.690266527577,17643.626565618928
2016-10-13,23581.0737374097,17585.83282638362
2016-10-14,23657.94843603813,17594.910716867147
2016-10-17,23567.417632254637,17533.818608583875
2016-10-18,23884.00223072496,17643.626565618928
2016-10-19,23814.94429514132,17690.6799537638
2016-10-20,23816.7648058821,17657.660860396354
2016-10-21,23892.196416731822,17665.90973325691
2016-10-24,24197.910512672526,17741.042036798914
2016-10-25,24129.7294016836,17681.60058815995
2016-10-26,23968.340934376396,17646.107718006533
2016-10-27,23896.690607710098,17599.03810353808
2016-10-28,23744.33419299786,17547.02536085866
2016-10-31,23748.1910658883,17547.851428240978
2016-11-01,23495.96180246665,17420.71228250086
2016-11-02,23256.98942750772,17315.86368000035
2016-11-03,22994.59400467885,17236.6084151484
2016-11-04,22895.074968101264,17217.619191197402
2016-11-07,23380.314226046452,17597.390394134425
2016-11-08,23417.168849015998,17676.647134106708
2016-11-09,23404.23221858089,17864.058221229083
2016-11-10,23124.832957318205,17908.636357467658
2016-11-11,23238.091153488444,17867.355115156723
2016-11-14,23065.615243140284,17881.38940993415
2016-11-15,23405.27209016405,18020.91219080738
2016-11-16,23474.870715595815,17987.068505177944
2016-11-17,23569.28049011194,18079.536422785983
2016-11-18,23558.391516678254,18039.07682249639
2016-11-21,23680.828741598976,18175.299759201334
2016-11-22,23789.021456953105,18210.798529836058
2016-11-23,23697.95242236641,18220.712813544178
2016-11-25,23738.057294535498,18288.406085284354
2016-11-28,23736.855341499897,18202.540806253543
2016-11-29,23722.59916255139,18238.04400224924
2016-11-30,23565.40662903218,18194.29045827266
2016-12-01,23001.64453084202,18127.417353433495
2016-12-02,23124.066855637124,18136.496719037346
2016-12-05,23295.15326357448,18245.47418332911
2016-12-06,23383.29115407258,18303.264972323766
2016-12-07,23724.003145554576,18542.682901644257
2016-12-08,23771.42115728762,18588.09300574645
2016-12-09,23786.475545893092,18700.373264447153
2016-12-12,23736.914176729555,18678.904363228878
2016-12-13,23934.262725102617,18803.5682570627
2016-12-14,23827.96567855842,18648.36494712871
2016-12-15,23911.914580048935,18725.14496007436
2016-12-16,23814.964359659934,18688.516247270258
2016-12-19,23945.530823203502,18729.21334193227
2016-12-20,23980.309962773787,18801.457359876815
2016-12-21,23961.49282123343,18749.142217530654
2016-12-22,23955.853250953594,18716.755950782874
2016-12-23,23993.74172056217,18744.162211311548
2016-12-27,24108.31019079199,18790.666854695304
2016-12-28,23957.37766677156,18635.37208730113
2016-12-29,23950.34131232227,18631.219623584664
2016-12-30,23704.64798826811,18563.125119115935
2017-01-03,23862.323027808918,18705.130527497095
2017-01-04,23928.512323772822,18816.40917949674
2017-01-05,23983.516581357973,18801.457359876815
2017-01-06,24063.05127242223,18868.727272083554
2017-01-09,24129.050682283974,18806.443266577226
2017-01-10,24178.348452574704,18806.443266577226
2017-01-11,24263.95302416571,18859.59627726831
2017-01-12,24182.43783502962,18812.256715780277
2017-01-13,24311.332906197662,18855.440863311193
2017-01-17,24236.27509531483,18789.001443847745
2017-01-18,24321.029195492218,18830.531981493703
2017-01-19,24269.58328916997,18760.770591057084
2017-01-20,24368.74337686268,18829.695588269107
2017-01-23,24372.076847901182,18780.69799153514
2017-01-24,24575.68891831461,18901.115013951658
2017-01-25,24824.282666985004,19064.71323365844
2017-01-26,24782.16973915895,19044.784358060057
2017-01-27,24870.068945729654,19014.892519782807
2017-01-30,24686.85848475693,18896.962550235192
2017-01-31,24626.712586164635,18895.30303986893
2017-02-01,24812.79903619868,18902.775999438243
2017-02-02,24805.905955256916,18915.237815948614
2017-02-03,24902.9011209797,19045.61042544237
2017-02-06,24964.690513956946,19011.566123448658
2017-02-07,25060.933737007428,19012.398091312276
2017-02-08,25125.55458570201,19037.308448250093
2017-02-09,25161.612691468326,19150.251035976977
2017-02-10,25250.20886201404,19225.819975135342
2017-02-13,25408.642881867967,19330.46058566994
2017-02-14,25466.18537273013,19407.69198543522
2017-02-15,25646.3488745232,19509.007674755994
2017-02-16,25676.13887331247,19492.397819890135
2017-02-17,25784.45103343236,19523.123101151326
2017-02-21,25938.03718156243,19639.386184731055
2017-02-22,25940.245800412664,19621.9458371219
2017-02-23,25847.951204598336,19635.227820533288
2017-02-24,25914.276038612068,19660.148503313383
2017-02-27,25944.02344497578,19690.8752596949
2017-02-28,25832.192106797098,19637.728149485123
2017-03-01,26195.119548923223,19912.605021191546
2017-03-02,25991.033410877248,19787.210942796573
2017-03-03,26041.279157726352,19799.66538370532
2017-03-06,25967.401672074662,19740.701874051836
2017-03-07,25905.21641531725,19681.741314639006
2017-03-08,25919.30779825243,19645.19963393411
2017-03-09,25914.575837671342,19670.118841593878
2017-03-10,26048.05772208924,19739.045313926224
2017-03-13,26096.840776505094,19749.009751725414
2017-03-14,26006.27714909325,19673.43638720607
2017-03-15,26255.889262726458,19843.68149909985
2017-03-16,26268.53025096447,19804.645389924426
2017-03-17,26279.420245101835,19769.870903369556
2017-03-20,26342.28584558626,19748.18073410245
2017-03-21,25980.790292061134,19494.62525158174
2017-03-22,26217.51761617938,19540.50296882714
2017-03-23,26124.8291486631,19519.650667904953
2017-03-24,26206.36208991995,19505.46886109497
2017-03-27,26296.146998135748,19485.45295339738
2017-03-28,26476.492595289783,19627.24299421101
2017-03-29,26564.553607214544,19645.58906570006
2017-03-30,26585.50092400976,19708.14891870727
2017-03-31,26577.506878793974,19662.2726765822
2017-04-03,26537.729152521526,19628.07791231528
2017-04-04,26547.38769993471,19640.585457555742
2017-04-05,26427.42506864375,19582.204620430857
2017-04-06,26420.008170583274,19637.25021049964
2017-04-07,26436.21331561898,19617.234302802048
2017-04-10,26394.40678762606,19628.91430553987
2017-04-11,26253.89674262047,19605.554300064225
2017-04-12,26059.753542890106,19519.650667904953
2017-04-13,25942.421292876457,19392.872926644595
2017-04-17,26208.71020546211,19564.68461632412
2017-04-18,26215.37144277697,19506.302304078912
2017-04-19,26263.50606545134,19470.43622848313
2017-04-20,26528.36381989992,19628.914305539874
2017-04-21,26507.756475424998,19566.357402773316
2017-04-24,26853.886214708455,19781.539105144777
2017-04-25,27044.27604264995,19896.645694389263
2017-04-26,26983.460120541127,19884.13667402847
2017-04-27,27181.388063037564,19900.817334669955
2017-04-28,27123.45870022028,19857.44732197802
2017-05-01,27345.668622038425,19907.486353661836
2017-05-02,27375.941529374104,19914.99471611896
2017-05-03,27273.45406086829,19890.802742779695
2017-05-04,27246.748394508904,19914.15684777404
2017-05-05,27361.095468705647,19992.56244331847
2017-05-08,27411.17814550022,19989.22719626237
2017-05-09,27513.90907221952,19970.87669941234
2017-05-10,27580.86305688484,20006.742775008126
2017-05-11,27577.6600540021,19965.873091268026
2017-05-12,27656.907973553596,19932.5088197444
2017-05-15,27794.960731666062,20042.61032572424
2017-05-16,27965.866482950147,20024.256878633558
2017-05-17,27190.429783194162,19668.947596055375
2017-05-18,27501.09901871098,19748.180734102447
2017-05-19,27672.34831379769,19876.62831157134
2017-05-22,27941.752448280677,19977.55161888552
2017-05-23,27941.813518828603,20021.758024802053
2017-05-24,28094.46134544205,20068.464759670416
2017-05-25,28337.94852576424,20164.38150859963
2017-05-26,28411.144583797755,20160.21281855958
2017-05-30,28463.36585657532,20142.691339332523
2017-05-31,28452.86717211495,20137.6877311882
2017-06-01,28555.569666936568,20297.829743972183
2017-06-02,28912.911237939552,20365.393205123713
2017-06-05,28936.072731559387,20350.375005089136
2017-06-06,28895.01755674888,20285.317773370745
2017-06-07,29016.241550465624,20322.853685175072
2017-06-08,29131.46367886929,20332.86237658403
2017-06-09,28193.8867249543,20302.004334493537
2017-06-12,27965.83257477759,20297.829743972183
2017-06-13,28151.05140953308,20397.089115559127
2017-06-14,27901.75162759647,20371.231731372296
2017-06-15,27748.96174785372,20332.027458479755
2017-06-16,27666.72022192439,20336.47199602068
2017-06-19,28071.070242152946,20505.77303090609
2017-06-20,27882.764891920244,20367.483450625026
2017-06-21,28045.04542793941,20362.4503400742
2017-06-22,28017.503253500603,20353.23378828007
2017-06-23,28144.852227237105,20377.539345884405
2017-06-26,27964.060646282614,20390.946714523467
2017-06-27,27361.647840813275,20226.6743648279
2017-06-28,27717.931602782486,20407.715882384484
2017-06-29,27370.312130331076,20228.354526878717
2017-06-30,27320.423403874145,20266.070403362763
2017-07-03,27066.271276645453,20300.433331346798
2017-07-05,27324.148606088904,20347.361334264
2017-07-06,27190.20249172058,20161.302932480165
2017-07-07,27412.750307911345,20292.047272295964
2017-07-10,27517.619069093515,20313.84217510619
2017-07-11,27572.68285527868,20298.75169417566
2017-07-12,27777.637343129267,20451.296837282982
2017-07-13,27788.899618205018,20485.659765267017
2017-07-14,27954.18856457439,20581.19888339288
2017-07-17,27955.47913291669,20578.689703719094
2017-07-18,28145.53386879764,20589.586417564045
2017-07-19,28333.309825465825,20701.058310326338
2017-07-20,28380.1876532543,20710.277812361117
2017-07-21,28367.14416156786,20691.83438293058
2017-07-24,28457.319246669562,20686.81012310171
2017-07-25,28389.410849995755,20737.09992524087
2017-07-26,28532.766825498522,20737.93336822481
2017-07-27,28343.37229855505,20718.657970930657
2017-07-28,28317.11368251178,20694.353888446647
2017-07-31,28188.708440148257,20682.617831136453
2017-08-01,28292.65671442926,20728.71976667133
2017-08-02,28358.215837939828,20738.772711690053
2017-08-03,28226.19663685928,20698.540279930592
2017-08-04,28253.664414059964,20736.262056895943
2017-08-07,28508.762617247015,20774.812851484254
2017-08-08,28461.285443273977,20723.692556601804
2017-08-09,28453.199307714232,20722.84878777558
2017-08-10,27779.324517803525,20430.339802817678
2017-08-11,27954.52814306828,20460.51191395678
2017-08-14,28508.09704382571,20663.34243384229
2017-08-15,28512.057605917344,20660.8273536872
2017-08-16,28590.930294209218,20696.867493481404
2017-08-17,27945.100027408655,20374.181972023416
2017-08-18,27939.634318812827,20342.340024675774
2017-08-21,27891.229319441354,20358.26542371057
2017-08-22,28460.493301391336,20571.148888614804
2017-08-23,28400.07164414329,20497.389922095907
2017-08-24,28291.209237261115,20449.618150352486
2017-08-25,28209.07608590688,20497.3899220959
2017-08-28,28336.072321110532,20498.230740681473
2017-08-29,28446.179877368824,20521.701380181537
2017-08-30,28814.72846068942,20618.91623499724
2017-08-31,29136.006239946484,20742.96795389595
2017-09-01,29145.138530811186,20772.30072156981
2017-09-05,28925.702405873988,20623.10705184217
2017-09-06,28979.007178812957,20693.516020101706
2017-09-07,29106.721991314145,20690.997989705967
2017-09-08,28849.18899393365,20666.698332582935
2017-09-11,29224.369194799896,20887.12556283211
2017-09-12,29310.938853678388,20957.52863061034
2017-09-13,29300.68392629284,20967.586000990046
2017-09-14,29197.515239672764,20960.88157911035
2017-09-15,29246.581355374252,20989.09768069776
2017-09-18,29216.17529019128,21033.742197350988
2017-09-19,29248.740481089764,21054.799539998425
2017-09-20,29129.13370590077,21062.37870823118
2017-09-21,28959.576488081788,21005.942079695385
2017-09-22,28984.088954291943,21010.1550233452
2017-09-25,28750.00499733847,20967.1965692241
2017-09-26,28755.350069508004,20979.830974812565
2017-09-27,28971.237542374143,21061.54083988626
2017-09-28,29000.81644164207,21086.806700822537
2017-09-29,29078.954188041916,21160.92412158055
2017-10-02,29083.544166789372,21252.737085764038
2017-10-03,29125.782687071493,21298.220945882505
2017-10-04,29145.180725315528,21323.488281939106
2017-10-05,29243.743812019606,21449.829387583093
2017-10-06,29303.72882737723,21425.402870112062
2017-10-09,29387.869133365333,21390.029484705014
2017-10-10,29440.229587365753,21446.461687879826
2017-10-11,29525.379549099347,21480.15343611573
2017-10-12,29486.714382442013,21448.147750411947
2017-10-13,29601.85517688315,21474.260330415094
2017-10-16,29654.783389057044,21502.895366174962
2017-10-17,29636.211655384897,21518.05960312177
2017-10-18,29637.5706046715,21539.11694576921
2017-10-19,29589.848866346405,21545.00710122919
2017-10-20,29646.717889488915,21656.19282064832
2017-10-23,29627.639167530087,21571.960499817906
2017-10-24,29694.053679074183,21609.86666682395
2017-10-25,29520.401952744363,21502.89536617496
2017-10-26,29501.76007730343,21530.691058469576
2017-10-27,30259.294750822733,21706.730443002172
2017-10-30,30323.4540368997,21625.870247236002
2017-10-31,30486.966828265955,21659.56347059223
2017-11-01,30489.061215506892,21688.19703123177
2017-11-02,30478.780058603104,21696.622918531397
2017-11-03,30811.632011983573,21769.060177238585
2017-11-06,31017.518936350833,21802.756350835465
2017-11-07,31006.183139675555,21787.587688527685
2017-11-08,31149.227810307668,21824.650086707505
2017-11-09,30867.750951282786,21745.477428593782
2017-11-10,30895.028943825826,21738.734653585623
2017-11-13,30946.411847976397,21758.951177647486
2017-11-14,30861.506708915625,21708.417980654605
2017-11-15,30590.33364446525,21599.75471699219
2017-11-16,31206.62152292668,21783.379170238844
2017-11-17,31036.66761590399,21719.357472989
2017-11-20,31081.330340899924,21756.42577165012
2017-11-21,31443.498471667266,21898.771932826487
2017-11-22,31450.816837641785,21879.40212783149
2017-11-24,31609.893579693307,21929.93827506502
2017-11-27,31517.02217840182,21918.992882249328
2017-11-28,31579.363310067925,22141.34956988434
2017-11-29,30765.080058947922,22127.87287058998
2017-11-30,30950.934592074853,22321.604848307405
2017-12-01,30862.347156338485,22275.27721936271
2017-12-04,30536.33262851597,22248.32382077399
2017-12-05,30499.95023168773,22168.304443593388
2017-12-06,30583.73345132949,22172.52181260418
2017-12-07,30635.201300918165,22242.42628971238
2017-12-08,30724.361089567017,22363.71953360228
2017-12-11,30818.62097679847,22431.104505194413
2017-12-12,30782.4527786341,22470.6864088903
2017-12-13,30822.452910948825,22468.159527772605
2017-12-14,30797.608429895947,22376.356889431394
2017-12-15,31008.73420404388,22562.68818847545
2017-12-18,31327.390235187948,22705.760108851995
2017-12-19,31169.29406429013,22618.56574640785
2017-12-20,31172.376072307274,22606.719055073238
2017-12-21,31144.642473624812,22653.27237742774
2017-12-22,31136.04595157614,22647.357144922225
2017-12-26,31058.91222007906,22620.256234300952
2017-12-27,31081.683390071255,22631.26948265162
2017-12-28,31150.200390750226,22677.828705487427
2017-12-29,30998.842866717612,22592.32188069573
2018-01-02,31491.122317038727,22754.017195182536
2018-01-03,31643.337796289234,22897.953536069857
2018-01-04,31752.428154466892,22994.45443264799
2018-01-05,31893.2753953888,23147.69435742866
2018-01-08,32008.508430620564,23190.018509809765
2018-01-09,31959.29832171758,23242.510666594997
2018-01-10,31834.401699454644,23206.948465786278
2018-01-11,31954.35009064244,23376.265726995276
2018-01-12,32126.704925728543,23528.65745758874
2018-01-16,32029.72789076284,23448.23389743894
2018-01-17,32466.001763035933,23671.733803326264
2018-01-18,32494.782824540976,23631.942432544147
2018-01-19,32621.9615095365,23739.461002833927
2018-01-22,32990.22003089984,23932.480497434102
2018-01-23,33249.938736139695,23983.283641446556
2018-01-24,33044.477773304534,23973.971206831266
2018-01-25,32928.90069185536,23984.12446003213
2018-01-26,33517.86260310385,24261.811435958753
2018-01-29,33309.34778128997,24100.956940057524
2018-01-30,32943.25934370899,23853.751850538374
2018-01-31,33121.388278838036,23865.605917474615
2018-02-01,32887.00485638638,23838.518282936264
2018-02-02,32047.467370955084,23319.551775838285
2018-02-05,30263.044308282013,22344.265646748736
2018-02-06,31385.00243543448,22784.50055671034
2018-02-07,30763.712805839932,22660.895799270274
2018-02-08,28971.837332080177,21810.91081599519
2018-02-09,29696.148264604886,22138.54241590479
2018-02-12,30479.33481453452,22463.638283974746
2018-02-13,30607.67060936071,22519.51436678682
2018-02-14,31300.146029739146,22823.439307944274
2018-02-15,31888.773788927683,23114.67231382056
2018-02-16,31763.50751770365,23121.446066355555
2018-02-20,31826.532020885013,22976.677757604608
2018-02-21,31660.404210073335,22862.389860140815
2018-02-22,31684.09638704534,22892.01322651881
2018-02-23,32373.309911293192,23256.901940491207
2018-02-26,32881.379556694905,23526.95959409401
2018-02-27,32430.04149401904,23233.198231979703
2018-02-28,32195.178276555194,22997.845734276467
2018-03-01,31634.55750136429,22663.434481350567
2018-03-02,31972.60976538101,22780.27728721824
2018-03-05,32447.467715908155,23043.56118828605
2018-03-06,32712.469275827512,23101.981853659727
2018-03-07,32774.35299508605,23093.505812269028
2018-03-08,32933.33583642031,23205.262403254157
2018-03-09,33616.270472440534,23609.08249285887
2018-03-12,33799.1684732494,23579.453225999572
2018-03-13,33356.012582869254,23427.07034612806
2018-03-14,33338.99601015864,23306.852464955497
2018-03-15,33282.81213333586,23281.45384318992
2018-03-16,33205.77426076146,23306.700527561963
2018-03-19,32261.22956999475,22991.349304362688
2018-03-20,32374.564819036845,23030.45621931374
2018-03-21,32248.114813052536,22986.248338276884
2018-03-22,31100.427493423504,22411.6579939425
2018-03-23,29963.1909373412,21933.963878433497
2018-03-26,31564.4494937576,22534.05610295625
2018-03-27,30427.3126616126,22150.710683470388
2018-03-28,29878.62530590107,22085.26549510637
2018-03-29,30377.695413672078,22367.458963627596
2018-04-02,29888.394948299167,21884.665357153117
2018-04-03,30035.05557182478,22165.159487059293
2018-04-04,30411.85424250449,22402.30720619874
2018-04-05,30441.771612355173,22579.10922793965
2018-04-06,30105.89605271388,22075.910282001634
2018-04-09,30230.948683079398,22184.71663233563
2018-04-10,30536.89795883192,22537.460680667653
2018-04-11,30527.249753464304,22419.307967950877
2018-04-12,30619.644714227154,22603.754063218865
2018-04-13,30562.152190319797,22537.460680667653
2018-04-16,30659.355951965154,22722.750544761864
2018-04-17,30946.77285723292,22965.85184953529
2018-04-18,30956.496498206157,22982.845235685803
2018-04-19,30573.182339843297,22855.355011308202
2018-04-20,30106.768110544388,22661.55665317613
2018-04-23,30001.177008336435,22658.157975946026
2018-04-24,29817.55562137088,22353.01016003868
2018-04-25,29800.641192416377,22408.25636647174
2018-04-26,30249.824669566395,22636.059198348736
2018-04-27,30279.279800662665,22657.306831518177
2018-04-30,30143.74883720765,22483.059718181146
2018-05-01,30222.517117678577,22523.004501477124
2018-05-02,30042.79476959295,22371.707310165228
2018-05-03,30032.467128499746,22322.410264005175
2018-05-04,30564.59874647795,22611.40551234758
2018-05-07,30777.16774868344,22687.90820267203
2018-05-08,30733.190603184583,22687.90820267203
2018-05-09,31025.67167303982,22907.204015631494
2018-05-10,31326.212956136325,23121.39886250515
2018-05-11,31309.657797269767,23191.950917436272
2018-05-14,31342.223931131524,23202.996618434103
2018-05-15,30983.827895107468,23043.201258926627
2018-05-16,31186.683911128897,23140.107813594288
2018-05-17,31066.37377696702,23120.55656879925
2018-05-18,30875.83026039145,23062.748078360684
2018-05-21,31113.722354198344,23236.141097029216
2018-05-22,31034.042202446944,23171.548528213374
2018-05-23,31278.906033172385,23235.298803323316
2018-05-24,31308.760211063738,23187.701095778313
2018-05-25,31331.013634231043,23132.44898886395
2018-05-29,31173.03119591742,22866.403662546687
2018-05-30,31404.923537246883,23171.548528213378
2018-05-31,31355.767442195247,23029.606550006218
2018-06-01,31855.656122152806,23255.701192546207
2018-06-04,32161.762747058725,23366.198030773303
2018-06-05,32304.222843061718,23383.19879252544
2018-06-06,32538.874226647564,23578.68911367094
2018-06-07,32316.956294418647,23576.141580868687
2018-06-08,32291.040980351867,23645.84396649228
2018-06-11,32373.311129448255,23677.292056713
2018-06-12,32538.409946357708,23707.89195274652
2018-06-13,32533.35561591969,23632.24925757187
2018-06-14,32888.64413313908,23691.743810542557
2018-06-15,32741.315524561665,23661.521545312382
2018-06-18,32658.096290578735,23612.85585065167
2018-06-19,32532.17141085986,23522.345417715656
2018-06-20,32773.91770541207,23562.47164081167
2018-06-21,32454.03851914545,23414.7648923722
2018-06-22,32331.14375482268,23457.454874594052
2018-06-25,31291.32035380948,23138.13410259868
2018-06-26,31444.205207360665,23189.365031505553
2018-06-27,30797.600198077842,22997.25716126658
2018-06-28,31170.143580212505,23128.746436846788
2018-06-29,31249.280431715848,23162.041377715115
2018-07-02,31511.65304666798,23211.567067525633
2018-07-03,31308.223360076357,23129.596106154313
2018-07-05,31620.458476815693,23318.289072839605
2018-07-06,31950.04212603374,23515.51856084894
2018-07-09,32185.140944752853,23727.254382139883
2018-07-10,32185.166003050923,23812.643197305533
2018-07-11,31968.73574664683,23638.465414623803
2018-07-12,32388.618545347887,23852.772370642204
2018-07-13,32369.5838038965,23871.556552867954
2018-07-16,32314.383023619685,23850.21156175703
2018-07-17,32356.717724903767,23946.681480808333
2018-07-18,32309.905692277312,23997.065690648327
2018-07-19,32154.99533116642,23906.56705867492
2018-07-20,32203.685119178455,23879.234554162525
2018-07-23,32254.503283717975,23923.64010132301
2018-07-24,32350.77986665931,24044.020245731386
2018-07-25,32723.460980682594,24248.935110636918
2018-07-26,32306.843855822048,24191.73289465216
2018-07-27,31991.878751962075,24027.801297751805
2018-07-30,31863.24073805305,23902.292159971435
2018-07-31,31999.1594185782,24020.120346216583
2018-08-01,32033.54330351038,23979.985272398615
2018-08-02,32347.835070248082,24110.621928430646
2018-08-03,32459.399850933645,24213.931980431586
2018-08-06,32648.629302368052,24302.725373308644
2018-08-07,32777.962945963365,24382.977819500677
2018-08-08,32825.146972240065,24372.740484441256
2018-08-09,32821.16523025348,24339.439643091628
2018-08-10,32547.216583935387,24176.362140859772
2018-08-13,32431.461731460236,24085.85613328474
2018-08-14,32724.982797555123,24239.5459697647
2018-08-15,32256.75153198961,24058.539855095925
2018-08-16,32361.770426277533,24253.190832776174
2018-08-17,32417.041274231848,24338.587023543452
2018-08-20,32453.25845689988,24390.667621757846
2018-08-21,32538.14955049202,24447.874263103586
2018-08-22,32624.13919250029,24433.359079100024
2018-08-23,32571.87844363978,24400.907907057925
2018-08-24,32790.176063685074,24547.767936430526
2018-08-27,32972.88245479499,24741.58842136748
2018-08-28,32983.39941138822,24753.5280452826
2018-08-29,33382.404459917,24886.734360921768
2018-08-30,33263.40116807551,24785.97774220438
2018-08-31,33309.15743444557,24786.827411511906
2018-09-04,33164.195243612914,24744.14037953071
2018-09-05,32718.079954330504,24677.550497794055
2018-09-06,32567.696170890362,24603.269338679904
2018-09-07,32463.293265101027,24555.45183820639
2018-09-10,32553.33285319762,24598.143295548565
2018-09-11,32785.42730903461,24679.251311529428
2018-09-12,32743.691037257955,24685.229974208945
2018-09-13,32895.12191527833,24831.225583070758
2018-09-14,32822.75699253784,24835.503432014895
2018-09-17,32579.298811812292,24704.008255953384
2018-09-18,32742.398302077712,24838.06424090008
2018-09-19,32738.064135557503,24864.530849781364
2018-09-20,32950.56874514794,25066.03228625354
2018-09-21,32833.775868068115,25043.123667597516
2018-09-24,32856.98528062969,24959.935731957605
2018-09-25,32891.06353218108,24936.770442364934
2018-09-26,32875.56120589423,24862.15885629786
2018-09-27,32980.82708710406,24931.634073391317
2018-09-28,32999.08928213457,24934.191932035847
2018-10-01,33049.338984537804,25020.825748756277
2018-10-02,32972.83223201233,25006.245659458393
2018-10-03,32992.938474103255,25019.970178967447
2018-10-04,32360.74558056874,24824.41052716665
2018-10-05,32031.904326187505,24685.479269543965
2018-10-08,31851.49884007794,24685.479269543965
2018-10-09,31901.62551668021,24649.46273167497
2018-10-10,30703.21603750979,23868.975092298228
2018-10-11,30375.557269602603,23343.22303170264
2018-10-12,30748.02015990893,23667.42202661466
2018-10-15,30456.599002262177,23534.482707754418
2018-10-16,31199.748494020274,24049.09613477166
2018-10-17,31143.59568024182,24053.37103347515
2018-10-18,30784.617928451098,23706.021500173716
2018-10-19,30737.989605828403,23693.154025573815
2018-10-22,30797.937410201324,23586.80817594286
2018-10-23,30759.643909128983,23466.72748096057
2018-10-24,30116.389030708277,22755.72095915859
2018-10-25,30603.92194794314,23163.967884860318
2018-10-26,30213.685109473452,22756.578004067742
2018-10-29,29980.88179136028,22630.49799472138
2018-10-30,30210.68833166803,22965.85332465564
2018-10-31,30504.17944429339,23211.14223287188
2018-11-01,30618.35431224665,23458.15555674871
2018-11-02,30592.868135489505,23319.208072802445
2018-11-05,30568.87762442213,23447.857741755943
2018-11-06,30553.608123099857,23596.23714506387
2018-11-07,30651.03540575334,24101.40390151619
2018-11-08,30608.656940713387,24057.666583863192
2018-11-09,30435.070103039714,23822.669590158413
2018-11-12,30266.923587401863,23377.53138023463
2018-11-13,30263.203735300143,23333.786686980002
2018-11-14,30327.000874088273,23174.262749612433
2018-11-15,30367.059627456867,23416.122003071734
2018-11-16,30429.928402010522,23477.01349499073
2018-11-19,30385.11206675481,23079.9199540706
2018-11-20,30358.13811914049,22652.797388682942
2018-11-21,30385.14372461372,22729.98896019943
2018-11-23,30371.886494443144,22578.182852375216
2018-11-26,30398.914316762803,22942.69393554427
2018-11-27,30352.3163261713,23019.879606579456
2018-11-28,30439.471918966086,23549.922792202105
2018-11-29,30457.18962835928,23498.469120126076
2018-11-30,30448.584269201292,23641.688552535175
2018-12-03,30580.393459859504,23954.735637785918
2018-12-04,30521.045903462382,23178.54649903787
2018-12-06,30532.89543875989,23143.384055837385
2018-12-07,30554.81320460574,22605.62599091203
2018-12-10,30542.080315133047,22648.510689016854
2018-12-11,30534.84669357311,22653.655908712426
2018-12-12,30571.941393849163,22767.72548836804
2018-12-13,30556.001841987993,22760.010609065335
2018-12-14,30482.188876739652,22339.753253672858
2018-12-17,30511.808732612622,21901.48172886458
2018-12-18,30545.4337176738,21877.465294844053
2018-12-19,30452.32517764468,21549.83369493445
2018-12-20,30571.808202544806,21199.04860639478
2018-12-21,30485.72216849281,20764.690575810226
2018-12-24,30542.95980357911,20216.02547119764
2018-12-26,30616.6904754371,21237.432712386304
2018-12-27,30701.053571059532,21400.482187331974
2018-12-28,30740.837263321348,21372.875310439027
2018-12-31,30765.245341293183,21560.079880715824
2019-01-02,30779.61871233956,21582.506135025393
2019-01-03,30816.45429144796,21067.487049918618
2019-01-04,30817.729978049683,21773.163961984334
2019-01-07,30868.76249798775,21944.83551523293
2019-01-08,30856.924291035677,22151.01455825747
2019-01-09,30927.16670057383,22254.532602224313
2019-01-10,30883.298707554277,22333.03850595088
2019-01-11,30898.598911928646,22341.66353449446
2019-01-14,30907.798328108434,22205.36094129193
2019-01-15,30925.783000079562,22459.851650099044
2019-01-16,30951.190765710486,22514.206883855462
2019-01-17,30957.552199455004,22685.015491713606
2019-01-18,30897.25340603501,22986.94607019089
2019-01-22,30895.263312776104,22676.380137327746
2019-01-23,30884.553684110604,22723.833283080847
2019-01-24,30888.037471257547,22735.91009318625
2019-01-25,31041.508404778502,22928.289385565127
2019-01-28,31053.44998210257,22754.030471265487
2019-01-29,31087.66745339415,22723.833283080847
2019-01-30,31187.816365472383,23083.564976395068
2019-01-31,31224.30278038976,23286.29371297811
2019-02-01,31248.144978632536,23297.51200305403
2019-02-04,31262.98369021453,23461.42147314951
2019-02-05,31455.974961670086,23559.766270134598
2019-02-06,31415.629213533226,23528.71056192048
2019-02-07,31104.1950460635,23304.41999153866
2019-02-08,31113.391500623264,23332.885388461087
2019-02-11,31089.377780341863,23345.82219371629
2019-02-12,31203.27074852193,23646.03868237527
2019-02-13,31175.25092647187,23722.817220200603
2019-02-14,31261.213285389702,23670.187877225097
2019-02-15,31427.762106082057,23928.137743195664
2019-02-19,31551.593513135478,23969.54437073427
2019-02-20,31541.723340596818,24017.850136035544
2019-02-21,31387.189466956293,23932.446569666634
2019-02-22,31491.037185385743,24080.830398335536
2019-02-25,31517.931151729637,24113.601671488286
2019-02-26,31519.683126195472,24096.35899000276
2019-02-27,31409.99332448232,24086.012496039246
2019-02-28,31313.142246780648,24041.14228597621
2019-03-01,31412.19589189796,24191.250530305704
2019-03-04,31415.131239651302,24103.256652645105
2019-03-05,31417.08721568449,24070.482429251704
2019-03-06,31248.000690362802,23924.684486513514
2019-03-07,30974.03261115045,23724.54606122216
2019-03-08,30954.988185506456,23677.095865709714
2019-03-11,31615.515430001324,24020.440447327233
2019-03-12,31751.943664545604,24111.0231611592
2019-03-13,31949.133035727995,24270.614954061744
2019-03-14,31846.46923413993,24255.08636239452
2019-03-15,32141.252421218036,24374.925137643415
2019-03-18,32183.411289355623,24463.30254658866
2019-03-19,32311.50854109436,24469.359390645433
2019-03-20,32379.174206177147,24395.725809354208
2019-03-21,32781.89039509398,24671.262059846154
2019-03-22,32251.86005381516,24196.428202648425
2019-03-25,32205.085148242753,24178.232593432578
2019-03-26,32323.213207555542,24358.462794810104
2019-03-27,32140.09708095362,24231.089104938223
2019-03-28,32141.0560334447,24322.93452176887
2019-03-29,32424.151263302265,24476.30425713818
2019-04-01,32743.533028920512,24766.56515871992
2019-04-02,32836.59650862867,24778.702448758668
2019-04-03,33011.11836931848,24817.692829204003
2019-04-04,33035.93166297202,24883.55400149983
2019-04-05,33141.781824808924,25003.985775119603
2019-04-08,33245.34424533397,25023.050230207202
2019-04-09,33185.20251300981,24894.81211982454
2019-04-10,33361.433410641686,24979.72594624536
2019-04-11,33189.77162095133,24972.792880715202
2019-04-12,33309.29711917621,25141.75021256476
2019-04-15,33264.730437042854,25125.290819972106
2019-04-16,33350.5457505674,25141.75021256476
2019-04-17,33467.26515113241,25080.23474474805
2019-04-18,33492.26394788775,25129.624723488618
2019-04-22,33558.475416183,25151.28539034921
2019-04-23,33827.75961141155,25377.44198794287
2019-04-24,33820.209547210245,25321.1218939128
2019-04-25,33832.56151192048,25305.518071108978
2019-04-26,33833.04699237027,25423.36248367771
2019-04-29,33801.08771178716,25463.220234874476
2019-04-30,33697.24884502622,25476.221945424
2019-05-01,33405.08081519502,25284.72772524046
2019-05-02,33312.8137948711,25230.151223435205
2019-05-03,33982.44544885934,25477.083415694127
2019-05-06,33678.102539082036,25372.24366391558
2019-05-07,32947.61143129075,24948.533051840954
2019-05-08,32763.760052622532,24913.87362467148
2019-05-09,32455.43781898774,24838.492025794458
2019-05-10,32503.925928679095,24963.2665536527
2019-05-13,30873.4584636778,24335.927381596437
2019-05-14,31265.259602136535,24556.0138590504
2019-05-15,31578.695976718995,24699.849891755588
2019-05-16,31801.550791214686,24928.61597720518
2019-05-17,31367.357308229348,24767.435479712
2019-05-20,30907.756696069187,24603.672046528758
2019-05-21,31169.022774110825,24825.487365004286
2019-05-22,30952.881861207952,24749.241345616487
2019-05-23,30539.101004076027,24446.84167887567
2019-05-24,30494.700281244244,24502.297352394962
2019-05-28,30322.34052248526,24274.40306305778
2019-05-29,30189.962157894814,24111.514376227595
2019-05-30,30364.81808295409,24177.35932219984
2019-05-31,29985.894008612944,23851.574572937847
2019-06-03,30051.175243291942,23790.91910027094
2019-06-04,30097.028782171383,24307.3454501683
2019-06-05,30147.255152895177,24517.89232447684
2019-06-06,30210.151356287246,24677.320379023247
2019-06-07,30333.263723418753,24924.267322485422
2019-06-10,30268.14185269715,25038.64520228908
2019-06-11,30258.363072577726,25032.58245775101
2019-06-12,30296.261933232618,24988.390803037735
2019-06-13,30387.667980631584,25091.50171379473
2019-06-14,30372.07626761853,25063.769451674107
2019-06-17,30384.792649767798,25073.307579699205
2019-06-18,30485.51892362552,25335.846545002605
2019-06-19,30562.312202966907,25393.04286050606
2019-06-20,30870.844111189526,25635.644099489127
2019-06-21,30936.1653094259,25598.376659584053
2019-06-24,31097.069760067578,25567.042153628405
2019-06-25,30776.499657149045,25316.280549004314
2019-06-26,30680.6135969597,25291.029439271293
2019-06-27,30687.096313321257,25380.704954103036
2019-06-28,30725.22830784278,25511.318008209862
2019-07-01,30692.10191492555,25742.917799804865
2019-07-02,30983.083643603975,25809.964968842443
2019-07-03,31138.19341301236,26016.313650704422
2019-07-05,30981.945415042985,25986.719786732938
2019-07-08,30776.549923447907,25843.925188977602
2019-07-09,30908.462344610496,25876.13886664729
2019-07-10,31264.451498212682,25999.765750892235
2019-07-11,31159.025875167907,26060.73247394784
2019-07-12,31334.304786792964,26177.39384001547
2019-07-15,31390.878067081798,26186.105900658255
2019-07-16,31200.902745271396,26101.65231177901
2019-07-17,31292.24260307667,25924.033073377734
2019-07-18,31477.850462498493,26018.924613680676
2019-07-19,31156.43916012077,25874.392324181823
2019-07-22,31388.13080387997,25937.952308769767
2019-07-23,31510.490437402626,26123.41918730305
2019-07-24,31692.74412763001,26246.178700796565
2019-07-25,31429.99558088258,26120.790522882893
2019-07-26,31641.38797675677,26295.81354951118
2019-07-29,31655.150976958503,26247.91049205878
2019-07-30,31605.37638791435,26183.48903720071
2019-07-31,31204.21266630258,25897.038371419905
2019-08-01,31311.589917541893,25671.521976047534
2019-08-02,30841.96190156492,25478.222208585506
2019-08-05,29975.098615886647,24712.021109561858
2019-08-06,30222.03812801214,25058.550475962278
2019-08-07,30448.15199352886,25073.366584512252
2019-08-08,31115.717690581492,25565.304461884905
2019-08-09,30894.812580376845,25391.15175624871
2019-08-12,30787.07658320165,25082.06684419243
2019-08-13,31138.903269491406,25472.12996164092
2019-08-14,30631.914514733715,24718.99252822048
2019-08-15,30693.48036737601,24784.290204551937
2019-08-16,31063.04382806982,25149.972533259494
2019-08-19,31218.95662882903,25452.985850055746
2019-08-20,31174.948887830786,25257.942490368896
2019-08-21,31304.911585620433,25463.42675172009
2019-08-22,31215.422653097954,25455.582061828736
2019-08-23,30835.48795970663,24801.702524874912
2019-08-26,31001.352035925,25075.9716470072
2019-08-27,31079.615388882517,24977.58112129202
2019-08-28,31123.8276780416,25153.45381722783
2019-08-29,31233.626681080015,25474.752725579783
2019-08-30,31146.148384771543,25463.426751720097
2019-09-03,31254.407939965567,25314.542857260825
2019-09-04,31373.722020899822,25601.869744515017
2019-09-05,31168.147674300977,25930.99269107377
2019-09-06,31040.8289859388,25951.013024132335
2019-09-09,30955.90895787388,25964.073739494892
2019-09-10,30835.1998099666,25957.98444279096
2019-09-11,30934.43902726109,26142.563298888253
2019-09-12,30971.88587787824,26233.120935674684
2019-09-13,30870.38673879638,26215.708615351712
2019-09-16,30945.936904983828,26134.730409959502
2019-09-17,30983.176712785516,26200.9131584863
2019-09-18,30915.177714839305,26216.5789363438
2019-09-19,30964.467811986917,26214.838294359633
2019-09-20,31059.28888577238,26090.972440621947
2019-09-23,31119.3336423947,26084.8477410302
2019-09-24,31003.502855449566,25880.171845617413
2019-09-25,30945.82159858411,26033.242131560637
2019-09-26,30900.182010990713,25979.013758152218
2019-09-27,30685.865349801443,25839.048441181312
2019-09-30,30639.48219164732,25958.89016667086
2019-10-01,30622.944678938926,25650.12683084556
2019-10-02,30621.129535639466,25197.011170201124
2019-10-03,30864.400142019018,25403.45425976394
2019-10-04,31119.117777381474,25747.21925067425
2019-10-07,30994.804924874577,25636.119088234005
2019-10-08,30669.46762319741,25238.128674155927
2019-10-09,30927.414370046554,25477.79737393177
2019-10-10,31013.952827163554,25650.12683084557
2019-10-11,31275.993383032077,25916.03497097256
2019-10-14,31315.502667083972,25887.166866201256
2019-10-15,31571.065807984814,26143.45722180556
2019-10-16,31537.323620829815,26101.46349637738
2019-10-17,31611.739112031104,26178.44707592796
2019-10-18,31376.129615593545,26063.853828556774
2019-10-21,31562.21977225843,26240.54079091229
2019-10-22,31409.51576205148,26154.830399515668
2019-10-23,31366.19822880376,26230.92595663026
2019-10-24,31530.23629944201,26273.790003050526
2019-10-25,31803.41164491604,26381.379379115937
2019-10-28,31964.86618122185,26530.07740841419
2019-10-29,31753.7064005147,26522.203216116322
2019-10-30,31886.575981212536,26603.55610207123
2019-10-31,31984.78065770011,26532.71197331565
2019-11-01,32225.7131141593,26778.505372683238
2019-11-04,32400.874735210644,26886.079997545392
2019-11-05,32256.413086143435,26856.347472263304
2019-11-06,32245.186847873545,26862.481022577005
2019-11-07,32192.18990185213,26956.93592726358
2019-11-08,32231.413068222555,27023.416650096147
2019-11-11,32163.7440651904,26971.822841589183
2019-11-12,32251.734613727745,27028.671028695808
2019-11-13,32271.272801619005,27037.41554198576
2019-11-14,32309.795617689873,27076.77765275313
2019-11-15,32435.856290102674,27272.717885597925
2019-11-18,32507.544086190275,27292.82967611668
2019-11-19,32517.874711007727,27284.95843405946
2019-11-20,32357.378922544565,27183.496707826453
2019-11-21,32240.930670706635,27139.762340414105
2019-11-22,32230.4398632193,27200.10951293297
2019-11-25,32612.394547250027,27410.921908900105
2019-11-26,32673.18798568626,27473.030375087696
2019-11-27,32780.34250767364,27595.486013794143
2019-11-29,32710.61628216541,27493.1451158471
2019-12-02,32433.065101644435,27259.58636445975
2019-12-03,32110.734709878347,27076.77765275313
2019-12-04,32395.418934853187,27243.843880345317
2019-12-05,32503.84474513429,27292.829676116682
2019-12-06,32987.297128967635,27542.12501113716
2019-12-09,32811.74673563308,27455.523647063885
2019-12-10,32825.47043915384,27424.911950067763
2019-12-11,33172.71954438561,27502.765850610427
2019-12-12,33590.84480509108,27739.811786447415
2019-12-13,33673.795154571046,27756.427541794583
2019-12-16,34015.918950097635,27947.122246761668
2019-12-17,34053.93513870784,27953.235145390805
2019-12-18,34054.0981587939,27954.98463809692
2019-12-19,34318.3339209196,28069.574935227458
2019-12-20,34536.802624872376,28192.641273748693
2019-12-23,34646.09323937366,28235.708886773886
2019-12-24,34713.116962180145,28236.593958969228
2019-12-26,35014.5674152956,28386.905769903646
2019-12-27,34965.59569186683,28379.869445950702
2019-12-30,34705.89315607913,28223.403433018026
2019-12-31,34805.67993344505,28291.964075509637
2020-01-02,35513.141227305714,28556.553458065573
2020-01-03,35144.22793411408,28340.315569541006
2020-01-06,35271.8856403248,28448.421237720355
2020-01-07,35401.37878945966,28368.440213668226
2020-01-08,35621.63819511098,28519.63119631668
2020-01-09,35926.89536614086,28713.01947099825
2020-01-10,35807.323336015856,28630.389130841402
2020-01-13,36238.355021627685,28827.291142138467
2020-01-14,36126.28203236315,28783.338456917932
2020-01-15,36048.35235386728,28848.37946231274
2020-01-16,36489.44129216319,29088.35793735695
2020-01-17,36709.22295202694,29178.894922458825
2020-01-21,36713.82394190861,29121.76056200904
2020-01-22,36891.79840699126,29125.27134838389
2020-01-23,37067.92427241287,29158.67102279533
2020-01-24,36829.229807858756,28899.365521245567
2020-01-27,35842.88038677897,28436.118734205145
2020-01-28,36669.923411638054,28734.113691653823
2020-01-29,36595.618351428435,28710.379005615483
2020-01-30,36722.17741797964,28803.550555618815
2020-01-31,35877.38491538077,28280.537793467807
2020-02-03,36337.56891275141,28490.62443023477
2020-02-04,36789.48025447027,28924.855600471325
2020-02-05,36902.75525822826,29258.884797232906
2020-02-06,37181.672216207044,29357.33727800176
2020-02-07,37093.94137269037,29200.871265069087
2020-02-10,37451.23327474136,29418.86159654042
2020-02-11,37415.046198505624,29469.8506057139
2020-02-12,37668.62511317235,29659.71924329867
2020-02-13,37690.0721222989,29628.072011834
2020-02-14,37810.21645016636,29675.541383910677
2020-02-18,37973.7760608453,29599.06819599274
2020-02-19,38296.707536833506,29740.591240027436
2020-02-20,38077.17913914597,29618.398172738936
2020-02-21,37737.482192350486,29313.384592781218
2020-02-24,36314.67552336918,28341.200641736334
2020-02-25,35108.41271722946,27482.388538433068
2020-02-26,35316.897337983806,27381.316243966012
2020-02-27,33490.14714968832,26151.57038359618
2020-02-28,33199.417037416235,26041.69457102615
2020-03-02,33517.73859895807,27169.471263770974
2020-03-03,33222.60444275007,26391.537057677782
2020-03-04,33297.3628117459,27500.85704490914
2020-03-05,32925.49250833891,26586.674825065467
2020-03-06,32882.14246057045,26147.171574785345
2020-03-09,32790.8738788575,24105.22593827977
2020-03-10,32668.549387028448,25352.547857328707
2020-03-11,32562.59151200118,24116.649270080947
2020-03-12,32023.098492187684,21809.236554425734
2020-03-13,31867.337995169037,23673.6249075837
2020-03-16,31562.752207177076,21083.16905409973
2020-03-17,31818.190756044405,22221.494332292674
2020-03-18,31601.2975914092,21096.358104930612
2020-03-19,31428.545779649896,21141.182586263552
2020-03-20,31508.734556386134,20230.12467126943
2020-03-23,31917.371017850553,19712.870778869426
2020-03-24,32515.1510011131,21498.925817378917
2020-03-25,32376.071023489647,21820.76609489035
2020-03-26,32585.641770901082,23094.876199051552
2020-03-27,32463.88866502018,22406.981862510518
2020-03-30,32563.055225345754,23134.664619593015
2020-03-31,32240.694303430995,22789.831641566994
2020-04-01,32265.07249709546,21764.18047920168
2020-04-02,32456.63581297472,22266.398470123204
2020-04-03,32472.199620645726,21944.555242371116
2020-04-06,32863.889711713775,23418.485145833343
2020-04-07,32820.608966543354,23442.35996830261
2020-04-08,32759.20861542445,24229.29388350208
2020-04-09,33019.43986461595,24597.98693279411
2020-04-13,33204.27807956571,24373.40576370815
2020-04-14,33362.087509709076,25092.245174438878
2020-04-15,33289.38932459507,24559.082109327657
2020-04-16,33314.92657633224,24677.559348516064
2020-04-17,33139.88154830315,25344.242929895798
2020-04-20,33191.104939964905,24897.724007347282
2020-04-21,33059.09545682839,24141.748442420452
2020-04-22,33303.92316839206,24677.559348516064
2020-04-23,33394.62424787854,24675.796579727015
2020-04-24,33383.93981624101,25019.75186115932
2020-04-27,33326.52021463459,25380.492536776226
2020-04-28,33255.100373612535,25263.789867339477
2020-04-29,33366.24855553403,25925.14531410327
2020-04-30,33190.11011438896,25683.76252450912
2020-05-01,33073.47560122273,25003.829412365165
2020-05-04,33166.35309980392,25072.78833734467
2020-05-05,33263.57346913866,25304.45008399335
2020-05-06,33190.450561851736,25132.92899301796
2020-05-07,33385.04361979129,25436.196030510207
2020-05-08,33412.24649816609,25857.059660356495
2020-05-11,33405.27749804467,25862.37304376918
2020-05-12,33326.51043306586,25346.895196241156
2020-05-13,33334.77418347372,24898.606129301967
2020-05-14,33468.587529156976,25196.583385306734
2020-05-15,33551.734193541364,25312.40688302944
2020-05-18,33596.03797300325,26083.422774795734
2020-05-19,33657.33837865938,25815.511421266627
2020-05-20,33789.18796207016,26254.067644297742
2020-05-21,33607.46811731777,26072.813709414273
2020-05-22,33675.141615317974,26122.31284705893
2020-05-26,33545.71543766946,26444.163450412645
2020-05-27,33655.796335219515,26837.62819533189
2020-05-28,33645.044061750195,26788.117256724625
2020-05-29,34189.526864883,26907.472192506735
2020-06-01,34351.890043488514,27016.22986386999
2020-06-02,34441.65678114159,27239.925960760615
2020-06-03,34363.06588267479,27602.442681249504
2020-06-04,34292.352858393104,27529.937567007335
2020-06-05,34218.77306266164,28235.517121131565
2020-06-08,34387.48019235105,28576.809810376224
2020-06-09,34537.76786131794,28363.725729107715
2020-06-10,34972.78797708487,28205.463019618503
2020-06-11,33657.627286949355,26579.440834988905
2020-06-12,33844.22372094503,26897.751149561263
2020-06-15,34127.34063412466,27148.86383282284
2020-06-16,34560.246531317825,27671.40750671032
2020-06-17,34642.56867248714,27556.47498166425
2020-06-18,34699.410493635645,27567.07814656441
2020-06-19,34797.98046393919,27409.532345553424
2020-06-22,35172.92741154412,27585.37258884207
2020-06-23,35464.41486142926,27712.36864791061
2020-06-24,34914.27711655692,27005.45263477142
2020-06-25,35148.73391731103,27294.977451310704
2020-06-26,34581.428286535265,26646.670918946864
2020-06-29,34849.54913261327,27038.31831562501
2020-06-30,35580.88576994434,27384.661816864405
2020-07-01,35743.89701700761,27576.492364482172
2020-07-02,35959.24209877112,27728.350101517783
2020-07-06,36644.21213272259,28156.394617108923
2020-07-07,36504.86832572753,27865.999479577553
2020-07-08,36919.26316339527,28079.139615418437
2020-07-09,37131.05171512307,27919.292626699567
2020-07-10,37268.11756764432,28204.35962961499
2020-07-13,36719.16183795376,27960.14165875511
2020-07-14,36998.04823603697,28322.47546432363
2020-07-15,37030.461939024055,28582.680789271988
2020-07-16,36753.42116439743,28488.541560335085
2020-07-17,36915.99633873028,28571.130597122814
2020-07-20,38033.33772781929,28802.0370821648
2020-07-21,37883.55508212165,28863.313580488764
2020-07-22,38154.8705319802,29027.597731146936
2020-07-23,37572.806611660264,28681.25127966689
2020-07-24,37316.572622116306,28496.539662740295
2020-07-27,38017.955409532595,28704.342813243285
2020-07-28,37597.881292468934,28522.28936314336
2020-07-29,38153.88749623456,28873.087727765964
2020-07-30,38338.123726546175,28770.056473506556
2020-07-31,38827.90675642504,28997.413819045232
2020-08-03,39243.028897893164,29199.003762736942
2020-08-04,39668.236394666565,29311.779661867036
2020-08-05,39833.9460563345,29493.839012448265
2020-08-06,40298.10532524035,29690.98884396002
2020-08-07,39779.07068011389,29712.313183386384
2020-08-10,39643.260864179494,29801.118377226045
2020-08-11,38502.85956270109,29555.11846101288
2020-08-12,38998.75987243543,29967.193323959447
2020-08-13,39249.16903321639,29913.012154401444
2020-08-14,39185.34714331357,29913.909027559384
2020-08-17,39772.345988149806,30008.927428210325
2020-08-18,40090.953398096004,30073.750115796953
2020-08-19,39531.45539765297,29948.541902562996
2020-08-20,39927.10239317783,30041.775407620007
2020-08-21,40050.24159017401,30148.35285114208
2020-08-24,40169.518938482724,30453.85027056658
2020-08-25,40413.99234560185,30560.421813607347
2020-08-26,41082.95346626839,30866.813155949138
2020-08-27,40815.220841526774,30934.296960603086
2020-08-28,41257.4543681049,31134.11675990412
2020-08-31,41523.38836432836,31021.334960292726
2020-09-01,42277.64210347711,31313.509092936725
2020-09-02,42740.601709788425,31766.427087457538
2020-09-03,40271.7413179466,30673.212463940697
2020-09-04,39692.81556191701,30422.76948530693
2020-09-08,37035.70275039837,29591.536231610426
2020-09-09,38050.136222965746,30175.887447139077
2020-09-10,36963.625036236954,29651.927657739056
2020-09-11,36729.303278043466,29667.018138669584
2020-09-14,37380.672075257935,30057.774562671093
2020-09-15,37866.857848053725,30209.62934946605
2020-09-16,37205.55201966981,30089.740420126083
2020-09-17,36919.40707786736,29825.094982997773
2020-09-18,36611.497059083325,29481.725324334715
2020-09-21,36611.693778825866,29153.6143103193
2020-09-22,37138.66944318863,29450.517678727058
2020-09-23,35457.2279855673,28767.534017749833
2020-09-24,35630.386153461055,28844.2107722727
2020-09-25,36733.756269036,29310.534660312245
2020-09-28,37597.223220141066,29797.371571599102
2020-09-29,37497.497674969825,29635.084733861746
2020-09-30,37745.62307612432,29859.778012092458
2020-10-01,38427.88941634402,30051.47874912158
2020-10-02,37346.93164896036,29766.15802551015
2020-10-05,37894.17906432937,30294.003281847712
2020-10-06,37193.62223977264,29863.341902799024
2020-10-07,37612.490697856214,30383.15955432486
2020-10-08,37792.842757303435,30652.43686927544
2020-10-09,38168.54757972727,30926.171997849877
2020-10-12,38634.482374423475,31423.700581256428
2020-10-13,38506.229289137766,31218.620502874433
2020-10-14,38198.08246165095,31022.461952221456
2020-10-15,38016.644361086765,30984.12062471937
2020-10-16,37778.86479595968,30965.398397547302
2020-10-19,37199.047646360996,30494.6225963652
2020-10-20,37362.77913526866,30616.78026076588
2020-10-21,37246.109625980935,30558.816882693132
2020-10-22,37198.00376886208,30726.443656009033
2020-10-23,37196.221406597004,30830.761215192335
2020-10-26,36566.568186046934,30261.01369088678
2020-10-27,36689.27850223529,30156.68728098152
2020-10-28,34655.81327521039,29125.97350565887
2020-10-29,35471.840311622786,29421.997702352597
2020-10-30,34381.9342961131,29115.275933057877
2020-11-02,34491.81471491584,29441.605001720007
2020-11-03,35008.654690258976,29961.422653245845
2020-11-04,36122.49974879675,30631.03582359215
2020-11-05,37153.55074132406,31228.427102798792
2020-11-06,37239.009689533246,31221.29637114501
2020-11-09,36427.51872492257,31613.607571969656
2020-11-10,36113.9298470964,31567.250440618456
2020-11-11,36483.627451725755,31801.750318773516
2020-11-12,36357.20295356098,31493.24365388486
2020-11-13,36691.861301628254,31929.256769474698
2020-11-16,36939.167765563594,32327.807729276486
2020-11-17,36824.95927651001,32153.941196983444
2020-11-18,36685.2608919545,31766.97583221864
2020-11-19,36826.843742493744,31900.716141415658
2020-11-20,36732.930260634465,31682.271472884044
2020-11-23,36777.57265417191,31872.18436407858
2020-11-24,37071.956541401516,32385.765206867924
2020-11-25,37120.043559765465,32335.8294336069
2020-11-27,37232.72380632141,32425.891429963944
2020-11-30,37242.3946218752,32282.338620361264
2020-12-01,37860.722138159974,32635.420471247842
2020-12-02,37943.1456912487,32704.08142192159
2020-12-03,38005.53673570517,32695.159894192573
2020-12-04,38414.11217972547,32976.91967733808
2020-12-07,38665.28262593077,32909.15264958163
2020-12-08,38800.23360375975,33005.45145467516
2020-12-09,37742.22254260803,32709.424307740785
2020-12-10,37809.67957914173,32698.73263562109
2020-12-11,37660.18036921449,32660.391308119004
2020-12-14,37889.90588230075,32514.165580486402
2020-12-15,38567.13164291207,32953.730785820204
2020-12-16,38767.57429836557,33005.45145467516
2020-12-17,39038.13468766725,33190.01260932855
2020-12-18,38869.903521940076,33057.490749520446
2020-12-21,38765.451970781076,32939.29230807358
2020-12-22,38830.633333271064,32883.78057998192
2020-12-23,38606.723008691166,32913.33019034364
2020-12-24,38854.13456317162,33041.370634602674
2020-12-28,39165.83422325103,33325.225088610496
2020-12-29,39169.64377903082,33261.65035281929
2020-12-30,39346.810275892436,33309.10497369272
2020-12-31,39471.61950092366,33478.33667792284
2021-01-04,39089.24196519213,33022.571701173685
2021-01-05,39546.9849891048,33250.01165345059
2021-01-06,39092.67471073446,33448.78411732046
2021-01-07,40045.91219457054,33945.75510524394
2021-01-08,40333.787675970816,34139.172882332015
2021-01-11,39918.639761597544,33909.04821106258
2021-01-12,40033.60059679428,33916.21139536352
2021-01-13,40199.282623998755,34007.5449454412
2021-01-14,40194.896781749965,33888.45553131769
2021-01-15,39666.54762387422,33641.31387197254
2021-01-19,40634.00610347263,33905.460718430804
2021-01-20,41459.15186753736,34374.67584230846
2021-01-21,41903.42147028097,34406.00739802346
2021-01-22,41569.25182519291,34284.23621514807
2021-01-25,41872.063873300096,34419.43984370805
2021-01-26,41731.28459499601,34365.72186193228
2021-01-27,40236.41868953719,33525.80309975885
2021-01-28,40642.38343409544,33814.13601907508
2021-01-29,39479.906534894224,33137.191500710716
2021-02-01,41014.88654636745,33688.77734356792
2021-02-02,41878.5183127508,34165.14090054326
2021-02-03,41535.46166829719,34192.0028416718
2021-02-04,41973.590809821195,34580.61739096058
2021-02-05,42035.74466461255,34716.717892678505
2021-02-08,42664.3591406344,34967.44999489609
2021-02-09,42631.34795006549,34944.17554639932
2021-02-10,42604.12720250252,34928.93460319558
2021-02-11,43140.99777908221,34985.34615468584
2021-02-12,43434.86634406131,35158.17125202902
2021-02-16,43337.645638486705,35127.73361923131
2021-02-17,42894.284775549255,35135.796626930845
2021-02-18,42622.79655353233,34986.24597808442
2021-02-19,42713.64503701861,34924.46498860911
2021-02-22,41116.295951430984,34655.83082612048
2021-02-23,40927.6580458933,34697.92190949015
2021-02-24,41496.287995626764,35080.26719739528
2021-02-25,39883.700901895034,34234.98784795875
2021-02-26,40108.18328753693,34058.58410870574
2021-03-01,41193.63422494542,34884.16470131468
2021-03-02,40714.84567030719,34611.96074763818
2021-03-03,40011.83917862536,34153.5051514152
2021-03-04,39154.01799364384,33730.859576215626
2021-03-05,39861.162899383104,34351.39254308973
2021-03-08,38981.975546432695,34180.35234134048
2021-03-09,40515.42122184008,34668.369348887776
2021-03-10,40359.65378219545,34884.16470131468
2021-03-11,41044.94616907921,35237.87495345994
2021-03-12,40846.27504994999,35285.32662409271
2021-03-15,41210.06425488279,35495.74663805326
2021-03-16,41438.263786675976,35450.97673617236
2021-03-17,41605.95247015569,35571.85399613045
2021-03-18,40803.289671431405,35054.29917918403
2021-03-19,41060.460219804336,34989.441088709595
2021-03-22,41484.439363296086,35268.825928130944
2021-03-23,41127.34326644144,34991.240735506784
2021-03-24,40690.40713742209,34813.36187592821
2021-03-25,40621.43347934789,35009.21065131282
2021-03-26,41166.83777769199,35573.38222078774
2021-03-29,41020.833315919925,35555.412304981706
2021-03-30,40776.28659411377,35461.08426064313
2021-03-31,41473.557491041625,35604.81113444422
2021-04-01,42124.45483166263,35989.313048265336
2021-04-05,42605.975328278146,36505.87363411232
2021-04-06,42525.80304129706,36484.31622567452
2021-04-07,42581.20459404438,36526.54006987349
2021-04-08,42853.67714828134,36699.92276269974
2021-04-09,42874.47802615202,36966.73367646598
2021-04-12,42713.507035564355,36980.21332600099
2021-04-13,42868.36374866172,37089.80886570916
2021-04-14,42271.545279155915,36963.1402833529
2021-04-15,42709.096103101845,37360.213172588476
2021-04-16,42695.551940491496,37485.0909588695
2021-04-19,42302.42148288068,37300.92808670402
2021-04-20,42080.66327281908,37027.82725986958
2021-04-21,42569.06912809659,37378.18603863516
2021-04-22,42142.66860793342,37036.80779241162
2021-04-23,42668.176687345986,37438.37389815886
2021-04-26,42913.17495707349,37516.53462372925
2021-04-27,42658.31438752355,37508.45096434515
2021-04-28,42504.91740758618,37497.67078500592
2021-04-29,42752.45366340349,37736.63142702549
2021-04-30,42321.402418832215,37488.69025246388
2021-05-03,42246.20015365718,37569.54159750809
2021-05-04,41650.81102417995,37337.75889099272
2021-05-05,41604.03304368078,37349.44479421185
2021-05-06,42001.90886332583,37647.690522115874
2021-05-07,42379.336490669,37921.69707283021
2021-05-10,41424.2969117957,37546.181592032444
2021-05-11,41335.209831235865,37211.09030863646
2021-05-12,40284.28805797871,36420.529072556434
2021-05-13,40639.96786995789,36858.0379601564
2021-05-14,41497.27568377476,37423.99737546591
2021-05-17,41299.440890156264,37328.77245796938
2021-05-18,41106.568557526385,37007.157873867756
2021-05-19,41221.23354544732,36910.13921005535
2021-05-20,41689.71232177293,37307.21504953158
2021-05-21,41593.16608613351,37276.67415831108
2021-05-24,42023.04010483071,37656.67695513921
2021-05-25,42094.67485015692,37573.13204038052
2021-05-26,42150.52083029362,37647.690522115874
2021-05-27,42154.67065592199,37667.460084719096
2021-05-28,42254.51366780448,37734.83768070961
2021-06-01,42190.92200054985,37701.60026953398
2021-06-02,42281.0941977556,37760.89125589973
2021-06-03,41923.28561278417,37620.74302400846
2021-06-04,42585.322733144174,37964.81779018714
2021-06-07,42615.43982305311,37927.98993613908
2021-06-08,42538.68346778567,37936.07359552317
2021-06-09,42505.700996002524,37879.470278390596
2021-06-10,42721.0444090207,38055.552441412634
2021-06-11,42741.25188226831,38118.43682089147
2021-06-14,43110.09125375048,38203.781382447356
2021-06-15,42800.51708416515,38133.710216742365
2021-06-16,42468.71393284521,37920.79724943163
2021-06-17,42726.11209970916,37908.23217449846
2021-06-18,42237.5548007819,37396.828609309654
2021-06-21,42599.2981698887,37932.194029066944
2021-06-22,42940.39330146084,38134.99357142562
2021-06-23,42962.02146552663,38089.02292159971
2021-06-24,43292.0781139071,38314.34755132977
2021-06-25,43264.826634264085,38450.442152566386
2021-06-28,43829.748569106436,38527.95677543418
2021-06-29,43907.993757714285,38548.68811648967
2021-06-30,43893.03443904016,38581.13191293014
2021-07-01,43884.32529049514,38794.74113703455
2021-07-02,44412.416766412876,39091.269824879615
2021-07-06,44576.44829996949,39020.0716672459
2021-07-07,44597.77826013916,39157.96296503906
2021-07-08,44230.44414162257,38838.90918982262
2021-07-09,44633.70404053503,39253.506508525905
2021-07-12,44867.783851948036,39394.10612723681
2021-07-13,44865.522489703566,39259.81412303802
2021-07-14,44997.91139236582,39318.400001888156
2021-07-15,44530.24343034691,39184.107997689374
2021-07-16,44020.808165893715,38876.76372761727
2021-07-19,43484.28694584323,38302.638046185435
2021-07-20,44202.67511252822,38851.53031932815
2021-07-21,44785.73614991756,39166.07612682967
2021-07-22,45035.1392308344,39248.095767171726
2021-07-23,45626.75546840526,39651.88340412927
2021-07-26,45669.348819370396,39749.2147934507
2021-07-27,45094.266364054805,39568.06116674937
2021-07-28,45373.565132777,39551.837793408806
2021-07-29,45561.94898557575,39715.868223370984
2021-07-30,45355.137889601334,39522.999191044015
2021-08-02,45343.33158034303,39440.076777062706
2021-08-03,45655.400466926934,39760.93904979829
2021-08-04,45734.76288755083,39565.352845831636
2021-08-05,46042.956563452186,39815.91383409144
2021-08-06,45741.18278062354,39881.71010109294
2021-08-09,45696.06962156225,39849.26630465246
2021-08-10,45472.535954384235,39898.8332978321
2021-08-11,45486.98526528796,39997.98793587592
2021-08-12,45667.37624784957,40117.850313050025
2021-08-13,45938.192386379014,40190.8687691655
2021-08-16,46003.87158181068,40285.497738050486
2021-08-17,45561.02777935845,40021.40989640524
2021-08-18,45267.395764193556,39583.378816210025
2021-08-19,45444.027665357535,39644.6671154966
2021-08-20,46093.79446500948,39960.130447840624
2021-08-23,46864.39533212897,40311.63096973819
2021-08-24,46996.008343046706,40375.62463970184
2021-08-25,46996.261594120064,40460.34965072099
2021-08-26,46677.04391389759,40221.507018327466
2021-08-27,47285.718243904514,40581.126602496945
2021-08-30,47813.21560780822,40759.580759002485
2021-08-31,47775.15218294426,40699.18933287386
2021-09-01,47876.908659643996,40720.826397809244
2021-09-02,47794.117602221,40846.11426754078
2021-09-03,47998.099905106224,40836.19260823103
2021-09-07,47964.95405606995,40690.18224816596
2021-09-08,47764.819477730634,40640.60640426438
2021-09-09,47582.07890233876,40466.66316571441
2021-09-10,47034.79100308716,40147.59168905406
2021-09-13,47029.57331861949,40250.34267045161
2021-09-14,46845.4713704444,40033.12825227152
2021-09-15,47298.441811476456,40367.517378392535
2021-09-16,47226.572143837264,40303.523708428875
2021-09-17,46578.67143677914,39910.920433779764
2021-09-20,45259.99329717239,39245.44055058569
2021-09-21,45316.93470120542,39208.36487632294
2021-09-22,45878.0527493957,39590.839974816736
2021-09-23,46447.14093180789,40071.87376274282
2021-09-24,46539.836764325075,40137.87949683055
2021-09-27,46176.214643085106,40023.04432972597
2021-09-28,45343.13877278502,39216.501640038776
2021-09-29,45244.3821091186,39282.51327460781
2021-09-30,45157.091971366244,38802.38226032097
2021-10-01,45494.17241143019,39263.519625295834
2021-10-04,44742.56192166389,38757.184573545666
2021-10-05,45207.49975758232,39160.444117426654
2021-10-06,45324.380034345,39323.19414294624
2021-10-07,45472.82069267293,39663.17397510115
2021-10-08,45373.2645900165,39590.83997481675
2021-10-11,45165.42501355712,39304.21524483753
2021-10-12,45070.597083735054,39207.46210268372
2021-10-13,45300.13354801905,39348.51310821424
2021-10-14,45712.095563820505,40010.37599637002
2021-10-15,45731.164269947054,40315.08865178133
2021-10-18,45917.69945503564,40434.452438285385
2021-10-19,46125.99023787497,40746.399083773256
2021-10-20,46151.82734232274,40906.434887893796
2021-10-21,46250.23821123179,41013.13329128255
2021-10-22,46049.42200265447,40970.62917422172
2021-10-25,46235.02869415054,41190.35129695527
2021-10-26,46198.09112145087,41227.42107073672
2021-10-27,46214.82120825882,41044.77462226591
2021-10-28,46647.738390517894,41440.81197703294
2021-10-29,46815.182053432945,41524.89973607145
2021-11-01,46957.85574924838,41596.33686319792
2021-11-02,47213.982326934216,41764.51238127492
2021-11-03,47685.52156838491,42019.48987978947
2021-11-04,48595.197576697065,42217.510032293314
2021-11-05,48781.60961102041,42363.995381103225
2021-11-08,48887.282913839736,42400.15943100477
2021-11-09,48606.31743229087,42260.01119911349
2021-11-10,47771.433153507736,41920.03726743988
2021-11-11,48078.63831182811,41933.59952371313
2021-11-12,48809.97646573311,42250.06298763788
2021-11-15,48778.41889184608,42264.528017550365
2021-11-16,49281.70191771855,42431.797811747485
2021-11-17,49283.85595516637,42328.72525411896
2021-11-18,49908.84692185633,42472.49048104852
2021-11-19,50186.024164488146,42396.53948572583
2021-11-22,49415.62752415199,42277.18750018437
2021-11-23,49117.072553090075,42333.247973037134
2021-11-24,49360.320735847374,42446.27169238192
2021-11-26,48198.180677001954,41499.589621525396
2021-11-29,49789.00887977731,42008.641844915255
2021-11-30,48936.54753440113,41191.262921316455
2021-12-01,48086.39937962799,40733.73665089858
2021-12-02,48338.745760325255,41357.632892114976
2021-12-03,47618.90766131043,40997.75958724949
2021-12-06,47914.05824401833,41483.307243371804
2021-12-07,49589.77643035861,42341.38473675293
2021-12-08,49671.760301318456,42453.49978197717
2021-12-09,48991.54267518581,42166.87210175729
2021-12-10,49407.57386568661,42563.80927992291
2021-12-13,48831.355748130554,42186.7626242272
2021-12-14,48597.11600100154,41896.52089920969
2021-12-15,49350.30365776814,42551.155697770206
2021-12-16,48478.1792253693,42175.92048983429
2021-12-17,48279.56990400175,41727.04727524617
2021-12-20,47977.115854955184,41283.348782760135
2021-12-21,48631.62819051574,42016.50128600983
2021-12-22,48862.59278167835,42436.603753768126
2021-12-23,48994.15939744655,42700.647341803604
2021-12-27,49286.4111695878,43304.95693533715
2021-12-28,48998.37583943671,43269.56584848619
2021-12-29,48966.191733390835,43324.921213823334
2021-12-30,48983.656521297555,43205.13554290616
2021-12-31,49033.3800952702,43096.259861916864
2022-01-03,49440.34133865833,43345.79121618943
2022-01-04,49217.40858330441,43331.267181463925
2022-01-05,47779.11453513808,42499.207860385104
2022-01-06,47756.73213634177,42459.29110437531
2022-01-07,47061.705926101946,42291.42831180733
2022-01-10,47099.054859764234,42238.80486931313
2022-01-11,47786.399254716256,42623.519200461116
2022-01-12,48030.42324051084,42738.746749572296
2022-01-13,47337.062947969454,42149.87576536612
2022-01-14,47675.31463972082,42167.11402149067
2022-01-18,46777.31922061733,41420.35795859862
2022-01-19,46109.98751977318,40990.2659759956
2022-01-20,45311.413179622585,40536.58386914615
2022-01-21,44283.7316323159,39740.82135879818
2022-01-24,44500.27166523855,39909.58692500542
2022-01-25,43419.39269457078,39422.339930268055
2022-01-26,43522.86616574672,39323.42721195763
2022-01-27,42860.65135481543,39129.245322540904
2022-01-28,43496.80803838758,40101.03984181984
2022-01-31,44560.4328268227,40823.31185754816
2022-02-01,44664.7777145427,41099.1416569849
2022-02-02,44875.41254135429,41498.394774061664
2022-02-03,44093.57115985745,40522.97145878184
2022-02-04,44362.51227206536,40713.521601957014
2022-02-07,44319.98199323381,40582.86134399977
2022-02-08,44798.112666983856,40916.76958089466
2022-02-09,45603.48879485827,41515.63303018622
2022-02-10,45037.41647772559,40769.77089021146
2022-02-11,44358.11985601905,39965.84506398182
2022-02-14,44384.38952984397,39835.18480602458
2022-02-15,44994.62780857477,40477.59970780812
2022-02-16,45043.659835017206,40522.97145878185
2022-02-17,43990.74583454755,39657.34724981513
2022-02-18,43795.107455680634,39400.55830354078
2022-02-22,43525.127416901785,38977.72391293954
2022-02-23,43046.080078416846,38286.320265143986
2022-02-24,43599.33174002278,38862.487513106404
2022-02-25,43887.2184693052,39719.9513564321
2022-02-28,43897.7636353533,39618.321466481975
2022-03-01,44068.62885509374,39014.92349730963
2022-03-02,43966.52649999746,39732.65214243521
2022-03-03,44016.11622406419,39534.847357498904
2022-03-04,44185.19141105298,39213.642856847786
2022-03-07,44296.39384440176,38057.65891323751
2022-03-08,44642.41518316832,37769.11947707571
2022-03-09,44333.96061641856,38781.73942648497
2022-03-10,44346.345763801655,38606.6131414339
2022-03-11,44202.60609171505,38115.728499973695
2022-03-14,43954.82056128583,37837.16382745336
2022-03-15,43783.85770715532,38669.22314853218
2022-03-16,43953.68099895654,39526.68109137658
2022-03-17,44053.3543500292,40021.194528837674
2022-03-18,43980.98971674451,40459.54718526386
2022-03-21,44069.7621636129,40447.70491929023
2022-03-22,44049.945107473606,40921.00907671035
2022-03-23,44193.2792120659,40394.00463895836
2022-03-24,44407.76664033766,41002.919558148315
2022-03-25,44301.1616011791,41203.16714234376
2022-03-28,44067.39785876855,41496.24699886765
2022-03-29,44504.60011145662,42009.588872164255
2022-03-30,44341.79166034409,41750.186012673
2022-03-31,43981.913761523865,41107.59114620975
2022-04-01,43787.484168345065,41224.09909976352
2022-04-04,44674.74255294551,41577.25175642573
2022-04-05,43545.487470389955,41052.07056739614
2022-04-06,42282.04534784982,40641.57113295727
2022-04-07,42365.787927072,40846.37093847741
2022-04-08,41912.291615800044,40737.15007933193
2022-04-11,41176.65463207935,40040.857882777455
2022-04-12,41150.42942944093,39892.49618091343
2022-04-13,41550.77024468449,40349.41470175718
2022-04-14,41125.14040157892,39846.979868147806
2022-04-18,41261.1470670422,39863.37140520548
2022-04-19,41596.331615715484,40506.86609506734
2022-04-20,41506.96490238101,40476.84149596079
2022-04-21,41159.72958521868,39871.558323012374
2022-04-22,40675.80946209798,38777.51763211322
2022-04-25,40826.43782982094,39002.32891996997
2022-04-26,40087.54129368174,37872.79388379707
2022-04-27,40104.27897602594,37979.28872058091
2022-04-28,40791.35582212716,38938.618473108814
2022-04-29,39998.039471185184,37499.62384431695
2022-05-02,40244.15767994034,37725.3467565349
2022-05-03,40236.88866796399,37898.28101278218
2022-05-04,40416.25253118703,39052.388603338346
2022-05-05,40266.74635265154,37664.3564315541
2022-05-06,40264.38965016841,37439.551044178654
2022-05-09,40045.36350140968,36240.83286473675
2022-05-10,39989.80009257685,36324.569545137776
2022-05-11,40000.85352570578,35747.511324498715
2022-05-12,39853.34610871003,35710.18783002127
2022-05-13,39856.38316070374,36563.95502181111
2022-05-16,39923.08898707248,36415.590369706435
2022-05-17,39915.190050058816,37164.67712271288
2022-05-18,39816.610538388086,35666.50361669999
2022-05-19,39951.193762924995,35448.05894816838
2022-05-20,39951.32800094686,35463.538860864865
2022-05-23,40031.14343775068,36127.068634988536
2022-05-24,40067.6843015548,35851.27423843961
2022-05-25,40039.51587427848,36168.02387570752
2022-05-26,40083.273198404604,36890.7030246457
2022-05-27,40154.661960521924,37796.3413475637
2022-05-31,40046.18092792285,37584.26624859787
2022-06-01,40015.00482199357,37280.270501664796
2022-06-02,40371.93099739942,37990.21641195269
2022-06-03,40079.257596649215,37366.73320442746
2022-06-06,40032.66252248506,37480.503334656976
2022-06-07,40155.972419470265,37840.02261064432
2022-06-08,40022.84266274941,37428.62335280686
2022-06-09,39813.32371649253,36538.46789282599
2022-06-10,39680.46986197368,35479.00992283938
2022-06-13,39052.81851034385,34131.93299177411
2022-06-14,38992.12890606071,34029.08465243507
2022-06-15,39270.644754457564,34514.21042414427
2022-06-16,39021.00499283149,33371.92739811784
2022-06-17,39007.921403946704,33443.86901639564
2022-06-21,39155.53148372115,34285.773290527286
2022-06-22,39149.11943689576,34223.60581952668
2022-06-23,39097.30238976162,34559.09833565122
2022-06-24,39344.172066590225,35657.86826231414
2022-06-27,39296.214445858765,35521.661551932775
2022-06-28,39106.79174088266,34795.849247423095
2022-06-29,39006.65476777829,34767.50923572834
2022-06-30,38880.15063472262,34485.053195789165
2022-07-01,38880.738520718936,34849.7825967664
2022-07-05,38720.00168745791,34915.60246569311
2022-07-06,38587.94725516149,35033.526534759425
2022-07-07,38636.788803188756,35558.21798384093
2022-07-08,38638.56508220647,35528.97814874758
2022-07-11,38540.76687330953,35123.110592130986
2022-07-12,38484.05876890017,34812.2997892938
2022-07-13,38519.61057430842,34629.48222686523
2022-07-14,38403.87089049797,34545.38266686412
2022-07-15,38424.20923245234,35205.37510244709
2022-07-18,38413.45940050894,34914.69084133191
2022-07-19,38498.01571938131,35858.05094121525
2022-07-20,38445.55991093616,36086.582482533086
2022-07-21,38612.706682794385,36454.06445803783
2022-07-22,38604.84794240644,36115.831168348384
2022-07-25,38562.99903254033,36159.718948274596
2022-07-26,38516.46876212043,35731.91045193555
2022-07-27,38701.455722861116,36659.73458455005
2022-07-28,38841.9437752872,37119.53549050996
2022-07-29,38908.20795535777,37660.68928242476
2022-08-01,38955.78196830411,37549.1672355714
2022-08-02,38886.48160317006,37301.44437881798
2022-08-03,39066.60330661405,37885.56547557584
2022-08-04,39288.80068176198,37859.969187686635
2022-08-05,39119.162131043915,37795.98436844492
2022-08-08,39086.1043969979,37752.10543924067
2022-08-09,38913.3654726974,37602.1889605535
2022-08-10,39140.655288025875,38391.986084304895
2022-08-11,39090.654394592006,38391.986084304895
2022-08-12,39356.45041520927,39041.92409974881
2022-08-15,39275.33031096293,39202.80072245493
2022-08-16,39210.07504169007,39279.589586122536
2022-08-17,38722.602638589655,39000.78594410946
2022-08-18,38779.488340476884,39114.143040647825
2022-08-19,38535.17943093134,38588.51931552057
2022-08-22,38256.630786579895,37785.01242346338
2022-08-23,38344.02827898554,37693.60511736942
2022-08-24,38382.26999385471,37814.26996000064
2022-08-25,38608.76846087211,38348.116005822594
2022-08-26,38145.652925876835,37050.063223657155
2022-08-29,38048.728407477676,36805.081140468625
2022-08-30,37887.4002287177,36401.042733055736
2022-08-31,37745.801806647076,36124.062339765056
2022-09-01,37663.32834266213,36237.41353582212
2022-09-02,37715.129779952855,35855.31016765038
2022-09-06,37650.07536397914,35720.02393235216
2022-09-07,37782.59352160072,36361.73077637942
2022-09-08,37738.901052454035,36599.405113475106
2022-09-09,37830.495701158594,37167.984342482814
2022-09-12,37900.14871068642,37567.45577736776
2022-09-13,37658.65223228757,35933.93408100298
2022-09-14,37639.625703085556,36071.04651526424
2022-09-15,37440.35283998364,35661.52066024025
2022-09-16,37482.60955869026,35389.458318114994
2022-09-19,37500.56735428043,35663.91035516766
2022-09-20,37437.50058897569,35254.53496241687
2022-09-21,37444.27993257328,34639.56024892949
2022-09-22,37420.04761066214,34348.5986651931
2022-09-23,37234.59263129261,33773.08932089589
2022-09-26,37121.84532752826,33438.98341787738
2022-09-27,37139.41957172682,33353.618204636936
2022-09-28,37373.11108842964,34009.899237480786
2022-09-29,37321.44299705349,33299.47243796675
2022-09-30,37279.721529980096,32784.54333519984
2022-10-03,37550.14718997015,33650.08788766898
2022-10-04,37749.32398112059,34692.803241960435
2022-10-05,37700.22693771004,34612.022702691844
2022-10-06,37677.010108367125,34254.97572837015
2022-10-07,37503.96661868323,33299.47243796675
2022-10-10,37349.518521615784,33045.21479817107
2022-10-11,37303.887963656736,32835.93652734252
2022-10-12,37353.39246150426,32727.63909352084
2022-10-13,37338.259446753225,33591.35154654564
2022-10-14,37167.03775120672,32825.846704315656
2022-10-17,37255.48087740823,33669.37066056477
2022-10-18,37294.7384641451,34064.97432995608
2022-10-19,37165.20802484726,33823.567938436725
2022-10-20,37146.35074530233,33539.95245392166
2022-10-21,37356.26027052946,34355.01838884997
2022-10-24,37348.64535413835,34775.40407971077
2022-10-25,37414.397375416025,35330.72197699165
2022-10-26,37430.56359521337,35064.5335640028
2022-10-27,37385.67961355526,34877.29359083819
2022-10-28,37351.99969497081,35707.042873487175
2022-10-31,37251.32247439685,35449.11808456214
2022-11-01,37223.085612549716,35294.00328184768
2022-11-02,37035.65729154409,34408.2554813996
2022-11-03,36960.20192974499,34053.96108160541
2022-11-04,37114.41566491767,34544.09931218088
2022-11-07,37171.325736100815,34874.53806607003
2022-11-08,37256.066864790155,35062.698514317795
2022-11-09,37124.685639576775,34340.33504112929
2022-11-10,37572.37136724993,36227.48007554974
2022-11-11,37661.36581039531,36578.10732621458
2022-11-14,37609.2814031076,36266.94839498056
2022-11-15,37688.68370302011,36576.26932628893
2022-11-16,37626.64510822781,36297.235565505056
2022-11-17,37596.0462697697,36186.173756193275
2022-11-18,37603.504036543694,36350.475608295346
2022-11-21,37555.153579060934,36218.30187688408
2022-11-22,37651.070007965456,36705.68753293205
2022-11-23,37721.8277308239,36936.99525070258
2022-11-25,37711.56059901101,36928.731626638764
2022-11-28,37601.5845978208,36339.462359944686
2022-11-29,37597.84945280003,36277.04116824808
2022-11-30,37846.7634687057,37419.79328253804
2022-12-01,37906.070280677675,37392.26458702235
2022-12-02,37832.39851351553,37349.114367258924
2022-12-05,37642.95201004762,36677.2324618519
2022-12-06,37495.67774032793,36148.537536206815
2022-12-07,37518.05468293001,36087.03976983401
2022-12-08,37686.196740299834,36369.74658022854
2022-12-09,37644.40308474373,36098.05596842534
2022-12-12,37748.0212490156,36618.49612072856
2022-12-13,37891.83131208517,36895.68598110547
2022-12-14,37780.337231544334,36659.796539603725
2022-12-15,37518.66216507255,35763.03549080497
2022-12-16,37474.904597719265,35340.808849777866
2022-12-19,37387.45644139169,35041.132255158045
2022-12-20,37397.64056657683,35089.08841694216
2022-12-21,37530.35404771073,35613.7592143391
2022-12-22,37279.2305274492,35105.67762012347
2022-12-23,37285.50491660783,35307.61864245265
2022-12-27,37168.81961809205,35168.38203492258
2022-12-28,37078.47439786961,34731.318633660936
2022-12-29,37275.97005636046,35356.49232907927
2022-12-30,37288.795383552664,35263.3532317231
2023-01-03,37239.39086465954,35114.90302263955
2023-01-04,37394.309071343225,35385.99768583122
2023-01-05,37233.595903669375,34982.12449189479
2023-01-06,37572.39794589865,35784.336228306136
2023-01-09,37699.1989682851,35764.05332382961
2023-01-10,37789.992565540335,36014.85623182282
2023-01-11,37884.510318427674,36470.36748787598
2023-01-12,38052.869082520425,36603.14896886138
2023-01-13,38172.02770211383,36745.14995188157
2023-01-17,38174.282112687964,36677.837261185385
2023-01-18,38076.0123178923,36098.76402618161
2023-01-19,38005.05848227591,35835.97429042286
2023-01-20,38205.655634741874,36503.56359568249
2023-01-23,38924.01796512056,36941.553372508584
2023-01-24,38860.06378635608,36901.905088398045
2023-01-25,38837.53185651406,36915.73876681119
2023-01-26,39327.33451401262,37321.45586115457
2023-01-27,39522.699075138145,37407.21640664227
2023-01-30,38897.282876732694,36937.87147217596
2023-01-31,39357.11776402821,37480.97537316117
2023-02-01,40391.71848646929,37879.31686587673
2023-02-02,41387.072226065065,38430.72274405422
2023-02-03,40641.95718010826,38022.23832398007
2023-02-06,40310.36972649227,37789.87146981577
2023-02-07,41116.516848964515,38284.11643537761
2023-02-08,40492.2558086544,37865.47728698228
2023-02-09,40243.419965934416,37537.23056189691
2023-02-10,39825.66855212682,37624.820256588304
2023-02-13,40546.37628884147,38066.497834228314
2023-02-14,40923.16258522963,38048.979305241905
2023-02-15,41106.27955735562,38172.54718467383
2023-02-16,40360.18999375183,37646.955912193735
2023-02-17,40049.495559845054,37552.89928999506
2023-02-21,39161.74950601385,36799.55238948839
2023-02-22,39117.448263477156,36748.84070293612
2023-02-23,39818.23415660368,36944.317747998684
2023-02-24,39002.67740993738,36549.66995657834
2023-02-27,39332.611669721824,36674.14651013081
2023-02-28,39299.92158559694,36538.60950437725
2023-03-01,39119.75292536346,36398.449471523374
2023-03-02,39513.90356951486,36681.525061999295
2023-03-03,40453.38324676945,37269.81779903785
2023-03-06,40353.979841201595,37295.63240473524
2023-03-07,39866.93290794918,36723.94362208124
2023-03-08,40238.71421837974,36783.877760908945
2023-03-09,39658.037497902966,36105.22505320758
2023-03-10,39265.191244248854,35584.245006865196
2023-03-13,39326.17516574709,35533.527419831626
2023-03-14,39640.84302850704,36120.89673154638
2023-03-15,39703.544859174275,35894.98500392676
2023-03-16,40110.810030939945,36524.772875723465
2023-03-17,40056.90415932857,36097.698989306555
2023-03-20,40233.03243550601,36444.80365263394
2023-03-21,40517.675156508136,36923.341536969165
2023-03-22,40210.332883482944,36293.93129597581
2023-03-23,40824.02167259177,36392.04154882913
2023-03-24,40702.84400439714,36630.84582809419
2023-03-27,40383.43568168826,36699.34156529148
2023-03-28,40225.694073196704,36616.96494583063
2023-03-29,41161.12694614984,37149.188359294465
2023-03-30,41566.529256971604,37366.70665226163
2023-03-31,42039.99807703777,37893.374762579384
2023-04-03,41948.30084313511,38037.765440526986
2023-04-04,41775.5061785951,37826.72882627036
2023-04-05,41256.87768453422,37727.692197852586
2023-04-06,41469.75048048271,37874.867902974845
2023-04-10,41559.558056907146,37913.73437331283
2023-04-11,41206.709179913705,37923.924504521834
2023-04-12,40619.59795716572,37769.34074512458
2023-04-13,41677.56428697731,38271.02031712727
2023-04-14,41502.823610477775,38177.53604161492
2023-04-17,41505.50901895866,38314.52161552819
2023-04-18,41580.71071347698,38339.51015384326
2023-04-19,41420.212044891356,38333.037325854675
2023-04-20,41132.20350600204,38123.84756224566
2023-04-21,41027.08291952591,38153.46502814235
2023-04-24,40889.17400028152,38193.26672476675
2023-04-25,39706.414100065,37586.98637047825
2023-04-26,39964.92640968775,37427.79138494328
2023-04-27,41447.07104162901,38172.9071140333
2023-04-28,41883.43380469637,38498.71694034083
2023-05-01,41942.16056882806,38459.8534202435
2023-05-02,41563.74268428831,38027.5871102806
2023-05-03,41298.57329201578,37766.55866819058
2023-05-04,41094.16852681389,37499.069199074576
2023-05-05,42206.409382099104,38193.26672476675
2023-05-08,42354.055336816135,38203.445055013144
2023-05-09,42038.3741964311,38035.91563963873
2023-05-10,42514.806999921646,38213.63518622215
2023-05-11,42552.064670057836,38146.99220015378
2023-05-12,42424.419607251104,38097.00922304233
2023-05-15,42805.95269206109,38228.448344531476
2023-05-16,42775.543952624896,37972.96930510623
2023-05-17,43417.84041363452,38433.92965564202
2023-05-18,44322.42681999539,38804.17010615557
2023-05-19,44235.569557914765,38747.70840057425
2023-05-22,44377.2143220514,38763.44498420737
2023-05-23,43752.07005398792,38328.40839827306
2023-05-24,43403.15060071958,38050.73174818871
2023-05-25,44785.98148329712,38380.24412651341
2023-05-26,46178.93225306975,38877.29477093447
2023-05-30,46420.25688318826,38892.09612828119
2023-05-31,46017.90595482109,38676.43648692425
2023-06-01,46742.491492244386,39043.90076098509
2023-06-02,46891.57216013167,39608.52371727963
2023-06-05,46778.49101620476,39532.622876048015
2023-06-06,46864.44984654057,39618.702047526036
2023-06-07,46070.364992051276,39481.71057313147
2023-06-08,46718.96030756408,39720.514852396525
2023-06-09,46879.11781759903,39791.78676604652
2023-06-12,47891.488961914896,40152.77526187812
2023-06-13,48310.67984769665,40417.50330574467
2023-06-14,48828.5215530638,40465.630581486555
2023-06-15,49301.48490483609,40967.313103729895
2023-06-16,48918.9040072364,40827.76672093145
2023-06-20,48753.63688849491,40615.94239242098
2023-06-21,47919.365021919475,40407.83241689027
2023-06-22,48341.92177559605,40553.69821516344
2023-06-23,47782.54027516532,40247.11215693866
2023-06-26,47011.90714798128,40082.67754400729
2023-06-27,48296.088358228444,40522.11293875244
2023-06-28,48246.77527800818,40542.555156224116
2023-06-29,48137.27129315915,40702.34314012996
2023-06-30,48987.05895855658,41182.660019577816
2023-07-03,49114.93877322056,41230.04678491627
2023-07-05,48931.756990548434,41168.728983223176
2023-07-06,48512.12326439778,40846.350286792906
2023-07-07,48385.40943371977,40743.224624832656
2023-07-10,48514.31518019293,40846.3502867929
2023-07-11,48808.10140410337,41106.481855724975
2023-07-12,49789.76597695472,41437.22153416055
2023-07-13,50712.81223267519,41766.102560985906
2023-07-14,50624.92388132223,41740.090289164895
2023-07-17,51219.44661429979,41885.023811392304
2023-07-18,51731.519686702035,42196.25059816131
2023-07-19,51605.93178047711,42290.08595231114
2023-07-20,50232.85717522309,42009.51216590739
2023-07-21,50117.92310846293,42009.51216590739
2023-07-24,50189.192447049776,42197.18287420707
2023-07-25,50789.95218624222,42312.38682139305
2023-07-26,50458.30927323829,42318.88325130684
2023-07-27,50359.14073313302,42038.31241514373
2023-07-28,51356.392240892535,42449.87393621701
2023-07-31,51425.25631326642,42530.71348029861
2023-08-01,51277.918599151926,42409.004252476894
2023-08-02,49792.83921756347,41819.06233091435
2023-08-03,49701.15750974325,41699.21470494349
2023-08-04,49593.03881505439,41510.61467083872
2023-08-07,49950.21946160487,41872.94257592594
2023-08-08,49440.17728142128,41690.847822456904
2023-08-09,48750.234961554095,41412.13858814466
2023-08-10,48751.12841753796,41427.00190054506
2023-08-11,48243.21559371045,41402.83942961231
2023-08-14,49033.38744586097,41631.39457285535
2023-08-15,48553.35727808798,41146.43106438196
2023-08-16,47990.085529516706,40844.49163518272
2023-08-17,47555.57070112,40533.26189817307
2023-08-18,47571.05054965361,40552.76888935833
2023-08-21,48578.837489396574,40816.614811270185
2023-08-22,48395.24336674747,40706.069294072346
2023-08-23,49244.73331701123,41159.43572517213
2023-08-24,48572.34998507529,40589.003745035516
2023-08-25,48696.10508484817,40875.147585788596
2023-08-28,48999.165621382504,41134.35277915622
2023-08-29,49756.72989904135,41728.94132974429
2023-08-30,50061.67534571363,41900.80464863521
2023-08-31,50249.40300544289,41839.495697664075
2023-09-01,50233.63833760994,41917.53841360841
2023-09-05,50270.060461811205,41736.370035703825
2023-09-06,49733.28653150858,41455.799199540714
2023-09-07,49202.7504171319,41328.51991736967
2023-09-08,49234.95459253065,41390.772945349156
2023-09-11,49949.99166311837,41662.97689902566
2023-09-12,49285.01760750068,41434.43060650458
2023-09-13,49533.179153974466,41482.74374740748
2023-09-14,49940.985180628915,41840.42207322852
2023-09-15,48933.54687941243,41336.3174034106
2023-09-18,49011.3925582675,41360.562481081586
2023-09-19,48793.97830525204,41274.778333668684
2023-09-20,48036.57430213247,40895.33018208296
2023-09-21,47173.02782215115,40219.39759626193
2023-09-22,47262.04471026827,40128.96386958284
2023-09-25,47439.8167906575,40297.71468458682
2023-09-26,46729.41086071655,39705.68989312458
2023-09-27,46802.29293333211,39721.5415361431
2023-09-28,47171.41005740247,39951.822570167045
2023-09-29,47174.59382919192,39854.86586140831
2023-10-02,47559.560464626695,39839.01421838979
2023-10-03,46679.133181864854,39305.7257680509
2023-10-04,47313.08606979993,39591.94926530157
2023-10-05,47161.29406528733,39577.0298983288
2023-10-06,47909.64537680733,40046.92062731557
2023-10-09,48256.30561483693,40303.31129110202
2023-10-10,48535.412306935614,40513.08225211931
2023-10-11,48907.58788230214,40679.036238986024
2023-10-12,48619.416268340254,40431.033109370735
2023-10-13,48187.30419810971,40229.65853324656
2023-10-16,48760.02080339981,40652.93250970482
2023-10-17,48685.8571745581,40651.06500737266
2023-10-18,48022.719899724245,40109.38017214065
2023-10-19,47460.6995775177,39756.962125400576
2023-10-20,46584.49027534039,39268.431775979974
2023-10-23,46744.14495392602,39200.36382367711
2023-10-24,47353.80764895773,39495.9189321073
2023-10-25,45775.5153128907,38929.0655938805
2023-10-26,45382.19103813461,38462.90986955807
2023-10-27,45492.301604636414,38288.562448038894
2023-10-30,45741.33823403808,38746.330638190164
2023-10-31,45839.53116464207,38989.66648709536
2023-11-01,46182.80973986012,39405.48225518757
2023-11-02,47006.38043786895,40160.66715561989
2023-11-03,47662.624944035786,40527.06934304632
2023-11-06,47740.90549201322,40620.299897862686
2023-11-07,48105.906359990775,40735.90507777721
2023-11-08,48047.67162428182,40765.74381172274
2023-11-09,47791.841806800585,40447.81407819438
2023-11-10,48816.80180871463,41078.99741381907
2023-11-13,48702.780741651906,41039.84477013793
2023-11-14,49821.79289146562,41836.04686634291
2023-11-15,49861.303463140284,41924.610140449186
2023-11-16,50038.45397201519,41975.89417368778
2023-11-17,50067.388694139685,42028.10163225018
2023-11-20,50661.810584084546,42351.61617133113
2023-11-21,50407.774439094464,42259.31494231988
2023-11-22,50568.95620268529,42422.47505128997
2023-11-24,50516.54484520776,42448.57583033052
2023-11-27,50497.61649335749,42372.126244337785
2023-11-28,50680.28007846722,42414.07866639686
2023-11-29,50665.37399669761,42384.24878317329
2023-11-30,50431.16783714687,42551.13504608575
2023-12-01,50689.51000557248,42802.86137940276
2023-12-04,49979.539836620155,42578.174001653366
2023-12-05,50025.667941134285,42569.780567000904
2023-12-06,49570.71347816379,42398.23882434095
2023-12-07,50288.268613168584,42721.75336342191
2023-12-08,50489.211352653365,42905.41764491735
2023-12-11,50884.698334253866,43072.30095758917
2023-12-12,51331.7314682829,43269.02300420651
2023-12-13,52123.99956362453,43865.700325175574
2023-12-14,52241.35694730098,44006.48580904749
2023-12-15,52416.58559162703,43934.030848896386
2023-12-18,52851.2977195275,44181.160707278934
2023-12-19,53180.23598030607,44449.821421933426
2023-12-20,52243.025090645184,43833.87017879053
2023-12-21,52997.15480050046,44249.497131481054
2023-12-22,53094.65788352469,44338.42918566872
2023-12-26,53510.14223350227,44525.64555690812
2023-12-27,53620.0910203328,44606.15467403681
2023-12-28,53587.05130326621,44623.00349839541
2023-12-29,53319.22223580022,44493.824261245034
2024-01-02,52242.701949973816,44244.81804980837
2024-01-03,51601.83395065574,43883.48437582058
2024-01-04,51389.740905501734,43742.13244574364
2024-01-05,51554.046694997385,43802.04298264614
2024-01-08,52666.327307830106,44427.35828961573
2024-01-09,52778.592953375446,44359.95709170002
2024-01-10,53093.37692057538,44610.83080546885
2024-01-11,53228.0217336981,44591.17925249168
2024-01-12,53301.00360978717,44622.068272109005
2024-01-16,53431.85781126988,44458.250259473716
2024-01-17,53009.16868433851,44211.123351331815
2024-01-18,54064.746425670804,44604.28422146399
2024-01-19,55479.041660505565,45160.32197746375
2024-01-22,55570.17591462804,45255.80651613756
2024-01-23,55885.63411310192,45387.79733262847
2024-01-24,56338.86054188914,45437.41743013982
2024-01-25,56519.375166291364,45684.54433828172
2024-01-26,55984.15173722836,45626.504253952044
2024-01-29,56681.899511224925,45987.83202745852
2024-01-30,56237.04664269786,45952.2698266498
2024-01-31,55051.48316494738,45202.45141396187
2024-02-01,55988.059235395165,45794.06612197361
2024-02-02,57143.294842593634,46276.153145812146
2024-02-05,57265.12276313332,46107.65310126351
2024-02-06,57006.39822003549,46241.52617128983
2024-02-07,57765.63879156089,46627.19343016813
2024-02-08,57994.523550208825,46647.78906015368
2024-02-09,58751.32669511793,46917.38500109459
2024-02-12,58528.368292349565,46896.79527159035
2024-02-13,57446.61431368059,46250.88138439457
2024-02-14,58297.044233980545,46671.19036899845
2024-02-15,58414.61505738844,46993.21503655059
2024-02-16,57880.115040980774,46759.18424665905
2024-02-20,57298.7450877761,46501.76394888536
2024-02-21,57016.13703233259,46543.87863418024
2024-02-22,58612.74526545732,47507.13515701481
2024-02-23,58399.50428794731,47539.89462920496
2024-02-26,58364.65622235203,47365.77732645657
2024-02-27,58406.03804858141,47453.77415435782
2024-02-28,58141.12563195799,47391.05498835545
2024-02-29,58693.32202399894,47561.41663475495
2024-03-01,60092.351238565505,48007.941457784764
2024-03-04,60212.90907721027,47956.456808181894
2024-03-05,59173.83347653912,47477.17546320259
2024-03-06,59664.46357954584,47717.749886858335
2024-03-07,60541.59177182092,48191.41692387854
2024-03-08,59288.42753566106,47902.163529479156
2024-03-11,58894.64002368264,47860.97226950807
2024-03-12,59885.171794948874,48375.82466601805
2024-03-13,59530.3650581706,48300.00348128402
2024-03-14,59193.892407661864,48204.527793332156
2024-03-15,58601.46631974493,47873.52259323798
2024-03-18,59063.9542660201,48158.04380163294
2024-03-19,59075.3622084452,48425.65718085629
2024-03-20,59823.02167463574,48873.565666751485
2024-03-21,60161.5834764149,49035.073640956936
2024-03-22,60282.6473556471,48942.11745852113
2024-03-25,60197.14584232098,48806.9108797205
2024-03-26,59979.68872307293,48716.751525421976
2024-03-27,60090.9768005676,49126.165271301215
2024-03-28,60144.52467745813,49116.77760554932
2024-04-01,60473.4554477947,49031.317984608046
2024-04-02,60083.37168558915,48719.57785596575
2024-04-03,60302.38264477516,48773.0981716179
2024-04-04,59520.60859970423,48177.76025990444
2024-04-05,60285.080765213825,48681.06836474655
2024-04-08,60315.247128798896,48708.30203619713
2024-04-09,60487.56991518986,48764.64278191175
2024-04-10,60133.14021981648,48276.354352224545
2024-04-11,61266.179666419666,48640.69727167649
2024-04-12,60389.312069953274,47969.30510621755
2024-04-15,59921.01839431152,47368.34108558239
2024-04-16,60052.23233494381,47281.9462383547
2024-04-17,59105.02311770277,47002.12181307632
2024-04-18,58765.11636117259,46905.404073810336
2024-04-19,57278.463850105196,46495.99917865304
2024-04-22,57748.17007680648,46924.185305795436
2024-04-23,58655.88633263255,47481.013726289704
2024-04-24,58715.31660555399,47458.48273843703
2024-04-25,58765.62025440967,47278.190582005824
2024-04-26,59619.7333057517,47726.102018141675
2024-04-29,59623.16769817605,47895.1213050449
2024-04-30,58816.8544696064,47136.407916793825
2024-05-01,58643.97927473831,46983.343531331906
2024-05-02,59233.607588667626,47422.79662752097
2024-05-03,59769.89121710671,48010.620276296
2024-05-06,60296.41878779113,48506.417068440336
2024-05-07,60198.189590959686,48559.94623481443
2024-05-08,60175.912811405855,48564.62826672778
2024-05-09,60358.06276340642,48844.4615427281
2024-05-10,60599.39564193783,48907.372474372794
2024-05-13,60510.090721428765,48913.94561054352
2024-05-14,60848.95873715425,49138.37926759692
2024-05-15,61911.26788158468,49746.85755117051
2024-05-16,61719.23105730891,49644.47830009501
2024-05-17,61811.73204259189,49715.85642240845
2024-05-20,62345.63585815368,49773.13239440948
2024-05-21,62391.55633325018,49895.21335255324
2024-05-22,62271.71629594893,49751.54843380582
2024-05-23,61876.004438136806,49388.14369088094
2024-05-24,62555.5849142375,49714.930046844
2024-05-28,63018.794015029904,49749.666180270404
2024-05-29,62426.26178458762,49401.29291346303
2024-05-30,61818.908697342085,49073.58313217617
2024-05-31,61738.37721017362,49520.54459082236
2024-06-03,62241.62902165674,49560.921584373726
2024-06-04,62365.89117592188,49616.321203320644
2024-06-05,64572.52525760002,50206.02120514979
2024-06-06,64461.423248775805,50205.08302862273
2024-06-07,64095.844988157136,50144.042549550846
2024-06-10,64546.888947267646,50298.98918854819
2024-06-11,64877.20062476508,50420.12606968359
2024-06-12,65975.93203688593,50834.22774795749
2024-06-13,66459.0152507939,50936.571596145186
2024-06-14,66935.10780312745,50967.56092394466
2024-06-17,67736.21973280946,51373.21311299372
2024-06-18,68022.422960219,51503.74356036231
2024-06-20,67274.26137949058,51363.82544724183
2024-06-21,66768.8622320429,51294.95502948185
2024-06-24,65625.12374402178,51128.225129323895
2024-06-25,66913.68889189178,51325.10648893639
2024-06-26,66970.38212589442,51389.17391491633
2024-06-27,67090.39015091116,51470.181622715056
2024-06-28,66819.26695508233,51267.629900571075
2024-07-01,67148.14986811086,51373.148207699385
2024-07-02,67755.25521620385,51718.881009124
2024-07-03,68725.52685228668,51949.678335261895
2024-07-05,69375.23802003752,52249.25167145892
2024-07-08,69658.18611626815,52309.53688892411
2024-07-09,69848.10025099102,52360.410838712196
2024-07-10,70871.71786018666,52878.51440041973
2024-07-11,69054.57808036545,52422.58421019411
2024-07-12,69526.92935298041,52753.24128189145
2024-07-15,69688.34380977238,52898.31641567012
2024-07-16,69781.21567345467,53212.00370314215
2024-07-17,66861.45824380526,52465.917344877904
2024-07-18,66827.47051613763,52062.72565653188
2024-07-19,65834.92080404774,51716.998755588575
2024-07-22,67098.00965589048,52250.18984798599
2024-07-23,66827.27410863913,52168.232162697605
2024-07-24,64303.49503707865,50985.9645251264
2024-07-25,63431.83441362667,50720.313055936065
2024-07-26,64232.22768184461,51288.364191867215
2024-07-29,64190.452650830644,51318.521551803075
2024-07-30,63033.13860756762,51058.51684321899
2024-07-31,65663.49560799448,51888.44314030704
2024-08-01,64729.607261902514,51153.656203736624
2024-08-02,63803.10891134295,50201.25361625756
2024-08-05,62211.501076427434,48739.20875725841
2024-08-06,62676.20680621063,49188.55991083201
2024-08-07,62043.505962277835,48859.788042910746
2024-08-08,63892.918055927614,49989.29062643648
2024-08-09,64159.67222319679,50209.7267074076
2024-08-12,64382.684116731085,50236.10775931001
2024-08-13,65174.22457748557,51062.28135028982
2024-08-14,65053.06583008344,51223.364489841515
2024-08-15,65885.1611490958,52101.344306655184
2024-08-16,66191.34342269403,52218.16793595863
2024-08-19,66626.21464357407,52717.43716134934
2024-08-20,66525.64190608602,52631.70906850881
2024-08-21,66708.72440284616,52812.59422331089
2024-08-22,66002.62313677644,52398.09721278973
2024-08-23,66563.81694668562,52954.83122558316
2024-08-26,66275.08118741713,52828.60222908392
2024-08-27,66463.03278717744,52901.142746213896
2024-08-28,66008.119789988,52594.028594912575
2024-08-29,65872.82522747484,52598.74307947308
2024-08-30,66469.61549729861,53100.850436370194
2024-09-03,64541.38844829846,52008.08719967297
2024-09-04,64370.30232165644,51901.63071601759
2024-09-05,64458.42687383874,51775.395819037054
2024-09-06,62836.82188709945,50904.00683983802
2024-09-09,63587.88325752638,51473.94022930459
2024-09-10,64045.42554402015,51698.146717827876
2024-09-11,64858.91652196742,52228.5232806441
2024-09-12,65362.921051992074,52668.451365577996
2024-09-13,65732.01528979067,52943.53180388935
2024-09-16,65662.53391270098,53021.7249821069
2024-09-17,65633.83770322011,53043.385648967494
2024-09-18,65398.62280637058,52886.07291696795
2024-09-19,66484.6125418432,53788.53383070469
2024-09-20,66429.08795730953,53695.55404634368
2024-09-23,66562.47757134809,53829.73099115708
2024-09-24,66953.3792331796,53983.751254589966
2024-09-25,66992.4943995208,53864.69134287297
2024-09-26,67667.86861765449,54078.24746264566
2024-09-27,67202.40267523457,53999.81826517602
2024-09-30,67262.57332866525,54216.206615973795
2024-10-01,66634.31232338582,53730.52619902219
2024-10-02,66555.17404928381,53753.201748666776
2024-10-03,66395.0781944906,53654.92923257764
2024-10-04,67368.44527438075,54142.50370402727
2024-10-07,66526.28430154761,53653.03517807961
2024-10-08,67619.96704953881,54160.46476911134
2024-10-09,67995.47500974046,54535.599668865114
2024-10-10,67918.03487926042,54440.16528428236
2024-10-11,68123.62130780776,54766.166876232215
2024-10-14,68600.80655606877,55214.05471044286
2024-10-15,68005.22386609981,54785.06021736206
2024-10-16,68071.87614086938,55023.19184175866
2024-10-17,68101.10889096641,55027.912226800465
2024-10-18,68429.22292422317,55239.574292075136
2024-10-21,68359.41546316302,55148.86029253419
2024-10-22,68473.0673913307,55119.56440286847
2024-10-23,67367.70669168167,54615.91702035147
2024-10-24,68012.58666575223,54734.03285506012
2024-10-25,68343.27512044585,54715.13361344899
2024-10-28,68429.40344353091,54884.28271094087
2024-10-29,69061.86964573909,54973.102655983785
2024-10-30,68784.0380236527,54806.79759047959
2024-10-31,67136.77604965206,53732.42025352021
2024-11-01,67701.24920129703,53959.18755092866
2024-11-04,67454.10314025612,53842.95987023675
2024-11-05,68613.7933835365,54494.0248776094
2024-11-06,70665.46128908318,55849.04090626686
2024-11-07,71981.38644247432,56280.879431335365
2024-11-08,71848.59185841672,56524.669617300824
2024-11-11,71390.64645708683,56578.535111109144
2024-11-12,71180.12306261504,56402.78337504004
2024-11-13,70847.81987339194,56430.18521020773
2024-11-14,70459.28264898609,56067.32921204396
2024-11-15,68174.75149276349,55349.18163274592
2024-11-18,68750.94984566474,55575.97253207957
2024-11-19,69260.35337945122,55779.13200379768
2024-11-20,69247.39189538607,55798.02534492751
2024-11-21,69702.22482617504,56097.557377755424
2024-11-22,69762.20280791218,56271.43276077042
2024-11-25,69469.04649386885,56462.31333089852
2024-11-26,69531.69193134925,56757.12497868464
2024-11-27,69332.13323119302,56585.14365016767
2024-11-29,69769.42915572964,56936.6471223059
2024-12-02,70127.99139003335,57038.7136478724
2024-12-03,70311.2982356362,57065.16550555044
2024-12-04,71113.47286585413,57419.51300967635
2024-12-05,70954.87958981002,57325.02860258326
2024-12-06,71700.57976883322,57433.697766726975
2024-12-09,71098.19055651868,57137.9243404886
2024-12-10,71141.699655023,56960.27264944016
2024-12-11,72512.09424373592,57400.61376806521
2024-12-12,71952.70126322356,57104.86394375204
2024-12-13,72180.57344848494,57093.5232186891
2024-12-16,73151.9323259372,57337.301603691965
2024-12-17,72809.36010397405,57101.06993427469
2024-12-18,69835.27077132688,55399.26491803951
2024-12-19,69438.2926139655,55382.25383044509
2024-12-20,70312.47442220965,56047.44459005536
2024-12-23,71098.59576622437,56383.0757674905
2024-12-24,72490.34023205141,57009.77768756613
2024-12-26,72439.63116430405,57013.57169704348
2024-12-27,71355.68476109556,56413.416042346726
2024-12-30,70307.06848612598,55769.64993034497
2024-12-31,69788.54668393967,55566.76188076676
2025-01-02,69621.0651336529,55430.230643913776
2025-01-03,71107.27883267922,56123.29527719592
2025-01-06,72170.97975197298,56446.60624967194
2025-01-07,70831.24358359024,55808.52820164555
2025-01-08,70850.66300990335,55890.06105228018
2025-01-09,70850.66300990335,55890.06105228018
2025-01-10,69756.64522117471,55036.762948753865
2025-01-13,69459.32437414248,55122.08980886584
2025-01-14,69360.43315686382,55197.94049600639
2025-01-15,71605.82172805302,56201.99589680544
2025-01-16,71135.88271366559,56093.90497982934
2025-01-17,72296.9954634226,56657.08231820483
2025-01-21,72902.08215676456,57175.68742082305
2025-01-22,73796.72766159834,57497.11023928235
2025-01-23,74002.29351643051,57810.92733734305
2025-01-24,73717.02442845359,57642.155870654504
2025-01-27,71905.71654140078,56826.80376238303
2025-01-28,72698.37554282186,57315.068590145034
2025-01-29,72622.02140267834,57058.12623135684
2025-01-30,73025.25820598591,57364.37301190672
2025-01-31,72962.45299369017,57059.0821093278
2025-02-03,72596.2114770525,56675.09058713933
2025-02-04,73093.70826721792,57055.28809985045
2025-02-05,73176.60562929897,57286.62236978685
2025-02-06,73495.10683025784,57485.7282108503
2025-02-07,72640.16351664212,56959.52918879606
2025-02-10,73081.1208299312,57346.35884249092
2025-02-11,72786.36122191507,57389.975200277215
2025-02-12,72837.38809929776,57205.0895191522
2025-02-13,73958.9665489453,57809.03328284501
2025-02-14,74049.51711235968,57806.18925085732
2025-02-18,74300.05968626145,57975.89889407291
2025-02-19,74328.34660569203,58112.4301309259
2025-02-20,73973.52678440594,57870.6579095658
2025-02-21,72469.72720194733,56880.84037014911
2025-02-24,71589.986701338,56622.00985734418
2025-02-25,70725.5889391537,56340.40348671252
2025-02-26,70779.03847096866,56368.86150803333
2025-02-27,69313.92892674632,55469.10301473303
2025-02-28,70110.60776263392,56334.72722369976
2025-03-03,69178.4692130021,55347.74191530815
2025-03-04,68927.7044713188,54692.59967535564
2025-03-05,69689.33122349181,55280.42332413066
2025-03-06,68199.06246556145,54299.13198019574
2025-03-07,68517.91235193117,54603.46700480369
2025-03-10,66467.959179053,53149.08097053488
2025-03-11,66298.474936761,52707.25293062166
2025-03-12,66552.3884391761,52986.947545311385
2025-03-13,66092.56418427161,52280.60682909916
2025-03-14,66720.96107968251,53360.51291703876
2025-03-17,66910.0836129683,53771.98298065184
2025-03-18,66529.25819955855,53190.797373341855
2025-03-19,66978.55842067582,53770.08892615382
2025-03-20,66896.3466596878,53614.599442876664
2025-03-21,66983.81566903509,53632.28318533954
2025-03-24,67648.05002243294,54592.7576312401
2025-03-25,67948.05185153926,54723.996136364956
2025-03-26,67468.81162624378,54070.68304561614
2025-03-27,67458.38645656494,53927.08893264435
2025-03-28,66694.66839127375,52841.09354800082
2025-03-31,66881.12145624546,53195.79508100487
2025-04-01,66829.71742877748,53346.04493688562
2025-04-02,66900.1455850021,53683.63507411311
2025-04-03,66594.75522457814,51038.071675506675
2025-04-04,65933.40749570353,48050.14760053988
2025-04-07,65525.45327207293,47964.5611192506
2025-04-08,65576.56924481787,47213.30593936557
2025-04-09,66712.68595748984,52171.61903896512
2025-04-10,67045.92103407044,49885.50706081105
2025-04-11,67510.6801297443,50775.60646621955
2025-04-14,67424.58970162921,51268.19634677611
2025-04-15,67537.20005119713,51124.60223380432
2025-04-16,68089.38323316954,49988.210838358194
2025-04-17,68020.09435004165,50059.529955858605
2025-04-21,68559.2897793724,48867.972010477
2025-04-22,68369.84069494081,50139.416572209906
2025-04-23,67969.54706601474,50916.34474624106
2025-04-24,68368.26114752513,51988.078667577036
2025-04-25,68204.7834389327,52363.7092077602
2025-04-28,68495.82943502642,52383.67053600574
2025-04-29,68321.8696076475,52713.66085331592
2025-04-30,68181.82259937853,52734.58396001373
2025-05-01,67813.59807814831,53108.30864473627
2025-05-02,67910.0426515117,53896.6542500873
2025-05-05,68494.45835667808,53587.59293995622
2025-05-06,69034.23107226579,53139.69330478298
2025-05-07,68749.65977529419,53363.16813362477
2025-05-08,68389.60263528525,53734.99876384927
2025-05-09,68546.51688276822,53666.52957881785
2025-05-12,68125.06090173744,55440.0667462446
2025-05-13,68802.85486529779,55806.18571056853
2025-05-14,68545.75075014897,55877.51072855024
2025-05-15,68977.96458439928,56150.42569022367
2025-05-16,68872.99010763378,56506.09490216129
2025-05-19,69214.85427442026,56567.90834428376
2025-05-20,69521.33779529168,56377.71222998672
2025-05-21,69117.15175214449,55427.69933743507
2025-05-22,69006.07199613952,55449.57242162255
2025-05-23,68933.00898568243,55071.09784945169
2025-05-26,68933.00898568243,55071.09784945169
2025-05-27,70007.31501314575,56216.0508432674
2025-05-28,69756.6924555938,55890.82221436814
2025-05-29,69984.75688613678,56111.44711074094
2025-05-30,69752.4007283626,56048.683691128805
2025-06-02,70731.10350574584,56364.406644650124
2025-06-03,71409.82704670432,56685.82946310943
2025-06-04,71819.94874422652,56670.600320868296
2025-06-05,71312.17307540815,56396.735381705206
2025-06-06,71880.7549529262,56975.867621522004
2025-06-09,72186.39956220664,57027.21360981427
2025-06-10,72937.46441205891,57350.548184215506
2025-06-11,72765.02708181606,57186.98094203556
2025-06-12,73039.64377754618,57414.255680836
2025-06-13,71966.69967435855,56772.36002140706
2025-06-16,73442.97285462434,57312.50778125983
2025-06-17,72700.84169885986,56822.76783317227
2025-06-18,72724.20100023174,56814.206234802696
2025-06-20,72271.3996143103,56680.7727506334
2025-06-23,73281.9117822281,57240.63401851701
2025-06-24,74680.89730076534,57872.982699198896
2025-06-25,75181.95239180884,57905.41764491741
2025-06-26,75946.79139996893,58358.456599304925
2025-06-27,76212.79720767116,58648.400350016665
2025-06-30,76789.64525044594,58928.808922943965
2025-07-01,75973.58892334758,58909.73856737507
2025-07-02,76785.32777765735,59176.79435111535
2025-07-03,77530.58395110225,59643.186094689874
2025-07-07,76808.2228534257,59198.72644011585
2025-07-08,76988.74109624123,59166.30329535994
2025-07-09,77627.84822398212,59521.105136546124
2025-07-10,77632.58730141538,59688.96792911412
2025-07-11,77512.29191854867,59479.13501304315
2025-07-14,77612.84001470133,59592.63667137342
2025-07-15,78033.68283762781,59337.977798849184
2025-07-16,78161.55516047309,59536.357880712465
2025-07-17,78808.41396327158,59900.700800164406
2025-07-18,78634.35717085723,59856.83662216341
2025-07-21,79168.30703842393,59970.33828049368
2025-07-22,78528.95135771901,59978.91167982586
2025-07-23,78909.21494464227,60489.17940236398
2025-07-24,79177.83413964108,60509.205635903854
2025-07-25,79121.1634484344,60764.82038639906
2025-07-28,79526.08457915354,60749.567642232716
2025-07-29,79448.47169477286,60589.32827150724
2025-07-30,79672.455736564,60513.023247306424
2025-07-31,79066.89216110848,60286.03763208979
2025-08-01,77513.63536159653,59297.91943128815
2025-08-04,79710.8374461389,60199.22975117095
2025-08-05,79035.04778448574,59894.02145533026
2025-08-06,80175.70619963102,60352.79567754357
2025-08-07,80689.62414534006,60302.2403537458
2025-08-08,81501.98788200047,60772.45560920419
2025-08-11,81090.61188037867,60652.27460603976
2025-08-12,82364.8761500168,61297.981976389965
2025-08-13,82444.36475362646,61507.820792942235
2025-08-14,82361.18509537884,61513.53245884282
2025-08-15,81659.27106950147,61369.519411698566
2025-08-18,81731.41799726791,61356.16072203025
2025-08-19,80221.63955427663,61023.29687032586
2025-08-20,79820.47773909006,60861.151644139754
2025-08-21,79465.9539427666,60616.98972785224
2025-08-22,80741.28264242834,61547.87326002196
2025-08-25,80630.53912751723,61276.993964397814
2025-08-26,81110.4576815554,61533.56459286398
2025-08-27,81239.68197137138,61673.771829568286
2025-08-28,81559.06430441402,61892.17814497144
2025-08-29,80702.04724070305,61523.073537108576
2025-09-02,80390.1446015607,61067.16694880817
2025-09-03,80850.49310810847,61398.13084553322
2025-09-04,81210.06039192351,61911.25440102165
2025-09-05,81533.11344438393,61731.944674727274
2025-09-08,82024.56113952427,61883.58704419535
2025-09-09,82223.48257803747,62026.656014331245
2025-09-10,82958.17243203602,62205.97164110692
2025-09-11,83152.91172903316,62722.91870847921
2025-09-12,83289.56540768984,62701.93659696838
2025-09-15,84093.597496573,63035.75042616243
2025-09-16,83922.02376458707,62948.95434620618
2025-09-17,83430.50325490115,62870.755267507324
2025-09-18,84775.78397067587,63164.516629621634
2025-09-19,85344.45149818799,63477.36014826744
2025-09-22,86457.53550750618,63777.67104462726
2025-09-23,85817.94832575555,63430.492625283594
2025-09-24,85391.20380849966,63228.6784633024
2025-09-25,85126.34916373786,62936.982269643886
2025-09-26,85506.58929555649,63297.54888106238
2025-09-29,86089.73831965441,63475.44839232551
2025-09-30,86734.31611621375,63714.54769565569
2025-10-01,87497.04164077794,63931.65590517233
2025-10-02,88064.13664271569,64005.29391182454
2025-10-03,87687.32617175195,64004.34393433487
2025-10-06,88709.54221730308,64233.87855747408
2025-10-07,88066.06073149681,63995.73513211487
2025-10-08,89709.7836640444,64377.34285985721
2025-10-09,89483.45996036133,64190.840446855385
2025-10-10,85649.75069732839,62455.90422810801
2025-10-13,88922.34035142367,63414.23089881455
2025-10-14,87856.49807569629,63336.76347979718
2025-10-15,88973.67606760975,63617.95091625637
2025-10-16,88972.43140332356,63184.702176156636
2025-10-17,89405.65312406018,63543.35113115189
2025-10-20,90850.96977997715,64204.2345394115
2025-10-21,90070.58545111488,64203.27276095923
2025-10-22,88989.12328923687,63869.488434171704
2025-10-23,90065.23890628776,64248.22852800116
2025-10-24,91343.95347063916,64773.300558126655
2025-10-27,93034.26569463171,65537.47779206363
2025-10-28,94022.65144324304,65711.53608999899
2025-10-29,94855.4377132762,65743.10956544739
2025-10-30,93440.24589416377,65020.05868618717
2025-10-31,93693.03251421903,65233.33748333865
2025-11-03,94279.22855648937,65355.76066939794
2025-11-04,91555.80347790074,64581.06287729904
2025-11-05,92586.4306598458,64804.86223261245
2025-11-06,89965.95742145398,64109.54951595415
2025-11-07,89495.7867388422,64172.66696444442
2025-11-10,92884.28577385897,65174.04354673224
2025-11-11,92038.87362245175,65323.23721645988
2025-11-12,92405.91783911125,65359.5841812818
2025-11-13,89927.57953826038,64275.010812632114
2025-11-14,89893.23590721117,64264.48435398888
2025-11-17,89120.20853713193,63665.76251624857
2025-11-18,87358.57531340356,63131.12580593211
2025-11-19,88147.71086663796,63375.02220056102
2025-11-20,85820.1273376841,62409.04260560545
2025-11-21,86188.04483718809,63030.711415130245
2025-11-24,88649.68961024737,63958.43228932196
2025-11-25,88726.84630588091,64560.01586049386
2025-11-26,89576.88514804929,65005.71461614136
2025-11-28,90108.4819510448,65360.54005925275
2025-12-01,90115.03169454729,65062.13501835357
2025-12-02,90502.03397887603,65182.65234895223
2025-12-03,90778.37910242188,65408.363460207576
2025-12-04,90671.37525998229,65456.18686116239
2025-12-05,91092.7181873921,65580.5159026823
2025-12-08,91120.52373668796,65383.498831999845
2025-12-09,91333.08114523704,65327.066628825036
2025-12-10,91872.91437030997,65760.32716988736
2025-12-11,91659.85959886105,65913.35615246148
2025-12-12,90451.54624233092,65204.649343247045
2025-12-15,90050.9277557729,65106.12900694321
2025-12-16,90144.53778114814,64928.241296642685
2025-12-17,88692.50992773248,64213.79921960246
2025-12-18,89803.01534293161,64698.69487254087
2025-12-19,90998.96945398058,65285.09060484076
2025-12-22,91635.62514400383,65691.80488052423
2025-12-23,92104.72816716853,65992.04497110842
2025-12-24,92173.73867297526,66224.18760698322
2025-12-26,92430.782187776,66217.47285926125
2025-12-29,91569.37333399721,65981.49491053997
2025-12-30,91469.67102469582,65900.91793787632
2025-12-31,90994.26058677239,65412.66491107693
2026-01-02,91385.97525921506,65532.56859162015
2026-01-05,92337.19523663013,65969.0271935483
2026-01-06,93413.75914703903,66361.35609581685
2026-01-07,93187.74220335094,66147.44594716604
2026-01-08,92787.01067827048,66140.73119944405
2026-01-09,93585.88541043307,66578.14567934319
2026-01-12,93986.10673758431,66682.70220801923
2026-01-13,93933.52839994541,66549.36903203206
2026-01-14,93622.48740280978,66222.26405007868
2026-01-15,93995.40916209157,66402.60636060096
2026-01-16,94023.64870469239,66346.96482192064
2026-01-20,92894.07993881732,64996.35055231467
2026-01-21,94302.2527239224,65746.48464075226
2026-01-22,95079.82939929789,66089.89265254377
2026-01-23,95287.30623792493,66113.86630807487
2026-01-26,95657.32098945699,66449.60959465476
2026-01-27,96659.3536354161,66714.35238972456
2026-01-28,97799.34045075766,66707.63764200259
2026-01-29,97264.56378435499,66575.26624446768
2026-01-30,94117.74345273493,66376.70914816535
2026-02-02,93858.66285416445,66706.68176403163
2026-02-03,93989.46128390996,66142.6488558673
2026-02-04,92497.79542248053,65822.26452211718
2026-02-05,91290.01199891653,65000.19176564245
2026-02-06,93369.00614747475,66247.20538454335
2026-02-09,94407.7807590985,66566.63384032248
2026-02-10,94030.65073165875,66391.08862109896
2026-02-11,94451.85513060572,66375.74736971308
2026-02-12,93018.47183911485,65350.32042563725
2026-02-13,93495.40433101401,65396.35598075748
2026-02-17,92932.8442057603,65501.87428788579
2026-02-18,93808.31059127631,65831.85280423336
2026-02-19,93648.53478990457,65658.23114191437
2026-02-20,94701.6711517913,66133.06057375112
2026-02-23,94626.89097174996,65457.75048870748
2026-02-24,94913.82610314975,65933.5298980339
2026-02-25,95429.1880643344,66489.89808098659
2026-02-26,94925.47070457356,66120.58105579684
2026-02-27,95039.73846747002,65803.07615692224
2026-03-02,95255.00115112231,65840.48520837855
2026-03-03,93891.64854146866,65260.149270376096
2026-03-04,95093.80679631191,65720.58742831663
2026-03-05,94606.98515990544,65354.14983800239
2026-03-06,93970.09996459205,64497.541564465515
2026-03-09,95035.67077518765,65062.5421515634
2026-03-10,95224.11227082003,64957.985622887354
2026-03-11,95238.4750523089,64876.45277225273
2026-03-12,93183.80294304038,63891.30841402742
2026-03-13,92251.94814436384,63529.67381549322
2026-03-16,93598.55765464643,64176.20725322573
2026-03-17,94137.84604332826,64345.02592376469
2026-03-18,92391.93606322652,63447.17328592502
2026-03-19,91433.15508250611,63290.816431896434
2026-03-20,89334.89260959181,62383.499422047935
2026-03-23,89516.50410121004,63038.5236523744
2026-03-24,89349.04150071315,62826.914691431455
2026-03-25,89907.33988873231,63177.03155046365
2026-03-26,88379.32153399308,62048.77101825204
2026-03-27,88054.6462818809,60990.72031305602
2026-03-30,87689.41037974504,60786.80557973122
2026-03-31,89509.42280794591,62553.74600906205
2026-04-01,89855.52198200604,63025.058754042664
2026-04-02,89804.03894073509,63081.809583207796
2026-04-06,89924.79140540013,63379.990405817494
2026-04-07,90089.45121524789,63407.87608045198
2026-04-08,90915.27322606934,65022.84961384309
2026-04-09,91511.08916041604,65397.966812152954
2026-04-10,91753.55689168091,65354.692682282184
2026-04-13,92455.44366436462,65993.3666789201
2026-04-14,93919.32929428096,66797.48427079206
2026-04-15,94636.3442654641,67324.58606648554
2026-04-16,94947.02554093806,67490.0237612383
2026-04-17,96086.92889726035,68305.6885950188
2026-04-20,95818.00034525357,68169.09245287148
2026-04-21,95324.2792803138,67722.79774861246
2026-04-22,96736.61089688826,68408.60478989282
2026-04-23,96438.46375099497,68143.13033514156
2026-04-24,98229.6777131875,68671.1939092873
2026-04-27,98168.95334981335,68789.4985593976
2026-04-28,97014.22814300768,68454.77015560171
2026-04-29,97472.98686831436,68444.19059262675
2026-04-30,98337.1019248609,69125.18874164578
2026-05-01,99241.72955017927,69316.60035509108
2026-05-04,98798.31303916893,69062.66724176703
2026-05-05,100718.97868450524,69616.70473460532
2026-05-06,104081.84870037195,70584.3364643255
2026-05-07,103671.90263333906,70367.91861112123
2026-05-08,107106.34785524411,70948.88000014173
2026-05-11,108005.5210376786,71110.4705810854
2026-05-12,106554.48103288242,71002.74549395006
2026-05-13,107910.39860339071,71399.9953976247
2026-05-14,109027.72245655546,71963.64477450438
2026-05-15,106266.61508257239,71097.97336168724
2026-05-18,105345.50582874344,71047.95498168797
2026-05-19,104270.34634665707,70574.71867980283
2026-05-20,106754.01694554611,71298.03508072165
2026-05-21,107023.91478466762,71439.4283141677
2026-05-22,107589.08780181615,71720.29712463658
2026-05-25,107589.08780181615,71720.29712463658
2026-05-26,110339.75260965824,72196.4187618785
2026-05-27,109795.64465374072,72183.91564199902
2026-05-28,110973.4069464758,72582.12142364464
2026-05-29,111713.01023104748,72762.953474115
2026-06-01,112972.46050676888,72961.09753672619
2026-06-02,114416.4150964309,73060.17251827242
2026-06-03,113988.78716564023,72547.49739936297
2026-06-04,112910.32878019172,72821.62786018467
2026-06-05,105208.52057247832,70942.14755097585
2026-06-08,108262.60048721952,71102.77635346726
2026-06-09,106273.97375942885,70894.05272788112
2026-06-10,102362.60035607155,69776.37175864447
2026-06-11,108192.80173225085,70962.3507989548
2026-06-12,109404.42742580551,71346.12990381637
2026-06-15,113846.59838818511,72604.24822852811
2026-06-16,110696.44126048272,72171.41252211956
2026-06-17,109827.31319409035,71270.14350560587
2026-06-18,113507.6154422198,72011.13774850627
2026-06-22,113663.45952254941,71784.52386361167
2026-06-23,108319.3796233421,70742.06813049752
2026-06-24,107267.57126122013,70709.27915590086
2026-06-25,109037.00008978936,70811.49909398121
2026-06-26,106724.2613596346,70299.4376251272
2026-06-29,110489.534288396,71457.60769705997
2026-06-30,113702.98972922887,72014.03488482567
2026-07-01,110797.82574807166,71916.63563996927
2026-07-02,108144.35808026974,71822.13353143228
2026-07-06,109272.79399540757,72448.95346113395
2026-07-07,107498.68952738166,72104.68397907229
2026-07-08,108313.76884988257,71881.92310846808
2026-07-09,110289.68365853567,72490.42204372623
2026-07-10,110618.12337060506,72802.8643296435
2026-07-13,108413.1019894777,72245.47536342552
2026-07-14,110116.2577158649,72501.99288755996
2026-07-15,109496.53973321935,72789.36402842391
2026-07-16,107583.32595155654,72394.94635577436
2026-07-17,106117.27309522976,71678.43911027834
2026-07-20,106275.68576761313,71562.72477145973
2026-07-21,109051.30306252722,72159.65286288415
2026-07-22,109074.65422047261,72075.74801876601
2026-07-23,107303.77381416192,71185.66631480142
2026-07-24,105672.91727776903,71257.98851412322
2026-07-27,104776.17360853506,71273.42417320993
2026-07-28,103055.04152106977,71444.1073958404
2026-07-29,100452.30637116171,70344.76512249118
2026-07-30,104697.41650414582,71524.14742470557
2026-07-31,104773.1312173282,72039.11193036029
2026-08-03,105690.55443996747,73065.16432545417
2026-08-04,108199.59560798925,74382.45267666498
2026-08-05,108216.46673330755,74233.9434627684
2026-08-06,108107.92204072922,74115.33198763037
2026-08-07,109200.91173884284,74568.57155838216
2026-08-10,108814.65266578677,74546.39164916695
2026-08-11,108712.89913625833,74308.20101995733
2026-08-12,109753.17926344265,74494.31400119321
2026-08-13,110182.80063051081,75014.09920007188
2026-08-14,110120.01528523174,74865.58998617531
2026-08-17,110303.8360003665,74511.67321718446
2026-08-18,108689.76129307639,74008.29135632607
2026-08-19,108754.53434207424,74163.54482035115
2026-08-20,108237.59162168235,73540.58380542115
2026-08-21,108679.35455109748,73841.45524750468
2026-08-24,107563.02472388056,73624.47684857668
2026-08-25,108352.91636601204,73859.7762419482
2026-08-26,108311.14799869075,73876.17367948717
2026-08-27,110077.21164734171,74360.27276744977
2026-08-28,108793.33748634762,74191.51310172385
2026-08-31,108902.09131276645,73969.7140095719
2026-09-01,107582.30401016455,73461.51145548956
2026-09-02,108034.5448710234,73787.45404262638
2026-09-03,108889.09504429174,74559.89195038652
2026-09-04,109253.97596111962,74272.52080952257
2026-09-07,109253.97596111962,74272.52080952257
2026-09-08,109130.06647095662,73864.60283565344
2026-09-09,109235.94235448618,73521.30103252536
2026-09-10,107482.30357402665,73080.59408405957
2026-09-11,108426.7823382636,73703.55509898957
2026-09-14,106800.5703558577,73374.71537553333
2026-09-15,106450.76437475886,73038.16372301504
2026-09-16,106452.30924640973,72716.07415016857
2026-09-17,108415.93465019748,73540.58380542115
2026-09-18,109377.48211782998,73635.2275255094
2026-09-21,112511.95774601077,74776.94115509017
2026-09-22,113625.87042688558,74765.34080884993
2026-09-23,112390.123573602,74226.868785687
2026-09-24,112248.39968684188,74165.96401768508
2026-09-25,112953.65753882445,74569.09080073677
2026-09-28,111068.47882764928,74014.18593714705
2026-09-29,111655.59894440904,73877.87891858353
2026-09-30,111974.1823517525,73726.1008380455
2026-10-01,112699.2848073439,73857.57536242247
2026-10-02,114080.85370154414,74403.78291657266
2026-10-05,115075.23750985996,74905.51854314771
2026-10-06,115647.71764428656,75317.34853612023
2026-10-07,114945.72394927265,75136.56368950028
2026-10-08,112818.69537861015,74818.51004586458
2026-10-09,113296.14197335488,75267.07643542497
