Date,Asset,Action,Price,Shares,Value,Realized_PnL,PnL_Pct,Type
2007-12-31,QQQ,BUY,44.0051,12.0242,529.12,0.0,0.0,OPEN
2007-12-31,GLD,BUY,82.46,29.155,2404.12,0.0,0.0,OPEN
2007-12-31,BIL,BUY,71.9184,7.8214,562.5,0.0,0.0,OPEN
2007-12-31,SHV,BUY,84.625,76.7844,6497.88,0.0,0.0,OPEN
2008-04-30,GLD,SELL,86.6500015258789,-0.9390338073644345,-81.36728084098013,3.934553945419987,0.05081254533017865,REDUCE
2008-04-30,BIL,SELL,72.44058227539062,-7.821359669883629,-566.583848671627,4.083848671627012,0.007260175416225811,CLOSE
2008-04-30,QQQ,BUY,40.5916,1.2323,50.02,0.0,0.0,ADD
2008-04-30,QLD,BUY,1.2339,463.6188,572.04,0.0,0.0,OPEN
2008-04-30,SHV,BUY,85.7251,0.3007,25.78,0.0,0.0,ADD
2008-06-02,QQQ,SELL,42.474605560302734,-0.4394918243418614,-18.66724188589842,-0.5331804781917244,-0.027769205701897115,REDUCE
2008-06-02,QLD,SELL,1.3501585721969604,-463.61877878008676,-625.9588684014204,53.91454699268507,0.09424889816214477,CLOSE
2008-06-02,GLD,SELL,87.95999908447266,-0.09508654240569234,-8.363812182950369,0.5229759832313079,0.06669900631900028,REDUCE
2008-06-02,USD,BUY,0.5655,1023.3763,578.74,0.0,0.0,OPEN
2008-06-02,SHV,BUY,85.7656,0.8649,74.18,0.0,0.0,ADD
2008-06-30,USD,SELL,0.4615195691585541,-1023.3763098794186,-472.3081936226202,-106.42753954248298,-0.1838966102204045,CLOSE
2008-06-30,SHV,SELL,85.89826202392578,-0.4654698852990416,-39.98305417166375,0.5848199470240761,0.01484381111319788,REDUCE
2008-06-30,QQQ,BUY,38.8647,1.1284,43.85,0.0,0.0,ADD
2008-06-30,GLD,BUY,91.4,5.1255,468.47,0.0,0.0,ADD
2008-07-31,QQQ,SELL,39.11423110961914,-0.12192084189485886,-4.768839986954845,-0.5100308481672717,-0.09661741385560407,REDUCE
2008-07-31,GLD,SELL,90.08000183105469,-5.974048041916435,-538.1422585546411,37.28858079656897,0.07445004889148588,REDUCE
2008-07-31,SHV,SELL,86.10527038574219,-0.3701567839726052,-31.872449969077934,0.541693382273501,0.017289508498548267,REDUCE
2008-07-31,BIL,BUY,72.8159,7.8939,574.8,0.0,0.0,OPEN
2008-09-30,BIL,SELL,73.24356842041016,-7.893863278614033,-578.1747151485301,3.3756335202508283,0.0058727190563498954,CLOSE
2008-09-30,SHV,SELL,86.47753143310547,-1.7005822746111208,-147.0621571072652,3.1217199501862303,0.021687581417997093,REDUCE
2008-09-30,QQQ,BUY,33.5011,2.0284,67.96,0.0,0.0,ADD
2008-09-30,GLD,BUY,85.07,7.7277,657.4,0.0,0.0,ADD
2008-10-31,GLD,SELL,71.33999633789062,-3.0309139441930015,-216.22538967919036,-38.70539783802998,-0.15182708300940495,REDUCE
2008-10-31,SHV,SELL,86.6463394165039,-4.271417565939044,-370.10269620797135,8.561992826073642,0.023681960968664484,REDUCE
2008-10-31,QQQ,BUY,28.318,1.8738,53.06,0.0,0.0,ADD
2008-10-31,BIL,BUY,73.0732,7.3025,533.62,0.0,0.0,OPEN
2008-12-01,BIL,SELL,73.2374267578125,-7.302498770376813,-534.8162188444877,1.1993476183311589,0.0022475818944316384,CLOSE
2008-12-01,QQQ,BUY,23.1865,4.083,94.67,0.0,0.0,ADD
2008-12-01,GLD,BUY,75.65,5.5074,416.63,0.0,0.0,ADD
2008-12-01,SHV,BUY,86.957,0.2699,23.47,0.0,0.0,ADD
2009-03-31,QQQ,SELL,26.186349868774414,-1.2483064644608843,-32.68858982182553,-13.915891932701735,-0.29859557297512296,REDUCE
2009-03-31,GLD,SELL,90.27999877929688,-10.380031673825226,-937.1092468420043,76.94788798394559,0.08945750374801853,REDUCE
2009-03-31,USD,BUY,0.1439,3978.2047,572.36,0.0,0.0,OPEN
2009-03-31,SHV,BUY,87.0264,4.5623,397.04,0.0,0.0,ADD
2009-04-30,QQQ,SELL,29.606468200683594,-2.182307076550133,-64.6104050660083,-16.864211326193647,-0.2069873056537367,REDUCE
2009-04-30,USD,SELL,0.17289958894252777,-3978.204717943954,-687.8299604617343,115.46888711891042,0.20174133514098824,CLOSE
2009-04-30,QLD,BUY,0.5209,1110.3814,578.43,0.0,0.0,OPEN
2009-04-30,GLD,BUY,87.27,1.2318,107.5,0.0,0.0,ADD
2009-04-30,SHV,BUY,87.0745,0.7631,66.44,0.0,0.0,ADD
2009-05-29,SHV,SELL,87.03337097167969,-41.01500189981803,-3569.67387575101,90.94738263895734,0.026143872712912408,REDUCE
2009-05-29,QQQ,BUY,30.5565,18.4244,562.98,0.0,0.0,ADD
2009-05-29,QLD,BUY,0.5512,4770.6083,2629.36,0.0,0.0,ADD
2009-05-29,GLD,BUY,96.2,3.9904,383.88,0.0,0.0,ADD
2009-06-01,QLD,SELL,0.5844419002532959,-1261.6970673489711,-737.3886315854434,49.19426718676061,0.07148310089656817,REDUCE
2009-06-01,GLD,SELL,95.7300033569336,-20.33317453854481,-1946.4948668320114,224.66127736801414,0.13047792698593508,REDUCE
2009-06-01,SHV,SELL,87.09349060058594,-22.548551834545666,-1963.8320872588276,51.35516382139657,0.026852697249330593,REDUCE
2009-06-01,SMH,BUY,9.413,143.4028,1349.85,0.0,0.0,OPEN
2009-06-01,QQQ,BUY,31.4288,42.6543,1340.57,0.0,0.0,ADD
2009-06-01,USD,BUY,0.2008,3025.5567,607.43,0.0,0.0,OPEN
2009-06-01,XLY,BUY,9.7938,137.8278,1349.85,0.0,0.0,OPEN
2009-06-15,QQQ,SELL,31.005605697631836,-1.0881387731296892,-33.738401743964005,-1.7266778204213138,-0.04868670369924322,REDUCE
2009-06-15,SHV,SELL,87.0223617553711,-13.174072369931293,-1146.4388915676,29.067382298968187,0.026014071468489552,CLOSE
2009-06-15,SMH,BUY,9.1073,0.8153,7.42,0.0,0.0,ADD
2009-06-15,USD,BUY,0.1919,54.4807,10.45,0.0,0.0,ADD
2009-06-15,TQQQ,BUY,0.1206,9254.4575,1116.42,0.0,0.0,OPEN
2009-06-15,QLD,BUY,0.5664,18.3441,10.39,0.0,0.0,ADD
2009-06-15,XLY,BUY,9.4502,1.1577,10.94,0.0,0.0,ADD
2009-06-15,GLD,BUY,91.1,0.2694,24.54,0.0,0.0,ADD
2009-06-24,QQQ,SELL,30.775671005249023,-0.8485901440320581,-26.115931091027505,-1.5416781393562458,-0.05574155475675058,REDUCE
2009-06-24,TQQQ,SELL,0.11742566780542235,-9254.45745477457,-1086.7108468037732,-29.7138967992005,-0.026615225942867027,CLOSE
2009-06-24,QLD,SELL,0.5575711727142334,-11.917591347746963,-6.644905383692276,0.14345035422314098,0.022064346146043246,REDUCE
2009-06-24,GLD,SELL,91.44999694824219,-0.2686465158635387,-24.567723055876513,1.7805592767130596,0.07813869659115724,REDUCE
2009-06-24,SMH,BUY,8.9248,0.2771,2.47,0.0,0.0,ADD
2009-06-24,USD,BUY,0.1831,88.5282,16.21,0.0,0.0,ADD
2009-06-24,XLY,BUY,9.0684,3.2207,29.21,0.0,0.0,ADD
2009-06-24,SHV,BUY,87.0461,12.5927,1096.15,0.0,0.0,OPEN
2009-06-30,USD,SELL,0.19039490818977356,-3168.565588897965,-603.2787543915039,-30.823875814127188,-0.04861023176032464,CLOSE
2009-06-30,XLY,SELL,9.368791580200195,-142.20626995382707,-1332.3009045950912,-57.700483361181135,-0.04151109765869987,CLOSE
2009-06-30,SMH,BUY,9.1073,0.5878,5.35,0.0,0.0,ADD
2009-06-30,QQQ,BUY,31.4588,0.1828,5.75,0.0,0.0,ADD
2009-06-30,QLD,BUY,0.5817,939.4521,546.47,0.0,0.0,ADD
2009-06-30,GLD,BUY,91.18,0.3313,30.21,0.0,0.0,ADD
2009-06-30,XLK,BUY,7.2774,181.5636,1321.32,0.0,0.0,OPEN
2009-06-30,SHV,BUY,87.0856,0.304,26.48,0.0,0.0,ADD
2009-07-02,SMH,SELL,9.158271789550781,-3.623052412674459,-33.18089870306039,-0.9088845365033618,-0.026661493565865002,REDUCE
2009-07-02,GLD,SELL,91.25,-0.2496771832874638,-22.783042974981072,1.562199614100343,0.0736162831765752,REDUCE
2009-07-02,SHV,SELL,87.05943298339844,-12.896736686861,-1122.7825832943113,0.16057094433146304,0.00014303206472443541,CLOSE
2009-07-02,QQQ,BUY,30.7843,0.1527,4.7,0.0,0.0,ADD
2009-07-02,TQQQ,BUY,0.1172,9395.1056,1101.2,0.0,0.0,OPEN
2009-07-02,QLD,BUY,0.5576,127.4537,71.06,0.0,0.0,ADD
2009-07-02,XLK,BUY,7.1256,0.2503,1.78,0.0,0.0,ADD
2009-07-13,QQQ,SELL,30.775671005249023,-0.2293784892773864,-7.059276921681885,-0.4153001852409419,-0.0555616965749538,REDUCE
2009-07-13,TQQQ,SELL,0.11672935390293948,-9395.10560977096,-1096.6846076784466,-4.514161956517363,-0.004099316200665393,CLOSE
2009-07-13,XLK,SELL,7.13755989074707,-0.8910121961576859,-6.359652913461559,-0.12444268838772661,-0.019191988525313453,REDUCE
2009-07-13,SMH,BUY,9.1073,0.3324,3.03,0.0,0.0,ADD
2009-07-13,GLD,BUY,90.19,0.1024,9.24,0.0,0.0,ADD
2009-07-13,SHV,BUY,87.0832,12.6046,1097.65,0.0,0.0,OPEN
2009-07-31,SMH,SELL,10.593367576599121,-3.934287640315317,-41.677355125930944,4.661901955616375,0.12594474891786822,REDUCE
2009-07-31,QLD,SELL,0.6806279420852661,-1401.3505691554199,-953.7983540242699,180.57340767413922,0.23353282705958156,REDUCE
2009-07-31,QQQ,BUY,34.1135,1.5714,53.61,0.0,0.0,ADD
2009-07-31,USD,BUY,0.2547,2580.527,657.17,0.0,0.0,OPEN
2009-07-31,GLD,BUY,93.35,1.1271,105.22,0.0,0.0,ADD
2009-07-31,XLK,BUY,7.8729,4.5718,35.99,0.0,0.0,ADD
2009-07-31,SHV,BUY,87.0832,1.6499,143.68,0.0,0.0,ADD
2009-08-06,QQQ,SELL,34.0529899597168,-0.09666415220491623,-3.2917034044985485,0.13885512774646672,0.04404117025558518,REDUCE
2009-08-06,QLD,SELL,0.6791009306907654,-4291.274279123834,-2914.208356802339,546.4066109130001,0.2307653551914126,CLOSE
2009-08-06,GLD,SELL,94.5999984741211,-0.21497812535019498,-20.336930330097857,1.9043796352727702,0.10331612085610176,REDUCE
2009-08-06,SMH,BUY,10.483,1.0348,10.85,0.0,0.0,ADD
2009-08-06,USD,BUY,0.2481,60.4274,14.99,0.0,0.0,ADD
2009-08-06,XLK,BUY,7.8289,0.4832,3.78,0.0,0.0,ADD
2009-08-06,SHV,BUY,87.0895,33.3934,2908.21,0.0,0.0,ADD
2009-08-10,QQQ,SELL,34.24321746826172,-0.5753679585992688,-19.702450130584566,0.9359494642102599,0.04987341438072623,REDUCE
2009-08-10,XLK,SELL,7.872895240783691,-1.3579856694369195,-10.691278913962378,0.7870809449763841,0.07946942775589205,REDUCE
2009-08-10,SHV,SELL,87.06580352783203,-14.259469001135933,-1241.5121264641125,-0.3108267290752389,-0.00025029874691551157,REDUCE
2009-08-10,SMH,BUY,10.3896,1.0065,10.46,0.0,0.0,ADD
2009-08-10,USD,BUY,0.2453,25.5621,6.27,0.0,0.0,ADD
2009-08-10,TQQQ,BUY,0.1595,7745.6637,1235.47,0.0,0.0,OPEN
2009-08-10,GLD,BUY,92.93,0.2121,19.71,0.0,0.0,ADD
2009-08-12,QQQ,SELL,34.476715087890625,-0.15441310954111417,-5.323656783484239,0.2872384710100506,0.05703229024853229,REDUCE
2009-08-12,USD,SELL,0.24751384556293488,-11.16132857952404,-2.7625833583094845,-0.0771569812516001,-0.027170435330550524,REDUCE
2009-08-12,TQQQ,SELL,0.16263989125277722,-7745.663713821587,-1259.7539040965255,24.284355214733697,0.019655972287389245,CLOSE
2009-08-12,XLK,SELL,7.916855335235596,-0.13673135654448296,-1.0824823695531904,0.08525945751312096,0.0854968898966646,REDUCE
2009-08-12,SHV,SELL,87.0815658569336,-19.132240827718665,-1666.0654896296967,-0.11547433103708458,-6.930479553823865e-05,REDUCE
2009-08-12,SMH,BUY,10.3811,0.792,8.22,0.0,0.0,ADD
2009-08-12,QLD,BUY,0.6956,4199.3925,2921.05,0.0,0.0,OPEN
2009-08-12,GLD,BUY,92.95,0.0615,5.71,0.0,0.0,ADD
2009-08-13,SMH,SELL,10.623086929321289,-1.7554849734415143,-18.64866947598648,2.09651133160765,0.12666090508080563,REDUCE
2009-08-13,USD,SELL,0.25795188546180725,-80.58308676321744,-20.78655916690434,0.28406786065719514,0.013855285019466868,REDUCE
2009-08-13,QLD,SELL,0.7026134133338928,-4199.392532591549,-2950.549521253009,29.495490589621994,0.010097550500606012,CLOSE
2009-08-13,QQQ,BUY,34.6669,0.3918,13.58,0.0,0.0,ADD
2009-08-13,GLD,BUY,93.72,0.0299,2.81,0.0,0.0,ADD
2009-08-13,XLK,BUY,7.9528,1.102,8.76,0.0,0.0,ADD
2009-08-13,SHV,BUY,87.0895,34.0435,2964.83,0.0,0.0,ADD
2009-08-17,GLD,SELL,91.61000061035156,-0.048299589678404295,-4.4247254399183475,0.2754839573014225,0.06639381160521785,REDUCE
2009-08-17,SHV,SELL,87.09740447998047,-15.29079790219578,-1331.7888097091827,0.129429833520669,9.719439931599183e-05,REDUCE
2009-08-17,SMH,BUY,10.173,2.3685,24.09,0.0,0.0,ADD
2009-08-17,QQQ,BUY,33.2747,1.1585,38.55,0.0,0.0,ADD
2009-08-17,USD,BUY,0.2352,175.0669,41.18,0.0,0.0,ADD
2009-08-17,TQQQ,BUY,0.1457,8383.7003,1221.87,0.0,0.0,OPEN
2009-08-17,XLK,BUY,7.6891,1.3678,10.52,0.0,0.0,ADD
2009-08-18,SMH,SELL,10.325878143310547,-0.11136536296610182,-1.1499451673735166,0.09851162026069857,0.0936926737131476,REDUCE
2009-08-18,USD,SELL,0.2439381331205368,-60.33095629423674,-14.71702084779281,-0.5590917128417746,-0.03659908308626325,REDUCE
2009-08-18,TQQQ,SELL,0.1519925519442268,-8383.700268952296,-1274.2599986135601,52.391009842536796,0.042877763757006804,CLOSE
2009-08-18,XLK,SELL,7.804955005645752,-0.15618619045941012,-1.2190261890389138,0.07885387992228032,0.06915961674544935,REDUCE
2009-08-18,GLD,BUY,92.06,0.1236,11.38,0.0,0.0,ADD
2009-08-18,SHV,BUY,87.0974,14.6958,1279.97,0.0,0.0,ADD
2009-08-19,SMH,SELL,10.423532485961914,-0.7708017021343184,-8.034476582431807,0.7571082318938236,0.1040359915047937,REDUCE
2009-08-19,QQQ,SELL,33.98381042480469,-0.24118598213025325,-8.196418693834858,0.32504558576618864,0.04129464850713216,REDUCE
2009-08-19,USD,SELL,0.24538734555244446,-5.332530790427615,-1.308535575739711,-0.041689011955141374,-0.03087561309064457,REDUCE
2009-08-19,GLD,SELL,92.52999877929688,-0.01552207440648519,-1.4362575258842298,0.10193569458347268,0.07639513361188222,REDUCE
2009-08-19,SHV,SELL,87.0895004272461,-14.091089388871396,-1227.1859353524783,-0.028845460320909004,-2.350481820456718e-05,REDUCE
2009-08-19,TQQQ,BUY,0.1551,8019.1046,1244.14,0.0,0.0,OPEN
2009-08-19,XLK,BUY,7.8249,0.2583,2.02,0.0,0.0,ADD
2009-08-20,QQQ,SELL,34.3815803527832,-0.26683365641862994,-9.17416279898407,0.46574927963227325,0.05348267840029508,REDUCE
2009-08-20,USD,SELL,0.24809382855892181,-7.20205947045767,-1.7867865075348845,-0.03681248536895509,-0.02018672170373159,REDUCE
2009-08-20,TQQQ,SELL,0.1605949214007204,-8019.104586116027,-1287.82747071146,43.686837117471846,0.035114066639936325,CLOSE
2009-08-20,XLK,SELL,7.912858009338379,-0.539998017410557,-4.2729276370939715,0.33050542261859095,0.08383308652357813,REDUCE
2009-08-20,SMH,BUY,10.4363,0.995,10.38,0.0,0.0,ADD
2009-08-20,GLD,BUY,92.27,0.15,13.84,0.0,0.0,ADD
2009-08-20,SHV,BUY,87.0895,14.6841,1278.83,0.0,0.0,ADD
2009-08-31,SMH,SELL,10.805657386779785,-2.8492914143451813,-30.78846681850723,3.8675111707434087,0.143661734053808,REDUCE
2009-08-31,QQQ,SELL,34.61505889892578,-42.64552837781411,-1476.1774765738462,84.39316851559086,0.06063667195194333,REDUCE
2009-08-31,USD,SELL,0.27331826090812683,-211.7422184046649,-57.87301489519177,4.258781657898873,0.07943378839439519,REDUCE
2009-08-31,XLK,SELL,8.000778198242188,-186.51515639215,-1492.2663969040457,130.5549235493172,0.09587561396371336,CLOSE
2009-08-31,SHV,SELL,87.12112426757812,-13.924485229728663,-1213.116808061247,0.42050759027670387,0.0003467542451587313,REDUCE
2009-08-31,TQQQ,BUY,0.1637,7772.6717,1272.72,0.0,0.0,OPEN
2009-08-31,XLY,BUY,10.619,141.003,1497.32,0.0,0.0,OPEN
2009-08-31,GLD,BUY,93.4,0.0307,2.87,0.0,0.0,ADD
2009-08-31,XLC,BUY,10.1908,146.9288,1497.32,0.0,0.0,OPEN
2009-09-04,TQQQ,SELL,0.16739814378551257,-7772.671700623711,-1301.1308149385925,28.411277353907607,0.02232328216460422,CLOSE
2009-09-04,GLD,SELL,97.52999877929688,-0.4600623985442791,-44.869885168423934,5.281949147300617,0.13342320106009753,REDUCE
2009-09-04,SHV,SELL,87.12033081054688,-19.633530557051962,-1710.4796771093477,0.5773375321866228,0.0003376435711113235,REDUCE
2009-09-04,SMH,BUY,10.8396,0.8039,8.71,0.0,0.0,ADD
2009-09-04,USD,BUY,0.2704,48.7646,13.19,0.0,0.0,ADD
2009-09-04,QLD,BUY,0.7093,4259.6136,3021.48,0.0,0.0,OPEN
2009-09-04,XLY,BUY,10.6759,0.5066,5.41,0.0,0.0,ADD
2009-09-04,XLC,BUY,10.236,0.6623,6.78,0.0,0.0,ADD
2009-09-15,USD,SELL,0.2831761837005615,-23.494270400956285,-6.653017830971862,0.696301407054374,0.116893495929834,REDUCE
2009-09-15,QLD,SELL,0.7615455985069275,-4259.613631716057,-3243.8900125734717,222.4141177655085,0.07361108461851384,CLOSE
2009-09-15,SMH,BUY,10.9967,3.1456,34.59,0.0,0.0,ADD
2009-09-15,QQQ,BUY,36.1543,0.0782,2.83,0.0,0.0,ADD
2009-09-15,GLD,BUY,98.9,0.3031,29.97,0.0,0.0,ADD
2009-09-15,XLC,BUY,10.6013,0.2417,2.56,0.0,0.0,ADD
2009-09-15,SHV,BUY,87.1203,36.5185,3181.5,0.0,0.0,ADD
2009-09-17,QQQ,SELL,36.67311477661133,-0.48772990609336414,-17.886574826147807,1.9653249620222553,0.1234403692420285,REDUCE
2009-09-17,XLY,SELL,11.280705451965332,-2.451631634218018,-27.65613434233387,1.6216460008212001,0.06228837607825932,REDUCE
2009-09-17,GLD,SELL,99.33999633789062,-0.04727395098736975,-4.696194117962932,0.6146453073159138,0.15059119364506102,REDUCE
2009-09-17,XLC,SELL,10.716809672563674,-1.4580128987761831,-15.625246736327199,0.7657070683875337,0.05152966279565119,REDUCE
2009-09-17,SHV,SELL,87.12033081054688,-35.95326962800235,-3132.2607437123525,0.30401497705560604,9.706870285475233e-05,REDUCE
2009-09-17,SMH,BUY,10.7505,3.3993,36.54,0.0,0.0,ADD
2009-09-17,USD,BUY,0.2737,88.5579,24.24,0.0,0.0,ADD
2009-09-17,QLD,BUY,0.7832,4005.6666,3137.34,0.0,0.0,OPEN
2009-09-24,SMH,SELL,10.805657386779785,-2.188949741641686,-23.653040945060184,2.8149426400396544,0.13508634995552593,REDUCE
2009-09-24,QQQ,SELL,36.41429901123047,-0.10570639436358274,-3.849224251754549,0.39858918535321125,0.11551183410678645,REDUCE
2009-09-24,USD,SELL,0.2717467248439789,-7.243877066361317,-1.9684998679560977,0.12687769636249183,0.06889453131024226,REDUCE
2009-09-24,SHV,SELL,87.11243438720703,-15.304930131466671,-1333.2497218781782,0.008561782498285958,6.421780810894617e-06,CLOSE
2009-09-24,TQQQ,BUY,0.1898,6955.2585,1320.11,0.0,0.0,OPEN
2009-09-24,QLD,BUY,0.7721,17.4192,13.45,0.0,0.0,ADD
2009-09-24,XLY,BUY,11.0526,1.458,16.11,0.0,0.0,ADD
2009-09-24,GLD,BUY,97.55,0.1104,10.77,0.0,0.0,ADD
2009-09-24,XLC,BUY,10.5947,0.2151,2.28,0.0,0.0,ADD
2009-09-28,SMH,SELL,10.996721267700195,-0.5375144209209075,-5.910896264236499,0.7939316622463191,0.15515676265134393,REDUCE
2009-09-28,USD,SELL,0.2807527780532837,-47.957796326166275,-13.464284547884745,1.2718991435031626,0.1043191386523985,REDUCE
2009-09-28,TQQQ,SELL,0.19423183572708996,-6955.258455494364,-1350.9326177670348,30.82135635733266,0.023347544451987723,CLOSE
2009-09-28,QLD,SELL,0.7842938303947449,-7.697022195651141,-6.036727020460603,0.008590015972922235,0.001424986851912502,REDUCE
2009-09-28,QQQ,BUY,36.7086,0.2084,7.65,0.0,0.0,ADD
2009-09-28,XLY,BUY,11.1952,0.1359,1.52,0.0,0.0,ADD
2009-09-28,GLD,BUY,97.05,0.2585,25.08,0.0,0.0,ADD
2009-09-28,XLC,BUY,10.7167,0.3417,3.66,0.0,0.0,ADD
2009-09-28,SHV,BUY,87.0966,15.3672,1338.43,0.0,0.0,OPEN
2009-09-29,XLY,SELL,11.248126029968262,-1.3578860752060726,-15.273673708256865,0.8470867345890181,0.058717057342472234,REDUCE
2009-09-29,GLD,SELL,97.43000030517578,-0.12207719966073591,-11.893981600200505,1.3185923152387826,0.12468499075621087,REDUCE
2009-09-29,XLC,SELL,10.713861775876682,-0.6916925912483826,-7.41069881403314,0.3599655648042221,0.051053635427718014,REDUCE
2009-09-29,SHV,SELL,87.10449981689453,-15.367171099542642,-1338.549752226299,0.12075947748206269,9.02247920033794e-05,CLOSE
2009-09-29,SMH,BUY,10.8354,1.4097,15.28,0.0,0.0,ADD
2009-09-29,USD,BUY,0.273,58.7201,16.03,0.0,0.0,ADD
2009-09-29,TQQQ,BUY,0.1916,6950.0422,1331.78,0.0,0.0,OPEN
2009-09-29,QLD,BUY,0.7777,12.9178,10.05,0.0,0.0,ADD
2009-09-30,SMH,SELL,10.877838134765625,-0.24635621750920303,-2.679823057558224,0.3314309887400269,0.1411310288178651,REDUCE
2009-09-30,USD,SELL,0.2757173776626587,-2582.577786208423,-712.0615748232208,54.38639216669299,0.08269491323514999,CLOSE
2009-09-30,TQQQ,SELL,0.19202975729342212,-6950.042222309511,-1334.6149211291315,2.839319304094952,0.0021319802676997845,CLOSE
2009-09-30,GLD,SELL,98.8499984741211,-0.16660902119393245,-16.469301490795033,2.0361783325892895,0.14107676559467652,REDUCE
2009-09-30,XLC,SELL,10.700214224301403,-146.23997009223203,-1564.799008142313,74.10931080929417,0.04971478030731857,CLOSE
2009-09-30,QQQ,BUY,36.5701,42.9748,1571.59,0.0,0.0,ADD
2009-09-30,QLD,BUY,0.7782,915.3948,712.35,0.0,0.0,ADD
2009-09-30,XLY,BUY,11.187,1.0699,11.97,0.0,0.0,ADD
2009-09-30,SHV,BUY,87.1203,15.3204,1334.72,0.0,0.0,OPEN
2009-10-01,QQQ,SELL,35.488155364990234,-0.31336458054631944,-11.12073092031278,0.22238210110555712,0.0204051186830827,REDUCE
2009-10-01,XLY,SELL,10.942689895629883,-1.660509109817684,-18.170436257603342,0.5215694467058745,0.029552574241413998,REDUCE
2009-10-01,GLD,SELL,97.88999938964844,-0.32317572666100136,-31.635671685594616,3.639378140292058,0.1299949986023312,REDUCE
2009-10-01,SHV,SELL,87.12980651855469,-15.320377169209436,-1334.8614985445008,0.14517142062498567,0.00010876574870244404,CLOSE
2009-10-01,SMH,BUY,10.4448,0.962,10.05,0.0,0.0,ADD
2009-10-01,TQQQ,BUY,0.175,7372.7042,1290.12,0.0,0.0,OPEN
2009-10-01,QLD,BUY,0.7328,130.4815,95.62,0.0,0.0,ADD
2009-10-05,TQQQ,SELL,0.1776496231761822,-47.99184580069376,-8.525733322022688,0.12784325005496497,0.015223258337437429,REDUCE
2009-10-05,QLD,SELL,0.7398660778999329,-4143.085076165375,-3065.3281057082204,-170.2937217268354,-0.05263091016474897,REDUCE
2009-10-05,GLD,SELL,99.81999969482422,-0.14347741841406605,-14.321915862306241,1.892653415699616,0.15227399242956197,REDUCE
2009-10-05,SMH,BUY,10.483,0.7176,7.52,0.0,0.0,ADD
2009-10-05,QQQ,BUY,35.6699,0.275,9.81,0.0,0.0,ADD
2009-10-05,XLY,BUY,10.9712,0.8314,9.12,0.0,0.0,ADD
2009-10-05,SHV,BUY,87.114,35.1462,3061.72,0.0,0.0,OPEN
2009-10-06,SMH,SELL,10.720741271972656,-0.5089717671018099,-5.456554629837228,0.5993424982744623,0.12339228389467705,REDUCE
2009-10-06,TQQQ,SELL,0.18709036580229574,-7324.7123852628865,-1370.3831195554396,88.66268572021903,0.06917474620804676,CLOSE
2009-10-06,GLD,SELL,102.27999877929688,-0.07032274215187378,-7.19260998145046,1.100642145451289,0.1806710368605824,REDUCE
2009-10-06,SHV,SELL,87.1377182006836,-19.92762519336793,-1736.4477885085375,0.47191885833903546,0.00027184643899125227,REDUCE
2009-10-06,QQQ,BUY,36.3018,0.1094,3.97,0.0,0.0,ADD
2009-10-06,QLD,BUY,0.7655,4062.0217,3109.54,0.0,0.0,ADD
2009-10-06,XLY,BUY,11.1382,0.5357,5.97,0.0,0.0,ADD
2009-10-08,QLD,SELL,0.7769656181335449,-4081.4281321225835,-3171.1293315422627,34.970974112383885,0.011150895499117297,REDUCE
2009-10-08,XLY,SELL,11.3255033493042,-1.0815844837829296,-12.249488693639023,0.7494656407313323,0.06517079463956699,REDUCE
2009-10-08,GLD,SELL,103.63999938964844,-0.055392962056306824,-5.740926553706458,0.9423061805281909,0.19637022878391885,REDUCE
2009-10-08,SMH,BUY,10.6528,2.2413,23.88,0.0,0.0,ADD
2009-10-08,QQQ,BUY,36.5615,0.1432,5.24,0.0,0.0,ADD
2009-10-08,SHV,BUY,87.1456,36.2612,3160.01,0.0,0.0,ADD
2009-10-21,SMH,SELL,10.805657386779785,-0.6260820775631999,-6.765228426151225,0.7798732301232808,0.13029690044808495,REDUCE
2009-10-21,QQQ,SELL,37.3404655456543,-0.8778604586642731,-32.77971821064557,2.241698584448016,0.07340680934414423,REDUCE
2009-10-21,SHV,SELL,87.16146850585938,-35.97464147663936,-3135.6025800756843,0.9055867772697409,0.00028889132799947426,REDUCE
2009-10-21,QLD,BUY,0.8093,3901.3465,3157.49,0.0,0.0,ADD
2009-10-21,XLY,BUY,11.3988,0.4942,5.63,0.0,0.0,ADD
2009-10-21,GLD,BUY,103.75,0.1159,12.03,0.0,0.0,ADD
2009-10-26,SMH,SELL,10.775938034057617,-0.28387366235296024,-3.059004995016494,0.34516800643370144,0.12718818701559287,REDUCE
2009-10-26,QQQ,SELL,37.210636138916016,-0.09465229456906103,-3.5220720929228264,0.22941481386880855,0.06967467137506622,REDUCE
2009-10-26,XLY,SELL,11.435456275939941,-1.0970120312956473,-12.544833118061433,0.8777974330492467,0.07523740020585445,REDUCE
2009-10-26,SHV,SELL,87.1377182006836,-15.505101842935389,-1351.0791950626037,0.02205779003847065,1.632631916881344e-05,CLOSE
2009-10-26,TQQQ,BUY,0.2012,6684.401,1345.13,0.0,0.0,OPEN
2009-10-26,QLD,BUY,0.8041,8.4223,6.77,0.0,0.0,ADD
2009-10-26,GLD,BUY,101.86,0.1797,18.3,0.0,0.0,ADD
2009-10-29,SMH,SELL,10.546662330627441,-1.1803494107016292,-12.448746666825173,1.1645864398326318,0.10320541506020575,REDUCE
2009-10-29,QQQ,SELL,36.4316291809082,-0.6595967746810385,-24.030185104102657,1.084876368777198,0.04728096628776135,REDUCE
2009-10-29,QLD,SELL,0.7693321704864502,-3922.7922192134247,-3017.930252374823,-126.51358586864735,-0.04023401032957219,REDUCE
2009-10-29,XLY,SELL,11.215542793273926,-1.3986147215588551,-15.686223260946235,0.8115569851915163,0.054559676845613136,REDUCE
2009-10-29,GLD,SELL,102.69000244140625,-0.4884800634506501,-50.162018908325535,7.670974479258994,0.180531558645604,REDUCE
2009-10-29,TQQQ,BUY,0.1883,252.2132,47.48,0.0,0.0,ADD
2009-10-29,SHV,BUY,87.1694,35.2506,3072.77,0.0,0.0,OPEN
2009-11-02,SMH,SELL,10.262191772460938,-145.6751979552831,-1494.9468179083246,102.28947430941396,0.07344913289659405,CLOSE
2009-11-02,QLD,SELL,0.7340638041496277,-898.6680029441623,-659.6796529087405,-60.67740567922379,-0.08423240246741381,CLOSE
2009-11-02,XLY,SELL,11.02821159362793,-136.98731760919026,-1510.7251242376635,53.82594961977566,0.03694555571005309,CLOSE
2009-11-02,SHV,SELL,87.14092254638672,-0.6736867823019528,-58.705687717098954,-0.0191766768247115,-0.00032655123213354287,REDUCE
2009-11-02,QQQ,BUY,35.6007,0.2696,9.6,0.0,0.0,ADD
2009-11-02,TQQQ,BUY,0.1753,370.0539,64.85,0.0,0.0,ADD
2009-11-02,GLD,BUY,103.95,6.1235,636.54,0.0,0.0,ADD
2009-11-02,XLK,BUY,8.3152,181.1771,1506.53,0.0,0.0,OPEN
2009-11-02,XLC,BUY,10.5899,142.2608,1506.53,0.0,0.0,OPEN
2009-11-04,TQQQ,SELL,0.17782023114004908,-7306.668056783301,-1299.2734027208198,-158.19505184228143,-0.10854097826062581,CLOSE
2009-11-04,GLD,SELL,107.0999984741211,-0.40806012431187483,-43.703238691151455,5.957792020177771,0.15784134367548286,REDUCE
2009-11-04,QQQ,BUY,35.7738,0.2435,8.71,0.0,0.0,ADD
2009-11-04,XLK,BUY,8.3313,1.0956,9.13,0.0,0.0,ADD
2009-11-04,XLC,BUY,10.6061,0.9181,9.74,0.0,0.0,ADD
2009-11-04,SHV,BUY,87.1251,15.0978,1315.4,0.0,0.0,ADD
2009-11-06,QQQ,SELL,36.8730583190918,-1.2527662634589314,-46.1933234927119,2.60616942102814,0.05979214464752647,REDUCE
2009-11-06,XLK,SELL,8.523829460144043,-1.572152327173959,-13.400758322199408,0.32777243851374405,0.02507249999579564,REDUCE
2009-11-06,XLC,SELL,10.92218098802636,-2.1575246239436856,-23.564874428836447,0.7166082874645646,0.03136379290361058,REDUCE
2009-11-06,SHV,SELL,87.14092254638672,-34.65056198660775,-3019.481938263758,-0.5196721250698093,-0.0001720767708474069,REDUCE
2009-11-06,QLD,BUY,0.787,3914.0471,3080.52,0.0,0.0,OPEN
2009-11-06,GLD,BUY,107.43,0.2059,22.12,0.0,0.0,ADD
2009-11-20,QLD,SELL,0.8180359601974487,-3914.0470960689922,-3201.831274490834,121.30940181661526,0.03937949699130239,CLOSE
2009-11-20,GLD,SELL,112.94000244140625,-0.4127854522894761,-46.619989989350415,8.369371637398414,0.21880356443888216,REDUCE
2009-11-20,QQQ,BUY,37.6001,0.6281,23.62,0.0,0.0,ADD
2009-11-20,TQQQ,BUY,0.2055,6550.0655,1345.89,0.0,0.0,OPEN
2009-11-20,XLK,BUY,8.7003,1.2926,11.25,0.0,0.0,ADD
2009-11-20,XLC,BUY,11.1504,0.9827,10.96,0.0,0.0,ADD
2009-11-20,SHV,BUY,87.1962,21.2939,1856.74,0.0,0.0,ADD
2009-11-23,QQQ,SELL,38.20602798461914,-0.1238456354485488,-4.731649813720196,0.4199194076470979,0.0973899961499538,REDUCE
2009-11-23,TQQQ,SELL,0.21541020712705788,-6550.065510253476,-1410.9509682594992,65.06249398300606,0.048341668144518124,CLOSE
2009-11-23,XLK,SELL,8.852749824523926,-0.5404455588795277,-4.784429326535474,0.2889614466278647,0.06427839200439434,REDUCE
2009-11-23,SHV,SELL,87.14875793457031,-20.65055410859928,-1799.670141225065,-0.6360330456799067,-0.00035329159826802403,REDUCE
2009-11-23,QLD,BUY,0.8428,3812.0893,3212.71,0.0,0.0,OPEN
2009-11-23,GLD,BUY,114.29,0.0458,5.24,0.0,0.0,ADD
2009-11-23,XLC,BUY,11.2966,0.1936,2.19,0.0,0.0,ADD
2009-11-24,QLD,SELL,0.8374249935150146,-3812.089250118112,-3192.338815558817,-20.37170445310113,-0.006340971066707057,CLOSE
2009-11-24,GLD,SELL,114.7300033569336,-0.10833134024293731,-12.428855029733313,2.3844917827590204,0.23739601248265396,REDUCE
2009-11-24,XLC,SELL,11.280541751051818,-0.09645725965641848,-1.0880901447462747,0.06613785165012274,0.06471716155139551,REDUCE
2009-11-24,QQQ,BUY,38.0762,0.1012,3.85,0.0,0.0,ADD
2009-11-24,TQQQ,BUY,0.2132,6390.4407,1362.53,0.0,0.0,OPEN
2009-11-24,SHV,BUY,87.1883,21.0977,1839.47,0.0,0.0,ADD
2009-11-25,TQQQ,SELL,0.21597659217417345,-6390.440710305271,-1380.1856071028367,17.653565564890908,0.012956440675673697,CLOSE
2009-11-25,GLD,SELL,116.62000274658203,-0.18718259459100875,-21.82923469531579,4.473869485516379,0.25778019830952825,REDUCE
2009-11-25,QQQ,BUY,38.2406,0.1302,4.98,0.0,0.0,ADD
2009-11-25,XLK,BUY,8.8527,0.7047,6.24,0.0,0.0,ADD
2009-11-25,SHV,BUY,87.1883,15.9471,1390.4,0.0,0.0,ADD
2009-12-03,GLD,SELL,118.69999694824219,-0.30008807381970853,-35.62045344660328,7.796615831647713,0.28021353271041805,REDUCE
2009-12-03,SHV,SELL,87.1567153930664,-52.712243822479095,-4594.2260325657335,-1.5288143943455486,-0.0003326579517958228,CLOSE
2009-12-03,QQQ,BUY,37.9896,0.5818,22.1,0.0,0.0,ADD
2009-12-03,TQQQ,BUY,0.2115,6485.7112,1371.86,0.0,0.0,OPEN
2009-12-03,QLD,BUY,0.8336,3872.2146,3227.91,0.0,0.0,OPEN
2009-12-03,XLC,BUY,11.3033,0.6848,7.74,0.0,0.0,ADD
2009-12-04,QQQ,SELL,38.188716888427734,-0.3959066483981917,-15.119166909924843,1.322323274733042,0.09584244843945133,REDUCE
2009-12-04,TQQQ,SELL,0.21484620350664727,-6485.711194421841,-1393.4304271620952,21.568618138522556,0.015722150727319972,CLOSE
2009-12-04,QLD,SELL,0.8418533802032471,-37.245582617964814,-31.355319624572985,0.30709394476074414,0.009890869382607637,REDUCE
2009-12-04,XLK,SELL,8.91291618347168,-1.0448510322396645,-9.312669674565996,0.619356918441749,0.07124521293743014,REDUCE
2009-12-04,XLC,SELL,11.376220224404019,-0.8899977428768397,-10.124810322189433,0.6923743729726243,0.0734035594516933,REDUCE
2009-12-04,GLD,BUY,113.75,0.7725,87.87,0.0,0.0,ADD
2009-12-04,SHV,BUY,87.1646,15.7415,1372.1,0.0,0.0,OPEN
2009-12-07,QLD,SELL,0.8336082696914673,-3834.9690489303757,-3196.8619131991823,0.0,0.0,CLOSE
2009-12-07,XLK,SELL,8.896876335144043,-0.5147884188528871,-4.58000890129847,0.29689428473337515,0.06931738029730194,REDUCE
2009-12-07,XLC,SELL,11.383547309282037,-0.7488624335531479,-8.524710940496334,0.5880650379660236,0.07409490673869423,REDUCE
2009-12-07,GLD,BUY,113.11,0.0184,2.08,0.0,0.0,ADD
2009-12-07,SHV,BUY,87.1409,36.8085,3207.52,0.0,0.0,ADD
2009-12-08,QQQ,SELL,37.77323532104492,-0.027500493487678867,-1.0387826119549572,0.08042535759911251,0.08392001754415679,REDUCE
2009-12-08,SHV,SELL,87.1567153930664,-52.5499926277687,-4580.084751366175,0.4569698503557355,9.978318591752355e-05,CLOSE
2009-12-08,TQQQ,BUY,0.2079,6526.6235,1356.7,0.0,0.0,OPEN
2009-12-08,QLD,BUY,0.8234,3876.9926,3192.23,0.0,0.0,OPEN
2009-12-08,GLD,BUY,110.95,0.2349,26.06,0.0,0.0,ADD
2009-12-08,XLK,BUY,8.8167,0.4366,3.85,0.0,0.0,ADD
2009-12-08,XLC,BUY,11.2894,0.2347,2.65,0.0,0.0,ADD
2009-12-09,TQQQ,SELL,0.21415951093018065,-6526.62350837588,-1397.7384985791982,41.039152727380475,0.03024926108563397,CLOSE
2009-12-09,QLD,SELL,0.8398678302764893,-29.812184398576417,-25.03829462663498,0.4915721940897573,0.02002598087954932,REDUCE
2009-12-09,QQQ,BUY,38.1541,0.1625,6.2,0.0,0.0,ADD
2009-12-09,GLD,BUY,110.84,0.2466,27.34,0.0,0.0,ADD
2009-12-09,XLK,BUY,8.9009,0.4713,4.2,0.0,0.0,ADD
2009-12-09,XLC,BUY,11.3433,1.042,11.82,0.0,0.0,ADD
2009-12-09,SHV,BUY,87.1646,15.7544,1373.23,0.0,0.0,OPEN
2009-12-17,QQQ,SELL,37.929054260253906,-0.23960618879477136,-9.088036135889524,0.736422231560033,0.08817723616009965,REDUCE
2009-12-17,XLK,SELL,8.856764793395996,-0.7264121840814931,-6.433661857466859,0.38784360253569083,0.06415072140472522,REDUCE
2009-12-17,XLC,SELL,11.431971202603817,-2.3676379125280627,-27.066768434213827,1.9583006469002047,0.07799363399982773,REDUCE
2009-12-17,SHV,SELL,87.14090728759766,-15.75440624578619,-1372.853254035204,-0.3740517596198015,-0.00027238881577829055,CLOSE
2009-12-17,TQQQ,BUY,0.2102,6474.7534,1360.95,0.0,0.0,OPEN
2009-12-17,QLD,BUY,0.8306,8.3622,6.95,0.0,0.0,ADD
2009-12-17,GLD,BUY,107.34,0.4429,47.54,0.0,0.0,ADD
2009-12-18,TQQQ,SELL,0.22047055766366888,-6474.75339992912,-1427.4924928171092,66.54074831037589,0.04889280503806037,CLOSE
2009-12-18,QLD,SELL,0.8565101027488708,-33.321950801780154,-28.54058750502554,1.1034789939950762,0.04021848707386377,REDUCE
2009-12-18,QQQ,BUY,38.5472,0.4642,17.89,0.0,0.0,ADD
2009-12-18,GLD,BUY,108.95,0.1402,15.28,0.0,0.0,ADD
2009-12-18,XLK,BUY,8.9892,1.3152,11.82,0.0,0.0,ADD
2009-12-18,XLC,BUY,11.5467,1.7053,19.69,0.0,0.0,ADD
2009-12-18,SHV,BUY,87.1488,15.9653,1391.35,0.0,0.0,OPEN
2009-12-31,QQQ,SELL,39.6656494140625,-42.61499345289305,-1690.3513900850246,204.05137407637727,0.1372881463221287,REDUCE
2009-12-31,QLD,SELL,0.908113956451416,-128.07324962022295,-116.30510542821048,10.850305734951752,0.10289058218793778,REDUCE
2009-12-31,GLD,SELL,107.30999755859375,-6.245167859023781,-670.1689477048501,80.21309541555281,0.13596457277996232,REDUCE
2009-12-31,XLK,SELL,9.230741500854492,-0.3806793078392977,-3.5139522853887684,0.34378405520321165,0.10844347373422814,REDUCE
2009-12-31,USD,BUY,0.3243,2327.6608,754.81,0.0,0.0,OPEN
2009-12-31,XLY,BUY,12.19,137.6012,1677.35,0.0,0.0,OPEN
2009-12-31,XLC,BUY,11.7329,1.2003,14.08,0.0,0.0,ADD
2009-12-31,SHV,BUY,87.1678,0.3911,34.09,0.0,0.0,ADD
2010-01-12,XLY,SELL,12.259568214416504,-0.6778608584211034,-8.310281433696446,0.04718306586607082,0.005710093691945195,REDUCE
2010-01-12,GLD,SELL,110.48999786376953,-0.37263950040470434,-41.172937603671926,5.971184981400554,0.16962749115004905,REDUCE
2010-01-12,SHV,SELL,87.17571258544922,-16.356389949334698,-1425.879949158732,0.433069982591332,0.0003038134839803419,CLOSE
2010-01-12,USD,BUY,0.3152,69.129,21.79,0.0,0.0,ADD
2010-01-12,TQQQ,BUY,0.24,5944.2977,1426.83,0.0,0.0,OPEN
2010-01-12,QLD,BUY,0.9078,4.0335,3.66,0.0,0.0,ADD
2010-01-12,XLK,BUY,9.1382,1.9799,18.09,0.0,0.0,ADD
2010-01-12,XLC,BUY,11.7078,0.4144,4.85,0.0,0.0,ADD
2010-01-13,USD,SELL,0.3226300776004791,-14.380748916236096,-4.639662138798258,-0.01991680828531855,-0.004274379404556328,REDUCE
2010-01-13,TQQQ,SELL,0.24899879924585902,-5944.297690078656,-1480.1229871895189,53.295140129803855,0.03735218669836726,CLOSE
2010-01-13,QLD,SELL,0.9294885993003845,-22.865578237792455,-21.253294288439065,2.423799469041797,0.12872355271820202,REDUCE
2010-01-13,QQQ,BUY,40.1859,0.1847,7.42,0.0,0.0,ADD
2010-01-13,XLY,BUY,12.3988,0.8386,10.4,0.0,0.0,ADD
2010-01-13,GLD,BUY,111.54,0.1029,11.48,0.0,0.0,ADD
2010-01-13,XLK,BUY,9.2267,1.4298,13.19,0.0,0.0,ADD
2010-01-13,XLC,BUY,11.831,0.997,11.8,0.0,0.0,ADD
2010-01-13,SHV,BUY,87.1678,16.656,1451.87,0.0,0.0,OPEN
2010-01-15,QQQ,SELL,39.75236129760742,-0.11867661985549813,-4.717675870074572,0.5753244375336471,0.13888836978294283,REDUCE
2010-01-15,XLY,SELL,12.275948524475098,-0.5745214977499032,-7.052796332582147,0.0486705249567723,0.006948836484887977,REDUCE
2010-01-15,GLD,SELL,110.86000061035156,-0.10398882731873563,-11.528201460024775,1.690753883306085,0.17186916322760637,REDUCE
2010-01-15,XLK,SELL,9.122052192687988,-0.5043243042218848,-4.600472625153088,0.3927572661720434,0.09334216615525892,REDUCE
2010-01-15,XLC,SELL,11.705331706070858,-0.4981598375938301,-5.831126141678169,0.5322018797823149,0.10043583442196691,REDUCE
2010-01-15,SHV,SELL,87.15985107421875,-16.65603225294034,-1451.737290653664,-0.1322855344796058,-9.11139241769332e-05,CLOSE
2010-01-15,USD,BUY,0.3055,98.5529,30.1,0.0,0.0,ADD
2010-01-15,TQQQ,BUY,0.2409,5941.625,1431.49,0.0,0.0,OPEN
2010-01-15,QLD,BUY,0.9099,26.2356,23.87,0.0,0.0,ADD
2010-01-19,USD,SELL,0.31293240189552307,-4.856781525328997,-1.5198443082030053,-0.050247158993056276,-0.032002695411618154,REDUCE
2010-01-19,TQQQ,SELL,0.25259128224853417,-5941.625002502107,-1500.8026780219573,69.31258307490128,0.04841988311310308,CLOSE
2010-01-19,QLD,SELL,0.9384967088699341,-32.072262111144966,-30.099712437323433,3.668983849609329,0.13881508553323796,REDUCE
2010-01-19,QQQ,BUY,40.394,0.2233,9.02,0.0,0.0,ADD
2010-01-19,XLY,BUY,12.4397,1.2316,15.32,0.0,0.0,ADD
2010-01-19,GLD,BUY,111.52,0.2116,23.6,0.0,0.0,ADD
2010-01-19,XLK,BUY,9.279,0.9491,8.81,0.0,0.0,ADD
2010-01-19,XLC,BUY,11.8841,1.0151,12.06,0.0,0.0,ADD
2010-01-19,SHV,BUY,87.1757,16.7892,1463.61,0.0,0.0,OPEN
2010-01-21,QQQ,SELL,39.44023513793945,-0.1959305706257735,-7.727547776191159,0.8820566727174859,0.1288522122642004,REDUCE
2010-01-21,USD,SELL,0.3082776963710785,-35.22898493769429,-10.86031032208382,-0.5284516307004412,-0.0464011481573946,REDUCE
2010-01-21,XLY,SELL,12.116251945495605,-0.41017573787693146,-4.969792582046466,-0.03166262256113494,-0.0063306820246966655,REDUCE
2010-01-21,XLK,SELL,9.033488273620605,-0.4625862050008174,-4.178767058413541,0.31707004504287745,0.08210640139427317,REDUCE
2010-01-21,XLC,SELL,11.572393899242517,-0.39547459372133764,-4.576587775686221,0.36647047473613753,0.08704519340908567,REDUCE
2010-01-21,SHV,SELL,87.17571258544922,-16.789220947969618,-1463.6122998938026,0.0,0.0,CLOSE
2010-01-21,TQQQ,BUY,0.2349,6050.6796,1421.33,0.0,0.0,OPEN
2010-01-21,QLD,BUY,0.8944,69.7878,62.42,0.0,0.0,ADD
2010-01-21,GLD,BUY,107.37,0.1134,12.18,0.0,0.0,ADD
2010-01-28,QQQ,SELL,37.75823211669922,-0.5892432878941228,-22.248784837513313,1.661595854304224,0.0807101861094015,REDUCE
2010-01-28,QLD,SELL,0.819257378578186,-3739.2664694434325,-3063.421645561535,-23.009500170234645,-0.007455050536946062,CLOSE
2010-01-28,XLY,SELL,11.911520004272461,-5.8122066743991345,-69.2322160710712,-1.6386049881952442,-0.02312101036370018,REDUCE
2010-01-28,GLD,SELL,106.4800033569336,-0.6675664280233276,-71.08247549690009,7.676409381743777,0.12106742859274844,REDUCE
2010-01-28,XLK,SELL,8.586645126342773,-1.7205572900130486,-14.773814868884074,0.4105007960729905,0.02857981061975412,REDUCE
2010-01-28,XLC,SELL,11.18802988913867,-3.749404696253378,-41.94845180815969,2.033287014836224,0.05094021345932975,REDUCE
2010-01-28,USD,BUY,0.2757,129.3523,35.66,0.0,0.0,ADD
2010-01-28,TQQQ,BUY,0.2051,476.5401,97.72,0.0,0.0,ADD
2010-01-28,SHV,BUY,87.1599,36.1328,3149.33,0.0,0.0,OPEN
2010-02-01,USD,SELL,0.26939135789871216,-2570.228594019816,-692.397371053096,-132.34641307268905,-0.1604697308667492,CLOSE
2010-02-01,XLY,SELL,11.98931884765625,-1.1551343887423036,-13.849274498523982,-0.2357928691852292,-0.016740627717961587,REDUCE
2010-02-01,XLK,SELL,8.534306526184082,-183.3851778056614,-1565.0653197522845,34.15500342039236,0.0223102575350258,CLOSE
2010-02-01,XLC,SELL,11.190427062934377,-0.34868343278508,-3.9019165226350196,0.18992547130209103,0.05116539039982104,REDUCE
2010-02-01,SHV,SELL,87.16939544677734,-0.08574013147269867,-7.47391542600235,0.0008183357579982456,0.00010950423206290694,REDUCE
2010-02-01,QQQ,BUY,37.5068,42.0452,1576.98,0.0,0.0,ADD
2010-02-01,TQQQ,BUY,0.2007,125.7802,25.25,0.0,0.0,ADD
2010-02-01,GLD,BUY,108.35,6.2802,680.46,0.0,0.0,ADD
2010-02-05,QQQ,SELL,37.264041900634766,-0.5138482478117024,-19.14806263702303,0.4789777372052802,0.025656197921621438,REDUCE
2010-02-05,TQQQ,SELL,0.19621400509380388,-6652.999985684447,-1305.4117730801652,-238.88232867156083,-0.154687069257463,CLOSE
2010-02-05,XLC,SELL,11.058736098047365,-0.1835920950078127,-2.03029652837904,0.07582393321986361,0.03879508641239782,REDUCE
2010-02-05,SHV,SELL,87.1614990234375,-20.92575867348816,-1823.9204941839273,0.03448458765772585,1.890720553610059e-05,REDUCE
2010-02-05,QLD,BUY,0.7947,3902.4209,3101.16,0.0,0.0,OPEN
2010-02-05,XLY,BUY,11.7805,0.5811,6.85,0.0,0.0,ADD
2010-02-05,GLD,BUY,104.68,0.4061,42.51,0.0,0.0,ADD
2010-02-08,XLY,SELL,11.706785202026367,-0.12928055426307367,-1.5134596795567177,-0.06267991305116785,-0.03976799602340897,REDUCE
2010-02-08,GLD,SELL,104.04000091552734,-0.02167619350646994,-2.2551911922582804,0.09742203952102091,0.04514942638670827,REDUCE
2010-02-08,XLC,SELL,11.000522245394235,-0.277482504325326,-3.0524524615384507,0.09844755017825026,0.03332680653293796,REDUCE
2010-02-08,SHV,SELL,87.19313049316406,-15.121271589693,-1318.4710069426762,0.5032271322192449,0.0003818205117971374,CLOSE
2010-02-08,TQQQ,BUY,0.192,6816.0075,1308.46,0.0,0.0,OPEN
2010-02-08,QLD,BUY,0.7846,21.453,16.83,0.0,0.0,ADD
2010-02-09,TQQQ,SELL,0.1979070468604036,-96.1618872387763,-19.03111512394935,0.5710422943797844,0.030933913406077318,REDUCE
2010-02-09,QLD,SELL,0.8007827401161194,-3923.873821246347,-3142.1704304475575,24.179150030563886,0.007754720220811695,CLOSE
2010-02-09,QQQ,BUY,37.3768,0.4615,17.25,0.0,0.0,ADD
2010-02-09,XLY,BUY,11.8869,0.1294,1.54,0.0,0.0,ADD
2010-02-09,GLD,BUY,105.41,0.0612,6.45,0.0,0.0,ADD
2010-02-09,XLC,BUY,11.1324,0.609,6.78,0.0,0.0,ADD
2010-02-09,SHV,BUY,87.1931,35.888,3129.19,0.0,0.0,OPEN
2010-02-11,QQQ,SELL,37.862281799316406,-0.100946035557911,-3.8220472448174405,0.15385708050240532,0.04194359441862128,REDUCE
2010-02-11,TQQQ,SELL,0.20558194816112518,-6719.845601498152,-1381.4789500979582,91.47890154340818,0.07091387449629227,CLOSE
2010-02-11,GLD,SELL,107.12999725341797,-0.08824235931571786,-9.453403711127976,0.6676272207260437,0.07598955214207836,REDUCE
2010-02-11,SHV,SELL,87.19313049316406,-20.457617856658075,-1783.763743354871,0.0,0.0,REDUCE
2010-02-11,QLD,BUY,0.8208,3856.9286,3165.7,0.0,0.0,OPEN
2010-02-11,XLY,BUY,11.977,0.5344,6.4,0.0,0.0,ADD
2010-02-11,XLC,BUY,11.2166,0.5718,6.41,0.0,0.0,ADD
2010-02-19,QLD,SELL,0.8644493222236633,-3856.9286010591945,-3334.119315050683,168.41574453413222,0.053200099372112675,CLOSE
2010-02-19,XLY,SELL,12.374221801757812,-0.32061379712398247,-3.9673462383159404,0.058918043424310416,0.015074613242560542,REDUCE
2010-02-19,QQQ,BUY,38.868,0.3084,11.99,0.0,0.0,ADD
2010-02-19,GLD,BUY,109.47,0.1657,18.14,0.0,0.0,ADD
2010-02-19,XLC,BUY,11.5341,0.3229,3.72,0.0,0.0,ADD
2010-02-19,SHV,BUY,87.1773,37.9026,3304.24,0.0,0.0,ADD
2010-02-25,XLY,SELL,12.476591110229492,-1.3067506435632752,-16.303793462768226,0.37390802174816845,0.0234721098988786,REDUCE
2010-02-25,XLC,SELL,11.539282980718532,-0.30678709247227287,-3.540103074869421,0.27215630110489103,0.0832805183027443,REDUCE
2010-02-25,SHV,SELL,87.20100402832031,-15.980912173652522,-1393.5515868309067,0.3061432778516255,0.00021973391642382545,REDUCE
2010-02-25,QQQ,BUY,38.6686,0.2661,10.29,0.0,0.0,ADD
2010-02-25,TQQQ,BUY,0.2183,6341.0474,1384.28,0.0,0.0,OPEN
2010-02-25,GLD,BUY,108.31,0.1738,18.82,0.0,0.0,ADD
2010-02-26,TQQQ,SELL,0.22102846205234528,-6341.047399415699,-1401.5519544938757,17.269182010096472,0.012475183794356415,CLOSE
2010-02-26,GLD,SELL,109.43000030517578,-0.11866595399032955,-12.985615381375737,1.1515496255849014,0.09730802999986765,REDUCE
2010-02-26,SHV,SELL,87.19313049316406,-21.409200260385106,-1866.7351920580406,0.24156586354656925,0.0001294222815211299,REDUCE
2010-02-26,QQQ,BUY,38.8073,0.0481,1.87,0.0,0.0,ADD
2010-02-26,QLD,BUY,0.8623,3793.1064,3270.84,0.0,0.0,OPEN
2010-02-26,XLY,BUY,12.4971,0.3344,4.18,0.0,0.0,ADD
2010-02-26,XLC,BUY,11.5567,0.3797,4.39,0.0,0.0,ADD
2010-03-01,QQQ,SELL,39.37088394165039,-0.028567340472193736,-1.1247214462523516,0.08608110997508883,0.08287865102911773,REDUCE
2010-03-01,QLD,SELL,0.8865870833396912,-51.65613099017919,-45.797658511196005,1.2539836204819208,0.0281517774085438,REDUCE
2010-03-01,XLY,SELL,12.693614959716797,-0.20328440353133978,-2.580413945742521,0.10212520864145622,0.04120795414698741,REDUCE
2010-03-01,GLD,SELL,109.43000030517578,-6.5454522970455535,-716.2688468632084,63.517907946544526,0.09730802999986765,REDUCE
2010-03-01,USD,BUY,0.3093,2412.6901,746.35,0.0,0.0,OPEN
2010-03-01,SHV,BUY,87.1915,0.2227,19.42,0.0,0.0,ADD
2010-03-31,USD,SELL,0.3369232714176178,-2412.6900549693655,-812.8914262370307,66.53909869963395,0.08915239658886165,CLOSE
2010-03-31,QQQ,BUY,41.7997,0.2776,11.6,0.0,0.0,ADD
2010-03-31,QLD,BUY,0.9991,591.9321,591.4,0.0,0.0,ADD
2010-03-31,XLY,BUY,13.4727,0.5043,6.79,0.0,0.0,ADD
2010-03-31,GLD,BUY,108.95,0.9039,98.49,0.0,0.0,ADD
2010-03-31,XLC,BUY,12.4035,0.9593,11.9,0.0,0.0,ADD
2010-03-31,SHV,BUY,87.1836,1.0633,92.71,0.0,0.0,ADD
2010-04-27,QLD,SELL,1.045980453491211,-34.136943088831096,-35.70657521285921,5.6320069984016925,0.18726809170594372,REDUCE
2010-04-27,XLY,SELL,14.321920394897461,-3.0065497288750818,-43.059565880249465,6.391185758048487,0.17429692112793727,REDUCE
2010-04-27,GLD,SELL,114.62999725341797,-0.17647290839713625,-20.22908900486641,2.523445493974488,0.14252209994074194,REDUCE
2010-04-27,XLC,SELL,12.921650938094794,-0.4246418322185635,-5.487073529641293,0.9576872223819533,0.211438627093266,REDUCE
2010-04-27,SHV,SELL,87.1780776977539,-17.228909355534935,-1501.9831984443838,-0.068943561501196,-4.589957936418365e-05,CLOSE
2010-04-27,QQQ,BUY,42.8239,1.0813,46.31,0.0,0.0,ADD
2010-04-27,TQQQ,BUY,0.2947,5294.5655,1560.16,0.0,0.0,OPEN
2010-04-29,TQQQ,SELL,0.3104402720928192,-5294.565541030552,-1643.646367170789,83.48813606153706,0.05351260814243064,CLOSE
2010-04-29,QLD,SELL,1.0821641683578491,-42.18352500605111,-45.64949925657584,8.485910911261016,0.22833938511028706,REDUCE
2010-04-29,QQQ,BUY,43.5964,0.4988,21.75,0.0,0.0,ADD
2010-04-29,XLY,BUY,14.5886,0.7326,10.69,0.0,0.0,ADD
2010-04-29,GLD,BUY,114.28,0.3754,42.9,0.0,0.0,ADD
2010-04-29,XLC,BUY,13.1271,1.1941,15.67,0.0,0.0,ADD
2010-04-29,SHV,BUY,87.1702,18.3353,1598.29,0.0,0.0,OPEN
2010-04-30,QQQ,SELL,42.73709487915039,-0.05079028509633001,-2.1706292331009536,0.31630508523609796,0.17057701891026156,REDUCE
2010-04-30,QLD,SELL,1.041247010231018,-718.7869488334766,-748.4347614659332,115.18511552950842,0.1818952703229344,REDUCE
2010-04-30,GLD,SELL,115.36000061035156,-0.41264971178659415,-47.603271003562895,6.047361589537321,0.14552350495538113,REDUCE
2010-04-30,SHV,SELL,87.1780776977539,-18.33529458125594,-1598.4357356159367,0.14436358648571876,9.032369755113123e-05,CLOSE
2010-04-30,USD,BUY,0.3531,2347.3767,828.95,0.0,0.0,OPEN
2010-04-30,TQQQ,BUY,0.2921,5359.6055,1565.79,0.0,0.0,OPEN
2010-04-30,XLC,BUY,12.8532,0.0784,1.01,0.0,0.0,ADD
2010-05-03,USD,SELL,0.36644092202186584,-36.869152724297884,-13.510366318456704,0.4904487927035684,0.03766911670012285,REDUCE
2010-05-03,TQQQ,SELL,0.3040783703327179,-5359.605537174205,-1629.7401173701433,63.94738187812844,0.040840259651629074,CLOSE
2010-05-03,QLD,SELL,1.069186806678772,-18.821321580459934,-20.123508718086214,3.5419677674267724,0.21360908361691866,REDUCE
2010-05-03,QQQ,BUY,43.336,0.5786,25.07,0.0,0.0,ADD
2010-05-03,XLY,BUY,14.5722,0.2229,3.25,0.0,0.0,ADD
2010-05-03,GLD,BUY,115.73,0.2457,28.44,0.0,0.0,ADD
2010-05-03,XLC,BUY,13.0703,0.6313,8.25,0.0,0.0,ADD
2010-05-03,SHV,BUY,87.1591,18.3487,1599.26,0.0,0.0,OPEN
2010-05-04,QQQ,SELL,42.0340690612793,-0.3355300811727332,-14.103694604151315,1.8371838751095848,0.14977232855305278,REDUCE
2010-05-04,XLY,SELL,14.1455078125,-0.6404294691226019,-9.059200058828992,1.2370945664970698,0.15815365411650406,REDUCE
2010-05-04,GLD,SELL,114.87000274658203,-0.371212861920584,-42.64122246838406,5.15902631811925,0.1376393821065578,REDUCE
2010-05-04,XLC,SELL,12.69152155834561,-0.7582268256934557,-9.62305210440445,1.51115237542449,0.18628834501317382,REDUCE
2010-05-04,SHV,SELL,87.15116882324219,-18.34867824182031,-1599.1087551362325,-0.146428813483765,-9.156063081949828e-05,CLOSE
2010-05-04,USD,BUY,0.3406,90.4486,30.81,0.0,0.0,ADD
2010-05-04,TQQQ,BUY,0.2772,5572.7029,1544.73,0.0,0.0,OPEN
2010-05-04,QLD,BUY,1.0046,98.5444,99.0,0.0,0.0,ADD
2010-05-07,QQQ,SELL,39.412899017333984,-1.7005077935848225,-67.02194194674803,4.853754158873371,0.07807456404286639,REDUCE
2010-05-07,QLD,SELL,0.8842964768409729,-3617.9980064138085,-3199.3828902893947,-0.245806192157495,-7.682334904290933e-05,CLOSE
2010-05-07,XLY,SELL,13.201925277709961,-2.145727472589404,-28.32773375945476,2.1201536001851475,0.08089848766274788,REDUCE
2010-05-07,GLD,SELL,118.2699966430664,-1.4614217663937328,-172.84234740549095,25.27931033067312,0.17131194120012538,REDUCE
2010-05-07,XLC,SELL,11.91553758350638,-3.2259149537868397,-38.43851087304233,3.9260170485156367,0.11375639988454167,REDUCE
2010-05-07,USD,BUY,0.3027,78.016,23.62,0.0,0.0,ADD
2010-05-07,TQQQ,BUY,0.228,643.9528,146.84,0.0,0.0,ADD
2010-05-07,SHV,BUY,87.167,38.2662,3335.55,0.0,0.0,OPEN
2010-05-11,QQQ,SELL,41.417823791503906,-0.27014773113113955,-11.188931125664112,1.3127077159351572,0.1329159600259775,REDUCE
2010-05-11,USD,SELL,0.33177804946899414,-110.05376380707082,-36.51342309263134,-2.1259702250252848,-0.055020797235286856,REDUCE
2010-05-11,TQQQ,SELL,0.2618727385997772,-6216.655725471588,-1627.9726597612296,-63.600257124030975,-0.037598294752282935,CLOSE
2010-05-11,XLY,SELL,13.887044906616211,-0.5586977517926276,-7.758660768369737,0.9348137039336796,0.13699218272426728,REDUCE
2010-05-11,SHV,SELL,87.16704559326172,-21.23473792780744,-1850.969369114155,0.0,0.0,REDUCE
2010-05-11,QLD,BUY,0.9715,3595.7027,3493.13,0.0,0.0,OPEN
2010-05-11,GLD,BUY,120.66,0.3176,38.33,0.0,0.0,ADD
2010-05-11,XLC,BUY,12.4574,0.2363,2.94,0.0,0.0,ADD
2010-05-17,QQQ,SELL,40.86233901977539,-0.20217618126672982,-8.261391660644676,0.8701130962994785,0.11772159427149975,REDUCE
2010-05-17,GLD,SELL,119.36000061035156,-0.06460752757037375,-7.711554530233116,1.1551504780753772,0.1761865908333109,REDUCE
2010-05-17,XLC,SELL,12.326837008987443,-0.7771581749690499,-9.579902153045623,1.2631611429476257,0.15188174567585122,REDUCE
2010-05-17,SHV,SELL,87.16704559326172,-17.031457769800486,-1484.5818559399106,0.0,0.0,CLOSE
2010-05-17,USD,BUY,0.3228,26.6767,8.61,0.0,0.0,ADD
2010-05-17,TQQQ,BUY,0.2506,5828.7087,1460.88,0.0,0.0,OPEN
2010-05-17,QLD,BUY,0.9454,40.297,38.1,0.0,0.0,ADD
2010-05-17,XLY,BUY,13.645,0.187,2.55,0.0,0.0,ADD
2010-05-20,QQQ,SELL,38.492889404296875,-19.526784748708565,-751.6423657535497,37.770411899097375,0.052909225100049584,REDUCE
2010-05-20,TQQQ,SELL,0.2109535187482834,-5828.70869856023,-1229.586609720008,-231.28865700766556,-0.1583219746924368,CLOSE
2010-05-20,QLD,SELL,0.8378834128379822,-3635.9996486671557,-3046.5437947029404,-484.68540331964306,-0.13725685197411064,CLOSE
2010-05-20,XLY,SELL,12.791670799255371,-2.7283310717046962,-34.89991290062608,1.5707064248964402,0.04712702734282703,REDUCE
2010-05-20,GLD,SELL,115.83999633789062,-6.479175920443981,-750.5477148967799,93.03771788953765,0.14150008108319745,REDUCE
2010-05-20,XLC,SELL,11.610200992743874,-3.65756336660039,-42.465045829927476,3.323712408003439,0.08491566631559233,REDUCE
2010-05-20,USD,BUY,0.2886,62.5051,18.04,0.0,0.0,ADD
2010-05-20,SHV,BUY,87.1907,66.8605,5829.61,0.0,0.0,OPEN
2010-05-27,USD,SELL,0.3194460868835449,-181.92842208944197,-58.11632252937011,-5.412915629868875,-0.08520353441514839,REDUCE
2010-05-27,XLY,SELL,13.485003471374512,-3.4055062789575383,-45.9232639935301,4.321706505548446,0.10388328626390853,REDUCE
2010-05-27,XLC,SELL,12.06298390651362,-1.820328410080938,-21.95859231537588,2.4783881206898566,0.12722598263964469,REDUCE
2010-05-27,SHV,SELL,87.1906967163086,-51.10833678125932,-4456.171491969741,0.0,0.0,REDUCE
2010-05-27,QQQ,BUY,39.8122,16.7992,668.81,0.0,0.0,ADD
2010-05-27,QLD,BUY,0.8938,3615.7439,3231.62,0.0,0.0,OPEN
2010-05-27,GLD,BUY,118.69,5.8116,689.78,0.0,0.0,ADD
2010-05-28,QQQ,SELL,39.57780838012695,-17.52728496457556,-693.6915257518517,40.15948020501753,0.06144990208003431,REDUCE
2010-05-28,QLD,SELL,0.8823122382164001,-3615.743918318661,-3190.2151093890748,-41.403258525130326,-0.012811926970155652,CLOSE
2010-05-28,GLD,SELL,118.87999725341797,-5.872765037760433,-698.1542915589293,51.42450519876645,0.07951466946989849,REDUCE
2010-05-28,USD,BUY,0.3096,49.8024,15.42,0.0,0.0,ADD
2010-05-28,XLY,BUY,13.2799,0.6963,9.25,0.0,0.0,ADD
2010-05-28,XLC,BUY,11.9215,0.3039,3.62,0.0,0.0,ADD
2010-05-28,SHV,BUY,87.1907,52.1341,4545.61,0.0,0.0,ADD
2010-06-01,QQQ,SELL,39.213279724121094,-40.394562560410044,-1584.0032810148682,77.82926989850242,0.05167349145854394,REDUCE
2010-06-01,USD,SELL,0.2985711693763733,-2325.9741187021937,-694.4688125600933,-115.78908143208162,-0.1429039843864821,CLOSE
2010-06-01,XLY,SELL,13.078849792480469,-120.5190182821954,-1576.2501372500412,103.25276054769924,0.07009704306388875,CLOSE
2010-06-01,XLC,SELL,11.773401073433401,-134.25159888441783,-1580.5979184159553,143.53667140577434,0.09988208345636185,CLOSE
2010-06-01,GLD,BUY,119.91,25.7676,3089.79,0.0,0.0,ADD
2010-06-01,SHV,BUY,87.1876,26.9027,2345.58,0.0,0.0,ADD
2010-06-02,SHV,SELL,87.19544982910156,-51.89905606839865,-4525.361539589783,0.2928701470525575,6.472170224292029e-05,REDUCE
2010-06-02,QQQ,BUY,40.142,16.5358,663.78,0.0,0.0,ADD
2010-06-02,QLD,BUY,0.9078,3506.0341,3182.81,0.0,0.0,OPEN
2010-06-02,GLD,BUY,119.78,5.7345,686.88,0.0,0.0,ADD
2010-06-04,QQQ,SELL,39.135162353515625,-16.77122467889599,-656.3446006758825,7.503886488060033,0.011565067240659976,REDUCE
2010-06-04,QLD,SELL,0.8630743026733398,-3506.0340539754116,-3025.967896283811,-156.84143914734375,-0.04927767346959144,CLOSE
2010-06-04,GLD,SELL,119.19000244140625,-6.0408379295733186,-720.0074875739833,4.828073853019053,0.006750856862475008,REDUCE
2010-06-04,SHV,BUY,87.2113,50.3873,4394.34,0.0,0.0,ADD
2010-06-15,SHV,SELL,87.17967224121094,-50.83472095223343,-4431.754311089129,-1.1052896488864008,-0.00024934009836508064,REDUCE
2010-06-15,QQQ,BUY,40.5412,16.0853,652.12,0.0,0.0,ADD
2010-06-15,QLD,BUY,0.9217,3416.5435,3149.03,0.0,0.0,OPEN
2010-06-15,GLD,BUY,120.99,5.278,638.58,0.0,0.0,ADD
2010-06-22,QQQ,SELL,40.2093620300293,-16.49543717093061,-663.2710050495511,10.20240770485657,0.015622260427677004,REDUCE
2010-06-22,QLD,SELL,0.9067402482032776,-3416.54352331296,-3097.917522326094,-51.11695861583229,-0.016232581423034298,CLOSE
2010-06-22,GLD,SELL,121.44999694824219,-5.779750495288986,-701.9506800144486,15.505568945704628,0.022588213821733927,REDUCE
2010-06-22,SHV,BUY,87.1876,51.0983,4455.14,0.0,0.0,ADD
2010-07-26,SHV,SELL,87.1930923461914,-16.37413060699834,-1427.7110821046053,-0.012357513953858987,-8.655397544798937e-06,REDUCE
2010-07-26,QQQ,BUY,40.4627,15.9764,646.45,0.0,0.0,ADD
2010-07-26,GLD,BUY,115.52,6.8323,789.27,0.0,0.0,ADD
2010-07-29,QQQ,SELL,39.82663345336914,-16.140865013384985,-642.836314508394,-3.1133257841740067,-0.004819765489402439,REDUCE
2010-07-29,GLD,SELL,114.29000091552734,-5.543078478184667,-633.5184443465655,-21.53749921069594,-0.03287886999961742,REDUCE
2010-07-29,SHV,BUY,87.201,14.547,1268.51,0.0,0.0,ADD
2010-08-02,GLD,SELL,115.54000091552734,-0.519943438774844,-60.0742653920679,-1.3702985309391789,-0.02230137938087129,REDUCE
2010-08-02,SHV,SELL,87.1994400024414,-14.631765871084507,-1275.8817902054034,0.06527814771196604,5.116578057662302e-05,REDUCE
2010-08-02,QQQ,BUY,40.6631,15.9475,648.48,0.0,0.0,ADD
2010-08-02,QLD,BUY,0.917,758.2873,695.33,0.0,0.0,OPEN
2010-08-11,QQQ,SELL,39.556541442871094,-15.78535738101138,-624.4141434325078,-12.323987596269305,-0.019354876040417857,REDUCE
2010-08-11,GLD,SELL,117.33999633789062,-6.13317128877754,-719.6662965648125,-5.124146395723188,-0.007069831625804435,REDUCE
2010-08-11,QLD,BUY,0.8672,42.5039,36.86,0.0,0.0,ADD
2010-08-11,SHV,BUY,87.2153,14.8982,1299.35,0.0,0.0,ADD
2010-08-31,QLD,SELL,0.7942184805870056,-800.7911747745692,-636.0031500969416,-96.18248211244138,-0.1313635202349014,CLOSE
2010-08-31,QQQ,BUY,37.8662,0.7851,29.73,0.0,0.0,ADD
2010-08-31,GLD,BUY,122.08,4.7896,584.71,0.0,0.0,ADD
2010-08-31,SHV,BUY,87.2232,0.247,21.54,0.0,0.0,ADD
2010-09-10,SHV,SELL,87.21443939208984,-50.40842747513616,-4396.342742880819,0.8120060176563112,0.0001847344646794813,REDUCE
2010-09-10,QQQ,BUY,40.6021,15.1916,616.81,0.0,0.0,ADD
2010-09-10,QLD,BUY,0.9095,3412.8895,3103.98,0.0,0.0,OPEN
2010-09-10,GLD,BUY,121.73,5.6144,683.44,0.0,0.0,ADD
2010-09-30,GLD,SELL,127.91000366210938,-24.849024347588518,-3178.4387952998923,214.98462853165034,0.07254528547883665,REDUCE
2010-09-30,SHV,SELL,87.24607849121094,-25.912332859744673,-2260.749426571668,1.2372526396961703,0.0005475751155361586,REDUCE
2010-09-30,QQQ,BUY,42.8543,37.99,1628.03,0.0,0.0,ADD
2010-09-30,QLD,BUY,1.0121,539.3365,545.85,0.0,0.0,ADD
2010-09-30,XLY,BUY,13.7949,118.3515,1632.65,0.0,0.0,OPEN
2010-09-30,XLC,BUY,12.5822,129.7587,1632.65,0.0,0.0,OPEN
2010-10-01,XLY,SELL,13.811437606811523,-0.12471440057936024,-1.7224851622727329,0.0020598685299243356,0.0011973019330837609,REDUCE
2010-10-01,GLD,SELL,128.91000366210938,-0.08263127175207655,-10.651997544164942,0.7975266742527379,0.08093044109428105,REDUCE
2010-10-01,XLC,SELL,12.592459834150175,-0.08730502411331721,-1.0993850094664595,0.0008959851482413391,0.0008156523446354313,REDUCE
2010-10-01,SHV,SELL,87.2374038696289,-15.906186473891653,-1387.6144134485146,0.6215026549014202,0.0004480936060053953,CLOSE
2010-10-01,QQQ,BUY,42.8019,0.0963,4.12,0.0,0.0,ADD
2010-10-01,TQQQ,BUY,0.2697,5145.8996,1387.95,0.0,0.0,OPEN
2010-10-01,QLD,BUY,1.0099,8.926,9.01,0.0,0.0,ADD
2010-10-05,TQQQ,SELL,0.2797451317310333,-5145.899629489348,-1439.5403697261731,51.590529893621074,0.037170312941456896,CLOSE
2010-10-05,QLD,SELL,1.0352925062179565,-17.162815419335654,-17.7685341892402,1.9155210853597497,0.12083009537731826,REDUCE
2010-10-05,QQQ,BUY,43.3695,0.5147,22.32,0.0,0.0,ADD
2010-10-05,XLY,BUY,14.0716,0.211,2.97,0.0,0.0,ADD
2010-10-05,GLD,BUY,130.99,0.0479,6.27,0.0,0.0,ADD
2010-10-05,XLC,BUY,12.7821,0.7144,9.13,0.0,0.0,ADD
2010-10-05,SHV,BUY,87.2374,16.2386,1416.61,0.0,0.0,OPEN
2010-11-01,QLD,SELL,1.143386721611023,-181.30578801095916,-207.3026305629537,39.83342676851217,0.23785523466992364,REDUCE
2010-11-01,XLY,SELL,14.529874801635742,-118.43784813078442,-1720.8871051154454,86.98797418108,0.0532395008566624,CLOSE
2010-11-01,QQQ,BUY,45.6053,0.1412,6.44,0.0,0.0,ADD
2010-11-01,GLD,BUY,131.92,0.4998,65.93,0.0,0.0,ADD
2010-11-01,XLK,BUY,9.9122,177.1558,1756.0,0.0,0.0,OPEN
2010-11-01,XLC,BUY,13.287,1.7734,23.56,0.0,0.0,ADD
2010-11-01,SHV,BUY,87.2208,0.8743,76.26,0.0,0.0,ADD
2010-11-11,QLD,SELL,1.193770408630371,-58.413721586778834,-69.7325722882697,15.77676893456362,0.2924017057282857,REDUCE
2010-11-11,GLD,SELL,137.66000366210938,-0.16973676629679207,-23.365963870011,3.0200813917389406,0.14843698202642086,REDUCE
2010-11-11,SHV,SELL,87.22871398925781,-17.11290009313156,-1492.7362677505164,-0.13418782419283892,-8.988577923274566e-05,CLOSE
2010-11-11,QQQ,BUY,46.6183,0.3932,18.33,0.0,0.0,ADD
2010-11-11,TQQQ,BUY,0.3459,4435.8058,1534.18,0.0,0.0,OPEN
2010-11-11,XLK,BUY,10.0423,2.5749,25.86,0.0,0.0,ADD
2010-11-11,XLC,BUY,13.6007,0.5489,7.46,0.0,0.0,ADD
2010-11-19,QQQ,SELL,45.823612213134766,-0.7983876546216152,-36.585006281135065,3.235282113357194,0.0970107607811368,REDUCE
2010-11-19,TQQQ,SELL,0.3268022835254669,-4435.8058317023115,-1449.6314750758984,-84.54824726371056,-0.05510974107699407,CLOSE
2010-11-19,XLK,SELL,9.887777328491211,-2.3023228478339264,-22.764855657679618,-0.060484659651071006,-0.0026498908147777334,REDUCE
2010-11-19,XLC,SELL,13.468036819014399,-2.4461650535647324,-32.945041006796146,2.130934419584596,0.06915450926845867,REDUCE
2010-11-19,QLD,BUY,1.1515,28.5049,32.82,0.0,0.0,ADD
2010-11-19,GLD,BUY,132.2,0.1353,17.89,0.0,0.0,ADD
2010-11-19,SHV,BUY,87.2525,17.0908,1491.22,0.0,0.0,OPEN
2010-11-30,QLD,SELL,1.1334630250930786,-658.2930518921262,-746.1508339954044,136.95113736957532,0.22480499929350883,REDUCE
2010-11-30,GLD,SELL,135.4199981689453,-0.34332790539339514,-46.4934643197214,5.288897828486337,0.12835707978171262,REDUCE
2010-11-30,XLK,SELL,9.741354942321777,-177.4283900649785,-1728.3929244676742,-30.64073538564539,-0.017419072803985136,CLOSE
2010-11-30,XLC,SELL,13.351465094547187,-130.2619257944363,-1739.1875553929121,98.29056856209993,0.05990051133675123,CLOSE
2010-11-30,SHV,SELL,87.2445297241211,-17.090822963843948,-1491.0808120787747,-0.13573872913636437,-9.102549798201132e-05,CLOSE
2010-11-30,SMH,BUY,13.1876,132.1248,1742.41,0.0,0.0,OPEN
2010-11-30,QQQ,BUY,45.4917,0.0301,1.37,0.0,0.0,ADD
2010-11-30,USD,BUY,0.3586,2186.2296,784.08,0.0,0.0,OPEN
2010-11-30,TQQQ,BUY,0.3188,4645.2214,1481.04,0.0,0.0,OPEN
2010-11-30,XLY,BUY,14.9263,116.7342,1742.41,0.0,0.0,OPEN
2010-12-01,USD,SELL,0.3783872127532959,-49.337440098937186,-18.668656443419536,0.9739806356649544,0.05504371180613066,REDUCE
2010-12-01,TQQQ,SELL,0.3391052484512329,-4645.221375742518,-1575.2189487321446,94.17423421990814,0.0635863544814872,CLOSE
2010-12-01,QLD,SELL,1.1815557479858398,-33.02007157465294,-39.01505536793502,8.457513361342357,0.2767733530241956,REDUCE
2010-12-01,SMH,BUY,13.5315,0.6639,8.98,0.0,0.0,ADD
2010-12-01,QQQ,BUY,46.4524,0.702,32.61,0.0,0.0,ADD
2010-12-01,XLY,BUY,15.2442,1.1355,17.31,0.0,0.0,ADD
2010-12-01,GLD,BUY,135.38,0.3449,46.7,0.0,0.0,ADD
2010-12-01,SHV,BUY,87.2279,17.5094,1527.3,0.0,0.0,OPEN
2010-12-13,USD,SELL,0.3942382335662842,-39.29949364710458,-15.493362955483917,1.3987565450186468,0.09924055374686214,REDUCE
2010-12-13,QLD,SELL,1.2319384813308716,-3041.4614208267417,-3746.893363799731,932.2542459461224,0.3312162614499021,CLOSE
2010-12-13,QQQ,BUY,47.4218,0.1305,6.19,0.0,0.0,ADD
2010-12-13,XLY,BUY,15.4341,1.1957,18.45,0.0,0.0,ADD
2010-12-13,GLD,BUY,136.05,0.1996,27.16,0.0,0.0,ADD
2010-12-13,SHV,BUY,87.2437,42.522,3709.78,0.0,0.0,ADD
2010-12-16,QQQ,SELL,47.66633605957031,-0.46605994846522014,-22.215370127449205,2.7205373169907463,0.1395517131868529,REDUCE
2010-12-16,XLY,SELL,15.491924285888672,-0.6077302243653783,-9.414910622114576,0.33882919179616616,0.03733210134764953,REDUCE
2010-12-16,SHV,SELL,87.25960540771484,-42.155187319246124,-3678.4450113657213,0.8643923833841084,0.0002350437619020873,REDUCE
2010-12-16,SMH,BUY,13.8075,0.1204,1.66,0.0,0.0,ADD
2010-12-16,USD,BUY,0.3864,39.8186,15.38,0.0,0.0,ADD
2010-12-16,QLD,BUY,1.2423,2954.3691,3670.27,0.0,0.0,OPEN
2010-12-16,GLD,BUY,133.81,0.1761,23.57,0.0,0.0,ADD
2010-12-17,SMH,SELL,13.862663269042969,-0.21310496664679068,-2.954202393585092,0.1433792696271186,0.051009709008378756,REDUCE
2010-12-17,USD,SELL,0.38927820324897766,-10.95348742283358,-4.263953903270931,0.32987402678536903,0.0838503632722516,REDUCE
2010-12-17,QLD,SELL,1.2461379766464233,-2954.369131574019,-3681.551571886299,11.27706761276723,0.003072540650470801,CLOSE
2010-12-17,QQQ,BUY,47.7083,0.1072,5.11,0.0,0.0,ADD
2010-12-17,XLY,BUY,15.5168,0.0921,1.43,0.0,0.0,ADD
2010-12-17,SHV,BUY,87.2437,42.2062,3682.23,0.0,0.0,ADD
2010-12-29,QQQ,SELL,47.94460678100586,-0.07183276351704114,-3.443993600817521,0.43866444160872886,0.14596219527721055,REDUCE
2010-12-29,XLY,SELL,15.59991455078125,-0.1666078070408211,-2.59906755332986,0.11080584013102794,0.04453142510824537,REDUCE
2010-12-29,GLD,SELL,137.7100067138672,-0.2583544077834135,-35.577987230411054,4.3292997169211676,0.138543409704879,REDUCE
2010-12-29,SHV,SELL,87.27542114257812,-17.761909737047162,-1550.1781525972501,0.5875684469090922,0.00037917657277919403,REDUCE
2010-12-29,SMH,BUY,13.8287,0.8501,11.76,0.0,0.0,ADD
2010-12-29,USD,BUY,0.386,26.6633,10.29,0.0,0.0,ADD
2010-12-29,TQQQ,BUY,0.3723,4216.9177,1569.75,0.0,0.0,OPEN
2010-12-31,SMH,SELL,13.8117094039917,-133.54602919947698,-1844.4989473601663,82.50341992173837,0.04682385320335114,CLOSE
2010-12-31,USD,SELL,0.387236624956131,-2153.120990890569,-833.7673056346644,59.732544956188626,0.07717036493791363,CLOSE
2010-12-31,GLD,SELL,138.72000122070312,-0.11522826934006096,-15.984465663512765,2.0472845168051084,0.14689372946040335,REDUCE
2010-12-31,SHV,SELL,87.27542114257812,-0.12055325172666073,-10.521335814551549,0.003987931924861285,0.00037917657277919403,REDUCE
2010-12-31,QQQ,BUY,47.6558,0.2276,10.85,0.0,0.0,ADD
2010-12-31,SSO,BUY,2.7763,298.4823,828.68,0.0,0.0,OPEN
2010-12-31,TQQQ,BUY,0.3661,59.0809,21.63,0.0,0.0,ADD
2010-12-31,XLY,BUY,15.5376,0.1361,2.11,0.0,0.0,ADD
2010-12-31,XLC,BUY,13.9959,131.575,1841.51,0.0,0.0,OPEN
2011-01-03,QQQ,SELL,48.399635314941406,-0.2671904173055757,-12.931918757236872,1.7482945742599987,0.1563262986716918,REDUCE
2011-01-03,SSO,SELL,2.8294644355773926,-2.1483938461325223,-6.078803981245301,0.11420595300414364,0.01914730086812244,REDUCE
2011-01-03,TQQQ,SELL,0.38259783387184143,-4275.99857882203,-1635.9877938963812,44.60817630935075,0.028031134630836174,CLOSE
2011-01-03,GLD,BUY,138.0,0.1928,26.61,0.0,0.0,ADD
2011-01-03,SHV,BUY,87.2675,18.6508,1627.61,0.0,0.0,ADD
2011-01-07,QQQ,SELL,48.88966369628906,-0.784684640244363,-38.36296816919048,5.518908089704094,0.1680336741665831,REDUCE
2011-01-07,SSO,SELL,2.8335092067718506,-0.7202996866662842,-2.0409757938037956,0.0412036856465709,0.020604190586766213,REDUCE
2011-01-07,XLC,SELL,14.205785188921292,-0.544818439771961,-7.73957372236373,0.1143635081834375,0.014998079393373276,REDUCE
2011-01-07,SHV,SELL,87.27542114257812,-42.7220922106279,-3728.5885897746066,1.0835916686440994,0.00029070160045252535,REDUCE
2011-01-07,QLD,BUY,1.3077,2846.8838,3722.77,0.0,0.0,OPEN
2011-01-07,XLY,BUY,15.6581,0.3579,5.6,0.0,0.0,ADD
2011-01-07,GLD,BUY,133.58,0.3678,49.14,0.0,0.0,ADD
2011-01-20,QQQ,SELL,49.099693298339844,-0.15956516260921533,-7.834600545212197,1.1557801394782123,0.1730515374370507,REDUCE
2011-01-20,SSO,SELL,2.87453293800354,-3.6299674247221385,-10.434460926243673,0.3565617630835527,0.03538056467035999,REDUCE
2011-01-20,QLD,SELL,1.3165212869644165,-2846.8837550498147,-3747.983065036273,25.210471122726855,0.006771961081894817,CLOSE
2011-01-20,XLC,SELL,14.244723439560428,-0.09410529052976237,-1.34050383779595,0.023418052563910226,0.017780202949942536,REDUCE
2011-01-20,TQQQ,BUY,0.3987,3976.237,1585.38,0.0,0.0,OPEN
2011-01-20,XLY,BUY,15.6705,0.1456,2.28,0.0,0.0,ADD
2011-01-20,GLD,BUY,131.2,0.2392,31.39,0.0,0.0,ADD
2011-01-20,SHV,BUY,87.2516,24.6247,2148.55,0.0,0.0,ADD
2011-01-26,QQQ,SELL,49.7297248840332,-0.13053762475423158,-6.491600166043099,1.0277674743183411,0.18810376018192243,REDUCE
2011-01-26,SSO,SELL,2.9432899951934814,-3.6982868666966735,-10.885130734103768,0.6175559164423028,0.0601462299919191,REDUCE
2011-01-26,TQQQ,SELL,0.41341665387153625,-3976.237004380874,-1643.842597351322,58.46690079213579,0.03687889307186243,CLOSE
2011-01-26,XLC,SELL,14.437466162807784,-0.33336616347299175,-4.812962704966367,0.1472118984402015,0.031551598991161445,REDUCE
2011-01-26,XLY,BUY,15.8034,0.2914,4.6,0.0,0.0,ADD
2011-01-26,GLD,BUY,131.16,0.136,17.84,0.0,0.0,ADD
2011-01-26,SHV,BUY,87.2516,18.8373,1643.58,0.0,0.0,ADD
2011-01-27,QQQ,SELL,50.03600311279297,-0.37222558212605233,-18.62468038592033,3.0446642170519334,0.1954211204950933,REDUCE
2011-01-27,SSO,SELL,2.96004581451416,-1.3969209004698746,-4.134949864643204,0.25667044043491233,0.06618152339224737,REDUCE
2011-01-27,XLY,SELL,15.928028106689453,-0.8363182594665135,-13.32090074292023,0.825703642135545,0.06608168206355791,REDUCE
2011-01-27,XLC,SELL,14.519036704825854,-0.6272978542797019,-9.10776057114549,0.32817886721298406,0.037379783944147205,REDUCE
2011-01-27,SHV,SELL,87.25164794921875,-43.20640500572972,-3769.830038711292,0.02022745959307493,5.365644583088525e-06,REDUCE
2011-01-27,QLD,BUY,1.368,2758.9986,3774.23,0.0,0.0,OPEN
2011-01-27,GLD,BUY,127.93,0.3188,40.78,0.0,0.0,ADD
2011-01-28,QQQ,SELL,48.76715850830078,-0.055074067862261065,-2.6858057971357994,0.38060457244188056,0.16510687586174466,REDUCE
2011-01-28,QLD,SELL,1.2985049486160278,-2758.998648321962,-3582.5733980709992,-191.66151932786028,-0.050781555341009366,CLOSE
2011-01-28,GLD,SELL,130.27999877929688,-0.5478659569883455,-71.37597620765996,4.49847905583438,0.06726446484116932,REDUCE
2011-01-28,SSO,BUY,2.856,2.6783,7.65,0.0,0.0,ADD
2011-01-28,XLY,BUY,15.4089,0.792,12.2,0.0,0.0,ADD
2011-01-28,XLC,BUY,14.1149,0.2279,3.22,0.0,0.0,ADD
2011-01-28,SHV,BUY,87.2596,41.6409,3633.57,0.0,0.0,ADD
2011-01-31,QQQ,SELL,49.003421783447266,-0.17142430329438121,-8.400377438268151,1.2251763094026766,0.17075149356773478,REDUCE
2011-01-31,SSO,SELL,2.8964884281158447,-289.56668378642934,-838.7265487552726,34.58736298278565,0.043011662153436436,CLOSE
2011-01-31,XLY,SELL,15.44208812713623,-119.26974582556323,-1841.773925939486,59.42727673588774,0.03334215415527697,CLOSE
2011-01-31,XLC,SELL,14.173866112037654,-130.20330753325013,-1845.484248320751,23.14803127501092,0.012702393256792677,CLOSE
2011-01-31,SMH,BUY,14.6099,126.0905,1842.17,0.0,0.0,OPEN
2011-01-31,USD,BUY,0.4263,1944.4536,828.98,0.0,0.0,OPEN
2011-01-31,GLD,BUY,129.87,0.0664,8.62,0.0,0.0,ADD
2011-01-31,XLK,BUY,10.6091,173.6408,1842.17,0.0,0.0,OPEN
2011-01-31,SHV,BUY,87.2596,0.1425,12.43,0.0,0.0,ADD
2011-02-10,SMH,SELL,15.18311595916748,-1.8831949984119642,-28.592768034613073,1.07942085905127,0.039232625974714,REDUCE
2011-02-10,QQQ,SELL,50.77104568481445,-0.8296702152252935,-42.12322440053322,7.396230908556687,0.21298218373743016,REDUCE
2011-02-10,USD,SELL,0.458615243434906,-94.02553963516701,-43.12154574888052,3.035668244949808,0.07572912042781499,REDUCE
2011-02-10,XLK,SELL,10.923418045043945,-0.9975355996505054,-10.896498369796063,0.3135354879966872,0.02962643746354887,REDUCE
2011-02-10,SHV,SELL,87.27542877197266,-41.80069068305666,-3648.1732023283726,0.7699269992550171,0.00021108907930811327,REDUCE
2011-02-10,QLD,BUY,1.4077,2679.4019,3771.71,0.0,0.0,OPEN
2011-02-10,GLD,BUY,132.85,0.009,1.2,0.0,0.0,ADD
2011-02-18,SMH,SELL,15.522788047790527,-0.5791652212070688,-8.990258973449045,0.5286956109091067,0.06248202468703212,REDUCE
2011-02-18,USD,SELL,0.48107969760894775,-55.35273531594038,-26.62907716762072,3.030563657442509,0.12842180318414576,REDUCE
2011-02-18,QLD,SELL,1.441867470741272,-2679.4018616653016,-3863.342385378804,91.63350149178366,0.024294956029943915,CLOSE
2011-02-18,GLD,SELL,135.41000366210938,-0.01971423966026933,-2.6695052645927717,0.2620007025284288,0.10882666918137551,REDUCE
2011-02-18,QQQ,BUY,51.3923,0.3644,18.73,0.0,0.0,ADD
2011-02-18,XLK,BUY,11.0214,1.4777,16.29,0.0,0.0,ADD
2011-02-18,SHV,BUY,87.2596,44.3117,3866.62,0.0,0.0,ADD
2011-02-22,GLD,SELL,136.2899932861328,-0.27205819119960334,-37.078809052031374,3.8550404590168075,0.11603260624164546,REDUCE
2011-02-22,SHV,SELL,87.26750183105469,-19.411512848726858,-1693.9942330698127,0.16846485396110433,9.945819524204147e-05,REDUCE
2011-02-22,SMH,BUY,15.0727,1.6248,24.49,0.0,0.0,ADD
2011-02-22,QQQ,BUY,49.9047,0.9044,45.14,0.0,0.0,ADD
2011-02-22,USD,BUY,0.4504,90.9568,40.97,0.0,0.0,ADD
2011-02-22,TQQQ,BUY,0.4153,3864.2464,1604.72,0.0,0.0,OPEN
2011-02-22,XLK,BUY,10.752,1.4657,15.76,0.0,0.0,ADD
2011-02-28,QQQ,SELL,50.552276611328125,-0.17297248488748188,-8.744152902180758,1.4775716564332186,0.2033379393229664,REDUCE
2011-02-28,USD,SELL,0.4521969258785248,-1886.0321295710014,-852.8579311001344,46.59288748914768,0.05778854963186042,CLOSE
2011-02-28,TQQQ,SELL,0.4315115213394165,-106.47402891038905,-45.94477019825899,1.7289669553161764,0.03910291860619153,REDUCE
2011-02-28,XLK,SELL,10.841782569885254,-175.5865788188118,-1903.6715097435772,40.03592622299331,0.021482701112286007,CLOSE
2011-02-28,SMH,BUY,15.1916,0.3212,4.88,0.0,0.0,ADD
2011-02-28,XLY,BUY,16.3683,116.5469,1907.67,0.0,0.0,OPEN
2011-02-28,GLD,BUY,137.66,6.2409,859.13,0.0,0.0,ADD
2011-02-28,SHV,BUY,87.2675,0.4531,39.54,0.0,0.0,ADD
2011-03-01,TQQQ,SELL,0.41076743602752686,-3757.772396996541,-1543.5705326892828,-16.931372213730782,-0.010849952928947637,CLOSE
2011-03-01,GLD,SELL,140.02999877929688,-0.4902080056760559,-68.64382643641966,6.140587183174449,0.0982443031199478,REDUCE
2011-03-01,SMH,BUY,14.9454,0.7336,10.96,0.0,0.0,ADD
2011-03-01,QQQ,BUY,49.7385,0.3998,19.89,0.0,0.0,ADD
2011-03-01,XLY,BUY,16.0568,1.018,16.35,0.0,0.0,ADD
2011-03-01,SHV,BUY,87.2588,17.9354,1565.02,0.0,0.0,ADD
2011-03-04,SMH,SELL,15.463340759277344,-3.0201630615518593,-46.70181056935871,2.549109147785186,0.05773393395448423,REDUCE
2011-03-04,QQQ,SELL,50.7273063659668,-0.6857909448841505,-34.78832736414415,5.948038621292422,0.20624060578334835,REDUCE
2011-03-04,XLY,SELL,16.285215377807617,-0.4993628099150767,-8.13223091113423,-0.04013363358394959,-0.004910896150599142,REDUCE
2011-03-04,SHV,SELL,87.25877380371094,-43.08461564420069,-3759.5107309171335,-0.004257697872839345,-1.132512541079933e-06,REDUCE
2011-03-04,QLD,BUY,1.3994,2724.6021,3812.87,0.0,0.0,OPEN
2011-03-04,GLD,BUY,139.35,0.2602,36.26,0.0,0.0,ADD
2011-03-07,QQQ,SELL,50.04474639892578,-0.030518053709349936,-1.5272682584732138,0.24386041033344052,0.1900100663143851,REDUCE
2011-03-07,QLD,SELL,1.3632394075393677,-2724.602094004214,-3714.284944410825,-98.58979807117309,-0.025857077593636313,CLOSE
2011-03-07,XLY,SELL,16.123231887817383,-0.4660905696309671,-7.514886334884977,-0.11295853111014344,-0.01480870850083904,REDUCE
2011-03-07,GLD,SELL,139.72000122070312,-0.2934531875627342,-41.00127972448445,3.534110158603811,0.0943255175011175,REDUCE
2011-03-07,SMH,BUY,15.0303,1.7907,26.91,0.0,0.0,ADD
2011-03-07,SHV,BUY,87.2588,42.8314,3737.41,0.0,0.0,ADD
2011-03-10,XLY,SELL,16.10246467590332,-1.2943449610055617,-20.842144013025518,-0.34056855172353084,-0.016077664778885947,REDUCE
2011-03-10,SHV,SELL,87.29837799072266,-18.865468458351536,-1646.9247964492283,0.7465876848222139,0.00045352786280816737,REDUCE
2011-03-10,SMH,BUY,14.3255,4.5299,64.89,0.0,0.0,ADD
2011-03-10,QQQ,BUY,49.1259,0.4237,20.82,0.0,0.0,ADD
2011-03-10,TQQQ,BUY,0.3945,4000.6918,1578.19,0.0,0.0,OPEN
2011-03-10,GLD,BUY,137.77,0.0281,3.87,0.0,0.0,ADD
2011-03-21,SMH,SELL,14.308475494384766,-0.6572019934410025,-9.403558618011402,-0.20126323689662812,-0.020954395608470677,REDUCE
2011-03-21,TQQQ,SELL,0.38027089834213257,-4000.691780766787,-1521.346657462172,-56.84512316061259,-0.03601914789987082,CLOSE
2011-03-21,GLD,SELL,139.13999938964844,-0.28092805818361705,-39.0883298442036,3.215787206137545,0.08964480824743992,REDUCE
2011-03-21,QQQ,BUY,48.6344,0.2652,12.9,0.0,0.0,ADD
2011-03-21,XLY,BUY,15.9022,0.7222,11.48,0.0,0.0,ADD
2011-03-21,SHV,BUY,87.2905,17.7047,1545.46,0.0,0.0,ADD
2011-03-31,SMH,SELL,14.686354637145996,-1.424985043798299,-20.92783570585084,0.10208102435709526,0.00490167227638616,REDUCE
2011-03-31,QQQ,SELL,50.32567596435547,-1.3367241957233207,-67.27154872768551,10.966568586961316,0.19477084548386925,REDUCE
2011-03-31,XLY,SELL,16.273107528686523,-0.9361160301731976,-15.233516818335602,-0.08386969676387222,-0.0054754573622070035,REDUCE
2011-03-31,GLD,SELL,139.86000061035156,-5.856378608452567,-819.0731157526259,71.25464331275151,0.09528334206598577,REDUCE
2011-03-31,SSO,BUY,3.0855,273.148,842.8,0.0,0.0,OPEN
2011-03-31,SHV,BUY,87.2826,0.9132,79.7,0.0,0.0,ADD
2011-04-07,SMH,SELL,14.864678382873535,-0.9987075498301433,-14.845466526772725,0.24963724292359124,0.017103327126456902,REDUCE
2011-04-07,SSO,SELL,3.1220014095306396,-2.0545189404255426,-6.41421102791594,0.07496932121089203,0.011826228542697326,REDUCE
2011-04-07,XLY,SELL,16.373117446899414,-0.22077783670261092,-3.6148214500042286,0.002299764935203271,0.0006366093094218872,REDUCE
2011-04-07,GLD,SELL,142.50999450683594,-0.16456709300810818,-23.452455520591457,2.4383919951268616,0.11603619605375459,REDUCE
2011-04-07,SHV,SELL,87.30631256103516,-18.069928317643924,-1577.6188096557207,0.6865097982448036,0.0004353451307370637,REDUCE
2011-04-07,QQQ,BUY,50.1416,0.544,27.28,0.0,0.0,ADD
2011-04-07,TQQQ,BUY,0.4165,3838.6976,1598.67,0.0,0.0,OPEN
2011-04-19,TQQQ,SELL,0.40250059962272644,-3838.6976012946448,-1545.0780862914162,-53.590750150253356,-0.03352210847465831,CLOSE
2011-04-19,XLY,SELL,16.248106002807617,-0.2305073554284072,-3.745307945427612,-0.02641494347225313,-0.007003415746684838,REDUCE
2011-04-19,GLD,SELL,145.92999267578125,-0.36836123215700534,-53.754951910713544,6.717806200882384,0.14281917194389426,REDUCE
2011-04-19,SMH,BUY,14.4571,2.3149,33.47,0.0,0.0,ADD
2011-04-19,QQQ,BUY,49.5984,0.0848,4.2,0.0,0.0,ADD
2011-04-19,SSO,BUY,3.0224,6.2402,18.86,0.0,0.0,ADD
2011-04-19,SHV,BUY,87.33,17.7035,1546.05,0.0,0.0,ADD
2011-04-20,SMH,SELL,15.136414527893066,-3.9032028989018364,-59.080497064252086,2.0473422151043774,0.03589740424704857,REDUCE
2011-04-20,QQQ,SELL,50.720001220703125,-0.49886791255474167,-25.302581133746116,4.253581500744539,0.20207998360528157,REDUCE
2011-04-20,SSO,SELL,3.10520339012146,-3.27509890260748,-10.16984821535982,0.06914566336940042,0.006845629104856199,REDUCE
2011-04-20,XLY,SELL,16.53980827331543,-0.30194706891532647,-4.9941466285490606,0.053477082679067284,0.010823853362905034,REDUCE
2011-04-20,SHV,SELL,87.32215881347656,-42.379898312785,-3700.704210967999,1.5198903417304328,0.0004108717517143923,REDUCE
2011-04-20,QLD,BUY,1.3924,2716.3562,3782.26,0.0,0.0,OPEN
2011-04-20,GLD,BUY,146.5,0.1228,18.0,0.0,0.0,ADD
2011-05-02,QQQ,SELL,51.6751708984375,-37.093737464962246,-1916.8252227636979,351.70939423068876,0.2247178054293577,REDUCE
2011-05-02,SSO,SELL,3.254063844680786,-274.0585723151789,-891.8040914956582,46.58255678875823,0.055112837139096094,CLOSE
2011-05-02,QLD,SELL,1.4466010332107544,-36.40635457181418,-52.665470139023455,1.9732393750844555,0.038925873755158547,REDUCE
2011-05-02,SMH,BUY,15.4082,0.8652,13.33,0.0,0.0,ADD
2011-05-02,GLD,BUY,150.41,5.7813,869.57,0.0,0.0,ADD
2011-05-02,XLC,BUY,15.0654,128.6664,1938.41,0.0,0.0,OPEN
2011-05-02,SHV,BUY,87.3134,0.4579,39.98,0.0,0.0,ADD
2011-05-03,SMH,SELL,15.335968971252441,-0.07343812662443938,-1.12624483121931,0.05277316774110688,0.049161211736240995,REDUCE
2011-05-03,QLD,SELL,1.431638240814209,-2679.949824897896,-3836.7186527871713,105.15484868470641,0.028179834033414952,CLOSE
2011-05-03,GLD,SELL,149.8800048828125,-0.02928765655633877,-4.38963410767019,0.41617781083752925,0.10473949623386436,REDUCE
2011-05-03,XLC,SELL,15.025640183302817,-0.33894756686840166,-5.092904180770574,-0.013472133135982323,-0.002638296182616351,REDUCE
2011-05-03,SHV,BUY,87.3293,44.0554,3847.33,0.0,0.0,ADD
2011-05-04,SMH,SELL,15.386919975280762,-0.7485546054227655,-11.51794981076796,0.576056349939493,0.05264686153285547,REDUCE
2011-05-04,QQQ,SELL,51.35094451904297,-0.05225134042613468,-2.683155683268069,0.4784870369701129,0.21703353824783633,REDUCE
2011-05-04,SHV,SELL,87.33718872070312,-62.921729143922605,-5495.406932875734,1.2966430413573944,0.00023600600879025713,CLOSE
2011-05-04,TQQQ,BUY,0.4456,3668.6029,1634.63,0.0,0.0,OPEN
2011-05-04,QLD,BUY,1.4286,2692.3013,3846.18,0.0,0.0,OPEN
2011-05-04,GLD,BUY,147.73,0.195,28.8,0.0,0.0,ADD
2011-05-10,TQQQ,SELL,0.45898908376693726,-3668.60294370908,-1683.8487038377195,49.221994014580815,0.030112070063939234,CLOSE
2011-05-10,QLD,SELL,1.4560662508010864,-16.25094207859513,-23.662448304365626,0.44660117378982217,0.01923691051538845,REDUCE
2011-05-10,SMH,BUY,15.5016,0.699,10.84,0.0,0.0,ADD
2011-05-10,QQQ,BUY,51.8679,0.0951,4.93,0.0,0.0,ADD
2011-05-10,XLY,BUY,17.0274,0.081,1.38,0.0,0.0,ADD
2011-05-10,GLD,BUY,147.9,0.2052,30.35,0.0,0.0,ADD
2011-05-10,XLC,BUY,15.1507,0.2642,4.0,0.0,0.0,ADD
2011-05-10,SHV,BUY,87.3213,18.9646,1656.02,0.0,0.0,OPEN
2011-05-16,SMH,SELL,15.34021282196045,-2.2405920049685393,-34.371158203400455,1.608595726487451,0.049098593176922334,REDUCE
2011-05-16,QLD,SELL,1.367972731590271,-2676.050401715415,-3660.763977907878,-162.20066866304907,-0.04242798028711503,CLOSE
2011-05-16,XLY,SELL,16.677331924438477,-0.8753040141521395,-14.597735578808624,0.27498625282970385,0.019199264510684877,REDUCE
2011-05-16,GLD,SELL,145.3699951171875,-0.19067318366263217,-27.718159778015433,1.7954091129464844,0.06925997692697816,REDUCE
2011-05-16,XLC,SELL,14.783154396823324,-0.49961723382366585,-7.385918706929033,-0.14109591659251394,-0.018745269359726757,REDUCE
2011-05-16,QQQ,BUY,50.2994,0.0721,3.63,0.0,0.0,ADD
2011-05-16,TQQQ,BUY,0.4179,3851.5835,1609.56,0.0,0.0,OPEN
2011-05-16,SHV,BUY,87.2976,24.4181,2131.64,0.0,0.0,ADD
2011-05-20,QQQ,SELL,50.62361145019531,-0.026170934628662913,-1.3248672259298928,0.2193925328773373,0.19846002288078357,REDUCE
2011-05-20,TQQQ,SELL,0.42567023634910583,-49.07628696359313,-20.89031467092923,0.38149835285573314,0.018601675832433884,REDUCE
2011-05-20,XLY,SELL,16.781511306762695,-0.07040642228752175,-1.1815261716867553,0.029453839035583785,0.025565963352148335,REDUCE
2011-05-20,GLD,SELL,147.49000549316406,-0.1495594593641311,-22.058525483170342,1.7253433322988103,0.08485358167240231,REDUCE
2011-05-20,SHV,SELL,87.2975845336914,-43.382748373689815,-3787.20914345605,-0.45041535041792047,-0.00011891653498019572,CLOSE
2011-05-20,SMH,BUY,15.2426,1.4894,22.7,0.0,0.0,ADD
2011-05-20,QLD,BUY,1.3855,2748.769,3808.5,0.0,0.0,OPEN
2011-05-20,XLC,BUY,14.8549,0.0982,1.46,0.0,0.0,ADD
2011-05-23,QQQ,SELL,49.87875747680664,-0.10741626248640358,-5.357789705624327,0.8204676158370994,0.18082639927278654,REDUCE
2011-05-23,QLD,SELL,1.34598708152771,-2748.7690244469127,-3699.8075970090704,-108.69630166452313,-0.028540420216552564,CLOSE
2011-05-23,XLY,SELL,16.623153686523438,-0.9837047970808621,-16.352276024045523,0.25574614236805776,0.015888278048001636,REDUCE
2011-05-23,GLD,SELL,147.8300018310547,-0.3404230253392491,-50.32473645923437,4.042920437680971,0.08735440363442493,REDUCE
2011-05-23,XLC,SELL,14.6797898590355,-0.8089831940103499,-11.875703287563283,-0.31195295442579185,-0.025595811715713457,REDUCE
2011-05-23,SMH,BUY,14.9454,0.1879,2.81,0.0,0.0,ADD
2011-05-23,TQQQ,BUY,0.4072,100.8068,41.05,0.0,0.0,ADD
2011-05-23,SHV,BUY,87.3213,42.8287,3739.86,0.0,0.0,OPEN
2011-05-27,QQQ,SELL,50.32567596435547,-0.023165078156440026,-1.1657982169899697,0.18729255687945248,0.19140671793180908,REDUCE
2011-05-27,TQQQ,SELL,0.4176989197731018,-3903.3139968443493,-1630.4100400171133,0.3061680016032617,0.00018782116088389422,CLOSE
2011-05-27,GLD,SELL,149.6999969482422,-0.0718230588853856,-10.751911695955641,0.9872913559361223,0.10110903666062532,REDUCE
2011-05-27,XLC,SELL,14.814826361338184,-0.12270764786324416,-1.8178924963021927,-0.030747427855653032,-0.016632459060225147,REDUCE
2011-05-27,SMH,BUY,15.0005,0.5651,8.48,0.0,0.0,ADD
2011-05-27,XLY,BUY,16.7357,0.1628,2.73,0.0,0.0,ADD
2011-05-27,SHV,BUY,87.3293,18.6987,1632.94,0.0,0.0,ADD
2011-05-31,SMH,SELL,15.238314628601074,-1.246727817354009,-18.998030737069485,0.7561414266848722,0.04145082857478033,REDUCE
2011-05-31,QQQ,SELL,51.14063262939453,-0.32651389707133655,-16.69812725851716,2.9060004100168038,0.21069994801655834,REDUCE
2011-05-31,XLY,SELL,16.852359771728516,-0.13404823867658874,-2.2590291449444067,0.06550270288857814,0.029861825065207404,REDUCE
2011-05-31,XLC,SELL,14.96864231575694,-0.5804891810887431,-8.689134919884054,-0.056167385138655795,-0.006422577880057623,REDUCE
2011-05-31,SHV,SELL,87.32133483886719,-43.06950243036421,-3760.8864430652375,-0.10385702630116045,-2.761427656394755e-05,REDUCE
2011-05-31,QLD,BUY,1.4115,2686.8136,3792.4,0.0,0.0,OPEN
2011-05-31,GLD,BUY,149.64,0.1011,15.13,0.0,0.0,ADD
2011-06-03,QLD,SELL,1.3168264627456665,-2686.813612139627,-3538.067264930732,-254.3303707584776,-0.06706321308848118,CLOSE
2011-06-03,GLD,SELL,150.22000122070312,-0.6386350184128158,-95.93575324555695,9.05721475786028,0.10425146319816281,REDUCE
2011-06-03,SMH,BUY,14.5038,1.7206,24.96,0.0,0.0,ADD
2011-06-03,TQQQ,BUY,0.3935,3952.5569,1555.29,0.0,0.0,OPEN
2011-06-03,XLY,BUY,16.2189,0.2975,4.83,0.0,0.0,ADD
2011-06-03,XLC,BUY,14.4271,0.1492,2.15,0.0,0.0,ADD
2011-06-03,SHV,BUY,87.3205,23.4399,2046.78,0.0,0.0,ADD
2011-06-06,SMH,SELL,14.452834129333496,-0.32473783544182383,-4.693382071159476,-0.05755443479944879,-0.012114334663757442,REDUCE
2011-06-06,GLD,SELL,150.47999572753906,-0.1234327736860416,-18.574163256913835,1.782633400036947,0.1061626555311681,REDUCE
2011-06-06,SHV,SELL,87.3047103881836,-41.89776473222656,-3657.8722158592927,-0.7224378667409689,-0.00019746321610270012,CLOSE
2011-06-06,QQQ,BUY,48.9762,0.0466,2.28,0.0,0.0,ADD
2011-06-06,TQQQ,BUY,0.384,73.2286,28.12,0.0,0.0,ADD
2011-06-06,QLD,BUY,1.2939,2811.029,3637.26,0.0,0.0,OPEN
2011-06-06,XLY,BUY,16.0481,0.5081,8.15,0.0,0.0,ADD
2011-06-06,XLC,BUY,14.2975,0.3723,5.32,0.0,0.0,ADD
2011-06-08,QQQ,SELL,48.53803253173828,-0.12050372353613496,-5.8490136531925145,0.7576712065977396,0.14881560502858937,REDUCE
2011-06-08,QLD,SELL,1.2707183361053467,-2811.029007981507,-3572.026103766124,-65.23540748355292,-0.017935308550618756,CLOSE
2011-06-08,XLY,SELL,15.939724922180176,-0.6820719884980718,-10.872039873783706,-0.2879635150161834,-0.02580317451383407,REDUCE
2011-06-08,GLD,SELL,149.80999755859375,-0.1306280909502813,-19.569393986345403,1.7990285976712932,0.10123756930838912,REDUCE
2011-06-08,XLC,SELL,14.178715810048237,-0.5674513535897668,-8.0457314785765,-0.5014506249298731,-0.058668531787120726,REDUCE
2011-06-08,SMH,BUY,14.2448,0.2126,3.03,0.0,0.0,ADD
2011-06-08,TQQQ,BUY,0.3735,59.8969,22.37,0.0,0.0,ADD
2011-06-08,SHV,BUY,87.2968,41.1351,3590.96,0.0,0.0,OPEN
2011-06-20,TQQQ,SELL,0.34828853607177734,-4085.6824257443645,-1422.9963509166928,-182.78499457007143,-0.11382931747451797,CLOSE
2011-06-20,XLY,SELL,16.00019073486328,-1.9732161861819788,-31.571835340031157,-0.7137586969213351,-0.02210765259900138,REDUCE
2011-06-20,GLD,SELL,150.02999877929688,-0.23739821294843136,-35.616853598860416,3.3217097594119527,0.10285477519237696,REDUCE
2011-06-20,XLC,SELL,14.07468702441043,-0.823284681417727,-11.587474222945957,-0.8131730758737732,-0.0655750507436148,REDUCE
2011-06-20,SMH,BUY,13.7693,2.5548,35.18,0.0,0.0,ADD
2011-06-20,QQQ,BUY,47.4876,0.2523,11.98,0.0,0.0,ADD
2011-06-20,SHV,BUY,87.3205,16.6583,1454.61,0.0,0.0,ADD
2011-06-30,SMH,SELL,14.469816207885742,-128.59950668186036,-1860.8112261112938,-18.327147519094925,-0.00975295261715503,CLOSE
2011-06-30,XLY,SELL,16.815675735473633,-3.2157918373563055,-54.0757127697666,1.4592024779459198,0.027732787101480527,REDUCE
2011-06-30,GLD,SELL,146.0,-4.8235873841679116,-704.243758088515,48.05327350516858,0.07323067711913023,REDUCE
2011-06-30,XLC,SELL,14.766265868251512,-3.442562609160175,-50.83379475496076,-1.0194774895636247,-0.019660813010142886,REDUCE
2011-06-30,QQQ,BUY,50.1048,35.0203,1754.69,0.0,0.0,ADD
2011-06-30,SSO,BUY,3.066,265.197,813.1,0.0,0.0,OPEN
2011-06-30,SHV,BUY,87.3364,1.1699,102.18,0.0,0.0,ADD
2011-07-05,QQQ,SELL,51.11479187011719,-0.45899806969408663,-23.46159080119878,2.1671986679416273,0.10177321119943783,REDUCE
2011-07-05,SSO,SELL,3.1512434482574463,-3.7811496629794408,-11.915323102344814,0.3222101137860114,0.02779323500978559,REDUCE
2011-07-05,XLY,SELL,17.22968292236328,-1.2040480752640432,-20.745366560081266,1.044835198555204,0.053035889204273046,REDUCE
2011-07-05,XLC,SELL,15.080149234677645,-0.9726587464162875,-14.667839050372095,0.017259088590227224,0.0011780481479402027,REDUCE
2011-07-05,SHV,SELL,87.33477020263672,-41.14636922248472,-3593.5087007185475,1.2544996945737452,0.00034922353051070054,REDUCE
2011-07-05,QLD,BUY,1.4046,2606.5975,3661.27,0.0,0.0,OPEN
2011-07-05,GLD,BUY,147.63,0.0205,3.03,0.0,0.0,ADD
2011-07-12,GLD,SELL,152.77000427246094,-0.4745769279678675,-72.5011193132625,7.929969255365663,0.12280978809042997,REDUCE
2011-07-12,SHV,SELL,87.31107330322266,-17.81693660524462,-1555.6158579793841,0.12100924816402626,7.779469553548246e-05,CLOSE
2011-07-12,SSO,BUY,3.0365,6.6867,20.3,0.0,0.0,ADD
2011-07-12,TQQQ,BUY,0.4161,3695.8491,1537.71,0.0,0.0,OPEN
2011-07-12,QLD,BUY,1.3706,33.2928,45.63,0.0,0.0,ADD
2011-07-12,XLY,BUY,16.8826,0.9074,15.32,0.0,0.0,ADD
2011-07-12,XLC,BUY,14.8246,0.6172,9.15,0.0,0.0,ADD
2011-07-18,TQQQ,SELL,0.4163130223751068,-3695.849113658697,-1538.630114749612,0.9169561824562744,0.0005963115925409213,CLOSE
2011-07-18,QLD,SELL,1.3719429969787598,-2.0985482415832983,-2.8790885638622967,-0.0676627838176317,-0.022961823321436592,REDUCE
2011-07-18,GLD,SELL,156.57000732421875,-0.24225457825827082,-37.92980109222299,4.968534323716181,0.15073857320506323,REDUCE
2011-07-18,SSO,BUY,2.9976,3.5302,10.58,0.0,0.0,ADD
2011-07-18,XLY,BUY,16.686,1.2848,21.44,0.0,0.0,ADD
2011-07-18,XLC,BUY,14.7469,0.6896,10.17,0.0,0.0,ADD
2011-07-18,SHV,BUY,87.319,17.605,1537.25,0.0,0.0,OPEN
2011-07-28,QQQ,SELL,51.105995178222656,-0.22097187899755408,-11.2929877825718,1.0413938163212066,0.10158359956018481,REDUCE
2011-07-28,QLD,SELL,1.4009507894515991,-33.540865552595214,-46.98910207479821,-0.10850035863056567,-0.00230373422477137,REDUCE
2011-07-28,SHV,SELL,87.27933502197266,-17.604975485052076,-1536.5505534134757,-0.6981709485725456,-0.00045416915135987335,CLOSE
2011-07-28,SSO,BUY,2.9773,4.0825,12.16,0.0,0.0,ADD
2011-07-28,TQQQ,BUY,0.4293,3612.0151,1550.58,0.0,0.0,OPEN
2011-07-28,XLY,BUY,16.6609,1.0494,17.48,0.0,0.0,ADD
2011-07-28,GLD,BUY,157.32,0.0329,5.18,0.0,0.0,ADD
2011-07-28,XLC,BUY,14.7904,0.6376,9.43,0.0,0.0,ADD
2011-08-01,QQQ,SELL,50.70199966430664,-35.798678849085825,-1815.0646029889706,154.24911029411447,0.09287552468807259,REDUCE
2011-08-01,SSO,SELL,2.9089298248291016,-275.71520999519487,-802.0361975140412,-42.51324355406612,-0.050338371546725935,CLOSE
2011-08-01,XLY,SELL,16.493663787841797,-109.49042643153898,-1805.898281549231,13.222614792816684,0.007375910231849803,CLOSE
2011-08-01,XLC,SELL,14.650798710429962,-123.33801311951969,-1807.0004035584527,-50.22887195985349,-0.027045057183818,CLOSE
2011-08-01,TQQQ,BUY,0.4194,43.4861,18.24,0.0,0.0,ADD
2011-08-01,QLD,BUY,1.3809,7.8519,10.84,0.0,0.0,ADD
2011-08-01,GLD,BUY,157.72,22.1629,3495.53,0.0,0.0,ADD
2011-08-01,SHV,BUY,87.2754,30.9983,2705.39,0.0,0.0,OPEN
2011-08-02,QQQ,SELL,49.419734954833984,-15.021703331128437,-742.3685971945141,45.46361575157096,0.06523646259126803,REDUCE
2011-08-02,TQQQ,SELL,0.3875483572483063,-3655.5011805576282,-1416.683477444353,-152.13542270968492,-0.09697449635183975,CLOSE
2011-08-02,QLD,SELL,1.3096513748168945,-2612.1027276229565,-3420.9439283943652,-246.75081987531658,-0.06727681467813729,CLOSE
2011-08-02,GLD,SELL,161.52000427246094,-5.918817498195678,-956.0074275964826,61.82468194540863,0.06914099186782319,REDUCE
2011-08-02,SHV,BUY,87.3229,74.7449,6526.94,0.0,0.0,ADD
2011-09-30,GLD,SELL,158.05999755859375,-4.6961459595807264,-742.2728189061295,32.804637230279596,0.04623834877667243,REDUCE
2011-09-30,SHV,SELL,87.33477020263672,-1.0430699531087428,-91.09627466002712,0.02690564244824761,0.00029544118663049623,REDUCE
2011-09-30,QQQ,BUY,46.1854,0.9071,41.89,0.0,0.0,ADD
2011-09-30,BIL,BUY,73.2247,10.8101,791.56,0.0,0.0,OPEN
2011-10-27,SHV,SELL,87.30790710449219,-14.983883304013727,-1308.2114915713819,-0.01600924255875367,-1.2237353632094106e-05,REDUCE
2011-10-27,QQQ,BUY,51.7815,13.4364,695.76,0.0,0.0,ADD
2011-10-27,GLD,BUY,169.55,3.5536,602.51,0.0,0.0,ADD
2011-10-27,BIL,BUY,73.2087,0.2583,18.91,0.0,0.0,ADD
2011-10-31,QQQ,SELL,50.9896240234375,-14.689892625231174,-749.0321019052049,31.63338536651967,0.04409456643461085,REDUCE
2011-10-31,GLD,SELL,167.33999633789062,-4.37301401354285,-731.780149011805,59.625262311040984,0.08870762303567914,REDUCE
2011-10-31,BIL,SELL,73.19276428222656,-11.068405197786625,-810.1271726217677,-0.34936432922353405,-0.00043106038644602496,CLOSE
2011-10-31,USD,BUY,0.3684,2187.8424,805.95,0.0,0.0,OPEN
2011-10-31,SHV,BUY,87.3237,16.9009,1475.85,0.0,0.0,ADD
2011-11-08,USD,SELL,0.38073039054870605,-46.312420525208445,-17.63254595381852,0.5720326006142248,0.03352962415440941,REDUCE
2011-11-08,SHV,SELL,87.32691955566406,-16.362363166042353,-1428.8747719415414,0.25529632108001166,0.00017870141450315735,REDUCE
2011-11-08,QQQ,BUY,51.8079,14.8587,769.8,0.0,0.0,ADD
2011-11-08,GLD,BUY,173.53,3.9523,685.85,0.0,0.0,ADD
2011-11-09,QQQ,SELL,49.986541748046875,-14.554083863605682,-727.5083206527007,-4.876006984001378,-0.006657716174423789,REDUCE
2011-11-09,GLD,SELL,172.07000732421875,-4.509970442242002,-776.0306470285914,68.42319802961859,0.09669654852618415,REDUCE
2011-11-09,USD,BUY,0.3479,176.3163,61.33,0.0,0.0,ADD
2011-11-09,SHV,BUY,87.319,16.4119,1433.07,0.0,0.0,ADD
2011-11-11,USD,SELL,0.3767429292201996,-159.72812336026615,-60.17644107359206,1.5853056134552441,0.02705708979703636,REDUCE
2011-11-11,SHV,SELL,87.33479309082031,-16.673459384732997,-1456.1731254738525,0.37183589704539044,0.0002554166559045612,REDUCE
2011-11-11,QQQ,BUY,50.9016,14.9984,763.44,0.0,0.0,ADD
2011-11-11,GLD,BUY,173.96,4.3806,762.05,0.0,0.0,ADD
2011-11-14,QQQ,SELL,50.58486557006836,-15.099728518024815,-763.8177372288128,-0.3784149158724253,-0.0004951803471012761,REDUCE
2011-11-14,GLD,SELL,173.1999969482422,-4.407579863379103,-763.3928188863943,58.3537179747928,0.08276664074282203,REDUCE
2011-11-14,USD,BUY,0.3693,36.8051,13.59,0.0,0.0,ADD
2011-11-14,SHV,BUY,87.319,17.2292,1504.43,0.0,0.0,ADD
2011-11-30,USD,SELL,0.34688758850097656,-2194.9232656556105,-761.3916385679631,-43.83519613992538,-0.054438320049067235,CLOSE
2011-11-30,SHV,SELL,87.31106567382812,-0.9274902698861315,-80.9801638658646,-0.002286058582644315,-2.8229061787787835e-05,REDUCE
2011-11-30,QQQ,BUY,49.617,0.1597,7.92,0.0,0.0,ADD
2011-11-30,SSO,BUY,2.6445,303.8053,803.4,0.0,0.0,OPEN
2011-11-30,GLD,BUY,170.13,0.183,31.13,0.0,0.0,ADD
2011-12-05,SSO,SELL,2.698479652404785,-6.673489967371764,-18.00827688748018,0.36047280789084724,0.020425929836095147,REDUCE
2011-12-05,SHV,SELL,87.3157958984375,-17.527787557749537,-1530.452720943631,0.03970824855734757,2.594609966588557e-05,REDUCE
2011-12-05,QQQ,BUY,50.3649,14.8396,747.39,0.0,0.0,ADD
2011-12-05,GLD,BUY,167.32,4.8421,810.17,0.0,0.0,ADD
2011-12-08,QQQ,SELL,49.37941360473633,-14.893799308309712,-735.4470761909611,-16.447486958068065,-0.021874725213045676,REDUCE
2011-12-08,GLD,SELL,165.97999572753906,-4.509768742936949,-748.5313966848639,20.389099165799877,0.028001531067855634,REDUCE
2011-12-08,SSO,BUY,2.6015,9.12,23.73,0.0,0.0,ADD
2011-12-08,SHV,BUY,87.3316,16.6174,1451.22,0.0,0.0,ADD
2011-12-09,SSO,SELL,2.686864137649536,-8.752351191738295,-23.516378537195806,0.38230311670989864,0.016525541209715167,REDUCE
2011-12-09,SHV,SELL,87.33164978027344,-16.906198618429915,-1476.4462168604641,0.2580259654113878,0.00017479205361681238,REDUCE
2011-12-09,QQQ,BUY,50.1713,14.9171,748.41,0.0,0.0,ADD
2011-12-09,GLD,BUY,166.4,4.5708,760.58,0.0,0.0,ADD
2011-12-12,QQQ,SELL,49.608192443847656,-15.09829283122649,-748.9990163450492,-10.881155662123431,-0.014319567825255342,REDUCE
2011-12-12,GLD,SELL,161.99000549316406,-4.220281786972914,-683.6434698544426,-1.558063139350434,-0.0022738757348409466,REDUCE
2011-12-12,SSO,BUY,2.6079,5.7525,15.0,0.0,0.0,ADD
2011-12-12,SHV,BUY,87.3316,16.1302,1408.68,0.0,0.0,ADD
2011-12-22,SSO,SELL,2.685701608657837,-11.081527010361079,-29.76167491811202,0.47858192892595,0.016343284812935677,REDUCE
2011-12-22,SHV,SELL,87.32371520996094,-17.744787781282408,-1549.5407946738997,0.08826735866975925,5.696680415412381e-05,REDUCE
2011-12-22,QQQ,BUY,49.0662,15.2118,746.39,0.0,0.0,ADD
2011-12-22,GLD,BUY,156.04,5.3953,841.88,0.0,0.0,ADD
2012-01-17,QQQ,SELL,51.85602951049805,-1.112314527336205,-57.680214954501935,2.405954292098289,0.043527570758350675,REDUCE
2012-01-17,SSO,SELL,2.8523712158203125,-12.135940966514491,-34.61620868978048,2.54681180057532,0.07941564381064481,REDUCE
2012-01-17,GLD,SELL,160.5,-0.2716349382841043,-43.597407594598735,-0.1523680465869116,-0.0034827160677705082,REDUCE
2012-01-17,SHV,SELL,87.32613372802734,-39.09666246352124,-3414.160374609003,0.28903332461071424,8.466438705978518e-05,REDUCE
2012-01-17,QLD,BUY,1.3718,2587.9006,3550.05,0.0,0.0,OPEN
2012-01-31,SSO,SELL,2.9366061687469482,-280.03444708933455,-822.3508847841807,82.35586905889816,0.11129246455556152,CLOSE
2012-01-31,QLD,SELL,1.458509087562561,-64.16143299033502,-93.58003308743992,5.564071164335742,0.0632166148362594,REDUCE
2012-01-31,GLD,SELL,169.30999755859375,-11.858120110439673,-2007.6982869480526,97.81843999198,0.05121706485770883,REDUCE
2012-01-31,SHV,SELL,87.31816864013672,-29.851200685162578,-2606.5521755375908,-0.01708384842328301,-6.5541509636224404e-06,REDUCE
2012-01-31,QQQ,BUY,53.4636,0.1653,8.84,0.0,0.0,ADD
2012-01-31,XLY,BUY,17.4397,105.5318,1840.45,0.0,0.0,OPEN
2012-01-31,XLK,BUY,11.2064,164.2324,1840.45,0.0,0.0,OPEN
2012-01-31,XLC,BUY,15.4948,118.7782,1840.45,0.0,0.0,OPEN
2012-02-29,XLY,SELL,18.228994369506836,-105.5318468075002,-1923.739441257579,83.29115018789204,0.045255903462238845,CLOSE
2012-02-29,GLD,SELL,164.2899932861328,-4.070823402223652,-668.7955494203561,13.144948480724134,0.020048709574712165,REDUCE
2012-02-29,XLK,SELL,12.002382278442383,-2.2206712488035834,-26.653345242886644,1.7676913839687063,0.07103254726559016,REDUCE
2012-02-29,XLC,SELL,16.395634273599274,-0.17796500597165155,-2.9178491514101097,0.16031207406987888,0.05813596320688719,REDUCE
2012-02-29,QQQ,BUY,56.8906,33.9725,1932.72,0.0,0.0,ADD
2012-02-29,QLD,BUY,1.6497,364.1855,600.78,0.0,0.0,ADD
2012-02-29,SHV,BUY,87.3102,1.0149,88.61,0.0,0.0,ADD
2012-03-06,QQQ,SELL,56.14864730834961,-0.148602058843423,-8.343804591293974,0.38321958997464106,0.048139626662001556,REDUCE
2012-03-06,GLD,SELL,162.6999969482422,-0.05773161635484334,-9.3929338047501,0.09462601385130527,0.010176691929248083,REDUCE
2012-03-06,XLK,SELL,11.836542129516602,-0.25358456804767904,-3.0015644230916223,0.15980304675206158,0.056233802064655336,REDUCE
2012-03-06,XLC,SELL,16.208496495044756,-0.4735184381721586,-7.6750219454524995,0.33793540456276966,0.046058527820197925,REDUCE
2012-03-06,SHV,SELL,87.31024932861328,-18.930740518485702,-1652.8476746442686,-0.15213462060367516,-9.20354737797835e-05,CLOSE
2012-03-06,TQQQ,BUY,0.493,3301.1275,1627.46,0.0,0.0,OPEN
2012-03-06,QLD,BUY,1.6057,33.5074,53.8,0.0,0.0,ADD
2012-03-07,TQQQ,SELL,0.5041897296905518,-3301.1274740255053,-1664.3945688029735,36.936065453087735,0.022695549764900402,CLOSE
2012-03-07,QLD,SELL,1.629353404045105,-9.582872976578688,-15.613886704920333,2.11055377045689,0.1562987286694455,REDUCE
2012-03-07,QQQ,BUY,56.5815,0.2317,13.11,0.0,0.0,ADD
2012-03-07,GLD,BUY,163.63,0.0566,9.27,0.0,0.0,ADD
2012-03-07,XLK,BUY,11.9236,0.6509,7.76,0.0,0.0,ADD
2012-03-07,XLC,BUY,16.3609,0.2349,3.84,0.0,0.0,ADD
2012-03-07,SHV,BUY,87.3023,18.8543,1646.03,0.0,0.0,OPEN
2012-04-02,QLD,SELL,1.8531761169433594,-167.35703730919568,-310.1420645438002,74.31740118503373,0.3151383749543306,REDUCE
2012-04-02,XLK,SELL,12.677285194396973,-162.40906676546547,-2058.9060575416647,238.42380778699632,0.13096738944811293,CLOSE
2012-04-02,QQQ,BUY,60.3846,0.2838,17.14,0.0,0.0,ADD
2012-04-02,XLY,BUY,19.1403,108.4584,2075.93,0.0,0.0,OPEN
2012-04-02,GLD,BUY,162.94,0.7699,125.45,0.0,0.0,ADD
2012-04-02,XLC,BUY,17.2671,1.8627,32.16,0.0,0.0,ADD
2012-04-02,SHV,BUY,87.3102,1.3557,118.36,0.0,0.0,ADD
2012-04-04,QQQ,SELL,59.544105529785156,-0.2708861980593523,-16.129676363808358,1.6071426575088272,0.11066544516344878,REDUCE
2012-04-04,XLY,SELL,18.924407958984375,-0.75016736483698,-14.19647324969128,-0.16197289664130365,-0.011280670275221616,REDUCE
2012-04-04,XLC,SELL,17.062111761841084,-0.7599698531560685,-12.966690570178798,1.168934213826014,0.09908106071342737,REDUCE
2012-04-04,SHV,SELL,87.29438018798828,-20.209999752094067,-1764.2194019584483,-0.17097040704338695,-9.690055541067277e-05,CLOSE
2012-04-04,TQQQ,BUY,0.5855,2958.9654,1732.57,0.0,0.0,OPEN
2012-04-04,QLD,BUY,1.8033,24.8796,44.86,0.0,0.0,ADD
2012-04-04,GLD,BUY,157.21,0.1913,30.08,0.0,0.0,ADD
2012-04-05,TQQQ,SELL,0.5962252020835876,-2958.9654358284743,-1764.209764935183,31.641845161385234,0.018262975321346353,CLOSE
2012-04-05,QLD,SELL,1.824014663696289,-6.613145999613143,-12.062475276458827,2.7204012339300485,0.2911988517266848,REDUCE
2012-04-05,QQQ,BUY,59.9157,0.1799,10.78,0.0,0.0,ADD
2012-04-05,XLY,BUY,19.0557,0.2315,4.41,0.0,0.0,ADD
2012-04-05,GLD,BUY,158.31,0.023,3.64,0.0,0.0,ADD
2012-04-05,XLC,BUY,17.1411,0.5314,9.11,0.0,0.0,ADD
2012-04-05,SHV,BUY,87.2944,20.028,1748.33,0.0,0.0,OPEN
2012-04-10,QQQ,SELL,58.50892639160156,-0.1319475799172357,-7.720111240927508,0.6438871519242167,0.09099304146187803,REDUCE
2012-04-10,GLD,SELL,161.10000610351562,-0.4680892244351539,-75.40917691349318,-0.015283481942680246,-0.00020263296366396233,REDUCE
2012-04-10,SHV,SELL,87.30230712890625,-20.028011453450034,-1748.4916070903469,0.15876086349589985,9.080700156061106e-05,CLOSE
2012-04-10,TQQQ,BUY,0.5544,3073.1685,1703.74,0.0,0.0,OPEN
2012-04-10,QLD,BUY,1.7382,62.4269,108.51,0.0,0.0,ADD
2012-04-10,XLY,BUY,18.4206,0.873,16.08,0.0,0.0,ADD
2012-04-10,XLC,BUY,16.6764,0.1975,3.29,0.0,0.0,ADD
2012-04-12,TQQQ,SELL,0.581273078918457,-3073.168523244964,-1786.350129541888,82.61435956801658,0.04849012448056045,CLOSE
2012-04-12,QLD,SELL,1.7951594591140747,-18.065344750322218,-32.430174510697725,6.780171504062756,0.2643341407137032,REDUCE
2012-04-12,XLY,SELL,18.911706924438477,-0.05317477692399915,-1.005625796959066,-0.011840033867178442,-0.01163678770181753,REDUCE
2012-04-12,QQQ,BUY,59.4645,0.6128,36.44,0.0,0.0,ADD
2012-04-12,GLD,BUY,162.7,0.1699,27.65,0.0,0.0,ADD
2012-04-12,XLC,BUY,17.0511,0.4337,7.39,0.0,0.0,ADD
2012-04-12,SHV,BUY,87.3102,20.024,1748.3,0.0,0.0,OPEN
2012-04-13,XLY,SELL,18.86089515686035,-1.3721083746939915,-25.879192198953433,-0.3752364644150835,-0.014292311184003537,REDUCE
2012-04-13,GLD,SELL,160.85000610351562,-0.04237137351946364,-6.815435689220067,-0.013026492409397582,-0.0019076758518840053,REDUCE
2012-04-13,XLC,SELL,16.8950306548495,-0.7442175379982655,-12.573578118357318,1.009568579879797,0.08730264157259704,REDUCE
2012-04-13,SHV,SELL,87.32613372802734,-20.02403821149018,-1748.621838631721,0.31806982083375973,0.0001819305240360336,CLOSE
2012-04-13,TQQQ,BUY,0.555,3102.0843,1721.61,0.0,0.0,OPEN
2012-04-13,QLD,BUY,1.7419,41.496,72.28,0.0,0.0,ADD
2012-04-17,TQQQ,SELL,0.569193422794342,-3102.0843488899277,-1765.6860083414158,44.076876367674856,0.025602139039041294,CLOSE
2012-04-17,QLD,SELL,1.7716468572616577,-15.115349968033392,-26.77906226727646,5.246690307252422,0.24366522726772377,REDUCE
2012-04-17,QQQ,BUY,59.084,0.1658,9.8,0.0,0.0,ADD
2012-04-17,XLY,BUY,18.9921,0.4974,9.45,0.0,0.0,ADD
2012-04-17,GLD,BUY,160.25,0.1649,26.43,0.0,0.0,ADD
2012-04-17,XLC,BUY,17.0483,0.3032,5.17,0.0,0.0,ADD
2012-04-17,SHV,BUY,87.3182,19.9457,1741.62,0.0,0.0,OPEN
2012-04-19,QQQ,SELL,58.27006912231445,-0.020847908298242544,-1.214809057594266,0.09529944333843013,0.08512606066521178,REDUCE
2012-04-19,XLY,SELL,18.869367599487305,-0.8287488769843608,-15.637967207480187,-0.21907661628456043,-0.013815728752431977,REDUCE
2012-04-19,GLD,SELL,159.42999267578125,-0.09809734753173734,-15.639659398498452,-0.16810719471958085,-0.010634468425900434,REDUCE
2012-04-19,XLC,SELL,16.836476746675793,-0.2035616734379818,-3.4272613813529915,0.26344701971982293,0.0832687982312057,REDUCE
2012-04-19,SHV,SELL,87.31024932861328,-19.945675337293977,-1741.46188672671,-0.15795601654137534,-9.069488797996961e-05,CLOSE
2012-04-19,TQQQ,BUY,0.5468,3140.4079,1717.07,0.0,0.0,OPEN
2012-04-19,QLD,BUY,1.7254,34.9564,60.31,0.0,0.0,ADD
2012-04-20,QQQ,SELL,58.110801696777344,-0.06408205265707574,-3.723859454277772,0.28272411232633626,0.08216012572350784,REDUCE
2012-04-20,TQQQ,SELL,0.5408744215965271,-3140.407925722876,-1698.56632040251,-18.501906455168243,-0.010775289045460767,CLOSE
2012-04-20,XLY,SELL,18.899009704589844,-0.5665733306544868,-10.707674874400936,-0.13297708069557887,-0.012266520615770049,REDUCE
2012-04-20,GLD,SELL,159.5399932861328,-0.04756721459521734,-7.588873097161013,-0.07628243181430652,-0.009951843967933693,REDUCE
2012-04-20,XLC,SELL,16.818191412201205,-0.31753652556359196,-5.340390067293811,0.40514561310010366,0.08209230907616583,REDUCE
2012-04-20,QLD,BUY,1.7136,8.9069,15.26,0.0,0.0,ADD
2012-04-20,SHV,BUY,87.3023,19.5947,1710.66,0.0,0.0,OPEN
2012-04-23,QQQ,SELL,57.5799560546875,-0.0670050209358343,-3.8581461609287544,0.26005065571188063,0.07227452838170456,REDUCE
2012-04-23,QLD,SELL,1.684316635131836,-2345.140049778686,-3949.9583975561422,598.5501431998583,0.1785966070895244,REDUCE
2012-04-23,GLD,SELL,159.07000732421875,-0.07770330921418712,-12.36026596581678,-0.16113044789483794,-0.012868408807694243,REDUCE
2012-04-23,XLC,SELL,16.66171615061852,-0.1047687293704121,-1.7456268302307762,0.11728095826998355,0.07202459888252011,REDUCE
2012-04-23,XLY,BUY,18.6958,0.0626,1.17,0.0,0.0,ADD
2012-04-23,SHV,BUY,87.3023,45.437,3966.75,0.0,0.0,ADD
2012-04-24,GLD,SELL,159.3000030517578,-0.04225223903322406,-6.730781806936193,-0.07789905430700053,-0.011441137555796232,REDUCE
2012-04-24,SHV,SELL,87.30230712890625,-19.510835169362757,-1703.340924297173,0.0,0.0,REDUCE
2012-04-24,QQQ,BUY,57.2703,0.1833,10.5,0.0,0.0,ADD
2012-04-24,TQQQ,BUY,0.518,3260.8795,1688.98,0.0,0.0,OPEN
2012-04-24,QLD,BUY,1.6642,5.0831,8.46,0.0,0.0,ADD
2012-04-24,XLY,BUY,18.6323,0.0928,1.73,0.0,0.0,ADD
2012-04-25,QQQ,SELL,58.792057037353516,-0.24173446401989185,-14.212066396551563,1.228727230866316,0.09463876859304587,REDUCE
2012-04-25,TQQQ,SELL,0.5590938329696655,-3260.8794901735355,-1823.1376130132908,134.15575691354093,0.07942995742022818,CLOSE
2012-04-25,SHV,SELL,87.30230712890625,-25.735215479226866,-2246.743685796046,0.0,0.0,REDUCE
2012-04-25,QLD,BUY,1.7526,2303.5493,4037.11,0.0,0.0,ADD
2012-04-25,XLY,BUY,18.9456,0.6178,11.7,0.0,0.0,ADD
2012-04-25,GLD,BUY,159.62,0.219,34.96,0.0,0.0,ADD
2012-05-01,QLD,SELL,1.7745479345321655,-2319.589293500676,-4116.222389744549,191.9360894870802,0.04890980800113587,REDUCE
2012-05-01,XLY,SELL,19.43667984008789,-1.5046267240259947,-29.24494791373354,0.4585185045208091,0.01592828683275549,REDUCE
2012-05-01,XLC,SELL,17.24185722051215,-0.33937258974709117,-5.851413736974791,0.576786862217783,0.10935121590839625,REDUCE
2012-05-01,QQQ,BUY,59.1636,0.3311,19.59,0.0,0.0,ADD
2012-05-01,GLD,BUY,161.32,0.0094,1.52,0.0,0.0,ADD
2012-05-01,SHV,BUY,87.3102,47.3133,4130.93,0.0,0.0,ADD
2012-05-02,QQQ,SELL,59.33176803588867,-0.08804209516514651,-5.223693167732108,0.4925584448846826,0.10411000187883834,REDUCE
2012-05-02,XLY,SELL,19.542524337768555,-0.41837872452309705,-8.17617640639719,0.1717794171060973,0.02146063186719971,REDUCE
2012-05-02,XLC,SELL,17.29456505773309,-0.1888529439588227,-3.266129525640281,0.33092248866500495,0.11274246909888164,REDUCE
2012-05-02,SHV,SELL,87.30230712890625,-47.055733285816665,-4108.074079494263,-0.26352441256178905,-6.414380656327712e-05,REDUCE
2012-05-02,QLD,BUY,1.7828,2307.7672,4114.27,0.0,0.0,ADD
2012-05-02,GLD,BUY,160.59,0.0652,10.47,0.0,0.0,ADD
2012-05-03,QQQ,SELL,58.703590393066406,-0.0843058175166297,-4.949054179248833,0.41869651519287476,0.09242018980418032,REDUCE
2012-05-03,QLD,SELL,1.745692253112793,-2304.6809338659123,-4023.2636521464806,-46.863598339717456,-0.011514037634602015,REDUCE
2012-05-03,XLY,SELL,19.39011001586914,-0.4340068408255439,-8.415440391247103,0.11204720605195512,0.013494146736509283,REDUCE
2012-05-03,GLD,SELL,158.97000122070312,-0.019804977058006833,-3.1483972270873437,-0.04238034842181017,-0.01328213810548906,REDUCE
2012-05-03,XLC,SELL,17.154918385921665,-0.4574968442683091,-7.8483210252395565,0.7377728466360184,0.10375752025083829,REDUCE
2012-05-03,TQQQ,BUY,0.556,3109.8745,1729.01,0.0,0.0,OPEN
2012-05-03,SHV,BUY,87.2944,26.5608,2318.61,0.0,0.0,ADD
2012-05-23,TQQQ,SELL,0.46289965510368347,-3109.874495907053,-1439.5598315711163,-289.45325936507675,-0.1674095244752306,CLOSE
2012-05-23,GLD,SELL,151.6199951171875,-0.11616181568837561,-17.612453927475144,-1.1023628351653305,-0.05890321284715572,REDUCE
2012-05-23,XLC,SELL,16.197516336704485,-0.07690828754967263,-1.2457232440137886,0.05039241101000126,0.04215771033310367,REDUCE
2012-05-23,QQQ,BUY,55.3504,0.0476,2.63,0.0,0.0,ADD
2012-05-23,QLD,BUY,1.5494,33.1146,51.31,0.0,0.0,ADD
2012-05-23,XLY,BUY,18.2682,0.1602,2.93,0.0,0.0,ADD
2012-05-23,SHV,BUY,87.3023,16.054,1401.55,0.0,0.0,ADD
2012-05-31,QQQ,SELL,54.907989501953125,-34.53679813092302,-1896.3461492037952,40.39437270229031,0.021764774933125786,REDUCE
2012-05-31,QLD,SELL,1.522786021232605,-557.4681390846611,-848.9046894806754,-128.42360862224763,-0.13140273219503484,CLOSE
2012-05-31,XLY,SELL,18.247020721435547,-105.06588622046495,-1917.1394029808134,-92.83655120027657,-0.046187891455696684,CLOSE
2012-05-31,XLC,SELL,16.1423665477696,-118.49742721203255,-1912.8289050242774,71.10764336334941,0.038609340535723735,CLOSE
2012-05-31,TQQQ,BUY,0.4509,3606.1883,1626.1,0.0,0.0,OPEN
2012-05-31,GLD,BUY,151.62,18.8908,2864.22,0.0,0.0,ADD
2012-05-31,BIL,BUY,73.196,11.7612,860.88,0.0,0.0,OPEN
2012-05-31,SHV,BUY,87.3261,14.0166,1224.02,0.0,0.0,ADD
2012-06-06,TQQQ,SELL,0.4596325755119324,-3606.1882950026884,-1657.5216138130697,31.423000689780146,0.019324166711774726,CLOSE
2012-06-06,GLD,SELL,157.2100067138672,-0.6637270654961178,-104.34453642282006,1.4244792134240594,0.013840637598227179,REDUCE
2012-06-06,QQQ,BUY,55.315,0.1836,10.16,0.0,0.0,ADD
2012-06-06,BIL,BUY,73.18,0.1632,11.95,0.0,0.0,ADD
2012-06-06,SHV,BUY,87.3261,19.9226,1739.76,0.0,0.0,ADD
2012-06-25,QQQ,SELL,55.09626007080078,-0.08824489383294853,-4.861963620540337,0.11896816987973013,0.02508291882573066,REDUCE
2012-06-25,BIL,SELL,73.19596099853516,-0.08490745813465962,-6.214882994109303,1.8552037458224112e-05,2.9851073393150074e-06,REDUCE
2012-06-25,SHV,SELL,87.31816864013672,-19.404863879342937,-1694.397176655364,0.16509084602201116,9.744287539170671e-05,REDUCE
2012-06-25,TQQQ,BUY,0.4507,3631.7998,1636.93,0.0,0.0,OPEN
2012-06-25,GLD,BUY,153.76,0.4458,68.54,0.0,0.0,ADD
2012-06-28,QQQ,SELL,55.1583366394043,-0.18145600062559764,-10.008811167746671,0.25589575156954325,0.026237872538614537,REDUCE
2012-06-28,TQQQ,SELL,0.45101767778396606,-3631.799778708625,-1638.005902369486,1.0767324029980123,0.000657775805302574,CLOSE
2012-06-28,BIL,SELL,73.19596099853516,-0.059052158464963235,-4.322379487880767,1.2902728216095074e-05,2.9851073393150074e-06,REDUCE
2012-06-28,GLD,BUY,151.05,0.3786,57.19,0.0,0.0,ADD
2012-06-28,SHV,BUY,87.3182,18.2682,1595.15,0.0,0.0,ADD
2012-07-02,GLD,SELL,155.08999633789062,-19.189318684410356,-2976.0713644918183,1.8545740551427299,0.0006235503952185528,REDUCE
2012-07-02,BIL,SELL,73.16402435302734,-11.780529544517757,-861.9109504866552,-0.37365658384852146,-0.00043333324146643815,CLOSE
2012-07-02,SHV,SELL,87.31024932861328,-32.19524197359514,-2810.974603909627,-0.033473999619246395,-1.1908183360387348e-05,REDUCE
2012-07-02,QQQ,BUY,57.065,33.3042,1900.5,0.0,0.0,ADD
2012-07-02,SSO,BUY,3.1973,272.7797,872.17,0.0,0.0,OPEN
2012-07-02,XLK,BUY,12.0626,160.6735,1938.14,0.0,0.0,OPEN
2012-07-02,XLC,BUY,16.6335,116.5208,1938.14,0.0,0.0,OPEN
2012-07-05,QQQ,SELL,57.57926559448242,-0.29175909466388655,-16.799274401257662,0.6048436702205708,0.03734886889610589,REDUCE
2012-07-05,XLK,SELL,12.158660888671875,-0.5792146976394593,-7.0424750903328,0.05562322846241058,0.007961128926457617,REDUCE
2012-07-05,SHV,SELL,87.31024932861328,-44.31507211947059,-3869.159995766456,-0.046075215352338245,-1.1908183360387348e-05,REDUCE
2012-07-05,QLD,BUY,1.6648,2338.4567,3893.0,0.0,0.0,OPEN
2012-07-06,QQQ,SELL,56.860984802246094,-0.1391188174221094,-7.910432963145013,0.18847984040997182,0.024408311914643432,REDUCE
2012-07-06,QLD,SELL,1.6229413747787476,-2338.4566812872868,-3795.1781011889366,-97.82364406911024,-0.025128076088911655,CLOSE
2012-07-06,GLD,SELL,153.7100067138672,-0.01617638233828852,-2.4864718378244106,-0.02075985446844022,-0.00827999045012684,REDUCE
2012-07-06,XLC,SELL,16.549716391204417,-0.6291970142743423,-10.41303214043296,-0.05269095753454314,-0.005034621787841531,REDUCE
2012-07-06,SSO,BUY,3.1484,1.3594,4.28,0.0,0.0,ADD
2012-07-06,SHV,BUY,87.3182,43.651,3811.52,0.0,0.0,ADD
2012-07-10,SHV,SELL,87.31024932861328,-19.020849528820836,-1660.7151148033836,-0.11102019711437591,-6.684636927056786e-05,REDUCE
2012-07-10,QQQ,BUY,56.1959,0.2294,12.89,0.0,0.0,ADD
2012-07-10,SSO,BUY,3.0895,2.9713,9.18,0.0,0.0,ADD
2012-07-10,TQQQ,BUY,0.4758,3398.9617,1617.13,0.0,0.0,OPEN
2012-07-10,GLD,BUY,152.15,0.0223,3.4,0.0,0.0,ADD
2012-07-10,XLK,BUY,11.8205,0.856,10.12,0.0,0.0,ADD
2012-07-10,XLC,BUY,16.3457,0.5005,8.18,0.0,0.0,ADD
2012-07-17,SSO,SELL,3.18683123588562,-7.11684932243719,-22.680197721834247,-0.06473370827200373,-0.002846071814765705,REDUCE
2012-07-17,TQQQ,SELL,0.47913891077041626,-3398.961721928349,-1628.5748171950877,11.443719376614375,0.007076556373229126,CLOSE
2012-07-17,GLD,SELL,153.47000122070312,-0.03854705353573823,-5.915816353184255,-0.05849022914315698,-0.009790295884074096,REDUCE
2012-07-17,XLC,SELL,16.451718210365645,-0.17004799233599804,-2.7975816521502566,-0.030694315853051504,-0.01085265942938407,REDUCE
2012-07-17,QQQ,BUY,56.3378,0.1557,8.77,0.0,0.0,ADD
2012-07-17,XLK,BUY,11.8372,0.5794,6.86,0.0,0.0,ADD
2012-07-17,SHV,BUY,87.3102,18.8333,1644.34,0.0,0.0,ADD
2012-07-19,QQQ,SELL,57.730045318603516,-0.7551145087750947,-43.592794812321245,1.6758181559737593,0.0399794615368565,REDUCE
2012-07-19,SSO,SELL,3.249204397201538,-1.9020677206045733,-6.180206801563486,0.10133707698230646,0.016670381431687753,REDUCE
2012-07-19,XLK,SELL,12.146133422851562,-2.158629472527367,-26.21900158381709,0.18477170189997516,0.007097260135523031,REDUCE
2012-07-19,XLC,SELL,16.764054154890104,-0.7522718613674336,-12.611126223163637,0.0991735815432824,0.007926307298621538,REDUCE
2012-07-19,SHV,SELL,87.31024932861328,-43.56842565346411,-3803.9701066591024,-0.17756422538859826,-4.667648071277064e-05,REDUCE
2012-07-19,QLD,BUY,1.6709,2317.0316,3871.48,0.0,0.0,OPEN
2012-07-19,GLD,BUY,153.38,0.1375,21.09,0.0,0.0,ADD
2012-07-20,QLD,SELL,1.6284376382827759,-2317.031552141847,-3773.141388596544,-98.34296082111447,-0.02540187482248435,CLOSE
2012-07-20,GLD,SELL,153.6699981689453,-0.16042932050901088,-24.653173388864843,-0.2080405097098042,-0.008368075290230759,REDUCE
2012-07-20,XLK,SELL,12.008353233337402,-0.28194369862000046,-3.3856795249425886,-0.014712787424484801,-0.004326791167882371,REDUCE
2012-07-20,XLC,SELL,16.56677115914891,-0.1547449521921533,-2.5636242110008425,-0.01012819526169237,-0.003935186320583206,REDUCE
2012-07-20,SSO,BUY,3.1915,1.2742,4.07,0.0,0.0,ADD
2012-07-20,SHV,BUY,87.3102,43.5144,3799.25,0.0,0.0,ADD
2012-07-25,GLD,SELL,155.6699981689453,-0.26836018686911334,-41.77562979853269,0.1887179644222012,0.004537917246055567,REDUCE
2012-07-25,SHV,SELL,87.31024932861328,-19.15476006363173,-1672.4068769854507,-0.023591631224532273,-1.4106195544316691e-05,REDUCE
2012-07-25,QQQ,BUY,55.4598,0.8838,49.01,0.0,0.0,ADD
2012-07-25,SSO,BUY,3.0732,6.8162,20.95,0.0,0.0,ADD
2012-07-25,TQQQ,BUY,0.4555,3519.8435,1603.2,0.0,0.0,OPEN
2012-07-25,XLK,BUY,11.7244,1.7814,20.89,0.0,0.0,ADD
2012-07-25,XLC,BUY,16.1779,1.2709,20.56,0.0,0.0,ADD
2012-07-27,QQQ,SELL,57.52606201171875,-0.09101302286795948,-5.235620797376214,0.18348425255684753,0.03631814994093907,REDUCE
2012-07-27,SSO,SELL,3.2940890789031982,-9.310178842395151,-30.66855844736949,0.9423047974601706,0.03169941320416081,REDUCE
2012-07-27,TQQQ,SELL,0.5091402530670166,-3519.84347143188,-1792.0939958011136,188.89695323804577,0.11782516323511416,CLOSE
2012-07-27,XLK,SELL,12.16283893585205,-0.25396043765897747,-3.0888798993246382,0.02692596449174813,0.00879371965248632,REDUCE
2012-07-27,XLC,SELL,16.77377853462066,-0.12129558174379292,-2.0345852253983594,0.017770952482137607,0.00881139761889993,REDUCE
2012-07-27,GLD,BUY,157.54,0.2416,38.06,0.0,0.0,ADD
2012-07-27,SHV,BUY,87.3182,20.5577,1795.06,0.0,0.0,ADD
2012-08-06,QQQ,SELL,58.616825103759766,-0.646695083737714,-37.907212618914855,2.009142618028007,0.055967984294932105,REDUCE
2012-08-06,SSO,SELL,3.333144426345825,-0.8924507951815795,-2.9746673937473815,0.12518199107965428,0.04393143792295162,REDUCE
2012-08-06,XLK,SELL,12.421711921691895,-2.01485598484306,-25.0279606074173,0.735215375988067,0.030264812353807846,REDUCE
2012-08-06,XLC,SELL,16.99235326591473,-0.5240542817173293,-8.904915485456058,0.19132394357407803,0.02195695571160039,REDUCE
2012-08-06,SHV,SELL,87.31024932861328,-44.58277571894039,-3892.5332637823317,-0.15103775010308493,-3.8800410822825704e-05,REDUCE
2012-08-06,QLD,BUY,1.7197,2291.1696,3940.21,0.0,0.0,OPEN
2012-08-06,GLD,BUY,156.3,0.1736,27.14,0.0,0.0,ADD
2012-08-31,SSO,SELL,3.409508228302002,-265.9792153924693,-906.8583234379346,57.61946818020339,0.06784836541978145,CLOSE
2012-08-31,GLD,SELL,164.22000122070312,-0.15140854393389752,-24.864311269649534,1.3889601788994275,0.05916674785949061,REDUCE
2012-08-31,QQQ,BUY,60.4436,0.2809,16.98,0.0,0.0,ADD
2012-08-31,QLD,BUY,1.8281,443.6746,811.1,0.0,0.0,ADD
2012-08-31,XLK,BUY,12.7307,1.6945,21.57,0.0,0.0,ADD
2012-08-31,XLC,BUY,17.4067,1.2948,22.54,0.0,0.0,ADD
2012-08-31,SHV,BUY,87.334,0.6817,59.53,0.0,0.0,ADD
2012-09-04,GLD,SELL,164.47999572753906,-0.02720259383039305,-4.474282517001029,0.2566180169953515,0.06084362969008228,REDUCE
2012-09-04,XLK,SELL,12.73068618774414,-0.15969584642512288,-2.0330377063244214,0.10647685110814434,0.055267836891760735,REDUCE
2012-09-04,SHV,SELL,87.32689666748047,-19.86143108474898,-1734.4371400061586,0.2494414491301052,0.000143837630342869,CLOSE
2012-09-04,TQQQ,BUY,0.5854,2960.2038,1732.85,0.0,0.0,OPEN
2012-09-04,QLD,BUY,1.8236,4.1375,7.55,0.0,0.0,ADD
2012-09-06,TQQQ,SELL,0.6212267875671387,-2960.2038136189085,-1838.9579056784673,106.10686346268672,0.06123253579084831,CLOSE
2012-09-06,QLD,SELL,1.8986730575561523,-30.041662588559642,-57.03929536109081,4.8433143279419255,0.09279094351854433,REDUCE
2012-09-06,QQQ,BUY,61.6585,0.5294,32.64,0.0,0.0,ADD
2012-09-06,GLD,BUY,164.89,0.2867,47.27,0.0,0.0,ADD
2012-09-06,XLK,BUY,13.0021,1.3255,17.23,0.0,0.0,ADD
2012-09-06,XLC,BUY,17.7795,0.8411,14.95,0.0,0.0,ADD
2012-09-06,SHV,BUY,87.3269,20.434,1784.44,0.0,0.0,OPEN
2012-09-13,QLD,SELL,1.8992834091186523,-2207.848453002311,-4193.329936635572,357.2967065419311,0.09314223446735093,REDUCE
2012-09-13,GLD,SELL,171.30999755859375,-0.3282676455185918,-56.235529552355274,5.253209096999741,0.10303981949193353,REDUCE
2012-09-13,XLK,SELL,13.123167991638184,-0.30264264626751985,-3.9716302884025936,0.31823722727686815,0.08710730598990324,REDUCE
2012-09-13,XLC,SELL,18.051448132799393,-0.9157812212593128,-16.53117721655417,1.2888928229340892,0.08456034473898,REDUCE
2012-09-13,QQQ,BUY,61.6851,0.44,27.14,0.0,0.0,ADD
2012-09-13,SHV,BUY,87.3348,48.5823,4242.92,0.0,0.0,ADD
2012-09-14,QQQ,SELL,62.234947204589844,-0.27319362645648204,-17.002190919149598,1.8055082192062382,0.11880936483677229,REDUCE
2012-09-14,SHV,SELL,87.33480834960938,-48.33848304028472,-4221.6321522341095,0.11323075253472001,2.6822277630511593e-05,REDUCE
2012-09-14,QLD,BUY,1.935,2188.9353,4235.61,0.0,0.0,ADD
2012-09-14,GLD,BUY,171.8,0.0176,3.02,0.0,0.0,ADD
2012-09-24,QQQ,SELL,62.02109909057617,-0.08970032572639719,-5.563312790333839,0.5736378633356245,0.11496497702320752,REDUCE
2012-09-24,XLK,SELL,13.127067565917969,-0.09712726495822908,-1.2749961695994898,0.10251079709567278,0.08743034198948108,REDUCE
2012-09-24,XLC,SELL,18.06311363166569,-0.11145820368819229,-2.013282198401157,0.1581692094262425,0.08526122687203141,REDUCE
2012-09-24,SHV,SELL,87.32689666748047,-20.67784439743337,-1805.7319810009037,-0.11515959861993066,-6.377040228422448e-05,CLOSE
2012-09-24,TQQQ,BUY,0.6314,2846.155,1797.13,0.0,0.0,OPEN
2012-09-24,QLD,BUY,1.9188,9.0938,17.45,0.0,0.0,ADD
2012-09-25,QQQ,SELL,61.14958953857422,-0.34797555049274814,-21.278562082090957,1.9220562339621432,0.09929768570022923,REDUCE
2012-09-25,QLD,SELL,1.8660004138946533,-2199.1856921599788,-4103.68141180172,-70.98643931694923,-0.01700409274427117,REDUCE
2012-09-25,GLD,SELL,170.77000427246094,-0.19275963735192336,-32.91756409414597,2.9752875190232233,0.09936744494221972,REDUCE
2012-09-25,XLK,SELL,12.942596435546875,-0.888539663745419,-11.500010284833479,0.7738793773174039,0.0721489774821904,REDUCE
2012-09-25,XLC,SELL,17.829494696416667,-0.7777231203240067,-13.866410249097498,0.9219681658988302,0.07122502151680266,REDUCE
2012-09-25,TQQQ,BUY,0.6061,61.2393,37.12,0.0,0.0,ADD
2012-09-25,SHV,BUY,87.3189,47.4826,4146.13,0.0,0.0,OPEN
2012-09-27,TQQQ,SELL,0.615186870098114,-26.549688709339076,-16.333019899177543,-0.41694882437395026,-0.02489251360736544,REDUCE
2012-09-27,GLD,SELL,172.33999633789062,-0.03508661832855405,-6.046827674251972,0.5966554052447747,0.10947459562658213,REDUCE
2012-09-27,SHV,SELL,87.31893920898438,-47.48257673557462,-4146.1282314595755,0.0,0.0,CLOSE
2012-09-27,QLD,BUY,1.8865,2207.9285,4165.17,0.0,0.0,ADD
2012-09-27,XLC,BUY,17.91,0.1441,2.58,0.0,0.0,ADD
2012-09-28,QQQ,SELL,60.9805908203125,-0.16183676148097942,-9.868901331556117,0.8665613234350877,0.09625956391931001,REDUCE
2012-09-28,QLD,SELL,1.8574507236480713,-2208.307734168989,-4101.822798869822,-68.87759025613536,-0.016514633953500057,REDUCE
2012-09-28,GLD,SELL,171.88999938964844,-0.08685787851249127,-14.930000684498282,1.4379509126819063,0.10657764661420455,REDUCE
2012-09-28,XLK,SELL,12.925823211669922,-0.6480999104202617,-8.377224865591415,0.5535960913683263,0.07075950397752617,REDUCE
2012-09-28,XLC,SELL,17.808464290627022,-0.6280860559531174,-11.185248098881857,0.7303844497852465,0.06986073413289873,REDUCE
2012-09-28,TQQQ,BUY,0.6004,38.2136,22.94,0.0,0.0,ADD
2012-09-28,SHV,BUY,87.3269,47.2249,4124.0,0.0,0.0,OPEN
2012-10-01,QQQ,SELL,60.89167404174805,-33.809162886389146,-2058.6965261023734,178.02629451847517,0.0946610902478855,REDUCE
2012-10-01,QLD,SELL,1.8489009141921997,-499.55571125107963,-923.6290112220556,-19.85235555811151,-0.021041597912910492,CLOSE
2012-10-01,SHV,SELL,87.32051086425781,-0.05740514035435132,-5.012646181976379,-0.000366577930271851,-7.312527372838051e-05,REDUCE
2012-10-01,TQQQ,BUY,0.5979,8.7956,5.26,0.0,0.0,ADD
2012-10-01,XLY,BUY,19.9359,103.2985,2059.34,0.0,0.0,OPEN
2012-10-01,GLD,BUY,172.29,5.342,920.37,0.0,0.0,ADD
2012-10-01,XLK,BUY,12.8965,0.1569,2.02,0.0,0.0,ADD
2012-10-02,QQQ,SELL,61.06955337524414,-0.0629990018111945,-3.847320903695845,0.342935192521929,0.09785886052110704,REDUCE
2012-10-02,TQQQ,SELL,0.60172039270401,-2927.8537269549997,-1761.7492943632617,-83.95382248419466,-0.04548609238282675,CLOSE
2012-10-02,XLK,SELL,12.913248062133789,-0.09201420963785574,-1.1882023142948128,0.07736530661636015,0.0696459571310526,REDUCE
2012-10-02,XLY,BUY,19.8975,0.274,5.45,0.0,0.0,ADD
2012-10-02,GLD,BUY,172.1,0.0284,4.89,0.0,0.0,ADD
2012-10-02,XLC,BUY,17.777,0.1394,2.48,0.0,0.0,ADD
2012-10-02,SHV,BUY,87.3285,20.0887,1754.31,0.0,0.0,ADD
2012-10-09,XLY,SELL,19.935850143432617,-0.8864702919671826,-17.67253889726271,8.998874243003651e-05,5.09203579523998e-06,REDUCE
2012-10-09,SHV,SELL,87.32847595214844,-20.372570218074205,-1779.1055083725487,0.022564045536599048,1.268296433765137e-05,REDUCE
2012-10-09,QQQ,BUY,59.8156,0.4066,24.32,0.0,0.0,ADD
2012-10-09,TQQQ,BUY,0.5629,3091.2132,1740.06,0.0,0.0,OPEN
2012-10-09,XLK,BUY,12.6533,2.1959,27.79,0.0,0.0,ADD
2012-10-09,XLC,BUY,17.6145,0.2614,4.6,0.0,0.0,ADD
2012-10-16,QQQ,SELL,60.580413818359375,-0.14783087585846066,-8.95565563463606,0.7237500342197495,0.0879201085813166,REDUCE
2012-10-16,TQQQ,SELL,0.5864716172218323,-3091.2131600198622,-1812.9087811342592,72.84497335667209,0.041863392038312464,CLOSE
2012-10-16,XLK,SELL,12.779085159301758,-0.3686515236973149,-4.711029215434337,0.25759544432263076,0.057841983862786384,REDUCE
2012-10-16,XLC,SELL,17.77188166078019,-0.11894081516244748,-2.1138020917037466,0.13354124365684872,0.06743618841354082,REDUCE
2012-10-16,GLD,BUY,169.42,0.2611,44.24,0.0,0.0,ADD
2012-10-16,SHV,BUY,87.3205,20.4356,1784.45,0.0,0.0,ADD
2012-10-19,XLY,SELL,19.859113693237305,-0.4435991582312676,-8.809486117539109,-0.03399519338890728,-0.0038440962550460034,REDUCE
2012-10-19,GLD,SELL,166.97000122070312,-0.019449968767067814,-3.24756130877995,0.10990014320275919,0.0350261348830323,REDUCE
2012-10-19,SHV,SELL,87.32051086425781,-20.81358269395016,-1817.4526737512033,-0.09940210538270662,-5.4690100329546354e-05,REDUCE
2012-10-19,QQQ,BUY,58.4105,0.6048,35.33,0.0,0.0,ADD
2012-10-19,TQQQ,BUY,0.5239,3294.3273,1725.88,0.0,0.0,OPEN
2012-10-19,XLK,BUY,12.2802,3.9256,48.21,0.0,0.0,ADD
2012-10-19,XLC,BUY,17.3202,1.1605,20.1,0.0,0.0,ADD
2012-10-31,GLD,SELL,166.8300018310547,-5.562575471370458,-928.0044760741134,30.652030621187862,0.03415829619288191,REDUCE
2012-10-31,XLK,SELL,12.104070663452148,-165.3434498568558,-2001.3288008063398,3.140150958080539,0.0015714987462864816,CLOSE
2012-10-31,XLC,SELL,17.101524205104468,-117.22994447139277,-2004.8107329405761,52.25563505548629,0.026762694231823314,CLOSE
2012-10-31,QQQ,BUY,57.7613,0.0461,2.66,0.0,0.0,ADD
2012-10-31,TQQQ,BUY,0.5066,80.0796,40.57,0.0,0.0,ADD
2012-10-31,XLY,BUY,19.6417,0.1425,2.8,0.0,0.0,ADD
2012-10-31,BIL,BUY,73.18,12.3662,904.96,0.0,0.0,OPEN
2012-10-31,SHV,BUY,87.3205,45.6154,3983.16,0.0,0.0,ADD
2012-11-01,QQQ,SELL,58.57944869995117,-0.20874353140676002,-12.228080989488944,0.5919736288824587,0.05087385416248047,REDUCE
2012-11-01,TQQQ,SELL,0.528052568435669,-3374.4068634700584,-1781.864211202314,15.420660708544482,0.008729778375444752,CLOSE
2012-11-01,XLY,SELL,19.867639541625977,-0.45478059710292573,-9.03541697376636,-0.030788555958100542,-0.0033959693343766917,REDUCE
2012-11-01,GLD,BUY,166.07,0.1191,19.77,0.0,0.0,ADD
2012-11-01,BIL,BUY,73.18,0.0867,6.34,0.0,0.0,ADD
2012-11-01,SHV,BUY,87.3285,20.3486,1777.01,0.0,0.0,ADD
2012-11-07,GLD,SELL,166.49000549316406,-0.058685970411537926,-9.770627536188613,0.3002281369622612,0.03170173973726875,REDUCE
2012-11-07,BIL,SELL,73.18000030517578,-0.03919058939960138,-2.8679673442228477,0.0,0.0,REDUCE
2012-11-07,SHV,SELL,87.31258392333984,-19.986247382436677,-1745.0509018916337,-0.2267001422789132,-0.00012989345764524707,REDUCE
2012-11-07,QQQ,BUY,57.0676,0.6835,39.01,0.0,0.0,ADD
2012-11-07,TQQQ,BUY,0.4868,3525.1863,1715.93,0.0,0.0,OPEN
2012-11-07,XLY,BUY,19.7781,0.1392,2.75,0.0,0.0,ADD
2012-11-14,QQQ,SELL,55.351219177246094,-14.88162595118516,-823.7161397378432,-6.286581892492436,-0.007574170214941001,REDUCE
2012-11-14,TQQQ,SELL,0.4430968165397644,-3525.1863142707493,-1561.9988335629146,-153.92912275948234,-0.08970605216397642,CLOSE
2012-11-14,GLD,SELL,167.13999938964844,-5.277155711800341,-882.0238024493888,30.427212460443098,0.035729608147959,REDUCE
2012-11-14,BIL,SELL,73.18000030517578,-0.20234193235059122,-14.807382671166124,0.0,0.0,REDUCE
2012-11-14,XLY,BUY,19.1471,1.6451,31.5,0.0,0.0,ADD
2012-11-14,SHV,BUY,87.3126,37.1186,3240.92,0.0,0.0,ADD
2012-11-19,XLY,SELL,19.675785064697266,-2.2763551813122653,-44.78907527841011,-0.5618973325588658,-0.012389973140795707,REDUCE
2012-11-19,SHV,SELL,87.32051086425781,-18.746008934654178,-1636.9110768399441,-0.003134944365322563,-1.915154956066978e-06,REDUCE
2012-11-19,QQQ,BUY,56.7208,14.7228,835.09,0.0,0.0,ADD
2012-11-19,GLD,BUY,167.87,5.0767,852.22,0.0,0.0,ADD
2012-11-19,BIL,BUY,73.18,0.0617,4.52,0.0,0.0,ADD
2012-11-30,XLY,SELL,20.264142990112305,-2.3548360336084233,-47.71873410331,0.8042168345531389,0.017142174349702,REDUCE
2012-11-30,BIL,SELL,73.16402435302734,-12.273073342290536,-897.9474369018354,-0.1960740324306975,-0.00021831035913932872,CLOSE
2012-11-30,SHV,SELL,87.32847595214844,-45.3292789226594,-3958.5368443256903,0.3534711561335687,8.930135943918671e-05,REDUCE
2012-11-30,QQQ,BUY,58.5172,33.5675,1964.28,0.0,0.0,ADD
2012-11-30,USD,BUY,0.2737,3301.5304,903.53,0.0,0.0,OPEN
2012-11-30,GLD,BUY,166.05,0.172,28.56,0.0,0.0,ADD
2012-11-30,XLC,BUY,17.4503,115.0601,2007.84,0.0,0.0,OPEN
2012-12-05,USD,SELL,0.27542704343795776,-44.704871768105995,-12.312930658362461,0.07858757871727647,0.0064235225549647,REDUCE
2012-12-05,SHV,SELL,87.32215881347656,-19.870986263843196,-1735.1774183117268,0.029423299007168672,1.6957227332525804e-05,REDUCE
2012-12-05,QQQ,BUY,57.7168,0.4166,24.05,0.0,0.0,ADD
2012-12-05,TQQQ,BUY,0.5008,3383.1648,1694.37,0.0,0.0,OPEN
2012-12-05,XLY,BUY,20.0126,0.5226,10.46,0.0,0.0,ADD
2012-12-05,GLD,BUY,164.12,0.046,7.54,0.0,0.0,ADD
2012-12-05,XLC,BUY,17.2284,0.6429,11.08,0.0,0.0,ADD
2012-12-11,USD,SELL,0.29974713921546936,-211.97756554379617,-63.53966884961255,5.52795425386681,0.09529030976567965,REDUCE
2012-12-11,TQQQ,SELL,0.525279700756073,-3383.1648206544555,-1777.1078046018458,82.74077714812829,0.048832853689599,CLOSE
2012-12-11,QQQ,BUY,58.6684,0.0615,3.61,0.0,0.0,ADD
2012-12-11,XLY,BUY,20.1661,0.9683,19.53,0.0,0.0,ADD
2012-12-11,GLD,BUY,165.65,0.0833,13.8,0.0,0.0,ADD
2012-12-11,XLC,BUY,17.4386,0.6013,10.49,0.0,0.0,ADD
2012-12-11,SHV,BUY,87.33,20.5339,1793.23,0.0,0.0,ADD
2012-12-26,XLY,SELL,20.093778610229492,-0.5836250451635145,-11.72723244890085,0.0982481925323907,0.008448561831923218,REDUCE
2012-12-26,XLC,SELL,17.301621441508168,-0.17707907696369315,-3.0637551548375086,-0.02610748033958053,-0.008449398378541306,REDUCE
2012-12-26,SHV,SELL,87.33798217773438,-20.180015842789665,-1762.481864023961,0.2905394524646919,0.00016487395461184384,REDUCE
2012-12-26,QQQ,BUY,57.6805,0.486,28.03,0.0,0.0,ADD
2012-12-26,USD,BUY,0.2947,23.4081,6.9,0.0,0.0,ADD
2012-12-26,TQQQ,BUY,0.4983,3426.9455,1707.81,0.0,0.0,OPEN
2012-12-26,GLD,BUY,160.78,0.2148,34.53,0.0,0.0,ADD
2012-12-31,QQQ,SELL,58.24394226074219,-34.84988226316785,-2029.7945303296115,27.70865606396829,0.013839893892729105,REDUCE
2012-12-31,TQQQ,SELL,0.5126059651374817,-3426.945471475004,-1756.6726908789667,48.861889846472664,0.02861083313030477,CLOSE
2012-12-31,XLY,SELL,20.35550308227539,-0.37815717333843113,-7.697579507474984,0.16263245263544981,0.02158375519453637,REDUCE
2012-12-31,SMH,BUY,14.0247,144.5775,2027.66,0.0,0.0,OPEN
2012-12-31,USD,BUY,0.296,13.8823,4.11,0.0,0.0,ADD
2012-12-31,GLD,BUY,162.02,0.0156,2.53,0.0,0.0,ADD
2012-12-31,SHV,BUY,87.3617,20.1388,1759.36,0.0,0.0,ADD
2013-01-02,SMH,SELL,14.580004692077637,-2.7957780673387407,-40.76245733980659,1.5523935688162223,0.03959171242064552,REDUCE
2013-01-02,QQQ,SELL,60.0950813293457,-0.35258864844892124,-21.188843504342003,0.9330289464814955,0.04606227726938883,REDUCE
2013-01-02,USD,SELL,0.3196291923522949,-171.79724714955447,-54.9114153547597,7.851093779135301,0.16683043201306758,REDUCE
2013-01-02,XLY,SELL,20.780292510986328,-0.1346554549245164,-2.798179741531385,0.11511091450287216,0.04290270653636452,REDUCE
2013-01-02,XLC,SELL,17.928973257424534,-0.829053295063273,-14.864074356169112,0.3978774292917755,0.027503941174237934,REDUCE
2013-01-02,SHV,SELL,87.34590148925781,-46.03177357508082,-4020.68676006483,0.4925549438682187,0.00012252018652247898,REDUCE
2013-01-02,QLD,BUY,1.7844,2316.9564,4134.36,0.0,0.0,OPEN
2013-01-02,GLD,BUY,163.17,0.1309,21.36,0.0,0.0,ADD
2013-01-03,QLD,SELL,1.7678771018981934,-2316.9564141429096,-4096.094190659397,-38.26125910586842,-0.009254467732821792,CLOSE
2013-01-03,XLY,SELL,20.831787109375,-0.7651300797581473,-15.939026932500838,0.6934754858720034,0.04548707131386509,REDUCE
2013-01-03,XLC,SELL,17.89405057478187,-0.37945217857999414,-6.789936474221577,0.16885436483573008,0.025502532976651615,REDUCE
2013-01-03,USD,BUY,0.3167,11.6112,3.68,0.0,0.0,ADD
2013-01-03,GLD,BUY,161.2,0.0746,12.02,0.0,0.0,ADD
2013-01-03,SHV,BUY,87.3459,46.9756,4103.13,0.0,0.0,ADD
2013-01-09,QQQ,SELL,59.71055221557617,-0.12350801734211052,-7.3747319185483775,0.27933759233757727,0.039368860911040304,REDUCE
2013-01-09,XLY,SELL,20.831787109375,-0.5322108657888126,-11.086903453408695,0.4823692055812505,0.04548707131386509,REDUCE
2013-01-09,GLD,SELL,160.49000549316406,-0.010750590165570117,-1.7253622747271038,-0.043580224099469766,-0.02463631470688199,REDUCE
2013-01-09,XLC,SELL,17.82760823838308,-0.19360059980756103,-3.45143564808518,0.07328804448147828,0.02169474311995634,REDUCE
2013-01-09,SHV,SELL,87.34590148925781,-20.260575889234826,-1769.678265736737,0.06500265021715251,3.6732687063834035e-05,REDUCE
2013-01-09,SMH,BUY,14.0681,3.6019,50.67,0.0,0.0,ADD
2013-01-09,USD,BUY,0.3136,13.2696,4.16,0.0,0.0,ADD
2013-01-09,TQQQ,BUY,0.5498,3161.8194,1738.48,0.0,0.0,OPEN
2013-01-10,SMH,SELL,14.632060050964355,-4.00224684497379,-58.56111617443912,2.42633881879453,0.043223451362821796,REDUCE
2013-01-10,USD,SELL,0.3221742510795593,-45.74374809234846,-14.737457783224386,2.190964815788379,0.17462766858236423,REDUCE
2013-01-10,TQQQ,SELL,0.5595396757125854,-3161.8194185773555,-1769.163412132529,30.68020297570828,0.01764768438033326,CLOSE
2013-01-10,QQQ,BUY,60.0682,0.1581,9.5,0.0,0.0,ADD
2013-01-10,XLY,BUY,20.9519,0.5551,11.63,0.0,0.0,ADD
2013-01-10,GLD,BUY,161.98,0.0233,3.77,0.0,0.0,ADD
2013-01-10,XLC,BUY,17.9245,0.6868,12.31,0.0,0.0,ADD
2013-01-10,SHV,BUY,87.3459,20.6678,1805.25,0.0,0.0,ADD
2013-01-30,SMH,SELL,14.944392204284668,-1.6288815305058704,-24.34264444619521,1.4962520082826367,0.06549182818901733,REDUCE
2013-01-30,USD,SELL,0.3310799300670624,-50.79098366819902,-16.815875320904638,2.885037862729487,0.20709723097346422,REDUCE
2013-01-30,XLY,SELL,21.612703323364258,-2.101839216233718,-45.42642741387181,3.5342315594281155,0.08436491540591384,REDUCE
2013-01-30,XLC,SELL,18.14606764908948,-0.317228691485007,-5.756453295919073,0.2202147002261795,0.0397769526041567,REDUCE
2013-01-30,SHV,SELL,87.33798217773438,-19.67335028522061,-1718.2307165869233,-0.11200720817075807,-6.518327608329155e-05,REDUCE
2013-01-30,QQQ,BUY,59.9341,0.3465,20.77,0.0,0.0,ADD
2013-01-30,TQQQ,BUY,0.5554,3196.4347,1775.24,0.0,0.0,OPEN
2013-01-30,GLD,BUY,162.19,0.0898,14.56,0.0,0.0,ADD
2013-01-31,QQQ,SELL,59.799964904785156,-0.03740385731228147,-2.2367493545780235,0.08632990787348697,0.040145613454986906,REDUCE
2013-01-31,TQQQ,SELL,0.5518162846565247,-3196.434684373178,-1763.844711678058,-11.394189375575655,-0.006418397754134997,CLOSE
2013-01-31,XLC,SELL,18.118291033047438,-0.2267739385277875,-4.108756216956863,0.15112355423107787,0.03818534136692531,REDUCE
2013-01-31,SMH,BUY,14.8793,0.1201,1.79,0.0,0.0,ADD
2013-01-31,USD,BUY,0.3276,20.4968,6.71,0.0,0.0,ADD
2013-01-31,XLY,BUY,21.5097,0.123,2.64,0.0,0.0,ADD
2013-01-31,GLD,BUY,161.2,0.0287,4.63,0.0,0.0,ADD
2013-01-31,SHV,BUY,87.338,20.0877,1754.42,0.0,0.0,ADD
2013-02-04,SMH,SELL,14.987776756286621,-0.997305820084445,-14.947396989171011,0.9586380485667358,0.06852917064602204,REDUCE
2013-02-04,USD,SELL,0.3314717411994934,-33.468878064840446,-11.093987288146195,1.901434995051828,0.20684516491466964,REDUCE
2013-02-04,GLD,SELL,162.0,-0.05302834328512273,-8.590591612189883,-0.13311775409308768,-0.015259306391795513,REDUCE
2013-02-04,SHV,SELL,87.33241271972656,-20.246855204422225,-1768.2067149891454,-0.193940860773331,-0.00010967020405228123,REDUCE
2013-02-04,QQQ,BUY,59.4512,0.1767,10.51,0.0,0.0,ADD
2013-02-04,TQQQ,BUY,0.5409,3270.7272,1769.22,0.0,0.0,OPEN
2013-02-04,XLY,BUY,21.3681,0.6515,13.92,0.0,0.0,ADD
2013-02-04,XLC,BUY,18.0402,0.5096,9.19,0.0,0.0,ADD
2013-02-05,SMH,SELL,15.217690467834473,-0.4208943823471786,-6.405040430209738,0.5013447577923527,0.08492049482406117,REDUCE
2013-02-05,QQQ,SELL,60.32759094238281,-0.07267761454734556,-4.384465401080433,0.20524449463694658,0.049110707290084266,REDUCE
2013-02-05,USD,SELL,0.33969250321388245,-34.57124842381597,-11.743593916315035,2.248264901765963,0.23677588194375288,REDUCE
2013-02-05,TQQQ,SELL,0.5646888613700867,-3270.7271906948986,-1846.9432131656847,77.72541259763963,0.04393207697361179,CLOSE
2013-02-05,XLY,BUY,21.5955,0.1562,3.37,0.0,0.0,ADD
2013-02-05,GLD,BUY,161.96,0.1367,22.13,0.0,0.0,ADD
2013-02-05,XLC,BUY,18.2407,0.1309,2.39,0.0,0.0,ADD
2013-02-05,SHV,BUY,87.3404,21.0851,1841.58,0.0,0.0,ADD
2013-02-15,SMH,SELL,15.391207695007324,-1.309326043385419,-20.152109074227155,1.7867831865040267,0.09729112336081425,REDUCE
2013-02-15,QQQ,SELL,60.58694839477539,-0.07275664499687641,-4.408103095802744,0.2243376578830655,0.05362099314884494,REDUCE
2013-02-15,USD,SELL,0.3491852879524231,-70.88864657387668,-24.75327246645668,5.283017462551674,0.27133786699209117,REDUCE
2013-02-15,XLY,SELL,21.857276916503906,-0.9911399093336554,-21.66361946130428,1.8948797382164213,0.09585232871488492,REDUCE
2013-02-15,XLC,SELL,18.38206908792705,-0.67759304243239,-12.455562119490878,0.6279217688057848,0.053089352583282956,REDUCE
2013-02-15,SHV,SELL,87.33241271972656,-20.411912850479887,-1782.6215974571996,-0.18541999176512358,-0.00010400452205450161,REDUCE
2013-02-15,TQQQ,BUY,0.5714,3139.8978,1794.2,0.0,0.0,OPEN
2013-02-15,GLD,BUY,155.76,0.4613,71.85,0.0,0.0,ADD
2013-02-19,SMH,SELL,15.603771209716797,-0.9815767391525825,-15.31629886251676,1.548164646126417,0.11244549347023347,REDUCE
2013-02-19,QQQ,SELL,61.025123596191406,-0.019919793982185453,-1.215607889773537,0.07014900286738786,0.06124096086666042,REDUCE
2013-02-19,USD,SELL,0.3548608720302582,-25.962144497244797,-9.212949236067857,2.0821941964327193,0.292001924741375,REDUCE
2013-02-19,TQQQ,SELL,0.5838974118232727,-3139.897829662567,-1833.378216129484,39.173450137386375,0.021833321859294985,CLOSE
2013-02-19,XLY,BUY,21.9388,0.2717,5.96,0.0,0.0,ADD
2013-02-19,GLD,BUY,155.33,0.1076,16.71,0.0,0.0,ADD
2013-02-19,XLC,BUY,18.4781,0.1521,2.81,0.0,0.0,ADD
2013-02-19,SHV,BUY,87.3324,20.9961,1833.64,0.0,0.0,ADD
2013-02-20,SHV,SELL,87.33241271972656,-21.322790510644264,-1862.170741211854,-0.13504069587832376,-7.251263309726586e-05,REDUCE
2013-02-20,SMH,BUY,15.2741,1.0992,16.79,0.0,0.0,ADD
2013-02-20,QQQ,BUY,60.0861,0.0649,3.9,0.0,0.0,ADD
2013-02-20,USD,BUY,0.3386,91.9113,31.12,0.0,0.0,ADD
2013-02-20,TQQQ,BUY,0.5573,3197.9162,1782.08,0.0,0.0,OPEN
2013-02-20,XLY,BUY,21.6041,0.1995,4.31,0.0,0.0,ADD
2013-02-20,GLD,BUY,151.44,0.1409,21.34,0.0,0.0,ADD
2013-02-20,XLC,BUY,18.2108,0.1445,2.63,0.0,0.0,ADD
2013-02-27,USD,SELL,0.3433133661746979,-26.188026070696935,-8.990699383801712,1.7426526639624018,0.24043066102104782,REDUCE
2013-02-27,TQQQ,SELL,0.5571631789207458,-3197.916236208987,-1781.7611760884658,-0.3166043083872275,-0.00017766020757903345,CLOSE
2013-02-27,XLY,SELL,21.745731353759766,-0.21319579661528118,-4.63609851894671,0.38189374620733635,0.08976853880059621,REDUCE
2013-02-27,GLD,SELL,154.57000732421875,-0.1882163871069835,-29.09260833366443,-1.7555360617963205,-0.05690896798494771,REDUCE
2013-02-27,XLC,SELL,18.307644333175265,-0.11173395601051114,-2.0455855265790888,0.09497053864238958,0.04868748534678624,REDUCE
2013-02-27,SMH,BUY,15.2524,0.7922,12.08,0.0,0.0,ADD
2013-02-27,QQQ,BUY,60.1309,0.1067,6.41,0.0,0.0,ADD
2013-02-27,SHV,BUY,87.3324,20.7028,1808.03,0.0,0.0,ADD
2013-03-18,QQQ,SELL,61.27392578125,-0.2500564743565311,-15.321941850843132,0.9390439075117817,0.06528892238626849,REDUCE
2013-03-18,USD,SELL,0.34977245330810547,-22.660673399384645,-7.926079328516494,1.6542962220553983,0.2637680854032034,REDUCE
2013-03-18,XLY,SELL,22.460655212402344,-2.1025459367849755,-47.22455935436483,5.269412483831753,0.12559633029273676,REDUCE
2013-03-18,XLC,SELL,18.807440905920725,-1.8865952116132831,-35.482027955809826,2.54646362658937,0.0773165324005134,REDUCE
2013-03-18,SHV,SELL,87.33322143554688,-19.99088414428963,-1745.8683116656093,-0.0722948270507967,-4.1407380515612324e-05,REDUCE
2013-03-18,SMH,BUY,15.1656,2.2406,33.98,0.0,0.0,ADD
2013-03-18,TQQQ,BUY,0.5884,3073.8702,1808.52,0.0,0.0,OPEN
2013-03-18,GLD,BUY,155.38,0.06,9.32,0.0,0.0,ADD
2013-03-20,QQQ,SELL,61.5876579284668,-0.020254246321865267,-1.2474115940699448,0.08241573257057322,0.07074336939231918,REDUCE
2013-03-20,USD,SELL,0.35396701097488403,-20.454131470723798,-7.240087778779412,1.579008165015448,0.27892350448072745,REDUCE
2013-03-20,TQQQ,SELL,0.5971655249595642,-3073.8701680098084,-1835.609292537121,27.089540582364215,0.014978846956514635,CLOSE
2013-03-20,GLD,BUY,155.37,0.0523,8.13,0.0,0.0,ADD
2013-03-20,SHV,BUY,87.3332,21.0159,1835.39,0.0,0.0,ADD
2013-03-21,GLD,SELL,156.25,-0.1366210996746944,-21.347046824171002,-1.033587872935058,-0.04618224134048832,REDUCE
2013-03-21,SHV,SELL,87.34114074707031,-21.102359581999174,-1843.1041583466777,0.11379844546660867,6.17466308792114e-05,REDUCE
2013-03-21,SMH,BUY,15.0225,1.0984,16.5,0.0,0.0,ADD
2013-03-21,QQQ,BUY,60.8885,0.1571,9.56,0.0,0.0,ADD
2013-03-21,USD,BUY,0.3445,57.2957,19.74,0.0,0.0,ADD
2013-03-21,TQQQ,BUY,0.5781,3123.358,1805.47,0.0,0.0,OPEN
2013-03-21,XLY,BUY,22.3703,0.2225,4.98,0.0,0.0,ADD
2013-03-21,XLC,BUY,18.6982,0.4694,8.78,0.0,0.0,ADD
2013-03-22,QQQ,SELL,61.480079650878906,-0.04504145977274629,-2.7691525344203,0.17762693303315383,0.06854145409100987,REDUCE
2013-03-22,USD,SELL,0.35063111782073975,-25.83981652455692,-9.060243752288216,1.8724003228969168,0.26049542415470794,REDUCE
2013-03-22,TQQQ,SELL,0.593997061252594,-3123.358019075292,-1855.2654845704467,49.791572434176224,0.02757811791102638,CLOSE
2013-03-22,XLY,SELL,22.645713806152344,-0.3874430213832193,-8.773923778435346,1.0405180121728785,0.134548482728297,REDUCE
2013-03-22,XLC,SELL,18.872535417758694,-0.12865664116294825,-2.4280770170776123,0.18137176940494906,0.08072788791179009,REDUCE
2013-03-22,GLD,BUY,155.55,0.147,22.86,0.0,0.0,ADD
2013-03-22,SHV,BUY,87.3491,21.2323,1854.62,0.0,0.0,ADD
2013-04-01,SMH,SELL,15.169974327087402,-0.3578122822959712,-5.428003136346433,0.3939770769077227,0.07826282030642706,REDUCE
2013-04-01,USD,SELL,0.3501403033733368,-2748.3574701062184,-962.3107183613678,197.80207085036483,0.2587309790338481,CLOSE
2013-04-01,XLY,SELL,22.63710594177246,-0.05027215378340423,-1.1380160711159988,0.1345782944771595,0.13411722939906556,REDUCE
2013-04-01,SHV,SELL,87.33322143554688,-0.05102330697208951,-4.456029766167376,-0.000335435319481941,-7.527105708704518e-05,REDUCE
2013-04-01,SSO,BUY,4.2457,226.7674,962.78,0.0,0.0,OPEN
2013-04-01,GLD,BUY,154.67,0.0559,8.64,0.0,0.0,ADD
2013-04-01,XLC,BUY,18.8377,0.1063,2.0,0.0,0.0,ADD
2013-04-04,QQQ,SELL,61.336673736572266,-0.10882254898265725,-6.674813182131402,0.413550267482138,0.0660490180846054,REDUCE
2013-04-04,SSO,SELL,4.235726356506348,-0.6248102477157949,-2.6465252340650522,-0.006217558412352048,-0.002343822563568465,REDUCE
2013-04-04,XLY,SELL,22.74469566345215,-0.9261279199653598,-21.064497685038077,2.578881474976742,0.13950746600338437,REDUCE
2013-04-04,XLC,SELL,18.847946761897212,-0.639921862091418,-12.061213188473175,0.8855619984951268,0.07924030407187987,REDUCE
2013-04-04,SHV,SELL,87.34114074707031,-21.077482263728054,-1840.9313449901501,0.028352433931737486,1.5401373155699005e-05,REDUCE
2013-04-04,SMH,BUY,14.862,2.1897,32.54,0.0,0.0,ADD
2013-04-04,TQQQ,BUY,0.5895,3069.041,1809.33,0.0,0.0,OPEN
2013-04-04,GLD,BUY,150.29,0.281,42.24,0.0,0.0,ADD
2013-04-08,SMH,SELL,14.93138313293457,-0.4036486284950375,-6.027032323142976,0.3432449809832771,0.06039018709184374,REDUCE
2013-04-08,SSO,SELL,4.2550435066223145,-0.6126817530653031,-2.6069875150064945,0.0057383990257781434,0.0022060167134798636,REDUCE
2013-04-08,TQQQ,SELL,0.5838974118232727,-3069.040986803653,-1792.0050889741958,-17.320275768848077,-0.009572781162722421,CLOSE
2013-04-08,XLY,SELL,22.89101791381836,-0.42722472597922223,-9.779608855616516,1.2521558443781597,0.14683819925221986,REDUCE
2013-04-08,GLD,SELL,152.16000366210938,-0.12608890112783472,-19.185687657362678,-1.4117271597795387,-0.06853904591000559,REDUCE
2013-04-08,QQQ,BUY,61.1484,0.1452,8.88,0.0,0.0,ADD
2013-04-08,SHV,BUY,87.3491,20.837,1820.09,0.0,0.0,ADD
2013-04-17,SMH,SELL,14.935718536376953,-2.184925669702587,-32.63343482558275,1.867436904774654,0.06069807680483663,REDUCE
2013-04-17,QQQ,SELL,61.04985046386719,-0.3978638878074791,-24.289530855619432,1.3908161438535003,0.06073773839973917,REDUCE
2013-04-17,XLY,SELL,22.89101791381836,-1.3985504384811778,-32.01424314065116,4.099020957150811,0.14683819925221986,REDUCE
2013-04-17,XLC,SELL,18.802347099237537,-1.2205958459795743,-22.950066763995437,1.6334744943986623,0.07662925076108151,REDUCE
2013-04-17,SHV,SELL,87.34906768798828,-21.484843176470655,-1876.6810208873485,0.13955219071203834,7.436669694760312e-05,REDUCE
2013-04-17,SSO,BUY,4.186,0.2799,1.17,0.0,0.0,ADD
2013-04-17,TQQQ,BUY,0.5789,3083.9438,1785.44,0.0,0.0,OPEN
2013-04-17,GLD,BUY,132.87,1.5247,202.59,0.0,0.0,ADD
2013-04-22,SMH,SELL,15.265406608581543,-1.328420202785921,-20.278874542581434,1.5733534515896324,0.08411171460747635,REDUCE
2013-04-22,SSO,SELL,4.245677471160889,-0.41057710721540763,-1.743177974278865,3.0389834818007413e-05,1.743388516795008e-05,REDUCE
2013-04-22,TQQQ,SELL,0.5945912599563599,-3083.94384406649,-1833.686055878154,48.24562794166275,0.027021695704192217,CLOSE
2013-04-22,GLD,SELL,137.89999389648438,-0.3293415016125026,-45.416191062223106,-7.244574192066087,-0.13757062126012343,REDUCE
2013-04-22,QQQ,BUY,61.6594,0.0705,4.35,0.0,0.0,ADD
2013-04-22,XLY,BUY,23.0115,0.6531,15.03,0.0,0.0,ADD
2013-04-22,XLC,BUY,18.8393,1.1654,21.96,0.0,0.0,ADD
2013-04-22,SHV,BUY,87.3491,21.2915,1859.79,0.0,0.0,ADD
2013-04-30,SMH,SELL,16.07227325439453,-4.019000399608637,-64.59447263203083,8.002818438633325,0.14141340366698452,REDUCE
2013-04-30,QQQ,SELL,63.389305114746094,-0.15898079013342717,-10.07768181315123,0.9261085776392015,0.10119665261984712,REDUCE
2013-04-30,SSO,SELL,4.437091827392578,-225.39926056918085,-1000.1172169718426,43.16133781585659,0.04510274585900853,CLOSE
2013-04-30,GLD,SELL,142.77000427246094,-0.16249263671185563,-23.199074437595073,-2.7830339682308156,-0.10711347688807216,REDUCE
2013-04-30,XLC,SELL,19.42830419449952,-0.9612038581388198,-18.674560948847557,1.874365425926456,0.11156807213161257,REDUCE
2013-04-30,SHV,SELL,87.35697937011719,-48.228803162267695,-4213.122562891662,0.5987088218819353,0.00014212591848083989,REDUCE
2013-04-30,USD,BUY,0.3821,2560.6027,978.49,0.0,0.0,OPEN
2013-04-30,QLD,BUY,1.9691,2208.5369,4348.83,0.0,0.0,OPEN
2013-04-30,XLY,BUY,23.5021,0.1051,2.47,0.0,0.0,ADD
2013-05-24,QQQ,SELL,65.80046081542969,-0.16943883590163272,-11.149153482357406,1.3955731007760577,0.14308315984266207,REDUCE
2013-05-24,USD,SELL,0.403524249792099,-58.14305274817882,-23.462131740831296,1.2438457262206513,0.0559829739072899,REDUCE
2013-05-24,QLD,SELL,2.1208038330078125,-92.35153912966587,-195.85949817036635,14.010093620219948,0.07704228482286046,REDUCE
2013-05-24,XLY,SELL,24.444625854492188,-0.7202689510374105,-17.60670502271705,3.211644190703782,0.2231073719092167,REDUCE
2013-05-24,XLC,SELL,20.09987625142273,-0.2771246982463316,-5.570172140964132,0.7265075266919689,0.1499912947216182,REDUCE
2013-05-24,SHV,SELL,87.34906768798828,-21.15746952862878,-1848.085237962745,0.09525609995303028,5.154578806587651e-05,CLOSE
2013-05-24,SMH,BUY,16.4497,1.1267,18.53,0.0,0.0,ADD
2013-05-24,TQQQ,BUY,0.72,2649.0117,1907.41,0.0,0.0,OPEN
2013-05-24,GLD,BUY,133.76,1.3142,175.79,0.0,0.0,ADD
2013-05-30,SMH,SELL,16.818410873413086,-1.064253986586237,-17.899060820075192,2.892451962528429,0.192745209126566,REDUCE
2013-05-30,USD,SELL,0.4216790199279785,-73.16139841152776,-30.850626778733385,2.8933593442827616,0.10349220828060579,REDUCE
2013-05-30,TQQQ,SELL,0.7355898022651672,-2649.0116658534357,-1948.58596748325,41.18001959082894,0.021589541353968622,CLOSE
2013-05-30,GLD,SELL,136.6999969482422,-0.1052112735091202,-14.382380767617406,-2.1871578239538327,-0.13199871631105153,REDUCE
2013-05-30,QQQ,BUY,66.2666,0.2117,14.03,0.0,0.0,ADD
2013-05-30,QLD,BUY,2.149,2.3897,5.14,0.0,0.0,ADD
2013-05-30,XLY,BUY,24.4274,1.3912,33.98,0.0,0.0,ADD
2013-05-30,XLC,BUY,20.1785,1.1706,23.62,0.0,0.0,ADD
2013-05-30,SHV,BUY,87.3411,22.1539,1934.95,0.0,0.0,OPEN
2013-05-31,QQQ,SELL,65.65703582763672,-0.1014401050104629,-6.660256609031194,0.8145551771415134,0.13934258987260661,REDUCE
2013-05-31,USD,SELL,0.4169686436653137,-2429.2982416336163,-1012.9411928725006,84.63006030822295,0.09116562038252085,CLOSE
2013-05-31,XLY,SELL,24.151981353759766,-0.1286196168582516,-3.106418588088218,0.5273404754187241,0.20446859396317252,REDUCE
2013-05-31,XLC,SELL,19.97006098764041,-0.26322100364551415,-5.256539496028836,0.6485122858467693,0.14073534210340433,REDUCE
2013-05-31,SHV,SELL,87.34906768798828,-0.28201244254795244,-24.633523932976004,0.0022354959702096753,9.075838545458126e-05,REDUCE
2013-05-31,QLD,BUY,2.1092,492.28,1038.3,0.0,0.0,ADD
2013-05-31,GLD,BUY,133.92,0.1068,14.3,0.0,0.0,ADD
2013-06-04,SMH,SELL,16.818410873413086,-1.6378136394537735,-27.545422722413605,4.451284501070582,0.192745209126566,REDUCE
2013-06-04,GLD,SELL,135.22999572753906,-0.12606447144971322,-17.04769793553919,-2.783725965259185,-0.14036944493668546,REDUCE
2013-06-04,SHV,SELL,87.35697937011719,-21.871897284309373,-1910.662879850736,0.3464207364061452,0.00018134206756870164,CLOSE
2013-06-04,QQQ,BUY,65.433,0.1156,7.56,0.0,0.0,ADD
2013-06-04,TQQQ,BUY,0.708,2700.0415,1911.53,0.0,0.0,OPEN
2013-06-04,QLD,BUY,2.096,17.2508,36.16,0.0,0.0,ADD
2013-06-07,QQQ,SELL,65.78250885009766,-0.030268412789795456,-1.9911321322231288,0.24591559381703174,0.1409083563015201,REDUCE
2013-06-07,TQQQ,SELL,0.7179655432701111,-2700.041525677182,-1938.5367808346775,27.002642597393493,0.014126162885217397,CLOSE
2013-06-07,QLD,SELL,2.1159005165100098,-12.949764565533796,-27.400413532895982,1.5483957304052351,0.05989457930266684,REDUCE
2013-06-07,XLY,SELL,24.461849212646484,-0.7332751743068877,-17.937266745272154,3.2336468868564934,0.21992182319687115,REDUCE
2013-06-07,XLC,SELL,20.120452205893905,-0.29953936942327625,-6.026867566264627,0.7830399624382335,0.14932603083039053,REDUCE
2013-06-07,SMH,BUY,16.6189,2.1875,36.35,0.0,0.0,ADD
2013-06-07,GLD,BUY,133.28,0.2685,35.78,0.0,0.0,ADD
2013-06-07,SHV,BUY,87.3491,21.978,1919.75,0.0,0.0,OPEN
2013-06-13,SMH,SELL,16.493061065673828,-0.09644293243756796,-1.5906391740454637,0.22682771591179623,0.16631896920869305,REDUCE
2013-06-13,QLD,SELL,2.0775914192199707,-2130.012025443541,-4425.294706896851,173.08544682711124,0.04070482806489917,REDUCE
2013-06-13,XLY,SELL,24.328432083129883,-0.26180272166493856,-6.369249733204015,1.1195865342576368,0.21326825966327534,REDUCE
2013-06-13,GLD,SELL,133.74000549316406,-0.16831371458780073,-22.510277113547318,-3.8920525674894413,-0.14741322506418342,REDUCE
2013-06-13,XLC,SELL,20.030941338810727,-0.43132494784607966,-8.639844728270418,1.0889385749689693,0.144212966346146,REDUCE
2013-06-13,SHV,BUY,87.3491,51.1031,4463.81,0.0,0.0,ADD
2013-06-14,GLD,SELL,134.42999267578125,-0.10621862937208572,-14.278969568521006,-2.382888782224015,-0.14301458649223642,REDUCE
2013-06-14,SHV,SELL,87.35697937011719,-21.920795454434096,-1914.934476289558,0.1734303656482556,9.057546163138142e-05,REDUCE
2013-06-14,SMH,BUY,16.4323,0.1829,3.0,0.0,0.0,ADD
2013-06-14,QQQ,BUY,64.7876,0.1342,8.69,0.0,0.0,ADD
2013-06-14,TQQQ,BUY,0.6852,2772.0957,1899.41,0.0,0.0,OPEN
2013-06-14,QLD,BUY,2.0522,4.864,9.98,0.0,0.0,ADD
2013-06-14,XLY,BUY,24.251,0.0779,1.89,0.0,0.0,ADD
2013-06-14,XLC,BUY,19.923,0.3425,6.82,0.0,0.0,ADD
2013-06-17,SMH,SELL,16.571142196655273,-0.17448669432116706,-2.8914438230203814,0.4234682550315924,0.17158527034231796,REDUCE
2013-06-17,QQQ,SELL,65.41504669189453,-0.0734971923495587,-4.807822269269536,0.5677216347003585,0.13389343405478926,REDUCE
2013-06-17,TQQQ,SELL,0.7042014598846436,-2772.095679493025,-1952.113824438901,52.700203005670296,0.027745511778474397,CLOSE
2013-06-17,SHV,SELL,87.35697937011719,-29.2616230580252,-2556.207001816053,0.23150866021096903,9.057546163138142e-05,REDUCE
2013-06-17,QLD,BUY,2.0899,2148.4312,4489.9,0.0,0.0,ADD
2013-06-17,XLY,BUY,24.3844,0.1514,3.69,0.0,0.0,ADD
2013-06-17,GLD,BUY,133.77,0.1677,22.43,0.0,0.0,ADD
2013-06-20,SMH,SELL,16.06793785095215,-1.1014091442321923,-17.697373677993255,2.1188169926269116,0.1360085555690287,REDUCE
2013-06-20,QQQ,SELL,63.66716766357422,-0.3458372070176498,-22.018475443494935,2.066902954046317,0.10359599250331764,REDUCE
2013-06-20,XLY,SELL,23.717315673828125,-1.0318268802861577,-24.472163840488065,3.7709996762025524,0.18216365254995814,REDUCE
2013-06-20,XLC,SELL,19.535602552295465,-1.3615767361020856,-26.59922196094203,2.7529960305122674,0.11544787164828518,REDUCE
2013-06-20,SHV,SELL,87.34114074707031,-21.898668349076495,-1912.654674450104,-0.17358945018532165,-9.075014911763546e-05,CLOSE
2013-06-20,TQQQ,BUY,0.6467,2845.1242,1839.87,0.0,0.0,OPEN
2013-06-20,QLD,BUY,1.9755,45.9724,90.82,0.0,0.0,ADD
2013-06-20,GLD,BUY,123.6,0.5886,72.75,0.0,0.0,ADD
2013-06-21,SMH,SELL,16.05058479309082,-0.34321394039957576,-5.50878445255421,0.6542961330023953,0.13478168860087036,REDUCE
2013-06-21,QLD,SELL,1.9583724737167358,-2188.8385975627043,-4286.561258875544,-246.35613450107715,-0.05434825149495248,REDUCE
2013-06-21,XLY,SELL,23.76308250427246,-0.5059674632956488,-12.02334657477195,1.8723069773488519,0.18444485014363932,REDUCE
2013-06-21,GLD,SELL,125.05000305175781,-0.22593976331499738,-28.25376809205386,-6.832046879912913,-0.19472390438619291,REDUCE
2013-06-21,XLC,SELL,19.495577632984155,-0.17499782564709296,-3.4116836955063263,0.3468269180168075,0.11316252053412423,REDUCE
2013-06-21,QQQ,BUY,63.3291,0.049,3.1,0.0,0.0,ADD
2013-06-21,TQQQ,BUY,0.6376,30.1934,19.25,0.0,0.0,ADD
2013-06-21,SHV,BUY,87.3411,49.3858,4313.41,0.0,0.0,OPEN
2013-06-27,SMH,SELL,16.26748275756836,-1.3174904765040263,-21.43225360978977,2.7973982718524075,0.15011644690138182,REDUCE
2013-06-27,QQQ,SELL,63.99445343017578,-0.1985355551620845,-12.70517433905411,1.2496362833021406,0.10908577818173137,REDUCE
2013-06-27,TQQQ,SELL,0.6554856896400452,-2875.3175861181967,-1884.729530870836,25.611367828239526,0.013776083918369375,CLOSE
2013-06-27,QLD,SELL,1.998213768005371,-8.144177974806247,-16.273808558343944,-0.5921613847397448,-0.03510983280167501,REDUCE
2013-06-27,XLY,SELL,24.263900756835938,-1.5554552946874476,-37.741412901991225,6.534883957327599,0.20940758803760118,REDUCE
2013-06-27,XLC,SELL,19.76778927805638,-1.1332245477441303,-22.40134406452671,2.554406408425675,0.1287053172981798,REDUCE
2013-06-27,GLD,BUY,115.94,1.2084,140.11,0.0,0.0,ADD
2013-06-27,SHV,BUY,87.3411,21.2406,1855.18,0.0,0.0,ADD
2013-07-01,QLD,SELL,2.0288615226745605,-487.42898491859825,-988.9259125376626,-20.502250065874996,-0.020310756946779862,CLOSE
2013-07-01,XLY,SELL,24.518627166748047,-0.15109484845822174,-3.7046382561634346,0.6732777420391636,0.22210414726394445,REDUCE
2013-07-01,GLD,SELL,121.12999725341797,-0.5464421974464405,-66.19054187583902,-17.028127551855793,-0.20461907969642334,REDUCE
2013-07-01,SMH,BUY,16.3065,0.8477,13.82,0.0,0.0,ADD
2013-07-01,QQQ,BUY,64.48,0.0342,2.21,0.0,0.0,ADD
2013-07-01,BIL,BUY,73.164,13.4294,982.55,0.0,0.0,OPEN
2013-07-01,XLC,BUY,19.8811,0.3323,6.61,0.0,0.0,ADD
2013-07-01,SHV,BUY,87.3491,0.6141,53.64,0.0,0.0,ADD
2013-07-03,SMH,SELL,16.406301498413086,-0.47454478104670944,-7.785524752350739,1.0669699174690692,0.1588094379954348,REDUCE
2013-07-03,QQQ,SELL,64.76779174804688,-0.054723349831221055,-3.5443105256240415,0.38632230961942715,0.12233177681333784,REDUCE
2013-07-03,XLY,SELL,24.674055099487305,-0.3350420672958949,-8.266846429105044,1.5450203461187084,0.22985128253010312,REDUCE
2013-07-03,XLC,SELL,20.01850997767504,-0.475172431427426,-9.512244059646036,1.1868198871117244,0.14255368405456847,REDUCE
2013-07-03,SHV,SELL,87.34906768798828,-49.93905412942358,-4362.129819425131,0.3924515630171539,8.997597285631542e-05,REDUCE
2013-07-03,QLD,BUY,2.0466,2139.1275,4378.02,0.0,0.0,OPEN
2013-07-03,GLD,BUY,120.74,0.0887,10.71,0.0,0.0,ADD
2013-07-03,BIL,BUY,73.164,0.0343,2.51,0.0,0.0,ADD
2013-07-05,SMH,SELL,16.627540588378906,-0.9533325271166716,-15.851575288854292,2.3543941689143617,0.17443599133719268,REDUCE
2013-07-05,QQQ,SELL,65.26232147216797,-0.039682560134496225,-2.5897759963361295,0.29976528478175385,0.13090125878856007,REDUCE
2013-07-05,QLD,SELL,2.0763652324676514,-2139.1275316412443,-4441.610034514226,63.593375932664486,0.014525613055403008,CLOSE
2013-07-05,XLY,SELL,24.94173812866211,-0.4041747193489845,-10.080820008227874,1.9720108890305201,0.2431936502687979,REDUCE
2013-07-05,XLC,SELL,20.191714645584042,-0.2611257683465301,-5.272577001062018,0.697431979847054,0.15243931648353426,REDUCE
2013-07-05,GLD,BUY,118.09,0.4442,52.45,0.0,0.0,ADD
2013-07-05,BIL,BUY,73.164,0.0841,6.15,0.0,0.0,ADD
2013-07-05,SHV,BUY,87.357,50.5604,4416.8,0.0,0.0,ADD
2013-07-11,SMH,SELL,16.965900421142578,-0.2568064978949233,-4.35695347078763,0.7211142265854306,0.19833501377579799,REDUCE
2013-07-11,QQQ,SELL,67.41131591796875,-0.40431082428259857,-27.255124704768605,3.923058546071812,0.16814021181786898,REDUCE
2013-07-11,XLY,SELL,25.662742614746094,-0.9043406471145602,-23.207861262953884,5.064406625328224,0.2791313300844991,REDUCE
2013-07-11,GLD,SELL,124.23999786376953,-0.5079674701295289,-63.10987740375708,-13.672962343816714,-0.17807315265711765,REDUCE
2013-07-11,XLC,SELL,20.72014280520422,-0.8291028933622955,-17.179130350674768,2.6525441824053537,0.18259928049711616,REDUCE
2013-07-11,SHV,SELL,87.34114074707031,-50.031596684097906,-4369.816727786451,-0.5585508963615864,-0.00012780387512389968,REDUCE
2013-07-11,QLD,BUY,2.2189,2021.8715,4486.28,0.0,0.0,OPEN
2013-07-11,BIL,BUY,73.1321,0.2549,18.64,0.0,0.0,ADD
2013-07-19,QLD,SELL,2.193132162094116,-2021.871458368234,-4434.231322967509,-52.0519447504525,-0.011602465034921794,CLOSE
2013-07-19,XLY,SELL,25.7188720703125,-0.6142881420498485,-15.798798139690007,3.474560502828698,0.28192904139047315,REDUCE
2013-07-19,GLD,SELL,125.11000061035156,-0.18072385848386055,-22.61036204522088,-4.707314539445141,-0.17231752945224688,REDUCE
2013-07-19,BIL,SELL,73.14802551269531,-0.07001769993320006,-5.1216565010539625,-0.0010789039161276924,-0.00021061090039531383,REDUCE
2013-07-19,SMH,BUY,16.736,1.1654,19.5,0.0,0.0,ADD
2013-07-19,TQQQ,BUY,0.755,2513.1374,1897.41,0.0,0.0,OPEN
2013-07-19,XLC,BUY,20.5938,0.1353,2.79,0.0,0.0,ADD
2013-07-19,SHV,BUY,87.3491,29.2808,2557.65,0.0,0.0,ADD
2013-07-25,QQQ,SELL,67.41131591796875,-0.03379376670546446,-2.278082283440199,0.3279034775115602,0.16814021181786898,REDUCE
2013-07-25,TQQQ,SELL,0.7641063332557678,-2513.1373842439184,-1920.304191642612,22.892518871096435,0.012065130197948859,CLOSE
2013-07-25,GLD,SELL,128.6699981689453,-0.36535402358631625,-47.01010154586811,-8.215717219664407,-0.1487658744281396,REDUCE
2013-07-25,SMH,BUY,16.6319,1.3287,22.1,0.0,0.0,ADD
2013-07-25,XLY,BUY,25.6153,0.6717,17.21,0.0,0.0,ADD
2013-07-25,BIL,BUY,73.1321,0.0535,3.91,0.0,0.0,ADD
2013-07-25,XLC,BUY,20.6146,0.2892,5.96,0.0,0.0,ADD
2013-07-25,SHV,BUY,87.3491,21.9901,1920.82,0.0,0.0,ADD
2013-07-26,QQQ,SELL,67.77099609375,-0.12973744286131447,-8.792435733367256,1.305516219224986,0.1743729469455304,REDUCE
2013-07-26,XLY,SELL,25.69728660583496,-0.21655704969387665,-5.5649285724975925,1.2109894410829827,0.2781365114513046,REDUCE
2013-07-26,XLC,SELL,20.67689399993733,-0.2497390806501982,-5.163828498245948,0.7851770930528679,0.17931938864136288,REDUCE
2013-07-26,SHV,SELL,87.34906768798828,-51.283368474223444,-4479.554424122988,-0.04957410640707418,-1.1066626966704796e-05,REDUCE
2013-07-26,SMH,BUY,16.5364,0.8749,14.47,0.0,0.0,ADD
2013-07-26,QLD,BUY,2.2367,2004.8466,4484.14,0.0,0.0,OPEN
2013-07-31,SMH,SELL,16.727310180664062,-135.58371610010323,-2267.9508746535225,339.9982525892518,0.17635197499055422,CLOSE
2013-07-31,BIL,SELL,73.14802551269531,-13.786119380413298,-1008.4274121595353,-0.21075266307172594,-0.00020894773807100808,CLOSE
2013-07-31,QQQ,BUY,68.1307,32.9805,2246.98,0.0,0.0,ADD
2013-07-31,QLD,BUY,2.2612,433.2602,979.67,0.0,0.0,ADD
2013-07-31,XLY,BUY,25.6325,0.5373,13.77,0.0,0.0,ADD
2013-07-31,GLD,BUY,127.96,0.1468,18.78,0.0,0.0,ADD
2013-07-31,XLC,BUY,20.6512,0.5282,10.91,0.0,0.0,ADD
2013-07-31,SHV,BUY,87.357,0.077,6.73,0.0,0.0,ADD
2013-08-09,QLD,SELL,2.3037705421447754,-21.727763409763106,-50.05578129010337,1.3636794665088368,0.02800617380307968,REDUCE
2013-08-09,XLY,SELL,25.939062118530273,-0.19070567947180728,-4.946726466175733,1.1060850210320328,0.28799486669879637,REDUCE
2013-08-09,SHV,SELL,87.34906768798828,-21.894799223707675,-1912.490299406555,-0.021700092336592553,-1.1346382319366022e-05,CLOSE
2013-08-09,QQQ,BUY,68.7781,0.0156,1.08,0.0,0.0,ADD
2013-08-09,TQQQ,BUY,0.8116,2379.5609,1931.33,0.0,0.0,OPEN
2013-08-09,GLD,BUY,126.86,0.2766,35.08,0.0,0.0,ADD
2013-08-13,TQQQ,SELL,0.8302497267723083,-2379.5608649648934,-1975.6297579751804,44.29696144009266,0.022935954652436807,CLOSE
2013-08-13,QLD,SELL,2.33809494972229,-11.258898235656533,-26.324373104225742,1.0930868013869985,0.043322674407765493,REDUCE
2013-08-13,QQQ,BUY,69.3266,0.1331,9.23,0.0,0.0,ADD
2013-08-13,XLY,BUY,25.9045,1.0089,26.13,0.0,0.0,ADD
2013-08-13,GLD,BUY,127.74,0.0491,6.27,0.0,0.0,ADD
2013-08-13,XLC,BUY,20.9791,0.4454,9.34,0.0,0.0,ADD
2013-08-13,SHV,BUY,87.357,22.3334,1950.98,0.0,0.0,OPEN
2013-08-15,GLD,SELL,131.69000244140625,-0.7559065842838832,-99.54533992981965,-14.15725740480523,-0.12451129294030683,REDUCE
2013-08-15,SHV,SELL,87.35697937011719,-22.33336405072037,-1950.9752226440962,0.0,0.0,CLOSE
2013-08-15,QQQ,BUY,67.8969,0.0326,2.22,0.0,0.0,ADD
2013-08-15,TQQQ,BUY,0.7799,2451.4424,1911.76,0.0,0.0,OPEN
2013-08-15,QLD,BUY,2.2446,49.8,111.78,0.0,0.0,ADD
2013-08-15,XLY,BUY,25.1706,0.7507,18.9,0.0,0.0,ADD
2013-08-15,XLC,BUY,20.5037,0.2862,5.87,0.0,0.0,ADD
2013-08-22,TQQQ,SELL,0.7989603281021118,-2451.4423722051456,-1958.6052020204424,46.84683027238035,0.02450457702431552,CLOSE
2013-08-22,QLD,SELL,2.279557704925537,-11.222056277509035,-25.581324852503712,0.43177956624340275,0.017168484015466223,REDUCE
2013-08-22,QQQ,BUY,68.4814,0.1406,9.63,0.0,0.0,ADD
2013-08-22,XLY,BUY,25.2612,0.6518,16.46,0.0,0.0,ADD
2013-08-22,GLD,BUY,132.81,0.0348,4.62,0.0,0.0,ADD
2013-08-22,XLC,BUY,20.5378,1.0142,20.83,0.0,0.0,ADD
2013-08-22,SHV,BUY,87.3411,22.1275,1932.64,0.0,0.0,OPEN
2013-08-30,QQQ,SELL,67.86095428466797,-0.045314939301858426,-3.0751150243759184,0.20384589048952556,0.0709950481770445,REDUCE
2013-08-30,GLD,SELL,134.6199951171875,-0.33621154322096075,-45.26079630674781,-5.2975961663725,-0.10478173666595514,REDUCE
2013-08-30,SHV,SELL,87.35697937011719,-22.127487910325918,-1932.9905048948588,0.35046893998593603,0.00018134206756870164,CLOSE
2013-08-30,TQQQ,BUY,0.7763,2465.2235,1913.72,0.0,0.0,OPEN
2013-08-30,QLD,BUY,2.2376,21.4796,48.06,0.0,0.0,ADD
2013-08-30,XLY,BUY,24.9029,0.4013,9.99,0.0,0.0,ADD
2013-08-30,XLC,BUY,20.2504,0.4717,9.55,0.0,0.0,ADD
2013-09-03,TQQQ,SELL,0.7890585660934448,-17.91520476755212,-14.136145785155122,0.22882516560785435,0.016453576635475864,REDUCE
2013-09-03,QLD,SELL,2.260863780975342,-455.4621348906054,-1029.7378443798752,9.023906153352385,0.008840778807264416,REDUCE
2013-09-03,QQQ,BUY,68.2476,0.2057,14.04,0.0,0.0,ADD
2013-09-03,XLY,BUY,25.0799,0.1758,4.41,0.0,0.0,ADD
2013-09-03,GLD,BUY,136.42,7.4336,1014.09,0.0,0.0,ADD
2013-09-03,XLC,BUY,20.3321,0.5575,11.34,0.0,0.0,ADD
2013-09-04,TQQQ,SELL,0.8148032426834106,-2447.308247281168,-1994.0746957305498,94.2638428037496,0.049617488319181335,CLOSE
2013-09-04,QLD,SELL,2.3117380142211914,-20.584757909432252,-47.58656737277488,1.4550721207651875,0.031541837367645265,REDUCE
2013-09-04,QQQ,BUY,68.9759,0.0827,5.7,0.0,0.0,ADD
2013-09-04,XLY,BUY,25.3433,0.137,3.47,0.0,0.0,ADD
2013-09-04,GLD,BUY,134.66,0.5468,73.63,0.0,0.0,ADD
2013-09-04,XLC,BUY,20.5359,0.2219,4.56,0.0,0.0,ADD
2013-09-04,SHV,BUY,87.3649,22.3694,1954.3,0.0,0.0,OPEN
2013-09-25,QQQ,SELL,70.85150909423828,-0.43034737976613635,-30.490761291182025,3.2126125696276295,0.1177723826649979,REDUCE
2013-09-25,QLD,SELL,2.438619375228882,-65.73661734982768,-160.30658873129687,12.987467248347453,0.0881587340299923,REDUCE
2013-09-25,XLY,SELL,26.101795196533203,-0.8726224813415638,-22.777013291868116,5.045188540320813,0.284527318029159,REDUCE
2013-09-25,XLC,SELL,21.08573452551532,-0.7361594584676749,-15.522462909696515,2.545824352615558,0.19618519398664924,REDUCE
2013-09-25,SHV,SELL,87.372802734375,-22.369383466003256,-1954.4757288646922,0.17732078110639482,9.073372846901684e-05,CLOSE
2013-09-25,TQQQ,BUY,0.8817,2260.7991,1993.43,0.0,0.0,OPEN
2013-09-25,GLD,BUY,128.79,1.4764,190.14,0.0,0.0,ADD
2013-09-26,TQQQ,SELL,0.9019367694854736,-2260.799100367263,-2039.097837040914,45.666691441795905,0.022908587308176687,CLOSE
2013-09-26,QLD,SELL,2.4747824668884277,-11.654560584254366,-28.842502193201653,2.724035868638586,0.10429539907849694,REDUCE
2013-09-26,XLY,SELL,26.348602294921875,-0.06902133621567419,-1.8186157378108874,0.4160914342742836,0.296673243540285,REDUCE
2013-09-26,QQQ,BUY,71.4016,0.0556,3.97,0.0,0.0,ADD
2013-09-26,GLD,BUY,127.79,0.3923,50.14,0.0,0.0,ADD
2013-09-26,XLC,BUY,21.2246,0.2316,4.92,0.0,0.0,ADD
2013-09-26,SHV,BUY,87.3728,23.0133,2010.73,0.0,0.0,OPEN
2013-09-30,QQQ,SELL,71.14008331298828,-0.030739671940337467,-2.1868228228495354,0.2381236013630451,0.12219618027116663,REDUCE
2013-09-30,XLY,SELL,26.253345489501953,-0.049326710389789294,-1.294991169723744,0.2926647308525079,0.2919854445644381,REDUCE
2013-09-30,GLD,SELL,128.17999267578125,-8.443295342813792,-1082.26153520133,-133.70657444650703,-0.10995894825336372,REDUCE
2013-09-30,XLC,SELL,21.05526467501637,-111.4543377286316,-2346.7005800550014,381.2080180183736,0.19395037426311545,CLOSE
2013-09-30,SHV,SELL,87.36487579345703,-0.09371760033439845,-8.187626512875568,-0.0007428938808245849,-9.072549660638085e-05,REDUCE
2013-09-30,SMH,BUY,17.2999,136.1695,2355.72,0.0,0.0,OPEN
2013-09-30,USD,BUY,0.4334,2446.1842,1060.08,0.0,0.0,OPEN
2013-09-30,QLD,BUY,2.4515,10.13,24.83,0.0,0.0,ADD
2013-10-03,SMH,SELL,17.412715911865234,-1.0476721744478965,-18.242817942427337,0.11816805655665658,0.006519742853006827,REDUCE
2013-10-03,USD,SELL,0.4356241524219513,-15.700613631372025,-6.839566505670973,0.03556900756962227,0.00522766323467172,REDUCE
2013-10-03,SHV,SELL,87.34906768798828,-22.919557328405947,-2002.001964457659,-0.5439967563527748,-0.00027165256972327967,CLOSE
2013-10-03,QQQ,BUY,70.9958,0.0493,3.5,0.0,0.0,ADD
2013-10-03,TQQQ,BUY,0.8852,2259.2699,1999.91,0.0,0.0,OPEN
2013-10-03,QLD,BUY,2.446,1.9764,4.83,0.0,0.0,ADD
2013-10-03,XLY,BUY,26.1581,0.2165,5.66,0.0,0.0,ADD
2013-10-03,GLD,BUY,127.18,0.1036,13.17,0.0,0.0,ADD
2013-10-04,USD,SELL,0.4416319727897644,-6.630548601392215,-2.928262259511257,0.05485634340314525,0.01909105257131416,REDUCE
2013-10-04,TQQQ,SELL,0.907976508140564,-2259.269914454977,-2051.364007873861,51.451223689047744,0.025726733733551166,CLOSE
2013-10-04,QLD,SELL,2.4867351055145264,-10.670803466067303,-26.535461583115648,2.60757481310295,0.10897639386905067,REDUCE
2013-10-04,SMH,BUY,17.5125,0.7115,12.46,0.0,0.0,ADD
2013-10-04,QQQ,BUY,71.6091,0.1451,10.39,0.0,0.0,ADD
2013-10-04,XLY,BUY,26.4049,0.1417,3.74,0.0,0.0,ADD
2013-10-04,GLD,BUY,126.53,0.2551,32.27,0.0,0.0,ADD
2013-10-04,SHV,BUY,87.357,23.146,2021.96,0.0,0.0,OPEN
2013-10-08,SMH,SELL,17.17412757873535,-1.047361558431091,-17.987521025558635,-0.13292135525227672,-0.007335436545028107,REDUCE
2013-10-08,GLD,SELL,127.4000015258789,-0.5357834820318482,-68.25881642839818,-8.69450075147001,-0.11298409308526314,REDUCE
2013-10-08,SHV,SELL,87.34906768798828,-23.14598123814419,-2021.779881875564,-0.18312364611782475,-9.056725846012803e-05,CLOSE
2013-10-08,QQQ,BUY,69.643,0.0362,2.52,0.0,0.0,ADD
2013-10-08,USD,BUY,0.4274,13.6616,5.84,0.0,0.0,ADD
2013-10-08,TQQQ,BUY,0.8354,2355.2933,1967.61,0.0,0.0,OPEN
2013-10-08,QLD,BUY,2.3543,53.2646,125.4,0.0,0.0,ADD
2013-10-08,XLY,BUY,25.6211,0.2599,6.66,0.0,0.0,ADD
2013-10-10,USD,SELL,0.44468599557876587,-42.18909683690134,-18.760900529486435,0.47930898926228555,0.026218121557288088,REDUCE
2013-10-10,TQQQ,SELL,0.878667950630188,-2355.293290842477,-2069.5207289975906,101.9138023301171,0.051795813965103354,CLOSE
2013-10-10,QLD,SELL,2.434021472930908,-21.477985193189337,-52.27787715551494,4.051153529776067,0.08400225487459712,REDUCE
2013-10-10,SMH,BUY,17.5082,0.4104,7.19,0.0,0.0,ADD
2013-10-10,QQQ,BUY,70.8966,0.2751,19.5,0.0,0.0,ADD
2013-10-10,XLY,BUY,26.0975,0.3515,9.17,0.0,0.0,ADD
2013-10-10,GLD,BUY,124.27,0.7461,92.72,0.0,0.0,ADD
2013-10-10,SHV,BUY,87.3332,23.038,2011.98,0.0,0.0,OPEN
2013-10-31,SMH,SELL,17.85953140258789,-135.19640222647865,-2414.544391080699,75.42126118411208,0.03224339079039695,CLOSE
2013-10-31,USD,SELL,0.4717700481414795,-2395.3255761051573,-1130.0428623536473,92.0883416039954,0.08872097935224144,CLOSE
2013-10-31,QQQ,BUY,74.6664,0.0991,7.4,0.0,0.0,ADD
2013-10-31,QLD,BUY,2.6982,322.2566,869.51,0.0,0.0,ADD
2013-10-31,XLY,BUY,27.4571,0.2384,6.55,0.0,0.0,ADD
2013-10-31,GLD,BUY,127.74,0.4243,54.2,0.0,0.0,ADD
2013-10-31,XLC,BUY,22.0687,113.1426,2496.9,0.0,0.0,OPEN
2013-10-31,SHV,BUY,87.3491,1.2595,110.02,0.0,0.0,ADD
2013-11-01,QQQ,SELL,74.68445587158203,-0.017674801197755788,-1.3200329100927775,0.19814202828022492,0.17661434948121002,REDUCE
2013-11-01,QLD,SELL,2.6991214752197266,-0.8725341575992637,-2.355075682638926,0.3397290475434028,0.16857102476929509,REDUCE
2013-11-01,XLY,SELL,27.522064208984375,-0.21866872266117507,-6.018214625577457,1.557432940174042,0.34913901867699093,REDUCE
2013-11-01,XLC,SELL,22.098038290316616,-0.15548782254232227,-3.4359758562181923,0.00456917292330986,0.0013315742915445128,REDUCE
2013-11-01,SHV,SELL,87.34114074707031,-24.297551972206335,-2122.1759066137292,0.17246084102349205,8.12726489050064e-05,CLOSE
2013-11-01,TQQQ,BUY,1.0226,2075.2951,2122.27,0.0,0.0,OPEN
2013-11-01,GLD,BUY,126.95,0.1026,13.03,0.0,0.0,ADD
2013-11-04,TQQQ,SELL,1.0275883674621582,-2075.2950548316285,-2132.549057396723,10.27503365425134,0.0048415207175425135,CLOSE
2013-11-04,XLY,SELL,27.617324829101562,-0.10020233620567921,-2.767320467627087,0.7232204210304761,0.3538087199961786,REDUCE
2013-11-04,XLC,SELL,22.17895199527475,-0.14732485604651432,-3.267510909966404,0.016249895517089392,0.004998028594096704,REDUCE
2013-11-04,QQQ,BUY,74.7927,0.0558,4.17,0.0,0.0,ADD
2013-11-04,GLD,BUY,126.81,0.0578,7.33,0.0,0.0,ADD
2013-11-04,SHV,BUY,87.3411,24.3536,2127.08,0.0,0.0,OPEN
2013-11-07,QQQ,SELL,73.44892120361328,-0.14029748227104846,-10.30469872039157,1.3980200737166963,0.156963120504928,REDUCE
2013-11-07,QLD,SELL,2.6102447509765625,-1843.603854262785,-4812.257283469594,553.9703249845929,0.130092295419584,REDUCE
2013-11-07,GLD,SELL,126.16000366210938,-0.25404405959979004,-32.05019948944664,-4.076079300558153,-0.11282865097320505,REDUCE
2013-11-07,XLC,SELL,21.859021010726828,-0.6602848942462473,-14.43318137639426,-0.13841633427870648,-0.009499049934471038,REDUCE
2013-11-07,TQQQ,BUY,0.973,2142.0838,2084.31,0.0,0.0,OPEN
2013-11-07,XLY,BUY,26.9765,0.2795,7.54,0.0,0.0,ADD
2013-11-07,SHV,BUY,87.3411,31.7971,2777.19,0.0,0.0,ADD
2013-11-08,QQQ,SELL,74.44095611572266,-0.16543921451854984,-12.315453307794996,1.812670966852707,0.17258959654781125,REDUCE
2013-11-08,TQQQ,SELL,1.0114489793777466,-2142.083786928002,-2166.608460029946,82.29494719889425,0.03948299845118597,CLOSE
2013-11-08,QLD,SELL,2.680734157562256,-6.67378528765097,-17.8906441808424,2.4757855123584047,0.16061032835936406,REDUCE
2013-11-08,XLY,SELL,27.40514373779297,-0.45624469609697443,-12.503451476143255,3.186959039861881,0.3420771348936915,REDUCE
2013-11-08,XLC,SELL,22.13028131928944,-0.17926558543360058,-3.967197836512696,0.011047972916828084,0.0027926072817641145,REDUCE
2013-11-08,GLD,BUY,124.28,0.4309,53.55,0.0,0.0,ADD
2013-11-08,SHV,BUY,87.3411,24.7275,2159.73,0.0,0.0,ADD
2013-11-13,QQQ,SELL,75.34285736083984,-0.32944507579148163,-24.82133335358867,3.906764009177253,0.18679629232820805,REDUCE
2013-11-13,XLY,SELL,27.833831787109375,-0.796111398526471,-22.158830750386187,5.902278320825925,0.36307072772043947,REDUCE
2013-11-13,XLC,SELL,22.440627251837952,-0.8086191368389641,-18.14592063850614,0.3007861127196328,0.0168553569761547,REDUCE
2013-11-13,SHV,SELL,87.35697937011719,-56.59939769303202,-4944.352416631256,0.8964565247401006,0.00018134206756870164,REDUCE
2013-11-13,QLD,BUY,2.7451,1810.9095,4971.12,0.0,0.0,ADD
2013-11-13,GLD,BUY,122.85,0.3123,38.36,0.0,0.0,ADD
2013-11-15,QLD,SELL,2.7708370685577393,-1818.8179975467524,-5039.648328562501,194.75318432989943,0.04019760563068853,REDUCE
2013-11-15,XLY,SELL,28.12394142150879,-0.2847173506002094,-8.00737408996747,2.1934609288134337,0.3772778966616077,REDUCE
2013-11-15,GLD,SELL,124.31999969482422,-0.08107033858945246,-10.078664468700026,-1.3852736146311837,-0.12083749969353019,REDUCE
2013-11-15,QQQ,BUY,75.7216,0.1333,10.09,0.0,0.0,ADD
2013-11-15,XLC,BUY,22.551,0.2541,5.73,0.0,0.0,ADD
2013-11-15,SHV,BUY,87.3491,57.7214,5041.91,0.0,0.0,ADD
2013-11-20,SHV,SELL,87.35697937011719,-25.183028438061125,-2199.91329574078,0.25834544441870955,0.00011744816812475634,REDUCE
2013-11-20,QQQ,BUY,74.5853,0.1537,11.47,0.0,0.0,ADD
2013-11-20,TQQQ,BUY,1.0165,2075.2,2109.44,0.0,0.0,OPEN
2013-11-20,QLD,BUY,2.6908,6.8624,18.47,0.0,0.0,ADD
2013-11-20,XLY,BUY,27.639,0.4276,11.82,0.0,0.0,ADD
2013-11-20,GLD,BUY,120.12,0.3778,45.38,0.0,0.0,ADD
2013-11-20,XLC,BUY,22.2381,0.1505,3.35,0.0,0.0,ADD
2013-11-21,QQQ,SELL,75.34285736083984,-0.07200143395905714,-5.424793768553172,0.8499336743431275,0.18578353366888867,REDUCE
2013-11-21,TQQQ,SELL,1.0475890636444092,-2075.199954831934,-2173.956777557306,64.51974213358902,0.030586237489012902,CLOSE
2013-11-21,QLD,SELL,2.7417211532592773,-4.045021063803193,-11.09031981600856,0.3135417108082249,0.029094197518730214,REDUCE
2013-11-21,XLY,SELL,27.924758911132812,-0.12123583094208473,-3.385481350448572,0.9056839515615548,0.3652249784470474,REDUCE
2013-11-21,XLC,SELL,22.44809590496626,-0.05157796342643814,-1.1578270695795254,0.019502488747037982,0.01713262550543826,REDUCE
2013-11-21,GLD,BUY,119.94,0.1842,22.09,0.0,0.0,ADD
2013-11-21,SHV,BUY,87.357,24.874,2172.92,0.0,0.0,ADD
2013-11-26,QQQ,SELL,76.32591247558594,-0.3781158096643731,-28.860034194078253,4.835138667593194,0.20125534624127428,REDUCE
2013-11-26,XLY,SELL,28.27117156982422,-0.4948901124674936,-13.991123277778115,3.8684788079427115,0.382160888833984,REDUCE
2013-11-26,SHV,SELL,87.35697937011719,-57.161095442442814,-4993.420635338776,0.4078475181815927,8.168365183780502e-05,REDUCE
2013-11-26,QLD,BUY,2.8144,1783.6773,5019.9,0.0,0.0,ADD
2013-11-26,GLD,BUY,119.82,0.1366,16.37,0.0,0.0,ADD
2013-12-13,QQQ,SELL,76.52427673339844,-0.21069498866952396,-16.1232816192869,2.7360469114010213,0.2043773020420212,REDUCE
2013-12-13,QLD,SELL,2.827227830886841,-11.866095238945833,-33.548154703501496,0.4863731293082251,0.014711038127717568,REDUCE
2013-12-13,SHV,SELL,87.35697937011719,-24.530165383134815,-2142.881151320071,0.17502406128954343,8.168365183780502e-05,CLOSE
2013-12-13,TQQQ,BUY,1.0953,1954.7267,2141.04,0.0,0.0,OPEN
2013-12-13,XLY,BUY,27.9204,1.0427,29.11,0.0,0.0,ADD
2013-12-13,GLD,BUY,119.38,0.0528,6.3,0.0,0.0,ADD
2013-12-13,XLC,BUY,22.4374,0.7174,16.1,0.0,0.0,ADD
2013-12-18,TQQQ,SELL,1.1453182697296143,-1954.7266516577902,-2238.7841464710627,97.74183189206919,0.04565151806039336,CLOSE
2013-12-18,QLD,SELL,2.914266586303711,-21.071450316663448,-61.407823582811034,2.6977193916295383,0.04594983144374565,REDUCE
2013-12-18,QQQ,BUY,77.6877,0.3378,26.24,0.0,0.0,ADD
2013-12-18,XLY,BUY,28.4444,0.1833,5.21,0.0,0.0,ADD
2013-12-18,GLD,BUY,117.61,0.6492,76.35,0.0,0.0,ADD
2013-12-18,XLC,BUY,22.845,0.2946,6.73,0.0,0.0,ADD
2013-12-18,SHV,BUY,87.3649,25.0175,2185.65,0.0,0.0,OPEN
2013-12-31,QLD,SELL,3.0524866580963135,-435.12128241979445,-1328.2019092401806,115.8498668909799,0.09555794261417261,REDUCE
2013-12-31,XLC,SELL,23.456348617877406,-0.21162084879239884,-4.963852404085628,0.29245973086703086,0.06260653970361374,REDUCE
2013-12-31,QQQ,BUY,79.5811,0.0275,2.19,0.0,0.0,ADD
2013-12-31,USD,BUY,0.5262,2253.6286,1185.84,0.0,0.0,OPEN
2013-12-31,XLY,BUY,29.054,0.301,8.74,0.0,0.0,ADD
2013-12-31,GLD,BUY,116.12,0.7058,81.96,0.0,0.0,ADD
2013-12-31,SHV,BUY,87.3586,0.6231,54.43,0.0,0.0,ADD
2014-01-03,XLY,SELL,28.84092140197754,-0.35591553867463743,-10.264932076657715,2.938466370522823,0.4010755647245121,REDUCE
2014-01-03,GLD,SELL,119.29000091552734,-0.7234238073648397,-86.29722664286601,-14.147292117626979,-0.14084683059073422,REDUCE
2014-01-03,SHV,SELL,87.35856628417969,-25.64057787038391,-2239.9241214546037,-0.15784819857556,-7.04653672115585e-05,CLOSE
2014-01-03,QQQ,BUY,78.3869,0.2351,18.43,0.0,0.0,ADD
2014-01-03,USD,BUY,0.5164,16.8365,8.69,0.0,0.0,ADD
2014-01-03,TQQQ,BUY,1.174,1886.468,2214.78,0.0,0.0,OPEN
2014-01-03,QLD,BUY,2.963,31.9241,94.59,0.0,0.0,ADD
2014-01-07,TQQQ,SELL,1.1916580200195312,-1886.4679987431275,-2248.024720212443,33.249399671813265,0.01501253845635997,CLOSE
2014-01-07,QLD,SELL,2.9924182891845703,-7.552605123274727,-22.60055370187638,1.5329528786353315,0.0727635240242559,REDUCE
2014-01-07,USD,BUY,0.5171,9.3201,4.82,0.0,0.0,ADD
2014-01-07,XLY,BUY,28.8366,0.5059,14.59,0.0,0.0,ADD
2014-01-07,GLD,BUY,118.82,0.175,20.79,0.0,0.0,ADD
2014-01-07,XLC,BUY,23.2835,0.1732,4.03,0.0,0.0,ADD
2014-01-07,SHV,BUY,87.3506,25.488,2226.39,0.0,0.0,OPEN
2014-01-08,QQQ,SELL,78.99304962158203,-0.022642443062407595,-1.788595628382609,0.34672256246370325,0.24046677246359205,REDUCE
2014-01-08,USD,SELL,0.5285598635673523,-45.10819765361932,-23.842382797566188,0.11172042720745268,0.004707851195379975,REDUCE
2014-01-08,QLD,SELL,3.007741928100586,-5.603585152505196,-16.854138010871793,1.223227451518624,0.07825695418535128,REDUCE
2014-01-08,SHV,SELL,87.35856628417969,-25.48802050307715,-2226.596928570596,0.2020420326438687,9.074851629664593e-05,CLOSE
2014-01-08,TQQQ,BUY,1.2006,1858.3527,2231.08,0.0,0.0,OPEN
2014-01-08,XLY,BUY,28.7583,0.4207,12.1,0.0,0.0,ADD
2014-01-08,GLD,BUY,118.12,0.147,17.36,0.0,0.0,ADD
2014-01-08,XLC,BUY,23.2519,0.3674,8.54,0.0,0.0,ADD
2014-01-09,QQQ,SELL,78.7306900024414,-0.08426280064521367,-6.634068436335838,1.2682047627756508,0.23634681011830705,REDUCE
2014-01-09,TQQQ,SELL,1.188192367553711,-1858.352727788797,-2208.0805273812675,-23.000654216131192,-0.010309196458581305,CLOSE
2014-01-09,XLY,SELL,28.753986358642578,-0.4141412992886718,-11.908213270296983,3.34863682229602,0.39121524793181495,REDUCE
2014-01-09,GLD,SELL,118.45999908447266,-0.14249632344681193,-16.88011434505006,-2.8555176667196207,-0.14468843283137245,REDUCE
2014-01-09,XLC,SELL,23.174744780571277,-0.15527383184224758,-3.5984314240454296,0.1699794232203633,0.04957905876455526,REDUCE
2014-01-09,USD,BUY,0.52,26.2339,13.64,0.0,0.0,ADD
2014-01-09,QLD,BUY,2.9863,4.2988,12.84,0.0,0.0,ADD
2014-01-09,SHV,BUY,87.3586,25.4196,2220.62,0.0,0.0,OPEN
2014-01-24,QQQ,SELL,78.47734069824219,-0.33130895727183923,-26.000245916201493,4.902457984427506,0.2323683411872881,REDUCE
2014-01-24,GLD,SELL,122.29000091552734,-0.7432182262496132,-90.88815756850181,-12.046999373827799,-0.11703483757815847,REDUCE
2014-01-24,SHV,SELL,87.35063934326172,-25.41963656833021,-2220.421506116999,-0.20149995723339148,-9.074028175071192e-05,CLOSE
2014-01-24,USD,BUY,0.5076,35.0105,17.77,0.0,0.0,ADD
2014-01-24,TQQQ,BUY,1.1712,1879.7853,2201.53,0.0,0.0,OPEN
2014-01-24,QLD,BUY,2.9596,0.584,1.73,0.0,0.0,ADD
2014-01-24,XLY,BUY,27.6062,2.9638,81.82,0.0,0.0,ADD
2014-01-24,XLC,BUY,22.6698,1.52,34.46,0.0,0.0,ADD
2014-01-31,QQQ,SELL,78.05210876464844,-0.3163110412301602,-24.68874379355566,4.546024673296693,0.2256907146525433,REDUCE
2014-01-31,USD,SELL,0.5045886039733887,-2295.9214539779055,-1158.495801295264,-48.544134621660305,-0.04021750496994447,CLOSE
2014-01-31,TQQQ,SELL,1.150763988494873,-1879.7853350323423,-2163.1892696559894,-38.34188346799658,-0.017416007678832668,CLOSE
2014-01-31,XLY,SELL,27.310625076293945,-93.82066590367513,-2562.3010309035067,602.6292314647017,0.3075153868302223,CLOSE
2014-01-31,XLC,SELL,22.449985324722974,-0.10077271595492931,-2.26234599432064,0.03648993132212691,0.016393661714572128,REDUCE
2014-01-31,GLD,BUY,120.09,9.7388,1169.53,0.0,0.0,ADD
2014-01-31,XLK,BUY,14.9623,171.2747,2562.66,0.0,0.0,OPEN
2014-01-31,SHV,BUY,87.3506,24.937,2178.26,0.0,0.0,OPEN
2014-02-03,GLD,SELL,121.31999969482422,-0.84174590157757,-102.12061252251033,-9.020614141771729,-0.08116352871486454,REDUCE
2014-02-03,SHV,SELL,87.3744125366211,-24.936950971102284,-2178.851441554585,0.5928309572292688,0.0002721582067184425,CLOSE
2014-02-03,QQQ,BUY,76.2607,0.1579,12.04,0.0,0.0,ADD
2014-02-03,TQQQ,BUY,1.0745,1985.8113,2133.8,0.0,0.0,OPEN
2014-02-03,QLD,BUY,2.7966,45.053,125.99,0.0,0.0,ADD
2014-02-03,XLK,BUY,14.6486,0.0969,1.42,0.0,0.0,ADD
2014-02-03,XLC,BUY,21.9198,0.3746,8.21,0.0,0.0,ADD
2014-02-04,TQQQ,SELL,1.0955134630203247,-1985.8112572686532,-2175.482967355127,41.68504696860074,0.01953561139522053,CLOSE
2014-02-04,QLD,SELL,2.8342771530151367,-9.376790991852003,-26.576424476804277,0.41373445668112074,0.015813911198079955,REDUCE
2014-02-04,QQQ,BUY,76.8217,0.0502,3.86,0.0,0.0,ADD
2014-02-04,GLD,BUY,120.99,0.2942,35.59,0.0,0.0,ADD
2014-02-04,XLK,BUY,14.7044,0.7464,10.98,0.0,0.0,ADD
2014-02-04,SHV,BUY,87.3586,24.6257,2151.26,0.0,0.0,OPEN
2014-02-28,GLD,SELL,127.62000274658203,-9.053694611055498,-1155.4325311296175,-38.904230826213166,-0.032573920577060766,REDUCE
2014-02-28,XLC,SELL,23.661868832713242,-114.52421074814974,-2709.856852892727,180.3223223928317,0.07128676055558558,CLOSE
2014-02-28,SMH,BUY,19.2368,141.5808,2723.57,0.0,0.0,OPEN
2014-02-28,QQQ,BUY,82.0737,0.4427,36.33,0.0,0.0,ADD
2014-02-28,QLD,BUY,3.2284,280.9624,907.06,0.0,0.0,ADD
2014-02-28,XLK,BUY,15.6197,2.2492,35.13,0.0,0.0,ADD
2014-02-28,SHV,BUY,87.3664,1.8723,163.57,0.0,0.0,ADD
2014-03-03,GLD,SELL,130.2899932861328,-0.4806841568809693,-62.6283355727719,-0.7821044868752887,-0.01233400187949496,REDUCE
2014-03-03,SHV,SELL,87.35063934326172,-26.497951138474583,-2314.6129732322647,-0.22477475471256586,-9.71017320363643e-05,CLOSE
2014-03-03,QQQ,BUY,81.465,0.0795,6.48,0.0,0.0,ADD
2014-03-03,TQQQ,BUY,1.2989,1771.3844,2300.84,0.0,0.0,OPEN
2014-03-03,QLD,BUY,3.1812,17.8032,56.64,0.0,0.0,ADD
2014-03-03,XLK,BUY,15.4521,0.8104,12.52,0.0,0.0,ADD
2014-03-04,TQQQ,SELL,1.3511722087860107,-1771.3843907308824,-2393.4453598329083,92.6085194366628,0.040249928987017514,CLOSE
2014-03-04,QLD,SELL,3.2624220848083496,-17.342515145950816,-56.578604418273244,7.108069751085462,0.143682897282289,REDUCE
2014-03-04,SMH,BUY,19.3646,0.5793,11.22,0.0,0.0,ADD
2014-03-04,QQQ,BUY,82.5007,0.2601,21.46,0.0,0.0,ADD
2014-03-04,GLD,BUY,128.68,0.5249,67.54,0.0,0.0,ADD
2014-03-04,XLK,BUY,15.6541,0.6792,10.63,0.0,0.0,ADD
2014-03-04,SHV,BUY,87.3506,26.788,2339.95,0.0,0.0,OPEN
2014-03-11,SMH,SELL,19.452774047851562,-1.281193981339407,-24.92277703046284,0.27599927230931826,0.011198188867427739,REDUCE
2014-03-11,GLD,SELL,129.86000061035156,-0.24635080203427034,-31.991115302530943,-0.4837396141307804,-0.01489582063945083,REDUCE
2014-03-11,XLK,SELL,15.58962631225586,-0.06776342273527605,-1.0564064380823766,0.04169443311605232,0.041089918037814144,REDUCE
2014-03-11,SHV,SELL,87.35063934326172,-26.78797930832462,-2339.9471192962214,0.0,0.0,CLOSE
2014-03-11,QQQ,BUY,81.9647,0.124,10.16,0.0,0.0,ADD
2014-03-11,TQQQ,BUY,1.3238,1759.5836,2329.41,0.0,0.0,OPEN
2014-03-11,QLD,BUY,3.2195,18.1209,58.34,0.0,0.0,ADD
2014-03-14,SMH,SELL,19.24123764038086,-1.4610263104600887,-28.11195443841143,0.005679122413560669,0.00020205887652169352,REDUCE
2014-03-14,QQQ,SELL,80.55648040771484,-0.24870812354338692,-20.03505108146237,4.1194345307738125,0.2588297171934313,REDUCE
2014-03-14,QLD,SELL,3.106733560562134,-1696.9045511515812,-5271.830318133241,425.9005755089073,0.08788831001050768,REDUCE
2014-03-14,GLD,SELL,133.10000610351562,-0.8064979054121486,-107.34487613282954,1.029401400956628,0.009682517089377285,REDUCE
2014-03-14,XLK,SELL,15.31032657623291,-0.575763755532519,-8.815131127961195,0.1934533675902718,0.02243801879020224,REDUCE
2014-03-14,TQQQ,BUY,1.2555,56.5424,70.99,0.0,0.0,ADD
2014-03-14,SHV,BUY,87.3586,61.4152,5365.15,0.0,0.0,OPEN
2014-03-18,SMH,SELL,19.681941986083984,-0.667396844391386,-13.13566597300678,0.2967189128505331,0.023110844795937835,REDUCE
2014-03-18,QQQ,SELL,82.24630737304688,-0.17917604568241566,-14.736568127083046,3.270528347113786,0.28523608934510025,REDUCE
2014-03-18,TQQQ,SELL,1.3353301286697388,-1816.1260312581308,-2425.127807000382,24.724011718305988,0.01029993860487144,CLOSE
2014-03-18,XLK,SELL,15.69275951385498,-1.1916917711146704,-18.700932378742436,0.8561438843126324,0.04797725030923594,REDUCE
2014-03-18,SHV,SELL,87.35856628417969,-34.84373933615409,-3043.899112386096,0.0,0.0,REDUCE
2014-03-18,QLD,BUY,3.2391,1677.0101,5432.05,0.0,0.0,ADD
2014-03-18,GLD,BUY,130.62,0.6396,83.55,0.0,0.0,ADD
2014-03-20,SMH,SELL,19.990432739257812,-2.435425168199613,-48.685203016390005,1.8340752859297216,0.039146875961692196,REDUCE
2014-03-20,QLD,SELL,3.221048593521118,-1684.8731573187533,-5427.058313643056,91.04736101623709,0.017062813743179417,REDUCE
2014-03-20,XLK,SELL,15.748620986938477,-0.9907567269262084,-15.603052182620559,0.7671317961815615,0.051707732058387856,REDUCE
2014-03-20,QQQ,BUY,82.0283,0.0306,2.51,0.0,0.0,ADD
2014-03-20,GLD,BUY,127.86,0.3445,44.05,0.0,0.0,ADD
2014-03-20,SHV,BUY,87.3664,62.3213,5444.79,0.0,0.0,ADD
2014-03-24,XLK,SELL,15.656702995300293,-0.8829915383526977,-13.824736263351497,0.602527613260132,0.045569362063876406,REDUCE
2014-03-24,SHV,SELL,87.3664321899414,-27.192447162889867,-2375.707091135182,0.0639361706361239,2.6913204747236463e-05,REDUCE
2014-03-24,SMH,BUY,19.7172,0.3812,7.52,0.0,0.0,ADD
2014-03-24,QQQ,BUY,80.331,0.6139,49.31,0.0,0.0,ADD
2014-03-24,TQQQ,BUY,1.243,1843.0349,2290.98,0.0,0.0,OPEN
2014-03-24,QLD,BUY,3.0899,11.8318,36.56,0.0,0.0,ADD
2014-03-24,GLD,BUY,126.18,0.0409,5.16,0.0,0.0,ADD
2014-03-31,SMH,SELL,20.10061264038086,-3.131706987746704,-62.94922906387046,2.6992929567215995,0.04480159036054676,REDUCE
2014-03-31,QLD,SELL,3.0478906631469727,-392.5305178453007,-1196.3901003409383,-45.84553360308893,-0.036905666163779216,CLOSE
2014-03-31,XLK,SELL,15.686907768249512,-1.0032226855534747,-15.73746173929294,0.7148719468247263,0.04758646523005883,REDUCE
2014-03-31,SHV,SELL,87.3744125366211,-0.24684499774289975,-21.567936665389425,0.002550302316779399,0.00011825905985829444,REDUCE
2014-03-31,QQQ,BUY,79.8302,0.1452,11.59,0.0,0.0,ADD
2014-03-31,USD,BUY,0.6052,1996.1465,1208.13,0.0,0.0,OPEN
2014-03-31,TQQQ,BUY,1.2169,32.2296,39.22,0.0,0.0,ADD
2014-03-31,GLD,BUY,123.61,0.305,37.7,0.0,0.0,ADD
2014-04-01,SMH,SELL,20.40029525756836,-0.08845117834109006,-1.804430154038073,0.10274546115206783,0.0603786715492014,REDUCE
2014-04-01,QQQ,SELL,81.2324447631836,-0.20353733358958512,-16.533835208061646,3.4667005595714184,0.2652992146194775,REDUCE
2014-04-01,USD,SELL,0.619075357913971,-16.857511614020158,-10.43607003598845,0.2333886757594204,0.022875229316598134,REDUCE
2014-04-01,TQQQ,SELL,1.2828510999679565,-1875.2645200193351,-2405.685152237686,75.48638215549656,0.032394825336224065,CLOSE
2014-04-01,GLD,BUY,123.39,0.2962,36.55,0.0,0.0,ADD
2014-04-01,XLK,BUY,15.8725,0.4072,6.46,0.0,0.0,ADD
2014-04-01,SHV,BUY,87.3664,27.3726,2391.45,0.0,0.0,ADD
2014-04-07,GLD,SELL,124.91000366210938,-0.5772632621010978,-72.10595618304933,-3.7641695327135607,-0.049613329320364,REDUCE
2014-04-07,SHV,SELL,87.3664321899414,-27.666060441789774,-2417.0849935504466,0.04500405620833159,1.8619491776616925e-05,REDUCE
2014-04-07,SMH,BUY,19.7392,1.8718,36.95,0.0,0.0,ADD
2014-04-07,QQQ,BUY,77.8997,1.435,111.79,0.0,0.0,ADD
2014-04-07,USD,BUY,0.589,61.8396,36.42,0.0,0.0,ADD
2014-04-07,TQQQ,BUY,1.1274,2014.3011,2270.92,0.0,0.0,OPEN
2014-04-07,XLK,BUY,15.3805,2.1529,33.11,0.0,0.0,ADD
2014-04-14,TQQQ,SELL,1.0911567211151123,-2014.3011270230788,-2197.918213100978,-72.99799576011539,-0.032144733246994295,CLOSE
2014-04-14,GLD,SELL,127.8499984741211,-0.5468196201988839,-69.91088760804678,-1.958008356909413,-0.02724416913074823,REDUCE
2014-04-14,XLK,SELL,15.341662406921387,-0.8225275798157319,-12.618940449915044,0.296266884119388,0.024042419247535918,REDUCE
2014-04-14,SMH,BUY,19.5409,0.3826,7.48,0.0,0.0,ADD
2014-04-14,QQQ,BUY,77.1895,0.1197,9.24,0.0,0.0,ADD
2014-04-14,USD,BUY,0.5612,85.5402,48.01,0.0,0.0,ADD
2014-04-14,SHV,BUY,87.3664,25.3613,2215.72,0.0,0.0,ADD
2014-04-15,SMH,SELL,19.677534103393555,-0.597001795036801,-11.74752318162382,0.2573617503098876,0.022398445126149857,REDUCE
2014-04-15,QQQ,SELL,77.44446563720703,-0.04695772172610716,-3.6366156666190363,0.6062502274406025,0.20005845486574847,REDUCE
2014-04-15,USD,SELL,0.5833749175071716,-75.51178494659845,-44.05168131404116,-1.4810846318509732,-0.0325278862613132,REDUCE
2014-04-15,XLK,SELL,15.419344902038574,-0.43023780085712204,-6.633985041310552,0.18838965250203185,0.0292276572043495,REDUCE
2014-04-15,SHV,SELL,87.3744125366211,-25.654584543050525,-2241.5542533201196,0.23423192531427073,0.00010450623876923082,REDUCE
2014-04-15,TQQQ,BUY,1.102,2050.9378,2260.23,0.0,0.0,OPEN
2014-04-15,GLD,BUY,125.49,0.3777,47.39,0.0,0.0,ADD
2014-04-17,QQQ,SELL,78.4916000366211,-0.20946539854225837,-16.44127428389038,2.9236528765193803,0.2162845657835295,REDUCE
2014-04-17,USD,SELL,0.5959343910217285,-22.790124833924786,-13.58141916421414,-0.16077247745630124,-0.011699187556720614,REDUCE
2014-04-17,TQQQ,SELL,1.1454172134399414,-2050.9377818826792,-2349.179439062753,88.94723304219366,0.03935313938331908,CLOSE
2014-04-17,GLD,BUY,124.75,0.2913,36.34,0.0,0.0,ADD
2014-04-17,XLK,BUY,15.5488,0.3049,4.74,0.0,0.0,ADD
2014-04-17,SHV,BUY,87.3664,26.7592,2337.86,0.0,0.0,ADD
2014-04-30,QQQ,SELL,79.57518005371094,-0.711964787893885,-56.654726188558016,10.708853862598964,0.2330754281173708,REDUCE
2014-04-30,USD,SELL,0.5892099142074585,-2028.3668325950919,-1195.1338474146085,-27.94877877781158,-0.022851096221372158,CLOSE
2014-04-30,XLK,SELL,15.730060577392578,-1.580086028532929,-24.854848946314632,1.1812527553309318,0.04989747843130066,REDUCE
2014-04-30,SMH,BUY,19.6863,1.6425,32.33,0.0,0.0,ADD
2014-04-30,SSO,BUY,6.2589,193.5926,1211.68,0.0,0.0,OPEN
2014-04-30,GLD,BUY,124.22,0.1223,15.19,0.0,0.0,ADD
2014-04-30,SHV,BUY,87.3744,0.2027,17.71,0.0,0.0,ADD
2014-05-07,SMH,SELL,19.620241165161133,-0.07130673444361885,-1.3990553264839036,0.02627759567618256,0.019141915756982097,REDUCE
2014-05-07,GLD,SELL,124.16999816894531,-0.06405296135244908,-7.953456093849127,-0.44744113301426386,-0.05326111258491417,REDUCE
2014-05-07,SHV,SELL,87.3744125366211,-26.43348666468666,-2309.6103686216047,0.23152594646724506,0.00010025464085350322,REDUCE
2014-05-07,QQQ,BUY,78.8194,0.3552,27.99,0.0,0.0,ADD
2014-05-07,SSO,BUY,6.2225,0.3774,2.35,0.0,0.0,ADD
2014-05-07,TQQQ,BUY,1.1565,1971.3265,2279.85,0.0,0.0,OPEN
2014-05-07,XLK,BUY,15.6179,0.5613,8.77,0.0,0.0,ADD
2014-05-12,SMH,SELL,19.98603057861328,-0.24276546161005122,-4.8519179391696525,0.17826373093997835,0.03814225935373661,REDUCE
2014-05-12,QQQ,SELL,80.340087890625,-0.1518523553700561,-12.199831576828728,2.387966452709945,0.24337538505701906,REDUCE
2014-05-12,SSO,SELL,6.348151206970215,-0.6381173659996296,-4.050865527159203,0.05698840351564621,0.014268942621764147,REDUCE
2014-05-12,TQQQ,SELL,1.2228474617004395,-1971.3264824310786,-2410.6315852237003,130.77773898516836,0.05736233452023032,CLOSE
2014-05-12,XLK,SELL,15.889737129211426,-0.09684013572218772,-1.53876430018272,0.08765849758954973,0.060408067718357605,REDUCE
2014-05-12,GLD,BUY,124.94,0.194,24.24,0.0,0.0,ADD
2014-05-12,SHV,BUY,87.3664,27.5739,2409.03,0.0,0.0,ADD
2014-05-20,QQQ,SELL,80.13065338134766,-0.10610673225771632,-8.502401783970527,1.646367558247923,0.24013409269035568,REDUCE
2014-05-20,GLD,SELL,124.69000244140625,-0.04259444461805567,-5.311101403415705,-0.27262513754100126,-0.04882494433444984,REDUCE
2014-05-20,XLK,SELL,15.842265129089355,-0.22455686092182867,-3.5574893272796544,0.19260594018301705,0.05724000448919142,REDUCE
2014-05-20,SHV,SELL,87.3664321899414,-62.54825962397604,-5464.618283036953,0.033600815321719116,6.1488323954694835e-06,REDUCE
2014-05-20,SMH,BUY,19.7128,1.2977,25.58,0.0,0.0,ADD
2014-05-20,SSO,BUY,6.1908,4.0626,25.15,0.0,0.0,ADD
2014-05-20,QLD,BUY,3.054,1778.3964,5431.26,0.0,0.0,OPEN
2014-06-02,SMH,SELL,20.536914825439453,-0.9556668997333486,-19.626449721315566,1.2240615186162318,0.06651644912243948,REDUCE
2014-06-02,QQQ,SELL,83.06267547607422,-0.12164485206198404,-10.104146870159639,2.2441246889631667,0.2855112412191132,REDUCE
2014-06-02,SSO,SELL,6.55069637298584,-197.39456799973289,-1293.071880642957,57.886434165363745,0.046864569470470796,CLOSE
2014-06-02,QLD,SELL,3.277439594268799,-63.928094327662514,-209.52046753563172,14.282823984550934,0.07315609697375836,REDUCE
2014-06-02,USD,BUY,0.6458,1957.7815,1264.29,0.0,0.0,OPEN
2014-06-02,GLD,BUY,119.7,1.4386,172.19,0.0,0.0,ADD
2014-06-02,XLK,BUY,16.2954,0.996,16.23,0.0,0.0,ADD
2014-06-02,SHV,BUY,87.3744,0.9111,79.61,0.0,0.0,ADD
2014-06-13,SMH,SELL,21.532907485961914,-2.8536419712467818,-61.447208564914945,6.497280550193571,0.11824001932182537,REDUCE
2014-06-13,USD,SELL,0.7335948348045349,-188.47547075231915,-138.26463183125452,16.551543893168176,0.13598820121618882,REDUCE
2014-06-13,GLD,SELL,122.95999908447266,-0.011809666107891003,-1.4521165338142055,-0.08631891558576295,-0.05610824660822111,REDUCE
2014-06-13,SHV,SELL,87.3744125366211,-27.331836789538336,-2388.10318303272,0.22503969573499225,9.424253761136647e-05,CLOSE
2014-06-13,QQQ,BUY,84.0643,0.9007,75.72,0.0,0.0,ADD
2014-06-13,TQQQ,BUY,1.3957,1756.5661,2451.69,0.0,0.0,OPEN
2014-06-13,QLD,BUY,3.3562,4.344,14.58,0.0,0.0,ADD
2014-06-13,XLK,BUY,16.4551,2.8732,47.28,0.0,0.0,ADD
2014-06-18,TQQQ,SELL,1.428404688835144,-1756.5660589890765,-2509.0871949086672,57.39668248904036,0.023411063589912295,CLOSE
2014-06-18,QLD,SELL,3.4058523178100586,-8.362711109791487,-28.482159016459264,2.9358898795901482,0.11492440887788913,REDUCE
2014-06-18,SMH,BUY,21.6739,0.44,9.54,0.0,0.0,ADD
2014-06-18,QQQ,BUY,84.6562,0.1775,15.02,0.0,0.0,ADD
2014-06-18,GLD,BUY,122.67,0.2441,29.95,0.0,0.0,ADD
2014-06-18,XLK,BUY,16.5802,0.3915,6.49,0.0,0.0,ADD
2014-06-18,SHV,BUY,87.3586,28.3413,2475.85,0.0,0.0,OPEN
2014-07-30,QQQ,SELL,88.54491424560547,-0.11970127622821028,-10.598939238716412,2.824867599369411,0.3633704100528061,REDUCE
2014-07-30,QLD,SELL,3.7149815559387207,-73.38074057152471,-272.6080977843385,48.44584663254881,0.21611955797028504,REDUCE
2014-07-30,SHV,SELL,87.3664321899414,-28.341284179853552,-2476.0768824750344,0.22292987052481852,9.004160778158798e-05,CLOSE
2014-07-30,SMH,BUY,21.9031,4.4411,97.27,0.0,0.0,ADD
2014-07-30,TQQQ,BUY,1.6253,1590.2791,2584.71,0.0,0.0,OPEN
2014-07-30,GLD,BUY,124.83,0.5228,65.26,0.0,0.0,ADD
2014-07-30,XLK,BUY,17.2333,0.7399,12.75,0.0,0.0,ADD
2014-07-31,SMH,SELL,21.48883819580078,-138.83148494192582,-2983.3273163997965,297.1590673925675,0.11062563467585962,CLOSE
2014-07-31,QQQ,SELL,86.75537109375,-34.615807223900084,-3003.107201419164,754.96270628968,0.3358159174934159,REDUCE
2014-07-31,USD,SELL,0.7450143694877625,-1769.3060789319504,-1318.1584528263522,175.58162033535078,0.15367160907031052,CLOSE
2014-07-31,XLK,SELL,16.908119201660156,-176.4173011124702,-2982.8847564448192,331.5317287893833,0.1250424690078158,CLOSE
2014-07-31,TQQQ,BUY,1.5263,53.4143,81.53,0.0,0.0,ADD
2014-07-31,QLD,BUY,3.5633,392.2392,1397.68,0.0,0.0,ADD
2014-07-31,GLD,BUY,123.39,35.5058,4381.06,0.0,0.0,ADD
2014-07-31,SHV,BUY,87.3664,50.674,4427.21,0.0,0.0,OPEN
2014-08-08,TQQQ,SELL,1.518168568611145,-1643.693377214651,-2495.4036217215858,-170.8362755757732,-0.06407385762584294,CLOSE
2014-08-08,GLD,SELL,126.19000244140625,-0.9711022005033789,-122.54338905237637,0.33951154442501874,0.002778238721622639,REDUCE
2014-08-08,QQQ,BUY,86.6458,0.182,15.77,0.0,0.0,ADD
2014-08-08,QLD,BUY,3.552,16.7172,59.38,0.0,0.0,ADD
2014-08-08,SHV,BUY,87.3823,29.0996,2542.79,0.0,0.0,ADD
2014-09-02,QQQ,SELL,91.36613464355469,-0.6953024603298226,-63.527098208489406,18.275870257833812,0.4038756755454862,REDUCE
2014-09-02,QLD,SELL,3.947360038757324,-499.08569758179124,-1970.0709385496857,394.7871579678546,0.25061335794496653,REDUCE
2014-09-02,USD,BUY,0.8306,1654.1785,1373.92,0.0,0.0,OPEN
2014-09-02,GLD,BUY,121.65,3.7396,454.92,0.0,0.0,ADD
2014-09-02,SHV,BUY,87.3744,2.3434,204.76,0.0,0.0,ADD
2014-09-09,USD,SELL,0.8385986685752869,-26.24079480121646,-22.00549558265743,0.21047890169587732,0.009657203055950747,REDUCE
2014-09-09,SHV,SELL,87.3664321899414,-30.030503075490085,-2623.6579105746314,-0.17620313794173983,-6.715483155772528e-05,REDUCE
2014-09-09,QQQ,BUY,90.6175,0.0525,4.76,0.0,0.0,ADD
2014-09-09,TQQQ,BUY,1.7337,1487.4198,2578.69,0.0,0.0,OPEN
2014-09-09,QLD,BUY,3.8823,15.9289,61.84,0.0,0.0,ADD
2014-09-10,QQQ,SELL,91.36613464355469,-0.06796225478523618,-6.209448521387458,1.7831685242378086,0.40285940459846614,REDUCE
2014-09-10,TQQQ,SELL,1.7738702297210693,-1487.419766468188,-2638.489642836584,59.80419683395118,0.02319173783939288,CLOSE
2014-09-10,QLD,SELL,3.9424490928649902,-14.842918013793687,-58.51744865895034,11.558343222134713,0.24613635874488038,REDUCE
2014-09-10,USD,BUY,0.8404,6.056,5.09,0.0,0.0,ADD
2014-09-10,GLD,BUY,120.26,0.6493,78.09,0.0,0.0,ADD
2014-09-10,SHV,BUY,87.3664,29.9934,2620.42,0.0,0.0,ADD
2014-09-15,GLD,SELL,118.63999938964844,-0.1297577596591474,-15.394460526763396,-0.8923220787792961,-0.054788112568999514,REDUCE
2014-09-15,SHV,SELL,87.3744125366211,-30.51145830567758,-2665.9207450941867,0.12988565875547836,4.8723124057348244e-05,REDUCE
2014-09-15,USD,BUY,0.8055,44.0866,35.51,0.0,0.0,ADD
2014-09-15,TQQQ,BUY,1.6921,1508.9633,2553.27,0.0,0.0,OPEN
2014-09-15,QLD,BUY,3.8209,24.2172,92.53,0.0,0.0,ADD
2014-09-16,USD,SELL,0.8318649530410767,-36.06265177550648,-29.999256125768397,0.0688870299670976,0.002301576360338453,REDUCE
2014-09-16,TQQQ,SELL,1.7378230094909668,-1508.963305820465,-2622.3111533323586,69.03978128319068,0.02703973499995871,CLOSE
2014-09-16,QLD,SELL,3.8881149291992188,-10.861047629968326,-42.22900143682364,7.757555137843943,0.2250429259788138,REDUCE
2014-09-16,QQQ,BUY,90.7361,0.0464,4.21,0.0,0.0,ADD
2014-09-16,GLD,BUY,118.83,0.5291,62.88,0.0,0.0,ADD
2014-09-16,SHV,BUY,87.3744,30.0712,2627.45,0.0,0.0,ADD
2014-09-17,QQQ,SELL,90.87310791015625,-0.08615359371831541,-7.8290448188122355,2.214391275338329,0.39439499840772685,REDUCE
2014-09-17,USD,SELL,0.8406787514686584,-19.69231365602478,-16.554909657876124,0.2111804239814213,0.012921189586490467,REDUCE
2014-09-17,QLD,SELL,3.902235269546509,-8.021756002651856,-31.30277919724449,5.842847458621049,0.22949187447181107,REDUCE
2014-09-17,SHV,SELL,87.3744125366211,-29.608724081631816,-2587.0448725914857,0.07961615889419149,3.0775890281553586e-05,REDUCE
2014-09-17,TQQQ,BUY,1.7463,1475.1827,2576.17,0.0,0.0,OPEN
2014-09-17,GLD,BUY,117.54,0.5663,66.56,0.0,0.0,ADD
2014-09-18,USD,SELL,0.8590986132621765,-21.224678072180847,-18.234091498746693,0.618569140754169,0.0351150041527728,REDUCE
2014-09-18,TQQQ,SELL,1.7839717864990234,-1475.1827335925057,-2631.6843766595352,55.51476312534974,0.021549343192970305,CLOSE
2014-09-18,QLD,SELL,3.9587185382843018,-9.085230624048872,-35.96587089601053,7.13061943218283,0.24728826939927395,REDUCE
2014-09-18,QQQ,BUY,91.5579,0.0283,2.59,0.0,0.0,ADD
2014-09-18,GLD,BUY,117.78,0.393,46.29,0.0,0.0,ADD
2014-09-18,SHV,BUY,87.3744,30.1805,2637.0,0.0,0.0,ADD
2014-09-25,GLD,SELL,117.38999938964844,-0.9151382823319438,-107.4280824043908,-7.270672622825143,-0.06338928980615299,REDUCE
2014-09-25,SHV,SELL,87.3902816772461,-30.70399763765841,-2683.231002172467,0.5394984530294823,0.00020110342627233102,REDUCE
2014-09-25,QQQ,BUY,89.4511,0.1378,12.32,0.0,0.0,ADD
2014-09-25,USD,BUY,0.8071,72.0898,58.18,0.0,0.0,ADD
2014-09-25,TQQQ,BUY,1.6598,1536.7732,2550.71,0.0,0.0,OPEN
2014-09-25,QLD,BUY,3.7767,44.8648,169.44,0.0,0.0,ADD
2014-09-29,USD,SELL,0.8382879495620728,-46.224798271735914,-38.749691362133944,0.43078325267816997,0.011242054482545782,REDUCE
2014-09-29,TQQQ,SELL,1.7071223258972168,-1536.7731873260675,-2623.4598179245554,72.74686680093345,0.028520209131681185,CLOSE
2014-09-29,QLD,SELL,3.8475937843322754,-13.706554454346366,-52.737253723154936,9.001294668378668,0.2058099299275722,REDUCE
2014-09-29,QQQ,BUY,90.284,0.0192,1.73,0.0,0.0,ADD
2014-09-29,GLD,BUY,117.03,0.7867,92.07,0.0,0.0,ADD
2014-09-29,SHV,BUY,87.3903,29.9936,2621.15,0.0,0.0,ADD
2014-09-30,QQQ,SELL,90.41207122802734,-0.10332579991654296,-9.341899581747384,2.591568807062812,0.3839173062128811,REDUCE
2014-09-30,USD,SELL,0.8241147994995117,-1626.9657605988752,-1340.8065615885127,-7.897030607345467,-0.005855275134611371,CLOSE
2014-09-30,SHV,SELL,87.35856628417969,-0.1503627191466214,-13.13547156723962,-0.0030990975961037743,-0.00023587783444345423,REDUCE
2014-09-30,QLD,BUY,3.8593,344.3924,1329.1,0.0,0.0,ADD
2014-09-30,GLD,BUY,116.21,0.2942,34.18,0.0,0.0,ADD
2014-10-01,GLD,SELL,116.7699966430664,-0.9106980253880622,-106.34220536741122,-7.662764137833526,-0.06721429926334044,REDUCE
2014-10-01,SHV,SELL,87.3744125366211,-29.960863198015126,-2617.8128210166424,-0.14275028923062538,-5.452739183020583e-05,REDUCE
2014-10-01,QQQ,BUY,88.9661,0.169,15.03,0.0,0.0,ADD
2014-10-01,TQQQ,BUY,1.6315,1559.5994,2544.43,0.0,0.0,OPEN
2014-10-01,QLD,BUY,3.7343,44.1027,164.69,0.0,0.0,ADD
2014-10-02,TQQQ,SELL,1.6306689977645874,-1559.5994173615256,-2543.1904188231533,-1.237103286161851,-0.0004862010316317722,CLOSE
2014-10-02,QLD,BUY,3.7319,0.6467,2.41,0.0,0.0,ADD
2014-10-02,SHV,BUY,87.3744,29.0792,2540.78,0.0,0.0,ADD
2014-10-03,QQQ,SELL,89.84464263916016,-0.23849851513368434,-21.4278138621562,5.813269346540317,0.3722983620000282,REDUCE
2014-10-03,QLD,SELL,3.806767225265503,-35.220906489786735,-134.0777924694612,17.129423280121866,0.1464699627609971,REDUCE
2014-10-03,SHV,SELL,87.35856628417969,-28.99513722621404,-2532.973617295105,-0.5476902819197468,-0.00021617749188918012,REDUCE
2014-10-03,TQQQ,BUY,1.6798,1516.9319,2548.13,0.0,0.0,OPEN
2014-10-03,GLD,BUY,114.61,1.2246,140.35,0.0,0.0,ADD
2014-10-08,TQQQ,SELL,1.6900887489318848,-1516.9318519277208,-2563.7494558394487,15.622650800179432,0.006131033498522731,CLOSE
2014-10-08,GLD,SELL,117.47000122070312,-0.8880500088425216,-104.31923562277643,-6.6634783422458685,-0.06004068655543915,REDUCE
2014-10-08,QQQ,BUY,90.1009,0.2063,18.59,0.0,0.0,ADD
2014-10-08,QLD,BUY,3.8295,8.0149,30.69,0.0,0.0,ADD
2014-10-08,SHV,BUY,87.3744,29.972,2618.79,0.0,0.0,ADD
2014-10-10,QLD,SELL,3.515449047088623,-1561.0342067853474,-5487.736214716294,301.1521109048832,0.058063670592669814,REDUCE
2014-10-10,GLD,SELL,117.58999633789062,-1.8253986194490914,-214.64861697620927,-13.477829549608066,-0.05908052203006087,REDUCE
2014-10-10,QQQ,BUY,86.431,0.3452,29.83,0.0,0.0,ADD
2014-10-10,TQQQ,BUY,1.4857,1682.0322,2498.97,0.0,0.0,OPEN
2014-10-10,SHV,BUY,87.3744,36.3216,3173.58,0.0,0.0,ADD
2014-10-13,QQQ,SELL,85.07648468017578,-14.37292239612179,-1222.797712043011,275.6775083545411,0.2910691877133875,REDUCE
2014-10-13,TQQQ,SELL,1.4161646366119385,-1682.0322187961326,-2382.0345459009977,-116.93667882902892,-0.046793927705855,CLOSE
2014-10-13,GLD,SELL,118.5199966430664,-11.332231726596804,-1343.0960661947038,-73.1325468059288,-0.05163894171787653,REDUCE
2014-10-13,QLD,BUY,3.4071,9.6362,32.83,0.0,0.0,ADD
2014-10-13,SHV,BUY,87.3823,56.0776,4900.19,0.0,0.0,ADD
2014-10-20,QLD,SELL,3.509309768676758,-9.332358604472187,-32.75013721546884,1.7233876237806245,0.05554521973653026,REDUCE
2014-10-20,SHV,SELL,87.3823471069336,-27.6278196293347,-2414.183724658278,0.12361126840583776,5.1204718441111297e-05,REDUCE
2014-10-20,QQQ,BUY,86.3852,14.361,1240.58,0.0,0.0,ADD
2014-10-20,GLD,BUY,119.8,10.1941,1221.26,0.0,0.0,ADD
2014-10-21,QQQ,SELL,88.65489196777344,-0.5632353065447069,-49.93356525415675,7.084172932035908,0.16532726715890278,REDUCE
2014-10-21,SHV,SELL,87.3823471069336,-66.73087620623353,-5831.100587402914,0.29856457586421925,5.1204718441111297e-05,REDUCE
2014-10-21,QLD,BUY,3.6929,1584.2397,5850.41,0.0,0.0,ADD
2014-10-21,GLD,BUY,120.02,0.2552,30.63,0.0,0.0,ADD
2014-12-01,QQQ,SELL,95.9215316772461,-0.7943750349294059,-76.19767007659448,15.763803223670644,0.260843861969557,REDUCE
2014-12-01,QLD,SELL,4.312351703643799,-519.324623169903,-2239.510423470905,358.4385989820386,0.1905501928824196,REDUCE
2014-12-01,USD,BUY,0.9316,1501.4824,1398.71,0.0,0.0,OPEN
2014-12-01,GLD,BUY,116.58,4.784,557.72,0.0,0.0,ADD
2014-12-01,SHV,BUY,87.3744,4.1119,359.28,0.0,0.0,ADD
2014-12-05,QQQ,SELL,96.4432144165039,-0.09410126207985463,-9.075428195631048,1.9164631058842312,0.2677011386225392,REDUCE
2014-12-05,USD,SELL,0.9999391436576843,-99.88547657535746,-99.87939791060262,6.830865284824393,0.07341185392247618,REDUCE
2014-12-05,QLD,SELL,4.359624862670898,-12.774379658410695,-55.691503164004644,9.420780423984413,0.20360132425241417,REDUCE
2014-12-05,SHV,SELL,87.3664321899414,-30.125960431185735,-2631.9976791680465,-0.33953621076695467,-0.00012898659365645493,REDUCE
2014-12-05,TQQQ,BUY,2.0454,1294.2592,2647.3,0.0,0.0,OPEN
2014-12-05,GLD,BUY,114.43,1.3051,149.34,0.0,0.0,ADD
2014-12-08,TQQQ,SELL,2.001249074935913,-1294.2591601500703,-2590.13494697766,-57.16483270035771,-0.02159363784154078,CLOSE
2014-12-08,GLD,SELL,115.77999877929688,-1.071740315233626,-124.08609238947247,-8.044729412416112,-0.060884578652496746,REDUCE
2014-12-08,QQQ,BUY,95.7568,0.0542,5.19,0.0,0.0,ADD
2014-12-08,USD,BUY,0.9675,39.4808,38.2,0.0,0.0,ADD
2014-12-08,QLD,BUY,4.2949,14.0695,60.43,0.0,0.0,ADD
2014-12-08,SHV,BUY,87.3506,29.8842,2610.4,0.0,0.0,ADD
2014-12-09,GLD,SELL,118.19000244140625,-0.7940009307574759,-93.84297194470491,-4.046408534166237,-0.041336542476531735,REDUCE
2014-12-09,SHV,SELL,87.35063934326172,-29.728543092190446,-2596.807245846542,-0.5161144557640165,-0.0001987101273766001,REDUCE
2014-12-09,QQQ,BUY,96.0588,0.1309,12.57,0.0,0.0,ADD
2014-12-09,USD,BUY,0.9613,20.8572,20.05,0.0,0.0,ADD
2014-12-09,TQQQ,BUY,2.0207,1313.6927,2654.53,0.0,0.0,OPEN
2014-12-09,QLD,BUY,4.3265,0.8096,3.5,0.0,0.0,ADD
2014-12-18,QQQ,SELL,95.40902709960938,-0.2383039942286895,-22.736352243310193,4.575089931586968,0.2519147542202347,REDUCE
2014-12-18,USD,SELL,0.9546443223953247,-12.395634479232328,-11.833422078086869,0.2689400172329432,0.023255690641201587,REDUCE
2014-12-18,TQQQ,SELL,1.9687659740447998,-1313.692710598656,-2586.3535089773163,-68.17301640245998,-0.02568179890110789,CLOSE
2014-12-18,QLD,BUY,4.2583,0.6185,2.63,0.0,0.0,ADD
2014-12-18,GLD,BUY,115.15,0.6623,76.27,0.0,0.0,ADD
2014-12-18,SHV,BUY,87.3506,29.1014,2542.02,0.0,0.0,ADD
2014-12-22,QQQ,SELL,96.06765747070312,-0.22411136607049578,-21.529853950951747,4.450218674931284,0.2605570085667648,REDUCE
2014-12-22,USD,SELL,0.975208580493927,-32.45891146473971,-31.65420897390686,1.371733318648981,0.04529792525106213,REDUCE
2014-12-22,QLD,SELL,4.31635856628418,-1444.2765918945252,-6234.015639507654,992.2005490848777,0.1892856829111942,CLOSE
2014-12-22,GLD,BUY,112.55,1.3641,153.53,0.0,0.0,ADD
2014-12-22,SHV,BUY,87.3348,70.2317,6133.67,0.0,0.0,ADD
2014-12-31,GLD,SELL,113.58000183105469,-0.627371969595315,-71.25690945538827,-5.893397453192624,-0.07638851599353969,REDUCE
2014-12-31,SHV,SELL,87.35856628417969,-30.011335603037093,-2621.7472505546775,0.2735822615146287,0.00010436201012575808,REDUCE
2014-12-31,QQQ,BUY,94.8459,0.3301,31.31,0.0,0.0,ADD
2014-12-31,USD,BUY,0.9369,56.8118,53.23,0.0,0.0,ADD
2014-12-31,TQQQ,BUY,1.9305,1351.2061,2608.46,0.0,0.0,OPEN
2015-01-08,TQQQ,SELL,1.9274982213974,-1351.2060592267103,-2604.447275900874,-4.015632516923476,-0.0015394631466540964,CLOSE
2015-01-08,GLD,SELL,115.94000244140625,-0.9103205742504366,-105.54256960105795,-6.402998725686813,-0.05719742926310267,REDUCE
2015-01-08,QQQ,BUY,94.8919,0.1556,14.76,0.0,0.0,ADD
2015-01-08,USD,BUY,0.9401,4.0249,3.78,0.0,0.0,ADD
2015-01-08,SHV,BUY,87.3506,30.812,2691.45,0.0,0.0,ADD
2015-01-15,GLD,SELL,120.94000244140625,-2.2844456059677642,-276.2808571630012,-4.646070015557595,-0.016538357722485353,REDUCE
2015-01-15,SHV,SELL,87.3744125366211,-29.454587672967524,-2573.5772944339387,0.7282337884033666,0.00028304567086445687,REDUCE
2015-01-15,QQQ,BUY,91.539,1.1578,105.98,0.0,0.0,ADD
2015-01-15,USD,BUY,0.8731,121.5652,106.13,0.0,0.0,ADD
2015-01-15,TQQQ,BUY,1.7292,1525.4079,2637.74,0.0,0.0,OPEN
2015-01-20,QQQ,SELL,93.34857940673828,-0.048773159753706614,-4.552905176186414,0.790507831283718,0.21010748169772664,REDUCE
2015-01-20,USD,SELL,0.9010663628578186,-21.74548334168911,-19.59412358328109,-0.5977866832014467,-0.02960525652660706,REDUCE
2015-01-20,TQQQ,SELL,1.830430269241333,-1525.407915823727,-2792.1528220640853,154.4138087283125,0.05854021491422512,CLOSE
2015-01-20,GLD,SELL,124.19999694824219,-0.5233278687067489,-64.9973196963083,0.6417098806785868,0.009971312252607056,REDUCE
2015-01-20,SHV,BUY,87.3744,32.9764,2881.3,0.0,0.0,ADD
2015-01-23,QQQ,SELL,95.77372741699219,-0.5918234803787168,-56.681140688766845,11.027442989619193,0.2415454507603898,REDUCE
2015-01-23,USD,SELL,0.9337530732154846,-47.81250231210105,-44.645070972046824,0.24846036872773816,0.005596381465867273,REDUCE
2015-01-23,SHV,SELL,87.3744125366211,-71.90041578501844,-6282.256590354784,1.4049539533762205,0.00022368844779485642,REDUCE
2015-01-23,QLD,BUY,4.2749,1485.232,6349.21,0.0,0.0,OPEN
2015-01-23,GLD,BUY,124.23,0.2767,34.38,0.0,0.0,ADD
2015-01-27,QLD,SELL,4.047603607177734,-1485.231989640843,-6011.6303587660395,-337.5771904860517,-0.05316839745234292,CLOSE
2015-01-27,GLD,SELL,124.4000015258789,-1.2317337958983228,-153.22768608922797,1.74958705355971,0.011550099088236676,REDUCE
2015-01-27,QQQ,BUY,93.1833,0.2281,21.26,0.0,0.0,ADD
2015-01-27,USD,BUY,0.8776,66.5985,58.45,0.0,0.0,ADD
2015-01-27,SHV,BUY,87.3664,69.6509,6085.15,0.0,0.0,ADD
2015-01-28,SHV,SELL,87.35856628417969,-30.770651846666997,-2688.080028954475,-0.04613774033312408,-1.7163532316621932e-05,REDUCE
2015-01-28,QQQ,BUY,92.7056,0.0347,3.22,0.0,0.0,ADD
2015-01-28,USD,BUY,0.862,22.6205,19.5,0.0,0.0,ADD
2015-01-28,TQQQ,BUY,1.7868,1475.4091,2636.33,0.0,0.0,OPEN
2015-01-28,GLD,BUY,123.42,0.2352,29.03,0.0,0.0,ADD
2015-01-30,QQQ,SELL,92.87090301513672,-0.07201203218565014,-6.687822457036418,1.1221267856266264,0.20161482982097567,REDUCE
2015-01-30,TQQQ,SELL,1.7963577508926392,-8.915788779962671,-16.015946280207572,0.08477781916066676,0.0053215066658767185,REDUCE
2015-01-30,GLD,SELL,123.44999694824219,-0.05884322688423325,-7.264196179283317,0.027577908884928233,0.0038108834616490395,REDUCE
2015-01-30,SHV,SELL,87.3664321899414,-71.05269436689856,-6207.620404318275,0.45235686862935304,7.287653003285044e-05,REDUCE
2015-01-30,USD,BUY,0.8372,46.7348,39.13,0.0,0.0,ADD
2015-01-30,QLD,BUY,4.0172,1542.9826,6198.46,0.0,0.0,OPEN
2015-02-02,QQQ,SELL,93.67927551269531,-0.0793729280230891,-7.435598392524298,1.30099076492205,0.21207399786554082,REDUCE
2015-02-02,USD,SELL,0.8422711491584778,-1665.8783447882915,-1403.1212678230572,-134.5749323217214,-0.08751724320385967,CLOSE
2015-02-02,TQQQ,SELL,1.8435050249099731,-29.100393163015678,-53.64672102287523,1.6487119622970399,0.03170721325842063,REDUCE
2015-02-02,QLD,SELL,4.085382461547852,-1542.9826431616618,-6303.674228845401,105.2117228457806,0.016973841939665446,CLOSE
2015-02-02,GLD,BUY,122.42,12.3057,1506.46,0.0,0.0,ADD
2015-02-02,SHV,BUY,87.3823,71.6554,6261.42,0.0,0.0,ADD
2015-02-03,QQQ,SELL,94.57951354980469,-0.26800663754425397,-25.34793740705436,4.634129766636356,0.22372177279439276,REDUCE
2015-02-03,TQQQ,SELL,1.893822193145752,-1437.3928839922664,-2722.1665439743315,153.76247511002592,0.05986693331241155,CLOSE
2015-02-03,GLD,BUY,121.05,0.8101,98.07,0.0,0.0,ADD
2015-02-03,SHV,BUY,87.3903,30.3174,2649.45,0.0,0.0,ADD
2015-02-10,QQQ,SELL,95.9023208618164,-0.5556289166885882,-53.286102648372434,10.342425561864351,0.2408369814496789,REDUCE
2015-02-10,SHV,SELL,87.3664321899414,-71.8393263247182,-6276.345631919566,-0.7058200530073492,-0.00011244452246528258,REDUCE
2015-02-10,QLD,BUY,4.2783,1448.487,6197.02,0.0,0.0,OPEN
2015-02-10,GLD,BUY,118.47,1.1194,132.61,0.0,0.0,ADD
2015-03-02,QQQ,SELL,100.47697448730469,-0.6991510793520918,-70.24858516283166,16.21230791989011,0.3000263664908158,REDUCE
2015-03-02,GLD,SELL,115.68000030517578,-8.963452820308566,-1036.8922249887237,-63.79005939165363,-0.05795501599043529,REDUCE
2015-03-02,QLD,BUY,4.692,203.4711,954.69,0.0,0.0,ADD
2015-03-02,SHV,BUY,87.3744,1.7448,152.45,0.0,0.0,ADD
2015-03-06,QQQ,SELL,98.66729736328125,-0.13217901229794887,-13.041745911586531,2.8258398432599034,0.27661176838940715,REDUCE
2015-03-06,SHV,SELL,87.3744125366211,-32.0185645443737,-2797.603267330537,-0.05785142233563788,-2.0678495314507828e-05,REDUCE
2015-03-06,TQQQ,BUY,2.1405,1227.6097,2627.64,0.0,0.0,OPEN
2015-03-06,QLD,BUY,4.5197,23.775,107.46,0.0,0.0,ADD
2015-03-06,GLD,BUY,111.86,0.6754,75.55,0.0,0.0,ADD
2015-03-16,QQQ,SELL,98.01509094238281,-0.08218069139775445,-8.0549479410588,1.7033327386608503,0.2681731629488173,REDUCE
2015-03-16,TQQQ,SELL,2.0948915481567383,-1227.6097017268614,-2571.7091885828163,-55.93355942929074,-0.021286592125815518,CLOSE
2015-03-16,GLD,SELL,110.80999755859375,-0.018937724758928416,-2.0984892343021784,-0.22484673645080097,-0.09677753853995108,REDUCE
2015-03-16,QLD,BUY,4.4613,5.4939,24.51,0.0,0.0,ADD
2015-03-16,SHV,BUY,87.3744,29.2689,2557.35,0.0,0.0,ADD
2015-03-25,GLD,SELL,114.7300033569336,-2.019971569619425,-231.75134496334704,-16.064729424499397,-0.0648252114564496,REDUCE
2015-03-25,SHV,SELL,87.3664321899414,-29.61133165476255,-2587.036399069678,-0.2707925662322996,-0.0001046619307933927,REDUCE
2015-03-25,QQQ,BUY,97.0988,0.3353,32.56,0.0,0.0,ADD
2015-03-25,TQQQ,BUY,2.0297,1286.1121,2610.45,0.0,0.0,OPEN
2015-03-25,QLD,BUY,4.3709,40.2164,175.78,0.0,0.0,ADD
2015-03-31,QQQ,SELL,97.22773742675781,-0.07141096199352631,-6.943126262098758,1.40624291489858,0.2539773418939142,REDUCE
2015-03-31,TQQQ,SELL,2.0404205322265625,-8.448065561226542,-17.237606428722756,0.09038412427770612,0.005271065054908375,REDUCE
2015-03-31,QLD,SELL,4.380723476409912,-321.2064188092212,-1407.1164996511097,15.24684318078155,0.01095421766679383,REDUCE
2015-03-31,SHV,SELL,87.3744125366211,-0.07505638184964829,-6.558007271237329,-8.740690365704975e-05,-1.332809420218073e-05,REDUCE
2015-03-31,GLD,BUY,113.66,0.5076,57.69,0.0,0.0,ADD
2015-03-31,BIL,BUY,73.0363,18.8969,1380.16,0.0,0.0,OPEN
2015-04-01,TQQQ,SELL,2.0059473514556885,-1277.6639902130155,-2562.926697218105,-30.375676181810203,-0.011713125508764577,CLOSE
2015-04-01,QLD,SELL,4.335546970367432,-1400.237065571278,-6070.793567433737,3.2078365542998246,0.0005286841746585669,CLOSE
2015-04-01,GLD,SELL,115.5999984741211,-1.0602886914506566,-122.56937111382376,-7.43339511294684,-0.05717874571976711,REDUCE
2015-04-01,QQQ,BUY,96.7213,0.1421,13.74,0.0,0.0,ADD
2015-04-01,SHV,BUY,87.3744,100.0506,8741.86,0.0,0.0,ADD
2015-04-07,QQQ,SELL,97.41189575195312,-0.13543851489784786,-13.193322494028507,2.678336272799721,0.25471609914166193,REDUCE
2015-04-07,GLD,SELL,116.11000061035156,-0.14480797315147573,-16.813653851001618,-0.9413568674729389,-0.05301922270840609,REDUCE
2015-04-07,SHV,SELL,87.3744125366211,-29.58320372769105,-2584.8150466581847,-0.011878951881521136,-4.595646913130302e-06,REDUCE
2015-04-07,TQQQ,BUY,2.0481,1275.5704,2612.56,0.0,0.0,OPEN
2015-04-07,BIL,BUY,73.0363,0.0405,2.96,0.0,0.0,ADD
2015-04-08,QQQ,SELL,98.18529510498047,-0.16356264624965033,-16.059446690173445,3.360998446555557,0.2646778867839037,REDUCE
2015-04-08,TQQQ,SELL,2.096884250640869,-1275.5704114916039,-2674.723506440237,62.16784189860873,0.02379579610201943,CLOSE
2015-04-08,SHV,SELL,87.3823471069336,-40.313225585950335,-3522.664271151629,0.30368059736066816,8.62150792213523e-05,REDUCE
2015-04-08,QLD,BUY,4.4655,1379.0508,6158.21,0.0,0.0,OPEN
2015-04-08,GLD,BUY,115.47,0.4569,52.76,0.0,0.0,ADD
2015-04-08,BIL,BUY,73.0363,0.0339,2.48,0.0,0.0,ADD
2015-04-14,QQQ,SELL,98.67327880859375,-0.12284654368859414,-12.121671256056743,2.5842829054430934,0.2709633717784823,REDUCE
2015-04-14,QLD,SELL,4.509179592132568,-1379.0507863760138,-6218.387662441091,60.17933452891697,0.00977221479438306,CLOSE
2015-04-14,GLD,BUY,114.44,0.5854,66.99,0.0,0.0,ADD
2015-04-14,SHV,BUY,87.3823,70.5262,6162.74,0.0,0.0,ADD
2015-04-17,GLD,SELL,115.5999984741211,-0.5210310196860748,-60.23118508068001,-3.5865272743436902,-0.056199558743057376,REDUCE
2015-04-17,SHV,SELL,87.3823471069336,-29.737772134677186,-2598.5563268592596,0.12097886990627908,4.6558352894798816e-05,REDUCE
2015-04-17,QQQ,BUY,97.6052,0.339,33.09,0.0,0.0,ADD
2015-04-17,TQQQ,BUY,2.0563,1275.5509,2622.88,0.0,0.0,OPEN
2015-04-17,BIL,BUY,73.0043,0.0492,3.59,0.0,0.0,ADD
2015-04-20,QQQ,SELL,99.06916809082031,-0.2894043901018192,-28.671052169218456,6.129766884959678,0.27193510962927525,REDUCE
2015-04-20,TQQQ,SELL,2.1481964588165283,-1275.550907722275,-2740.1339430091994,117.25702581135324,0.044705500682290955,CLOSE
2015-04-20,GLD,BUY,114.72,0.7383,84.7,0.0,0.0,ADD
2015-04-20,BIL,BUY,73.0043,0.0774,5.65,0.0,0.0,ADD
2015-04-20,SHV,BUY,87.3744,30.655,2678.46,0.0,0.0,ADD
2015-04-21,QQQ,SELL,99.4926986694336,-0.05607875586653537,-5.579426759185935,1.2115343649857666,0.27737275913538584,REDUCE
2015-04-21,GLD,SELL,115.37999725341797,-0.22696125748779156,-26.18678926557368,-1.591726795236548,-0.05730064168122162,REDUCE
2015-04-21,SHV,SELL,87.3744125366211,-70.74013140099076,-6180.877423924951,-0.2191527495337432,-3.5455318779686884e-05,REDUCE
2015-04-21,QLD,BUY,4.5796,1356.0152,6209.94,0.0,0.0,OPEN
2015-04-21,BIL,BUY,73.0203,0.037,2.7,0.0,0.0,ADD
2015-04-30,QQQ,SELL,99.09678649902344,-0.09483900432997612,-9.398240563867603,2.0113690242723665,0.2722896984861576,REDUCE
2015-04-30,BIL,SELL,73.0202865600586,-19.134914009043584,-1397.236904242442,-0.30092083800330965,-0.00021532214198638489,CLOSE
2015-04-30,SHV,SELL,87.3823471069336,-30.612664451414627,-2675.0064709616,0.1480603809051755,5.535260495270755e-05,REDUCE
2015-04-30,TQQQ,BUY,2.1456,1220.7769,2619.32,0.0,0.0,OPEN
2015-04-30,QLD,BUY,4.5378,307.7613,1396.55,0.0,0.0,ADD
2015-04-30,GLD,BUY,113.47,0.5796,65.77,0.0,0.0,ADD
2015-05-05,QLD,SELL,4.525465965270996,-1357.0790010665542,-6141.414831510652,-62.90762051777908,-0.010139321578492733,REDUCE
2015-05-05,GLD,SELL,114.41999816894531,-0.4729193187516888,-54.1114275856271,-3.7323579881832782,-0.06452478777379944,REDUCE
2015-05-05,QQQ,BUY,98.9311,0.0681,6.74,0.0,0.0,ADD
2015-05-05,TQQQ,BUY,2.1341,7.6774,16.38,0.0,0.0,ADD
2015-05-05,SHV,BUY,87.3903,70.6303,6172.4,0.0,0.0,ADD
2015-05-07,QQQ,SELL,98.8389663696289,-0.062798447085778,-6.206933599576132,1.3122582218114556,0.26809913232912774,REDUCE
2015-05-07,TQQQ,SELL,2.124422311782837,-1228.4543215935864,-2609.7557697994635,-25.953479815735882,-0.00984686752513575,CLOSE
2015-05-07,GLD,BUY,113.42,0.3477,39.44,0.0,0.0,ADD
2015-05-07,SHV,BUY,87.3903,29.483,2576.52,0.0,0.0,ADD
2015-05-14,QQQ,SELL,100.89217376708984,-0.17026305299524805,-17.178209528911793,3.9074614147021425,0.2944416833982577,REDUCE
2015-05-14,GLD,SELL,117.18000030517578,-1.1684064646939598,-136.91386988940758,-5.939734433978458,-0.04157917094294894,REDUCE
2015-05-14,SHV,SELL,87.3823471069336,-69.16294628237247,-6043.6205789844735,-0.24341399063746058,-4.0274564570008664e-05,REDUCE
2015-05-14,QLD,BUY,4.6982,1319.1744,6197.71,0.0,0.0,ADD
2015-05-26,QQQ,SELL,100.54232788085938,-0.19351882256022013,-19.4568329089675,4.373469229198473,0.2899531776897024,REDUCE
2015-05-26,QLD,SELL,4.663756370544434,-5.705187258528153,-26.607603422109605,-0.060384402678827935,-0.0022643029191238284,REDUCE
2015-05-26,SHV,SELL,87.3823471069336,-30.906582063715724,-2700.6896817805355,-0.10877348177705688,-4.0274564570008664e-05,REDUCE
2015-05-26,TQQQ,BUY,2.231,1175.0241,2621.49,0.0,0.0,OPEN
2015-05-26,GLD,BUY,113.91,1.0997,125.26,0.0,0.0,ADD
2015-05-27,TQQQ,SELL,2.3383896350860596,-1175.0240688443398,-2747.664103562253,126.17286208298535,0.04813018639413347,CLOSE
2015-05-27,QLD,SELL,4.813723564147949,-24.38277310109683,-117.37192943602258,3.398545788948288,0.029818767155953774,REDUCE
2015-05-27,QQQ,BUY,102.1628,0.013,1.33,0.0,0.0,ADD
2015-05-27,GLD,BUY,113.89,1.069,121.75,0.0,0.0,ADD
2015-05-27,SHV,BUY,87.3823,31.3789,2741.96,0.0,0.0,ADD
2015-06-01,QLD,SELL,4.765168190002441,-284.20155042651743,-1354.2681876418155,25.813372205022212,0.019431125473797106,REDUCE
2015-06-01,GLD,SELL,114.0,-41.395000445939644,-4719.030050837119,-330.46738235248404,-0.06544559864123711,REDUCE
2015-06-01,SHV,SELL,87.3823471069336,-53.92294560193847,-4711.913549616886,-0.11915420664630462,-2.5287219791447768e-05,REDUCE
2015-06-01,SMH,BUY,26.5709,117.6083,3124.96,0.0,0.0,OPEN
2015-06-01,QQQ,BUY,101.6656,0.0405,4.12,0.0,0.0,ADD
2015-06-01,USD,BUY,1.0259,1370.7567,1406.23,0.0,0.0,OPEN
2015-06-01,XLY,BUY,33.8425,92.3383,3124.96,0.0,0.0,OPEN
2015-06-01,XLC,BUY,28.2739,110.5243,3124.96,0.0,0.0,OPEN
2015-06-03,QQQ,SELL,101.6471939086914,-0.0572110094353674,-5.815338569788764,1.3533718775165398,0.3033128597442185,REDUCE
2015-06-03,QLD,SELL,4.763939380645752,-2.7708985126824155,-13.200392544340502,0.24826942349440703,0.019168241467286906,REDUCE
2015-06-03,XLY,SELL,34.183021545410156,-1.1365606411639149,-38.851076884571285,0.38704645155847106,0.010062555774869475,REDUCE
2015-06-03,XLC,SELL,28.416011089430512,-0.8132486345664848,-23.109282218305452,0.11554604493310275,0.005025109623850943,REDUCE
2015-06-03,SHV,SELL,87.3902816772461,-30.397582546711174,-2656.453301064429,0.1740218380855085,6.551338161098208e-05,CLOSE
2015-06-03,SMH,BUY,26.0091,2.2553,58.66,0.0,0.0,ADD
2015-06-03,USD,BUY,1.0039,26.6562,26.76,0.0,0.0,ADD
2015-06-03,TQQQ,BUY,2.3009,1151.6644,2649.92,0.0,0.0,OPEN
2015-06-03,GLD,BUY,113.64,0.0184,2.09,0.0,0.0,ADD
2015-06-11,QQQ,SELL,100.95663452148438,-0.16683159352474594,-16.842756214114615,3.831326755470342,0.2944585579661243,REDUCE
2015-06-11,TQQQ,SELL,2.2524073123931885,-1151.6643714339127,-2594.01725164045,-55.89972481584589,-0.021094896675064922,CLOSE
2015-06-11,XLY,SELL,34.028236389160156,-0.7898734097265965,-26.87799910368858,0.14672426485685966,0.00548886148309391,REDUCE
2015-06-11,GLD,SELL,113.26000213623047,-0.22942337792490305,-25.98449227387573,-1.9998093212057213,-0.07146182706797333,REDUCE
2015-06-11,XLC,SELL,28.20802476561729,-0.6443654555860112,-18.17627672927847,-0.04246801276185686,-0.0023310065190089713,REDUCE
2015-06-11,SMH,BUY,25.6079,0.2772,7.1,0.0,0.0,ADD
2015-06-11,USD,BUY,0.9526,55.8784,53.23,0.0,0.0,ADD
2015-06-11,QLD,BUY,4.6963,1.3833,6.5,0.0,0.0,ADD
2015-06-11,SHV,BUY,87.3903,29.9241,2615.07,0.0,0.0,OPEN
2015-06-26,QQQ,SELL,100.83816528320312,-0.1342866039981274,-13.541214769283215,3.068014590305345,0.292939554088115,REDUCE
2015-06-26,QLD,SELL,4.685267925262451,-5.247663616490897,-24.586710024911554,0.057221642495772954,0.002332769505979382,REDUCE
2015-06-26,XLY,SELL,34.56230545043945,-1.9624625442711912,-67.82722989014746,1.412631062236348,0.021269887753092576,REDUCE
2015-06-26,XLC,SELL,28.23065504710634,-0.7796235692258557,-22.00928404940896,-0.033739330369852966,-0.001530612647301588,REDUCE
2015-06-26,SHV,SELL,87.3744125366211,-29.924054015790258,-2614.596640343791,-0.4748690212466716,-0.00018158930627554248,CLOSE
2015-06-26,SMH,BUY,24.9258,2.5037,62.41,0.0,0.0,ADD
2015-06-26,USD,BUY,0.8901,92.285,82.14,0.0,0.0,ADD
2015-06-26,TQQQ,BUY,2.2421,1158.739,2598.01,0.0,0.0,OPEN
2015-06-29,SMH,SELL,24.212478637695312,-0.6521037017522209,-15.789046948237683,-1.5078573800304471,-0.08717498526983081,REDUCE
2015-06-29,QQQ,SELL,98.45726776123047,-0.2684325123332221,-26.429131742611844,5.493704436318622,0.26241186081103796,REDUCE
2015-06-29,QLD,SELL,4.465847969055176,-1304.947204969898,-5827.695825039047,-272.1020361241422,-0.04460836937836732,CLOSE
2015-06-29,XLY,SELL,33.781436920166016,-1.012542999758535,-34.20515747529862,-0.0618084452901309,-0.001803732651246892,REDUCE
2015-06-29,GLD,SELL,113.06999969482422,-0.8844479799824765,-100.00453282670651,-7.877494021890385,-0.07301952189817273,REDUCE
2015-06-29,XLC,SELL,27.611137538170283,-1.310585912566873,-36.18676788747234,-0.8686484086339609,-0.023441874237565496,REDUCE
2015-06-29,USD,BUY,0.8364,43.6512,36.51,0.0,0.0,ADD
2015-06-29,TQQQ,BUY,2.0836,46.2272,96.32,0.0,0.0,ADD
2015-06-29,SHV,BUY,87.3823,67.605,5907.48,0.0,0.0,OPEN
2015-06-30,SMH,SELL,24.32839012145996,-121.9925151113506,-2967.881499527037,-267.9425833235234,-0.08280505258106696,CLOSE
2015-06-30,USD,SELL,0.8457518815994263,-1589.2275098450202,-1344.0921567409966,-260.77783981230783,-0.16249156652711239,CLOSE
2015-06-30,TQQQ,SELL,2.107384443283081,-9.921041718929041,-20.9074489796335,-1.2762413623579851,-0.0575306156317098,REDUCE
2015-06-30,XLY,SELL,33.93228530883789,-0.12036609546097239,-4.084296692692533,0.01080954978691945,0.0026536354253001715,REDUCE
2015-06-30,SHV,SELL,87.3902816772461,-67.60498576394788,-5908.018748697617,0.536416513019606,9.080289755547533e-05,CLOSE
2015-06-30,QQQ,BUY,98.8079,29.9738,2961.65,0.0,0.0,ADD
2015-06-30,QLD,BUY,4.496,1318.0031,5925.69,0.0,0.0,OPEN
2015-06-30,GLD,BUY,112.37,0.2072,23.28,0.0,0.0,ADD
2015-06-30,BIL,BUY,73.0043,18.263,1333.28,0.0,0.0,OPEN
2015-06-30,XLC,BUY,27.6861,0.0391,1.08,0.0,0.0,ADD
2015-07-07,TQQQ,SELL,2.1513671875,-1195.0451631888761,-2570.9809516651308,-101.16907007053722,-0.03786055021148249,CLOSE
2015-07-07,QLD,SELL,4.5641889572143555,-1318.0030654187085,-6015.615036758739,89.92189340596619,0.01517491561419071,CLOSE
2015-07-07,XLY,SELL,34.48244857788086,-0.550432375122083,-18.980256070748055,0.3522595862578626,0.018910224003486187,REDUCE
2015-07-07,XLC,SELL,27.98741426090551,-0.11372810014591545,-3.182955451889484,-0.032560649632780665,-0.010126103743460013,REDUCE
2015-07-07,QQQ,BUY,99.6385,0.0771,7.68,0.0,0.0,ADD
2015-07-07,GLD,BUY,110.76,0.5488,60.78,0.0,0.0,ADD
2015-07-07,BIL,BUY,72.9883,0.1832,13.37,0.0,0.0,ADD
2015-07-07,SHV,BUY,87.3903,97.573,8526.93,0.0,0.0,OPEN
2015-07-08,GLD,SELL,111.08999633789062,-0.2567695496133784,-28.52452832623203,-2.7042723051555084,-0.08659545837432803,REDUCE
2015-07-08,BIL,SELL,72.98831176757812,-0.151941245970764,-11.089935031268396,-0.0024090418118116,-0.00021718058833553044,REDUCE
2015-07-08,SHV,SELL,87.4061279296875,-29.677023246577356,-2593.9536904626502,0.47026960207474644,0.00018132739862242175,REDUCE
2015-07-08,QQQ,BUY,97.9035,0.5187,50.79,0.0,0.0,ADD
2015-07-08,TQQQ,BUY,2.0436,1234.1869,2522.17,0.0,0.0,OPEN
2015-07-08,XLY,BUY,33.8258,0.9558,32.33,0.0,0.0,ADD
2015-07-08,XLC,BUY,27.4923,1.0286,28.28,0.0,0.0,ADD
2015-07-10,QQQ,SELL,99.34317016601562,-0.11532962483393817,-11.457210545060661,1.1544173185915652,0.11204896509285756,REDUCE
2015-07-10,TQQQ,SELL,2.132347583770752,-1234.1869295648198,-2631.715517178987,109.54424761568583,0.04343251742561183,CLOSE
2015-07-10,XLY,SELL,34.46024703979492,-0.5286144356477088,-18.216184041221823,0.326656834537752,0.01825966839502069,REDUCE
2015-07-10,XLC,SELL,27.914734051170527,-0.2919335496193376,-8.149247398238003,-0.1026251530196752,-0.012436589680972943,REDUCE
2015-07-10,GLD,BUY,111.49,0.204,22.74,0.0,0.0,ADD
2015-07-10,BIL,BUY,72.9883,0.2308,16.85,0.0,0.0,ADD
2015-07-10,SHV,BUY,87.3903,30.0943,2629.95,0.0,0.0,ADD
2015-07-13,QQQ,SELL,101.08731842041016,-0.5656872320320881,-57.183805350788134,6.649013523691244,0.1315729873082414,REDUCE
2015-07-13,XLY,SELL,34.9571533203125,-0.6145840023110869,-21.484107196999958,0.6851723047560089,0.03294266308855631,REDUCE
2015-07-13,XLC,SELL,28.328183970239387,-0.799923305296854,-22.660374554531245,0.049526384810686434,0.002190381556628651,REDUCE
2015-07-13,SHV,SELL,87.3981704711914,-68.55527570218167,-5991.6056725188,0.5408184438785999,9.027083783119672e-05,REDUCE
2015-07-13,QLD,BUY,4.6933,1289.7405,6053.08,0.0,0.0,OPEN
2015-07-13,GLD,BUY,110.99,0.2705,30.02,0.0,0.0,ADD
2015-07-13,BIL,BUY,72.9883,0.1347,9.83,0.0,0.0,ADD
2015-07-24,QQQ,SELL,102.52694702148438,-0.4743486895114987,-48.63352295925597,6.258318216151452,0.14768821187040593,REDUCE
2015-07-24,QLD,SELL,4.826016426086426,-28.51136687335146,-137.59632486097053,3.78512964632232,0.02828709242339955,REDUCE
2015-07-24,SHV,SELL,87.3902816772461,-29.43495140639658,-2572.328694561048,0.0,0.0,CLOSE
2015-07-24,TQQQ,BUY,2.337,1106.91,2586.85,0.0,0.0,OPEN
2015-07-24,XLY,BUY,34.9838,0.4147,14.51,0.0,0.0,ADD
2015-07-24,GLD,BUY,105.35,1.3765,145.02,0.0,0.0,ADD
2015-07-24,BIL,BUY,73.0043,0.0995,7.27,0.0,0.0,ADD
2015-07-24,XLC,BUY,28.4396,0.1728,4.91,0.0,0.0,ADD
2015-07-30,TQQQ,SELL,2.3960423469543457,-1106.9099813574512,-2652.2031895988985,65.35045887079721,0.02526253547197621,CLOSE
2015-07-30,QLD,SELL,4.908375263214111,-7.403340261730708,-36.338372205836095,1.5925877121141536,0.045835422492818134,REDUCE
2015-07-30,XLY,SELL,35.480709075927734,-0.26665273412505874,-9.461028083791916,0.4354358329247404,0.04824457174906205,REDUCE
2015-07-30,QQQ,BUY,103.4314,0.1238,12.8,0.0,0.0,ADD
2015-07-30,GLD,BUY,104.27,0.5296,55.22,0.0,0.0,ADD
2015-07-30,BIL,BUY,73.0043,0.2081,15.2,0.0,0.0,ADD
2015-07-30,SHV,BUY,87.3823,29.9234,2614.78,0.0,0.0,OPEN
2015-07-31,QQQ,SELL,103.31137084960938,-29.71643854110412,-3070.046002449633,414.4317104276882,0.15605869861174226,REDUCE
2015-07-31,XLY,SELL,35.59162521362305,-86.7266672075421,-3086.743035277451,151.24140593800297,0.05152148594515871,CLOSE
2015-07-31,BIL,SELL,73.00432586669922,-18.967446453384103,-1384.7056417420215,0.008762065733210022,6.327786147064529e-06,CLOSE
2015-07-31,XLC,SELL,28.76018452356051,-107.01131529108821,-3077.6651738806095,52.82449710443402,0.017463563456417752,CLOSE
2015-07-31,QLD,BUY,4.8967,286.0527,1400.71,0.0,0.0,ADD
2015-07-31,GLD,BUY,104.93,43.8429,4600.44,0.0,0.0,ADD
2015-07-31,SHV,BUY,87.3744,52.8531,4618.01,0.0,0.0,ADD
2015-08-06,GLD,SELL,104.38999938964844,-0.4069149446787505,-42.477850826653594,-2.4759240669641174,-0.05507711138437976,REDUCE
2015-08-06,SHV,SELL,87.3823471069336,-30.527414790670107,-2667.557155515674,0.15465948040812946,5.79813060226364e-05,REDUCE
2015-08-06,QQQ,BUY,101.9271,0.0611,6.23,0.0,0.0,ADD
2015-08-06,TQQQ,BUY,2.291,1129.2692,2587.2,0.0,0.0,OPEN
2015-08-06,QLD,BUY,4.767,24.4615,116.61,0.0,0.0,ADD
2015-08-10,TQQQ,SELL,2.358994722366333,-1129.26920277788,-2663.9400894838554,76.73843101877007,0.029660784565319398,CLOSE
2015-08-10,QLD,SELL,4.858592510223389,-8.273514883979932,-40.19763744852662,1.0505777480452239,0.02683669619336193,REDUCE
2015-08-10,QQQ,BUY,102.9607,0.0925,9.52,0.0,0.0,ADD
2015-08-10,GLD,BUY,105.72,0.0731,7.73,0.0,0.0,ADD
2015-08-10,SHV,BUY,87.3664,30.7543,2686.89,0.0,0.0,ADD
2015-08-11,GLD,SELL,106.26000213623047,-0.8607890781295422,-91.46744928088901,-3.6235390784378336,-0.03810601972865524,REDUCE
2015-08-11,SHV,SELL,87.3744125366211,-30.42494478378539,-2658.3616769423825,0.035028497765104916,1.3176897498912155e-05,REDUCE
2015-08-11,QQQ,BUY,101.641,0.1371,13.93,0.0,0.0,ADD
2015-08-11,TQQQ,BUY,2.269,1147.2965,2603.27,0.0,0.0,OPEN
2015-08-11,QLD,BUY,4.7369,27.9981,132.62,0.0,0.0,ADD
2015-08-13,TQQQ,SELL,2.278756618499756,-1147.296484940951,-2614.4094584406976,11.137050720303254,0.004278096555425659,CLOSE
2015-08-13,GLD,SELL,106.86000061035156,-0.17796626658831785,-19.017475356249633,-0.6423793218272751,-0.03267467294880899,REDUCE
2015-08-13,QQQ,BUY,101.8256,0.0304,3.09,0.0,0.0,ADD
2015-08-13,QLD,BUY,4.748,1.0571,5.02,0.0,0.0,ADD
2015-08-13,SHV,BUY,87.3664,30.0495,2625.31,0.0,0.0,ADD
2015-08-20,QQQ,SELL,98.81718444824219,-12.629244731671966,-1247.9864060916195,117.35964490279059,0.10380051926189116,REDUCE
2015-08-20,QLD,SELL,4.471994876861572,-1279.4244848057397,-5721.579741382524,-332.29347808938667,-0.05488940155214761,REDUCE
2015-08-20,GLD,SELL,110.44000244140625,-14.649288636420625,-1617.8674727711586,-0.43295713816979686,-0.0002675381716323866,REDUCE
2015-08-20,SHV,BUY,87.3823,98.0969,8571.94,0.0,0.0,ADD
2015-08-31,QLD,SELL,4.210780143737793,-305.69716040711796,-1287.2235330393194,-159.2485914473811,-0.11009447658999483,CLOSE
2015-08-31,SHV,SELL,87.3823471069336,-1.478498824004752,-129.19469743637637,0.007820617615827379,6.0537245023750685e-05,REDUCE
2015-08-31,QQQ,BUY,96.2609,0.2363,22.75,0.0,0.0,ADD
2015-08-31,GLD,BUY,108.82,12.8083,1393.8,0.0,0.0,ADD
2015-09-30,GLD,SELL,106.86000061035156,-11.826395852281918,-1263.7686679931048,-38.88567261927543,-0.029851105858976545,REDUCE
2015-09-30,SHV,SELL,87.40689086914062,-1.1844141418454412,-103.52595764015132,0.03533501623154182,0.00034143205766534734,REDUCE
2015-09-30,QQQ,BUY,94.1361,0.2133,20.08,0.0,0.0,ADD
2015-09-30,BIL,BUY,72.9724,18.4633,1347.31,0.0,0.0,OPEN
2015-10-22,SHV,SELL,87.41403198242188,-96.36024075311124,-8423.237167026338,3.5628661164572955,0.0004231596127266535,REDUCE
2015-10-22,QQQ,BUY,101.4905,11.9898,1216.85,0.0,0.0,ADD
2015-10-22,QLD,BUY,4.6429,1309.1483,6078.19,0.0,0.0,OPEN
2015-10-22,GLD,BUY,111.69,10.0563,1123.19,0.0,0.0,ADD
2015-10-22,BIL,BUY,72.9724,0.2779,20.28,0.0,0.0,ADD
2015-11-02,QQQ,SELL,106.0234146118164,-0.6240736787723454,-66.1664223928019,6.715692504088093,0.11296232218947089,REDUCE
2015-11-02,BIL,SELL,72.95638275146484,-18.741242508371514,-1367.2932616787753,-0.2994091935160061,-0.00021893155754115767,CLOSE
2015-11-02,QLD,BUY,5.0633,189.4158,959.06,0.0,0.0,ADD
2015-11-02,GLD,BUY,108.59,3.0783,334.27,0.0,0.0,ADD
2015-11-02,SHV,BUY,87.3641,1.6039,140.12,0.0,0.0,ADD
2015-11-09,QQQ,SELL,105.06135559082031,-0.22424117173389882,-23.55908148163735,2.1973388154419937,0.1028632752382721,REDUCE
2015-11-09,SHV,SELL,87.36412811279297,-31.0901900344257,-2716.167345218646,-0.39423891340211226,-0.00014512423193535628,REDUCE
2015-11-09,TQQQ,BUY,2.3828,1084.8694,2584.99,0.0,0.0,OPEN
2015-11-09,QLD,BUY,4.9686,1.0234,5.09,0.0,0.0,ADD
2015-11-09,GLD,BUY,104.4,1.4334,149.65,0.0,0.0,ADD
2015-11-12,QQQ,SELL,103.64598083496094,-12.379322002336204,-1283.0669710039485,103.78357290573967,0.0880056253425665,REDUCE
2015-11-12,TQQQ,SELL,2.2870776653289795,-1084.8694405600454,-2481.1806673028245,-103.81272168010217,-0.04015976293113366,CLOSE
2015-11-12,QLD,SELL,4.83154821395874,-1220.7897233788976,-5898.304407610497,165.25357495886104,0.02882471824908417,REDUCE
2015-11-12,GLD,SELL,103.8499984741211,-13.017912110065007,-1351.9101527664934,-82.45727012417147,-0.05748685365287809,REDUCE
2015-11-12,SHV,BUY,87.3562,125.912,10999.2,0.0,0.0,ADD
2015-11-16,SHV,SELL,87.36412811279297,-126.79450624407366,-11077.29148750558,0.23847326081144235,2.1528583505459054e-05,REDUCE
2015-11-16,QQQ,BUY,103.0724,12.4302,1281.21,0.0,0.0,ADD
2015-11-16,TQQQ,BUY,2.2423,1133.3455,2541.3,0.0,0.0,OPEN
2015-11-16,QLD,BUY,4.7756,1255.0219,5993.5,0.0,0.0,ADD
2015-11-16,GLD,BUY,103.71,12.3087,1276.53,0.0,0.0,ADD
2015-11-18,QQQ,SELL,105.11682891845703,-0.07036175315025187,-7.396204368297731,0.4163298447354916,0.05964718181251971,REDUCE
2015-11-18,TQQQ,SELL,2.379004716873169,-1133.345548554912,-2696.234405859345,154.93013155074902,0.060964809730586156,CLOSE
2015-11-18,QLD,SELL,4.96246337890625,-32.76948515385523,-162.61737002161863,6.596003364744277,0.04227628244822612,REDUCE
2015-11-18,GLD,BUY,102.43,2.0075,205.63,0.0,0.0,ADD
2015-11-18,SHV,BUY,87.3562,30.4572,2660.62,0.0,0.0,ADD
2015-11-30,QQQ,SELL,105.47759246826172,-0.05671428588064369,-5.982086333247025,0.3560383538141321,0.06328391707921788,REDUCE
2015-11-30,QLD,SELL,4.997496128082275,-282.93343533486666,-1413.958747591013,66.8621714131321,0.04963428205187803,REDUCE
2015-11-30,SHV,SELL,87.37203216552734,-29.534777586343022,-2580.5135372756586,0.3554060772258532,0.00013774585089509905,REDUCE
2015-11-30,USD,BUY,0.8951,1530.1306,1369.7,0.0,0.0,OPEN
2015-11-30,TQQQ,BUY,2.4016,1077.2872,2587.2,0.0,0.0,OPEN
2015-11-30,GLD,BUY,101.92,0.4274,43.56,0.0,0.0,ADD
2015-12-01,USD,SELL,0.9171043038368225,-19.27175739696131,-17.674211651252335,0.4231139868581957,0.024526786358151087,REDUCE
2015-12-01,TQQQ,SELL,2.4729130268096924,-1077.287190342196,-2664.0375266124292,76.83552271796663,0.029698308289150877,CLOSE
2015-12-01,QLD,SELL,5.097680568695068,-10.059625164155241,-51.28075572767011,3.3850851427224,0.07067622399645956,REDUCE
2015-12-01,QQQ,BUY,106.5322,0.0395,4.2,0.0,0.0,ADD
2015-12-01,GLD,BUY,102.28,0.5658,57.87,0.0,0.0,ADD
2015-12-01,SHV,BUY,87.361,30.5733,2670.92,0.0,0.0,ADD
2015-12-03,GLD,SELL,101.76000213623047,-0.8592415358073262,-87.43642051929146,-5.984260973705537,-0.06405713251143574,REDUCE
2015-12-03,SHV,SELL,87.3609848022461,-30.866930018373548,-2696.5654042271253,0.01920305680273206,7.121352786132462e-06,REDUCE
2015-12-03,QQQ,BUY,104.0808,0.147,15.29,0.0,0.0,ADD
2015-12-03,USD,BUY,0.8882,22.4485,19.94,0.0,0.0,ADD
2015-12-03,TQQQ,BUY,2.3041,1116.4112,2572.34,0.0,0.0,OPEN
2015-12-03,QLD,BUY,4.8641,36.2713,176.43,0.0,0.0,ADD
2015-12-04,USD,SELL,0.9185009598731995,-6.5221353824729364,-5.990587609224349,0.15297058404970254,0.026204285651151737,REDUCE
2015-12-04,TQQQ,SELL,2.4624123573303223,-1116.4111674915807,-2749.0646546928406,176.72380918928684,0.06870155232274122,CLOSE
2015-12-04,QLD,SELL,5.088460922241211,-19.462393202392608,-99.03362726366777,6.3112981805461255,0.06806664848645383,REDUCE
2015-12-04,QQQ,BUY,106.5137,0.1542,16.42,0.0,0.0,ADD
2015-12-04,GLD,BUY,104.02,0.5162,53.69,0.0,0.0,ADD
2015-12-04,SHV,BUY,87.361,31.8675,2783.98,0.0,0.0,ADD
2015-12-09,GLD,SELL,102.63999938964844,-0.3449218908929238,-35.40278267072608,-2.0868107122476642,-0.05566373289061621,REDUCE
2015-12-09,SHV,SELL,87.31339263916016,-31.261108582123178,-2729.51344796634,-1.4757287220912096,-0.0005403641781842605,REDUCE
2015-12-09,QQQ,BUY,104.4323,0.0365,3.82,0.0,0.0,ADD
2015-12-09,USD,BUY,0.8804,37.2788,32.82,0.0,0.0,ADD
2015-12-09,TQQQ,BUY,2.3192,1121.4962,2600.94,0.0,0.0,OPEN
2015-12-09,QLD,BUY,4.8924,26.0278,127.34,0.0,0.0,ADD
2015-12-10,USD,SELL,0.8908583521842957,-11.31402071276623,-10.079189848753913,-0.04343398282682359,-0.004290783056791758,REDUCE
2015-12-10,TQQQ,SELL,2.3520596027374268,-1121.4961780812632,-2637.8258550893584,36.88262458137829,0.014180480430622477,CLOSE
2015-12-10,QLD,SELL,4.934805393218994,-5.0671114874718866,-25.005209096418184,0.8510637440700545,0.03523468670305574,REDUCE
2015-12-10,GLD,BUY,102.55,0.3828,39.26,0.0,0.0,ADD
2015-12-10,SHV,BUY,87.3213,30.1585,2633.48,0.0,0.0,ADD
2015-12-11,QQQ,SELL,102.4896011352539,-12.389156166048235,-1269.759673860655,39.60074250282693,0.032191566059774246,REDUCE
2015-12-11,QLD,SELL,4.7098517417907715,-1245.826775201118,-5867.659407150565,-71.00625798335173,-0.011956601362530184,CLOSE
2015-12-11,GLD,SELL,103.11000061035156,-13.914594618635878,-1434.73385962034,-77.18043656637009,-0.05104815581215916,REDUCE
2015-12-11,USD,BUY,0.8602,32.5542,28.0,0.0,0.0,ADD
2015-12-11,SHV,BUY,87.3292,97.6634,8528.86,0.0,0.0,ADD
2015-12-16,USD,SELL,0.9002392888069153,-65.64790354287673,-59.098821997104324,0.4102954197204382,0.0069910669708064255,REDUCE
2015-12-16,SHV,SELL,87.31339263916016,-98.56652356311704,-8606.17757294347,-2.3300287610132706,-0.0002706658190732014,REDUCE
2015-12-16,QQQ,BUY,105.4406,11.9913,1264.37,0.0,0.0,ADD
2015-12-16,QLD,BUY,4.9741,1222.3702,6080.24,0.0,0.0,OPEN
2015-12-16,GLD,BUY,102.75,13.0036,1336.12,0.0,0.0,ADD
2015-12-17,QQQ,SELL,103.90498352050781,-12.318003594869346,-1279.9019605304554,19.757264809230886,0.015678568402752502,REDUCE
2015-12-17,QLD,SELL,4.8364644050598145,-1222.370172201273,-5911.949827658293,-168.2919108626849,-0.027678490116023302,CLOSE
2015-12-17,GLD,SELL,100.5,-12.269538078177346,-1233.0885768568232,-86.5254073260138,-0.06556872567517846,REDUCE
2015-12-17,USD,BUY,0.8852,1.4709,1.3,0.0,0.0,ADD
2015-12-17,SHV,BUY,87.3292,96.2837,8408.38,0.0,0.0,ADD
2015-12-23,SHV,SELL,87.34512329101562,-97.22136561270855,-8491.812165962936,1.1982455052797432,0.0001411258969616913,REDUCE
2015-12-23,QQQ,BUY,104.4914,12.2661,1281.7,0.0,0.0,ADD
2015-12-23,USD,BUY,0.8854,6.8141,6.03,0.0,0.0,ADD
2015-12-23,QLD,BUY,4.8873,1230.2768,6012.75,0.0,0.0,OPEN
2015-12-23,GLD,BUY,102.31,11.7934,1206.59,0.0,0.0,ADD
2015-12-31,QQQ,SELL,103.79550170898438,-12.290595592496885,-1275.7085358254462,4.865255263388544,0.003828367618418538,REDUCE
2015-12-31,USD,SELL,0.8665127754211426,-1527.9414162770452,-1323.9807572991338,-41.91122339451129,-0.030684141928432274,CLOSE
2015-12-31,QLD,SELL,4.81904935836792,-951.7288594731556,-4586.428349584343,-64.96927988578626,-0.013967689942084638,REDUCE
2015-12-31,GLD,SELL,101.45999908447266,-12.508757907010963,-1269.1385657932224,-65.00542232542635,-0.048724442717081984,REDUCE
2015-12-31,SHV,BUY,87.3618,96.6103,8440.04,0.0,0.0,ADD
2016-02-01,QLD,SELL,4.1567063331604,-278.5479232685325,-1157.8419167389861,-203.50920452710588,-0.14949060631605238,CLOSE
2016-02-01,QQQ,BUY,96.8826,0.9294,90.04,0.0,0.0,ADD
2016-02-01,GLD,BUY,108.05,9.283,1003.03,0.0,0.0,ADD
2016-02-01,SHV,BUY,87.4085,0.7402,64.7,0.0,0.0,ADD
2016-03-11,SHV,SELL,87.4402084350586,-24.297478278805627,-2124.576565145073,2.2205876425089515,0.0010462842548788487,REDUCE
2016-03-11,QQQ,BUY,98.8126,13.5235,1336.29,0.0,0.0,ADD
2016-03-11,GLD,BUY,119.41,6.7295,803.57,0.0,0.0,ADD
2016-03-31,QQQ,SELL,101.62784576416016,-0.7856263230465235,-79.84151078683635,0.6176653796068704,0.007796457953182179,REDUCE
2016-03-31,GLD,SELL,117.63999938964844,-10.860208096562781,-1277.5948738511006,104.49860243191605,0.08907930659901941,REDUCE
2016-03-31,SHV,SELL,87.48774719238281,-70.97669292706708,-6209.590967354629,9.860823814419375,0.0015905246818999075,REDUCE
2016-03-31,USD,BUY,0.8291,1676.3532,1389.86,0.0,0.0,OPEN
2016-03-31,QLD,BUY,4.5386,1361.0242,6177.17,0.0,0.0,OPEN
2016-04-08,GLD,SELL,118.43000030517578,-0.4469227231620607,-52.92905824047284,4.653428943843088,0.09639292147286316,REDUCE
2016-04-08,SHV,SELL,87.5195083618164,-30.057333286765,-2630.603031924932,5.130534863468502,0.001954137729193839,REDUCE
2016-04-08,QQQ,BUY,101.4417,0.0325,3.29,0.0,0.0,ADD
2016-04-08,USD,BUY,0.8103,37.9174,30.72,0.0,0.0,ADD
2016-04-08,TQQQ,BUY,2.0153,1301.9565,2623.78,0.0,0.0,OPEN
2016-04-08,QLD,BUY,4.5171,5.6969,25.73,0.0,0.0,ADD
2016-04-12,TQQQ,SELL,2.040222406387329,-1301.956532322485,-2656.2808893866827,32.50030300395405,0.012386821966984929,CLOSE
2016-04-12,QLD,SELL,4.5589094161987305,-1.5625404078929332,-7.1234801787340984,0.03185069187905808,0.004491307948067069,REDUCE
2016-04-12,GLD,SELL,120.05000305175781,-0.3368473413144166,-40.43852435277222,4.053000556181934,0.11139046888097148,REDUCE
2016-04-12,QQQ,BUY,101.9164,0.0882,8.99,0.0,0.0,ADD
2016-04-12,USD,BUY,0.8097,15.1745,12.29,0.0,0.0,ADD
2016-04-12,SHV,BUY,87.5195,30.6511,2682.57,0.0,0.0,ADD
2016-04-19,QQQ,SELL,102.88422393798828,-0.12749005422973253,-13.116715289238073,0.2598481162885277,0.02021084240764659,REDUCE
2016-04-19,QLD,SELL,4.6407012939453125,-1365.158566538758,-6335.293126176942,139.48615965247723,0.022512993126821312,CLOSE
2016-04-19,USD,BUY,0.8121,2.7113,2.2,0.0,0.0,ADD
2016-04-19,GLD,BUY,119.58,0.5169,61.81,0.0,0.0,ADD
2016-04-19,SHV,BUY,87.5274,71.7991,6284.4,0.0,0.0,ADD
2016-04-22,USD,SELL,0.8210960030555725,-27.5377754595803,-22.611157362903214,-0.20362345893227402,-0.008925067504369388,REDUCE
2016-04-22,SHV,SELL,87.53531646728516,-30.991399105914205,-2712.8419285001382,2.1777216039595624,0.0008033904009279169,REDUCE
2016-04-22,QQQ,BUY,101.4231,0.2414,24.48,0.0,0.0,ADD
2016-04-22,TQQQ,BUY,2.0097,1315.5089,2643.79,0.0,0.0,OPEN
2016-04-22,GLD,BUY,117.89,0.5698,67.18,0.0,0.0,ADD
2016-05-02,USD,SELL,0.7669767141342163,-1704.6186093757285,-1307.4027798710335,-104.85726324001521,-0.07424784390913342,CLOSE
2016-05-02,GLD,SELL,123.23999786376953,-29.168400072657967,-3594.713562643943,438.5476152934306,0.1389494794028734,REDUCE
2016-05-02,QQQ,BUY,99.3198,0.5708,56.69,0.0,0.0,ADD
2016-05-02,TQQQ,BUY,1.8833,89.2817,168.15,0.0,0.0,ADD
2016-05-02,SHV,BUY,87.5291,53.4368,4677.28,0.0,0.0,ADD
2016-05-06,TQQQ,SELL,1.8218953609466553,-1404.790605217426,-2559.381486747073,-252.55761452336213,-0.08981617504065309,CLOSE
2016-05-06,GLD,SELL,123.18000030517578,-0.1302858635240117,-16.048612708647852,1.9510343412591515,0.13839499880152406,REDUCE
2016-05-06,QQQ,BUY,98.2589,0.1677,16.48,0.0,0.0,ADD
2016-05-06,SHV,BUY,87.5607,29.2249,2558.95,0.0,0.0,ADD
2016-05-09,QQQ,SELL,98.53805541992188,-0.1570934015540507,-15.479678308437087,-0.3557368461905985,-0.02246463655780062,REDUCE
2016-05-09,SHV,SELL,87.56071472167969,-30.617755035777765,-2680.9125141060085,2.0096654915193315,0.0007501822966662353,REDUCE
2016-05-09,TQQQ,BUY,1.8379,1428.7079,2625.88,0.0,0.0,OPEN
2016-05-09,GLD,BUY,120.65,0.5844,70.51,0.0,0.0,ADD
2016-05-10,QQQ,SELL,99.88749694824219,-0.19444540677564173,-19.422664975901625,-0.17792747892097113,-0.009077658205030037,REDUCE
2016-05-10,TQQQ,SELL,1.9150116443634033,-1428.7079394296325,-2735.99234040219,110.10864426294779,0.04193203393769385,CLOSE
2016-05-10,GLD,BUY,120.98,0.1183,14.31,0.0,0.0,ADD
2016-05-10,SHV,BUY,87.5528,31.3081,2741.11,0.0,0.0,ADD
2016-05-17,GLD,SELL,122.22000122070312,-0.3465703274357936,-42.35782584226217,4.766062388402912,0.12678475151219915,REDUCE
2016-05-17,SHV,SELL,87.54489135742188,-30.206056656708064,-2644.385948347637,1.2420752915921478,0.00046992345148288983,REDUCE
2016-05-17,QQQ,BUY,98.1658,0.4577,44.93,0.0,0.0,ADD
2016-05-17,TQQQ,BUY,1.812,1457.9604,2641.81,0.0,0.0,OPEN
2016-05-18,QQQ,SELL,98.51943969726562,-0.1310439548672862,-12.9103770092388,-0.29331050665351693,-0.022214287205788552,REDUCE
2016-05-18,TQQQ,SELL,1.8325937986373901,-1457.960364331646,-2671.8491223332844,30.03931492920212,0.011370733368091912,CLOSE
2016-05-18,GLD,BUY,120.1,0.5403,64.89,0.0,0.0,ADD
2016-05-18,SHV,BUY,87.5369,29.9287,2619.87,0.0,0.0,ADD
2016-05-27,QQQ,SELL,102.49334716796875,-1.0874803973987759,-111.45950590895336,1.8874820681470146,0.017225948759413967,REDUCE
2016-05-27,SHV,SELL,87.52106475830078,-71.15489258647666,-6227.55196193096,0.8899096035378452,0.00014291920712250494,REDUCE
2016-05-27,QLD,BUY,4.5903,1349.8521,6196.19,0.0,0.0,OPEN
2016-05-27,GLD,BUY,115.62,1.2353,142.82,0.0,0.0,ADD
2016-05-31,QLD,SELL,4.608722686767578,-2.889760683936284,-13.318105623386145,0.053314080535020236,0.004019217366725503,REDUCE
2016-05-31,GLD,SELL,116.05999755859375,-12.101893177776846,-1404.5456926671432,86.62559110236157,0.06572901574193302,REDUCE
2016-05-31,SHV,SELL,87.52906799316406,-106.14133367501324,-9290.452012125348,2.1769469299556286,0.00023437580333007801,REDUCE
2016-05-31,SMH,BUY,25.9174,119.7607,3103.89,0.0,0.0,OPEN
2016-05-31,USD,BUY,0.8803,1586.6425,1396.75,0.0,0.0,OPEN
2016-05-31,XLK,BUY,19.7932,156.8158,3103.89,0.0,0.0,OPEN
2016-05-31,XLC,BUY,29.5326,105.097,3103.79,0.0,0.0,OPEN
2016-06-06,USD,SELL,0.8966234922409058,-22.844698546156458,-20.483093389645546,0.3724998210537011,0.01852256721231038,REDUCE
2016-06-06,QLD,SELL,4.6142578125,-1346.9623387902684,-6215.2314949062675,32.306126918226106,0.0052250552926758065,CLOSE
2016-06-06,GLD,SELL,118.91999816894531,-0.4611197191423949,-54.83635615607818,4.619506762493595,0.09199117065842355,REDUCE
2016-06-06,SMH,BUY,26.004,0.0619,1.61,0.0,0.0,ADD
2016-06-06,QQQ,BUY,102.8004,0.0702,7.21,0.0,0.0,ADD
2016-06-06,XLK,BUY,19.7171,1.2129,23.91,0.0,0.0,ADD
2016-06-06,XLC,BUY,29.489,0.5648,16.65,0.0,0.0,ADD
2016-06-06,SHV,BUY,87.5537,71.2838,6241.16,0.0,0.0,ADD
2016-06-09,SMH,SELL,26.281816482543945,-0.8102909293859737,-21.295917503592136,0.29522676092688543,0.01405795478560612,REDUCE
2016-06-09,GLD,SELL,121.25,-0.343872905935278,-41.694589844652455,4.246150294068704,0.11338657484868464,REDUCE
2016-06-09,XLK,SELL,19.842477798461914,-0.39423570091387106,-7.822613142744558,0.01965538650913435,0.0025189661565740984,REDUCE
2016-06-09,SHV,SELL,87.56153869628906,-29.982212124792714,-2625.2886271653842,0.6381397594489134,0.00024313323336233594,REDUCE
2016-06-09,QQQ,BUY,102.5492,0.1626,16.67,0.0,0.0,ADD
2016-06-09,USD,BUY,0.888,21.2286,18.85,0.0,0.0,ADD
2016-06-09,TQQQ,BUY,2.0616,1289.6073,2658.68,0.0,0.0,OPEN
2016-06-09,XLC,BUY,29.5846,0.0642,1.9,0.0,0.0,ADD
2016-06-21,SMH,SELL,26.049518585205078,-0.6361249355205673,-16.5707483303554,0.0839994848652938,0.005094969642136071,REDUCE
2016-06-21,USD,SELL,0.8800172209739685,-8.195135564625648,-7.2118604250867975,-0.0033083329293516657,-0.0004585246777043528,REDUCE
2016-06-21,TQQQ,SELL,1.9249175786972046,-1289.6072679124336,-2482.387699620319,-176.2921247498002,-0.0663081440397083,CLOSE
2016-06-21,GLD,SELL,120.83999633789062,-0.23662890160171995,-28.59423560299092,2.8248802260340478,0.10962168764842573,REDUCE
2016-06-21,XLK,SELL,19.592506408691406,-0.24565202296419741,-4.812938834234046,-0.049158518897789556,-0.010110558330578279,REDUCE
2016-06-21,XLC,SELL,29.288642750444126,-0.4414087713577458,-12.92826381120949,-0.1076126482374178,-0.008255114151487053,REDUCE
2016-06-21,QQQ,BUY,100.3122,0.2035,20.41,0.0,0.0,ADD
2016-06-21,SHV,BUY,87.5695,28.9153,2532.09,0.0,0.0,ADD
2016-06-24,GLD,SELL,126.0,-1.1727131116213636,-147.76185206429182,20.05107487675931,0.1570037808736846,REDUCE
2016-06-24,SHV,SELL,87.609130859375,-30.92599548267712,-2709.3995851983,1.8696470536332424,0.0006905360591928922,REDUCE
2016-06-24,SMH,BUY,25.1112,2.7442,68.91,0.0,0.0,ADD
2016-06-24,QQQ,BUY,97.3168,0.436,42.43,0.0,0.0,ADD
2016-06-24,USD,BUY,0.8253,81.501,67.26,0.0,0.0,ADD
2016-06-24,TQQQ,BUY,1.749,1478.1441,2585.26,0.0,0.0,OPEN
2016-06-24,XLK,BUY,19.0299,2.4375,46.39,0.0,0.0,ADD
2016-06-24,XLC,BUY,28.4426,1.6494,46.91,0.0,0.0,ADD
2016-06-27,QQQ,SELL,95.38521575927734,-13.338194709686748,-1272.266580222722,-71.07866710802035,-0.05291168986472783,REDUCE
2016-06-27,TQQQ,SELL,1.6471551656723022,-1478.1440862963466,-2434.7326673509924,-150.52453069947688,-0.058224199438642654,CLOSE
2016-06-27,GLD,SELL,126.68000030517578,-10.558354113773506,-1337.5323023549818,187.70665759271753,0.1632479310648245,REDUCE
2016-06-27,XLC,SELL,27.895295978147946,-0.08533733383645993,-2.380510185354069,-0.13827463204592524,-0.054897358079464165,REDUCE
2016-06-27,SMH,BUY,24.3369,1.3511,32.88,0.0,0.0,ADD
2016-06-27,USD,BUY,0.7735,75.6104,58.49,0.0,0.0,ADD
2016-06-27,SHV,BUY,87.6091,56.388,4940.1,0.0,0.0,ADD
2016-06-28,SMH,SELL,25.001888275146484,-1.846343806541972,-46.162081568671056,-1.6249265545249347,-0.03400352142439711,REDUCE
2016-06-28,USD,SELL,0.8142063617706299,-67.12224906854567,-54.65136220796262,-3.957789048205161,-0.06752851668004078,REDUCE
2016-06-28,XLK,SELL,19.01639747619629,-1.2338564092870168,-23.46350390755424,-0.9433958065335281,-0.03865283250166329,REDUCE
2016-06-28,XLC,SELL,28.44929725292929,-0.8404876952773161,-23.91128428037382,-0.8962360732974171,-0.03612759600798976,REDUCE
2016-06-28,SHV,SELL,87.59326934814453,-56.960398913708154,-4989.347564226197,0.9968199679035417,0.00019982956672626173,REDUCE
2016-06-28,QQQ,BUY,97.4755,13.0715,1274.15,0.0,0.0,ADD
2016-06-28,TQQQ,BUY,1.7504,1464.5311,2563.48,0.0,0.0,OPEN
2016-06-28,GLD,BUY,125.32,10.4959,1315.35,0.0,0.0,ADD
2016-06-29,SMH,SELL,25.51203727722168,-0.3903116676997453,-9.957645816090462,-0.14438760198621584,-0.01429292460346121,REDUCE
2016-06-29,QQQ,SELL,99.20173645019531,-0.015691735966089342,-1.556647455754046,0.0015274029526865945,0.000982176874341656,REDUCE
2016-06-29,USD,SELL,0.8549811244010925,-52.34452359632345,-44.75357964062414,-0.9521013140774506,-0.020831137271996147,REDUCE
2016-06-29,TQQQ,SELL,1.8413113355636597,-1464.5310964825424,-2696.657709238781,133.17904374583736,0.05195246815921051,CLOSE
2016-06-29,GLD,BUY,125.84,0.2639,33.21,0.0,0.0,ADD
2016-06-29,XLK,BUY,19.309,0.2684,5.18,0.0,0.0,ADD
2016-06-29,XLC,BUY,28.8976,0.1405,4.06,0.0,0.0,ADD
2016-06-29,SHV,BUY,87.5933,30.9439,2710.48,0.0,0.0,ADD
2016-06-30,SMH,SELL,25.967531204223633,-1.1054993528807975,-28.707088942181144,0.09459197974086972,0.0033059673143884805,REDUCE
2016-06-30,QQQ,SELL,100.34950256347656,-0.07988547898497443,-8.016468078187245,0.099465742330583,0.012563561069079743,REDUCE
2016-06-30,USD,SELL,0.8837344646453857,-1614.4758647057006,-1426.7679639785886,17.055663406851092,0.01209868382359569,CLOSE
2016-06-30,XLK,SELL,19.520496368408203,-0.38659849041465544,-7.546594428171375,-0.10039767008968292,-0.013129040647565704,REDUCE
2016-06-30,XLC,SELL,29.162146661985492,-0.06945873441368532,-2.02556579992779,-0.024495412496942155,-0.011948624923238227,REDUCE
2016-06-30,GLD,BUY,126.47,11.0791,1401.17,0.0,0.0,ADD
2016-06-30,SHV,BUY,87.6171,0.8205,71.89,0.0,0.0,ADD
2016-07-07,QQQ,SELL,101.35730743408203,-0.12493992103679027,-12.663573987315885,0.28147827657897473,0.02273268460805844,REDUCE
2016-07-07,GLD,SELL,129.74000549316406,-0.6394371277670351,-82.96057646902818,5.855511982094266,0.07594198929807683,REDUCE
2016-07-07,XLC,SELL,29.40914298222314,-0.341106997079515,-10.031664449348227,-0.036043088116064596,-0.0035800690457027384,REDUCE
2016-07-07,SHV,SELL,87.61865234375,-70.457677893265,-6173.406784277906,2.6185489601467657,0.0004243459441954922,REDUCE
2016-07-07,SMH,BUY,25.6897,1.9179,49.27,0.0,0.0,ADD
2016-07-07,QLD,BUY,4.4661,1392.568,6219.33,0.0,0.0,OPEN
2016-07-07,XLK,BUY,19.5565,0.535,10.46,0.0,0.0,ADD
2016-07-13,SMH,SELL,27.042490005493164,-3.01304991788944,-81.48037229057718,3.5058954855697917,0.04496209053556166,REDUCE
2016-07-13,QLD,SELL,4.682069301605225,-1392.5679647145457,-6520.099717988842,300.76955886533705,0.048360442550894334,CLOSE
2016-07-13,XLK,SELL,20.146129608154297,-0.5699295019010799,-11.481873612809977,0.20898796634574204,0.018538994619473614,REDUCE
2016-07-13,QQQ,BUY,103.7834,0.0642,6.66,0.0,0.0,ADD
2016-07-13,GLD,BUY,128.32,1.1783,151.2,0.0,0.0,ADD
2016-07-13,SHV,BUY,87.5948,73.6862,6454.53,0.0,0.0,ADD
2016-07-18,SMH,SELL,27.985355377197266,-3.2297025976663107,-90.38437495834887,6.803160855793598,0.08139581278929531,REDUCE
2016-07-18,QQQ,SELL,105.01520538330078,-0.13741839594818359,-14.431021073942247,0.810674512682036,0.05951937485847858,REDUCE
2016-07-18,XLK,SELL,20.3936824798584,-0.8981271515041409,-18.316119954315127,0.551669015875903,0.03105466179549543,REDUCE
2016-07-18,XLC,SELL,30.418292771622635,-0.11591681781611764,-3.525991701485509,0.10472907586378645,0.0306112354776491,REDUCE
2016-07-18,SHV,SELL,87.602783203125,-72.67956283261117,-6366.931986123138,0.8591536049597409,0.00013495818027253748,REDUCE
2016-07-18,QLD,BUY,4.7904,1341.3767,6425.69,0.0,0.0,OPEN
2016-07-18,GLD,BUY,127.04,0.5397,68.57,0.0,0.0,ADD
2016-07-19,QLD,SELL,4.754678726196289,-1341.3766597136237,-6377.8150677566055,-47.874145615694665,-0.0074504296778102885,CLOSE
2016-07-19,GLD,SELL,127.20999908447266,-0.14438433877404702,-18.367131603258713,0.9015313760092445,0.051617543301071045,REDUCE
2016-07-19,XLK,SELL,20.34866714477539,-0.13453149005826812,-2.7375365116863577,0.07657915079066088,0.028778796652676908,REDUCE
2016-07-19,XLC,SELL,30.35665714509221,-0.10934074372733696,-3.31921946932016,0.0920484080386072,0.028522940461065405,REDUCE
2016-07-19,SMH,BUY,27.876,0.0976,2.72,0.0,0.0,ADD
2016-07-19,QQQ,BUY,104.6326,0.0152,1.59,0.0,0.0,ADD
2016-07-19,SHV,BUY,87.5948,73.04,6397.92,0.0,0.0,ADD
2016-07-20,SMH,SELL,28.304195404052734,-1.336961763628552,-37.8416270054895,3.2402324075294175,0.09364456101201313,REDUCE
2016-07-20,QQQ,SELL,105.85501098632812,-0.20929793567811342,-22.15523528062249,1.409808024200344,0.067957531400753,REDUCE
2016-07-20,XLK,SELL,20.614219665527344,-1.4768776342704906,-30.444679971956248,1.2328693367498185,0.04220448202084226,REDUCE
2016-07-20,XLC,SELL,30.618335114643383,-0.5309015112623272,-16.255320384700553,0.5858641954422628,0.03738892967095331,REDUCE
2016-07-20,SHV,SELL,87.59484100341797,-73.02232343387892,-6396.378810890787,0.08472889602751611,1.324656042100969e-05,REDUCE
2016-07-20,QLD,BUY,4.8667,1320.9737,6428.74,0.0,0.0,OPEN
2016-07-20,GLD,BUY,125.39,0.5928,74.33,0.0,0.0,ADD
2016-08-01,SMH,SELL,29.00565528869629,-0.0825826926732919,-2.395365116493849,0.2580741229239447,0.12074823863496698,REDUCE
2016-08-01,QLD,SELL,5.070345401763916,-22.58625654616517,-114.52012202190872,4.600304982014696,0.04185146141887297,REDUCE
2016-08-01,GLD,SELL,129.22000122070312,-11.673325714759622,-1508.4271631109036,95.43262444706828,0.06753927339118504,REDUCE
2016-08-01,QQQ,BUY,108.0945,0.0728,7.87,0.0,0.0,ADD
2016-08-01,USD,BUY,1.0529,1406.7522,1481.24,0.0,0.0,OPEN
2016-08-01,XLK,BUY,20.9473,1.2092,25.33,0.0,0.0,ADD
2016-08-01,XLC,BUY,30.9164,1.4869,45.97,0.0,0.0,ADD
2016-08-01,SHV,BUY,87.6187,0.7411,64.93,0.0,0.0,ADD
2016-08-22,SMH,SELL,29.966737747192383,-1.842800431786216,-55.222717259750425,7.529906111232429,0.15788346146726173,REDUCE
2016-08-22,USD,SELL,1.1278858184814453,-71.98416386728942,-81.18991758116022,5.39436208956272,0.0711698997992134,REDUCE
2016-08-22,QLD,SELL,5.19833517074585,-11.25235690266178,-58.49352264089157,3.7320348538340653,0.06815072060032867,REDUCE
2016-08-22,SHV,SELL,87.63451385498047,-31.932594877926185,-2798.3974282551007,1.2854026890015213,0.00045954637399314713,CLOSE
2016-08-22,QQQ,BUY,109.5036,0.0849,9.3,0.0,0.0,ADD
2016-08-22,TQQQ,BUY,2.4624,1154.826,2843.66,0.0,0.0,OPEN
2016-08-22,GLD,BUY,127.78,0.6022,76.95,0.0,0.0,ADD
2016-08-22,XLK,BUY,21.1633,0.94,19.89,0.0,0.0,ADD
2016-08-22,XLC,BUY,31.0135,1.4029,43.51,0.0,0.0,ADD
2016-08-23,USD,SELL,1.1544357538223267,-24.712803971185814,-28.529344481539283,2.50805585194173,0.09638476739729862,REDUCE
2016-08-23,TQQQ,SELL,2.4770734310150146,-1154.825999974305,-2860.5888019816966,16.93098907862185,0.005953947413010585,CLOSE
2016-08-23,QQQ,BUY,109.6996,0.0726,7.96,0.0,0.0,ADD
2016-08-23,QLD,BUY,5.2162,1.4834,7.74,0.0,0.0,ADD
2016-08-23,GLD,BUY,127.76,0.1056,13.49,0.0,0.0,ADD
2016-08-23,XLK,BUY,21.2399,0.1533,3.26,0.0,0.0,ADD
2016-08-23,SHV,BUY,87.6187,32.6034,2856.67,0.0,0.0,OPEN
2016-08-24,SMH,SELL,29.875638961791992,-0.1656366354779114,-4.948500320384028,0.6617220893485423,0.15436349950594508,REDUCE
2016-08-24,QQQ,SELL,108.99034118652344,-0.06818829445354319,-7.431865477418796,0.6670715290927405,0.09860929012594788,REDUCE
2016-08-24,XLK,SELL,21.12282943725586,-0.5659338270789531,-11.954123702162178,0.7497656238704642,0.0669173207988707,REDUCE
2016-08-24,XLC,SELL,30.98761692984032,-0.39782265901637925,-12.327576163610047,0.5704765612693266,0.04852187874258984,REDUCE
2016-08-24,SHV,SELL,87.61865234375,-32.603425389142394,-2856.6681943866597,0.0,0.0,CLOSE
2016-08-24,USD,BUY,1.1214,26.3956,29.6,0.0,0.0,ADD
2016-08-24,TQQQ,BUY,2.4293,1165.2643,2830.81,0.0,0.0,OPEN
2016-08-24,QLD,BUY,5.1479,5.2591,27.07,0.0,0.0,ADD
2016-08-24,GLD,BUY,126.34,0.0463,5.85,0.0,0.0,ADD
2016-08-31,SMH,SELL,30.158048629760742,-1.2327677130518415,-37.177868639416374,5.273080299648592,0.16527551424235432,REDUCE
2016-08-31,USD,SELL,1.1565392017364502,-42.850856446659925,-49.55869530854329,4.381075252917647,0.09697445875907973,REDUCE
2016-08-31,XLK,SELL,21.14983367919922,-0.4706494368934718,-9.954157311505696,0.6362396186918723,0.06828130915800568,REDUCE
2016-08-31,XLC,SELL,30.839615169583176,-107.47393190781084,-3314.4547007988726,138.21098150059092,0.0435139723884681,CLOSE
2016-08-31,QQQ,BUY,108.6544,30.6342,3328.55,0.0,0.0,ADD
2016-08-31,TQQQ,BUY,2.4079,8.3436,20.09,0.0,0.0,ADD
2016-08-31,QLD,BUY,5.114,6.3348,32.4,0.0,0.0,ADD
2016-08-31,GLD,BUY,124.78,0.2413,30.11,0.0,0.0,ADD
2016-09-01,SMH,SELL,30.435895919799805,-0.5018178087788333,-15.27327459869457,2.2859203674749753,0.17601124345865427,REDUCE
2016-09-01,TQQQ,SELL,2.418627977371216,-1173.6078442967319,-2838.520766678397,-12.376826446108547,-0.004341378826078435,CLOSE
2016-09-01,QLD,SELL,5.140493392944336,-0.7179237073569689,-3.690482074306601,0.19461746903185237,0.055670768466891785,REDUCE
2016-09-01,QQQ,BUY,108.9344,0.1153,12.57,0.0,0.0,ADD
2016-09-01,GLD,BUY,125.29,0.012,1.5,0.0,0.0,ADD
2016-09-01,XLK,BUY,21.2173,0.2236,4.74,0.0,0.0,ADD
2016-09-01,SHV,BUY,87.6131,32.4001,2838.67,0.0,0.0,OPEN
2016-09-09,QQQ,SELL,106.63885498046875,-0.35152683277987956,-37.486418942557066,0.8118598582940924,0.022136867587931208,REDUCE
2016-09-09,GLD,SELL,126.75,-0.8688867935719866,-110.13140108524931,4.728595763428728,0.04486214336507621,REDUCE
2016-09-09,XLK,SELL,20.7762508392334,-1.0207937376738865,-21.20826674903128,0.9965340026780056,0.04930472885150361,REDUCE
2016-09-09,SHV,SELL,87.62896728515625,-32.400091050388404,-2839.1865186905693,0.5146559872963612,0.00018130168338870156,CLOSE
2016-09-09,SMH,BUY,29.0512,2.1104,61.31,0.0,0.0,ADD
2016-09-09,USD,BUY,1.0681,75.4225,80.56,0.0,0.0,ADD
2016-09-09,TQQQ,BUY,2.2681,1217.7686,2761.97,0.0,0.0,OPEN
2016-09-09,QLD,BUY,4.9208,21.1702,104.17,0.0,0.0,ADD
2016-09-12,USD,SELL,1.1145613193511963,-23.762810643199206,-26.485109581976758,1.4139639936924107,0.05639806081909371,REDUCE
2016-09-12,TQQQ,SELL,2.3843538761138916,-1217.768585564086,-2903.5912471994598,141.6213895479321,0.05127550148876403,CLOSE
2016-09-12,QLD,SELL,5.094958782196045,-12.72762294000933,-64.84671427468038,2.860215941910018,0.04614256360401492,REDUCE
2016-09-12,SMH,BUY,29.6479,0.5338,15.83,0.0,0.0,ADD
2016-09-12,QQQ,BUY,108.5518,0.4138,44.91,0.0,0.0,ADD
2016-09-12,GLD,BUY,126.59,0.5819,73.67,0.0,0.0,ADD
2016-09-12,XLK,BUY,21.1228,1.3427,28.36,0.0,0.0,ADD
2016-09-12,SHV,BUY,87.6131,32.3257,2832.15,0.0,0.0,OPEN
2016-09-13,QQQ,SELL,107.58133697509766,-0.10112117165906663,-10.878750843570742,0.3257355166909654,0.030866582355971728,REDUCE
2016-09-13,GLD,SELL,125.75,-0.09164542795759255,-11.524412565667262,0.3945093307570875,0.03544589044760649,REDUCE
2016-09-13,XLK,SELL,20.969797134399414,-0.549740384708069,-11.527944343914896,0.6368856020490068,0.05847784105697462,REDUCE
2016-09-13,SHV,SELL,87.62101745605469,-32.325668363313135,-2832.407951940495,0.25649028852726485,9.056376115479381e-05,CLOSE
2016-09-13,USD,BUY,1.0871,19.2041,20.88,0.0,0.0,ADD
2016-09-13,TQQQ,BUY,2.3281,1203.4915,2801.83,0.0,0.0,OPEN
2016-09-13,QLD,BUY,5.0076,8.5771,42.95,0.0,0.0,ADD
2016-09-15,SMH,SELL,30.303800582885742,-0.1522831687170513,-4.614758776931467,0.6617845835020281,0.16741434452115422,REDUCE
2016-09-15,USD,SELL,1.16214919090271,-47.53400925935713,-55.24161040112381,5.069025306517267,0.10103177456292123,REDUCE
2016-09-15,TQQQ,SELL,2.467365026473999,-1203.4914768883198,-2969.4527797337814,167.61865998598333,0.059824619453585415,CLOSE
2016-09-15,QLD,SELL,5.21433162689209,-12.016628922661088,-62.65868824005793,4.12414425699741,0.07045658813351152,REDUCE
2016-09-15,QQQ,BUY,109.7742,0.6333,69.52,0.0,0.0,ADD
2016-09-15,GLD,BUY,125.37,0.7778,97.52,0.0,0.0,ADD
2016-09-15,XLK,BUY,21.4154,1.6214,34.72,0.0,0.0,ADD
2016-09-15,SHV,BUY,87.6131,32.996,2890.89,0.0,0.0,OPEN
2016-09-29,SMH,SELL,31.146461486816406,-2.0245135430531565,-63.05643309824336,10.504008182478923,0.19987675543641714,REDUCE
2016-09-29,USD,SELL,1.204928994178772,-34.98586640387952,-42.15548481649944,5.22758021498211,0.14156178833844035,REDUCE
2016-09-29,SHV,SELL,87.68453979492188,-32.99604691735067,-2893.2431889995437,2.3577955278618346,0.0008155963336307082,CLOSE
2016-09-29,QQQ,BUY,110.2363,0.2886,31.82,0.0,0.0,ADD
2016-09-29,TQQQ,BUY,2.4963,1168.8039,2917.67,0.0,0.0,OPEN
2016-09-29,QLD,BUY,5.2494,3.2912,17.28,0.0,0.0,ADD
2016-09-29,GLD,BUY,126.07,0.0845,10.65,0.0,0.0,ADD
2016-09-29,XLK,BUY,21.4814,0.9793,21.04,0.0,0.0,ADD
2016-09-30,SMH,SELL,31.642940521240234,-0.46534119906177807,-14.724763883994456,2.645413509767894,0.21900296189870883,REDUCE
2016-09-30,USD,SELL,1.2445014715194702,-26.302800946904057,-32.733874483505815,4.971025540246081,0.17905314942301498,REDUCE
2016-09-30,TQQQ,SELL,2.547602653503418,-1168.8039031480926,-2977.6479250852326,59.973351865726244,0.020555188853549344,CLOSE
2016-09-30,QLD,SELL,5.3250932693481445,-3.567869948730402,-18.999240249893774,1.616290644184041,0.09298138007908285,REDUCE
2016-09-30,QQQ,BUY,111.0595,0.2391,26.56,0.0,0.0,ADD
2016-09-30,GLD,BUY,125.64,0.3498,43.94,0.0,0.0,ADD
2016-09-30,XLK,BUY,21.5944,1.0158,21.94,0.0,0.0,ADD
2016-09-30,SHV,BUY,87.6766,33.6654,2951.67,0.0,0.0,OPEN
2016-10-07,SMH,SELL,31.71126365661621,-0.9395091375765019,-29.793021969488564,5.405196272010703,0.22163502146768654,REDUCE
2016-10-07,QQQ,SELL,110.82567596435547,-0.250102159998492,-27.717740941978263,1.587970074159312,0.06077244542986149,REDUCE
2016-10-07,USD,SELL,1.2475073337554932,-11.067743426848459,-13.807091093117606,2.1249858480289943,0.181900933388901,REDUCE
2016-10-07,QLD,SELL,5.3054022789001465,-3.5640752114645937,-18.908852749075777,1.5443914088035018,0.08893978215274068,REDUCE
2016-10-07,XLK,SELL,21.522048950195312,-0.49561076941499227,-10.666559239593425,0.8292380043492502,0.08429510275402397,REDUCE
2016-10-07,SHV,SELL,87.67108917236328,-33.66538209333528,-2951.4807155264793,-0.18595685299358172,-6.300062765685066e-05,CLOSE
2016-10-07,TQQQ,BUY,2.5331,1157.7391,2932.72,0.0,0.0,OPEN
2016-10-07,GLD,BUY,119.74,0.9993,119.66,0.0,0.0,ADD
2016-10-10,TQQQ,SELL,2.5785088539123535,-1157.7391407203527,-2985.2406248683096,52.52481063569431,0.01790995580982946,CLOSE
2016-10-10,QLD,SELL,5.368781089782715,-6.986169745633456,-37.507216020369015,3.470034629131962,0.10194835433774574,REDUCE
2016-10-10,XLK,SELL,21.671192169189453,-0.0667287290137422,-1.446091109662575,0.12160023206809165,0.09180903706104782,REDUCE
2016-10-10,SMH,BUY,31.6111,1.0555,33.36,0.0,0.0,ADD
2016-10-10,QQQ,BUY,111.5272,0.0103,1.15,0.0,0.0,ADD
2016-10-10,USD,BUY,1.2323,23.5835,29.06,0.0,0.0,ADD
2016-10-10,GLD,BUY,120.16,0.0733,8.81,0.0,0.0,ADD
2016-10-10,SHV,BUY,87.6472,33.6783,2951.81,0.0,0.0,OPEN
2016-10-11,QQQ,SELL,109.93695068359375,-0.18422128487453587,-20.252726310120124,1.0057187164114698,0.052253250876266755,REDUCE
2016-10-11,GLD,SELL,119.55000305175781,-0.3045638350957375,-36.41060741515048,-0.6158139778445725,-0.016631744432128004,REDUCE
2016-10-11,XLK,SELL,21.42713737487793,-0.9967148517477147,-21.35674605197937,1.5730674443602346,0.07951339462997598,REDUCE
2016-10-11,SHV,SELL,87.67108917236328,-33.67831417773708,-2952.614485451254,0.8047521973012736,0.00027263010492695194,CLOSE
2016-10-11,SMH,BUY,30.9597,0.3583,11.09,0.0,0.0,ADD
2016-10-11,USD,BUY,1.1791,34.1397,40.25,0.0,0.0,ADD
2016-10-11,TQQQ,BUY,2.4719,1173.3436,2900.41,0.0,0.0,OPEN
2016-10-11,QLD,BUY,5.2143,15.1267,78.88,0.0,0.0,ADD
2016-10-18,USD,SELL,1.1931071281433105,-9.009167333865117,-10.748901764670336,1.1816182558660755,0.12350613993812298,REDUCE
2016-10-18,TQQQ,SELL,2.4887619018554688,-1173.3436054094977,-2920.172862928894,19.75880436746555,0.006812408148809457,CLOSE
2016-10-18,QLD,SELL,5.245715141296387,-1.4614617130472696,-7.6664118365570175,0.5402716988914186,0.07581547492109841,REDUCE
2016-10-18,GLD,SELL,120.41999816894531,-0.057370275158725795,-6.908528429565649,-0.06608818173137229,-0.009475528966614077,REDUCE
2016-10-18,SMH,BUY,31.0189,0.3281,10.18,0.0,0.0,ADD
2016-10-18,QQQ,BUY,110.255,0.1146,12.64,0.0,0.0,ADD
2016-10-18,XLK,BUY,21.4814,0.3756,8.07,0.0,0.0,ADD
2016-10-18,SHV,BUY,87.6711,33.2449,2914.61,0.0,0.0,OPEN
2016-10-28,SMH,SELL,30.877721786499023,-0.13419092319531695,-4.143509992698455,0.6487412629807687,0.1856321013359803,REDUCE
2016-10-28,GLD,SELL,121.58000183105469,-0.36902287991903493,-44.86580241625734,0.0029688127740374725,6.61753290100986e-05,REDUCE
2016-10-28,XLK,SELL,21.440704345703125,-0.6184889322459457,-13.260838337374935,0.9821470489315174,0.07998792590020609,REDUCE
2016-10-28,SHV,SELL,87.6868896484375,-33.2448540607454,-2915.1378494029914,0.5252845211777019,0.00018022447563259547,CLOSE
2016-10-28,QQQ,BUY,109.5441,0.0398,4.36,0.0,0.0,ADD
2016-10-28,USD,BUY,1.1722,15.5196,18.19,0.0,0.0,ADD
2016-10-28,TQQQ,BUY,2.444,1185.6949,2897.82,0.0,0.0,OPEN
2016-10-28,QLD,BUY,5.1719,11.0268,57.03,0.0,0.0,ADD
2016-11-03,SMH,SELL,30.490554809570312,-2.0790166352260755,-63.39037066636911,9.24600566505185,0.1707657974163499,REDUCE
2016-11-03,QQQ,SELL,106.6908950805664,-0.3007013764061591,-32.08209900073143,0.661011881065514,0.021037205954971494,REDUCE
2016-11-03,USD,SELL,1.137203574180603,-1.758678857961967,-1.99997588311021,0.13004869933619814,0.06954746712314486,REDUCE
2016-11-03,QLD,SELL,4.907897472381592,-1318.3627726468944,-6470.38931955568,38.74262107536707,0.006023748332526058,CLOSE
2016-11-03,GLD,SELL,124.30000305175781,-1.247362930222169,-155.04721603326516,3.402863807765178,0.022439766188621535,REDUCE
2016-11-03,XLK,SELL,20.907390594482422,-1.0205598726853136,-21.3372438832871,1.076348393094238,0.05312442352882352,REDUCE
2016-11-03,TQQQ,BUY,2.2514,61.3452,138.11,0.0,0.0,ADD
2016-11-03,SHV,BUY,87.7075,75.32,6606.13,0.0,0.0,OPEN
2016-11-07,SMH,SELL,31.242111206054688,-0.7909428792361662,-24.710725390733387,4.111996538379155,0.19962380047102735,REDUCE
2016-11-07,QQQ,SELL,108.84246063232422,-0.16835225044219554,-18.323873191117855,0.7322984828229984,0.041627795974268356,REDUCE
2016-11-07,USD,SELL,1.1881980895996094,-34.61930771992125,-41.13459529607144,4.325382348611184,0.11750814544133381,REDUCE
2016-11-07,TQQQ,SELL,2.3853440284729004,-1247.040137865206,-2974.619746122791,-61.31700114787509,-0.020197061484564682,CLOSE
2016-11-07,XLK,SELL,21.32318878173828,-0.4213317379134494,-8.984136187266358,0.6195526512664568,0.07406855925342803,REDUCE
2016-11-07,GLD,BUY,122.15,0.7922,96.76,0.0,0.0,ADD
2016-11-07,SHV,BUY,87.6838,33.8832,2971.01,0.0,0.0,ADD
2016-11-14,SMH,SELL,30.891382217407227,-0.234011882803792,-7.228950515107044,1.1345188580961858,0.18615662984604442,REDUCE
2016-11-14,USD,SELL,1.1860936880111694,-14.794895773543061,-17.548132491782553,1.8173595523095436,0.11552894185823948,REDUCE
2016-11-14,SHV,SELL,87.65196990966797,-33.567164977578024,-2942.228134567529,-1.6176521236725212,-0.0005495030109884391,REDUCE
2016-11-14,QQQ,BUY,107.2334,0.0815,8.74,0.0,0.0,ADD
2016-11-14,TQQQ,BUY,2.2677,1242.5142,2817.6,0.0,0.0,OPEN
2016-11-14,GLD,BUY,116.11,0.8872,103.01,0.0,0.0,ADD
2016-11-14,XLK,BUY,20.7989,1.8107,37.66,0.0,0.0,ADD
2016-11-15,SMH,SELL,31.406084060668945,-0.18189258867409755,-5.7125339299113875,0.9754584561820177,0.20591997353465552,REDUCE
2016-11-15,USD,SELL,1.2290737628936768,-25.84882191968062,-31.770108823190412,4.286174188212488,0.15595198595610138,REDUCE
2016-11-15,TQQQ,SELL,2.3726649284362793,-1242.5142484981484,-2948.069980493917,130.46787089164545,0.04630457595379278,CLOSE
2016-11-15,QQQ,BUY,108.7208,0.0602,6.55,0.0,0.0,ADD
2016-11-15,GLD,BUY,117.12,0.1501,17.58,0.0,0.0,ADD
2016-11-15,XLK,BUY,21.0927,0.1279,2.7,0.0,0.0,ADD
2016-11-15,SHV,BUY,87.652,33.7554,2958.73,0.0,0.0,ADD
2016-11-30,SMH,SELL,32.36716842651367,-2.4325567355629527,-78.73497356701637,15.38327279411177,0.24282335922212783,REDUCE
2016-11-30,QQQ,SELL,109.91825103759766,-0.215991582041296,-23.741416936823043,1.1700788397766322,0.05183914372935394,REDUCE
2016-11-30,USD,SELL,1.3050140142440796,-63.32728102453004,-82.64298922098487,15.309829601671503,0.22737429356100103,REDUCE
2016-11-30,XLK,SELL,21.46782112121582,-1.6589221140206016,-35.61344319782347,2.6598491035811724,0.08071499260367188,REDUCE
2016-11-30,SHV,SELL,87.65196990966797,-32.07289038846644,-2811.252023245939,-1.0686956655904523,-0.0003800049042784748,REDUCE
2016-11-30,TQQQ,BUY,2.4569,1172.3393,2880.28,0.0,0.0,OPEN
2016-11-30,GLD,BUY,111.75,1.3575,151.71,0.0,0.0,ADD
2016-12-07,SMH,SELL,32.62224578857422,-0.1475795899694712,-4.814377657361092,0.9709244349760402,0.2526177317109466,REDUCE
2016-12-07,QQQ,SELL,110.72274780273438,-0.048638646452590056,-5.38540458463649,0.3026169903763652,0.05953760308971079,REDUCE
2016-12-07,USD,SELL,1.3143314123153687,-0.7885942317245651,-1.0364741703263007,0.19799602282756262,0.2361373679423895,REDUCE
2016-12-07,TQQQ,SELL,2.491534948348999,-1172.3393309985454,-2920.924414506961,40.64485935127365,0.014111428621058408,CLOSE
2016-12-07,XLK,SELL,21.77513885498047,-1.2224121811052933,-26.618194981587294,2.3356355464304843,0.096185723447624,REDUCE
2016-12-07,GLD,BUY,111.83,0.1479,16.54,0.0,0.0,ADD
2016-12-07,SHV,BUY,87.6576,33.5651,2942.23,0.0,0.0,ADD
2016-12-28,SMH,SELL,33.307464599609375,-1.1259842044684403,-37.5036790300519,8.179382764463064,0.27892852706106774,REDUCE
2016-12-28,QQQ,SELL,112.47631072998047,-0.32700234601484696,-36.780017479798516,2.607942620801013,0.07631794766814815,REDUCE
2016-12-28,USD,SELL,1.4155287742614746,-72.62712008126505,-102.80577826677404,25.584501906770235,0.3313141547608702,REDUCE
2016-12-28,XLK,SELL,22.12090301513672,-0.905133794822838,-20.022376890998657,2.0423816739341283,0.11359189194865493,REDUCE
2016-12-28,SHV,SELL,87.71315002441406,-32.34164176676352,-2836.7872763239848,1.1725510346965837,0.0004135085857184251,REDUCE
2016-12-28,TQQQ,BUY,2.6092,1122.1363,2927.9,0.0,0.0,OPEN
2016-12-28,GLD,BUY,108.86,0.9737,106.0,0.0,0.0,ADD
2017-01-03,QQQ,SELL,112.1573257446289,-0.052890342729130436,-5.932039398216148,0.40494525628048345,0.0732654892211888,REDUCE
2017-01-03,USD,SELL,1.3535817861557007,-1095.0421455242529,-1482.229103254489,317.91813992891514,0.27305260359385297,CLOSE
2017-01-03,TQQQ,SELL,2.581679582595825,-1122.1362753321196,-2896.9963109150603,-30.901724897852215,-0.010554235331925566,CLOSE
2017-01-03,GLD,SELL,110.47000122070312,-0.49182289041523747,-54.33167530454102,-4.871217346467789,-0.08228005640168301,REDUCE
2017-01-03,XLK,SELL,22.148147583007812,-0.7773943185016241,-17.217844096365752,1.7753247601297555,0.11496341506686303,REDUCE
2017-01-03,SMH,BUY,32.9493,0.7303,24.06,0.0,0.0,ADD
2017-01-03,SSO,BUY,9.1872,168.0848,1544.22,0.0,0.0,OPEN
2017-01-03,SHV,BUY,87.745,32.9183,2888.42,0.0,0.0,ADD
2017-01-09,SMH,SELL,33.41307067871094,-0.26406184241719416,-8.823117004236337,1.933298980698592,0.2806023285511816,REDUCE
2017-01-09,QQQ,SELL,114.7750015258789,-0.6546684811103889,-75.13957591838971,6.726059572196066,0.09831477654444942,REDUCE
2017-01-09,GLD,SELL,112.66999816894531,-0.21775937197950446,-24.53494804220145,-1.6777089412285446,-0.0640037727685937,REDUCE
2017-01-09,XLK,SELL,22.420516967773438,-0.12154728675166548,-2.7251530050025394,0.31068163409337046,0.12867480552332378,REDUCE
2017-01-09,SHV,SELL,87.768798828125,-77.84455892428167,-6832.323432089401,5.589275615501844,0.0008187334510749711,REDUCE
2017-01-09,SSO,BUY,9.2847,0.148,1.37,0.0,0.0,ADD
2017-01-09,QLD,BUY,5.6463,1229.5002,6942.17,0.0,0.0,OPEN
2017-01-31,SMH,SELL,34.17987060546875,-0.19950420287778986,-6.819027839610044,1.6136273160945522,0.3099910004628772,REDUCE
2017-01-31,SSO,SELL,9.367919921875,-168.23282929271096,-1575.991673044583,30.392670548829066,0.01966400761112852,CLOSE
2017-01-31,GLD,SELL,115.55000305175781,-0.11686381077048379,-13.503613691169448,-0.563799149236255,-0.040078382260657075,REDUCE
2017-01-31,QQQ,BUY,116.8767,0.1469,17.17,0.0,0.0,ADD
2017-01-31,QLD,BUY,5.8477,255.2955,1492.89,0.0,0.0,ADD
2017-01-31,XLK,BUY,22.7337,1.0709,24.35,0.0,0.0,ADD
2017-01-31,SHV,BUY,87.7688,0.7054,61.91,0.0,0.0,ADD
2017-02-28,QLD,SELL,6.35998010635376,-315.3867387457765,-2005.853384230929,214.15511394410674,0.11952632733737256,REDUCE
2017-02-28,SHV,SELL,87.80862426757812,-34.32126794712969,-3013.7033215563833,3.7804935253523784,0.001256010117649975,CLOSE
2017-02-28,SMH,BUY,35.0752,2.3364,81.95,0.0,0.0,ADD
2017-02-28,QQQ,BUY,121.9901,0.2993,36.51,0.0,0.0,ADD
2017-02-28,TQQQ,BUY,3.3086,955.3666,3160.9,0.0,0.0,OPEN
2017-02-28,GLD,BUY,119.23,14.4766,1726.05,0.0,0.0,ADD
2017-02-28,XLK,BUY,23.7642,0.5953,14.15,0.0,0.0,ADD
2017-03-01,TQQQ,SELL,3.4155590534210205,-955.366597721971,-3263.111032185316,102.20838906679165,0.03233519048405542,CLOSE
2017-03-01,QLD,SELL,6.497906684875488,-8.369460360189215,-54.38397242327392,6.837434131210248,0.1438050881687749,REDUCE
2017-03-01,SMH,BUY,35.4839,0.2855,10.13,0.0,0.0,ADD
2017-03-01,QQQ,BUY,123.3224,0.1926,23.76,0.0,0.0,ADD
2017-03-01,GLD,BUY,119.06,0.6416,76.38,0.0,0.0,ADD
2017-03-01,SHV,BUY,87.772,36.5303,3206.34,0.0,0.0,OPEN
2017-03-08,SMH,SELL,35.43337631225586,-0.9425927093260408,-33.399242178738405,8.595535847648952,0.346542397047942,REDUCE
2017-03-08,QQQ,SELL,122.66561126708984,-0.28170488415190575,-34.55550181141825,5.063902198354808,0.17170659661715093,REDUCE
2017-03-08,XLK,SELL,23.986642837524414,-0.838860103361197,-20.121437689973845,3.429016271392024,0.2054235383474612,REDUCE
2017-03-08,SHV,SELL,87.732177734375,-36.530307262238985,-3204.8834094220806,-1.455392948329254,-0.00045391115475801325,CLOSE
2017-03-08,TQQQ,BUY,3.3561,945.5508,3173.39,0.0,0.0,OPEN
2017-03-08,QLD,BUY,6.4259,0.9506,6.11,0.0,0.0,ADD
2017-03-08,GLD,BUY,115.06,0.9939,114.35,0.0,0.0,ADD
2017-03-09,SMH,SELL,35.447147369384766,-0.03777465618786636,-1.339003804719141,0.3449886064564322,0.3470657260164498,REDUCE
2017-03-09,QQQ,SELL,122.75943756103516,-0.04134771457983868,-5.075822186255209,0.747142380170354,0.17260282895493706,REDUCE
2017-03-09,TQQQ,SELL,3.3664257526397705,-945.5508317690377,-3183.1266704972436,9.740676960724969,0.003069490122085572,CLOSE
2017-03-09,QLD,SELL,6.434483528137207,-1.5217409025726996,-9.791616771696681,1.145745958756881,0.13251944003628946,REDUCE
2017-03-09,GLD,BUY,114.47,0.2187,25.03,0.0,0.0,ADD
2017-03-09,SHV,BUY,87.7402,36.1691,3173.48,0.0,0.0,OPEN
2017-03-21,SMH,SELL,35.80988311767578,-0.7772521163897066,-27.833307440881526,7.380429915515933,0.3608504429933024,REDUCE
2017-03-21,GLD,SELL,118.54000091552734,-1.3420383893139671,-159.0852318979505,-1.7027388912982695,-0.010589964429180587,REDUCE
2017-03-21,SHV,SELL,87.77992248535156,-36.16908734799213,-3174.9196837726595,1.4385181605917585,0.0004532934293670632,CLOSE
2017-03-21,QQQ,BUY,122.0464,0.4859,59.31,0.0,0.0,ADD
2017-03-21,TQQQ,BUY,3.303,963.4485,3182.3,0.0,0.0,OPEN
2017-03-21,QLD,BUY,6.3587,17.0841,108.63,0.0,0.0,ADD
2017-03-21,XLK,BUY,23.9742,0.518,12.42,0.0,0.0,ADD
2017-03-28,SMH,SELL,36.56749725341797,-0.18883478132643117,-6.905215347504054,1.9361524481471954,0.3896413644507881,REDUCE
2017-03-28,TQQQ,SELL,3.4405221939086914,-963.4485205369291,-3314.766017595798,132.46847491395062,0.04162667793857966,CLOSE
2017-03-28,QLD,SELL,6.532975196838379,-9.269505248314653,-60.55744787420281,7.801075586500441,0.14786982592278974,REDUCE
2017-03-28,QQQ,BUY,123.7669,0.2918,36.12,0.0,0.0,ADD
2017-03-28,GLD,BUY,119.04,0.6171,73.46,0.0,0.0,ADD
2017-03-28,XLK,BUY,24.2522,1.1913,28.89,0.0,0.0,ADD
2017-03-28,SHV,BUY,87.772,36.9566,3243.75,0.0,0.0,OPEN
2017-03-31,QQQ,SELL,124.4626693725586,-0.09066237099530548,-11.284080705720953,1.7704103557499415,0.1860912025142154,REDUCE
2017-03-31,QLD,SELL,6.605645179748535,-8.204159621831034,-54.193767459835726,7.500692940486656,0.1606382320654094,REDUCE
2017-03-31,GLD,SELL,118.72000122070312,-14.242721972842148,-1690.895970001955,-15.344912305839863,-0.00899340325563236,REDUCE
2017-03-31,SMH,BUY,36.5996,0.3278,12.0,0.0,0.0,ADD
2017-03-31,USD,BUY,1.5869,1086.5476,1724.19,0.0,0.0,OPEN
2017-03-31,XLK,BUY,24.2932,0.3663,8.9,0.0,0.0,ADD
2017-03-31,SHV,BUY,87.8197,0.1285,11.29,0.0,0.0,ADD
2017-04-05,QQQ,SELL,124.07718658447266,-0.13817557542749662,-17.144436653734374,2.6449606241164667,0.18241766934981918,REDUCE
2017-04-05,GLD,SELL,119.62000274658203,-0.35657495907751036,-42.653497584214165,-0.06325093796946493,-0.001480705815814054,REDUCE
2017-04-05,XLK,SELL,24.188396453857422,-0.19029008481212756,-4.602812012673894,0.8054962242549826,0.21212252789499164,REDUCE
2017-04-05,SHV,SELL,87.76958465576172,-37.085109066217846,-3254.9446196555637,-0.09638901602344982,-2.961222785413664e-05,CLOSE
2017-04-05,SMH,BUY,36.168,0.665,24.05,0.0,0.0,ADD
2017-04-05,USD,BUY,1.532,32.7293,50.14,0.0,0.0,ADD
2017-04-05,TQQQ,BUY,3.4635,935.1341,3238.84,0.0,0.0,OPEN
2017-04-05,QLD,BUY,6.5638,0.9621,6.31,0.0,0.0,ADD
2017-04-17,QQQ,SELL,123.61650085449219,-0.24876569050595845,-30.751544192998153,4.647276812001147,0.17802747513167905,REDUCE
2017-04-17,TQQQ,SELL,3.416748046875,-935.1340922724783,-3195.1175833382163,-43.72271095115635,-0.013499495800471273,CLOSE
2017-04-17,GLD,SELL,122.23999786376953,-0.7942879163761457,-97.093753201038,1.9401359480843394,0.02038951333743566,REDUCE
2017-04-17,XLK,SELL,24.08358383178711,-0.5920603736737959,-14.258935642852066,2.4441308574719867,0.20687018548934577,REDUCE
2017-04-17,SMH,BUY,35.3921,1.4405,50.98,0.0,0.0,ADD
2017-04-17,USD,BUY,1.4557,49.0883,71.46,0.0,0.0,ADD
2017-04-17,QLD,BUY,6.509,0.3219,2.1,0.0,0.0,ADD
2017-04-17,SHV,BUY,87.8094,36.587,3212.69,0.0,0.0,OPEN
2017-04-18,SMH,SELL,35.53438949584961,-0.3781159214961934,-13.436118429027829,3.4048118674007744,0.3394185838587831,REDUCE
2017-04-18,USD,SELL,1.4680047035217285,-9.222156365071978,-13.53816892053851,-1.0310465075270947,-0.07076884219454427,REDUCE
2017-04-18,GLD,SELL,122.81999969482422,-0.11190304163346543,-13.743931539272126,0.33823950556678783,0.025231036541520258,REDUCE
2017-04-18,SHV,SELL,87.80940246582031,-36.58703553351555,-3212.6857281937355,0.0,0.0,CLOSE
2017-04-18,QQQ,BUY,123.4285,0.1126,13.9,0.0,0.0,ADD
2017-04-18,TQQQ,BUY,3.4068,943.4501,3214.19,0.0,0.0,OPEN
2017-04-18,QLD,BUY,6.4923,3.5183,22.84,0.0,0.0,ADD
2017-04-18,XLK,BUY,24.079,0.103,2.48,0.0,0.0,ADD
2017-04-19,SMH,SELL,35.72723388671875,-0.357604857571165,-12.776232385471758,3.289078445937239,0.34668758058527027,REDUCE
2017-04-19,USD,SELL,1.4929412603378296,-17.026554021229398,-25.419645019664358,-1.4790025105818618,-0.05498427045147136,REDUCE
2017-04-19,TQQQ,SELL,3.418729782104492,-943.4501256988401,-3225.4010426568516,11.215760747813121,0.0034894568184793417,CLOSE
2017-04-19,QLD,SELL,6.510801792144775,-0.9262470334276606,-6.030610845209594,0.7558601632018113,0.14329779903722395,REDUCE
2017-04-19,QQQ,BUY,123.6259,0.0254,3.14,0.0,0.0,ADD
2017-04-19,GLD,BUY,121.73,0.2884,35.11,0.0,0.0,ADD
2017-04-19,XLK,BUY,24.0608,0.4409,10.61,0.0,0.0,ADD
2017-04-19,SHV,BUY,87.8253,36.6724,3220.77,0.0,0.0,OPEN
2017-05-01,QQQ,SELL,128.99435424804688,-0.09296064496983948,-11.99139836836639,2.2323657172896967,0.22874866773228852,REDUCE
2017-05-01,USD,SELL,1.5653361082077026,-1142.1165319000559,-1787.796247164112,-16.525989252143585,-0.0091591118917691,CLOSE
2017-05-01,SMH,BUY,36.9762,0.6925,25.6,0.0,0.0,ADD
2017-05-01,QLD,BUY,7.0749,202.9351,1435.75,0.0,0.0,ADD
2017-05-01,GLD,BUY,119.67,1.5781,188.86,0.0,0.0,ADD
2017-05-01,XLK,BUY,24.9676,0.6109,15.25,0.0,0.0,ADD
2017-05-01,SHV,BUY,87.8261,1.5294,134.32,0.0,0.0,ADD
2017-05-17,SMH,SELL,37.458274841308594,-1.988471585911118,-74.48471517919143,21.5963917871136,0.40833950486599346,REDUCE
2017-05-17,GLD,SELL,119.79000091552734,-0.1914218934518147,-22.93042879184486,-0.0038469856806350672,-0.00016773957538285256,REDUCE
2017-05-17,XLK,SELL,24.881053924560547,-0.3750156229515639,-9.330783937210526,1.834631631628777,0.24474311044383157,REDUCE
2017-05-17,SHV,SELL,87.86595916748047,-38.20187826222025,-3356.644675509304,1.5519735558610321,0.00046257248121861494,CLOSE
2017-05-17,QQQ,BUY,127.932,0.1372,17.56,0.0,0.0,ADD
2017-05-17,TQQQ,BUY,3.7714,884.439,3335.56,0.0,0.0,OPEN
2017-05-17,QLD,BUY,6.953,15.8607,110.28,0.0,0.0,ADD
2017-05-18,SMH,SELL,38.01385498046875,-0.3297067636288811,-12.533425098667976,3.7640576795355063,0.42922795905703715,REDUCE
2017-05-18,TQQQ,SELL,3.866872549057007,-884.4390086062112,-3420.0129236945522,84.45738170671528,0.025320334392148203,CLOSE
2017-05-18,QLD,SELL,7.071228981018066,-7.298241390143532,-51.60753602844852,8.462197477565905,0.19613236937719658,REDUCE
2017-05-18,QQQ,BUY,129.0508,0.1627,21.0,0.0,0.0,ADD
2017-05-18,GLD,BUY,118.81,0.5564,66.11,0.0,0.0,ADD
2017-05-18,XLK,BUY,25.0269,0.9059,22.67,0.0,0.0,ADD
2017-05-18,SHV,BUY,87.858,38.4071,3374.38,0.0,0.0,OPEN
2017-05-31,SMH,SELL,39.48316192626953,-0.37277939905666185,-14.718509375731628,4.80351861051059,0.4844703060501039,REDUCE
2017-05-31,QLD,SELL,7.487547397613525,-278.00992654269135,-2081.612501995456,438.0888419819951,0.2665546305420434,REDUCE
2017-05-31,QQQ,BUY,132.8398,0.3087,41.01,0.0,0.0,ADD
2017-05-31,USD,BUY,1.8054,1024.0463,1848.86,0.0,0.0,OPEN
2017-05-31,GLD,BUY,120.62,0.5514,66.51,0.0,0.0,ADD
2017-05-31,XLK,BUY,25.7606,0.8674,22.34,0.0,0.0,ADD
2017-05-31,SHV,BUY,87.866,1.3385,117.61,0.0,0.0,ADD
2017-06-09,SMH,SELL,39.34541702270508,-0.6075289793486636,-23.90348104585155,7.74474417603172,0.4792914346230128,REDUCE
2017-06-09,GLD,SELL,120.54000091552734,-0.25041672417152494,-30.185232160898977,0.18373047371181858,0.006124042577184907,REDUCE
2017-06-09,XLK,SELL,25.52814483642578,-0.045843645406896415,-1.1703032197769971,0.25118801861713336,0.27329329152662285,REDUCE
2017-06-09,SHV,SELL,87.8707046508789,-39.74565620659574,-3492.478817685146,0.4942356131602449,0.00014153430564900482,CLOSE
2017-06-09,USD,BUY,1.7829,3.2859,5.86,0.0,0.0,ADD
2017-06-09,TQQQ,BUY,4.0919,845.5141,3459.79,0.0,0.0,OPEN
2017-06-09,QLD,BUY,7.3428,11.1797,82.09,0.0,0.0,ADD
2017-06-12,SMH,SELL,39.10666275024414,-0.1881729456782897,-7.3588159253608865,2.3538906977704688,0.47031485801112183,REDUCE
2017-06-12,QQQ,SELL,130.90298461914062,-0.14685985587649233,-19.224393454969686,3.7667962788723757,0.2436857576219622,REDUCE
2017-06-12,USD,SELL,1.7736718654632568,-2.775939109605362,-4.923605098946155,-0.08800084642667644,-0.017559410573356637,REDUCE
2017-06-12,QLD,SELL,7.261528015136719,-1108.6223124653584,-8050.291980172853,1480.4010570526657,0.22533114695146117,CLOSE
2017-06-12,GLD,SELL,120.36000061035156,-0.18347541382866067,-22.083100920402103,0.10159007782935522,0.00462161489066526,REDUCE
2017-06-12,XLK,SELL,25.377765655517578,-0.3184303666054745,-8.081051221314283,1.6968689020353729,0.265792675893854,REDUCE
2017-06-12,TQQQ,BUY,4.0178,8.8108,35.4,0.0,0.0,ADD
2017-06-12,SHV,BUY,87.8628,91.9225,8076.56,0.0,0.0,OPEN
2017-06-13,QQQ,SELL,131.96543884277344,-0.05624214040348826,-7.422018739803207,1.502304700251387,0.2537799444726432,REDUCE
2017-06-13,USD,SELL,1.8008196353912354,-8.257645011190176,-14.870529278241747,-0.037601339487220685,-0.0025222035177572266,REDUCE
2017-06-13,TQQQ,SELL,4.1117472648620605,-13.565775658880641,-55.7790409611348,0.2791331463476519,0.005029434414182576,REDUCE
2017-06-13,SHV,SELL,87.89463806152344,-91.92247638240832,-8079.492791350715,2.9300850397163543,0.0003627886201424957,CLOSE
2017-06-13,SMH,BUY,39.3592,0.0683,2.69,0.0,0.0,ADD
2017-06-13,QLD,BUY,7.3792,1102.3063,8134.09,0.0,0.0,OPEN
2017-06-13,GLD,BUY,120.48,0.1725,20.79,0.0,0.0,ADD
2017-06-14,QQQ,SELL,131.39190673828125,-0.22961233250680246,-30.169202178693013,6.001570245708182,0.24833091890633385,REDUCE
2017-06-14,QLD,SELL,7.313260555267334,-1102.3063408430157,-8061.453482308297,-72.63761637995707,-0.008930022481758448,CLOSE
2017-06-14,GLD,SELL,119.81999969482422,-0.0810268783454162,-9.70864053862033,0.0007816262599238803,8.051479393955674e-05,REDUCE
2017-06-14,XLK,SELL,25.437002182006836,-0.5757476481510867,-14.645294182304497,3.102180393013681,0.26874727648372887,REDUCE
2017-06-14,SMH,BUY,39.0194,0.0289,1.13,0.0,0.0,ADD
2017-06-14,USD,BUY,1.755,17.8377,31.3,0.0,0.0,ADD
2017-06-14,TQQQ,BUY,4.0567,4.2944,17.42,0.0,0.0,ADD
2017-06-14,SHV,BUY,87.8946,91.7704,8066.12,0.0,0.0,OPEN
2017-06-19,SMH,SELL,39.32246398925781,-0.13256074003600032,-5.2126149264549895,1.6852567319503096,0.47776739390283485,REDUCE
2017-06-19,QQQ,SELL,132.4192352294922,-0.07576760504772034,-10.033088315589339,2.0582397033841557,0.2580913824789228,REDUCE
2017-06-19,USD,SELL,1.8022270202636719,-20.59717708724643,-37.12078908779131,-0.04689418253587845,-0.0012616923738508756,REDUCE
2017-06-19,TQQQ,SELL,4.1454267501831055,-845.0534778429445,-3503.1072923854085,45.99718324093918,0.01330509639229338,CLOSE
2017-06-19,XLK,SELL,25.65387725830078,-0.322575040477259,-8.275300494995008,1.808021975019237,0.2795645756456473,REDUCE
2017-06-19,GLD,BUY,118.43,0.5232,61.96,0.0,0.0,ADD
2017-06-19,SHV,BUY,87.9026,39.8371,3501.79,0.0,0.0,ADD
2017-06-21,QQQ,SELL,132.6831817626953,-0.1555171892270021,-20.6345154854298,4.265698760922235,0.2605990911081304,REDUCE
2017-06-21,GLD,SELL,118.5199966430664,-0.04408784092122905,-5.225290757984112,-0.055796133606317605,-0.010565274677674208,REDUCE
2017-06-21,SHV,SELL,87.90260314941406,-92.38575820276715,-8120.948639955566,0.5131182778239515,6.318851697728611e-05,REDUCE
2017-06-21,SMH,BUY,39.2765,0.0427,1.68,0.0,0.0,ADD
2017-06-21,USD,BUY,1.7754,14.5542,25.84,0.0,0.0,ADD
2017-06-21,QLD,BUY,7.4523,1088.5574,8112.22,0.0,0.0,OPEN
2017-06-21,XLK,BUY,25.5898,0.2764,7.07,0.0,0.0,ADD
2017-06-27,QQQ,SELL,130.12826538085938,-0.2638079453086039,-34.32887031669725,6.562011047383177,0.23632528921393137,REDUCE
2017-06-27,QLD,SELL,7.164646625518799,-1088.5574210466327,-7799.129253385204,-313.09043995940687,-0.038594916286139425,CLOSE
2017-06-27,GLD,SELL,118.80999755859375,-0.7625343075939354,-90.59669922357944,-0.7439029033721468,-0.008144274134937457,REDUCE
2017-06-27,XLK,SELL,25.2009220123291,-1.389513144494129,-35.017012389502725,7.145361289679339,0.256366630885553,REDUCE
2017-06-27,SMH,BUY,38.0644,0.7493,28.52,0.0,0.0,ADD
2017-06-27,USD,BUY,1.6415,57.3382,94.12,0.0,0.0,ADD
2017-06-27,TQQQ,BUY,3.9267,857.0883,3365.53,0.0,0.0,OPEN
2017-06-27,SHV,BUY,87.9106,50.8573,4470.89,0.0,0.0,ADD
2017-06-28,SMH,SELL,38.6153564453125,-0.09782190051208424,-3.7774275564320305,1.1658671471433768,0.4464254945038548,REDUCE
2017-06-28,QQQ,SELL,132.00437927246094,-0.04972503782026738,-6.563922751764039,1.3301602670840413,0.25414991050465474,REDUCE
2017-06-28,USD,SELL,1.707135796546936,-27.610475552911026,-47.13483117605847,-2.4398673050489466,-0.049215978710970165,REDUCE
2017-06-28,TQQQ,SELL,4.09153938293457,-857.0882626450218,-3506.8103812630757,141.27771467967943,0.041977817087451186,CLOSE
2017-06-28,GLD,BUY,118.9,0.3613,42.96,0.0,0.0,ADD
2017-06-28,XLK,BUY,25.5166,0.1543,3.94,0.0,0.0,ADD
2017-06-28,SHV,BUY,87.9186,40.0074,3517.39,0.0,0.0,ADD
2017-06-29,GLD,SELL,118.31999969482422,-0.21479353563060813,-25.41437107026377,-0.31239829768475563,-0.012142927594863684,REDUCE
2017-06-29,SHV,SELL,87.92654418945312,-39.93135430930468,-3511.0259892217873,0.7023014157526457,0.00020006742346656559,REDUCE
2017-06-29,SMH,BUY,37.7475,1.0785,40.71,0.0,0.0,ADD
2017-06-29,QQQ,BUY,129.7135,0.2876,37.31,0.0,0.0,ADD
2017-06-29,USD,BUY,1.6228,41.2583,66.95,0.0,0.0,ADD
2017-06-29,TQQQ,BUY,3.8831,867.5979,3368.99,0.0,0.0,OPEN
2017-06-29,XLK,BUY,25.0591,0.8971,22.48,0.0,0.0,ADD
2017-06-30,QQQ,SELL,129.76063537597656,-0.11151612307706443,-14.470402985145483,2.718998264968208,0.23137644645151756,REDUCE
2017-06-30,USD,SELL,1.6103159189224243,-1099.0794024273127,-1769.8650578884472,-196.40992400522285,-0.099889347021069,CLOSE
2017-06-30,XLK,SELL,25.03620719909668,-0.1103960714785005,-2.763898919502026,0.5457924020966678,0.24606230485951208,REDUCE
2017-06-30,SHV,SELL,87.93447875976562,-0.15330071788237495,-13.480418720484522,0.003912585184813823,0.0002903263758078367,REDUCE
2017-06-30,SMH,BUY,37.5868,0.2791,10.49,0.0,0.0,ADD
2017-06-30,SSO,BUY,10.6577,167.0816,1780.71,0.0,0.0,OPEN
2017-06-30,TQQQ,BUY,3.8696,1.6183,6.26,0.0,0.0,ADD
2017-06-30,GLD,BUY,118.02,0.0264,3.12,0.0,0.0,ADD
2017-07-05,SMH,SELL,37.862327575683594,-0.7462706560201166,-28.255544038353946,8.22626113402427,0.41071171510818405,REDUCE
2017-07-05,SSO,SELL,10.735162734985352,-1.1740118759717701,-12.603208541362392,0.09092362445429943,0.007266748244473931,REDUCE
2017-07-05,TQQQ,SELL,3.8716275691986084,-869.21620388715,-3365.2814185636485,-9.96641505932226,-0.0029527950392385094,CLOSE
2017-07-05,XLK,SELL,25.109411239624023,-0.43099467558951904,-10.82202255146558,2.162365680629388,0.24970569999277425,REDUCE
2017-07-05,QQQ,BUY,129.6569,0.0558,7.24,0.0,0.0,ADD
2017-07-05,GLD,BUY,116.52,0.3723,43.39,0.0,0.0,ADD
2017-07-05,SHV,BUY,87.9273,38.2855,3366.34,0.0,0.0,ADD
2017-07-06,SMH,SELL,37.701622009277344,-0.04671361716955951,-1.761179137212821,0.5074245560485867,0.40472398958446343,REDUCE
2017-07-06,GLD,SELL,116.47000122070312,-0.12305964061367401,-14.3327564924939,-0.4012772407634779,-0.027234717120113716,REDUCE
2017-07-06,SHV,SELL,87.95121002197266,-38.70766906033194,-3404.3863309862672,1.4238186452808237,0.00041840562160677663,REDUCE
2017-07-06,QQQ,BUY,128.4879,0.2466,31.68,0.0,0.0,ADD
2017-07-06,SSO,BUY,10.5469,2.1694,22.88,0.0,0.0,ADD
2017-07-06,TQQQ,BUY,3.7694,888.3168,3348.42,0.0,0.0,OPEN
2017-07-06,XLK,BUY,24.8807,0.7033,17.5,0.0,0.0,ADD
2017-07-07,SMH,SELL,38.206695556640625,-0.515452165124178,-19.693723946910723,5.859417109790335,0.42354251490709105,REDUCE
2017-07-07,QQQ,SELL,129.873779296875,-0.1340486734916968,-17.40940783609949,3.266887031771231,0.2309975058174505,REDUCE
2017-07-07,SSO,SELL,10.679163932800293,-0.6875772532435652,-7.3427502038525745,0.015730595111528828,0.002146929577308887,REDUCE
2017-07-07,TQQQ,SELL,3.8823256492614746,-888.3167944403508,-3448.7350757255067,100.31491510550312,0.029958879200789656,CLOSE
2017-07-07,XLK,SELL,25.16889190673828,-0.4988955173483746,-12.556647348897513,2.5220980424387185,0.25134143701056466,REDUCE
2017-07-07,GLD,BUY,115.28,0.5407,62.33,0.0,0.0,ADD
2017-07-07,SHV,BUY,87.9433,39.1549,3443.41,0.0,0.0,ADD
2017-07-14,SMH,SELL,39.8642692565918,-2.3245699060288443,-92.66728063970413,30.277760291891205,0.4853020206454046,REDUCE
2017-07-14,QQQ,SELL,133.98419189453125,-0.6358515126895199,-85.19405109262061,18.109886718311138,0.26995769996125185,REDUCE
2017-07-14,SSO,SELL,10.972265243530273,-1.2038838177085205,-13.209332570291735,0.38040273384806245,0.029651945929849655,REDUCE
2017-07-14,XLK,SELL,26.015323638916016,-2.0725982740708035,-53.91931487341071,12.232050004437971,0.29342414386946536,REDUCE
2017-07-14,SHV,SELL,87.99110412597656,-89.59122203360266,-7883.230546732218,6.083549523590328,0.0007723036685420848,REDUCE
2017-07-14,QLD,BUY,7.5748,1069.8775,8104.14,0.0,0.0,OPEN
2017-07-14,GLD,BUY,116.77,0.2062,24.08,0.0,0.0,ADD
2017-07-31,SSO,SELL,11.07830810546875,-166.18552241125488,-1841.0544199401636,70.13402422892779,0.03960314896071915,CLOSE
2017-07-31,QLD,SELL,7.685074329376221,-5.9657695061619,-45.84738208678027,0.6576890841892332,0.014553962208849747,REDUCE
2017-07-31,GLD,SELL,120.75,-0.7184438652074848,-86.75209672380379,0.8056985917606845,0.009374431148619689,REDUCE
2017-07-31,SHV,SELL,88.02299499511719,-39.14327229621057,-3445.5080614218523,3.9062746601117553,0.0011350164551684472,CLOSE
2017-07-31,SMH,BUY,39.4143,2.0751,81.79,0.0,0.0,ADD
2017-07-31,QQQ,BUY,135.0306,0.0603,8.15,0.0,0.0,ADD
2017-07-31,USD,BUY,1.7615,1044.3775,1839.65,0.0,0.0,OPEN
2017-07-31,TQQQ,BUY,4.3558,797.7592,3474.9,0.0,0.0,OPEN
2017-07-31,XLK,BUY,26.1526,0.5609,14.67,0.0,0.0,ADD
2017-08-04,QQQ,SELL,135.4265594482422,-0.01747925813651339,-2.3671557911357013,0.5224877861264606,0.28324217946407293,REDUCE
2017-08-04,TQQQ,SELL,4.387527942657471,-797.7592342356215,-3500.190931721816,25.288694445013945,0.007277526882261798,CLOSE
2017-08-04,QLD,SELL,7.728187084197998,-3.1638896815476008,-24.451131372763484,0.48520321286291457,0.02024554232265241,REDUCE
2017-08-04,XLK,SELL,26.358476638793945,-0.8147284214000409,-21.475000062434447,5.070281297776011,0.3090745638809238,REDUCE
2017-08-04,SMH,BUY,39.3454,0.4537,17.85,0.0,0.0,ADD
2017-08-04,USD,BUY,1.7605,3.3345,5.87,0.0,0.0,ADD
2017-08-04,GLD,BUY,119.65,0.3406,40.76,0.0,0.0,ADD
2017-08-04,SHV,BUY,88.0286,39.5781,3484.0,0.0,0.0,OPEN
2017-08-10,SMH,SELL,38.74850845336914,-0.15457876794615433,-5.989696696472947,1.7937912467781174,0.4275099304033605,REDUCE
2017-08-10,QLD,SELL,7.439950466156006,-1060.7478186339663,-7891.911227719744,-143.07373569969093,-0.017806347659772515,CLOSE
2017-08-10,GLD,SELL,122.20999908447266,-1.0841157180407737,-132.48978090922537,2.7983170493962564,0.02157672499109653,REDUCE
2017-08-10,XLK,SELL,25.946693420410156,-0.15953173507992333,-4.1393210209448625,0.9271178139830623,0.2886236499526935,REDUCE
2017-08-10,QQQ,BUY,132.9566,0.0916,12.18,0.0,0.0,ADD
2017-08-10,USD,BUY,1.7134,10.8973,18.67,0.0,0.0,ADD
2017-08-10,TQQQ,BUY,4.1434,826.8621,3426.06,0.0,0.0,OPEN
2017-08-10,SHV,BUY,88.0206,52.0063,4577.62,0.0,0.0,ADD
2017-08-11,SMH,SELL,39.10666275024414,-0.25108885526429814,-9.819247183165771,3.003659828192836,0.440704472227363,REDUCE
2017-08-11,QQQ,SELL,133.96530151367188,-0.04340913679420518,-5.815318099083925,1.2322042753290188,0.26885744555204694,REDUCE
2017-08-11,TQQQ,SELL,4.2381463050842285,-12.973608848635806,-54.984052405453895,1.2286174956157765,0.022855688874557245,REDUCE
2017-08-11,SHV,SELL,88.03656005859375,-91.58436039129037,-8062.77204401573,1.1454112615514285,0.00014208190402875687,CLOSE
2017-08-11,USD,BUY,1.7152,6.0802,10.43,0.0,0.0,ADD
2017-08-11,QLD,BUY,7.552,1074.7006,8116.18,0.0,0.0,OPEN
2017-08-11,GLD,BUY,122.79,0.0552,6.78,0.0,0.0,ADD
2017-08-14,USD,SELL,1.8067742586135864,-33.449859351000725,-60.43634482963307,1.5403759056846984,0.026154182261162395,REDUCE
2017-08-14,TQQQ,SELL,4.402981281280518,-813.8884483431308,-3583.53560310525,211.23356908957368,0.06263779666201508,CLOSE
2017-08-14,QLD,SELL,7.74789571762085,-5.8987947802352725,-45.703246816909086,1.1553008432674097,0.02593387457080465,REDUCE
2017-08-14,SMH,BUY,39.878,0.0588,2.34,0.0,0.0,ADD
2017-08-14,QQQ,BUY,135.6905,0.4108,55.74,0.0,0.0,ADD
2017-08-14,GLD,BUY,121.92,0.7772,94.75,0.0,0.0,ADD
2017-08-14,XLK,BUY,26.5415,0.6567,17.43,0.0,0.0,ADD
2017-08-14,SHV,BUY,88.0525,39.9695,3519.41,0.0,0.0,OPEN
2017-08-21,SMH,SELL,39.097469329833984,-0.19725294286945325,-7.712090884057943,2.35641035981966,0.4399833689024615,REDUCE
2017-08-21,QQQ,SELL,132.97540283203125,-0.08220067496893597,-10.930667867059128,2.2339527122824308,0.25687316101820645,REDUCE
2017-08-21,GLD,SELL,122.76000213623047,-0.8120946031249886,-99.69273521444484,2.4878276547667673,0.025593642514802006,REDUCE
2017-08-21,XLK,SELL,26.102262496948242,-0.7753636528081574,-20.238745596191166,4.60573558415716,0.29461604518974593,REDUCE
2017-08-21,SHV,SELL,88.07646179199219,-39.96945657677339,-3520.368315030872,0.9581301312577971,0.0002722416771334668,CLOSE
2017-08-21,USD,BUY,1.7053,37.9271,64.68,0.0,0.0,ADD
2017-08-21,TQQQ,BUY,4.1391,832.0592,3443.97,0.0,0.0,OPEN
2017-08-21,QLD,BUY,7.4412,20.1983,150.3,0.0,0.0,ADD
2017-08-22,USD,SELL,1.7616850137710571,-12.861786798908442,-22.658417053955418,0.037637145455898094,0.001663830584451187,REDUCE
2017-08-22,TQQQ,SELL,4.323337554931641,-832.0591721892914,-3597.272667051296,153.3071976628849,0.044514731354176273,CLOSE
2017-08-22,QLD,SELL,7.662900924682617,-9.70095847486422,-74.33748366734471,1.095384653107027,0.014955669865415633,REDUCE
2017-08-22,SMH,BUY,39.6209,0.7398,29.31,0.0,0.0,ADD
2017-08-22,QQQ,BUY,135.0023,0.2987,40.32,0.0,0.0,ADD
2017-08-22,GLD,BUY,122.21,0.7074,86.45,0.0,0.0,ADD
2017-08-22,XLK,BUY,26.4912,0.8754,23.19,0.0,0.0,ADD
2017-08-22,SHV,BUY,88.0605,39.9156,3514.99,0.0,0.0,OPEN
2017-08-23,SMH,SELL,39.70356369018555,-0.41624546362777687,-16.52642827589625,5.1880179030287294,0.4575613099560678,REDUCE
2017-08-23,USD,SELL,1.7749700546264648,-9.908988659483569,-17.58815814221657,0.16063776059909074,0.009217476559002069,REDUCE
2017-08-23,GLD,SELL,122.66999816894531,-0.16259586115396005,-19.945633990034366,0.4734215554232555,0.024312674125399614,REDUCE
2017-08-23,SHV,SELL,88.07646179199219,-39.91561833028381,-3515.626432770985,0.6373854764197084,0.00018133355974758736,CLOSE
2017-08-23,QQQ,BUY,134.5215,0.0939,12.63,0.0,0.0,ADD
2017-08-23,TQQQ,BUY,4.275,820.6493,3508.27,0.0,0.0,OPEN
2017-08-23,QLD,BUY,7.605,6.1385,46.68,0.0,0.0,ADD
2017-08-23,XLK,BUY,26.4271,0.0794,2.1,0.0,0.0,ADD
2017-08-24,SMH,SELL,39.698970794677734,-0.3644157394778032,-14.466929798650199,4.5403466606145715,0.4573926997314266,REDUCE
2017-08-24,QQQ,SELL,134.1255645751953,-0.0385569877296089,-5.171477747552672,1.0844456543777723,0.2653381793083378,REDUCE
2017-08-24,TQQQ,SELL,4.239334583282471,-820.6492933406024,-3479.006930005137,-29.26692070876932,-0.008342256606568399,CLOSE
2017-08-24,GLD,SELL,122.29000091552734,-0.015005951101818309,-1.8350777739797195,0.03798979422288547,0.02113964071365393,REDUCE
2017-08-24,XLK,SELL,26.40422821044922,-0.4306357840587751,-11.370605517873628,2.6714077043496522,0.3070866718534231,REDUCE
2017-08-24,USD,BUY,1.7653,1.9174,3.38,0.0,0.0,ADD
2017-08-24,QLD,BUY,7.5656,1.7045,12.9,0.0,0.0,ADD
2017-08-24,SHV,BUY,88.0765,39.6879,3495.57,0.0,0.0,OPEN
2017-08-31,USD,SELL,1.832136631011963,-1048.313285381161,-1920.6531709233227,76.91046252746928,0.041714314137890396,CLOSE
2017-08-31,QLD,SELL,7.959761619567871,-22.722754803147865,-180.86771157294788,9.303619337436801,0.05422824331250764,REDUCE
2017-08-31,SMH,BUY,40.6724,0.5652,22.99,0.0,0.0,ADD
2017-08-31,QQQ,BUY,137.8306,0.1373,18.92,0.0,0.0,ADD
2017-08-31,GLD,BUY,125.82,15.1857,1910.67,0.0,0.0,ADD
2017-08-31,XLK,BUY,26.9167,1.6352,44.01,0.0,0.0,ADD
2017-08-31,SHV,BUY,88.0844,1.1913,104.93,0.0,0.0,ADD
2017-09-08,GLD,SELL,127.97000122070312,-1.153479910396755,-147.61082554152927,7.046146502895861,0.05012743280237042,REDUCE
2017-09-08,SHV,SELL,88.10359954833984,-40.87921029331453,-3601.6055735345553,1.09985400989677,0.0003054720907489372,CLOSE
2017-09-08,SMH,BUY,40.204,0.1896,7.62,0.0,0.0,ADD
2017-09-08,QQQ,BUY,135.9546,0.2246,30.53,0.0,0.0,ADD
2017-09-08,TQQQ,BUY,4.4046,809.5778,3565.84,0.0,0.0,OPEN
2017-09-08,QLD,BUY,7.7614,16.5919,128.78,0.0,0.0,ADD
2017-09-08,XLK,BUY,26.5506,0.6195,16.45,0.0,0.0,ADD
2017-09-11,SMH,SELL,40.93411636352539,-0.5064425720801891,-20.730779176973556,6.886645414888721,0.4974414097145823,REDUCE
2017-09-11,TQQQ,SELL,4.544834136962891,-809.5777615471567,-3679.396647205521,113.55811722171678,0.031846118736686746,CLOSE
2017-09-11,QLD,SELL,7.928967475891113,-8.853337179606678,-70.19782255019891,3.3235965504856027,0.04969921521783083,REDUCE
2017-09-11,XLK,SELL,26.92581558227539,-0.14227095672676499,-3.830761543538756,0.9433406123389467,0.3267069938247489,REDUCE
2017-09-11,QQQ,BUY,137.5195,0.0963,13.25,0.0,0.0,ADD
2017-09-11,GLD,BUY,126.19,1.1724,147.94,0.0,0.0,ADD
2017-09-11,SHV,BUY,88.1196,41.0008,3612.97,0.0,0.0,OPEN
2017-09-14,SMH,SELL,41.27848434448242,-0.9411759423946048,-38.85031640353918,13.122294395736782,0.5100389914062284,REDUCE
2017-09-14,QLD,SELL,7.899402618408203,-1072.1579033332146,-8469.406948937445,370.79639335601485,0.045785186336743555,CLOSE
2017-09-14,GLD,SELL,126.16000366210938,-0.021444037707977183,-2.705379875768813,0.08969423125412822,0.034290906264758725,REDUCE
2017-09-14,QQQ,BUY,137.2272,0.0801,10.99,0.0,0.0,ADD
2017-09-14,XLK,BUY,26.8618,0.2613,7.02,0.0,0.0,ADD
2017-09-14,SHV,BUY,88.1036,96.3973,8492.95,0.0,0.0,ADD
2017-09-15,SMH,SELL,41.82487869262695,-1.12280692592606,-46.961263472098835,16.268169864923962,0.5300270501609223,REDUCE
2017-09-15,QQQ,SELL,137.69862365722656,-0.07160237035772815,-9.859547848854163,2.248914116982915,0.2954963011247118,REDUCE
2017-09-15,XLK,SELL,26.97150421142578,-0.299999904479396,-8.091448687093362,1.9996274801305571,0.32824789372429897,REDUCE
2017-09-15,SHV,SELL,88.11157989501953,-96.33406113374932,-8488.14632419805,0.30930065448453165,3.6440456340880445e-05,REDUCE
2017-09-15,QLD,BUY,7.9499,1070.8862,8513.44,0.0,0.0,OPEN
2017-09-15,GLD,BUY,125.53,0.3156,39.61,0.0,0.0,ADD
2017-09-18,SMH,SELL,42.40801239013672,-1.4536207655671507,-61.645167436731754,21.908933898550085,0.551359098428347,REDUCE
2017-09-18,QLD,SELL,7.9326605796813965,-1070.8861991390452,-8494.976737235145,-18.46825655186646,-0.0021693047368420704,CLOSE
2017-09-18,XLK,SELL,26.994462966918945,-0.21931227908698317,-5.92021719600416,1.4668451357434322,0.32937852842628956,REDUCE
2017-09-18,QQQ,BUY,137.5182,0.0441,6.07,0.0,0.0,ADD
2017-09-18,GLD,BUY,124.36,0.3907,48.59,0.0,0.0,ADD
2017-09-18,SHV,BUY,88.0877,96.5842,8507.88,0.0,0.0,ADD
2017-09-20,QQQ,SELL,137.32919311523438,-0.0636784207575936,-8.74490614149272,1.9749773956985461,0.2917279442454255,REDUCE
2017-09-20,XLK,SELL,27.003643035888672,-0.4451537567752342,-12.020773144043233,2.981446612961687,0.32983061323319185,REDUCE
2017-09-20,SHV,SELL,88.11157989501953,-41.319211516596894,-3640.7010067438387,0.7328060195266412,0.00020132209379752908,REDUCE
2017-09-20,SMH,BUY,41.9534,0.8349,35.03,0.0,0.0,ADD
2017-09-20,TQQQ,BUY,4.5314,796.0684,3607.27,0.0,0.0,OPEN
2017-09-20,GLD,BUY,123.62,0.155,19.16,0.0,0.0,ADD
2017-09-28,SMH,SELL,42.45392990112305,-1.6251322472930037,-68.99325050663174,24.372498854594934,0.5462144395203705,REDUCE
2017-09-28,TQQQ,SELL,4.433095455169678,-796.0684472588097,-3529.0474155470115,-78.22656132824336,-0.021685783178577944,CLOSE
2017-09-28,XLK,SELL,26.953140258789062,-0.3869525611123671,-10.429586653159276,2.5720980917428045,0.3273435362506123,REDUCE
2017-09-28,QQQ,BUY,136.4411,0.1231,16.8,0.0,0.0,ADD
2017-09-28,GLD,BUY,122.21,0.3195,39.05,0.0,0.0,ADD
2017-09-28,SHV,BUY,88.1355,40.3086,3552.62,0.0,0.0,ADD
2017-10-02,SMH,SELL,43.13349533081055,-1.266308718963115,-54.6203212167602,19.85167579865308,0.5709648897714763,REDUCE
2017-10-02,QQQ,SELL,137.54649353027344,-0.2853699814026241,-39.25164030073029,8.894248328804707,0.29298459950150124,REDUCE
2017-10-02,GLD,SELL,120.7699966430664,-15.116981226012305,-1825.677771918804,-19.051483850099235,-0.010327523017548912,REDUCE
2017-10-02,XLK,SELL,27.178125381469727,-0.818809525788756,-22.25370795542858,5.626898549208653,0.3384232303224506,REDUCE
2017-10-02,USD,BUY,2.0719,920.5809,1907.33,0.0,0.0,OPEN
2017-10-02,SHV,BUY,88.1547,0.3911,34.48,0.0,0.0,ADD
2017-10-16,SMH,SELL,44.8645133972168,-1.9122600411578932,-85.79261623549064,33.28828587545436,0.634010293002266,REDUCE
2017-10-16,QQQ,SELL,140.63604736328125,-0.14337514554016598,-20.163713758904123,4.911599746064675,0.3220274738262525,REDUCE
2017-10-16,USD,SELL,2.2357218265533447,-50.497841800427686,-112.89912710705403,8.274038746804028,0.07908274082708022,REDUCE
2017-10-16,XLK,SELL,27.880659103393555,-0.9058818509525999,-25.256583074360606,6.86167631526604,0.3730204455574955,REDUCE
2017-10-16,SHV,SELL,88.17069244384766,-95.35521177992875,-8407.535050766057,6.142256156500078,0.0007310997481799753,REDUCE
2017-10-16,QLD,BUY,8.2776,1044.4643,8645.62,0.0,0.0,OPEN
2017-10-16,GLD,BUY,122.97,0.049,6.03,0.0,0.0,ADD
2017-10-18,SMH,SELL,45.0206413269043,-0.3419430063721369,-15.394493444123327,6.0058704616571745,0.6396966278093728,REDUCE
2017-10-18,QQQ,SELL,140.64552307128906,-0.008450375524808738,-1.1885074858355438,0.28956443353653877,0.3221165487580011,REDUCE
2017-10-18,USD,SELL,2.246189594268799,-4.125144573267406,-9.265856815327652,0.7190833278069872,0.08413506323256814,REDUCE
2017-10-18,QLD,SELL,8.277560234069824,-1044.4643374366337,-8645.616465469566,0.0,0.0,CLOSE
2017-10-18,XLK,SELL,27.949533462524414,-0.39463730184487833,-11.029928473473774,3.0163929738239004,0.3764122557335263,REDUCE
2017-10-18,GLD,BUY,121.67,0.3168,38.55,0.0,0.0,ADD
2017-10-18,SHV,BUY,88.1867,98.0188,8643.95,0.0,0.0,ADD
2017-10-23,SMH,SELL,45.34204864501953,-0.6654166523152149,-30.17135421848252,11.901215749724594,0.6514026026718824,REDUCE
2017-10-23,USD,SELL,2.288057327270508,-15.710480841469066,-35.94648080426623,3.396368014955012,0.10434274181901793,REDUCE
2017-10-23,GLD,SELL,121.80000305175781,-0.02743601650662045,-3.3417068942344486,-0.006255698551866289,-0.0018685090942608396,REDUCE
2017-10-23,SHV,SELL,88.17867279052734,-41.638131304310384,-3671.5951558917986,0.6652140184852199,0.00018121130858350654,REDUCE
2017-10-23,QQQ,BUY,139.5874,0.4401,61.43,0.0,0.0,ADD
2017-10-23,TQQQ,BUY,4.735,776.0615,3674.67,0.0,0.0,OPEN
2017-10-23,XLK,BUY,27.922,0.1772,4.95,0.0,0.0,ADD
2017-10-27,QQQ,SELL,142.8942413330078,-0.12655438388393367,-18.083892672460934,4.588873332963497,0.3400419975340614,REDUCE
2017-10-27,USD,SELL,2.433992862701416,-33.850707901484824,-82.39238142960448,12.258031544975022,0.17477928525949693,REDUCE
2017-10-27,TQQQ,SELL,5.059148788452148,-776.0615359250353,-3926.210779239456,251.53820988530927,0.06845187023820176,CLOSE
2017-10-27,XLK,SELL,28.71634292602539,-1.056822918685663,-30.348089345060544,8.878950046704215,0.41356804869135977,REDUCE
2017-10-27,SHV,SELL,88.17069244384766,-55.48428193506027,-4892.087557963931,0.4436373908562727,9.06929036659232e-05,REDUCE
2017-10-27,SMH,BUY,46.1915,0.2522,11.65,0.0,0.0,ADD
2017-10-27,QLD,BUY,8.5239,1036.0933,8831.57,0.0,0.0,OPEN
2017-10-27,GLD,BUY,120.9,0.8759,105.9,0.0,0.0,ADD
2017-11-14,SMH,SELL,47.42662811279297,-0.5893437505262541,-27.950586886807287,11.740024819982025,0.7242207131119689,REDUCE
2017-11-14,USD,SELL,2.641723155975342,-48.84466311604283,-129.03407759946504,27.834164647950676,0.27504138922813337,REDUCE
2017-11-14,QLD,SELL,8.757954597473145,-7.106173690283191,-62.23554654125837,1.6631171863663932,0.027456669710607784,REDUCE
2017-11-14,SHV,SELL,88.20264434814453,-42.56990877633791,-3754.778523732289,1.7005671887115552,0.0004531126740243696,CLOSE
2017-11-14,QQQ,BUY,144.8499,0.3792,54.92,0.0,0.0,ADD
2017-11-14,TQQQ,BUY,5.262,727.8619,3830.02,0.0,0.0,OPEN
2017-11-14,GLD,BUY,121.56,0.4616,56.12,0.0,0.0,ADD
2017-11-14,XLK,BUY,29.0883,1.1322,32.93,0.0,0.0,ADD
2017-11-16,SMH,SELL,48.15210723876953,-0.3689826998649132,-17.767294533146014,7.618010770649454,0.7505958990721477,REDUCE
2017-11-16,USD,SELL,2.6757402420043945,-1.1541882101872751,-3.0883078408451183,0.6969770597704367,0.2914599123159407,REDUCE
2017-11-16,TQQQ,SELL,5.37891149520874,-727.8618894053467,-3915.104683846772,85.08008956106113,0.022213979954070817,CLOSE
2017-11-16,QLD,SELL,8.892217636108398,-4.030132913913101,-35.83681897295901,1.4843035605334551,0.04320800217140941,REDUCE
2017-11-16,QQQ,BUY,146.0121,0.1902,27.76,0.0,0.0,ADD
2017-11-16,GLD,BUY,121.4,0.3997,48.53,0.0,0.0,ADD
2017-11-16,XLK,BUY,29.2765,0.7513,22.0,0.0,0.0,ADD
2017-11-16,SHV,BUY,88.1947,43.92,3873.51,0.0,0.0,OPEN
2017-11-29,QQQ,SELL,145.36959838867188,-0.5576534031743723,-81.06585125953461,21.388680813363916,0.3584064166154908,REDUCE
2017-11-29,QLD,SELL,8.810920715332031,-1024.9569980983908,-9030.814846869645,294.16724085780936,0.03367049400680733,CLOSE
2017-11-29,GLD,SELL,122.04000091552734,-0.6121866683039358,-74.71126156028595,0.035257504185405644,0.00047213967366177556,REDUCE
2017-11-29,XLK,SELL,29.056123733520508,-1.0174912973327228,-29.564353033079897,8.785282096574381,0.4227947497469695,REDUCE
2017-11-29,SMH,BUY,45.7461,3.5813,163.83,0.0,0.0,ADD
2017-11-29,USD,BUY,2.4791,49.2025,121.98,0.0,0.0,ADD
2017-11-29,TQQQ,BUY,5.3009,720.4914,3819.22,0.0,0.0,OPEN
2017-11-29,SHV,BUY,88.2347,57.9265,5111.13,0.0,0.0,ADD
2017-11-30,QQQ,SELL,146.58839416503906,-30.95681143215133,-4537.909276308987,1225.0721237151313,0.36979545546207593,REDUCE
2017-11-30,USD,SELL,2.5187344551086426,-815.6004327180831,-2054.280911488554,344.4251324260709,0.20143519508699126,CLOSE
2017-11-30,TQQQ,SELL,5.432404041290283,-720.4913647085879,-3914.000201357684,94.78120740820628,0.024816908262752513,CLOSE
2017-11-30,XLK,SELL,29.313262939453125,-0.3538762316076056,-10.373267025136556,3.146454040501103,0.4353861165621158,REDUCE
2017-11-30,SMH,BUY,46.0308,0.031,1.43,0.0,0.0,ADD
2017-11-30,SSO,BUY,12.768,159.3962,2035.17,0.0,0.0,OPEN
2017-11-30,GLD,BUY,121.1,0.4492,54.4,0.0,0.0,ADD
2017-11-30,XLC,BUY,40.1956,112.5146,4522.59,0.0,0.0,OPEN
2017-11-30,SHV,BUY,88.2347,44.2341,3902.98,0.0,0.0,ADD
2017-12-01,GLD,SELL,121.58999633789062,-0.20024013759635248,-24.347197597039212,-0.07607621882406441,-0.003114906682766372,REDUCE
2017-12-01,SHV,SELL,88.24346160888672,-43.81255141305813,-3866.1711986055707,0.9115157831586992,0.00023582265047017437,REDUCE
2017-12-01,SMH,BUY,45.6313,0.6334,28.9,0.0,0.0,ADD
2017-12-01,QQQ,BUY,145.9648,0.0518,7.56,0.0,0.0,ADD
2017-12-01,SSO,BUY,12.7179,0.2618,3.33,0.0,0.0,ADD
2017-12-01,TQQQ,BUY,5.3599,715.5755,3835.41,0.0,0.0,OPEN
2017-12-01,XLK,BUY,29.1617,0.447,13.03,0.0,0.0,ADD
2017-12-01,XLC,BUY,40.0834,0.0569,2.28,0.0,0.0,ADD
2017-12-06,QQQ,SELL,145.02944946289062,-0.06499920847405037,-9.42679942051518,2.465931233575611,0.35425627484260525,REDUCE
2017-12-06,TQQQ,SELL,5.2509284019470215,-715.5755228826667,-3757.4358368426856,-77.97228842331533,-0.020329593586056127,CLOSE
2017-12-06,XLC,SELL,39.88397857687953,-0.4402501096378187,-17.558925941263624,-0.13716369965423478,-0.007751073962525501,REDUCE
2017-12-06,SMH,BUY,44.7635,1.0233,45.81,0.0,0.0,ADD
2017-12-06,GLD,BUY,120.07,0.1161,13.94,0.0,0.0,ADD
2017-12-06,XLK,BUY,28.8862,0.0908,2.62,0.0,0.0,ADD
2017-12-06,SHV,BUY,88.2435,42.1719,3721.39,0.0,0.0,ADD
2017-12-07,SMH,SELL,45.20429229736328,-0.7867121418778898,-35.562765615332864,13.174995813852854,0.5884907666408952,REDUCE
2017-12-07,QQQ,SELL,145.52078247070312,-0.0389946888678614,-5.674537636252808,1.4985346421814458,0.3588442451571283,REDUCE
2017-12-07,SSO,SELL,12.678523063659668,-0.6235264906911336,-7.905394993030313,-0.055719004412926904,-0.00699889543483756,REDUCE
2017-12-07,XLK,SELL,29.065309524536133,-0.6622804650390917,-19.24938670841493,5.704385873737329,0.42114326483709696,REDUCE
2017-12-07,XLC,SELL,40.05924809226668,-0.2790364531068824,-11.177990501794739,-0.03802961759920352,-0.0033906516923454255,REDUCE
2017-12-07,SHV,SELL,88.25144958496094,-42.895690474316666,-3785.6068653062466,0.9745260448680805,0.0002574955656216016,REDUCE
2017-12-07,TQQQ,BUY,5.3028,718.2211,3808.61,0.0,0.0,OPEN
2017-12-07,GLD,BUY,118.49,0.483,57.23,0.0,0.0,ADD
2017-12-08,QQQ,SELL,146.16319274902344,-0.03365387393395765,-4.918957662560388,1.314910999012411,0.3648429451015922,REDUCE
2017-12-08,SSO,SELL,12.813287734985352,-1.181211445650217,-15.135202128974242,0.05363123455606464,0.0035560774757166236,REDUCE
2017-12-08,TQQQ,SELL,5.372968673706055,-718.2210533400086,-3858.9792203920315,50.37183235519177,0.01322578759717108,CLOSE
2017-12-08,XLK,SELL,29.203062057495117,-0.24800773048849287,-7.242585144193981,2.1703157752418862,0.4278786510287924,REDUCE
2017-12-08,XLC,SELL,40.249367943326035,-0.18067229057636786,-7.271945500571746,0.009725731223807925,0.0013392229280719814,REDUCE
2017-12-08,SMH,BUY,44.9977,0.7661,34.47,0.0,0.0,ADD
2017-12-08,GLD,BUY,118.48,0.1031,12.22,0.0,0.0,ADD
2017-12-08,SHV,BUY,88.2675,43.5818,3846.86,0.0,0.0,ADD
2017-12-15,SMH,SELL,45.57162857055664,-0.3249362999624757,-14.807876370980921,5.519818111959673,0.5942919346568933,REDUCE
2017-12-15,QQQ,SELL,148.95045471191406,-0.2464653048055185,-36.71111922149248,10.316759356479327,0.3908698452715511,REDUCE
2017-12-15,SSO,SELL,13.039880752563477,-1.2755766419024734,-16.633367301163617,0.34695251322840814,0.02130318536928244,REDUCE
2017-12-15,XLK,SELL,29.75438117980957,-1.4227274469380489,-42.332374771172,13.23466545679999,0.45483530383139437,REDUCE
2017-12-15,XLC,SELL,40.84753602160532,-0.594306694580867,-24.27596411477316,0.3874872892873573,0.01622067794937676,REDUCE
2017-12-15,SHV,SELL,88.26749420166016,-101.43339815867635,-8953.271883825651,2.75112060645158,0.00030736989268342896,REDUCE
2017-12-15,QLD,BUY,9.2199,984.2285,9074.46,0.0,0.0,OPEN
2017-12-15,GLD,BUY,119.18,0.1139,13.57,0.0,0.0,ADD
2017-12-21,SMH,SELL,46.161216735839844,-0.7949326291435997,-36.6950573842887,13.972509696217742,0.6149182692024064,REDUCE
2017-12-21,SSO,SELL,13.132903099060059,-0.3550298671083617,-4.662572842006284,0.12959262906633898,0.02858883625752462,REDUCE
2017-12-21,QLD,SELL,9.250665664672852,-984.2285355032927,-9104.769119571554,30.308474933053326,0.0033399753572087576,CLOSE
2017-12-21,GLD,SELL,120.30999755859375,-0.14846258213650648,-17.86153289438562,-0.23460527651963922,-0.012964383577532268,REDUCE
2017-12-21,XLC,SELL,41.10380999122652,-0.1571707771169108,-6.460317758786914,0.14275394697621813,0.02259636012054833,REDUCE
2017-12-21,QQQ,BUY,149.1673,0.0878,13.09,0.0,0.0,ADD
2017-12-21,XLK,BUY,29.7636,0.6921,20.6,0.0,0.0,ADD
2017-12-21,SHV,BUY,88.2771,103.5009,9136.76,0.0,0.0,ADD
2017-12-26,GLD,SELL,121.7699966430664,-0.4577689616413747,-55.742524922370194,-0.05503875328659114,-0.0009864006537368963,REDUCE
2017-12-26,SHV,SELL,88.28507995605469,-44.14142032572828,-3897.028822830738,0.8335038876461074,0.00021392764464178704,REDUCE
2017-12-26,SMH,BUY,45.6582,0.8635,39.43,0.0,0.0,ADD
2017-12-26,QQQ,BUY,148.1921,0.1122,16.62,0.0,0.0,ADD
2017-12-26,SSO,BUY,13.0936,0.1164,1.52,0.0,0.0,ADD
2017-12-26,TQQQ,BUY,5.5873,692.0363,3866.64,0.0,0.0,OPEN
2017-12-26,XLK,BUY,29.547,0.776,22.93,0.0,0.0,ADD
2017-12-26,XLC,BUY,40.9606,0.1376,5.64,0.0,0.0,ADD
2018-01-02,SMH,SELL,46.74335479736328,-0.9440431830941104,-44.12774545140019,17.00328828251964,0.6268618824942696,REDUCE
2018-01-02,TQQQ,SELL,5.778714179992676,-692.0362574911755,-3999.079734233319,132.44290550309574,0.03425273987952715,CLOSE
2018-01-02,GLD,SELL,125.1500015258789,-0.42302937422309417,-52.942126829511835,1.3789794281417338,0.026743507672401856,REDUCE
2018-01-02,QQQ,BUY,150.0572,0.0381,5.72,0.0,0.0,ADD
2018-01-02,SSO,BUY,13.2465,0.3693,4.89,0.0,0.0,ADD
2018-01-02,XLK,BUY,29.8373,0.6462,19.28,0.0,0.0,ADD
2018-01-02,XLC,BUY,41.3663,0.4574,18.92,0.0,0.0,ADD
2018-01-02,SHV,BUY,88.3011,45.8356,4047.34,0.0,0.0,ADD
2018-01-03,SMH,SELL,47.404666900634766,-0.8856749933383592,-41.98512804142683,16.5377185875311,0.6498782761166026,REDUCE
2018-01-03,QQQ,SELL,151.51531982421875,-0.12087104026187391,-18.313814322763847,5.323562643635978,0.40981212490206254,REDUCE
2018-01-03,SSO,SELL,13.405340194702148,-1.0755102522823414,-14.41758081473472,0.6841172944137985,0.049813893880559235,REDUCE
2018-01-03,XLK,SELL,30.086225509643555,-0.5052045490586279,-15.19969799147566,4.803283508454147,0.4620134678449419,REDUCE
2018-01-03,XLC,SELL,41.633807454772835,-0.15734828533425158,-6.551008214944886,0.2254051974482591,0.03563378808704698,REDUCE
2018-01-03,SHV,SELL,88.30110931396484,-104.25857768479216,-9206.148065063328,2.5193228602053854,0.0002737314738319174,REDUCE
2018-01-03,QLD,BUY,9.5278,973.202,9272.49,0.0,0.0,OPEN
2018-01-03,GLD,BUY,124.82,0.2414,30.13,0.0,0.0,ADD
2018-01-04,SMH,SELL,47.64683151245117,-0.1129793318749495,-5.383107190235023,2.136960082465153,0.6583066051905646,REDUCE
2018-01-04,SSO,SELL,13.524774551391602,-0.7654453626619513,-10.352475961411074,0.5783097527591887,0.05916716990624549,REDUCE
2018-01-04,QLD,SELL,9.562304496765137,-973.2019608062324,-9306.053486078084,33.563520916591436,0.0036196880279941723,CLOSE
2018-01-04,GLD,SELL,125.45999908447266,-0.03706531882768881,-4.650214866187525,0.1314845239467281,0.029097669917945712,REDUCE
2018-01-04,XLK,SELL,30.238309860229492,-0.16981908708109844,-5.135042175339549,1.6403990259198091,0.4694038720926872,REDUCE
2018-01-04,XLC,SELL,41.80729452175519,-0.024354085812977738,-1.01817843839126,0.03911293170531422,0.03994924899122254,REDUCE
2018-01-04,QQQ,BUY,151.7804,0.0571,8.66,0.0,0.0,ADD
2018-01-04,SHV,BUY,88.3171,105.5733,9323.93,0.0,0.0,ADD
2018-01-05,SMH,SELL,47.954200744628906,-0.147074049437888,-7.0528184910699565,2.827054430620061,0.669004324467438,REDUCE
2018-01-05,QQQ,SELL,153.30470275878906,-0.13179494725435073,-20.20478521393852,6.027736391205331,0.42517568124190497,REDUCE
2018-01-05,SSO,SELL,13.694375038146973,-1.1630650557260511,-15.927449066875852,1.0759760282157278,0.07244911164130552,REDUCE
2018-01-05,XLK,SELL,30.556325912475586,-0.8501745303423888,-25.978210031627896,8.482787995509407,0.484857580342851,REDUCE
2018-01-05,XLC,SELL,42.19273298004883,-0.4725586772779017,-19.938542087791575,0.9410767605820844,0.04953696424091958,REDUCE
2018-01-05,SHV,SELL,88.31714630126953,-105.18415358028572,-9289.564280325298,1.2564087500405599,0.00013526777615613383,REDUCE
2018-01-05,QLD,BUY,9.752,959.2944,9355.04,0.0,0.0,OPEN
2018-01-05,GLD,BUY,125.33,0.1885,23.63,0.0,0.0,ADD
2018-01-10,QQQ,SELL,153.55091857910156,-0.07657101653090474,-11.757549924855994,3.5208833273881517,0.4274645921045972,REDUCE
2018-01-10,SSO,SELL,13.76364517211914,-0.9802011157512629,-13.491140354515665,0.9747034008175932,0.0778738713280227,REDUCE
2018-01-10,QLD,SELL,9.779101371765137,-959.2944226357554,-9381.03740432396,25.998333837950607,0.002779072716005304,CLOSE
2018-01-10,XLC,SELL,42.19688513517559,-0.16068409081993804,-6.7803681233790485,0.3206614440521331,0.04964024838439651,REDUCE
2018-01-10,SMH,BUY,47.1998,1.4252,67.27,0.0,0.0,ADD
2018-01-10,GLD,BUY,125.03,0.0332,4.15,0.0,0.0,ADD
2018-01-10,XLK,BUY,30.4872,0.1399,4.26,0.0,0.0,ADD
2018-01-10,SHV,BUY,88.3091,105.7352,9337.39,0.0,0.0,ADD
2018-01-12,QQQ,SELL,155.73800659179688,-0.1158428878207268,-18.041140427037135,5.580038460575876,0.4477965492614062,REDUCE
2018-01-12,SSO,SELL,14.141058921813965,-2.634254424509906,-37.25114703204372,3.613683357961022,0.10743031617884213,REDUCE
2018-01-12,GLD,SELL,126.95999908447266,-0.17940723647804974,-22.777542579000965,0.9013118396631691,0.041200508917764944,REDUCE
2018-01-12,XLK,SELL,30.791366577148438,-0.04213480177593241,-1.2973881271382197,0.42993077994100554,0.49562180933751643,REDUCE
2018-01-12,XLC,SELL,43.02684253659382,-1.0822883659419524,-46.567451100571816,3.0580697376873767,0.07028529576603115,REDUCE
2018-01-12,SHV,SELL,88.32515716552734,-105.36411151909934,-9306.301709530599,1.8118942448417663,0.00019473332561070755,REDUCE
2018-01-12,QLD,BUY,10.055,938.0626,9432.24,0.0,0.0,OPEN
2018-01-31,SMH,SELL,49.602821350097656,-0.8960482553991804,-44.44652153363222,18.462760705455267,0.7105499787942218,REDUCE
2018-01-31,SSO,SELL,14.52922534942627,-150.08980515042384,-2180.6886016819876,264.15376676876,0.1378288366883349,CLOSE
2018-01-31,QQQ,BUY,160.3868,0.0386,6.19,0.0,0.0,ADD
2018-01-31,QLD,BUY,10.6438,181.6692,1933.65,0.0,0.0,ADD
2018-01-31,GLD,BUY,127.65,0.8153,104.07,0.0,0.0,ADD
2018-01-31,XLK,BUY,31.5472,1.0236,32.29,0.0,0.0,ADD
2018-01-31,XLC,BUY,44.1273,0.6218,27.44,0.0,0.0,ADD
2018-01-31,SHV,BUY,88.4213,1.3741,121.5,0.0,0.0,ADD
2018-02-02,QQQ,SELL,155.8516387939453,-0.1052365509346436,-16.4012889241867,5.072780466336973,0.447788911065512,REDUCE
2018-02-02,GLD,SELL,126.38999938964844,-0.7319068594242228,-92.50570751590703,3.154535357103282,0.03530491297301319,REDUCE
2018-02-02,XLK,SELL,30.639272689819336,-0.5497495037393694,-16.84392495616339,5.485869997876301,0.4829937888153717,REDUCE
2018-02-02,XLC,SELL,43.04063463437124,-0.8608778344110576,-37.052728335715074,2.4252714849191963,0.07003897211883903,REDUCE
2018-02-02,SHV,SELL,88.39723205566406,-46.763525071618794,-4133.766177496751,4.018959191811791,0.0009731731700182156,CLOSE
2018-02-02,SMH,BUY,47.9263,0.158,7.57,0.0,0.0,ADD
2018-02-02,TQQQ,BUY,6.4258,622.7379,4001.57,0.0,0.0,OPEN
2018-02-02,QLD,BUY,10.0439,28.617,287.43,0.0,0.0,ADD
2018-02-12,SMH,SELL,46.48255920410156,-1.9938296043243355,-92.67830262589632,34.80018073520879,0.6012665856873298,REDUCE
2018-02-12,QQQ,SELL,150.41700744628906,-0.3974365115644181,-59.78121071941223,16.99794917455257,0.39730372488618393,REDUCE
2018-02-12,TQQQ,SELL,5.695899963378906,-622.7379498623317,-3547.0530658155103,-454.51675856925425,-0.11358461266863829,CLOSE
2018-02-12,GLD,SELL,125.37000274658203,-1.33225272371415,-167.02452763118436,4.383146500717294,0.026949761925602722,REDUCE
2018-02-12,XLK,SELL,29.805089950561523,-3.5671625030728893,-106.31959927235766,32.62052818733662,0.4426179015160827,REDUCE
2018-02-12,XLC,SELL,41.76632105638286,-2.2771728776977667,-95.10913351081217,3.513436174468652,0.03835809188249484,REDUCE
2018-02-12,QLD,BUY,9.3123,28.5338,265.71,0.0,0.0,ADD
2018-02-12,SHV,BUY,88.3972,43.0132,3802.25,0.0,0.0,OPEN
2018-03-02,SMH,SELL,49.588844299316406,-1.587003785530412,-78.69768362309333,32.62915382461108,0.7082742593987896,REDUCE
2018-03-02,QLD,SELL,10.127694129943848,-41.48028352733732,-420.0996239882206,0.002697504027903849,6.421146782731313e-06,REDUCE
2018-03-02,SHV,SELL,88.44053649902344,-43.013243861578985,-3804.114363681372,1.8626645825067316,0.0004898846078360553,CLOSE
2018-03-02,QQQ,BUY,157.1582,0.1069,16.8,0.0,0.0,ADD
2018-03-02,TQQQ,BUY,6.442,619.2864,3989.45,0.0,0.0,OPEN
2018-03-02,GLD,BUY,125.39,1.4881,186.59,0.0,0.0,ADD
2018-03-02,XLK,BUY,31.1923,0.3858,12.03,0.0,0.0,ADD
2018-03-02,XLC,BUY,42.9073,2.2849,98.04,0.0,0.0,ADD
2018-03-06,SMH,SELL,50.897491455078125,-0.2791835249545064,-14.20974107577058,6.105428624925754,0.7533555328668626,REDUCE
2018-03-06,TQQQ,SELL,6.7280964851379395,-619.286421668628,-4166.618796922348,177.16745450225355,0.04440897739957883,CLOSE
2018-03-06,QLD,SELL,10.433174133300781,-7.49516190763988,-78.19832933968974,2.290109502528177,0.030169453419417902,REDUCE
2018-03-06,QQQ,BUY,159.5725,0.2,31.92,0.0,0.0,ADD
2018-03-06,GLD,BUY,126.53,0.45,56.93,0.0,0.0,ADD
2018-03-06,XLK,BUY,31.5795,1.6276,51.4,0.0,0.0,ADD
2018-03-06,XLC,BUY,43.5794,0.829,36.13,0.0,0.0,ADD
2018-03-06,SHV,BUY,88.4486,46.1585,4082.65,0.0,0.0,OPEN
2018-03-16,SMH,SELL,51.884796142578125,-0.3862100915106468,-20.03843186623635,8.827285886968092,0.787366956356788,REDUCE
2018-03-16,QLD,SELL,10.737422943115234,-15.27282437416407,-163.99077484131885,9.313274286369126,0.06021091789662414,REDUCE
2018-03-16,XLK,SELL,32.182193756103516,-0.5760600714822045,-18.538876835595147,6.5545373067985855,0.5469252010967329,REDUCE
2018-03-16,SHV,SELL,88.49673461914062,-46.15852104135163,-4084.8783870085135,2.223900301941952,0.0005447192039353954,CLOSE
2018-03-16,QQQ,BUY,161.9206,0.0129,2.09,0.0,0.0,ADD
2018-03-16,TQQQ,BUY,7.0181,590.586,4144.82,0.0,0.0,OPEN
2018-03-16,GLD,BUY,124.6,0.9987,124.44,0.0,0.0,ADD
2018-03-16,XLC,BUY,44.0968,0.3653,16.11,0.0,0.0,ADD
2018-03-26,SMH,SELL,50.40848922729492,-2.0371548826999755,-102.68989995891297,43.55410502669036,0.7365100118567627,REDUCE
2018-03-26,QQQ,SELL,155.90533447265625,-0.3286863608315391,-51.243957022041286,15.651239984177678,0.4397315318054493,REDUCE
2018-03-26,TQQQ,SELL,6.190008640289307,-590.5860312126478,-3655.7326360404595,-489.0841261385403,-0.11799897418901106,CLOSE
2018-03-26,GLD,SELL,128.27999877929688,-2.5540718468406016,-327.6363333949489,15.110145040173453,0.048348412399349394,REDUCE
2018-03-26,XLK,SELL,30.84608268737793,-1.2639779417072934,-38.98876810492493,12.693002159276366,0.4827013666577302,REDUCE
2018-03-26,XLC,SELL,42.752421846213466,-2.1699973179008447,-92.7726407400487,5.285217237586989,0.06041116569672744,REDUCE
2018-03-26,QLD,BUY,9.9097,33.2472,329.47,0.0,0.0,ADD
2018-03-26,SHV,BUY,88.5208,44.5047,3939.6,0.0,0.0,OPEN
2018-03-27,SMH,SELL,48.6713981628418,-0.12883057353603142,-6.2703641401194545,2.5305903790149085,0.6766693764564773,REDUCE
2018-03-27,QQQ,SELL,150.86021423339844,-0.09017287146649018,-13.60349870747541,3.8388784461455314,0.39314160135324094,REDUCE
2018-03-27,GLD,SELL,127.48999786376953,-0.9163680501135011,-116.82776075139691,4.697393633363464,0.04189225233177707,REDUCE
2018-03-27,XLK,SELL,29.85672378540039,-0.580443087060289,-17.330128923504162,5.254605246650582,0.43514512391066185,REDUCE
2018-03-27,XLC,SELL,41.64814849146032,-1.1110346122399721,-46.27253450972239,1.4791355294139439,0.03302128356153955,REDUCE
2018-03-27,SHV,SELL,88.5528793334961,-44.50474549925285,-3941.023357963291,1.4277836214016588,0.0003624188306792231,CLOSE
2018-03-27,TQQQ,BUY,5.5964,678.7355,3798.51,0.0,0.0,OPEN
2018-03-27,QLD,BUY,9.2556,37.0394,342.82,0.0,0.0,ADD
2018-03-28,QQQ,SELL,149.12478637695312,-0.16090023649577503,-23.99421339543369,6.570683637669754,0.37711552877176646,REDUCE
2018-03-28,QLD,SELL,9.053582191467285,-964.7599433468213,-8734.533442125768,-1003.9445441024794,-0.10309049787063407,REDUCE
2018-03-28,GLD,SELL,125.7300033569336,-0.12130981722014056,-15.252283726317273,0.40834155894130214,0.027508969944571415,REDUCE
2018-03-28,XLK,SELL,29.65792465209961,-1.6818597205268913,-49.88046886678785,14.891100694229452,0.42558929960639613,REDUCE
2018-03-28,XLC,SELL,41.256193568515535,-0.9108761568858115,-37.579283045426564,0.8556394545430611,0.023299416149313412,REDUCE
2018-03-28,SMH,BUY,47.591,0.4111,19.57,0.0,0.0,ADD
2018-03-28,TQQQ,BUY,5.4035,11.7115,63.28,0.0,0.0,ADD
2018-03-28,SHV,BUY,88.5369,99.1495,8778.39,0.0,0.0,OPEN
2018-03-29,SMH,SELL,48.56428146362305,-0.2936358287197096,-14.260213033748187,5.712071666953608,0.668223818705463,REDUCE
2018-03-29,QQQ,SELL,151.85598754882812,-0.02731430152541126,-4.147840232347789,1.1900350991462818,0.40233722153906615,REDUCE
2018-03-29,TQQQ,SELL,5.702638149261475,-690.4470695766888,-3937.369799013817,75.5806293229875,0.0195714022702691,CLOSE
2018-03-29,QLD,SELL,9.386160850524902,-4.110006884823903,-38.57718571772193,-2.9100379663935123,-0.07014299121461098,REDUCE
2018-03-29,XLK,SELL,30.24506378173828,-0.37643642006158246,-11.385343534531785,3.5539695297079623,0.4538117484261197,REDUCE
2018-03-29,GLD,BUY,125.79,0.4961,62.4,0.0,0.0,ADD
2018-03-29,XLC,BUY,41.9537,0.0311,1.3,0.0,0.0,ADD
2018-03-29,SHV,BUY,88.577,44.5041,3942.04,0.0,0.0,ADD
2018-04-02,QLD,SELL,8.846641540527344,-214.0508995826246,-1893.631580034894,-267.040603644664,-0.12359144791224275,CLOSE
2018-04-02,XLK,SELL,29.523853302001953,-147.61756299810233,-4358.239274755005,1287.207132515261,0.4191447933125454,CLOSE
2018-04-02,SHV,SELL,88.57133483886719,-2.274319960396891,-201.4395547430322,0.05013551815694343,0.00024894812423559287,REDUCE
2018-04-02,SMH,BUY,46.7853,1.979,92.59,0.0,0.0,ADD
2018-04-02,QQQ,BUY,147.4746,0.3334,49.17,0.0,0.0,ADD
2018-04-02,XLY,BUY,45.5055,96.554,4393.74,0.0,0.0,OPEN
2018-04-02,GLD,BUY,127.26,14.7141,1872.51,0.0,0.0,ADD
2018-04-02,XLC,BUY,40.8612,1.1086,45.3,0.0,0.0,ADD
2018-04-03,SMH,SELL,47.64683151245117,-1.2122302972850392,-57.75893272902886,22.017774720879355,0.6160341731473553,REDUCE
2018-04-03,QQQ,SELL,149.13424682617188,-0.14985704048079945,-22.348816863703178,6.043809530760828,0.3706719909625569,REDUCE
2018-04-03,XLY,SELL,46.08340072631836,-0.7083918564678775,-32.6451057928698,0.40937420169134225,0.012699392304264423,REDUCE
2018-04-03,XLC,SELL,41.322184501889616,-0.6393378051040114,-26.418834741541104,0.6388676926304523,0.02478155582659869,REDUCE
2018-04-03,SHV,SELL,88.57133483886719,-41.64295152142449,-3688.3718028828025,0.9179847112394653,0.00024894812423559287,REDUCE
2018-04-03,TQQQ,BUY,5.3706,699.0584,3754.36,0.0,0.0,OPEN
2018-04-03,GLD,BUY,126.3,0.5795,73.19,0.0,0.0,ADD
2018-04-04,QQQ,SELL,151.486083984375,-0.07465298327644453,-11.308888094299618,3.1863638816023347,0.3922873971395924,REDUCE
2018-04-04,TQQQ,SELL,5.62457799911499,-699.0583599362775,-3931.9082713949942,177.55128731886785,0.04729206308082601,CLOSE
2018-04-04,XLY,SELL,46.929439544677734,-0.5271656884278427,-24.739590305102865,0.7506476301113243,0.031291401221024806,REDUCE
2018-04-04,XLC,SELL,41.98983945295781,-0.35759916794403995,-15.015531650481535,0.5960890761206618,0.04133925934006388,REDUCE
2018-04-04,SMH,BUY,48.229,0.0495,2.39,0.0,0.0,ADD
2018-04-04,GLD,BUY,126.45,0.5254,66.44,0.0,0.0,ADD
2018-04-04,SHV,BUY,88.5794,44.1881,3914.15,0.0,0.0,ADD
2018-04-06,XLY,SELL,46.54571533203125,-0.16340737163836083,-7.60591300343458,0.16997747698911586,0.022858922913546076,REDUCE
2018-04-06,GLD,SELL,126.38999938964844,-0.43260769954528666,-54.677286881486,1.0063939629720744,0.018751205881743616,REDUCE
2018-04-06,SHV,SELL,88.5874252319336,-43.93148791844312,-3891.7774013026738,1.2696183555488378,0.0003263374413782216,REDUCE
2018-04-06,SMH,BUY,46.3196,2.8695,132.92,0.0,0.0,ADD
2018-04-06,QQQ,BUY,148.5368,0.2455,36.47,0.0,0.0,ADD
2018-04-06,TQQQ,BUY,5.2866,712.1225,3764.7,0.0,0.0,OPEN
2018-04-06,XLC,BUY,41.3876,0.4826,19.97,0.0,0.0,ADD
2018-04-09,SMH,SELL,46.6362419128418,-0.2346564862321772,-10.943496658341246,3.904098201573811,0.554606792831928,REDUCE
2018-04-09,QQQ,SELL,149.57992553710938,-0.06686346037043481,-10.001431423363101,2.7006989208850243,0.36992163731082184,REDUCE
2018-04-09,TQQQ,SELL,5.392383575439453,-712.1225044382617,-3840.037696633691,75.33825472340554,0.020011758145871417,CLOSE
2018-04-09,XLY,BUY,46.4348,0.6438,29.9,0.0,0.0,ADD
2018-04-09,GLD,BUY,126.82,0.0438,5.55,0.0,0.0,ADD
2018-04-09,XLC,BUY,41.4998,0.1766,7.33,0.0,0.0,ADD
2018-04-09,SHV,BUY,88.6035,43.0932,3818.21,0.0,0.0,ADD
2018-04-17,SMH,SELL,49.36064529418945,-3.102502229302959,-153.1415120650554,60.07036046064682,0.6454240591754041,REDUCE
2018-04-17,QQQ,SELL,157.5175018310547,-0.6979048759900559,-109.93223258166563,33.72892537096824,0.442617605528719,REDUCE
2018-04-17,XLY,SELL,48.02511215209961,-0.9501060285260796,-45.62894857635092,2.387957108117149,0.05522438378572847,REDUCE
2018-04-17,XLC,SELL,43.341179257429324,-2.0915293341091106,-90.64934779179475,6.298696782668262,0.07467277024319308,REDUCE
2018-04-17,SHV,SELL,88.61152648925781,-99.39143566681373,-8807.22683439523,3.922282230638922,0.00044554657940065745,REDUCE
2018-04-17,QLD,BUY,10.0402,907.3733,9110.24,0.0,0.0,OPEN
2018-04-17,GLD,BUY,127.75,0.7541,96.34,0.0,0.0,ADD
2018-04-20,QQQ,SELL,153.91378784179688,-0.09323918122503183,-14.3507955576124,4.1701330985837775,0.4096131381789929,REDUCE
2018-04-20,QLD,SELL,9.593101501464844,-907.3732692880126,-8704.523871995898,-405.7191863492016,-0.04453439757324118,CLOSE
2018-04-20,XLY,SELL,47.60904312133789,-1.7146440210981169,-81.63256113820444,3.596104930910138,0.04608237105690094,REDUCE
2018-04-20,GLD,SELL,126.62999725341797,-0.8332070666447313,-105.50900856075077,2.0861570136403063,0.020171141894014033,REDUCE
2018-04-20,XLC,SELL,42.5600670444073,-0.9163977201125006,-39.00194840733002,2.0439469037583735,0.055304584138859525,REDUCE
2018-04-20,SMH,BUY,46.0914,3.9183,180.6,0.0,0.0,ADD
2018-04-20,SHV,BUY,88.6276,98.8904,8764.42,0.0,0.0,ADD
2018-04-24,GLD,SELL,126.2300033569336,-0.27234229300684576,-34.37776856048913,0.5729466054006701,0.016948665079847602,REDUCE
2018-04-24,SHV,SELL,88.63560485839844,-43.44714087672655,-3850.9636109767052,1.087164539358597,0.0002823894622292489,REDUCE
2018-04-24,SMH,BUY,45.2624,0.8682,39.3,0.0,0.0,ADD
2018-04-24,QQQ,BUY,150.2723,0.3646,54.79,0.0,0.0,ADD
2018-04-24,TQQQ,BUY,5.4292,687.8575,3734.54,0.0,0.0,OPEN
2018-04-24,XLY,BUY,46.9572,0.4315,20.26,0.0,0.0,ADD
2018-04-24,XLC,BUY,41.8218,0.8718,36.46,0.0,0.0,ADD
2018-04-27,QQQ,SELL,153.7146759033203,-0.1742086017520638,-26.778418757889085,7.651815530813933,0.4000613930225838,REDUCE
2018-04-27,TQQQ,SELL,5.802093505859375,-687.8574923430117,-3991.013489280103,256.474841523245,0.0686764459318947,CLOSE
2018-04-27,XLY,SELL,48.13145065307617,-0.8462261296145979,-40.73009119888866,2.2112155443175037,0.057406025143288186,REDUCE
2018-04-27,XLC,SELL,42.68990806014755,-0.5165536312421589,-22.051627025863127,1.212802320958072,0.05819917092889604,REDUCE
2018-04-27,SMH,BUY,45.6815,0.6229,28.46,0.0,0.0,ADD
2018-04-27,GLD,BUY,125.5,0.9794,122.92,0.0,0.0,ADD
2018-04-27,SHV,BUY,88.6597,44.3178,3929.2,0.0,0.0,ADD
2018-04-30,SMH,SELL,45.24842834472656,-97.69192138741134,-4420.405904756943,1403.6940411642734,0.4653059704192575,CLOSE
2018-04-30,XLY,SELL,47.9419059753418,-0.03029516935867456,-1.4524081609006316,0.07341994413116773,0.0532418937582857,REDUCE
2018-04-30,GLD,SELL,124.58999633789062,-15.910814724469898,-1982.3283482545608,6.915812657123708,0.003500946021400164,REDUCE
2018-04-30,SHV,SELL,88.65973663330078,-0.6116256856432393,-54.22657220729161,0.02077642367603226,0.00038328786388386327,REDUCE
2018-04-30,QQQ,BUY,152.6241,29.1856,4454.43,0.0,0.0,ADD
2018-04-30,BIL,BUY,73.8699,27.07,1999.66,0.0,0.0,OPEN
2018-04-30,XLC,BUY,42.4666,0.1018,4.32,0.0,0.0,ADD
2018-05-01,QQQ,SELL,154.36904907226562,-0.4503990245955875,-69.52766912989682,9.62452930789007,0.16066819429645807,REDUCE
2018-05-01,XLC,SELL,42.76119140793625,-0.4117886873983137,-17.60857488146212,0.9953302275786523,0.059911850352843965,REDUCE
2018-05-01,SHV,SELL,88.67015838623047,-100.11969690859098,-8877.629382466152,4.444406859723982,0.000500880672716919,REDUCE
2018-05-01,QLD,BUY,9.6177,926.8112,8913.83,0.0,0.0,OPEN
2018-05-01,XLY,BUY,48.0066,0.1505,7.22,0.0,0.0,ADD
2018-05-01,GLD,BUY,123.71,0.3065,37.92,0.0,0.0,ADD
2018-05-01,BIL,BUY,73.8756,0.0785,5.8,0.0,0.0,ADD
2018-05-17,QQQ,SELL,159.63226318359375,-0.2863294231761457,-45.70741383766108,7.625556340132137,0.20024118678105296,REDUCE
2018-05-17,QLD,SELL,10.268115997314453,-33.91820368775173,-348.2760498863736,22.05972587923728,0.06762299816349682,REDUCE
2018-05-17,SHV,SELL,88.7345199584961,-42.72435855185677,-3791.1254466336777,4.6463810720250995,0.0012270980484969662,CLOSE
2018-05-17,TQQQ,BUY,6.4567,603.4901,3896.54,0.0,0.0,OPEN
2018-05-17,XLY,BUY,48.5429,1.5957,77.46,0.0,0.0,ADD
2018-05-17,GLD,BUY,122.36,1.2218,149.51,0.0,0.0,ADD
2018-05-17,BIL,BUY,73.9321,0.7538,55.73,0.0,0.0,ADD
2018-05-17,XLC,BUY,43.9257,0.1337,5.87,0.0,0.0,ADD
2018-05-22,TQQQ,SELL,6.43052339553833,-603.490125443994,-3880.757370643965,-15.782266826558306,-0.004050328828889671,CLOSE
2018-05-22,XLY,SELL,48.533660888671875,-0.06251129975307596,-3.0339022239259066,0.1850440277754711,0.06495375165584405,REDUCE
2018-05-22,GLD,SELL,122.41000366210938,-0.04014138497437617,-4.913707081715529,-0.06712284328596131,-0.013476236751035264,REDUCE
2018-05-22,BIL,SELL,73.94021606445312,-0.026835641081705833,-1.984233099809444,0.0018403561636565668,0.0009283509383068989,REDUCE
2018-05-22,XLC,SELL,43.98833305623307,-0.23735740269674177,-10.44095648318671,0.8638959152571976,0.09020470416049231,REDUCE
2018-05-22,QLD,BUY,10.2509,0.7395,7.58,0.0,0.0,ADD
2018-05-22,SHV,BUY,88.7265,43.8789,3893.22,0.0,0.0,OPEN
2018-05-31,QQQ,SELL,161.28233337402344,-0.03335612146846401,-5.379753102741233,0.9433837965701906,0.21264771516156977,REDUCE
2018-05-31,QLD,SELL,10.471360206604004,-9.575142762494282,-100.26476889573496,8.16855810879783,0.08869591961493017,REDUCE
2018-05-31,BIL,SELL,73.98059844970703,-27.87543322517729,-2062.241232043463,3.037340348638976,0.0014750070941926818,CLOSE
2018-05-31,USD,BUY,2.9773,699.5812,2082.89,0.0,0.0,OPEN
2018-05-31,XLY,BUY,48.8943,0.2935,14.35,0.0,0.0,ADD
2018-05-31,GLD,BUY,123.1,0.1558,19.18,0.0,0.0,ADD
2018-05-31,XLC,BUY,44.3201,0.3123,13.84,0.0,0.0,ADD
2018-05-31,SHV,BUY,88.7989,0.4274,37.95,0.0,0.0,ADD
2018-06-21,QLD,SELL,11.196877479553223,-28.05730600655072,-314.15421776168114,44.291759082289154,0.16412716055073684,REDUCE
2018-06-21,XLY,SELL,51.687984466552734,-1.951095672444803,-100.84820281008524,11.909869546097871,0.133911544201609,REDUCE
2018-06-21,XLC,SELL,46.49080276489258,-1.356867598016664,-63.081863877466276,8.317916368058762,0.15188672012056625,REDUCE
2018-06-21,SHV,SELL,88.89391326904297,-44.306262526557575,-3938.5570583112576,7.387809572932229,0.0018792906398785725,CLOSE
2018-06-21,USD,BUY,2.9298,36.4757,106.87,0.0,0.0,ADD
2018-06-21,TQQQ,BUY,7.3343,555.3907,4073.42,0.0,0.0,OPEN
2018-06-21,GLD,BUY,120.05,1.9688,236.35,0.0,0.0,ADD
2018-07-02,QQQ,SELL,164.22203063964844,-29.00728127466305,-4763.634634260616,905.6617454147057,0.23475067645838976,REDUCE
2018-07-02,USD,SELL,2.6625969409942627,-736.0569088354259,-1959.822873862898,-229.93334835001005,-0.10500408493765834,CLOSE
2018-07-02,TQQQ,SELL,6.940876483917236,-555.3907227883839,-3854.8984071876903,-218.52577480806374,-0.053646702392039614,CLOSE
2018-07-02,XLY,SELL,50.73311233520508,-92.7152372641941,-4703.732547309552,477.42074368586964,0.1129639188657412,CLOSE
2018-07-02,XLC,SELL,46.093135833740234,-103.07982350313993,-4751.272306448198,590.9120385367686,0.14203386257061257,CLOSE
2018-07-02,QLD,BUY,10.8101,198.6567,2147.5,0.0,0.0,ADD
2018-07-02,GLD,BUY,117.46,59.1713,6950.26,0.0,0.0,ADD
2018-07-02,SHV,BUY,88.935,122.9618,10935.6,0.0,0.0,OPEN
2018-07-20,QQQ,SELL,170.104736328125,-0.2946207542354686,-50.1163857160177,10.93177990724823,0.2789814949421212,REDUCE
2018-07-20,QLD,SELL,11.563945770263672,-45.92734366993449,-531.1013115713849,79.04964942419403,0.1748686179998049,REDUCE
2018-07-20,SHV,SELL,89.00751495361328,-42.72392873116693,-3802.7507254164484,3.099857805125408,0.0008158270096731979,REDUCE
2018-07-20,TQQQ,BUY,7.6719,527.5077,4047.0,0.0,0.0,OPEN
2018-07-20,GLD,BUY,116.56,2.8909,336.96,0.0,0.0,ADD
2018-07-23,QQQ,SELL,170.6464385986328,-0.03305593480962299,-5.640877549810739,1.2444331156204933,0.28305443961552035,REDUCE
2018-07-23,TQQQ,SELL,7.738500118255615,-527.5076828996037,-4082.1182664993285,35.11482598693393,0.008676747253391959,CLOSE
2018-07-23,QLD,SELL,11.63662338256836,-4.5050817565951204,-52.42393970917692,8.081516798465701,0.1822524857231822,REDUCE
2018-07-23,GLD,BUY,116.0,0.6361,73.79,0.0,0.0,ADD
2018-07-23,SHV,BUY,89.0156,45.6818,4066.39,0.0,0.0,ADD
2018-07-27,QLD,SELL,11.386573791503906,-817.2524291502499,-9305.705090805139,1261.68840117788,0.15684805860793705,REDUCE
2018-07-27,GLD,SELL,115.83000183105469,-0.6425961018656567,-74.43190765572763,-2.4643515785002976,-0.03204774332381788,REDUCE
2018-07-27,QQQ,BUY,168.8027,0.0648,10.94,0.0,0.0,ADD
2018-07-27,SHV,BUY,89.0317,105.2344,9369.2,0.0,0.0,ADD
2018-07-30,GLD,SELL,115.6500015258789,-0.18912560997283825,-21.872377081941522,-0.7593380655357806,-0.033551945161364505,REDUCE
2018-07-30,SHV,SELL,89.03974914550781,-45.83969900042895,-4081.555299903779,2.05439348377919,0.0005035894171627753,REDUCE
2018-07-30,QQQ,BUY,166.4173,0.2564,42.67,0.0,0.0,ADD
2018-07-30,TQQQ,BUY,7.1596,559.6998,4007.23,0.0,0.0,OPEN
2018-07-30,QLD,BUY,11.0602,4.8404,53.54,0.0,0.0,ADD
2018-07-31,TQQQ,SELL,7.302244663238525,-8.475840159442628,-61.8926585707527,1.2090473458945377,0.01992378702405362,REDUCE
2018-07-31,QLD,SELL,11.18702507019043,-191.81228260620313,-2145.808814286046,251.95457173721266,0.1330379952567633,CLOSE
2018-07-31,GLD,SELL,115.98999786376953,-61.09319274455214,-7086.199295931463,-224.51730053161256,-0.030710710443930256,REDUCE
2018-07-31,SHV,SELL,89.0478286743164,-78.95583615559863,-7030.8457708211445,4.176482244455896,0.0005943758092110674,REDUCE
2018-07-31,QQQ,BUY,167.6908,28.1636,4722.78,0.0,0.0,ADD
2018-07-31,SSO,BUY,14.278,149.2487,2130.97,0.0,0.0,OPEN
2018-07-31,XLY,BUY,51.5767,91.8146,4735.5,0.0,0.0,OPEN
2018-07-31,XLK,BUY,32.904,143.9187,4735.5,0.0,0.0,OPEN
2018-08-02,QQQ,SELL,170.61790466308594,-0.2887893577165267,-49.272635102592176,5.402668466189305,0.12315187086798973,REDUCE
2018-08-02,TQQQ,SELL,7.696895122528076,-551.2240078068489,-4242.713377108914,296.1708800452722,0.075045658387217,CLOSE
2018-08-02,XLK,SELL,33.618473052978516,-1.3921995795594047,-46.80362404978587,0.994716572767168,0.021714479291307986,REDUCE
2018-08-02,SHV,SELL,89.06803131103516,-60.631731814632985,-5400.348987708017,4.432123304195046,0.0008213846535392033,REDUCE
2018-08-02,SSO,BUY,14.3774,0.7213,10.37,0.0,0.0,ADD
2018-08-02,QLD,BUY,11.6132,825.1842,9583.04,0.0,0.0,OPEN
2018-08-02,XLY,BUY,51.6741,0.9113,47.09,0.0,0.0,ADD
2018-08-02,GLD,BUY,114.52,0.8613,98.63,0.0,0.0,ADD
2018-08-13,QQQ,SELL,171.3686981201172,-0.06918527311719305,-11.856190183178114,1.3462612599628638,0.12809423068400805,REDUCE
2018-08-13,QLD,SELL,11.708067893981934,-4.177931222672385,-48.91550241143523,0.39627106445513216,0.008167298892705954,REDUCE
2018-08-13,XLY,SELL,51.98464584350586,-0.2716532806118891,-14.121799584835571,0.11054697946832188,0.007889871275746918,REDUCE
2018-08-13,XLK,SELL,33.836524963378906,-0.48474615680848143,-16.40212543575217,0.45204746337722085,0.028341395205725872,REDUCE
2018-08-13,SHV,SELL,89.1084213256836,-45.72677710805826,-4074.640920410479,5.18949015035941,0.001275230885364742,CLOSE
2018-08-13,SSO,BUY,14.3367,0.8868,12.71,0.0,0.0,ADD
2018-08-13,TQQQ,BUY,7.7908,524.3707,4085.27,0.0,0.0,OPEN
2018-08-13,GLD,BUY,112.96,0.6016,67.95,0.0,0.0,ADD
2018-08-14,SSO,SELL,14.524796485900879,-0.574257213331155,-8.34096915419559,0.14125245264271968,0.017226504010311672,REDUCE
2018-08-14,TQQQ,SELL,7.934638023376465,-524.3707132687323,-4160.691799847121,75.42314710805262,0.01846222452407953,CLOSE
2018-08-14,QLD,SELL,11.849720001220703,-2.3002369897083175,-27.25716426449435,0.5440077503593216,0.020364787293911224,REDUCE
2018-08-14,XLY,SELL,52.489891052246094,-0.04176018157855538,-2.191987381380386,0.03809308043471365,0.017685677713149106,REDUCE
2018-08-14,QQQ,BUY,172.4426,0.1545,26.64,0.0,0.0,ADD
2018-08-14,GLD,BUY,113.07,0.2995,33.86,0.0,0.0,ADD
2018-08-14,XLK,BUY,34.0453,0.4366,14.87,0.0,0.0,ADD
2018-08-14,SHV,BUY,89.1246,46.2623,4123.11,0.0,0.0,OPEN
2018-08-15,QQQ,SELL,170.33282470703125,-0.09803687998839064,-16.698898693886804,1.800148429974813,0.12082546509522762,REDUCE
2018-08-15,QLD,SELL,11.565179824829102,-818.7060056299771,-9468.482178778231,-39.3301750389088,-0.004136616665885162,CLOSE
2018-08-15,XLY,SELL,51.850215911865234,-0.1785851093120869,-9.25967647647576,0.0486664990050078,0.005283513873510115,REDUCE
2018-08-15,XLK,SELL,33.739105224609375,-0.733497488204407,-24.74754893651516,0.6099965506787799,0.02527168210463282,REDUCE
2018-08-15,SSO,BUY,14.3056,0.1523,2.18,0.0,0.0,ADD
2018-08-15,TQQQ,BUY,7.6458,531.6648,4064.99,0.0,0.0,OPEN
2018-08-15,GLD,BUY,111.19,0.0939,10.44,0.0,0.0,ADD
2018-08-15,SHV,BUY,89.1246,61.0559,5441.58,0.0,0.0,ADD
2018-08-17,SSO,SELL,14.627823829650879,-2.5095092225677336,-36.708658806604944,0.8757546170173373,0.024439956426189235,REDUCE
2018-08-17,TQQQ,SELL,7.714726448059082,-531.6648293360481,-4101.648720381629,36.65559498979594,0.009017381791085466,CLOSE
2018-08-17,XLY,SELL,52.15150451660156,-0.03127052888785313,-1.6308051285313923,0.017943033274337723,0.011124964327144271,REDUCE
2018-08-17,GLD,SELL,112.12999725341797,-0.10818497045982649,-12.130780440521448,-0.781925313487852,-0.06055472248680882,REDUCE
2018-08-17,XLK,SELL,33.938602447509766,-0.06245115083923637,-2.119504780722309,0.06439491439137109,0.031334049554410326,REDUCE
2018-08-17,QQQ,BUY,170.9316,0.1012,17.29,0.0,0.0,ADD
2018-08-17,SHV,BUY,89.1488,46.405,4136.95,0.0,0.0,ADD
2018-08-21,SSO,SELL,14.757210731506348,-0.7171792793318078,-10.583565757369342,0.343070854242709,0.03350139397442242,REDUCE
2018-08-21,XLY,SELL,52.93951416015625,-1.0132902835429314,-53.64309531396975,1.3799086029352277,0.026403070493286274,REDUCE
2018-08-21,GLD,SELL,113.0199966430664,-0.14404332049696564,-16.279775599023196,-0.9128991829000862,-0.05309814758201126,REDUCE
2018-08-21,SHV,SELL,89.16492462158203,-45.440316837186884,-4051.6824255685733,1.501776075045425,0.00037079236829429263,REDUCE
2018-08-21,QQQ,BUY,171.4068,0.0609,10.44,0.0,0.0,ADD
2018-08-21,TQQQ,BUY,7.7789,527.5014,4103.39,0.0,0.0,OPEN
2018-08-21,XLK,BUY,33.9432,0.5408,18.36,0.0,0.0,ADD
2018-08-22,QQQ,SELL,172.0719757080078,-0.05324448351587668,-9.161883474129354,1.067102283345356,0.13182595776155925,REDUCE
2018-08-22,TQQQ,SELL,7.86925745010376,-527.5013662173054,-4151.044056045443,47.65504901035522,0.011613583047732634,CLOSE
2018-08-22,SSO,BUY,14.7464,0.5282,7.79,0.0,0.0,ADD
2018-08-22,XLY,BUY,52.9951,0.1644,8.71,0.0,0.0,ADD
2018-08-22,GLD,BUY,113.27,0.0233,2.64,0.0,0.0,ADD
2018-08-22,SHV,BUY,89.173,46.4386,4141.07,0.0,0.0,ADD
2018-08-27,QQQ,SELL,175.18911743164062,-0.3682884259143596,-64.52012429622482,8.529080228982584,0.15232936572391131,REDUCE
2018-08-27,SSO,SELL,15.1058349609375,-1.9413408631121427,-29.325574681095986,1.602215351379597,0.0577929727896358,REDUCE
2018-08-27,XLY,SELL,53.59772491455078,-0.04147570663763424,-2.223003515000528,0.08367599643961733,0.03911322399849504,REDUCE
2018-08-27,GLD,SELL,114.58999633789062,-0.026647456592925185,-3.053531953397396,-0.12694228898855395,-0.03991300646199336,REDUCE
2018-08-27,XLK,SELL,34.778358459472656,-1.4998670234954206,-52.162912984666036,2.8001652805299,0.056726284713994435,REDUCE
2018-08-27,SHV,SELL,89.17298889160156,-108.0704595289768,-9636.965887087725,3.1095867854259036,0.00032277695332960654,REDUCE
2018-08-27,QLD,BUY,12.2069,801.8597,9788.25,0.0,0.0,OPEN
2018-08-31,QQQ,SELL,177.38450622558594,-0.09238922770761633,-16.388417537478745,2.3424444470332526,0.16676982306243038,REDUCE
2018-08-31,SSO,SELL,15.156152725219727,-145.79508438041947,-2209.6925654559345,127.66277378652282,0.06131649714971665,CLOSE
2018-08-31,XLY,SELL,54.209571838378906,-0.06266002968060351,-3.39677338036563,0.16475308036852598,0.05097526162464816,REDUCE
2018-08-31,QLD,BUY,12.505,167.2837,2091.89,0.0,0.0,ADD
2018-08-31,GLD,BUY,113.51,0.7383,83.81,0.0,0.0,ADD
2018-08-31,XLK,BUY,35.0753,0.3047,10.69,0.0,0.0,ADD
2018-08-31,SHV,BUY,89.2053,0.4831,43.09,0.0,0.0,ADD
2018-09-05,QQQ,SELL,174.3433380126953,-0.024575761615052788,-4.284620314172571,0.5483569543936895,0.1467661408177987,REDUCE
2018-09-05,QLD,SELL,12.082527160644531,-788.1577410157971,-9522.937312695607,-138.60849325678194,-0.014346409574685914,REDUCE
2018-09-05,XLY,SELL,53.72750473022461,-0.8028392352256513,-43.13454880819609,1.7238964495892943,0.04162929950150862,REDUCE
2018-09-05,GLD,SELL,113.31999969482422,-0.5913914744992655,-67.01648170977842,-3.4994304905013998,-0.049626111062171185,REDUCE
2018-09-05,XLK,SELL,34.504634857177734,-0.19256832484011724,-6.644499733666635,0.3059032089551179,0.048260400825723915,REDUCE
2018-09-05,SHV,BUY,89.2239,108.0878,9644.02,0.0,0.0,ADD
2018-09-06,XLY,SELL,53.57917404174805,-0.12114270954045168,-6.490726318356792,0.2421544867256129,0.03875357333651697,REDUCE
2018-09-06,GLD,SELL,113.54000091552734,-0.21965699568037717,-24.939855490652008,-1.251447714538101,-0.04778104032219799,REDUCE
2018-09-06,SHV,SELL,89.23199462890625,-46.75028589218031,-4171.621259630865,1.5002542163130395,0.0003597627537341719,REDUCE
2018-09-06,QQQ,BUY,172.7848,0.252,43.54,0.0,0.0,ADD
2018-09-06,TQQQ,BUY,7.9323,518.5953,4113.63,0.0,0.0,OPEN
2018-09-06,QLD,BUY,11.8645,2.5708,30.5,0.0,0.0,ADD
2018-09-06,XLK,BUY,34.2541,0.4489,15.38,0.0,0.0,ADD
2018-09-12,TQQQ,SELL,8.028546333312988,-518.595286596009,-4163.566286673787,49.933372421830505,0.01213850955169904,CLOSE
2018-09-12,QLD,SELL,11.960582733154297,-0.45708048937276335,-5.4669490088535895,-0.13360082781683988,-0.023854948480606097,REDUCE
2018-09-12,XLY,SELL,54.306915283203125,-0.7124459926235173,-38.69074416526291,1.9425982970272275,0.05286248465412702,REDUCE
2018-09-12,QQQ,BUY,173.5165,0.0698,12.11,0.0,0.0,ADD
2018-09-12,XLK,BUY,34.3933,0.2146,7.38,0.0,0.0,ADD
2018-09-12,SHV,BUY,89.2563,46.9219,4188.07,0.0,0.0,ADD
2018-09-27,QQQ,SELL,176.92295837402344,-0.6217861099416678,-110.00823804675565,15.397190541914663,0.16274199417490687,REDUCE
2018-09-27,XLK,SELL,34.93818664550781,-1.1743007489794608,-41.02793874580402,2.366933207081058,0.06122275336864513,REDUCE
2018-09-27,SHV,SELL,89.32100677490234,-108.73834325421032,-9712.618294500977,11.318005923247247,0.0011666483447145826,REDUCE
2018-09-27,QLD,BUY,12.3991,785.6474,9741.32,0.0,0.0,ADD
2018-09-27,XLY,BUY,54.5436,0.2725,14.86,0.0,0.0,ADD
2018-09-27,GLD,BUY,112.05,0.9606,107.63,0.0,0.0,ADD
2018-10-01,QLD,SELL,12.442207336425781,-178.64151713349085,-2222.6947950685517,12.638762923701124,0.005718752257803716,REDUCE
2018-10-01,GLD,SELL,112.56999969482422,-0.07635710594484178,-8.5955193929085,-0.494919754863853,-0.054443987448629994,REDUCE
2018-10-01,XLK,SELL,35.23613357543945,-0.8278288361933847,-29.169487449710687,1.9152297572063912,0.07027268101795103,REDUCE
2018-10-01,QQQ,BUY,177.2467,0.0383,6.79,0.0,0.0,ADD
2018-10-01,SSO,BUY,15.3982,143.6461,2211.9,0.0,0.0,OPEN
2018-10-01,XLY,BUY,54.3298,0.5865,31.86,0.0,0.0,ADD
2018-10-01,SHV,BUY,89.3388,0.111,9.91,0.0,0.0,ADD
2018-10-04,QQQ,SELL,173.6383819580078,-0.01838738441494103,-3.1927556782502506,0.39458483555507806,0.1410152766708903,REDUCE
2018-10-04,SSO,SELL,15.160806655883789,-0.7717275974685214,-11.700012896229964,-0.18322951735817009,-0.015419151691179245,REDUCE
2018-10-04,QLD,SELL,11.938409805297852,-790.1052312477909,-9432.600039945753,-342.1536699857528,-0.03500381494401361,CLOSE
2018-10-04,GLD,SELL,113.4800033569336,-1.0600668237840554,-120.29638672158853,-5.906313537145594,-0.04680021524925204,REDUCE
2018-10-04,XLK,SELL,34.7100830078125,-0.8184320200369267,-28.40784335173339,1.462953052366586,0.05429426641239532,REDUCE
2018-10-04,TQQQ,BUY,7.9976,511.5893,4091.51,0.0,0.0,OPEN
2018-10-04,XLY,BUY,52.577,1.08,56.78,0.0,0.0,ADD
2018-10-04,SHV,BUY,89.3631,60.9637,5447.91,0.0,0.0,ADD
2018-10-11,QQQ,SELL,161.47093200683594,-11.385553262408466,-1838.4358966945665,105.79560115928433,0.06106033746987283,REDUCE
2018-10-11,TQQQ,SELL,6.360785484313965,-511.58927034651236,-3254.1096047508686,-837.3962995564046,-0.20466701482083838,CLOSE
2018-10-11,XLY,SELL,49.51790237426758,-0.1402613979520935,-6.94545021067006,-0.29462536993369376,-0.04069368705528409,REDUCE
2018-10-11,GLD,SELL,115.77999877929688,-19.505572284982172,-2258.355135344723,-63.81535167179856,-0.027480907206682836,REDUCE
2018-10-11,SSO,BUY,13.3657,9.5259,127.32,0.0,0.0,ADD
2018-10-11,XLK,BUY,31.9495,2.9992,95.82,0.0,0.0,ADD
2018-10-11,SHV,BUY,89.3793,79.5667,7111.62,0.0,0.0,ADD
2018-10-12,SSO,SELL,13.742217063903809,-2.295143855670425,-31.540365057508097,-3.5092084021812435,-0.10012128695994538,REDUCE
2018-10-12,XLY,SELL,50.43377685546875,-0.521326823992555,-26.29248071001075,-0.6176004884625208,-0.02295052489464655,REDUCE
2018-10-12,XLK,SELL,32.97365188598633,-2.6589001131377117,-87.67364673021257,0.19057839082818145,0.0021784602946119946,REDUCE
2018-10-12,SHV,SELL,89.39550018310547,-84.74212523190313,-7575.564671685343,5.2483372650404485,0.000693278461981528,REDUCE
2018-10-12,QQQ,BUY,165.9647,11.1976,1858.41,0.0,0.0,ADD
2018-10-12,TQQQ,BUY,6.8981,564.8466,3896.36,0.0,0.0,OPEN
2018-10-12,GLD,BUY,115.23,17.2645,1989.38,0.0,0.0,ADD
2018-10-16,QQQ,SELL,168.7257080078125,-0.09099667886577711,-15.353479067987791,1.2308010353671406,0.08715068293168104,REDUCE
2018-10-16,SSO,SELL,14.172708511352539,-2.401553474530265,-34.03651736894335,-2.638057392442637,-0.07193150594400899,REDUCE
2018-10-16,TQQQ,SELL,7.209524631500244,-564.8465697442028,-4072.275257589251,175.9166186154979,0.04514898009024959,CLOSE
2018-10-16,XLY,SELL,51.32642364501953,-0.2566327639273795,-13.172041962528965,-0.07494284171549824,-0.005657350923470972,REDUCE
2018-10-16,GLD,BUY,115.8,0.3324,38.49,0.0,0.0,ADD
2018-10-16,XLK,BUY,33.4112,0.2133,7.13,0.0,0.0,ADD
2018-10-16,SHV,BUY,89.4036,45.7388,4089.22,0.0,0.0,ADD
2018-10-23,QQQ,SELL,164.9650115966797,-11.42625464263368,-1884.93222962868,111.5783287167899,0.06291938042339673,REDUCE
2018-10-23,GLD,SELL,116.38999938964844,-17.462093692752543,-2032.4130742414525,-12.184202191500942,-0.005959218635347985,REDUCE
2018-10-23,SSO,BUY,13.476,5.4829,73.89,0.0,0.0,ADD
2018-10-23,XLY,BUY,49.6481,1.765,87.63,0.0,0.0,ADD
2018-10-23,XLK,BUY,32.7362,0.9011,29.5,0.0,0.0,ADD
2018-10-23,SHV,BUY,89.436,41.4031,3702.93,0.0,0.0,ADD
2018-10-31,QQQ,SELL,161.68043518066406,-27.67366793927467,-4474.290675467119,179.3393963713895,0.04175586280670185,REDUCE
2018-10-31,SSO,SELL,13.148640632629395,-153.18654925913097,-2014.1948859608938,-315.3028931573436,-0.13535230468289705,CLOSE
2018-10-31,XLY,SELL,48.992549896240234,-92.39890321721751,-4526.857876227401,-239.15228951231157,-0.05017871997660617,CLOSE
2018-10-31,XLK,SELL,32.261383056640625,-140.13310104917653,-4520.887651862412,-89.72759444935848,-0.019461089172672863,CLOSE
2018-10-31,GLD,BUY,115.15,77.044,8871.62,0.0,0.0,ADD
2018-10-31,SHV,BUY,89.4846,74.48,6664.82,0.0,0.0,ADD
2018-11-06,SHV,SELL,89.4894790649414,-42.57882814072859,-3810.3571495094693,3.625219693264505,0.0009523180933415087,REDUCE
2018-11-06,QQQ,BUY,162.0802,12.0015,1945.2,0.0,0.0,ADD
2018-11-06,GLD,BUY,116.04,16.2733,1888.35,0.0,0.0,ADD
2018-11-12,QQQ,SELL,158.35765075683594,-11.834157068899458,-1874.0293121183215,-3.504683853802308,-0.0018666420215670554,REDUCE
2018-11-12,GLD,SELL,113.66000366210938,-15.689126121426325,-1783.226132416612,-30.053509065710113,-0.016574117073934524,REDUCE
2018-11-12,SHV,BUY,89.5544,40.5811,3634.22,0.0,0.0,ADD
2018-11-28,SHV,SELL,89.63556671142578,-41.70468533352808,-3738.2231043924767,8.674662127451134,0.002325928262292054,REDUCE
2018-11-28,QQQ,BUY,160.614,11.9693,1922.43,0.0,0.0,ADD
2018-11-28,GLD,BUY,115.38,15.9371,1838.83,0.0,0.0,ADD
2018-11-29,QQQ,SELL,160.09039306640625,-12.020743987117093,-1924.4056298482149,5.538272290583954,0.002886219450641603,REDUCE
2018-11-29,GLD,SELL,115.73999786376953,-17.01782633284419,-1969.6431834093873,3.2793661839906427,0.0016677311468322742,REDUCE
2018-11-29,SHV,BUY,89.6437,43.1805,3870.86,0.0,0.0,ADD
2018-11-30,SHV,SELL,89.6518325805664,-43.06066569885526,-3860.46759204151,8.132977513017101,0.002111181485207725,REDUCE
2018-11-30,QQQ,BUY,161.2519,11.943,1925.83,0.0,0.0,ADD
2018-11-30,GLD,BUY,115.54,16.945,1957.82,0.0,0.0,ADD
2018-12-04,QQQ,SELL,157.77688598632812,-11.736515775114245,-1851.7509113269418,-31.23371472970712,-0.016587344526076575,REDUCE
2018-12-04,GLD,SELL,117.12000274658203,-17.815408875504993,-2086.5407364306266,28.0384015574148,0.013620777145799012,REDUCE
2018-12-04,SHV,BUY,89.66,43.6655,3915.05,0.0,0.0,ADD
2019-01-31,GLD,SELL,124.75,-20.467397879093646,-2553.3078854169325,188.37836753074674,0.07965496058382437,REDUCE
2019-01-31,QQQ,BUY,160.558,0.0657,10.55,0.0,0.0,ADD
2019-01-31,USD,BUY,2.0565,1020.382,2098.44,0.0,0.0,OPEN
2019-01-31,SHV,BUY,90.0515,4.928,443.78,0.0,0.0,ADD
2019-02-04,USD,SELL,2.1449320316314697,-40.71247601655156,-87.32549389492942,3.5992500679114783,0.04298831409835713,REDUCE
2019-02-04,SHV,SELL,90.05805206298828,-147.33726777974957,-13268.907332527133,81.38367439835343,0.006171262816896617,REDUCE
2019-02-04,QQQ,BUY,161.866,12.2271,1979.15,0.0,0.0,ADD
2019-02-04,QLD,BUY,9.9066,942.7286,9339.22,0.0,0.0,OPEN
2019-02-04,GLD,BUY,123.96,16.6315,2061.64,0.0,0.0,ADD
2019-02-07,QQQ,SELL,160.62484741210938,-12.271341337714261,-1971.0823299122635,-6.449613842460907,-0.003261446098420606,REDUCE
2019-02-07,USD,SELL,2.171149492263794,-16.233826953449135,-35.246065147479385,1.860786561192473,0.05573673906548726,REDUCE
2019-02-07,QLD,SELL,9.748808860778809,-942.7285646373199,-9190.480584245592,-148.73982785568066,-0.015926364438615392,CLOSE
2019-02-07,GLD,SELL,123.73999786376953,-16.27536293612294,-2013.913374947926,107.63048722634724,0.05646092084212584,REDUCE
2019-02-07,SHV,BUY,90.0825,146.3882,13187.02,0.0,0.0,ADD
2019-02-12,USD,SELL,2.2784571647644043,-41.78596746183105,-95.20753695002122,9.27363062521886,0.10791585093510747,REDUCE
2019-02-12,SHV,SELL,90.0906982421875,-146.51262030147328,-13199.424264252224,39.58920220117716,0.0030083357439136815,REDUCE
2019-02-12,QQQ,BUY,163.1646,12.0601,1967.79,0.0,0.0,ADD
2019-02-12,QLD,BUY,10.0594,927.7924,9333.06,0.0,0.0,OPEN
2019-02-12,GLD,BUY,123.86,16.2884,2017.49,0.0,0.0,ADD
2019-02-15,USD,SELL,2.3571083545684814,-23.69370148205288,-55.848621713998455,7.1219211653893995,0.14616054617292784,REDUCE
2019-02-15,QLD,SELL,10.177762031555176,-927.7923785503034,-9442.850043575545,109.78567385269598,0.011763089753120015,CLOSE
2019-02-15,QQQ,BUY,164.1671,0.043,7.06,0.0,0.0,ADD
2019-02-15,GLD,BUY,124.8,0.0294,3.67,0.0,0.0,ADD
2019-02-15,SHV,BUY,90.1396,105.2585,9487.96,0.0,0.0,ADD
2019-02-19,GLD,SELL,126.69999694824219,-0.9407738561170914,-119.19604469902151,7.838774904525769,0.07039302345497367,REDUCE
2019-02-19,SHV,SELL,90.14778900146484,-103.82719272737174,-9359.791862601533,18.617099942768814,0.001993014841900953,REDUCE
2019-02-19,QQQ,BUY,164.4917,0.0599,9.85,0.0,0.0,ADD
2019-02-19,USD,BUY,2.3449,8.6775,20.35,0.0,0.0,ADD
2019-02-19,QLD,BUY,10.211,925.3503,9448.79,0.0,0.0,OPEN
2019-02-20,USD,SELL,2.376009702682495,-11.697693111226931,-27.793832331277372,3.7049403246009356,0.15380285334726396,REDUCE
2019-02-20,QLD,SELL,10.209811210632324,-925.3502979595435,-9447.651845869308,-1.1410502770058533,-0.0001207614866308715,CLOSE
2019-02-20,QQQ,BUY,164.4631,0.0088,1.45,0.0,0.0,ADD
2019-02-20,GLD,BUY,126.48,0.1688,21.36,0.0,0.0,ADD
2019-02-20,SHV,BUY,90.1478,104.8571,9452.64,0.0,0.0,ADD
2019-02-25,QQQ,SELL,165.67568969726562,-0.1850743838354937,-30.662326187241888,0.6507036433725993,0.021681721553755917,REDUCE
2019-02-25,USD,SELL,2.4345405101776123,-21.74396224382053,-52.936556934353575,8.159526685035956,0.18222572242071156,REDUCE
2019-02-25,SHV,SELL,90.17229461669922,-104.89972404426295,-9459.048821729726,12.730138038153804,0.0013476295331991128,REDUCE
2019-02-25,QLD,BUY,10.354,912.5043,9448.09,0.0,0.0,OPEN
2019-02-25,GLD,BUY,125.37,0.7542,94.55,0.0,0.0,ADD
2019-02-28,QQQ,SELL,165.36061096191406,-0.0993716848199764,-16.432162514146057,0.3180713332922742,0.019738707552443113,REDUCE
2019-02-28,QLD,SELL,10.3071870803833,-1.347668262345279,-13.89066890228787,-0.06312439604290807,-0.004523816190573737,REDUCE
2019-02-28,GLD,SELL,123.98999786376953,-56.3588983277553,-6987.939683262784,312.63157402230314,0.046834029067442495,REDUCE
2019-02-28,USD,BUY,2.3693,18.665,44.22,0.0,0.0,ADD
2019-02-28,SHV,BUY,90.1968,77.3203,6974.04,0.0,0.0,ADD
2019-03-07,QQQ,SELL,163.68017578125,-0.00888020412486916,-1.4535133721319653,0.013501368390943277,0.009375872114862904,REDUCE
2019-03-07,SHV,SELL,90.2499008178711,-45.98682743766574,-4150.306615177886,6.562439966164597,0.0015836981456098798,REDUCE
2019-03-07,USD,BUY,2.2681,29.991,68.02,0.0,0.0,ADD
2019-03-07,TQQQ,BUY,5.8837,671.2333,3949.36,0.0,0.0,OPEN
2019-03-07,QLD,BUY,10.0927,9.5675,96.56,0.0,0.0,ADD
2019-03-07,GLD,BUY,121.51,0.3112,37.82,0.0,0.0,ADD
2019-03-11,USD,SELL,2.3747899532318115,-23.058523691627563,-54.75915039923484,6.97368229962472,0.14593730221681378,REDUCE
2019-03-11,TQQQ,SELL,6.2158284187316895,-671.2332515548227,-4172.270720612144,222.91426500230654,0.05644318701232187,CLOSE
2019-03-11,QLD,SELL,10.477290153503418,-15.300921947766575,-160.31219886285908,1.9275913775931646,0.012170320135259871,REDUCE
2019-03-11,QQQ,BUY,166.831,0.038,6.33,0.0,0.0,ADD
2019-03-11,GLD,BUY,122.24,0.4796,58.63,0.0,0.0,ADD
2019-03-11,SHV,BUY,90.2499,47.8935,4322.38,0.0,0.0,ADD
2019-03-27,QQQ,SELL,170.16676330566406,-0.08749426766989978,-14.88861633718625,0.6999226793290388,0.049329606812777094,REDUCE
2019-03-27,USD,SELL,2.483323812484741,-25.269780703549802,-62.75304815739264,10.385068496488763,0.19830951210519765,REDUCE
2019-03-27,QLD,SELL,10.886791229248047,-19.851833546731992,-216.122767341054,10.630256831193323,0.05173062903761272,REDUCE
2019-03-27,SHV,SELL,90.36434173583984,-42.30534876678212,-3822.89499321539,9.449590452840699,0.0024779666298604397,REDUCE
2019-03-27,TQQQ,BUY,6.5562,624.9711,4097.44,0.0,0.0,OPEN
2019-03-27,GLD,BUY,123.65,0.1554,19.22,0.0,0.0,ADD
2019-03-29,QQQ,SELL,171.85032653808594,-0.019479568843763687,-3.347570266621915,0.1886246319882102,0.05971126249220249,REDUCE
2019-03-29,USD,SELL,2.548706293106079,-14.683367108792774,-37.42359015416696,6.994427387478307,0.22985934385073614,REDUCE
2019-03-29,TQQQ,SELL,6.746722221374512,-624.9711485683331,-4216.506735763925,119.06849027914201,0.029059251938781783,CLOSE
2019-03-29,QLD,SELL,11.092785835266113,-8.556461020768923,-94.91498961119214,6.344397272782142,0.07163096808183811,REDUCE
2019-03-29,GLD,BUY,122.01,0.7502,91.54,0.0,0.0,ADD
2019-03-29,SHV,BUY,90.397,47.1327,4260.66,0.0,0.0,ADD
2019-04-01,QQQ,SELL,174.1267852783203,-0.07560579350606411,-13.16499377162745,0.9042197645343443,0.0737489952927306,REDUCE
2019-04-01,USD,SELL,2.656252384185791,-26.480195773783965,-70.33808315782017,15.461692659367158,0.28175491352338544,REDUCE
2019-04-01,QLD,SELL,11.390055656433105,-14.294485570147726,-162.81498622406252,14.848315067876557,0.10034905125495075,REDUCE
2019-04-01,SHV,SELL,90.39705657958984,-79.44262181902813,-7181.379179405645,15.715513490955127,0.002193169289497865,REDUCE
2019-04-01,GLD,BUY,121.53,61.1182,7427.7,0.0,0.0,ADD
2019-04-30,QQQ,SELL,181.3008270263672,-0.2653923634840684,-48.11585498614386,5.077938961553957,0.11798756609526939,REDUCE
2019-04-30,USD,SELL,2.923893690109253,-53.74842447196665,-157.15467916689704,45.7688134732474,0.4109032433174937,REDUCE
2019-04-30,QLD,SELL,12.29543685913086,-39.807821846471946,-489.4545600128258,77.39140071299262,0.18781441380125807,REDUCE
2019-04-30,GLD,SELL,121.19999694824219,-59.52581096432091,-7214.528107217336,41.980535851574004,0.005852946311456941,REDUCE
2019-04-30,SHV,SELL,90.56908416748047,-127.72606353079048,-11568.03259830112,47.23945632959672,0.004100364944276125,CLOSE
2019-04-30,SMH,BUY,55.1784,91.685,5059.04,0.0,0.0,OPEN
2019-04-30,TQQQ,BUY,7.8696,546.4301,4300.18,0.0,0.0,OPEN
2019-04-30,XLY,BUY,56.2321,89.967,5059.04,0.0,0.0,OPEN
2019-04-30,XLK,BUY,36.92,137.027,5059.04,0.0,0.0,OPEN
2019-05-03,SMH,SELL,55.76700210571289,-0.11801271919687993,-6.581215559953307,0.06945915396730729,0.010666731007237251,REDUCE
2019-05-03,USD,SELL,2.981332540512085,-7.848959091187841,-23.400357147706472,7.134520302163489,0.43861993513837727,REDUCE
2019-05-03,TQQQ,SELL,8.045816421508789,-546.4301355223872,-4396.476557593296,96.29657584480897,0.022393615209950868,CLOSE
2019-05-03,QLD,SELL,12.487859725952148,-5.091577517142841,-63.582905817891515,10.878401521587648,0.20640363981851428,REDUCE
2019-05-03,QQQ,BUY,182.8026,0.0255,4.65,0.0,0.0,ADD
2019-05-03,XLY,BUY,56.2462,0.8199,46.12,0.0,0.0,ADD
2019-05-03,GLD,BUY,120.65,0.4956,59.79,0.0,0.0,ADD
2019-05-03,XLK,BUY,36.981,1.0553,39.03,0.0,0.0,ADD
2019-05-03,SHV,BUY,90.6003,47.9077,4340.45,0.0,0.0,OPEN
2019-05-07,QQQ,SELL,178.14427185058594,-0.11381857869549279,-20.276127824777177,1.8159777977099418,0.09837286235741649,REDUCE
2019-05-07,XLY,SELL,55.05663299560547,-0.8352102804264885,-45.9838658835979,-0.9819012515386981,-0.020906743601428524,REDUCE
2019-05-07,GLD,SELL,121.20999908447266,-1.2460200818912341,-151.03009298527104,0.8885529213825466,0.005918101819153199,REDUCE
2019-05-07,XLK,SELL,35.906803131103516,-0.15759676435769474,-5.658795991890656,-0.15974670255039888,-0.027454761602594857,REDUCE
2019-05-07,SHV,SELL,90.6166763305664,-47.907745325791566,-4341.24065191446,0.7858402439151907,0.0001810502074119924,CLOSE
2019-05-07,SMH,BUY,53.6216,0.792,42.47,0.0,0.0,ADD
2019-05-07,USD,BUY,2.7675,34.5261,95.55,0.0,0.0,ADD
2019-05-07,TQQQ,BUY,7.4421,565.642,4209.57,0.0,0.0,OPEN
2019-05-07,QLD,BUY,11.8464,18.2839,216.6,0.0,0.0,ADD
2019-05-13,QQQ,SELL,170.81723022460938,-0.524612336442052,-89.61282625269223,4.526344346429816,0.053196985526048346,REDUCE
2019-05-13,QLD,SELL,10.86952018737793,-836.1049397876559,-9088.059521788335,405.9400844466964,0.04675587422821614,CLOSE
2019-05-13,XLY,SELL,53.29572677612305,-2.828054148395299,-150.7232012009572,-8.304693560188575,-0.052221615413207356,REDUCE
2019-05-13,GLD,SELL,122.66999816894531,-2.555285399954307,-313.4568553335275,5.552921177353682,0.018034589887822472,REDUCE
2019-05-13,XLK,SELL,34.38705062866211,-2.8937695825274172,-99.50820114205271,-7.331060009241005,-0.0686176591848533,REDUCE
2019-05-13,SMH,BUY,50.0,0.5074,25.37,0.0,0.0,ADD
2019-05-13,USD,BUY,2.3776,73.5354,174.84,0.0,0.0,ADD
2019-05-13,TQQQ,BUY,6.5276,38.9912,254.52,0.0,0.0,ADD
2019-05-13,SHV,BUY,90.6577,102.4362,9286.63,0.0,0.0,OPEN
2019-05-15,SMH,SELL,51.756187438964844,-1.046059871663362,-54.140070790188474,-3.5363843901485112,-0.061314177147179016,REDUCE
2019-05-15,QQQ,SELL,175.1311798095703,-0.04034039789558786,-7.064861477441809,0.5220825582245644,0.07979523145602863,REDUCE
2019-05-15,USD,SELL,2.5132651329040527,-27.92622676118339,-70.18601201245428,10.837005087224673,0.18259791778618273,REDUCE
2019-05-15,TQQQ,SELL,7.012256622314453,-28.580370674308483,-200.41289352912145,-10.599958708667065,-0.05023371134153509,REDUCE
2019-05-15,XLK,SELL,35.320472717285156,-0.48375913544550814,-17.086601345240524,-0.7740012812635241,-0.04333567558996876,REDUCE
2019-05-15,SHV,SELL,90.66593933105469,-102.43622741928962,-9287.476780499434,0.8432669783433037,9.080437783137718e-05,CLOSE
2019-05-15,QLD,BUY,11.4123,832.8364,9504.54,0.0,0.0,OPEN
2019-05-15,XLY,BUY,54.1996,0.5573,30.21,0.0,0.0,ADD
2019-05-15,GLD,BUY,122.39,0.8303,101.62,0.0,0.0,ADD
2019-05-16,QQQ,SELL,176.8911895751953,-0.0569180036173445,-10.068293368117338,0.8368049937247025,0.09064681227849758,REDUCE
2019-05-16,TQQQ,SELL,7.23135232925415,-576.0528464899803,-4165.641093238803,-87.43720174691356,-0.020558568566677926,CLOSE
2019-05-16,QLD,SELL,11.644155502319336,-10.417824936597432,-121.30677355768057,2.415885908968714,0.02032019405984209,REDUCE
2019-05-16,XLY,SELL,54.700706481933594,-0.14667890284852844,-8.023439611809408,-0.2227525339350989,-0.027012775108575582,REDUCE
2019-05-16,XLK,SELL,35.644134521484375,-0.2141757579935689,-7.634109529163652,-0.27335479650865263,-0.03456921021081072,REDUCE
2019-05-16,SMH,BUY,51.0252,2.0192,103.03,0.0,0.0,ADD
2019-05-16,USD,BUY,2.4381,32.8591,80.11,0.0,0.0,ADD
2019-05-16,GLD,BUY,121.51,0.4903,59.57,0.0,0.0,ADD
2019-05-16,SHV,BUY,90.6906,44.8774,4069.96,0.0,0.0,OPEN
2019-05-17,QQQ,SELL,175.08338928222656,-0.07487254844425822,-13.10893954581843,0.965416994129777,0.07950057242620501,REDUCE
2019-05-17,QLD,SELL,11.406088829040527,-822.4185474591951,-9380.579006970062,-5.072193857592215,-0.0005404200251064584,CLOSE
2019-05-17,XLY,SELL,54.28390884399414,-0.5134618589141068,-27.872716744161153,-0.9937737046345649,-0.03442655096563785,REDUCE
2019-05-17,GLD,SELL,120.6500015258789,-0.21465137259689918,-25.897688431347888,0.019610269804737443,0.0007577946740218167,REDUCE
2019-05-17,XLK,SELL,35.358001708984375,-0.7330643947632853,-25.91969212283584,-1.1453716561624194,-0.04231919294611808,REDUCE
2019-05-17,SMH,BUY,50.0427,0.5564,27.84,0.0,0.0,ADD
2019-05-17,USD,BUY,2.3458,22.4154,52.58,0.0,0.0,ADD
2019-05-17,SHV,BUY,90.6906,103.5714,9392.95,0.0,0.0,ADD
2019-05-22,QQQ,SELL,173.15121459960938,-0.04177842473616593,-7.2339849871254955,0.4579735717351817,0.06758748527120084,REDUCE
2019-05-22,XLY,SELL,53.717227935791016,-0.21089123028642387,-11.328492286955225,-0.5276749806045596,-0.044506371131280864,REDUCE
2019-05-22,GLD,SELL,120.23999786376953,-0.31520529497412236,-37.900283994337315,-0.1004385800797824,-0.0026430702701268904,REDUCE
2019-05-22,XLK,SELL,34.98743438720703,-0.31822060649088574,-11.133722590257094,-0.6151238576029947,-0.05235610664696633,REDUCE
2019-05-22,SHV,SELL,90.70694732666016,-45.63012710880333,-4138.969536167031,0.7477837602974666,0.00018070171320871964,REDUCE
2019-05-22,SMH,BUY,48.2865,2.1774,105.14,0.0,0.0,ADD
2019-05-22,USD,BUY,2.1637,63.6484,137.72,0.0,0.0,ADD
2019-05-22,TQQQ,BUY,6.7658,585.8471,3963.71,0.0,0.0,OPEN
2019-05-31,SMH,SELL,46.625179290771484,-96.57335865019887,-4502.7501617775,-795.948764980088,-0.15021588808540776,CLOSE
2019-05-31,QQQ,SELL,166.38853454589844,-11.39092705389118,-1895.3196596161818,47.83373269397907,0.025891256868011414,REDUCE
2019-05-31,USD,SELL,2.005479097366333,-969.8168138974265,-1944.947348545704,-133.79374138293647,-0.06436286944591518,CLOSE
2019-05-31,TQQQ,SELL,5.979886054992676,-585.8470719019531,-3503.298735624781,-460.4097391979248,-0.11615630718616832,CLOSE
2019-05-31,XLY,SELL,51.95631408691406,-86.80988614196295,-4510.321710241075,-370.0734070858574,-0.07582857497991935,CLOSE
2019-05-31,XLK,SELL,33.720970153808594,-133.2817487947318,-4494.389873154566,-426.43162284875774,-0.08665862462093055,CLOSE
2019-05-31,GLD,BUY,123.33,54.0276,6663.23,0.0,0.0,ADD
2019-05-31,SHV,BUY,90.7891,156.0182,14164.75,0.0,0.0,ADD
2019-06-04,SHV,SELL,90.81453704833984,-41.24913933805405,-3746.0214926278422,2.664830404553751,0.0007118825816001539,REDUCE
2019-06-04,QQQ,BUY,167.3068,11.5777,1937.03,0.0,0.0,ADD
2019-06-04,GLD,BUY,125.15,14.6388,1832.04,0.0,0.0,ADD
2019-06-24,QQQ,SELL,180.3787384033203,-0.947481126237528,-170.90545021168236,14.801705789875722,0.09481967165297567,REDUCE
2019-06-24,GLD,SELL,133.94000244140625,-3.453450115572619,-462.5551169110713,38.84014128651248,0.09166572701203646,REDUCE
2019-06-24,SHV,SELL,90.97904205322266,-96.2788941460016,-8759.361559346853,22.058293956389637,0.0025246112314500913,REDUCE
2019-06-24,QLD,BUY,12.0315,780.6877,9392.82,0.0,0.0,OPEN
2019-06-25,QLD,SELL,11.61449909210205,-780.6877421216155,-9067.297072086703,-325.52505438290365,-0.034656788982041054,CLOSE
2019-06-25,GLD,SELL,134.1999969482422,-1.1513408426863048,-154.50993757488868,13.248201986303975,0.09378478843618687,REDUCE
2019-06-25,QQQ,BUY,177.2823,0.1657,29.37,0.0,0.0,ADD
2019-06-25,SHV,BUY,90.979,101.039,9192.44,0.0,0.0,ADD
2019-06-27,QQQ,SELL,178.78741455078125,-0.2407445814051704,-43.04210127654051,3.355442236130386,0.08454836756890471,REDUCE
2019-06-27,SHV,SELL,91.0201644897461,-43.95713352249269,-4000.985523715017,7.30214368614983,0.0018284232852974203,REDUCE
2019-06-27,TQQQ,BUY,7.3242,538.3925,3943.31,0.0,0.0,OPEN
2019-06-27,GLD,BUY,132.84,0.7582,100.72,0.0,0.0,ADD
2019-07-01,QQQ,SELL,181.4332275390625,-0.31341753017915097,-56.86435406772489,5.197585142306925,0.10059822300499843,REDUCE
2019-07-01,TQQQ,SELL,7.648110866546631,-538.392523065489,-4117.685706124624,174.37544586622667,0.0442205746840727,CLOSE
2019-07-01,SHV,SELL,91.01112365722656,-58.55691836545519,-5329.330938344563,9.198051559272525,0.001728913873959792,REDUCE
2019-07-01,QLD,BUY,12.155,763.6274,9281.89,0.0,0.0,OPEN
2019-07-01,GLD,BUY,130.62,1.6995,221.99,0.0,0.0,ADD
2019-07-19,GLD,SELL,134.47000122070312,-1.3552694118707176,-182.243079468637,15.672357454023924,0.09408830834418191,REDUCE
2019-07-19,SHV,SELL,91.11003112792969,-42.246693433419075,-3849.0975537709146,10.814574288480475,0.002817555231412028,REDUCE
2019-07-19,QQQ,BUY,183.1109,0.1336,24.47,0.0,0.0,ADD
2019-07-19,TQQQ,BUY,7.8279,511.7266,4005.75,0.0,0.0,OPEN
2019-07-19,QLD,BUY,12.3413,0.0906,1.12,0.0,0.0,ADD
2019-07-23,QQQ,SELL,185.77587890625,-0.06250044048427007,-11.611074262993043,1.300925928523093,0.12617916700322374,REDUCE
2019-07-23,TQQQ,SELL,8.16727066040039,-511.72657415917666,-4179.409435277448,173.65916352758222,0.043352468762792196,CLOSE
2019-07-23,QLD,SELL,12.711532592773438,-13.599812044282759,-172.87445405649305,7.568519590123575,0.045784923660217025,REDUCE
2019-07-23,GLD,BUY,133.69,1.7229,230.34,0.0,0.0,ADD
2019-07-23,SHV,BUY,91.1265,45.3606,4133.56,0.0,0.0,ADD
2019-07-31,GLD,SELL,133.2100067138672,-0.6015030013105532,-80.12621884299006,6.085974047168226,0.08219818915984556,REDUCE
2019-07-31,SHV,SELL,91.1512222290039,-45.244405426992046,-4124.082853694902,8.898096630711182,0.0021622593288033176,REDUCE
2019-07-31,QQQ,BUY,183.1972,0.0949,17.38,0.0,0.0,ADD
2019-07-31,TQQQ,BUY,7.8112,513.8191,4013.57,0.0,0.0,OPEN
2019-07-31,QLD,BUY,12.3586,14.02,173.27,0.0,0.0,ADD
2019-08-05,QLD,SELL,11.003663063049316,-764.1380912122687,-8408.31808934145,-882.6470732022841,-0.09500057935430117,CLOSE
2019-08-05,GLD,SELL,137.7899932861328,-6.922866064563863,-953.9016685570514,101.7518089683072,0.11940600332600382,REDUCE
2019-08-05,QQQ,BUY,173.256,0.3822,66.21,0.0,0.0,ADD
2019-08-05,TQQQ,BUY,6.5776,73.319,482.27,0.0,0.0,ADD
2019-08-05,SHV,BUY,91.2255,96.6149,8813.74,0.0,0.0,ADD
2019-08-07,QQQ,SELL,176.63043212890625,-0.06868500523190768,-12.13186215488804,0.7864029678756024,0.0693143357983983,REDUCE
2019-08-07,TQQQ,SELL,6.9479570388793945,-22.214131114978393,-154.3428286429039,-15.755104131923513,-0.09262372490311122,REDUCE
2019-08-07,GLD,SELL,141.02000427246094,-0.6410816160839167,-90.40533223915008,11.493274135473452,0.14564661487314523,REDUCE
2019-08-07,SHV,SELL,91.2420654296875,-98.40388072967312,-8978.573324072,13.514760292301368,0.001507492694682755,REDUCE
2019-08-07,QLD,BUY,11.4245,808.3928,9235.45,0.0,0.0,OPEN
2019-08-08,TQQQ,SELL,7.407580852508545,-564.9239986023806,-4184.720195169559,-141.0129987054834,-0.03259863527994489,CLOSE
2019-08-08,QLD,SELL,11.940275192260742,-17.577326958996093,-209.878121034757,9.066611533150919,0.04514985996396992,REDUCE
2019-08-08,QQQ,BUY,180.4746,0.0144,2.59,0.0,0.0,ADD
2019-08-08,GLD,BUY,141.73,1.5864,224.85,0.0,0.0,ADD
2019-08-08,SHV,BUY,91.2586,45.6632,4167.16,0.0,0.0,ADD
2019-08-15,GLD,SELL,143.6999969482422,-2.531791593683864,-363.8184442859565,51.37240989079,0.16442010534790996,REDUCE
2019-08-15,SHV,SELL,91.32460021972656,-45.08732618071357,-4117.582038430078,7.308603283356294,0.001778130676382883,REDUCE
2019-08-15,QQQ,BUY,175.0008,0.3832,67.05,0.0,0.0,ADD
2019-08-15,TQQQ,BUY,6.7122,589.7362,3958.42,0.0,0.0,OPEN
2019-08-15,QLD,BUY,11.2011,40.7036,455.93,0.0,0.0,ADD
2019-08-16,QQQ,SELL,177.80958557128906,-0.08453905140417689,-15.031853694766596,1.052723370442143,0.07530678561672377,REDUCE
2019-08-16,TQQQ,SELL,7.021782875061035,-589.7362308050701,-4140.9997662700835,182.57832725402025,0.046124024454405665,CLOSE
2019-08-16,QLD,SELL,11.555266380310059,-15.609253735777644,-180.3690849147606,2.212418092751934,0.01241838507768156,REDUCE
2019-08-16,GLD,BUY,142.78,1.7037,243.25,0.0,0.0,ADD
2019-08-16,SHV,BUY,91.3163,44.8238,4093.15,0.0,0.0,ADD
2019-08-23,QLD,SELL,11.125829696655273,-815.9098419010982,-9077.673948816548,-234.73651749521525,-0.025206848253133796,CLOSE
2019-08-23,GLD,SELL,144.1699981689453,-1.5966422109828238,-230.1879046338545,32.5777915801036,0.16485892891140796,REDUCE
2019-08-23,QQQ,BUY,174.5406,0.2452,42.8,0.0,0.0,ADD
2019-08-23,TQQQ,BUY,6.6419,598.6287,3976.05,0.0,0.0,OPEN
2019-08-23,SHV,BUY,91.3576,57.8935,5289.01,0.0,0.0,ADD
2019-08-27,QQQ,SELL,176.8030548095703,-0.10317393235972831,-18.241466417915944,1.1707282037966211,0.06858099451307287,REDUCE
2019-08-27,TQQQ,SELL,6.8693671226501465,-14.972099371823004,-102.84884718185185,3.405116844218533,0.034241644321441056,REDUCE
2019-08-27,GLD,SELL,145.57000732421875,-0.12022799772955947,-17.501590510068127,2.621445127377917,0.1761706663449265,REDUCE
2019-08-27,SHV,SELL,91.34934997558594,-101.75415498998815,-9295.175915650441,8.682958778238525,0.0009350094614364313,REDUCE
2019-08-27,QLD,BUY,11.4109,826.734,9433.77,0.0,0.0,OPEN
2019-08-28,QQQ,SELL,177.43572998046875,-0.037414841767650545,-6.638729761146806,0.44822258040507346,0.07240482359821265,REDUCE
2019-08-28,TQQQ,SELL,6.9384307861328125,-4.698621186415469,-32.60105789220097,1.3931152639322377,0.04463976624560728,REDUCE
2019-08-28,QLD,SELL,11.477523803710938,-826.7340481830529,-9488.859717359295,55.09189759902079,0.005839861511497402,CLOSE
2019-08-28,GLD,BUY,145.16,0.4312,62.59,0.0,0.0,ADD
2019-08-28,SHV,BUY,91.3493,103.6188,9465.51,0.0,0.0,ADD
2019-08-29,QQQ,SELL,180.14862060546875,-0.2511139358661554,-45.237829161098034,3.689541109594949,0.08880127876800614,REDUCE
2019-08-29,TQQQ,SELL,7.253975868225098,-578.9579590796485,-4199.7470638806235,354.3451780305348,0.09214776206731923,CLOSE
2019-08-29,SHV,SELL,91.36585998535156,-59.02751979297241,-5393.100108687286,3.1291077508731324,0.0005805425948171017,REDUCE
2019-08-29,QLD,BUY,11.8292,802.2491,9489.98,0.0,0.0,OPEN
2019-08-29,GLD,BUY,144.12,1.0277,148.11,0.0,0.0,ADD
2019-08-30,QLD,SELL,11.776153564453125,-802.2490671402614,-9447.408211582984,-42.56929215973296,-0.004485710544934851,CLOSE
2019-08-30,GLD,BUY,143.75,0.0246,3.54,0.0,0.0,ADD
2019-08-30,SHV,BUY,91.3576,103.3684,9443.49,0.0,0.0,ADD
2019-09-05,QQQ,SELL,183.84901428222656,-0.4771323261305732,-87.72030784129174,8.775938400469268,0.11116610928215476,REDUCE
2019-09-05,SHV,SELL,91.3807373046875,-103.5357335470375,-9461.171668909954,4.902823832149686,0.0005184733971159705,REDUCE
2019-09-05,QLD,BUY,12.3129,769.8001,9478.51,0.0,0.0,OPEN
2019-09-05,GLD,BUY,143.14,0.4944,70.76,0.0,0.0,ADD
2019-09-09,QQQ,SELL,183.28341674804688,-0.07099344631137633,-13.01192140666808,1.2656352161391695,0.10774769110935312,REDUCE
2019-09-09,QLD,SELL,12.226567268371582,-769.8001246306304,-9412.013006997231,-66.49533852438353,-0.007015380068299604,CLOSE
2019-09-09,GLD,BUY,141.39,0.5555,78.55,0.0,0.0,ADD
2019-09-09,SHV,BUY,91.3973,102.2621,9346.48,0.0,0.0,ADD
2019-09-20,GLD,SELL,142.9499969482422,-0.667923107875913,-95.4796062325222,12.455286838603797,0.15001974035472987,REDUCE
2019-09-20,SHV,SELL,91.4220962524414,-43.16252967016038,-3946.0089420042605,2.5703733824703114,0.0006518101747350347,REDUCE
2019-09-20,QQQ,BUY,182.9095,0.1276,23.35,0.0,0.0,ADD
2019-09-20,TQQQ,BUY,7.5517,532.0873,4018.14,0.0,0.0,OPEN
2019-09-30,QQQ,SELL,181.36688232421875,-0.11373483014006347,-20.6277315541779,1.7980964082584512,0.09549289693210627,REDUCE
2019-09-30,TQQQ,SELL,7.338518142700195,-532.0872966964234,-3904.732280307005,-113.40985333935467,-0.028224450397039136,CLOSE
2019-09-30,GLD,SELL,138.8699951171875,-13.683253274105393,-1900.1933153622558,199.33467342968723,0.11719649623745165,REDUCE
2019-09-30,USD,BUY,2.7651,758.8765,2098.39,0.0,0.0,OPEN
2019-09-30,SHV,BUY,91.4883,40.7392,3727.16,0.0,0.0,ADD
2019-10-02,GLD,SELL,141.25999450683594,-1.3511391067013527,-190.8619027906043,22.912323838131428,0.13642382422771804,REDUCE
2019-10-02,SHV,SELL,91.53298950195312,-43.447834984348184,-3976.910223504934,6.401522124525134,0.0016122674966811967,REDUCE
2019-10-02,QQQ,BUY,176.7945,0.5606,99.11,0.0,0.0,ADD
2019-10-02,USD,BUY,2.6251,40.327,105.86,0.0,0.0,ADD
2019-10-02,TQQQ,BUY,6.7943,583.2501,3962.81,0.0,0.0,OPEN
2019-10-04,QQQ,SELL,181.36688232421875,-0.20134236540784262,-36.51683709380404,3.126548680714458,0.09363646824592253,REDUCE
2019-10-04,USD,SELL,2.817960023880005,-42.31473264128377,-119.24122500430803,2.5346860835052665,0.021718458168186405,REDUCE
2019-10-04,TQQQ,SELL,7.313512802124023,-583.2501498282345,-4265.607437609548,302.8019743574085,0.07641101163439634,CLOSE
2019-10-04,GLD,BUY,141.9,0.9356,132.76,0.0,0.0,ADD
2019-10-04,SHV,BUY,91.5993,46.8193,4288.61,0.0,0.0,ADD
2019-10-07,QQQ,SELL,180.81935119628906,-0.017002105904636154,-3.074309758646905,0.25470833678151145,0.09033487315132693,REDUCE
2019-10-07,SHV,SELL,91.59103393554688,-103.93752821940863,-9519.745674320717,16.728386114606995,0.0017603236537693245,REDUCE
2019-10-07,USD,BUY,2.7725,9.5013,26.34,0.0,0.0,ADD
2019-10-07,QLD,BUY,11.8514,796.8344,9443.63,0.0,0.0,OPEN
2019-10-07,GLD,BUY,140.69,0.3757,52.85,0.0,0.0,ADD
2019-10-22,QQQ,SELL,184.2870635986328,-0.12624073116373374,-23.264533652708906,2.328977370264504,0.11124506742710616,REDUCE
2019-10-22,USD,SELL,2.9199399948120117,-28.96105093447786,-84.56453091536969,4.683052545001185,0.05862501096046735,REDUCE
2019-10-22,QLD,SELL,12.285798072814941,-796.8344400953725,-9789.7470284763,346.1217682501597,0.036651366261633234,CLOSE
2019-10-22,TQQQ,BUY,7.6398,532.3778,4067.25,0.0,0.0,OPEN
2019-10-22,GLD,BUY,140.2,1.3347,187.13,0.0,0.0,ADD
2019-10-22,SHV,BUY,91.6573,61.5685,5643.2,0.0,0.0,ADD
2019-10-23,QQQ,SELL,184.6424560546875,-0.061845229754699145,-11.419255117174089,1.1629434149636118,0.1133880725088503,REDUCE
2019-10-23,TQQQ,SELL,7.675496578216553,-532.3777955078078,-4086.2639477386506,19.01697417120023,0.004675637917930464,CLOSE
2019-10-23,GLD,SELL,140.52999877929688,-0.2586886130993254,-36.3535104830662,4.056547030463352,0.12560149923742858,REDUCE
2019-10-23,USD,BUY,2.802,30.3673,85.09,0.0,0.0,ADD
2019-10-23,SHV,BUY,91.6573,44.1749,4048.95,0.0,0.0,ADD
2019-10-24,QQQ,SELL,186.43870544433594,-0.09341948840625688,-17.417008481734683,1.9244733912201755,0.12421939856689157,REDUCE
2019-10-24,USD,SELL,2.915024995803833,-25.75684719981095,-75.08185340054888,3.9937646017465136,0.05618050322114998,REDUCE
2019-10-24,GLD,SELL,141.52999877929688,-0.1328598198533921,-18.803650141668186,2.2162607907621465,0.13361118762435575,REDUCE
2019-10-24,SHV,SELL,91.66556549072266,-103.66284500968295,-9502.313308189725,13.433483765604372,0.0014157080724139792,REDUCE
2019-10-24,QLD,BUY,12.5647,765.1299,9613.62,0.0,0.0,OPEN
2019-11-22,QQQ,SELL,193.87364196777344,-0.35008925286621867,-67.87307846695057,9.814849639413605,0.1690518267198402,REDUCE
2019-11-22,USD,SELL,3.26826810836792,-64.80280218712362,-211.792931721051,32.939234273046566,0.1841685955786434,REDUCE
2019-11-22,QLD,SELL,13.554359436035156,-39.36388690123078,-533.5522718587181,38.95743777071508,0.0787663660954927,REDUCE
2019-11-22,SHV,SELL,91.78660583496094,-42.84878575923603,-3932.9446089896846,10.739129737134883,0.0027380334339803802,REDUCE
2019-11-22,TQQQ,BUY,8.8353,473.1997,4180.85,0.0,0.0,OPEN
2019-11-22,GLD,BUY,137.74,4.1042,565.31,0.0,0.0,ADD
2019-11-25,USD,SELL,3.4218525886535645,-22.59368492248885,-77.31225923924148,14.954398915644177,0.23981578004826387,REDUCE
2019-11-25,TQQQ,SELL,9.14129638671875,-473.19967667310567,-4325.658494568342,144.80891365902536,0.034636240997584444,CLOSE
2019-11-25,QLD,SELL,13.872735977172852,-8.101987430434473,-112.39673251279055,10.597813646027612,0.10410536540076909,REDUCE
2019-11-25,GLD,BUY,137.08,1.4212,194.82,0.0,0.0,ADD
2019-11-25,SHV,BUY,91.7949,47.0572,4319.62,0.0,0.0,ADD
2019-12-02,GLD,SELL,137.7899932861328,-54.794167446965766,-7550.08796463665,663.9691605526457,0.0964213919978929,REDUCE
2019-12-02,SHV,SELL,91.80238342285156,-81.5931650351487,-7490.447021240727,13.93484199735676,0.0018638158627017898,REDUCE
2019-12-02,SMH,BUY,62.265,79.5227,4951.48,0.0,0.0,OPEN
2019-12-02,QQQ,BUY,194.9974,25.4114,4955.16,0.0,0.0,ADD
2019-12-02,USD,BUY,3.2591,29.0422,94.65,0.0,0.0,ADD
2019-12-02,QLD,BUY,13.6753,6.4857,88.69,0.0,0.0,ADD
2019-12-02,XLK,BUY,41.0331,120.6705,4951.48,0.0,0.0,OPEN
2019-12-03,QQQ,SELL,193.47018432617188,-0.06420288012361343,-12.421343051786607,0.7613474200731799,0.06529568656118778,REDUCE
2019-12-03,GLD,SELL,139.11000061035156,-0.5678245397651597,-78.99007207330396,7.630155080647211,0.10692494333243663,REDUCE
2019-12-03,XLK,SELL,40.66948699951172,-0.03985560070093156,-1.6209068345642663,-0.014490955406216388,-0.008860813861365169,REDUCE
2019-12-03,SHV,SELL,91.83564758300781,-45.84585504804195,-4210.28378733364,9.354781983074634,0.002226836485729633,CLOSE
2019-12-03,SMH,BUY,61.3916,0.3902,23.96,0.0,0.0,ADD
2019-12-03,USD,BUY,3.1466,17.9206,56.39,0.0,0.0,ADD
2019-12-03,TQQQ,BUY,8.7579,476.1528,4170.09,0.0,0.0,OPEN
2019-12-03,QLD,BUY,13.4766,3.924,52.88,0.0,0.0,ADD
2019-12-06,SMH,SELL,63.59878158569336,-0.6447591370257318,-41.00589553107966,0.8627204746484832,0.021491087175733226,REDUCE
2019-12-06,USD,SELL,3.3407604694366455,-22.53530984895835,-75.28507230990635,12.400203636469056,0.19718898835367904,REDUCE
2019-12-06,TQQQ,SELL,9.210358619689941,-476.15276441888534,-4385.537718054675,215.44975338571962,0.05166551766080629,CLOSE
2019-12-06,QLD,SELL,13.950477600097656,-5.3228974956468145,-74.2569622806368,7.297609716671789,0.10898566723297565,REDUCE
2019-12-06,QQQ,BUY,196.9186,0.4503,88.67,0.0,0.0,ADD
2019-12-06,GLD,BUY,137.62,1.1607,159.73,0.0,0.0,ADD
2019-12-06,XLK,BUY,41.4391,1.0263,42.53,0.0,0.0,ADD
2019-12-06,SHV,BUY,91.8523,46.6527,4285.16,0.0,0.0,OPEN
2020-01-27,USD,SELL,3.9024927616119385,-47.37216192624754,-184.8695190190897,52.67731924569358,0.3984903748934736,REDUCE
2020-01-27,QLD,SELL,15.77962589263916,-28.410151727237867,-448.3015658089298,90.91625687603671,0.25439282086748616,REDUCE
2020-01-27,XLK,SELL,45.056243896484375,-0.07071974996623462,-3.18636630277706,0.28427534904584273,0.09795535480387008,REDUCE
2020-01-27,SHV,SELL,92.0603256225586,-46.65267780955789,-4294.860710312213,9.705189253488275,0.002264839445334843,CLOSE
2020-01-27,SMH,BUY,68.2679,0.9778,66.75,0.0,0.0,ADD
2020-01-27,QQQ,BUY,209.9564,0.9082,190.69,0.0,0.0,ADD
2020-01-27,TQQQ,BUY,11.0445,421.6106,4656.49,0.0,0.0,OPEN
2020-01-27,GLD,BUY,148.99,0.1161,17.29,0.0,0.0,ADD
2020-01-28,SMH,SELL,69.97817993164062,-0.13829058562066018,-9.677323483414511,1.0571285823525682,0.12263395369660812,REDUCE
2020-01-28,USD,SELL,4.08779764175415,-14.592403535350382,-59.650792759330216,18.93063465630209,0.46489590262406977,REDUCE
2020-01-28,TQQQ,SELL,11.55790901184082,-421.61059262897584,-4872.9368680339885,216.45169443182868,0.046483922177805725,CLOSE
2020-01-28,QLD,SELL,16.256147384643555,-4.6585781867651805,-75.7305336069403,17.127981235884064,0.2922736389950067,REDUCE
2020-01-28,QQQ,BUY,213.1813,0.3768,80.34,0.0,0.0,ADD
2020-01-28,GLD,BUY,147.66,1.0159,150.0,0.0,0.0,ADD
2020-01-28,XLK,BUY,45.9184,0.4952,22.74,0.0,0.0,ADD
2020-01-28,SHV,BUY,92.0603,51.7587,4764.92,0.0,0.0,OPEN
2020-01-31,SMH,SELL,66.27812194824219,-80.10763799903656,-5309.383800285785,315.9603541691034,0.06327529751453809,CLOSE
2020-01-31,QQQ,SELL,210.89019775390625,-26.533589348592578,-5595.673904845629,752.5737500732089,0.15539091202390654,REDUCE
2020-01-31,USD,SELL,3.6685519218444824,-617.1058938537363,-2263.8850128786817,541.8486462746472,0.31465575105316,CLOSE
2020-01-31,XLK,SELL,45.160457611083984,-122.0814401280432,-5513.253702002582,501.0411151628976,0.09996405908210204,CLOSE
2020-01-31,TQQQ,BUY,11.1541,418.1041,4663.58,0.0,0.0,OPEN
2020-01-31,QLD,BUY,15.8932,156.0929,2480.82,0.0,0.0,ADD
2020-01-31,GLD,BUY,149.33,54.0722,8074.61,0.0,0.0,ADD
2020-01-31,SHV,BUY,92.0936,37.6052,3463.2,0.0,0.0,ADD
2020-02-03,QQQ,SELL,214.07664489746094,-0.030944780304451733,-6.624554744666057,0.9762925245439901,0.1728483003260588,REDUCE
2020-02-03,TQQQ,SELL,11.666305541992188,-418.10406693706966,-4877.729793237409,214.15384920383661,0.04592052360116883,CLOSE
2020-02-03,QLD,SELL,16.366025924682617,-13.191594922661945,-215.89398449219698,41.88288971139552,0.24069091550831634,REDUCE
2020-02-03,GLD,BUY,148.36,1.7542,260.25,0.0,0.0,ADD
2020-02-03,SHV,BUY,92.0945,52.5547,4840.0,0.0,0.0,ADD
2020-02-21,QLD,SELL,17.5289363861084,-25.445090844502225,-446.0253787520287,110.37770759421058,0.3288499134031295,REDUCE
2020-02-21,GLD,SELL,154.6999969482422,-0.3726406619606704,-57.64750926810666,5.072898147601589,0.09648950395418265,REDUCE
2020-02-21,SHV,SELL,92.16950988769531,-47.93727087475321,-4418.354761879695,4.204998634620307,0.0009526180261560935,REDUCE
2020-02-21,QQQ,BUY,221.672,0.0606,13.44,0.0,0.0,ADD
2020-02-21,TQQQ,BUY,12.8813,381.063,4908.59,0.0,0.0,OPEN
2020-02-27,QQQ,SELL,197.961669921875,-11.129167720227708,-2203.1486267369037,170.580433407179,0.08392359674178329,REDUCE
2020-02-27,TQQQ,SELL,9.031440734863281,-381.0629915981996,-3441.547824868844,-1467.0374246988845,-0.2988717420825233,CLOSE
2020-02-27,QLD,SELL,13.882168769836426,-640.1658838595026,-8886.89084042912,442.42548617969237,0.052392362052507524,REDUCE
2020-02-27,GLD,SELL,154.0,-23.392978730318905,-3602.5187244691115,302.08244565376367,0.09152803451857361,REDUCE
2020-02-27,SHV,BUY,92.2362,196.3203,18107.84,0.0,0.0,ADD
2020-03-02,SHV,SELL,92.32793426513672,-158.9539507302218,-14675.889914203699,22.528276282375586,0.0015374135190981963,REDUCE
2020-03-02,QQQ,BUY,208.3392,10.0398,2091.67,0.0,0.0,ADD
2020-03-02,QLD,BUY,15.3414,505.777,7759.31,0.0,0.0,ADD
2020-03-02,GLD,BUY,149.2,32.5146,4851.17,0.0,0.0,ADD
2020-03-03,QQQ,SELL,201.6582794189453,-10.309429912156878,-2078.9818978757644,69.7581144372868,0.034718937239487824,REDUCE
2020-03-03,QLD,SELL,14.362398147583008,-672.74934119489,-9662.293891765177,-299.56124744455735,-0.030070829504987295,CLOSE
2020-03-03,GLD,SELL,153.88999938964844,-17.904214709787297,-2755.2795907613017,180.46385230477628,0.07008806479214535,REDUCE
2020-03-03,SHV,BUY,92.4114,156.5872,14470.45,0.0,0.0,ADD
2020-03-04,SHV,SELL,92.4448013305664,-157.42937105156878,-14553.526930458298,21.42800969933158,0.001474529578705308,REDUCE
2020-03-04,QQQ,BUY,210.0719,10.0282,2106.63,0.0,0.0,ADD
2020-03-04,QLD,BUY,15.5414,660.6696,10267.71,0.0,0.0,OPEN
2020-03-04,GLD,BUY,154.16,14.3052,2205.29,0.0,0.0,ADD
2020-03-05,QQQ,SELL,203.6894989013672,-10.215333055443274,-2080.756071173813,15.010520596918445,0.007266393768935675,REDUCE
2020-03-05,QLD,SELL,14.605598449707031,-660.6695888193831,-9649.474722228962,-618.2310237325252,-0.06021121358836068,CLOSE
2020-03-05,GLD,SELL,157.49000549316406,-16.690036893037046,-2628.5140019655155,201.81039080523485,0.08316235648932135,REDUCE
2020-03-05,SHV,BUY,92.5283,154.9023,14332.84,0.0,0.0,ADD
2020-04-30,QQQ,SELL,211.1852569580078,-0.3175868493588678,-67.06966038833662,2.8472197274092466,0.04433372039598438,REDUCE
2020-04-30,GLD,SELL,158.8000030517578,-14.68226090799543,-2331.5430769963787,196.76675542369983,0.09217207134785088,REDUCE
2020-04-30,QLD,BUY,14.443,159.1715,2298.91,0.0,0.0,OPEN
2020-04-30,SHV,BUY,92.6986,1.074,99.56,0.0,0.0,ADD
2020-05-26,SHV,SELL,92.69107055664062,-155.59958135102204,-14422.691773591327,40.79769663969569,0.0028367401693687455,REDUCE
2020-05-26,QQQ,BUY,220.9578,9.6193,2125.45,0.0,0.0,ADD
2020-05-26,QLD,BUY,15.7146,645.6733,10146.53,0.0,0.0,ADD
2020-05-26,GLD,BUY,160.89,13.5295,2176.77,0.0,0.0,ADD
2020-05-28,QQQ,SELL,221.87429809570312,-0.009558264432827007,-2.1207332120466162,0.10110833984445337,0.05006293061453859,REDUCE
2020-05-28,QLD,SELL,15.802302360534668,-1.5317645129650996,-24.20540597901163,0.5195100195025494,0.02193330665602211,REDUCE
2020-05-28,GLD,SELL,161.72000122070312,-0.11210301545835878,-18.129299796770283,1.5180996733812373,0.09139012606582897,REDUCE
2020-05-28,SHV,SELL,92.69107055664062,-47.034232549798105,-4359.653367850779,12.332220527757606,0.0028367401693687455,REDUCE
2020-05-28,TQQQ,BUY,9.4686,465.1279,4404.11,0.0,0.0,OPEN
2020-05-29,TQQQ,SELL,9.859301567077637,-465.1278506810011,-4585.835747110647,181.72694027203931,0.04126304508868106,CLOSE
2020-05-29,QLD,SELL,16.23196029663086,-8.441446195774915,-137.02121949596403,6.489917426640043,0.049719242233508876,REDUCE
2020-05-29,QQQ,BUY,225.1254,0.0341,7.68,0.0,0.0,ADD
2020-05-29,GLD,BUY,162.91,0.6754,110.04,0.0,0.0,ADD
2020-05-29,SHV,BUY,92.6743,49.6917,4605.14,0.0,0.0,ADD
2020-06-04,QQQ,SELL,226.73641967773438,-0.07945236570721484,-18.014744935379895,1.224878668953636,0.0729534499868505,REDUCE
2020-06-04,QLD,SELL,16.51469612121582,-650.9249013096836,-10749.826942861822,684.48115414778,0.06800373961471529,REDUCE
2020-06-04,GLD,BUY,161.28,1.0081,162.58,0.0,0.0,ADD
2020-06-04,SHV,BUY,92.6668,114.4451,10605.26,0.0,0.0,ADD
2020-06-09,QQQ,SELL,234.7146453857422,-0.526234032236327,-123.51483426625873,12.31110927399133,0.11070770583312184,REDUCE
2020-06-09,SHV,SELL,92.66680908203125,-112.98702088348527,-10470.146692957407,8.91915053239445,0.0008525911989030188,REDUCE
2020-06-09,QLD,BUY,17.6827,593.6191,10496.77,0.0,0.0,ADD
2020-06-09,GLD,BUY,161.26,0.6008,96.89,0.0,0.0,ADD
2020-06-29,GLD,SELL,166.6300048828125,-1.917392439956498,-319.49511163221905,34.6130754961021,0.12149967742986756,REDUCE
2020-06-29,SHV,SELL,92.6751937866211,-48.16807162144014,-4463.985371844809,4.206243485099515,0.0009431506278756441,REDUCE
2020-06-29,QQQ,BUY,234.6782,0.1526,35.82,0.0,0.0,ADD
2020-06-29,TQQQ,BUY,10.9993,414.5681,4559.94,0.0,0.0,OPEN
2020-06-29,QLD,BUY,17.5654,10.6871,187.72,0.0,0.0,ADD
2020-06-30,TQQQ,SELL,11.631763458251953,-414.56811552304384,-4822.158257097316,262.21934627071096,0.057505012983425585,CLOSE
2020-06-30,QLD,SELL,18.234567642211914,-147.3773417316098,-2687.3621067344193,144.5116041662275,0.05683055453723118,REDUCE
2020-06-30,QQQ,BUY,239.2783,0.0304,7.28,0.0,0.0,ADD
2020-06-30,USD,BUY,3.736,659.8573,2465.26,0.0,0.0,OPEN
2020-06-30,GLD,BUY,167.37,1.2622,211.25,0.0,0.0,ADD
2020-06-30,SHV,BUY,92.6919,52.062,4825.73,0.0,0.0,ADD
2020-07-16,QQQ,SELL,250.4110870361328,-0.2472413045509783,-61.91196383284205,9.608856485058139,0.18371483019479284,REDUCE
2020-07-16,USD,SELL,3.9020814895629883,-7.08207511607989,-27.63483421814999,1.1758566985695618,0.04444074596984682,REDUCE
2020-07-16,QLD,SELL,19.943321228027344,-33.22644240558593,-662.6456141591498,89.3561601841789,0.15586569675164497,REDUCE
2020-07-16,SHV,SELL,92.68355560302734,-47.28304789774881,-4382.360998911607,2.6800992499291403,0.0006119393881267587,REDUCE
2020-07-16,TQQQ,BUY,13.2601,362.8441,4811.34,0.0,0.0,OPEN
2020-07-16,GLD,BUY,168.73,1.9155,323.21,0.0,0.0,ADD
2020-07-20,USD,SELL,4.1267499923706055,-13.909958900781472,-57.40292278767538,5.434638941261438,0.10457607099982114,REDUCE
2020-07-20,TQQQ,SELL,14.456023216247559,-362.84406170591717,-5245.2821798983005,433.9380034036728,0.09019059694869402,CLOSE
2020-07-20,QLD,SELL,21.156986236572266,-13.813240580398563,-292.2465408419539,53.91271462918168,0.22620672644700957,REDUCE
2020-07-20,QQQ,BUY,257.8137,0.1023,26.36,0.0,0.0,ADD
2020-07-20,GLD,BUY,170.94,1.7075,291.88,0.0,0.0,ADD
2020-07-20,SHV,BUY,92.6919,56.9272,5276.69,0.0,0.0,ADD
2020-07-27,GLD,SELL,182.22999572753906,-4.9711411585121,-905.8910320766536,161.0863799147312,0.21628003993684852,REDUCE
2020-07-27,SHV,SELL,92.69192504882812,-53.701985371208536,-4977.740403001326,2.154530691550975,0.00043302050187521424,REDUCE
2020-07-27,QQQ,BUY,251.3774,0.4995,125.57,0.0,0.0,ADD
2020-07-27,USD,BUY,3.8539,45.3949,174.95,0.0,0.0,ADD
2020-07-27,TQQQ,BUY,13.3411,373.3715,4981.18,0.0,0.0,OPEN
2020-07-27,QLD,BUY,20.0754,29.9836,601.93,0.0,0.0,ADD
2020-07-30,USD,SELL,4.0181193351745605,-22.44586020507645,-90.1901448846429,6.155769757804273,0.07325299615202674,REDUCE
2020-07-30,TQQQ,SELL,13.4923677444458,-373.3714893587459,-5037.665439719632,56.48343335533061,0.01133936348504494,CLOSE
2020-07-30,QQQ,BUY,252.3535,0.0892,22.5,0.0,0.0,ADD
2020-07-30,QLD,BUY,20.231,0.3773,7.63,0.0,0.0,ADD
2020-07-30,SHV,BUY,92.6836,55.0007,5097.66,0.0,0.0,ADD
2020-08-11,QQQ,SELL,256.27703857421875,-0.22429335057154748,-57.48123565636524,9.71418852850786,0.2033658999792478,REDUCE
2020-08-11,USD,SELL,4.096507549285889,-9.999838836625075,-40.96441528587684,3.5263220104483204,0.09419074803050198,REDUCE
2020-08-11,QLD,SELL,20.833505630493164,-584.1967546981901,-12170.866378320577,2005.408949288939,0.19727680365486266,CLOSE
2020-08-11,TQQQ,BUY,14.076,358.3139,5043.64,0.0,0.0,OPEN
2020-08-11,GLD,BUY,179.94,1.9214,345.74,0.0,0.0,ADD
2020-08-11,SHV,BUY,92.6886,74.2269,6879.99,0.0,0.0,ADD
2020-08-12,QQQ,SELL,262.7229309082031,-0.22600257703027987,-59.376059430202076,11.24500373678355,0.2336330166620717,REDUCE
2020-08-12,USD,SELL,4.400179862976074,-36.86493136787778,-162.21232865493084,24.194830404061253,0.17530262981642486,REDUCE
2020-08-12,TQQQ,SELL,15.129033088684082,-358.31391281230464,-5420.94304307322,377.30197776252413,0.07480746010209627,CLOSE
2020-08-12,SHV,SELL,92.6801986694336,-71.59352190211418,-6635.301833332387,0.6023437853817869,9.078689793429184e-05,REDUCE
2020-08-12,QLD,BUY,21.8817,549.5988,12026.17,0.0,0.0,OPEN
2020-08-12,GLD,BUY,179.1,1.4051,251.66,0.0,0.0,ADD
2020-08-31,USD,SELL,4.747677326202393,-614.9495434753725,-2919.5820043165386,617.2910629874041,0.26812035434193904,CLOSE
2020-08-31,GLD,SELL,184.8300018310547,-49.40057301642585,-9130.70800108114,1667.2484177509352,0.22338814850351296,REDUCE
2020-08-31,SHV,SELL,92.68859100341797,-93.64581389224001,-8679.898543040032,1.5737851304587336,0.00018134665092173208,REDUCE
2020-08-31,SMH,BUY,84.4893,75.9182,6414.27,0.0,0.0,OPEN
2020-08-31,QQQ,BUY,284.9692,22.1866,6322.49,0.0,0.0,ADD
2020-08-31,QLD,BUY,25.7203,61.397,1579.15,0.0,0.0,ADD
2020-08-31,XLK,BUY,58.9968,108.7224,6414.27,0.0,0.0,OPEN
2020-09-04,SMH,SELL,82.58146667480469,-1.6415526988372722,-135.5618294939659,-3.1318023111674864,-0.02258072177075665,REDUCE
2020-09-04,QQQ,SELL,274.04901123046875,-0.23358364252474273,-64.01336627351702,5.306754289440614,0.09039449067304406,REDUCE
2020-09-04,GLD,SELL,181.63999938964844,-0.7941073320691,-144.24165531234667,24.267581818234973,0.20227355053861706,REDUCE
2020-09-04,SHV,SELL,92.68355560302734,-58.82204623239734,-5451.836392664244,0.692354160499072,0.00012701079912935676,CLOSE
2020-09-04,TQQQ,BUY,16.8717,309.0257,5213.79,0.0,0.0,OPEN
2020-09-04,QLD,BUY,23.646,24.5435,580.36,0.0,0.0,ADD
2020-09-04,XLK,BUY,56.4039,0.0267,1.51,0.0,0.0,ADD
2020-09-08,SMH,SELL,78.91995239257812,-1.74029109071127,-137.3436900281613,-9.692278990576678,-0.06591774145645624,REDUCE
2020-09-08,QQQ,SELL,260.8771667480469,-0.811909871205763,-211.8087468549311,7.751316892260495,0.037985957647699964,REDUCE
2020-09-08,QLD,SELL,21.391569137573242,-515.1154908753899,-11019.128636895883,-478.6034074151834,-0.04162589679170603,REDUCE
2020-09-08,GLD,SELL,181.2899932861328,-1.8636757276971407,-337.8657601617433,56.30083852660002,0.19995686323296913,REDUCE
2020-09-08,XLK,SELL,53.854007720947266,-2.4512078740950334,-132.00736777716065,-12.604557281350381,-0.087161257802567,REDUCE
2020-09-08,TQQQ,BUY,14.487,26.8534,389.03,0.0,0.0,ADD
2020-09-08,SHV,BUY,92.6836,123.5292,11449.13,0.0,0.0,OPEN
2020-09-09,SMH,SELL,81.17949676513672,-0.052200905107724266,-4.237643207329711,-0.1727745136691525,-0.039174183625859116,REDUCE
2020-09-09,QQQ,SELL,268.54058837890625,-0.058564451473361784,-15.726932256744476,1.007919865529054,0.06847741130584262,REDUCE
2020-09-09,TQQQ,SELL,15.731764793395996,-17.949699536670128,-282.38045122302356,-17.039396670497652,-0.0569080399658648,REDUCE
2020-09-09,XLK,SELL,55.61125183105469,-0.48784750026668744,-27.129810192481273,-1.6513335424596574,-0.05737553579064003,REDUCE
2020-09-09,SHV,SELL,92.68355560302734,-123.52923257640775,-11449.128496094785,0.0,0.0,CLOSE
2020-09-09,QLD,BUY,22.6386,516.3811,11690.13,0.0,0.0,ADD
2020-09-09,GLD,BUY,183.05,0.4833,88.47,0.0,0.0,ADD
2020-09-10,SMH,SELL,80.15812683105469,-1.1358433973948079,-91.04707910858906,-4.9195298575137745,-0.05126293312345176,REDUCE
2020-09-10,QQQ,SELL,263.1867980957031,-0.33577676674060775,-88.37201211338834,3.981186860200794,0.047175588676334534,REDUCE
2020-09-10,QLD,SELL,21.710113525390625,-518.2603624455327,-11251.491304402607,-450.02806602281936,-0.038458942960879594,REDUCE
2020-09-10,GLD,SELL,182.4600067138672,-0.6806824317004094,-124.19732105806816,20.974597786996842,0.20319748522731595,REDUCE
2020-09-10,XLK,SELL,54.35539627075195,-0.5923632511931071,-32.19813925483231,-2.7490355622278573,-0.07866259795300701,REDUCE
2020-09-10,TQQQ,BUY,14.8217,10.0538,149.01,0.0,0.0,ADD
2020-09-10,SHV,BUY,92.6836,123.4123,11438.29,0.0,0.0,OPEN
2020-09-15,SMH,SELL,83.5257568359375,-1.1669492360205715,-97.4703181277373,-1.1244012440852817,-0.011404274501202405,REDUCE
2020-09-15,TQQQ,SELL,15.892571449279785,-327.98330731415257,-5212.498145661259,-239.91454865146613,-0.04400153878698787,CLOSE
2020-09-15,SHV,SELL,92.68355560302734,-69.65241652262802,-6455.633619660214,0.0,0.0,REDUCE
2020-09-15,QQQ,BUY,269.6809,0.0116,3.12,0.0,0.0,ADD
2020-09-15,QLD,BUY,22.8139,510.9745,11657.32,0.0,0.0,ADD
2020-09-15,GLD,BUY,183.45,0.5179,95.01,0.0,0.0,ADD
2020-09-15,XLK,BUY,55.616,0.1827,10.16,0.0,0.0,ADD
2020-09-16,SMH,SELL,82.49956512451172,-0.33240196005280354,-27.42301715089161,-0.661390429518517,-0.02355009368187133,REDUCE
2020-09-16,QQQ,SELL,265.38043212890625,-0.04157640327002695,-11.033563866165423,0.5839409665609417,0.05588153488132508,REDUCE
2020-09-16,QLD,SELL,22.060749053955078,-511.9741442084404,-11294.533117495812,-362.8900755420748,-0.03112952747214337,REDUCE
2020-09-16,GLD,SELL,183.97000122070312,-0.5362282240361119,-98.64990703049898,17.007893338035903,0.20832280548717064,REDUCE
2020-09-16,XLK,SELL,54.756507873535156,-0.16160288769920364,-8.848809792687462,-0.6841977482664567,-0.07177144729269691,REDUCE
2020-09-16,SHV,BUY,92.6836,123.436,11440.49,0.0,0.0,ADD
2020-09-21,SHV,SELL,92.68355560302734,-54.77218115043446,-5076.4804971553785,0.0,0.0,REDUCE
2020-09-21,SMH,BUY,81.1072,0.0996,8.08,0.0,0.0,ADD
2020-09-21,QQQ,BUY,258.5191,0.428,110.66,0.0,0.0,ADD
2020-09-21,TQQQ,BUY,14.0391,343.4926,4822.33,0.0,0.0,OPEN
2020-09-21,QLD,BUY,21.0187,3.9183,82.36,0.0,0.0,ADD
2020-09-21,GLD,BUY,179.52,0.2378,42.68,0.0,0.0,ADD
2020-09-21,XLK,BUY,53.8106,0.1928,10.37,0.0,0.0,ADD
2020-09-22,QQQ,SELL,263.32208251953125,-0.15835261766157258,-41.6977410550644,1.8861257578498647,0.04737626805064177,REDUCE
2020-09-22,TQQQ,SELL,14.806224822998047,-13.039192428936573,-193.0612146131689,10.002493220940588,0.05464089962427354,REDUCE
2020-09-22,XLK,SELL,54.662437438964844,-0.12710314697246863,-6.94776781967812,-0.5488848182568156,-0.0732173204183586,REDUCE
2020-09-22,SHV,SELL,92.68355560302734,-122.42371567679723,-11346.665259059646,0.0,0.0,CLOSE
2020-09-22,SMH,BUY,81.7721,0.4446,36.36,0.0,0.0,ADD
2020-09-22,QLD,BUY,21.7718,526.2856,11458.21,0.0,0.0,ADD
2020-09-22,GLD,BUY,178.65,0.5251,93.81,0.0,0.0,ADD
2020-09-23,SMH,SELL,79.90278625488281,-1.578746056805018,-126.14620872763044,-7.2062818770989105,-0.05403934972957558,REDUCE
2020-09-23,QQQ,SELL,255.28170776367188,-0.5940268748696632,-151.64419507424464,2.2992093850275293,0.015395290135901352,REDUCE
2020-09-23,QLD,SELL,20.433481216430664,-526.6578769266732,-10761.45383566643,-797.8107600364095,-0.06901916237240524,REDUCE
2020-09-23,GLD,SELL,174.7899932861328,-0.6485290414044141,-113.3563867929397,14.134570867891698,0.1424542650838898,REDUCE
2020-09-23,XLK,SELL,52.95871353149414,-1.4789260645308233,-78.32202178574789,-8.906306127936617,-0.10210336872156622,REDUCE
2020-09-23,TQQQ,BUY,13.4352,17.4162,233.99,0.0,0.0,ADD
2020-09-23,SHV,BUY,92.6836,118.6503,10996.93,0.0,0.0,OPEN
2020-09-24,SMH,SELL,80.60136413574219,-0.22916070289441137,-18.47066525959508,-0.8859312924458118,-0.04576895995450203,REDUCE
2020-09-24,TQQQ,SELL,13.631732940673828,-3.169754838804853,-43.20925144999637,-1.1954615152657408,-0.026921951194706528,REDUCE
2020-09-24,XLK,SELL,53.255435943603516,-0.022641328950006298,-1.2057738435751162,-0.12963115970291333,-0.09707254307472768,REDUCE
2020-09-24,SHV,SELL,92.68355560302734,-118.65030478787557,-10996.932121123207,0.0,0.0,CLOSE
2020-09-24,QQQ,BUY,256.4704,0.0288,7.4,0.0,0.0,ADD
2020-09-24,QLD,BUY,20.6384,535.1491,11044.64,0.0,0.0,ADD
2020-09-24,GLD,BUY,175.44,0.0444,7.78,0.0,0.0,ADD
2020-09-25,TQQQ,SELL,14.587050437927246,-344.6999379689913,-5028.155381104069,199.29555343742462,0.0412717619790024,CLOSE
2020-09-25,QLD,SELL,21.61627769470215,-9.970278179414008,-215.52030181964255,7.339513750792585,0.03525548067560025,REDUCE
2020-09-25,SMH,BUY,81.536,1.3472,109.85,0.0,0.0,ADD
2020-09-25,QQQ,BUY,262.433,0.3203,84.05,0.0,0.0,ADD
2020-09-25,GLD,BUY,174.94,0.9217,161.25,0.0,0.0,ADD
2020-09-25,XLK,BUY,54.5284,0.7668,41.81,0.0,0.0,ADD
2020-09-25,SHV,BUY,92.6836,52.2932,4846.72,0.0,0.0,OPEN
2020-09-30,SMH,SELL,83.92562866210938,-0.10638975692716704,-8.928827233321499,-0.05162519059047058,-0.005748618015391949,REDUCE
2020-09-30,QQQ,SELL,268.50201416015625,-21.644212484138166,-5811.514646901496,367.93874668376134,0.06759136887740369,REDUCE
2020-09-30,QLD,SELL,22.63115882873535,-128.38176933450552,-2905.4282125232603,224.79910340631616,0.08386057684808534,REDUCE
2020-09-30,USD,BUY,4.7003,561.0439,2637.09,0.0,0.0,OPEN
2020-09-30,XLY,BUY,70.1791,83.5035,5860.2,0.0,0.0,OPEN
2020-09-30,GLD,BUY,177.12,0.4181,74.06,0.0,0.0,ADD
2020-09-30,XLK,BUY,55.8493,0.3592,20.06,0.0,0.0,ADD
2020-09-30,SHV,BUY,92.6836,1.4507,134.46,0.0,0.0,ADD
2020-10-02,SMH,SELL,83.41976165771484,-0.309654157367889,-25.831276003949824,-0.30690222323231137,-0.011741530743452966,REDUCE
2020-10-02,QLD,SELL,22.003955841064453,-517.8880209419551,-11395.585143423043,582.0116010396985,0.05382231865890841,CLOSE
2020-10-02,XLY,SELL,70.79505920410156,-1.5903390092702507,-112.58814431587962,0.979571758838077,0.008776850526758917,REDUCE
2020-10-02,GLD,SELL,178.5399932861328,-0.5148187721111874,-91.91574011630655,12.577787076440758,0.15853430287167436,REDUCE
2020-10-02,QQQ,BUY,265.0905,0.0427,11.31,0.0,0.0,ADD
2020-10-02,USD,BUY,4.5775,9.0451,41.4,0.0,0.0,ADD
2020-10-02,XLK,BUY,55.007,0.4949,27.23,0.0,0.0,ADD
2020-10-02,SHV,BUY,92.6861,124.5709,11545.98,0.0,0.0,ADD
2020-10-05,SMH,SELL,86.26224517822266,-1.272008965239092,-109.72634922835186,2.3549600546804,0.021932845172295323,REDUCE
2020-10-05,QQQ,SELL,270.7439270019531,-0.11239212437407477,-30.429485117128934,2.159069109315974,0.07637203176349727,REDUCE
2020-10-05,USD,SELL,4.8799729347229,-27.23457640326837,-132.9039957365926,4.945588771812807,0.03864997141746285,REDUCE
2020-10-05,XLK,SELL,56.21299362182617,-0.6985165637914633,-39.26570714514946,-1.8902933899338372,-0.045929958337969756,REDUCE
2020-10-05,SHV,SELL,92.68605041503906,-124.3272942472482,-11523.405862565844,0.09348586430199403,8.112759703582384e-06,REDUCE
2020-10-05,QLD,BUY,22.9571,512.8627,11773.84,0.0,0.0,OPEN
2020-10-05,XLY,BUY,71.7309,0.1563,11.21,0.0,0.0,ADD
2020-10-05,GLD,BUY,179.41,0.2824,50.67,0.0,0.0,ADD
2020-10-06,SMH,SELL,85.50585174560547,-0.634680962907705,-54.26893632014435,0.6949611896509694,0.012971992239855457,REDUCE
2020-10-06,USD,SELL,4.860218048095703,-7.597570276658346,-36.92584818029036,1.2295709550093872,0.03444535538676785,REDUCE
2020-10-06,QLD,SELL,22.105195999145508,-512.862662467593,-11336.929674489751,-436.9146012608061,-0.037108916257766134,CLOSE
2020-10-06,GLD,SELL,177.3000030517578,-0.17572347032888722,-31.155771825577176,4.030266134338084,0.14857847002792535,REDUCE
2020-10-06,XLK,SELL,55.34201431274414,-0.2651701725345916,-14.6750514837222,-0.9485490555198091,-0.06071257730491286,REDUCE
2020-10-06,XLY,BUY,70.4035,0.0433,3.05,0.0,0.0,ADD
2020-10-06,SHV,BUY,92.6945,123.7497,11470.91,0.0,0.0,ADD
2020-10-12,SMH,SELL,91.50880432128906,-1.9307114416052582,-176.6770955107295,13.704054247853737,0.08408785981817135,REDUCE
2020-10-12,QQQ,SELL,284.6310119628906,-0.5335399602030954,-151.86201879524742,17.658695246246783,0.131581653712169,REDUCE
2020-10-12,USD,SELL,5.39729118347168,-34.15426008096312,-184.340486812981,23.870771906883256,0.14875561984298247,REDUCE
2020-10-12,XLY,SELL,74.21379089355469,-1.1276745157171673,-83.6890007054244,4.546344183617084,0.057444927721934214,REDUCE
2020-10-12,XLK,SELL,59.084434509277344,-2.737647267116475,-161.75234066344547,0.4524972084062083,0.0028053170958739493,REDUCE
2020-10-12,SHV,SELL,92.69445037841797,-122.62397511057918,-11366.561976091942,0.3408797597010654,2.9990597298024113e-05,REDUCE
2020-10-12,QLD,BUY,25.2881,475.3388,12020.43,0.0,0.0,OPEN
2020-10-12,GLD,BUY,180.56,0.5785,104.45,0.0,0.0,ADD
2020-10-19,SMH,SELL,89.39379119873047,-0.9006811624010614,-80.51530376831033,4.48801917178893,0.05903169099892169,REDUCE
2020-10-19,USD,SELL,5.204067707061768,-0.3684731426168431,-1.9175591824118783,0.18633209665118103,0.10763007244038536,REDUCE
2020-10-19,XLY,SELL,72.08423614501953,-0.6515312273324594,-46.965130846887405,1.2392485827029693,0.02710168773875421,REDUCE
2020-10-19,GLD,SELL,178.38999938964844,-0.7013643091989222,-125.11637868991693,16.474821338179968,0.15164382525225806,REDUCE
2020-10-19,SHV,SELL,92.67768096923828,-55.11314434333229,-5107.7584086629295,-0.7710070201813599,-0.00015092543419914506,CLOSE
2020-10-19,TQQQ,BUY,16.425,299.675,4922.17,0.0,0.0,OPEN
2020-10-19,QLD,BUY,23.4436,18.6806,437.94,0.0,0.0,ADD
2020-10-19,XLK,BUY,56.9021,0.038,2.16,0.0,0.0,ADD
2020-10-22,QQQ,SELL,274.6288757324219,-0.022294074427555707,-6.12259659553456,0.5148837590155128,0.09181706945877122,REDUCE
2020-10-22,TQQQ,SELL,16.496496200561523,-1.2457804808020818,-20.55101296828525,0.08904100791377337,0.00435153601452587,REDUCE
2020-10-22,QLD,SELL,23.537397384643555,-494.0194262044279,-11627.93155030721,-830.4390080321598,-0.0666571125127019,CLOSE
2020-10-22,XLY,SELL,72.41371154785156,-0.35140849142927155,-25.44679313382494,0.7841789234239085,0.03179626120466961,REDUCE
2020-10-22,GLD,SELL,178.8300018310547,-0.06303552670619443,-11.272643356290246,1.5084199704868375,0.1544843773934943,REDUCE
2020-10-22,SMH,BUY,88.859,0.4013,35.66,0.0,0.0,ADD
2020-10-22,USD,BUY,5.096,10.7052,54.55,0.0,0.0,ADD
2020-10-22,XLK,BUY,56.7442,0.3082,17.49,0.0,0.0,ADD
2020-10-22,SHV,BUY,92.6777,124.9882,11583.62,0.0,0.0,OPEN
2020-10-27,QQQ,SELL,273.15997314453125,-0.1416708940893572,-38.698817624810545,3.0638019650408417,0.08597728689929363,REDUCE
2020-10-27,XLY,SELL,71.61156463623047,-0.17244537112357547,-12.349082840434676,0.24649066034169909,0.020366765786518082,REDUCE
2020-10-27,GLD,SELL,179.02000427246094,-0.3924767233347389,-70.26118468822642,9.466413856368474,0.15571098840967812,REDUCE
2020-10-27,SHV,SELL,92.67768096923828,-124.98820666705717,-11583.617142406745,0.0,0.0,CLOSE
2020-10-27,SMH,BUY,86.4501,0.9312,80.5,0.0,0.0,ADD
2020-10-27,USD,BUY,4.7423,30.8886,146.48,0.0,0.0,ADD
2020-10-27,TQQQ,BUY,16.2106,1.2514,20.29,0.0,0.0,ADD
2020-10-27,QLD,BUY,23.2485,491.6709,11430.6,0.0,0.0,OPEN
2020-10-27,XLK,BUY,55.7296,0.4854,27.05,0.0,0.0,ADD
2020-10-30,SMH,SELL,84.2869644165039,-2.5400721059985933,-214.09496721365758,-0.45629355124568843,-0.002126734420571319,REDUCE
2020-10-30,QQQ,SELL,260.3262939453125,-0.289246002594157,-75.29833989383314,2.5431991980500146,0.034955594528833345,REDUCE
2020-10-30,USD,SELL,4.462040901184082,-1.9498713335431024,-8.700405642315673,-0.48101597367786475,-0.05239014106921758,REDUCE
2020-10-30,QLD,SELL,21.112533569335938,-491.6709082705847,-10380.418555928609,-1050.1854578217456,-0.09187488750012096,CLOSE
2020-10-30,XLY,SELL,68.26445007324219,-1.3179890699670107,-89.9717990638419,-2.5275478754279734,-0.027325034814434157,REDUCE
2020-10-30,GLD,SELL,176.1999969482422,-1.2883824253718492,-227.0129794186887,27.442126837271342,0.13750568523565332,REDUCE
2020-10-30,XLK,SELL,53.054439544677734,-1.5597450923376557,-82.75140170653594,-9.112543042097647,-0.09919607814613463,REDUCE
2020-10-30,TQQQ,BUY,13.9903,25.8646,361.85,0.0,0.0,ADD
2020-10-30,SHV,BUY,92.6945,115.6099,10716.4,0.0,0.0,OPEN
2020-11-02,SMH,SELL,84.94216918945312,-0.25722765120667507,-21.84947466900303,0.12232891607160157,0.0056302340612364166,REDUCE
2020-11-02,USD,SELL,4.483030319213867,-540.3780596818904,-2422.531225391875,-121.96425624410844,-0.04793258904342468,CLOSE
2020-11-02,XLY,SELL,68.75148010253906,-0.26799963625381856,-18.425371659392113,-0.3834272133182516,-0.020385523600582767,REDUCE
2020-11-02,GLD,SELL,177.91000366210938,-0.153834166693355,-27.368637159772334,3.539675200528008,0.1485450858741586,REDUCE
2020-11-02,XLK,SELL,53.18842315673828,-100.99433400008344,-5371.729373229398,-576.5104796069234,-0.09692118910302916,CLOSE
2020-11-02,QQQ,BUY,260.906,20.6384,5384.69,0.0,0.0,ADD
2020-11-02,TQQQ,BUY,13.995,1.0919,15.28,0.0,0.0,ADD
2020-11-02,BIL,BUY,76.6476,31.5744,2420.1,0.0,0.0,OPEN
2020-11-02,SHV,BUY,92.6752,0.4514,41.83,0.0,0.0,ADD
2020-11-04,SMH,SELL,89.89002990722656,-0.600195507895708,-53.95159215492822,3.2551167988357523,0.06420795086782238,REDUCE
2020-11-04,QQQ,SELL,277.26702880859375,-0.5199699820248705,-144.17053198569374,10.743028238465879,0.08051584520998034,REDUCE
2020-11-04,TQQQ,SELL,16.685890197753906,-326.63716906119095,-5450.231937460211,151.10456619741183,0.028514990414620467,CLOSE
2020-11-04,SHV,SELL,92.67517852783203,-64.35684427515092,-5964.282032687496,-1.2354517225317658,-0.00020709883522429529,REDUCE
2020-11-04,QLD,BUY,23.8386,472.956,11274.63,0.0,0.0,OPEN
2020-11-04,XLY,BUY,71.7596,0.3346,24.01,0.0,0.0,ADD
2020-11-04,GLD,BUY,178.82,1.1019,197.04,0.0,0.0,ADD
2020-11-04,BIL,BUY,76.6392,1.5261,116.96,0.0,0.0,ADD
2020-11-09,SMH,SELL,93.87432861328125,-2.136210686430113,-200.5353439651435,20.096885170740325,0.11137805823114078,REDUCE
2020-11-09,QLD,SELL,24.070764541625977,-472.95600999833835,-11384.412755216903,109.78098791648442,0.009736990988466587,CLOSE
2020-11-09,XLY,SELL,72.70018768310547,-0.337814182868346,-24.55915449654367,0.8483488613236929,0.03577899774369353,REDUCE
2020-11-09,QQQ,BUY,278.8906,0.1083,30.2,0.0,0.0,ADD
2020-11-09,GLD,BUY,175.08,0.8119,142.15,0.0,0.0,ADD
2020-11-09,BIL,BUY,76.6476,0.286,21.92,0.0,0.0,ADD
2020-11-09,SHV,BUY,92.6752,123.1747,11415.23,0.0,0.0,ADD
2020-11-12,QQQ,SELL,278.7070617675781,-0.03513147448501945,-9.791390029282411,0.774189707845087,0.08585699332913155,REDUCE
2020-11-12,GLD,SELL,175.9600067138672,-0.1817178686245304,-31.975077383202006,3.545600579786939,0.12471564652083322,REDUCE
2020-11-12,BIL,SELL,76.63920593261719,-0.049394097476978725,-3.7855244083939397,-0.0003955837953342326,-0.00010448815509844778,REDUCE
2020-11-12,SHV,SELL,92.68354797363281,-52.36296920383118,-4853.185768245145,0.14105145831948823,2.9064528878519624e-05,REDUCE
2020-11-12,SMH,BUY,93.1517,0.373,34.74,0.0,0.0,ADD
2020-11-12,TQQQ,BUY,16.8467,286.464,4825.97,0.0,0.0,OPEN
2020-11-12,XLY,BUY,72.0986,0.5274,38.02,0.0,0.0,ADD
2020-11-13,SMH,SELL,94.52472686767578,-0.3197235704565637,-30.221783170564777,3.198827516695991,0.1183744501404318,REDUCE
2020-11-13,TQQQ,SELL,17.288625717163086,-286.463993251814,-4952.568760774544,126.59616059201343,0.026232258464796265,CLOSE
2020-11-13,XLY,SELL,73.26838684082031,-0.5275424653501841,-38.65218542623734,1.61781372310833,0.04368411420819762,REDUCE
2020-11-13,QQQ,BUY,281.152,0.0241,6.77,0.0,0.0,ADD
2020-11-13,GLD,BUY,177.16,0.0708,12.54,0.0,0.0,ADD
2020-11-13,BIL,BUY,76.6476,0.3103,23.78,0.0,0.0,ADD
2020-11-13,SHV,BUY,92.6835,53.7135,4978.35,0.0,0.0,ADD
2020-11-23,SMH,SELL,97.82971954345703,-1.898500704425447,-185.72979146699709,25.268990058871537,0.15747765084757925,REDUCE
2020-11-23,XLY,SELL,74.18992614746094,-0.7740886721508659,-57.42958141845884,3.087249760689999,0.05681113906065982,REDUCE
2020-11-23,SHV,SELL,92.68354797363281,-52.243495205567754,-4842.112494195495,0.09783629162749123,2.0205699185149584e-05,REDUCE
2020-11-23,QQQ,BUY,280.6302,0.1667,46.79,0.0,0.0,ADD
2020-11-23,TQQQ,BUY,17.1886,284.1351,4883.88,0.0,0.0,OPEN
2020-11-23,GLD,BUY,172.23,0.8594,148.02,0.0,0.0,ADD
2020-11-23,BIL,BUY,76.6476,0.086,6.59,0.0,0.0,ADD
2020-11-24,QQQ,SELL,284.572998046875,-0.217872879422038,-62.00073849023465,6.0529081615270215,0.10818843422461,REDUCE
2020-11-24,TQQQ,SELL,17.891347885131836,-284.1351450258509,-5083.560726049885,199.68551573060998,0.04088669491568675,CLOSE
2020-11-24,XLY,SELL,75.29288482666016,-0.5074574746902273,-38.20793719627909,2.5835657464206117,0.072522423309475,REDUCE
2020-11-24,SMH,BUY,98.1381,0.2965,29.1,0.0,0.0,ADD
2020-11-24,GLD,BUY,169.59,0.6781,114.99,0.0,0.0,ADD
2020-11-24,BIL,BUY,76.6476,0.2772,21.25,0.0,0.0,ADD
2020-11-24,SHV,BUY,92.6835,54.1459,5018.43,0.0,0.0,ADD
2020-11-30,SMH,SELL,100.50359344482422,-1.1098641917121754,-111.54533950280893,17.66396659045608,0.18815198417418832,REDUCE
2020-11-30,QQQ,SELL,289.5498352050781,-0.46784176599752125,-135.463506246635,15.32587454989861,0.12756930807980082,REDUCE
2020-11-30,XLY,SELL,75.08756256103516,-76.93884608587382,-5777.150418846905,375.9135298646015,0.06959767504947023,CLOSE
2020-11-30,BIL,SELL,76.63920593261719,-34.01054323451414,-2606.5410268301093,-0.2726394728680702,-0.00010458725009476755,CLOSE
2020-11-30,SHV,SELL,92.67517852783203,-124.74245819682656,-11560.529583391526,-0.8814279843161782,-7.623878983709087e-05,REDUCE
2020-11-30,USD,BUY,5.9819,437.8986,2619.47,0.0,0.0,OPEN
2020-11-30,QLD,BUY,25.8808,449.835,11642.07,0.0,0.0,OPEN
2020-11-30,GLD,BUY,166.67,0.6519,108.66,0.0,0.0,ADD
2020-11-30,XLK,BUY,59.094,98.5047,5821.04,0.0,0.0,OPEN
2020-12-09,SMH,SELL,103.14372253417969,-0.6875071883827112,-70.91205067880037,12.757080715395192,0.21936355092991655,REDUCE
2020-12-09,USD,SELL,6.168951034545898,-7.295943849991451,-45.008320361393544,1.3647018384838088,0.03126921837994345,REDUCE
2020-12-09,QLD,SELL,26.2017765045166,-449.83499381015866,-11786.475971724387,144.40437056201696,0.012403666246787237,CLOSE
2020-12-09,GLD,SELL,172.5,-0.5992626944309397,-103.3728147893371,9.001345042328376,0.09538205843841574,REDUCE
2020-12-09,QQQ,BUY,291.1831,0.3124,90.96,0.0,0.0,ADD
2020-12-09,TQQQ,BUY,19.1147,262.4988,5017.58,0.0,0.0,OPEN
2020-12-09,XLK,BUY,59.5247,0.6648,39.57,0.0,0.0,ADD
2020-12-09,SHV,BUY,92.6852,73.9887,6857.66,0.0,0.0,ADD
2020-12-10,QQQ,SELL,292.3523864746094,-0.0645622876832707,-18.87493888046447,2.277419941745155,0.13721448067953723,REDUCE
2020-12-10,TQQQ,SELL,19.349346160888672,-262.49880936711673,-5079.180329265468,61.5992613106825,0.012276684816134198,CLOSE
2020-12-10,SHV,SELL,92.6936264038086,-73.12352860735497,-6778.085042058372,0.7056284941891642,0.00010411524147180273,REDUCE
2020-12-10,SMH,BUY,103.2208,0.0881,9.09,0.0,0.0,ADD
2020-12-10,USD,BUY,6.1646,1.2875,7.94,0.0,0.0,ADD
2020-12-10,QLD,BUY,26.3722,448.6959,11833.08,0.0,0.0,OPEN
2020-12-10,GLD,BUY,172.17,0.1224,21.08,0.0,0.0,ADD
2020-12-10,XLK,BUY,59.6109,0.0832,4.96,0.0,0.0,ADD
2020-12-11,QQQ,SELL,291.70489501953125,-0.04649842189144997,-13.563817276419286,1.6101138737457368,0.13469581932120067,REDUCE
2020-12-11,QLD,SELL,26.275854110717773,-448.69590909472316,-11789.86824744883,-43.209472187582925,-0.0036515835703402333,CLOSE
2020-12-11,GLD,SELL,172.49000549316406,-0.15489339161612112,-26.717561970719544,2.315522882492086,0.0948905488643852,REDUCE
2020-12-11,XLK,SELL,59.486446380615234,-0.13595110543278466,-8.087248143712713,0.05290163384167069,0.006584435184202597,REDUCE
2020-12-11,SMH,BUY,102.3825,0.2697,27.62,0.0,0.0,ADD
2020-12-11,USD,BUY,6.0615,5.8284,35.33,0.0,0.0,ADD
2020-12-11,TQQQ,BUY,19.2135,260.8413,5011.69,0.0,0.0,OPEN
2020-12-11,SHV,BUY,92.6852,72.9739,6763.6,0.0,0.0,ADD
2020-12-14,SMH,SELL,103.42797088623047,-0.20587669477197226,-21.293408793028902,3.855652825180908,0.2211094611193103,REDUCE
2020-12-14,QQQ,SELL,293.8213195800781,-0.024332850979495113,-7.149510383940651,0.8940790871674738,0.1429284480558004,REDUCE
2020-12-14,USD,SELL,6.224510192871094,-8.647379436868308,-53.825701446410676,2.0841111370297414,0.0402792245960768,REDUCE
2020-12-14,TQQQ,SELL,19.623313903808594,-3.7611903005911618,-73.80701792046057,1.5412050594854398,0.021326890246850194,REDUCE
2020-12-14,SHV,SELL,92.68522644042969,-127.22854671883235,-11792.206662321763,0.0678102106955865,5.750458974995709e-06,CLOSE
2020-12-14,QLD,BUY,26.6191,445.9219,11870.03,0.0,0.0,OPEN
2020-12-14,GLD,BUY,171.54,0.3537,60.68,0.0,0.0,ADD
2020-12-14,XLK,BUY,59.7018,0.2943,17.57,0.0,0.0,ADD
2020-12-15,USD,SELL,6.390570640563965,-3.470823913265197,-22.180545398679897,1.4128723403541361,0.06803228924040261,REDUCE
2020-12-15,TQQQ,SELL,20.233190536499023,-257.08015244666547,-5201.551707605598,262.12968897982233,0.05306889915285096,CLOSE
2020-12-15,QLD,SELL,27.211715698242188,-1.6967937116086496,-46.172668078859715,1.0055715128711928,0.02226336402655571,REDUCE
2020-12-15,SMH,BUY,105.0516,0.1512,15.88,0.0,0.0,ADD
2020-12-15,QQQ,BUY,296.9621,0.2841,84.37,0.0,0.0,ADD
2020-12-15,GLD,BUY,173.94,0.1271,22.11,0.0,0.0,ADD
2020-12-15,XLK,BUY,60.6972,0.1663,10.09,0.0,0.0,ADD
2020-12-15,SHV,BUY,92.6769,55.4341,5137.45,0.0,0.0,OPEN
2020-12-31,QLD,SELL,28.42414665222168,-8.898426866182401,-252.93019021843793,16.06220632591776,0.0678107951187108,REDUCE
2020-12-31,GLD,SELL,178.36000061035156,-0.051254274352916955,-9.141712404869395,1.0548591888768704,0.13044124342343522,REDUCE
2020-12-31,XLK,SELL,62.368778228759766,-99.5772887285106,-6210.513837329657,325.31867306289536,0.055277465569559814,CLOSE
2020-12-31,SMH,BUY,105.9627,0.8532,90.41,0.0,0.0,ADD
2020-12-31,QQQ,BUY,303.7449,0.0291,8.84,0.0,0.0,ADD
2020-12-31,USD,BUY,6.3866,10.3281,65.96,0.0,0.0,ADD
2020-12-31,XLY,BUY,76.9106,80.4427,6186.9,0.0,0.0,OPEN
2020-12-31,SHV,BUY,92.6936,1.2997,120.48,0.0,0.0,ADD
2021-01-06,SMH,SELL,107.70433807373047,-1.4814070573745142,-159.5539665322749,33.540446079964404,0.2661654555763142,REDUCE
2021-01-06,USD,SELL,6.478609085083008,-10.209990629581371,-66.14653805141825,4.95755417355813,0.08102037097811499,REDUCE
2021-01-06,QLD,SELL,27.32036781311035,-435.326720349979,-11893.286118836457,305.2870112952388,0.026345101381356262,CLOSE
2021-01-06,XLY,SELL,77.61376190185547,-1.474389121710562,-114.43288624312936,1.03679233816576,0.009143104514999223,REDUCE
2021-01-06,GLD,SELL,179.89999389648438,-0.5258011164071391,-94.591617632409,11.63119134851721,0.14020168253132037,REDUCE
2021-01-06,QQQ,BUY,297.7424,0.4001,119.14,0.0,0.0,ADD
2021-01-06,TQQQ,BUY,20.3499,256.0047,5209.68,0.0,0.0,OPEN
2021-01-06,SHV,BUY,92.6936,75.509,6999.2,0.0,0.0,ADD
2021-01-07,SMH,SELL,112.14816284179688,-0.8949353028479363,-100.36535007666316,24.239110818162885,0.3184067813445328,REDUCE
2021-01-07,USD,SELL,6.973211765289307,-20.353553242341377,-141.9296369349372,19.949775602404486,0.16354974816718992,REDUCE
2021-01-07,TQQQ,SELL,21.81982421875,-256.0046812956391,-5585.977145047961,376.30180292100306,0.07223133462427422,CLOSE
2021-01-07,SHV,SELL,92.6936264038086,-74.64101489164736,-6918.746348767474,0.5244480468205024,7.580676860996505e-05,REDUCE
2021-01-07,QQQ,BUY,304.9454,0.0257,7.85,0.0,0.0,ADD
2021-01-07,QLD,BUY,28.6538,438.4442,12563.09,0.0,0.0,OPEN
2021-01-07,XLY,BUY,79.111,0.4333,34.28,0.0,0.0,ADD
2021-01-07,GLD,BUY,179.48,0.7901,141.8,0.0,0.0,ADD
2021-01-15,SMH,SELL,113.88978576660156,-1.368163556563213,-155.819854350656,39.43921105694842,0.3388811914144214,REDUCE
2021-01-15,USD,SELL,7.104735374450684,-11.194839203840663,-79.53637010281409,12.445139521819021,0.18549577066998024,REDUCE
2021-01-15,XLY,SELL,79.31192779541016,-0.9358362861134514,-74.22297995255485,2.23604858241655,0.03106186831217128,REDUCE
2021-01-15,SHV,SELL,92.67686462402344,-57.60173042002339,-5338.347772246,-0.5607821151340121,-0.00010503684590668083,CLOSE
2021-01-15,QQQ,BUY,301.9248,0.0242,7.31,0.0,0.0,ADD
2021-01-15,TQQQ,BUY,21.1278,250.3713,5289.78,0.0,0.0,OPEN
2021-01-15,QLD,BUY,28.0414,5.4192,151.96,0.0,0.0,ADD
2021-01-15,GLD,BUY,171.13,1.1621,198.87,0.0,0.0,ADD
2021-01-19,SMH,SELL,117.79996490478516,-0.5140634053253814,-60.55665110616428,16.828670252906072,0.3848490125665649,REDUCE
2021-01-19,USD,SELL,7.524622440338135,-12.839009910649207,-96.60870208539473,19.663874324802364,0.25555810438597537,REDUCE
2021-01-19,TQQQ,SELL,22.043764114379883,-250.3712945312254,-5519.125757658263,229.34163011534793,0.04335557455382899,CLOSE
2021-01-19,QLD,SELL,28.8710880279541,-2.1493594288085656,-62.05434527284524,0.4831186968173075,0.00784650109610463,REDUCE
2021-01-19,QQQ,BUY,306.3298,0.3763,115.28,0.0,0.0,ADD
2021-01-19,XLY,BUY,79.7616,1.4772,117.82,0.0,0.0,ADD
2021-01-19,GLD,BUY,172.58,0.4944,85.32,0.0,0.0,ADD
2021-01-19,SHV,BUY,92.6769,58.482,5419.93,0.0,0.0,OPEN
2021-01-27,QQQ,SELL,309.25360107421875,-0.7227888877158739,-223.52506634256315,36.77724629795401,0.1969353446223303,REDUCE
2021-01-27,QLD,SELL,29.419273376464844,-12.307229765813904,-362.06975698744463,9.512980174079646,0.02698283170178728,REDUCE
2021-01-27,XLY,SELL,79.10145568847656,-0.09091156743290968,-7.191237322864254,0.19331677695885677,0.0276248888067141,REDUCE
2021-01-27,GLD,SELL,172.52000427246094,-0.2845201015787604,-49.08540913996876,3.831901215569213,0.08467633541184871,REDUCE
2021-01-27,SHV,SELL,92.68522644042969,-58.48196533970166,-5420.414200191609,0.4890154572472612,9.022549953718872e-05,CLOSE
2021-01-27,SMH,BUY,109.6837,3.4587,379.36,0.0,0.0,ADD
2021-01-27,USD,BUY,6.6305,47.3522,313.97,0.0,0.0,ADD
2021-01-27,TQQQ,BUY,22.6513,237.0268,5368.96,0.0,0.0,OPEN
2021-02-01,SMH,SELL,114.24393463134766,-1.2291968072437236,-140.42827969581322,34.051028921903594,0.3200969067556976,REDUCE
2021-02-01,USD,SELL,7.103499889373779,-20.803780096932545,-147.77964961711677,21.636688680190257,0.17152513718945395,REDUCE
2021-02-01,TQQQ,SELL,23.13726043701172,-0.4899661433250291,-11.336474263429409,0.23812170648861705,0.021455590392080115,REDUCE
2021-02-01,XLY,SELL,79.5128402709961,-79.85211171229572,-6349.268203881506,202.64958356362575,0.03296927889649104,CLOSE
2021-02-01,QQQ,BUY,312.1484,0.3737,116.66,0.0,0.0,ADD
2021-02-01,QLD,BUY,29.8884,1.4356,42.91,0.0,0.0,ADD
2021-02-01,GLD,BUY,174.23,0.2907,50.64,0.0,0.0,ADD
2021-02-01,XLK,BUY,63.3953,101.5628,6438.6,0.0,0.0,OPEN
2021-02-02,USD,SELL,7.366547584533691,-6.184568482566009,-45.55891801662983,8.059012861263371,0.21490755317577315,REDUCE
2021-02-02,TQQQ,SELL,24.256956100463867,-236.53678386984953,-5737.66238247585,379.8052002275724,0.07088751851877428,CLOSE
2021-02-02,QLD,SELL,30.868751525878906,-4.794233312963562,-147.99199689496345,10.635038056770167,0.07742627782912881,REDUCE
2021-02-02,SMH,BUY,115.8061,0.4244,49.14,0.0,0.0,ADD
2021-02-02,QQQ,BUY,317.2407,0.1875,59.47,0.0,0.0,ADD
2021-02-02,GLD,BUY,172.11,1.0644,183.2,0.0,0.0,ADD
2021-02-02,XLK,BUY,64.2539,0.7778,49.98,0.0,0.0,ADD
2021-02-02,SHV,BUY,92.6769,60.3108,5589.42,0.0,0.0,OPEN
2021-02-19,SMH,SELL,123.15583801269531,-2.317157707021552,-285.37149921581477,84.33306851638895,0.4194873001295758,REDUCE
2021-02-19,USD,SELL,8.183473587036133,-32.84291091905986,-268.769094027507,69.62730297729377,0.3496368221361301,REDUCE
2021-02-19,SHV,SELL,92.68522644042969,-60.310840861113896,-5589.923942025061,0.504308178587195,9.022549953718872e-05,CLOSE
2021-02-19,QQQ,BUY,320.4744,0.3749,120.14,0.0,0.0,ADD
2021-02-19,TQQQ,BUY,24.9717,228.3226,5701.59,0.0,0.0,OPEN
2021-02-19,QLD,BUY,31.4515,0.4977,15.65,0.0,0.0,ADD
2021-02-19,GLD,BUY,167.01,1.6634,277.8,0.0,0.0,ADD
2021-02-19,XLK,BUY,65.2613,0.4425,28.88,0.0,0.0,ADD
2021-02-22,SMH,SELL,118.65380859375,-0.035536736017663155,-4.216569073486426,1.1333738211641742,0.3675971608708599,REDUCE
2021-02-22,QQQ,SELL,312.1678161621094,-0.44778938042635535,-139.78543298827935,23.460283112290092,0.20167851180334084,REDUCE
2021-02-22,QLD,SELL,29.821767807006836,-426.54583993838804,-12720.350997687312,498.22526604461495,0.04076420722417584,CLOSE
2021-02-22,GLD,SELL,169.50999450683594,-1.754215349079081,-297.3570341862023,16.724411491713255,0.05959539319104845,REDUCE
2021-02-22,XLK,SELL,63.82224655151367,-1.5905915722697685,-101.51512748816094,0.6559692110540043,0.00650381405376943,REDUCE
2021-02-22,USD,BUY,7.5623,15.4564,116.89,0.0,0.0,ADD
2021-02-22,TQQQ,BUY,23.0372,9.9696,229.67,0.0,0.0,ADD
2021-02-22,SHV,BUY,92.6852,139.3606,12916.67,0.0,0.0,OPEN
2021-03-01,SMH,SELL,120.40997314453125,-0.72425949442568,-87.20806627346792,24.37074115861591,0.3878386152509177,REDUCE
2021-03-01,QQQ,SELL,313.2810974121094,-0.08652486707150027,-27.10660530959649,4.629479745544314,0.205964046975307,REDUCE
2021-03-01,USD,SELL,7.7716145515441895,-9.866005571476235,-76.67479246490075,16.257898507024155,0.2690952387979322,REDUCE
2021-03-01,TQQQ,SELL,23.108671188354492,-238.29214647628885,-5506.614859687765,-424.6495479887339,-0.07159511341951541,CLOSE
2021-03-01,XLK,SELL,64.70964813232422,-101.19252352740261,-6548.132591080163,131.5307903136928,0.020498512202826946,CLOSE
2021-03-01,GLD,BUY,161.53,1.644,265.56,0.0,0.0,ADD
2021-03-01,XLC,BUY,69.4722,93.0835,6466.71,0.0,0.0,OPEN
2021-03-01,SHV,BUY,92.6852,59.4859,5513.47,0.0,0.0,ADD
2021-03-03,GLD,SELL,160.6199951171875,-0.7646989575261919,-122.82594282397531,0.4349404005573003,0.003553695875883056,REDUCE
2021-03-03,XLC,SELL,67.97672271728516,-0.6138707493214254,-41.7289217108746,-0.9180241474723043,-0.021526140477246547,REDUCE
2021-03-03,SHV,SELL,92.68522644042969,-63.209337596529615,-5858.571768283913,0.0,0.0,REDUCE
2021-03-03,SMH,BUY,113.0311,1.9053,215.36,0.0,0.0,ADD
2021-03-03,QQQ,BUY,299.3108,0.6641,198.77,0.0,0.0,ADD
2021-03-03,USD,BUY,6.8435,38.882,266.09,0.0,0.0,ADD
2021-03-03,TQQQ,BUY,20.0926,265.9141,5342.91,0.0,0.0,OPEN
2021-03-05,QQQ,SELL,298.84613037109375,-0.09135889091196386,-27.302251024035286,3.5076240224101447,0.14741243988277608,REDUCE
2021-03-05,TQQQ,SELL,19.954458236694336,-265.9141208659817,-5306.172219367522,-36.74243289545882,-0.006876851921992944,CLOSE
2021-03-05,XLC,SELL,69.44379425048828,-2.306553050978142,-160.17579549996208,-0.06549827923386112,-0.000408747818300248,REDUCE
2021-03-05,SMH,BUY,110.9935,0.8,88.8,0.0,0.0,ADD
2021-03-05,USD,BUY,6.5694,15.57,102.29,0.0,0.0,ADD
2021-03-05,GLD,BUY,159.14,0.1784,28.39,0.0,0.0,ADD
2021-03-05,SHV,BUY,92.6769,56.9093,5274.18,0.0,0.0,ADD
2021-03-08,GLD,SELL,157.49000549316406,-0.387797828690613,-61.074282170721744,-0.9913489427340316,-0.01597259102903259,REDUCE
2021-03-08,XLC,SELL,68.5162124633789,-0.7755313828543633,-53.1364729996676,-0.7413912455323596,-0.013760590845959708,REDUCE
2021-03-08,SHV,SELL,92.67686462402344,-60.377701141751565,-5595.616035023855,-0.35564796795802567,-6.355428299231747e-05,REDUCE
2021-03-08,SMH,BUY,104.8954,1.9756,207.23,0.0,0.0,ADD
2021-03-08,QQQ,BUY,290.3845,0.2581,74.95,0.0,0.0,ADD
2021-03-08,USD,BUY,5.9087,37.5424,221.83,0.0,0.0,ADD
2021-03-08,TQQQ,BUY,18.2487,285.2707,5205.82,0.0,0.0,OPEN
2021-03-09,SMH,SELL,111.1099853515625,-1.0856279716514692,-120.62410802744125,24.476894048356737,0.25457725747187365,REDUCE
2021-03-09,USD,SELL,6.626187801361084,-34.05790387795936,-225.67406721606267,15.151557159889911,0.07197119754959735,REDUCE
2021-03-09,TQQQ,SELL,20.397571563720703,-285.2707241586255,-5818.830011059992,613.0087463478308,0.11775447430420471,CLOSE
2021-03-09,QQQ,BUY,301.8376,0.0041,1.23,0.0,0.0,ADD
2021-03-09,GLD,BUY,160.84,0.5916,95.16,0.0,0.0,ADD
2021-03-09,XLC,BUY,69.2829,2.507,173.69,0.0,0.0,ADD
2021-03-09,SHV,BUY,92.6852,63.6029,5895.05,0.0,0.0,ADD
2021-03-18,SMH,SELL,112.08995056152344,-0.1158451373349287,-12.985075716665051,2.7254034360823303,0.26564234817133303,REDUCE
2021-03-18,USD,SELL,6.8237810134887695,-9.673454920658813,-66.00953802243112,6.21490068627254,0.10393742588207511,REDUCE
2021-03-18,GLD,SELL,162.55999755859375,-0.13028629910688966,-21.179340464734196,0.32567435652916304,0.015617127215872273,REDUCE
2021-03-18,XLC,SELL,70.75939178466797,-1.3074510921552018,-92.51444406910196,1.689704365222105,0.0186040099947562,REDUCE
2021-03-18,SHV,SELL,92.68522644042969,-57.45656281951067,-5325.37453541512,0.09586653718801642,1.8002163482799816e-05,REDUCE
2021-03-18,QQQ,BUY,302.099,0.2306,69.66,0.0,0.0,ADD
2021-03-18,TQQQ,BUY,20.3428,267.8298,5448.4,0.0,0.0,OPEN
2021-03-19,SMH,SELL,113.3658447265625,-0.2752189843644258,-31.20043264725973,6.826025141400074,0.2800488643573833,REDUCE
2021-03-19,USD,SELL,6.992353439331055,-7.50300224381173,-52.46364354482557,6.085250118606785,0.13120873038190783,REDUCE
2021-03-19,TQQQ,SELL,20.602453231811523,-267.82983591003017,-5517.951668420151,69.54846416499166,0.012764926081585637,CLOSE
2021-03-19,XLC,SELL,71.37461853027344,-0.19572448599110892,-13.969760524649246,0.3733624639652609,0.02746039519429,REDUCE
2021-03-19,QQQ,BUY,303.164,0.1169,35.45,0.0,0.0,ADD
2021-03-19,GLD,BUY,163.24,0.0778,12.71,0.0,0.0,ADD
2021-03-19,SHV,BUY,92.6852,60.0681,5567.42,0.0,0.0,ADD
2021-03-24,QQQ,SELL,302.31585693359375,-0.24273832555807878,-73.38364490171625,10.023225859580933,0.15819380634012825,REDUCE
2021-03-24,GLD,SELL,162.3699951171875,-0.12214166080329333,-19.83214086823591,0.2812082727237041,0.014383368739568692,REDUCE
2021-03-24,SHV,SELL,92.68522644042969,-60.41237368602041,-5599.334534892658,0.07027778856085168,1.2551254117365573e-05,REDUCE
2021-03-24,SMH,BUY,111.2216,0.5783,64.31,0.0,0.0,ADD
2021-03-24,USD,BUY,6.7021,14.1038,94.53,0.0,0.0,ADD
2021-03-24,TQQQ,BUY,20.3356,267.2571,5434.84,0.0,0.0,OPEN
2021-03-24,XLC,BUY,69.6423,1.4197,98.87,0.0,0.0,ADD
2021-03-25,SMH,SELL,111.62908172607422,-0.2947892790239868,-32.90705652013912,6.732246738687451,0.2572032727228506,REDUCE
2021-03-25,USD,SELL,6.7058424949646,-0.8733036298577674,-5.856236592107052,0.4431322441617487,0.08186286752996952,REDUCE
2021-03-25,TQQQ,SELL,20.22604751586914,-267.25711485055115,-5405.555103921343,-29.28630020598195,-0.005388620941862543,CLOSE
2021-03-25,QQQ,BUY,301.7924,0.0098,2.95,0.0,0.0,ADD
2021-03-25,GLD,BUY,161.78,0.0723,11.69,0.0,0.0,ADD
2021-03-25,XLC,BUY,69.301,0.3154,21.86,0.0,0.0,ADD
2021-03-25,SHV,BUY,92.6852,58.3461,5407.83,0.0,0.0,ADD
2021-03-29,SMH,SELL,115.35005187988281,-1.3002438539030425,-149.98319600421473,34.5324724972568,0.29911005707275296,REDUCE
2021-03-29,QQQ,SELL,306.23211669921875,-0.1878301280133618,-57.519617681417,8.48962089051572,0.17315156936928822,REDUCE
2021-03-29,USD,SELL,7.1041178703308105,-20.03906814696083,-142.35990212760134,18.149303194498668,0.14611718605650958,REDUCE
2021-03-29,SHV,SELL,92.68522644042969,-57.19487837161921,-5301.120253106361,0.046760462396984295,8.820942109633023e-06,REDUCE
2021-03-29,TQQQ,BUY,21.1075,259.6323,5480.19,0.0,0.0,OPEN
2021-03-29,GLD,BUY,160.31,0.6407,102.72,0.0,0.0,ADD
2021-03-29,XLC,BUY,69.2441,0.9831,68.07,0.0,0.0,ADD
2021-03-31,SMH,SELL,118.15411376953125,-0.7161927152296547,-84.62111555615411,21.02922323882113,0.330690320298729,REDUCE
2021-03-31,USD,SELL,7.4017438888549805,-12.037774468475424,-89.10052360745249,14.485318669506675,0.19413360429088788,REDUCE
2021-03-31,TQQQ,SELL,21.741212844848633,-259.63234343579705,-5644.722040044502,164.53084553685454,0.030022829441014753,CLOSE
2021-03-31,QQQ,BUY,309.3534,0.0382,11.83,0.0,0.0,ADD
2021-03-31,GLD,BUY,159.96,0.458,73.26,0.0,0.0,ADD
2021-03-31,XLC,BUY,69.5191,0.6689,46.5,0.0,0.0,ADD
2021-03-31,SHV,BUY,92.6769,61.3622,5686.86,0.0,0.0,ADD
2021-04-13,SMH,SELL,122.54940795898438,-0.1698568007528563,-20.81585037006971,5.733994393108674,0.3801915627538077,REDUCE
2021-04-13,QQQ,SELL,330.16558837890625,-1.2153299388141798,-401.2601243230838,83.96045254274613,0.2646093267971321,REDUCE
2021-04-13,USD,SELL,8.149513244628906,-24.126151048041738,-196.61638750793372,47.072324398279726,0.3147722712586971,REDUCE
2021-04-13,XLC,SELL,72.73332977294922,-1.0961016461616815,-79.72312249495008,3.580058160089374,0.047017521442859866,REDUCE
2021-04-13,SHV,SELL,92.68522644042969,-138.66298169211993,-12852.009857039291,0.4335481652701,3.3735018557301544e-05,REDUCE
2021-04-13,QLD,BUY,32.943,409.2584,13482.19,0.0,0.0,OPEN
2021-04-13,GLD,BUY,163.43,0.4175,68.24,0.0,0.0,ADD
2021-04-14,SMH,SELL,121.37539672851562,-0.21338464674238392,-25.899646154131005,6.952883377491198,0.3669694638317673,REDUCE
2021-04-14,QQQ,SELL,326.2010192871094,-0.054063926639915535,-17.635707976603953,3.5206387841677107,0.24942412510838374,REDUCE
2021-04-14,QLD,SELL,32.150325775146484,-409.25841976434435,-13157.79152164532,-324.39643580464866,-0.02406111210053219,CLOSE
2021-04-14,GLD,SELL,162.72000122070312,-0.31965485557433637,-52.0142384892597,0.8329329057921573,0.016274162925246083,REDUCE
2021-04-14,XLC,SELL,71.98429107666016,-0.2925084645403371,-21.056014453858552,0.7362832391670955,0.03623489067782315,REDUCE
2021-04-14,USD,BUY,7.9056,6.3339,50.07,0.0,0.0,ADD
2021-04-14,SHV,BUY,92.6852,142.68,13224.32,0.0,0.0,ADD
2021-04-20,QQQ,SELL,326.10406494140625,-0.14174961431755484,-46.22512543283119,9.216980844675478,0.24905276790410436,REDUCE
2021-04-20,GLD,SELL,166.47999572753906,-0.9222969667061127,-153.5439950767559,5.871084534299652,0.03975735639483924,REDUCE
2021-04-20,XLC,SELL,72.06013488769531,-0.4714182646682271,-33.9704637405157,1.222377483224874,0.037326684485348594,REDUCE
2021-04-20,SHV,SELL,92.67686462402344,-61.56055857808202,-5705.239553520172,-0.45657162159422404,-8.002031856946257e-05,REDUCE
2021-04-20,SMH,BUY,117.7466,1.4597,171.87,0.0,0.0,ADD
2021-04-20,USD,BUY,7.5117,18.2387,137.0,0.0,0.0,ADD
2021-04-20,TQQQ,BUY,25.3433,222.1535,5630.1,0.0,0.0,OPEN
2021-04-21,SMH,SELL,120.85145568847656,-0.7974684774016436,-96.37522635966161,24.96756707546633,0.3496483055983943,REDUCE
2021-04-21,USD,SELL,7.857444763183594,-12.979131038737776,-101.98280521100378,20.39554148038648,0.24998437927429396,REDUCE
2021-04-21,TQQQ,SELL,25.984153747558594,-222.15352478041223,-5772.471343456299,142.36710127061977,0.025286761158680005,CLOSE
2021-04-21,QQQ,BUY,328.8957,0.1214,39.92,0.0,0.0,ADD
2021-04-21,GLD,BUY,168.13,0.0639,10.74,0.0,0.0,ADD
2021-04-21,XLC,BUY,72.1834,0.9275,66.95,0.0,0.0,ADD
2021-04-21,SHV,BUY,92.6769,63.1572,5853.21,0.0,0.0,ADD
2021-04-22,GLD,SELL,167.0399932861328,-0.11325877758986776,-18.91874544820712,0.782686751185251,0.04315638608479899,REDUCE
2021-04-22,XLC,SELL,71.65243530273438,-0.22901514525361233,-16.409492878630772,0.4942475178353355,0.031054973180170586,REDUCE
2021-04-22,SHV,SELL,92.67686462402344,-62.88580277713819,-5828.059030749873,-0.3234754920042567,-5.5500045108236584e-05,REDUCE
2021-04-22,SMH,BUY,118.1784,0.6984,82.53,0.0,0.0,ADD
2021-04-22,QQQ,BUY,324.931,0.0859,27.9,0.0,0.0,ADD
2021-04-22,USD,BUY,7.4882,14.9783,112.16,0.0,0.0,ADD
2021-04-22,TQQQ,BUY,25.0384,225.286,5640.79,0.0,0.0,OPEN
2021-04-23,SMH,SELL,120.89511108398438,-0.5657338538545195,-68.39445710571272,17.535522135294777,0.34478744286513874,REDUCE
2021-04-23,USD,SELL,7.730861186981201,-7.619420995909212,-58.90468604454418,10.664720069517045,0.22107644261270742,REDUCE
2021-04-23,TQQQ,SELL,25.981765747070312,-225.2860466078292,-5853.3292890481825,212.5351575029084,0.037678233338518385,CLOSE
2021-04-23,QQQ,BUY,329.0219,0.0034,1.13,0.0,0.0,ADD
2021-04-23,GLD,BUY,166.4,0.5598,93.15,0.0,0.0,ADD
2021-04-23,XLC,BUY,72.4868,0.095,6.89,0.0,0.0,ADD
2021-04-23,SHV,BUY,92.6852,63.4347,5879.46,0.0,0.0,ADD
2021-04-26,SMH,SELL,122.9617919921875,-0.6088632753309043,-74.86691941292065,20.13069050431234,0.36777635043006063,REDUCE
2021-04-26,QQQ,SELL,331.1640930175781,-0.02088788494937012,-6.917317474313677,1.4561749063439624,0.26664290269303925,REDUCE
2021-04-26,USD,SELL,7.978470325469971,-9.883179773873788,-78.85265654713703,16.280414342287393,0.26018588704218737,REDUCE
2021-04-26,SHV,SELL,92.67686462402344,-144.6427707895924,-13405.038487310705,-0.8869028481245943,-6.615752529670615e-05,REDUCE
2021-04-26,QLD,BUY,33.101,408.4715,13520.81,0.0,0.0,OPEN
2021-04-26,GLD,BUY,166.84,0.1133,18.91,0.0,0.0,ADD
2021-04-26,XLC,BUY,72.6385,0.3573,25.95,0.0,0.0,ADD
2021-04-27,QQQ,SELL,329.72943115234375,-0.04197798101868326,-13.841375802214316,2.8662225200975997,0.2611555799195915,REDUCE
2021-04-27,QLD,SELL,32.79727554321289,-408.4714701217569,-13396.751357124513,-124.06348591268267,-0.009175740319864789,CLOSE
2021-04-27,GLD,SELL,166.4199981689453,-0.10087767022886406,-16.788061694775024,0.6220733166012827,0.03848037633388168,REDUCE
2021-04-27,XLC,SELL,72.34458923339844,-0.13011733805200387,-9.413285373515464,0.36890521018277117,0.040788335244726914,REDUCE
2021-04-27,SMH,BUY,122.2438,0.0221,2.71,0.0,0.0,ADD
2021-04-27,USD,BUY,7.8877,2.2902,18.06,0.0,0.0,ADD
2021-04-27,SHV,BUY,92.6769,144.7613,13416.02,0.0,0.0,ADD
2021-04-30,QQQ,SELL,327.6355895996094,-20.408981921262694,-6686.708824900671,1350.7755693657198,0.25314701377956017,REDUCE
2021-04-30,USD,SELL,7.352344512939453,-383.58926230192594,-2820.280407908058,388.1410061635215,0.15958830562307158,CLOSE
2021-04-30,GLD,SELL,165.66000366210938,-0.09633857519364558,-15.959448719381726,0.5208656968262396,0.03373792115929719,REDUCE
2021-04-30,XLC,SELL,74.0038833618164,-2.75247820066293,-203.69407571780175,12.370923778342911,0.06465983678889775,REDUCE
2021-04-30,SHV,SELL,92.67686462402344,-1.5216351989172794,-141.02037933720567,-0.0027979017221756645,-1.9840013371963394e-05,REDUCE
2021-04-30,SMH,BUY,117.8873,1.6129,190.13,0.0,0.0,ADD
2021-04-30,SSO,BUY,27.485,109.2731,3003.37,0.0,0.0,OPEN
2021-04-30,XLK,BUY,67.1536,99.3864,6674.16,0.0,0.0,OPEN
2021-05-03,SSO,SELL,27.59674072265625,-0.5963623650978842,-16.457657566356374,0.06663418523750143,0.004065285228880722,REDUCE
2021-05-03,GLD,SELL,167.80999755859375,-0.4865670648589594,-81.6508179660741,3.67679757219906,0.047154136129267554,REDUCE
2021-05-03,SHV,SELL,92.67686462402344,-61.41677657800659,-5691.91428856381,-0.11292989612776715,-1.9840013371963394e-05,REDUCE
2021-05-03,SMH,BUY,116.5192,0.5837,68.01,0.0,0.0,ADD
2021-05-03,QQQ,BUY,325.8908,0.0681,22.19,0.0,0.0,ADD
2021-05-03,TQQQ,BUY,25.229,224.544,5665.01,0.0,0.0,OPEN
2021-05-03,XLK,BUY,66.9661,0.1373,9.19,0.0,0.0,ADD
2021-05-03,XLC,BUY,73.6151,0.348,25.62,0.0,0.0,ADD
2021-05-17,SSO,SELL,27.20811653137207,-0.9175790279824818,-24.96559712009048,-0.25406827448314073,-0.01007421274264042,REDUCE
2021-05-17,TQQQ,SELL,22.477354049682617,-224.54399112678618,-5047.154788285565,-617.8548773178778,-0.10906510558478688,CLOSE
2021-05-17,GLD,SELL,174.6999969482422,-2.0579805379407303,-359.5291936977874,29.730841065548727,0.09014854327881339,REDUCE
2021-05-17,XLC,SELL,72.51526641845703,-0.6861889128456143,-49.75917182839112,2.0517506040816427,0.04300694842495845,REDUCE
2021-05-17,SMH,BUY,111.9396,1.006,112.62,0.0,0.0,ADD
2021-05-17,QQQ,BUY,314.4717,0.2276,71.57,0.0,0.0,ADD
2021-05-17,XLK,BUY,64.8847,0.8911,57.82,0.0,0.0,ADD
2021-05-17,SHV,BUY,92.6769,56.5342,5239.41,0.0,0.0,ADD
2021-06-01,SMH,SELL,120.71076202392578,-3.0455250526913726,-367.6276498733323,89.46513071101471,0.3216289922180662,REDUCE
2021-06-01,QQQ,SELL,322.6240234375,-0.06852051852917601,-22.106365375906535,4.127641138756678,0.22958476276240103,REDUCE
2021-06-01,SSO,SELL,27.727893829345703,-107.75912284358282,-2987.9335173502855,26.173343620815977,0.008837090812743975,CLOSE
2021-06-01,XLC,SELL,74.75291442871094,-0.7779440265351084,-58.15358324590579,4.06686941525546,0.07519165294436525,REDUCE
2021-06-01,GLD,BUY,177.9,16.9547,3016.25,0.0,0.0,ADD
2021-06-01,XLK,BUY,66.2018,0.1607,10.64,0.0,0.0,ADD
2021-06-01,SHV,BUY,92.6685,4.4129,408.94,0.0,0.0,ADD
2021-06-03,XLK,SELL,66.03840637207031,-0.3811415532955977,-25.169980781816776,-0.41670881431689977,-0.016286155844868144,REDUCE
2021-06-03,SHV,SELL,92.66845703125,-61.97090836818618,-5742.748459304792,-0.5898321150018334,-0.00010269848040866947,REDUCE
2021-06-03,SMH,BUY,119.3427,0.2837,33.86,0.0,0.0,ADD
2021-06-03,QQQ,BUY,319.8903,0.0394,12.59,0.0,0.0,ADD
2021-06-03,TQQQ,BUY,23.5637,238.6795,5624.17,0.0,0.0,OPEN
2021-06-03,GLD,BUY,175.27,0.4215,73.88,0.0,0.0,ADD
2021-06-03,XLC,BUY,74.0228,0.3164,23.42,0.0,0.0,ADD
2021-06-04,SMH,SELL,122.00121307373047,-0.34017411469553743,-41.50165464913789,10.383158704292157,0.3336651849335912,REDUCE
2021-06-04,QQQ,SELL,325.3188171386719,-0.01669641387323908,-5.431657611699848,1.0486274351758371,0.23924714020733884,REDUCE
2021-06-04,TQQQ,SELL,24.771543502807617,-238.6795398811456,-5912.460605395903,288.28759778223895,0.051258664588015534,CLOSE
2021-06-04,XLK,SELL,67.30742645263672,-0.3157854142564514,-21.254703544881522,0.055484242493184184,0.002617277631866921,REDUCE
2021-06-04,GLD,BUY,177.16,0.2535,44.91,0.0,0.0,ADD
2021-06-04,XLC,BUY,75.0848,0.1461,10.97,0.0,0.0,ADD
2021-06-04,SHV,BUY,92.6769,63.9293,5924.77,0.0,0.0,ADD
2021-06-10,QQQ,SELL,329.9233703613281,-0.18636617529705699,-61.48655667535513,12.562962877790921,0.2567874087454385,REDUCE
2021-06-10,XLK,SELL,67.84098052978516,-0.4492372651938353,-30.47669656126891,0.3186244220813118,0.010565145564039202,REDUCE
2021-06-10,XLC,SELL,75.58728790283203,-0.29341861035213623,-22.178716976735814,1.7714030841291106,0.08680236377267003,REDUCE
2021-06-10,SHV,SELL,92.66845703125,-144.86057686623772,-13424.006142851038,-1.329029604766774,-9.899414708791632e-05,REDUCE
2021-06-10,SMH,BUY,121.5743,0.3811,46.34,0.0,0.0,ADD
2021-06-10,QLD,BUY,32.6738,412.8922,13490.76,0.0,0.0,OPEN
2021-06-10,GLD,BUY,177.74,0.0059,1.05,0.0,0.0,ADD
2021-06-30,SMH,SELL,127.22123718261719,-0.9352095066828076,-118.97851046513188,33.233930691149496,0.3875922044139952,REDUCE
2021-06-30,QQQ,SELL,343.9704895019531,-0.22947944497340503,-78.93415701813865,18.69275788616511,0.31029753882731126,REDUCE
2021-06-30,GLD,SELL,165.6300048828125,-13.722018935353608,-2272.7780632646636,-12.418676006110871,-0.005434401245502318,REDUCE
2021-06-30,XLK,SELL,71.11006927490234,-1.8381279360357492,-130.70940486763539,7.312707418452276,0.059261775798041816,REDUCE
2021-06-30,QLD,BUY,35.4641,66.5305,2359.44,0.0,0.0,ADD
2021-06-30,XLC,BUY,76.9105,0.9915,76.25,0.0,0.0,ADD
2021-06-30,SHV,BUY,92.6601,1.7883,165.7,0.0,0.0,ADD
2021-07-16,QQQ,SELL,347.0469970703125,-0.09814465519014953,-34.060807862242655,8.296533651692268,0.32201697528490314,REDUCE
2021-07-16,QLD,SELL,36.05181884765625,-6.320339082243092,-227.8597196487899,18.902779938890852,0.09046256116276452,REDUCE
2021-07-16,GLD,SELL,169.41000366210938,-0.6842738823625343,-115.92284091692272,1.9672741661528095,0.01726351965284323,REDUCE
2021-07-16,XLK,SELL,72.38145446777344,-1.4102782280472097,-102.07798935029132,7.403580450971333,0.07820044019334249,REDUCE
2021-07-16,SHV,SELL,92.65169525146484,-63.66020185698858,-5898.225622100442,-1.619696889798643,-0.0002745320940169549,CLOSE
2021-07-16,SMH,BUY,119.7551,3.5845,429.27,0.0,0.0,ADD
2021-07-16,TQQQ,BUY,29.9055,197.872,5917.46,0.0,0.0,OPEN
2021-07-16,XLC,BUY,76.806,0.4091,31.42,0.0,0.0,ADD
2021-07-21,SMH,SELL,124.67914581298828,-1.3149173285228561,-163.9427693349262,41.10881433365876,0.334669793325751,REDUCE
2021-07-21,TQQQ,SELL,30.839351654052734,-197.8719897391804,-6102.243874053699,184.78715490745168,0.031227462012449303,CLOSE
2021-07-21,QLD,SELL,36.81731033325195,-1.6975112750684476,-62.497799408389255,6.3763229265505865,0.11361644999867404,REDUCE
2021-07-21,QQQ,BUY,350.8901,0.1095,38.44,0.0,0.0,ADD
2021-07-21,GLD,BUY,168.76,0.7506,126.67,0.0,0.0,ADD
2021-07-21,XLK,BUY,73.1424,0.6716,49.12,0.0,0.0,ADD
2021-07-21,XLC,BUY,77.129,1.2063,93.04,0.0,0.0,ADD
2021-07-21,SHV,BUY,92.6517,64.9898,6021.42,0.0,0.0,OPEN
2021-07-30,SMH,SELL,127.65788269042969,-0.6165274655840312,-78.70459087695417,21.111230958526438,0.3665566827222322,REDUCE
2021-07-30,QLD,SELL,37.434627532958984,-1.8480202309286662,-69.17994901818747,8.082490962220664,0.13228849807166942,REDUCE
2021-07-30,XLC,SELL,78.26880645751953,-0.18078145304638868,-14.149548559596951,1.5379672679747123,0.12194880502386884,REDUCE
2021-07-30,SHV,SELL,92.66006469726562,-64.98984912460874,-6021.963624551778,0.5439290198493636,9.03323547190027e-05,CLOSE
2021-07-30,QQQ,BUY,353.8113,0.0758,26.83,0.0,0.0,ADD
2021-07-30,TQQQ,BUY,31.6231,192.8454,6098.38,0.0,0.0,OPEN
2021-07-30,GLD,BUY,169.82,0.2305,39.14,0.0,0.0,ADD
2021-07-30,XLK,BUY,73.8743,0.266,19.65,0.0,0.0,ADD
2021-08-02,SMH,SELL,128.56021118164062,-56.201500321032924,-7225.276749997036,1975.172875259425,0.37621596112860534,CLOSE
2021-08-02,QQQ,BUY,353.8405,20.2731,7173.43,0.0,0.0,ADD
2021-08-02,TQQQ,BUY,31.6136,0.0489,1.55,0.0,0.0,ADD
2021-08-02,QLD,BUY,37.4297,0.0394,1.48,0.0,0.0,ADD
2021-08-02,GLD,BUY,169.61,0.0427,7.25,0.0,0.0,ADD
2021-08-02,XLK,BUY,73.6095,0.3448,25.38,0.0,0.0,ADD
2021-08-02,XLC,BUY,78.0883,0.2075,16.2,0.0,0.0,ADD
2021-08-03,TQQQ,SELL,32.16393280029297,-192.89432290692275,-6204.2400395362765,104.3144227564743,0.01710093357032494,CLOSE
2021-08-03,QLD,SELL,37.88404083251953,-2.322765547743419,-87.99574485508128,11.201863739819993,0.1458692226143241,REDUCE
2021-08-03,QQQ,BUY,355.9852,0.0399,14.22,0.0,0.0,ADD
2021-08-03,GLD,BUY,169.49,0.2821,47.81,0.0,0.0,ADD
2021-08-03,XLK,BUY,74.0814,0.0698,5.17,0.0,0.0,ADD
2021-08-03,XLC,BUY,77.7369,1.0736,83.46,0.0,0.0,ADD
2021-08-03,SHV,BUY,92.6601,66.2808,6141.58,0.0,0.0,OPEN
2021-08-12,QQQ,SELL,356.6839294433594,-0.05626237111157429,-20.067883607876865,2.49360339626045,0.1418893613982668,REDUCE
2021-08-12,QLD,SELL,38.03220748901367,-1.6056050879567088,-61.0647058505856,7.98115363310352,0.15035078286405779,REDUCE
2021-08-12,XLK,SELL,74.23551940917969,-0.15752118282157657,-11.693666824708089,1.1051915934881127,0.10437684079663057,REDUCE
2021-08-12,XLC,SELL,78.97169494628906,-1.4111098152905668,-111.43773386884095,12.840407895491369,0.1302307924553865,REDUCE
2021-08-12,SHV,SELL,92.643310546875,-66.28078661676876,-6140.471497828465,-1.1104782669862687,-0.00018081306596717805,CLOSE
2021-08-12,TQQQ,BUY,32.3474,189.951,6144.42,0.0,0.0,OPEN
2021-08-12,GLD,BUY,164.04,1.2212,200.32,0.0,0.0,ADD
2021-08-13,TQQQ,SELL,32.67137145996094,-189.95098717160957,-6205.959261069931,61.54291989687468,0.010016072557532008,CLOSE
2021-08-13,QLD,SELL,38.27912902832031,-0.16182393328145311,-6.194479221951042,0.8443534177807165,0.15781935765371324,REDUCE
2021-08-13,GLD,SELL,166.38999938964844,-0.30218552978784313,-50.280650116959805,-0.04660917812542215,-0.000926121922358969,REDUCE
2021-08-13,QQQ,BUY,357.9359,0.0984,35.21,0.0,0.0,ADD
2021-08-13,XLK,BUY,74.6401,0.0671,5.01,0.0,0.0,ADD
2021-08-13,XLC,BUY,79.0192,0.5069,40.06,0.0,0.0,ADD
2021-08-13,SHV,BUY,92.6433,66.7308,6182.16,0.0,0.0,OPEN
2021-08-17,QLD,SELL,37.637115478515625,-379.24178625058533,-14273.56690339182,1735.3024730620377,0.1384005324424631,REDUCE
2021-08-17,GLD,SELL,166.97000122070312,-0.4251245642842971,-70.98304901749998,0.18100169754030745,0.002556447227046288,REDUCE
2021-08-17,XLK,SELL,74.35591125488281,-0.40977636744344537,-30.469295211973076,2.922289034801518,0.1060837252515392,REDUCE
2021-08-17,XLC,SELL,78.49676513671875,-0.12829808439114584,-10.070984597942697,1.100054003959225,0.12262429102918238,REDUCE
2021-08-17,QQQ,BUY,354.9371,0.0145,5.14,0.0,0.0,ADD
2021-08-17,SHV,BUY,92.6517,155.2044,14379.95,0.0,0.0,ADD
2021-08-18,GLD,SELL,167.10000610351562,-0.24675755059381677,-41.23318821031535,0.13713956604724523,0.0033370499250267027,REDUCE
2021-08-18,SHV,SELL,92.643310546875,-67.1030556770686,-6216.649225734909,-0.3934666838723823,-6.32883998612499e-05,REDUCE
2021-08-18,QQQ,BUY,351.521,0.1397,49.12,0.0,0.0,ADD
2021-08-18,TQQQ,BUY,30.9418,197.0237,6096.27,0.0,0.0,OPEN
2021-08-18,QLD,BUY,36.9062,1.1854,43.75,0.0,0.0,ADD
2021-08-18,XLK,BUY,73.3302,0.7724,56.64,0.0,0.0,ADD
2021-08-18,XLC,BUY,77.8984,0.1555,12.11,0.0,0.0,ADD
2021-08-19,QQQ,SELL,353.2192687988281,-0.026927108999935785,-9.511173751823662,1.0926018315096209,0.12978470004789866,REDUCE
2021-08-19,TQQQ,SELL,31.382530212402344,-1.9677050967551617,-61.75156464801694,0.8672287305969528,0.014243872705997918,REDUCE
2021-08-19,XLK,SELL,74.0477294921875,-0.5492655309877983,-40.671865457967215,3.7212876992905164,0.1007098650417364,REDUCE
2021-08-19,SHV,SELL,92.643310546875,-154.8321175466681,-14344.159948506225,-0.9078763885389688,-6.32883998612499e-05,CLOSE
2021-08-19,QLD,BUY,37.2717,385.9367,14384.5,0.0,0.0,ADD
2021-08-19,GLD,BUY,166.61,0.2578,42.96,0.0,0.0,ADD
2021-08-19,XLC,BUY,77.9078,0.3676,28.64,0.0,0.0,ADD
2021-08-20,TQQQ,SELL,32.35213851928711,-195.0560020845579,-6310.478798457972,275.09515626024654,0.04558039265919356,CLOSE
2021-08-20,QLD,SELL,38.047019958496094,-2.7847201292407457,-105.95030233604848,4.298231031420312,0.04228375257145012,REDUCE
2021-08-20,QQQ,BUY,356.878,0.1657,59.15,0.0,0.0,ADD
2021-08-20,GLD,BUY,166.7,0.5236,87.28,0.0,0.0,ADD
2021-08-20,XLK,BUY,75.0013,0.1845,13.83,0.0,0.0,ADD
2021-08-20,XLC,BUY,78.5822,0.5629,44.23,0.0,0.0,ADD
2021-08-20,SHV,BUY,92.6517,67.0461,6211.94,0.0,0.0,OPEN
2021-09-09,QLD,SELL,40.43729782104492,-13.391880819693256,-541.5314730898754,52.68075890420851,0.10776451250964159,REDUCE
2021-09-09,SHV,SELL,92.65169525146484,-67.04610561880928,-6211.935345591442,0.0,0.0,CLOSE
2021-09-09,QQQ,BUY,368.2715,0.024,8.84,0.0,0.0,ADD
2021-09-09,TQQQ,BUY,35.473,180.8226,6414.32,0.0,0.0,OPEN
2021-09-09,GLD,BUY,168.03,0.9095,152.82,0.0,0.0,ADD
2021-09-09,XLK,BUY,76.1811,1.6163,123.13,0.0,0.0,ADD
2021-09-09,XLC,BUY,80.558,0.6747,54.35,0.0,0.0,ADD
2021-09-16,QQQ,SELL,367.1458435058594,-0.16199334895088213,-59.47518474291064,8.79206057087156,0.1734711645049294,REDUCE
2021-09-16,TQQQ,SELL,35.12755584716797,-180.82255271235545,-6351.854318830739,-62.46332649561824,-0.009738109328142008,CLOSE
2021-09-16,QLD,SELL,40.20518493652344,-0.7251239385928495,-29.15374205302578,2.6841699274311375,0.10140586763908033,REDUCE
2021-09-16,XLK,SELL,76.06072998046875,-0.5691887053084285,-43.29290842239698,4.911117036162777,0.1279543465478834,REDUCE
2021-09-16,GLD,BUY,164.03,0.6448,105.76,0.0,0.0,ADD
2021-09-16,XLC,BUY,79.8551,0.1331,10.63,0.0,0.0,ADD
2021-09-16,SHV,BUY,92.6517,68.7239,6367.38,0.0,0.0,OPEN
2021-09-17,QQQ,SELL,362.79803466796875,-0.06357707313311359,-23.065637182635328,3.1741742740104066,0.1595747024033154,REDUCE
2021-09-17,GLD,SELL,163.77000427246094,-0.46350913220095924,-75.90889256087576,-1.2838377786767414,-0.016631589179828765,REDUCE
2021-09-17,XLC,SELL,78.97169494628906,-0.23186931184162315,-18.311112562162634,2.054844529229057,0.1264032141366116,REDUCE
2021-09-17,SHV,SELL,92.643310546875,-68.72388506041976,-6366.808225640211,-0.5762294744979959,-9.04970445180231e-05,CLOSE
2021-09-17,TQQQ,BUY,33.8864,185.3661,6281.38,0.0,0.0,OPEN
2021-09-17,QLD,BUY,39.252,4.7695,187.21,0.0,0.0,ADD
2021-09-17,XLK,BUY,74.876,0.207,15.5,0.0,0.0,ADD
2021-09-24,QQQ,SELL,362.71441650390625,-0.024750380293948375,-8.977319746569265,1.2336277625006575,0.15930744211400039,REDUCE
2021-09-24,TQQQ,SELL,33.7791633605957,-185.36607480434293,-6261.510922328303,-19.872065735727116,-0.003163644976510449,CLOSE
2021-09-24,XLK,SELL,75.60111236572266,-1.0332860117687592,-78.11757188165939,8.424427623306299,0.12087885706629731,REDUCE
2021-09-24,QLD,BUY,39.178,0.4622,18.11,0.0,0.0,ADD
2021-09-24,GLD,BUY,163.3,0.0763,12.45,0.0,0.0,ADD
2021-09-24,XLC,BUY,78.4503,0.5384,42.23,0.0,0.0,ADD
2021-09-24,SHV,BUY,92.6349,67.7478,6275.81,0.0,0.0,OPEN
2021-09-27,QLD,SELL,38.57050704956055,-376.2303472763761,-14511.395261882077,765.9763199191173,0.05572593481168431,REDUCE
2021-09-27,GLD,SELL,163.63999938964844,-0.3713417600213192,-60.766365383239645,-1.074439282892812,-0.017374277205698063,REDUCE
2021-09-27,XLC,SELL,78.4407730102539,-0.7039796904006991,-55.220711098550055,5.831379275563476,0.11806961261317284,REDUCE
2021-09-27,QQQ,BUY,359.8192,0.0145,5.21,0.0,0.0,ADD
2021-09-27,XLK,BUY,74.8678,0.207,15.5,0.0,0.0,ADD
2021-09-27,SHV,BUY,92.6349,157.68,14606.68,0.0,0.0,ADD
2021-09-28,GLD,SELL,162.0500030517578,-0.30073288744364424,-48.733765328006484,-1.3483039442905296,-0.02692188968789966,REDUCE
2021-09-28,SHV,SELL,92.63491821289062,-70.00779670279596,-6485.166521828178,0.0,0.0,REDUCE
2021-09-28,QQQ,BUY,349.6372,0.417,145.81,0.0,0.0,ADD
2021-09-28,TQQQ,BUY,30.2152,202.5095,6118.86,0.0,0.0,OPEN
2021-09-28,QLD,BUY,36.3679,3.5871,130.45,0.0,0.0,ADD
2021-09-28,XLK,BUY,72.6487,1.2204,88.66,0.0,0.0,ADD
2021-09-28,XLC,BUY,76.5283,0.6549,50.12,0.0,0.0,ADD
2021-09-30,QLD,SELL,35.938228607177734,-89.07300294286934,-3201.1259424886534,-52.52116643122412,-0.016142244279423346,CLOSE
2021-09-30,GLD,SELL,164.22000122070312,-0.6439364035160368,-105.74723697145873,-1.4896796224650843,-0.01389148130868112,REDUCE
2021-09-30,SHV,SELL,92.643310546875,-0.6188036420915899,-57.32801798182845,0.0051932068351802745,9.059579418080332e-05,REDUCE
2021-09-30,QQQ,BUY,347.7816,0.0542,18.86,0.0,0.0,ADD
2021-09-30,TQQQ,BUY,29.6768,2.8717,85.22,0.0,0.0,ADD
2021-09-30,XLK,BUY,72.036,0.4539,32.7,0.0,0.0,ADD
2021-09-30,BIL,BUY,76.5915,42.1299,3226.79,0.0,0.0,OPEN
2021-10-05,TQQQ,SELL,29.450456619262695,-205.38120494084257,-6048.570266522185,-155.51471200292312,-0.02506650256100995,CLOSE
2021-10-05,GLD,SELL,164.58999633789062,-0.04810147172390438,-7.917021054884572,-0.09348042187012277,-0.011669734053653125,REDUCE
2021-10-05,XLK,SELL,72.44605255126953,-0.4689901454197315,-33.97648472110541,2.2970574087127744,0.07250943604697646,REDUCE
2021-10-05,XLC,SELL,76.9659652709961,-0.8099721126888668,-62.34028549568666,5.47888217777019,0.09635502921265138,REDUCE
2021-10-05,QQQ,BUY,347.218,0.0984,34.15,0.0,0.0,ADD
2021-10-05,BIL,BUY,76.5831,0.0448,3.43,0.0,0.0,ADD
2021-10-05,SHV,BUY,92.6349,66.021,6115.85,0.0,0.0,ADD
2021-10-27,QQQ,SELL,369.1947937011719,-1.4580788724612155,-538.3151285183558,81.31213408505921,0.17792472932456338,REDUCE
2021-10-27,XLK,SELL,76.8216552734375,-3.517192955054107,-270.1965847233296,32.61662776373025,0.13728695038562,REDUCE
2021-10-27,SHV,SELL,92.63491821289062,-153.46446413738897,-14216.168083952114,0.0,0.0,REDUCE
2021-10-27,QLD,BUY,40.4324,363.1151,14681.6,0.0,0.0,OPEN
2021-10-27,GLD,BUY,168.12,0.0474,7.97,0.0,0.0,ADD
2021-10-27,BIL,BUY,76.5663,0.969,74.2,0.0,0.0,ADD
2021-10-27,XLC,BUY,75.9193,3.4367,260.92,0.0,0.0,ADD
2021-11-01,QQQ,SELL,376.4135437011719,-0.10504680982446701,-39.541041940530704,6.616412448840828,0.200956322090452,REDUCE
2021-11-01,BIL,SELL,76.58308410644531,-43.14376524848249,-3304.082602693267,-0.337669099345143,-0.00010218709231013534,CLOSE
2021-11-01,XLC,SELL,76.52828979492188,-96.69213348957534,-7399.683612579493,592.0832902886821,0.08697386189814416,CLOSE
2021-11-01,SMH,BUY,134.2751,55.5796,7462.96,0.0,0.0,OPEN
2021-11-01,QLD,BUY,42.0325,71.8879,3021.62,0.0,0.0,ADD
2021-11-01,GLD,BUY,167.52,0.7528,126.1,0.0,0.0,ADD
2021-11-01,XLK,BUY,77.8106,0.3554,27.66,0.0,0.0,ADD
2021-11-01,SHV,BUY,92.6181,1.1333,104.96,0.0,0.0,ADD
2021-11-10,SMH,SELL,142.04689025878906,-2.1172558813787625,-300.7496138319848,16.454931748751385,0.05787984364735266,REDUCE
2021-11-10,GLD,SELL,173.14999389648438,-0.5871642648396104,-101.66748887321228,3.872347577299183,0.03959652316040985,REDUCE
2021-11-10,XLK,SELL,79.37369537353516,-0.23572420885636197,-18.710301545932452,2.7785975906832014,0.17440680535415654,REDUCE
2021-11-10,SHV,SELL,92.61814880371094,-68.4910667985856,-6343.515816476307,-1.1295498772577552,-0.00017803199580668227,CLOSE
2021-11-10,QQQ,BUY,378.4344,0.4455,168.61,0.0,0.0,ADD
2021-11-10,TQQQ,BUY,37.8958,170.3364,6455.04,0.0,0.0,OPEN
2021-11-10,QLD,BUY,42.4473,3.3217,141.0,0.0,0.0,ADD
2021-11-16,SMH,SELL,147.771484375,-0.43193265435645095,-63.827329484286565,5.8295420030355105,0.10051317914360136,REDUCE
2021-11-16,TQQQ,SELL,40.21862030029297,-170.33638523272242,-6850.694400999293,395.6540526480117,0.061293815576082045,CLOSE
2021-11-16,QLD,SELL,44.17582321166992,-3.7170283008527623,-164.20278509124546,12.88234244248314,0.08513286253322039,REDUCE
2021-11-16,QQQ,BUY,386.1194,0.4217,162.81,0.0,0.0,ADD
2021-11-16,GLD,BUY,172.92,1.2402,214.46,0.0,0.0,ADD
2021-11-16,XLK,BUY,81.4819,0.4973,40.52,0.0,0.0,ADD
2021-11-16,SHV,BUY,92.6181,71.9182,6660.93,0.0,0.0,OPEN
2021-11-26,SMH,SELL,145.248779296875,-0.26142578443805337,-37.97177606635523,2.8688105113474753,0.0817255883082566,REDUCE
2021-11-26,QQQ,SELL,380.0763244628906,-0.23902043192756742,-90.84600723856238,15.550768249104078,0.20653056498407896,REDUCE
2021-11-26,XLK,SELL,80.07804107666016,-0.458784433101604,-36.73855867924249,5.698098207880964,0.1835700283228121,REDUCE
2021-11-26,SHV,SELL,92.60975646972656,-71.91819396497644,-6660.326428839026,-0.6035615033071448,-9.061219742323434e-05,CLOSE
2021-11-26,TQQQ,BUY,38.3175,170.0252,6514.94,0.0,0.0,OPEN
2021-11-26,QLD,BUY,42.6942,5.2258,223.11,0.0,0.0,ADD
2021-11-26,GLD,BUY,166.85,0.5264,87.83,0.0,0.0,ADD
2021-11-29,SMH,SELL,151.08009338378906,-0.3515080447050404,-53.1058682191906,5.907100843920608,0.12515370998895325,REDUCE
2021-11-29,TQQQ,SELL,40.69746398925781,-170.02515030764343,-6919.592431913466,404.65160761045706,0.06211132510996342,CLOSE
2021-11-29,QLD,SELL,44.59067153930664,-4.716801058040621,-210.3253266953434,18.19287768573164,0.09468925098030434,REDUCE
2021-11-29,QQQ,BUY,388.3249,0.4205,163.29,0.0,0.0,ADD
2021-11-29,GLD,BUY,166.62,1.3528,225.4,0.0,0.0,ADD
2021-11-29,XLK,BUY,82.0801,0.7673,62.98,0.0,0.0,ADD
2021-11-29,SHV,BUY,92.6181,72.6786,6731.36,0.0,0.0,OPEN
2021-11-30,SMH,SELL,147.9169921875,-52.41751556423069,-7753.441240202471,715.0756586074541,0.10159683385548224,CLOSE
2021-11-30,QQQ,SELL,382.6217956542969,-20.43244374840814,-7817.898316621335,1364.658535272391,0.21146874771591562,REDUCE
2021-11-30,QLD,SELL,43.26712417602539,-75.243634183354,-3255.5756636666065,190.62899109345088,0.06219651154106698,REDUCE
2021-11-30,XLK,SELL,81.39507293701172,-96.481870470916,-7853.148884079525,1314.3077142118066,0.2010000977341977,CLOSE
2021-11-30,USD,BUY,13.3573,262.2827,3503.4,0.0,0.0,OPEN
2021-11-30,TQQQ,BUY,38.9488,169.9033,6617.54,0.0,0.0,OPEN
2021-11-30,GLD,BUY,165.5,70.1476,11609.43,0.0,0.0,ADD
2021-11-30,SHV,BUY,92.5762,53.4662,4949.7,0.0,0.0,ADD
2021-12-07,USD,SELL,13.885910987854004,-6.668030675664916,-92.59168042656302,3.5244903466331468,0.03957114110673343,REDUCE
2021-12-07,TQQQ,SELL,39.889862060546875,-169.90332872144253,-6777.420346326095,159.88453883734806,0.024160736486898093,CLOSE
2021-12-07,QLD,SELL,44.11656188964844,-2.29072821403416,-101.05905302680185,7.74936784779067,0.08304998385670026,REDUCE
2021-12-07,QQQ,BUY,386.5178,0.0507,19.59,0.0,0.0,ADD
2021-12-07,GLD,BUY,166.81,0.5733,95.62,0.0,0.0,ADD
2021-12-07,SHV,BUY,92.593,74.043,6855.86,0.0,0.0,ADD
2021-12-13,QQQ,SELL,381.1062316894531,-0.017652854940674804,-6.727613025001119,1.1486139216841331,0.2058817182819095,REDUCE
2021-12-13,QLD,SELL,42.82759094238281,-357.58233441111327,-15314.389946381496,748.7619312112456,0.05140608633087451,CLOSE
2021-12-13,GLD,SELL,167.0,-1.7918063177532237,-299.23165506478836,1.8571212856966253,0.006245058250603952,REDUCE
2021-12-13,USD,BUY,12.2632,29.4817,361.54,0.0,0.0,ADD
2021-12-13,SHV,BUY,92.6014,164.7795,15258.81,0.0,0.0,ADD
2021-12-14,SHV,SELL,92.60136413574219,-72.57723679716035,-6720.751132619833,0.14839793695177092,2.208104582424042e-05,REDUCE
2021-12-14,QQQ,BUY,377.1617,0.106,39.98,0.0,0.0,ADD
2021-12-14,USD,BUY,12.1644,1.0805,13.14,0.0,0.0,ADD
2021-12-14,TQQQ,BUY,37.0453,177.4995,6575.53,0.0,0.0,OPEN
2021-12-14,GLD,BUY,165.44,0.5567,92.1,0.0,0.0,ADD
2021-12-15,QQQ,SELL,385.75994873046875,-0.12079113123570118,-46.59638059257941,8.376729173104586,0.21917335354964074,REDUCE
2021-12-15,USD,SELL,13.253610610961914,-19.392570847021826,-257.02158275191914,0.2616124015872697,0.0010188987061741095,REDUCE
2021-12-15,TQQQ,SELL,39.49676513671875,-177.49953467235997,-7010.657432831068,435.1258791687978,0.06617349116459681,CLOSE
2021-12-15,SHV,SELL,92.59297943115234,-92.96859998892428,-8608.239666517497,-0.5894222974343789,-6.846718541553276e-05,REDUCE
2021-12-15,QLD,BUY,43.8449,358.4203,15714.92,0.0,0.0,OPEN
2021-12-15,GLD,BUY,166.15,1.2495,207.6,0.0,0.0,ADD
2021-12-16,QLD,SELL,41.60281753540039,-358.42032864115197,-14911.295533436089,-803.6209698542259,-0.05113746354846793,CLOSE
2021-12-16,GLD,SELL,168.16000366210938,-3.21397876452665,-540.4626808127432,7.0610537240604385,0.013237780624329565,REDUCE
2021-12-16,QQQ,BUY,375.8403,0.1518,57.06,0.0,0.0,ADD
2021-12-16,USD,BUY,12.0137,22.4801,270.07,0.0,0.0,ADD
2021-12-16,TQQQ,BUY,36.4831,179.923,6564.15,0.0,0.0,OPEN
2021-12-16,SHV,BUY,92.6098,92.4361,8560.48,0.0,0.0,ADD
2021-12-21,QQQ,SELL,378.6259460449219,-0.06990303607082897,-26.467103163729917,4.312899819677691,0.19467636694937096,REDUCE
2021-12-21,USD,SELL,12.566969871520996,-11.800298996152511,-148.29400195958806,-6.818686042868462,-0.043959563403094926,REDUCE
2021-12-21,TQQQ,SELL,37.1811408996582,-179.92299076990733,-6689.742070903827,125.59138695923127,0.019132922598260604,CLOSE
2021-12-21,GLD,BUY,167.02,1.1039,184.37,0.0,0.0,ADD
2021-12-21,SHV,BUY,92.6014,72.1386,6680.14,0.0,0.0,ADD
2021-12-27,QQQ,SELL,392.5078430175781,-0.3831097053082921,-150.37356406965773,28.95551427451132,0.23847784018409413,REDUCE
2021-12-27,USD,SELL,13.86368179321289,-22.472957447476276,-311.5579310042249,16.155175685954713,0.054688642523150977,REDUCE
2021-12-27,GLD,SELL,169.3699951171875,-0.025520561479831394,-4.322417373226926,0.08667476230416361,0.0204627075499475,REDUCE
2021-12-27,SHV,SELL,92.60136413574219,-164.63447756935128,-15245.377206697176,-0.16644514568288934,-1.0917626126261126e-05,REDUCE
2021-12-27,QLD,BUY,45.2623,347.1239,15711.63,0.0,0.0,OPEN
2021-12-28,QQQ,SELL,390.6886901855469,-0.012125381968172822,-4.737249599144889,0.8943810651513365,0.23273787724970285,REDUCE
2021-12-28,QLD,SELL,44.891929626464844,-347.1238754949401,-15583.060590384594,-128.57052875969393,-0.008183143289497985,CLOSE
2021-12-28,GLD,SELL,168.63999938964844,-0.11320021758671323,-19.09008462473139,0.30182302724645105,0.01606444671213514,REDUCE
2021-12-28,USD,BUY,13.4907,5.649,76.21,0.0,0.0,ADD
2021-12-28,SHV,BUY,92.593,167.7306,15530.68,0.0,0.0,ADD
2021-12-31,GLD,SELL,170.9600067138672,-69.98781164912455,-11965.116749423207,348.97906053596455,0.030042607093907048,REDUCE
2021-12-31,SHV,SELL,92.60136413574219,-126.30666991722434,-11696.169933777885,0.4145455091275423,3.544409876621302e-05,REDUCE
2021-12-31,SMH,BUY,150.6065,51.9469,7823.54,0.0,0.0,OPEN
2021-12-31,QQQ,BUY,387.031,0.182,70.43,0.0,0.0,ADD
2021-12-31,USD,BUY,13.0461,9.2168,120.24,0.0,0.0,ADD
2021-12-31,XLY,BUY,98.3903,79.5154,7823.54,0.0,0.0,OPEN
2021-12-31,XLK,BUY,84.0383,93.0949,7823.54,0.0,0.0,OPEN
2022-01-04,SMH,SELL,153.12802124023438,-0.6295557936964912,-96.4026329490689,1.5874535220326624,0.01674260948115669,REDUCE
2022-01-04,USD,SELL,13.270898818969727,-3.3977267501385082,-45.090887915594976,0.4152629062666981,0.009295066519606321,REDUCE
2022-01-04,XLY,SELL,100.59925842285156,-1.4022591998707798,-141.06623562362165,3.0976007573805675,0.022451485153735407,REDUCE
2022-01-04,SHV,SELL,92.58460998535156,-71.03561901957153,-6576.805081995051,-0.9569985952997923,-0.0001454899985092739,REDUCE
2022-01-04,QQQ,BUY,385.6884,0.136,52.46,0.0,0.0,ADD
2022-01-04,TQQQ,BUY,39.1847,170.4595,6679.4,0.0,0.0,OPEN
2022-01-04,GLD,BUY,169.57,0.4922,83.46,0.0,0.0,ADD
2022-01-04,XLK,BUY,83.9368,0.5246,44.03,0.0,0.0,ADD
2022-01-12,QQQ,SELL,376.81646728515625,-0.02272806288719251,-8.56430836538675,1.332139843846822,0.18419646056079086,REDUCE
2022-01-12,TQQQ,SELL,36.37352752685547,-170.4595497502222,-6200.215125055097,-479.1879448653488,-0.07174113312958907,CLOSE
2022-01-12,GLD,SELL,170.74000549316406,-1.2199624207791115,-208.29639042527924,5.759861895498539,0.028438632464521607,REDUCE
2022-01-12,SMH,BUY,149.1774,0.0798,11.9,0.0,0.0,ADD
2022-01-12,USD,BUY,12.4089,11.5895,143.81,0.0,0.0,ADD
2022-01-12,XLY,BUY,96.9705,0.9551,92.62,0.0,0.0,ADD
2022-01-12,XLK,BUY,81.5587,0.3898,31.8,0.0,0.0,ADD
2022-01-12,SHV,BUY,92.5762,66.2908,6136.95,0.0,0.0,ADD
2022-01-13,GLD,SELL,170.16000366210938,-0.41465524034513657,-70.55773721564128,1.7172291100298085,0.024945038281753096,REDUCE
2022-01-13,SHV,SELL,92.57620239257812,-72.75414828960494,-6735.302756958108,-1.1447789375611146,-0.000169938076628795,REDUCE
2022-01-13,SMH,BUY,146.5827,0.1658,24.31,0.0,0.0,ADD
2022-01-13,QQQ,BUY,367.39,0.1915,70.34,0.0,0.0,ADD
2022-01-13,USD,BUY,11.6852,13.0204,152.15,0.0,0.0,ADD
2022-01-13,TQQQ,BUY,33.7339,190.4463,6424.5,0.0,0.0,OPEN
2022-01-13,XLY,BUY,95.0214,0.4742,45.06,0.0,0.0,ADD
2022-01-13,XLK,BUY,79.4465,1.1267,89.51,0.0,0.0,ADD
2022-01-14,SMH,SELL,149.6895294189453,-0.6986632071558945,-104.58256670149694,-0.6300515106955002,-0.0059883645270076835,REDUCE
2022-01-14,USD,SELL,12.166842460632324,-9.465231627228706,-115.16198206188619,-8.39487522529334,-0.06794341819314309,REDUCE
2022-01-14,TQQQ,SELL,34.243717193603516,-190.44631570013087,-6521.589775399015,97.09315608238101,0.01511295932360679,CLOSE
2022-01-14,XLK,SELL,80.11835479736328,-0.10361403175467522,-8.301385758106335,-0.3994119484507723,-0.045905210294656884,REDUCE
2022-01-14,QQQ,BUY,369.6761,0.0197,7.3,0.0,0.0,ADD
2022-01-14,XLY,BUY,94.5786,0.9604,90.83,0.0,0.0,ADD
2022-01-14,GLD,BUY,169.67,0.3877,65.77,0.0,0.0,ADD
2022-01-14,SHV,BUY,92.5595,71.1514,6585.73,0.0,0.0,ADD
2022-01-18,GLD,SELL,169.38999938964844,-0.6484722312526878,-109.84471085609675,2.16215465159491,0.020078968477389436,REDUCE
2022-01-18,SHV,SELL,92.51751708984375,-72.91077089558027,-6745.52349236553,-4.707446312512822,-0.0006973755942984994,REDUCE
2022-01-18,SMH,BUY,142.993,1.3904,198.82,0.0,0.0,ADD
2022-01-18,QQQ,BUY,360.4733,0.1126,40.58,0.0,0.0,ADD
2022-01-18,USD,BUY,11.1542,19.8458,221.36,0.0,0.0,ADD
2022-01-18,TQQQ,BUY,31.7756,199.878,6351.24,0.0,0.0,OPEN
2022-01-18,XLY,BUY,92.7883,0.0252,2.33,0.0,0.0,ADD
2022-01-18,XLK,BUY,78.1947,0.5246,41.02,0.0,0.0,ADD
2022-01-21,QQQ,SELL,342.1261901855469,-8.856681545305419,-3030.102714781985,204.2316902762135,0.07227212017290574,REDUCE
2022-01-21,TQQQ,SELL,27.001407623291016,-199.87795887390413,-5396.986242465683,-954.2585828036415,-0.15024748833598556,CLOSE
2022-01-21,GLD,SELL,171.08999633789062,-19.97255752269123,-3417.104793415552,100.5463590933424,0.03031647446727126,REDUCE
2022-01-21,XLK,SELL,74.59380340576172,-0.6139632264154214,-45.797852209599114,-5.739104401944394,-0.11135900874400717,REDUCE
2022-01-21,SMH,BUY,132.5409,1.1791,156.28,0.0,0.0,ADD
2022-01-21,USD,BUY,9.3561,39.182,366.59,0.0,0.0,ADD
2022-01-21,XLY,BUY,86.8302,1.0354,89.9,0.0,0.0,ADD
2022-01-21,SHV,BUY,92.5595,121.4473,11241.1,0.0,0.0,ADD
2022-01-24,SMH,SELL,134.23822021484375,-0.39521317162714126,-53.05271276469102,-6.227399160767965,-0.10505039478667866,REDUCE
2022-01-24,USD,SELL,9.541315078735352,-4.838118674662946,-46.16201466327266,-14.400346250391223,-0.2377771611466729,REDUCE
2022-01-24,XLY,SELL,87.87456512451172,-0.5410008517019534,-47.540214575299615,-5.564797499054367,-0.10478855538650322,REDUCE
2022-01-24,SHV,SELL,92.54266357421875,-129.10377493022486,-11947.607209529457,-3.8357706692745186,-0.0003209462385110884,REDUCE
2022-01-24,QQQ,BUY,343.6924,8.8458,3040.23,0.0,0.0,ADD
2022-01-24,TQQQ,BUY,27.3921,220.9335,6051.84,0.0,0.0,OPEN
2022-01-24,GLD,BUY,172.03,17.6567,3037.48,0.0,0.0,ADD
2022-01-25,QQQ,SELL,335.7251281738281,-8.845486530010843,-2969.6520990477607,37.9239508646365,0.012935698314367583,REDUCE
2022-01-25,TQQQ,SELL,25.37189483642578,-220.9335262907771,-5605.502194890308,-446.334284927533,-0.0737518745617145,CLOSE
2022-01-25,XLY,SELL,86.387451171875,-0.5720271221353619,-49.41596508245675,-6.734606829381637,-0.11993834791131952,REDUCE
2022-01-25,GLD,SELL,172.5800018310547,-18.132410546956066,-3129.291445395113,63.929424698564205,0.02085542401417162,REDUCE
2022-01-25,XLK,SELL,73.24526977539062,-0.05775703658216685,-4.230429725887916,-0.6177790271431886,-0.12742418047839887,REDUCE
2022-01-25,SMH,BUY,128.9219,0.8692,112.06,0.0,0.0,ADD
2022-01-25,USD,BUY,8.872,16.7163,148.31,0.0,0.0,ADD
2022-01-25,SHV,BUY,92.5427,123.8694,11463.21,0.0,0.0,ADD
2022-01-28,XLK,SELL,76.3676528930664,-3.705406125253419,-282.97316880119524,-28.06395278712856,-0.09022702063283905,REDUCE
2022-01-28,SHV,SELL,92.52590942382812,-63.25857664728026,-5853.057333146542,-2.101082973139518,-0.0003588430617615934,REDUCE
2022-01-28,SMH,BUY,127.6343,0.648,82.71,0.0,0.0,ADD
2022-01-28,QQQ,BUY,342.2332,8.5316,2919.8,0.0,0.0,ADD
2022-01-28,USD,BUY,8.8003,3.549,31.23,0.0,0.0,ADD
2022-01-28,XLY,BUY,85.7137,0.7875,67.5,0.0,0.0,ADD
2022-01-28,GLD,BUY,167.1,18.3737,3070.24,0.0,0.0,ADD
2022-01-31,SMH,SELL,134.3211212158203,-1.4372332749607577,-193.05078494141435,-21.66313865762224,-0.10089303150212403,REDUCE
2022-01-31,QQQ,SELL,353.1772766113281,-0.12254812610002977,-43.28121342983013,2.011499641977498,0.04874033419077328,REDUCE
2022-01-31,USD,SELL,9.761137962341309,-356.05896197989273,-3475.5406506137715,-907.3794526489999,-0.20702623622400063,CLOSE
2022-01-31,XLY,SELL,89.01036834716797,-1.0792479637620724,-96.06425879239305,-9.745232878957337,-0.092101688846843,REDUCE
2022-01-31,XLK,SELL,78.2865219116211,-0.040999404255088426,-3.209700759579391,-0.2318482246002108,-0.0673674051033386,REDUCE
2022-01-31,GLD,BUY,168.09,0.6599,110.92,0.0,0.0,ADD
2022-01-31,BIL,BUY,76.5663,41.9339,3210.73,0.0,0.0,OPEN
2022-01-31,SHV,BUY,92.5259,5.2904,489.5,0.0,0.0,ADD
2022-02-07,XLY,SELL,88.5627670288086,-0.038053382975415835,-3.370112891109784,-0.36064152696537316,-0.09666718485089731,REDUCE
2022-02-07,GLD,SELL,170.11000061035156,-0.6245596415117375,-106.24384099876261,1.291934843447828,0.012309779696006107,REDUCE
2022-02-07,BIL,SELL,76.54960632324219,-0.22155860457807522,-16.960223957978542,-0.00370864546542585,-0.00021861944114731635,REDUCE
2022-02-07,SHV,SELL,92.5091552734375,-66.36666196826837,-6139.523837002278,-3.263170250711659,-0.0005312198269057378,REDUCE
2022-02-07,SMH,BUY,133.1311,0.18,23.97,0.0,0.0,ADD
2022-02-07,QQQ,BUY,345.4727,0.2864,98.94,0.0,0.0,ADD
2022-02-07,TQQQ,BUY,27.3349,220.646,6031.35,0.0,0.0,OPEN
2022-02-07,XLK,BUY,76.6287,1.4596,111.85,0.0,0.0,ADD
2022-02-09,SMH,SELL,140.58847045898438,-1.3445500063494813,-189.0282288482913,-11.76552539506649,-0.05859507652218565,REDUCE
2022-02-09,QQQ,SELL,356.75726318359375,-0.05559554293115649,-19.834113741325382,1.1036311078724663,0.05892165885257894,REDUCE
2022-02-09,TQQQ,SELL,30.017446517944336,-220.64603283919027,-6623.230490146983,591.8848516602842,0.09813479232286082,CLOSE
2022-02-09,XLK,SELL,79.29669952392578,-0.48696592305925085,-38.614790479220574,-2.205698165287724,-0.05403409509612678,REDUCE
2022-02-09,XLY,BUY,90.998,0.1465,13.33,0.0,0.0,ADD
2022-02-09,GLD,BUY,171.21,0.807,138.17,0.0,0.0,ADD
2022-02-09,BIL,BUY,76.5496,1.2253,93.8,0.0,0.0,ADD
2022-02-09,SHV,BUY,92.5092,71.6189,6625.4,0.0,0.0,ADD
2022-02-11,QQQ,SELL,337.6221008300781,-8.490925693717081,-2866.7241707048493,6.078732903409071,0.0021249515312462552,REDUCE
2022-02-11,GLD,SELL,173.80999755859375,-18.951781525380422,-3294.0091006573734,107.98786059866714,0.0338942688896442,REDUCE
2022-02-11,BIL,SELL,76.54960632324219,-1.153337639787304,-88.28754228349544,-0.018754661496012348,-0.00021238192682559998,REDUCE
2022-02-11,SMH,BUY,129.3707,2.9884,386.62,0.0,0.0,ADD
2022-02-11,XLY,BUY,86.8591,1.566,136.02,0.0,0.0,ADD
2022-02-11,XLK,BUY,74.8645,2.8327,212.07,0.0,0.0,ADD
2022-02-11,SHV,BUY,92.4756,59.238,5478.07,0.0,0.0,ADD
2022-02-15,SMH,SELL,136.31593322753906,-2.039954766044082,-278.0783376752652,-24.350834920730524,-0.0805174802143176,REDUCE
2022-02-15,XLY,SELL,89.3087387084961,-1.0855686125897526,-96.95076357192283,-9.232444812292965,-0.08694825625240166,REDUCE
2022-02-15,XLK,SELL,76.80750274658203,-1.054172185566396,-80.96833303826133,-7.117028016704989,-0.08079694436699736,REDUCE
2022-02-15,SHV,SELL,92.45878601074219,-61.97227001408841,-5729.880851832535,-4.33266538828942,-0.0007555814542443695,REDUCE
2022-02-15,QQQ,BUY,346.4455,8.7815,3042.31,0.0,0.0,ADD
2022-02-15,GLD,BUY,173.08,18.1048,3133.58,0.0,0.0,ADD
2022-02-15,BIL,BUY,76.558,0.6039,46.23,0.0,0.0,ADD
2022-02-16,XLY,SELL,89.56380462646484,-0.12507984264835886,-11.202626589666579,-1.0318640197397755,-0.08434057883427026,REDUCE
2022-02-16,GLD,SELL,174.86000061035156,-0.3148547150514728,-55.0554956660726,1.325011439423547,0.02466032939205065,REDUCE
2022-02-16,SHV,SELL,92.46720123291016,-66.1080325120828,-6112.824745406528,-4.065495042655294,-0.000664634296651534,REDUCE
2022-02-16,SMH,BUY,136.2867,0.0803,10.94,0.0,0.0,ADD
2022-02-16,QQQ,BUY,346.3579,0.0275,9.53,0.0,0.0,ADD
2022-02-16,TQQQ,BUY,27.2968,224.8513,6137.73,0.0,0.0,OPEN
2022-02-16,XLK,BUY,76.7302,0.2171,16.65,0.0,0.0,ADD
2022-02-16,BIL,BUY,76.558,0.0552,4.23,0.0,0.0,ADD
2022-02-17,QQQ,SELL,336.0558776855469,-8.835964748023413,-2969.37788859556,-49.41241083569525,-0.016368281972088172,REDUCE
2022-02-17,TQQQ,SELL,24.876365661621094,-224.85127264220102,-5593.482477728252,-544.2425968233401,-0.08867171308794752,CLOSE
2022-02-17,GLD,SELL,177.25,-18.25572963778446,-3235.828078297295,120.45725341194891,0.03866546237441315,REDUCE
2022-02-17,BIL,SELL,76.54960632324219,-0.9785772451263617,-74.90970287130585,-0.015792925652980655,-0.00021078173037092363,REDUCE
2022-02-17,SMH,BUY,130.8241,0.9338,122.17,0.0,0.0,ADD
2022-02-17,XLY,BUY,87.1671,0.298,25.97,0.0,0.0,ADD
2022-02-17,XLK,BUY,74.4343,0.6556,48.8,0.0,0.0,ADD
2022-02-17,SHV,BUY,92.4924,125.8556,11640.68,0.0,0.0,ADD
2022-02-28,SMH,SELL,130.78506469726562,-53.916648255981805,-7051.492330418294,-924.5701161840249,-0.11591811402854268,CLOSE
2022-02-28,QQQ,SELL,337.3691711425781,-0.052136576057169336,-17.589273450619203,-0.22308711613728166,-0.012524287014132884,REDUCE
2022-02-28,XLY,SELL,85.3912124633789,-80.9204198047346,-6909.892760171907,-1002.0401337810978,-0.12664922051436323,CLOSE
2022-02-28,XLK,SELL,74.46813201904297,-94.76273759004593,-7056.804053341466,-853.9918495071785,-0.10795270918311262,CLOSE
2022-02-28,BIL,SELL,76.54960632324219,-41.46486291061277,-3174.118932054614,-0.6691873333655771,-0.00021078173037092363,CLOSE
2022-02-28,GLD,BUY,178.38,76.8151,13702.28,0.0,0.0,ADD
2022-02-28,SHV,BUY,92.4924,113.606,10507.68,0.0,0.0,ADD
2022-03-18,SHV,SELL,92.48397064208984,-63.81018279881509,-5901.419072632001,-1.4510908746383624,-0.00024582801831041223,REDUCE
2022-03-18,QQQ,BUY,341.9316,8.7052,2976.59,0.0,0.0,ADD
2022-03-18,GLD,BUY,179.3,16.5127,2960.73,0.0,0.0,ADD
2022-03-24,QQQ,SELL,350.30230712890625,-0.2499420366206101,-87.55527207669729,2.127877122642745,0.024908603660303452,REDUCE
2022-03-24,GLD,SELL,183.1300048828125,-1.238417521823441,-226.7914068184873,7.175076393831691,0.03267096021483362,REDUCE
2022-03-24,SHV,SELL,92.4504165649414,-150.730170809402,-13935.067080233988,-8.485327636569716,-0.000608548480929394,REDUCE
2022-03-24,QLD,BUY,35.0839,406.153,14249.41,0.0,0.0,OPEN
2022-03-25,QQQ,SELL,350.0101013183594,-0.01845100645637564,-6.458038639221741,0.15169082690405172,0.02405367281007975,REDUCE
2022-03-25,QLD,SELL,35.03446578979492,-406.15302654197825,-14229.354313806605,-20.05944532256696,-0.0014077382874586597,CLOSE
2022-03-25,GLD,BUY,182.38,0.2401,43.79,0.0,0.0,ADD
2022-03-25,SHV,BUY,92.4421,153.5235,14192.03,0.0,0.0,ADD
2022-03-28,QQQ,SELL,355.42559814453125,-0.3443686511367184,-122.39743381249355,4.696077257148783,0.039898242421195995,REDUCE
2022-03-28,SHV,SELL,92.4336166381836,-154.69846326524984,-14299.338447976232,-6.718693929184129,-0.00046963980798764293,REDUCE
2022-03-28,QLD,BUY,36.116,391.9144,14154.39,0.0,0.0,OPEN
2022-03-28,GLD,BUY,179.06,1.493,267.34,0.0,0.0,ADD
2022-03-31,GLD,SELL,180.64999389648438,-59.821932319401945,-10806.831708375863,196.18827187131384,0.018489762005982957,REDUCE
2022-03-31,SHV,SELL,92.45878601074219,-114.97209563783149,-10630.180387784847,-2.0995664072063387,-0.00019747094849387192,REDUCE
2022-03-31,SMH,BUY,131.585,53.6961,7065.6,0.0,0.0,OPEN
2022-03-31,QQQ,BUY,353.1172,0.0827,29.21,0.0,0.0,ADD
2022-03-31,QLD,BUY,35.5185,5.9407,211.0,0.0,0.0,ADD
2022-03-31,XLY,BUY,89.1712,79.2363,7065.6,0.0,0.0,OPEN
2022-03-31,XLK,BUY,76.9591,91.8098,7065.6,0.0,0.0,OPEN
2022-04-05,QQQ,SELL,351.714599609375,-0.09139304800443182,-32.144269285959126,0.9021108332015356,0.02887479219995792,REDUCE
2022-04-05,QLD,SELL,35.306087493896484,-1.3389065567913505,-47.27155204022711,-1.072487538133911,-0.022184483288689827,REDUCE
2022-04-05,XLY,SELL,89.14710235595703,-0.7175911289591648,-63.97116982304942,-0.017294848452621473,-0.00027028072233659106,REDUCE
2022-04-05,GLD,SELL,179.24000549316406,-0.07784677495492133,-13.953256370545205,0.14553836975795728,0.010540363711777578,REDUCE
2022-04-05,XLK,SELL,76.54266357421875,-0.36121076335513774,-27.648033938879053,-0.1504208915421561,-0.005411124195922712,REDUCE
2022-04-05,SHV,SELL,92.423583984375,-64.95606286438395,-6003.4721314407325,-3.4727821472972042,-0.0005781278498895315,CLOSE
2022-04-05,SMH,BUY,125.9126,1.8958,238.7,0.0,0.0,ADD
2022-04-05,TQQQ,BUY,27.3873,217.2448,5949.76,0.0,0.0,OPEN
2022-04-06,SMH,SELL,123.30816650390625,-0.46077520061381977,-56.817345158159696,-3.724611942654355,-0.061521168475808574,REDUCE
2022-04-06,QQQ,SELL,344.078369140625,-0.12260706129973654,-42.18643769713799,0.27395835442492333,0.006536438758127483,REDUCE
2022-04-06,QLD,SELL,33.730674743652344,-396.51618867698056,-13374.758590855916,-942.2930522394861,-0.06581613838725797,CLOSE
2022-04-06,XLY,SELL,86.87201690673828,-0.2643915110746579,-22.968223820075764,-0.6078854475856615,-0.025783959544990687,REDUCE
2022-04-06,GLD,SELL,179.66000366210938,-1.5774739785336898,-283.40898076024496,3.611701273895065,0.01290827873854039,REDUCE
2022-04-06,XLK,SELL,74.73162841796875,-0.4815694102403808,-35.98846622354449,-1.0726816058683115,-0.028943561349090263,REDUCE
2022-04-06,TQQQ,BUY,25.5863,8.5946,219.9,0.0,0.0,ADD
2022-04-06,SHV,BUY,92.4152,147.1211,13596.23,0.0,0.0,OPEN
2022-04-11,QQQ,SELL,332.02996826171875,-8.347151171844175,-2771.5043386631896,-81.91859923063178,-0.028708887891361057,REDUCE
2022-04-11,TQQQ,SELL,22.946670532226562,-225.8393912849591,-5182.262105014555,-987.4007771436753,-0.16004128523765782,CLOSE
2022-04-11,XLY,SELL,84.90545654296875,-0.22109153227890524,-18.77187748592496,-0.9431205560896415,-0.04783771999772757,REDUCE
2022-04-11,GLD,SELL,182.3699951171875,-17.463659228524378,-3184.847448234217,87.31024095821557,0.028186986988607332,REDUCE
2022-04-11,SMH,BUY,117.6895,1.1649,137.1,0.0,0.0,ADD
2022-04-11,XLK,BUY,71.9425,1.1267,81.06,0.0,0.0,ADD
2022-04-11,SHV,BUY,92.4236,117.9941,10905.44,0.0,0.0,ADD
2022-05-02,SMH,SELL,115.36788940429688,-56.29601024129306,-6494.751883420662,-886.1049570187123,-0.12005448366967153,CLOSE
2022-05-02,XLY,SELL,79.65638732910156,-78.03325105008477,-6215.846870194574,-742.4720477988283,-0.10670279079604728,CLOSE
2022-05-02,XLK,SELL,69.52128601074219,-92.09372168021945,-6402.473964724225,-679.3235412144976,-0.09592529871756761,CLOSE
2022-05-02,QQQ,BUY,310.2024,0.3851,119.47,0.0,0.0,ADD
2022-05-02,GLD,BUY,173.63,39.9652,6939.15,0.0,0.0,ADD
2022-05-02,BIL,BUY,76.5848,38.0293,2912.46,0.0,0.0,OPEN
2022-05-02,SHV,BUY,92.4177,98.9287,9142.77,0.0,0.0,ADD
2022-05-31,BIL,SELL,76.60152435302734,-38.02925524355351,-2913.0989216665566,0.6368577214019772,0.00021866644351731246,CLOSE
2022-05-31,SHV,SELL,92.49319458007812,-1.970065599049179,-182.2176607883739,0.14695191889630232,0.0008071145535093471,REDUCE
2022-05-31,QQQ,BUY,300.2674,0.2503,75.14,0.0,0.0,ADD
2022-05-31,USD,BUY,6.9899,414.7517,2899.07,0.0,0.0,OPEN
2022-05-31,GLD,BUY,171.14,0.7085,121.26,0.0,0.0,ADD
2022-06-30,USD,SELL,4.687915802001953,-414.7516672625844,-1944.3208948669258,-954.745304269873,-0.32932856260893595,CLOSE
2022-06-30,GLD,SELL,168.4600067138672,-0.8703139468578137,-146.61309333083955,-5.904854449654418,-0.03871580057025659,REDUCE
2022-06-30,SHV,SELL,92.42353820800781,-9.688844664584167,-895.4773050486474,0.047824396587776104,5.340945057219493e-05,REDUCE
2022-06-30,QQQ,BUY,273.5199,0.614,167.95,0.0,0.0,ADD
2022-06-30,BIL,BUY,76.661,36.777,2819.36,0.0,0.0,OPEN
2022-08-01,QQQ,SELL,307.6660461425781,-1.0571912454795547,-325.2618505132423,-29.095109602097114,-0.08210678179603692,REDUCE
2022-08-01,BIL,SELL,76.6945571899414,-36.77702342958097,-2820.597526695813,1.2331773221817655,0.000437395515218153,CLOSE
2022-08-01,USD,BUY,6.3551,444.6112,2825.55,0.0,0.0,OPEN
2022-08-01,GLD,BUY,165.03,1.647,271.81,0.0,0.0,ADD
2022-08-01,SHV,BUY,92.489,0.5236,48.43,0.0,0.0,ADD
2022-08-16,USD,SELL,6.594696044921875,-13.574844953633267,-89.52197632615298,3.252295815157152,0.037699175375323524,REDUCE
2022-08-16,SHV,SELL,92.55631256103516,-192.5257590165939,-17819.474327590397,26.492675727694817,0.0014889396418233947,REDUCE
2022-08-16,QQQ,BUY,324.2658,7.9193,2567.96,0.0,0.0,ADD
2022-08-16,QLD,BUY,28.3871,445.0462,12633.57,0.0,0.0,OPEN
2022-08-16,GLD,BUY,165.42,16.5608,2739.49,0.0,0.0,ADD
2022-08-17,QQQ,SELL,320.56719970703125,-8.314848892476306,-2665.4678254482396,-78.13136224863906,-0.028477688212988128,REDUCE
2022-08-17,QLD,SELL,27.730268478393555,-445.04615140418593,-12341.249263713862,-292.32298517487015,-0.023138584987360433,CLOSE
2022-08-17,GLD,SELL,164.35000610351562,-16.68230288581471,-2741.7365811043437,-148.374790196657,-0.05133877942214571,REDUCE
2022-08-17,USD,BUY,6.2637,17.4571,109.35,0.0,0.0,ADD
2022-08-17,SHV,BUY,92.5563,190.233,17607.27,0.0,0.0,ADD
2022-08-31,USD,SELL,4.895388603210449,-448.4934267262906,-2195.5496098106837,-653.0816698569289,-0.22926156660511454,CLOSE
2022-08-31,SHV,SELL,92.62360382080078,-8.647068172884854,-800.9226166567423,1.126164449363964,0.0014080638220586028,REDUCE
2022-08-31,QQQ,BUY,292.0519,0.5881,171.76,0.0,0.0,ADD
2022-08-31,GLD,BUY,159.27,0.5244,83.52,0.0,0.0,ADD
2022-08-31,BIL,BUY,76.8373,35.6852,2741.95,0.0,0.0,OPEN
2022-10-31,GLD,SELL,151.91000366210938,-56.82849613047373,-8632.817055292433,-1206.727680499646,-0.12264060105444552,REDUCE
2022-10-31,BIL,SELL,77.11821746826172,-35.68515147051132,-2751.9752714907518,10.026103119301224,0.0036565605354588193,CLOSE
2022-10-31,QQQ,BUY,271.7337,0.5333,144.9,0.0,0.0,ADD
2022-10-31,SSO,BUY,22.3765,120.8962,2705.24,0.0,0.0,OPEN
2022-10-31,SHV,BUY,92.794,91.9787,8535.07,0.0,0.0,ADD
2022-11-30,SSO,SELL,24.63996696472168,-120.8961673914438,-2978.8775706866377,273.6422747559718,0.10115285541616159,CLOSE
2022-11-30,SHV,SELL,93.10858917236328,-50.21094525655716,-4675.0702738488035,27.691288481369927,0.0059584743505012305,REDUCE
2022-11-30,QQQ,BUY,286.7989,8.7365,2505.61,0.0,0.0,ADD
2022-11-30,USD,BUY,5.1696,531.6512,2748.4,0.0,0.0,OPEN
2022-11-30,GLD,BUY,164.81,14.7479,2430.6,0.0,0.0,ADD
2022-12-05,QQQ,SELL,281.2069091796875,-8.953843953808228,-2517.8827835276443,-223.63422499953688,-0.0815731670837524,REDUCE
2022-12-05,GLD,SELL,164.38999938964844,-15.851788171201674,-2605.8754477886796,-76.91848327774962,-0.02867103670805382,REDUCE
2022-12-05,USD,BUY,4.8855,28.0783,137.18,0.0,0.0,ADD
2022-12-05,SHV,BUY,93.1595,53.1947,4955.59,0.0,0.0,ADD
2022-12-13,USD,SELL,5.241178035736084,-34.50148303054859,-180.8284150600325,2.9628590824751493,0.016657857482249128,REDUCE
2022-12-13,SHV,SELL,93.27816772460938,-53.27690351939244,-4969.57194232972,34.50964240679328,0.006992747063665705,REDUCE
2022-12-13,QQQ,BUY,282.1943,9.2788,2618.41,0.0,0.0,ADD
2022-12-13,GLD,BUY,168.51,15.2096,2562.98,0.0,0.0,ADD
2022-12-14,QQQ,SELL,280.1021728515625,-9.206630097549587,-2578.797094964232,-128.9028947897761,-0.047606047670549656,REDUCE
2022-12-14,GLD,SELL,168.10000610351562,-15.494918838163695,-2604.6959512687963,-12.1071884084483,-0.004626709676732399,REDUCE
2022-12-14,USD,BUY,5.0905,14.0693,71.62,0.0,0.0,ADD
2022-12-14,SHV,BUY,93.2697,54.4738,5080.76,0.0,0.0,ADD
2023-01-03,USD,SELL,3.9870412349700928,-539.2973141543221,-2150.2006294419025,-629.1282174833358,-0.22635976242226186,CLOSE
2023-01-03,SHV,SELL,93.4848403930664,-71.20561343146217,-6656.645406730626,55.17937439049281,0.008358654595838733,REDUCE
2023-01-03,SMH,BUY,99.336,60.5988,6019.64,0.0,0.0,OPEN
2023-01-03,QQQ,BUY,259.184,0.6118,158.56,0.0,0.0,ADD
2023-01-03,GLD,BUY,171.06,15.3693,2629.07,0.0,0.0,ADD
2023-01-11,SMH,SELL,109.3396224975586,-4.553671562431592,-497.89672961413817,45.55335692587846,0.1007052599337459,REDUCE
2023-01-11,SHV,SELL,93.5528793334961,-49.23534432498784,-4606.108226578719,41.5038718275888,0.009092545290237286,REDUCE
2023-01-11,QQQ,BUY,271.9922,9.3191,2534.72,0.0,0.0,ADD
2023-01-11,GLD,BUY,174.62,14.8894,2599.98,0.0,0.0,ADD
2023-01-18,SMH,SELL,111.33738708496094,-0.7166565809046606,-79.79067115516682,8.600895954834566,0.12081645054547696,REDUCE
2023-01-18,QQQ,SELL,272.3155517578125,-9.574811249304782,-2607.3700083313415,-94.90895826472648,-0.03512182103991979,REDUCE
2023-01-18,GLD,SELL,177.0800018310547,-15.241282724394006,-2698.9263727433126,85.22547679572978,0.032607203420968345,REDUCE
2023-01-18,SHV,BUY,93.6379,57.1849,5354.67,0.0,0.0,ADD
2023-01-20,SMH,SELL,112.1463623046875,-0.20641470173254095,-23.148657925511543,2.644253715849928,0.1289602803774208,REDUCE
2023-01-20,SHV,SELL,93.68042755126953,-186.80781467599223,-17500.235948765276,154.85584181888828,0.00892778600780697,REDUCE
2023-01-20,QQQ,BUY,277.0194,9.3923,2601.85,0.0,0.0,ADD
2023-01-20,QLD,BUY,19.4459,635.7871,12363.47,0.0,0.0,OPEN
2023-01-20,GLD,BUY,179.29,14.443,2589.48,0.0,0.0,ADD
2023-01-31,SMH,SELL,116.95580291748047,-0.6412226068525404,-74.99470483327877,11.29823646682675,0.17737618358724205,REDUCE
2023-01-31,QQQ,SELL,288.72039794921875,-0.2090181519297134,-60.34780400375712,1.8961206400730843,0.032439110919620484,REDUCE
2023-01-31,QLD,SELL,21.03588104248047,-29.97965115909057,-630.6483754776909,47.66622037631947,0.08176274343771484,REDUCE
2023-01-31,GLD,SELL,179.41000366210938,-14.634441260647547,-2625.565160165701,79.1407095556622,0.03107915082134194,REDUCE
2023-01-31,USD,BUY,5.4159,529.4246,2867.33,0.0,0.0,OPEN
2023-01-31,SHV,BUY,93.774,5.5903,524.23,0.0,0.0,ADD
2023-02-09,SMH,SELL,122.42129516601562,-1.2972682455265943,-158.81325879511041,29.94786184726097,0.23239645829345923,REDUCE
2023-02-09,QQQ,SELL,295.6390075683594,-0.03949694278727649,-11.67683696761469,0.6315628020878425,0.05717945907209798,REDUCE
2023-02-09,USD,SELL,6.0028486251831055,-41.34653004718559,-248.19696104983996,24.266721911338784,0.10836732906059088,REDUCE
2023-02-09,QLD,SELL,21.937345504760742,-12.226252853394472,-268.2115330734814,30.46069336349664,0.1281202346147483,REDUCE
2023-02-09,SHV,SELL,93.87632751464844,-54.94450874573813,-5157.988698146379,54.84713451026727,0.010747719581423398,REDUCE
2023-02-09,TQQQ,BUY,11.6478,475.1253,5534.18,0.0,0.0,OPEN
2023-02-09,GLD,BUY,173.03,1.7957,310.71,0.0,0.0,ADD
2023-02-13,QQQ,SELL,298.4024963378906,-0.03232707052860299,-9.646478545026184,0.606250827154148,0.06706145531662022,REDUCE
2023-02-13,TQQQ,SELL,11.949563026428223,-475.1252973985621,-5677.539686714571,143.36189565136516,0.025904822913870085,CLOSE
2023-02-13,QLD,SELL,22.358360290527344,-6.748461868155846,-150.88454185511364,19.654434385235163,0.14977077108426884,REDUCE
2023-02-13,SMH,BUY,122.1747,0.5126,62.63,0.0,0.0,ADD
2023-02-13,USD,BUY,5.9583,7.3907,44.04,0.0,0.0,ADD
2023-02-13,GLD,BUY,172.48,0.346,59.68,0.0,0.0,ADD
2023-02-13,SHV,BUY,93.9019,60.4006,5671.73,0.0,0.0,ADD
2023-02-21,GLD,SELL,170.6199951171875,-0.7569607455288012,-129.15263870602666,-2.506964918118625,-0.0190412613216987,REDUCE
2023-02-21,SHV,SELL,93.961669921875,-64.21272186502053,-6033.534576666225,49.63557379060761,0.008294854870838364,REDUCE
2023-02-21,SMH,BUY,116.1123,0.8857,102.84,0.0,0.0,ADD
2023-02-21,QQQ,BUY,288.1422,0.0085,2.45,0.0,0.0,ADD
2023-02-21,USD,BUY,5.3813,34.5046,185.68,0.0,0.0,ADD
2023-02-21,TQQQ,BUY,10.7043,503.2526,5386.98,0.0,0.0,OPEN
2023-02-21,QLD,BUY,20.7734,23.3351,484.75,0.0,0.0,ADD
2023-02-28,SMH,SELL,118.09033966064453,-0.7274059359440014,-85.89961404679616,13.288006736762709,0.18300113754576786,REDUCE
2023-02-28,USD,SELL,5.775018215179443,-34.415107995395914,-198.7478755507791,12.175186129534461,0.06525706504688511,REDUCE
2023-02-28,TQQQ,SELL,10.598950386047363,-503.2526379248305,-5333.949741012736,-53.02607317078104,-0.009843384303149683,CLOSE
2023-02-28,QQQ,BUY,287.6816,0.0951,27.37,0.0,0.0,ADD
2023-02-28,QLD,BUY,20.6693,5.2057,107.6,0.0,0.0,ADD
2023-02-28,GLD,BUY,169.78,0.2667,45.28,0.0,0.0,ADD
2023-02-28,SHV,BUY,94.047,57.826,5438.36,0.0,0.0,ADD
2023-03-01,SMH,SELL,118.16925048828125,-0.27123995900160885,-32.052222657692255,4.976324020358878,0.18379164758348288,REDUCE
2023-03-01,GLD,SELL,170.75999450683594,-0.3211223162484159,-54.834844958601934,-1.0073953877244108,-0.018040024567006485,REDUCE
2023-03-01,SHV,SELL,94.0641098022461,-58.09485133195734,-5464.640474634398,35.89694729998967,0.006612385926733078,REDUCE
2023-03-01,QQQ,BUY,285.3689,0.0695,19.83,0.0,0.0,ADD
2023-03-01,TQQQ,BUY,10.3403,520.4963,5382.1,0.0,0.0,OPEN
2023-03-01,QLD,BUY,20.3375,7.3074,148.61,0.0,0.0,ADD
2023-03-03,USD,SELL,6.109335422515869,-13.086074418604932,-79.94721798726187,9.004418720954197,0.12692505531326836,REDUCE
2023-03-03,TQQQ,SELL,11.235941886901855,-520.496276567796,-5848.265915864552,466.16655896351955,0.086614261099768,CLOSE
2023-03-03,QLD,SELL,21.526235580444336,-14.103779659884852,-303.6012835333604,28.34676915895219,0.10298384832444274,REDUCE
2023-03-03,SMH,BUY,120.833,0.6255,75.58,0.0,0.0,ADD
2023-03-03,QQQ,BUY,293.679,0.0982,28.83,0.0,0.0,ADD
2023-03-03,GLD,BUY,172.49,0.7597,131.03,0.0,0.0,ADD
2023-03-03,SHV,BUY,94.1154,63.7235,5997.36,0.0,0.0,ADD
2023-03-10,QQQ,SELL,282.7718811035156,-9.43756361873815,-2668.6776175046884,28.174139078770292,0.010669987488736599,REDUCE
2023-03-10,QLD,SELL,19.896663665771484,-608.5771266264744,-12108.654403168584,231.44095481905282,0.019486132486001173,CLOSE
2023-03-10,GLD,SELL,173.8699951171875,-16.794168728755917,-2920.002034866014,0.10090001366345781,3.455596919321735e-05,REDUCE
2023-03-10,SMH,BUY,117.2616,0.0293,3.44,0.0,0.0,ADD
2023-03-10,USD,BUY,5.7106,18.7007,106.79,0.0,0.0,ADD
2023-03-10,SHV,BUY,94.2095,186.3365,17554.67,0.0,0.0,ADD
2023-03-14,SMH,SELL,120.68989562988281,-0.9999795960058118,-120.6874330739538,20.61508370399992,0.20600179603847169,REDUCE
2023-03-14,USD,SELL,6.079617977142334,-25.587439400115233,-155.56185656598063,16.569812684032787,0.11921410910473607,REDUCE
2023-03-14,SHV,SELL,94.26937866210938,-190.43660718133347,-17952.340633504504,65.24406791756485,0.0036475493760730338,REDUCE
2023-03-14,QQQ,BUY,291.4153,9.2205,2687.0,0.0,0.0,ADD
2023-03-14,QLD,BUY,21.13,608.1674,12850.57,0.0,0.0,OPEN
2023-03-14,GLD,BUY,176.83,15.4016,2723.46,0.0,0.0,ADD
2023-03-15,QQQ,SELL,292.94403076171875,-9.435516727670333,-2764.0783025233695,70.16476462080104,0.026045663171294642,REDUCE
2023-03-15,QLD,SELL,21.33802032470703,-608.1674087923981,-12977.0885296366,126.51981215855953,0.00984546403666009,CLOSE
2023-03-15,GLD,SELL,178.2100067138672,-15.588633156466164,-2778.050419473848,44.6921429801535,0.01635063480865151,REDUCE
2023-03-15,SMH,BUY,119.3334,0.7287,86.96,0.0,0.0,ADD
2023-03-15,USD,BUY,6.0251,5.4015,32.54,0.0,0.0,ADD
2023-03-15,SHV,BUY,94.3635,194.6396,18366.87,0.0,0.0,ADD
2023-03-16,SMH,SELL,124.10830688476562,-1.5070465630464738,-187.03699733620306,35.82831435396766,0.23694614388101587,REDUCE
2023-03-16,USD,SELL,6.51051664352417,-30.975918143074292,-201.6692306189275,33.200430672378694,0.19707168735642688,REDUCE
2023-03-16,SHV,SELL,94.35492706298828,-192.236453316134,-18138.456531491374,40.290004382421905,0.0022261925992377307,REDUCE
2023-03-16,QQQ,BUY,300.6663,9.1003,2736.15,0.0,0.0,ADD
2023-03-16,QLD,BUY,22.4525,579.9518,13021.35,0.0,0.0,OPEN
2023-03-16,GLD,BUY,178.57,15.6941,2802.5,0.0,0.0,ADD
2023-03-28,QLD,SELL,22.526769638061523,-0.08868719912614724,-1.9978361045596102,0.00658901935646379,0.003308991337853673,REDUCE
2023-03-28,GLD,SELL,183.44000244140625,-0.7275578387072051,-133.46321170871397,4.702060269741667,0.03651769355270362,REDUCE
2023-03-28,SHV,SELL,94.49179077148438,-58.41671566632483,-5519.9000742996595,20.238434385343943,0.0036799417328625683,REDUCE
2023-03-28,SMH,BUY,123.2697,0.5235,64.54,0.0,0.0,ADD
2023-03-28,QQQ,BUY,301.436,0.0109,3.3,0.0,0.0,ADD
2023-03-28,USD,BUY,6.4511,5.5792,35.99,0.0,0.0,ADD
2023-03-28,TQQQ,BUY,11.9807,463.374,5551.54,0.0,0.0,OPEN
2023-03-29,SMH,SELL,127.107421875,-0.3938687220094801,-50.063637811826084,10.45577579816959,0.26398233246128044,REDUCE
2023-03-29,USD,SELL,6.812639236450195,-14.054906614550692,-95.75100826693142,19.136306366212548,0.2497732927423031,REDUCE
2023-03-29,TQQQ,SELL,12.635842323303223,-463.3739504085606,-5855.120174088698,303.58228666841825,0.054684358248969556,CLOSE
2023-03-29,QLD,SELL,23.353940963745117,-7.412333003962756,-173.1071873781657,6.681968923562831,0.04014997838434886,REDUCE
2023-03-29,QQQ,BUY,306.9323,0.0947,29.05,0.0,0.0,ADD
2023-03-29,GLD,BUY,182.53,0.8646,157.82,0.0,0.0,ADD
2023-03-29,SHV,BUY,94.5004,63.356,5987.17,0.0,0.0,ADD
2023-03-31,QQQ,SELL,314.9903259277344,-0.08295371793805692,-26.129618650225893,1.8176564943181075,0.07476387478155155,REDUCE
2023-03-31,USD,SELL,7.159338474273682,-12.283612136565756,-87.94253697237036,20.983338457829163,0.31337499437470595,REDUCE
2023-03-31,QLD,SELL,24.55259132385254,-16.15587802933186,-396.6686707321933,33.929229732979415,0.09353609202108504,REDUCE
2023-03-31,SHV,SELL,94.52601623535156,-140.1848250809149,-13251.11305154848,37.72337065227507,0.002854935150123916,REDUCE
2023-03-31,SMH,BUY,129.8254,0.014,1.81,0.0,0.0,ADD
2023-03-31,GLD,BUY,183.22,0.5543,101.56,0.0,0.0,ADD
2023-03-31,XLK,BUY,73.8687,92.451,6829.24,0.0,0.0,OPEN
2023-03-31,XLC,BUY,55.9529,122.0533,6829.24,0.0,0.0,OPEN
2023-04-10,QQQ,SELL,311.987060546875,-0.027212377808406945,-8.489909762935895,0.5145433068564546,0.06451657233433195,REDUCE
2023-04-10,GLD,SELL,185.11000061035156,-0.6683370838265351,-123.7158779950505,5.261176073894488,0.04441508854073484,REDUCE
2023-04-10,XLC,SELL,56.75406265258789,-3.046130021053551,-172.88025406280212,2.4403063715416495,0.014317690216392842,REDUCE
2023-04-10,SHV,SELL,94.5955581665039,-61.41012288623279,-5809.1248514967865,20.795882372245494,0.003592726412609437,CLOSE
2023-04-10,SMH,BUY,126.3872,0.8368,105.76,0.0,0.0,ADD
2023-04-10,USD,BUY,6.8003,17.6965,120.34,0.0,0.0,ADD
2023-04-10,TQQQ,BUY,13.185,435.4199,5741.02,0.0,0.0,OPEN
2023-04-10,QLD,BUY,24.0474,5.4413,130.85,0.0,0.0,ADD
2023-04-10,XLK,BUY,72.8807,0.2229,16.25,0.0,0.0,ADD
2023-04-13,QQQ,SELL,313.2629699707031,-0.020424213039965416,-6.39814963621393,0.41224922289402666,0.06887004367407856,REDUCE
2023-04-13,TQQQ,SELL,13.31026840209961,-435.419896514775,-5795.555690226091,54.537527988968854,0.009499626450879761,CLOSE
2023-04-13,QLD,SELL,24.22072982788086,-2.361266656279361,-57.191601733326024,4.138842981647332,0.07801371840095639,REDUCE
2023-04-13,GLD,SELL,189.72000122070312,-0.6635806555180195,-125.89452277491364,8.282840508254012,0.07042532126591317,REDUCE
2023-04-13,XLK,SELL,73.12032318115234,-0.028945490881052336,-2.116503647859645,-0.021594599149373804,-0.010099909664853968,REDUCE
2023-04-13,XLC,SELL,57.18840026855469,-0.5524657665284883,-31.594633390905074,0.6825463501292494,0.022080241597046246,REDUCE
2023-04-13,SMH,BUY,124.4783,0.981,122.11,0.0,0.0,ADD
2023-04-13,USD,BUY,6.5105,21.2797,138.54,0.0,0.0,ADD
2023-04-13,SHV,BUY,94.6728,60.821,5758.1,0.0,0.0,OPEN
2023-04-20,SMH,SELL,123.7679443359375,-0.39313881114120003,-48.65798249362069,8.794961094835132,0.22062956560294933,REDUCE
2023-04-20,QQQ,SELL,310.4264831542969,-0.07112658751186561,-22.079576420074773,1.2338934675808775,0.05919179862769908,REDUCE
2023-04-20,USD,SELL,6.530327796936035,-7.4372323800762645,-48.56756534388478,7.289152191829804,0.17658508734284828,REDUCE
2023-04-20,XLK,SELL,72.51376342773438,-0.4291537501371121,-31.119553511567574,-0.5804748153366087,-0.01831149200721538,REDUCE
2023-04-20,SHV,SELL,94.74148559570312,-60.82103129841381,-5762.274860674481,4.1762487921579305,0.0007252826103985033,CLOSE
2023-04-20,TQQQ,BUY,12.9201,439.9267,5683.88,0.0,0.0,OPEN
2023-04-20,QLD,BUY,23.7551,3.6123,85.81,0.0,0.0,ADD
2023-04-20,GLD,BUY,186.09,0.1932,35.96,0.0,0.0,ADD
2023-04-20,XLC,BUY,55.5476,1.9272,107.05,0.0,0.0,ADD
2023-04-27,QQQ,SELL,314.421142578125,-0.09410344675060314,-29.588113247864385,2.008403826648094,0.07282179068583972,REDUCE
2023-04-27,TQQQ,SELL,13.339173316955566,-439.92672753775497,-5868.258865387203,184.3774023986455,0.0324386431348449,CLOSE
2023-04-27,QLD,SELL,24.304935455322266,-8.518817002572549,-207.04929740322768,15.578809061007911,0.08136402218373995,REDUCE
2023-04-27,XLC,SELL,57.32353591918945,-2.8357614906948463,-162.55587567010025,3.9050706648611944,0.02461425055317079,REDUCE
2023-04-27,SMH,BUY,119.9549,2.1446,257.25,0.0,0.0,ADD
2023-04-27,USD,BUY,6.1663,30.9427,190.8,0.0,0.0,ADD
2023-04-27,GLD,BUY,184.75,0.4573,84.48,0.0,0.0,ADD
2023-04-27,XLK,BUY,72.9883,0.1025,7.48,0.0,0.0,ADD
2023-04-27,SHV,BUY,94.8102,60.4095,5727.44,0.0,0.0,OPEN
2023-05-01,SMH,SELL,122.89484405517578,-0.674349354899099,-82.87405880903316,14.019400505549845,0.2036085989092855,REDUCE
2023-05-01,USD,SELL,6.57737922668457,-491.73332270441875,-3234.316541824624,486.01695494395386,0.1768427857224928,CLOSE
2023-05-01,QQQ,BUY,316.2271,0.1171,37.03,0.0,0.0,ADD
2023-05-01,QLD,BUY,24.5724,125.5647,3085.43,0.0,0.0,ADD
2023-05-01,GLD,BUY,183.97,0.5115,94.11,0.0,0.0,ADD
2023-05-01,XLK,BUY,73.8247,0.0684,5.05,0.0,0.0,ADD
2023-05-01,XLC,BUY,57.8061,0.4418,25.54,0.0,0.0,ADD
2023-05-01,SHV,BUY,94.8084,0.7387,70.03,0.0,0.0,ADD
2023-05-04,QQQ,SELL,310.3185729980469,-0.023775811928447573,-7.378076029505792,0.40637804474876776,0.058289680023041246,REDUCE
2023-05-04,GLD,SELL,190.44000244140625,-1.6781431886721854,-319.58559294776023,21.697513826535705,0.07283780502577941,REDUCE
2023-05-04,SHV,SELL,94.9031982421875,-61.14819386245482,-5803.159164280262,5.689614017547025,0.0009813961019060624,CLOSE
2023-05-04,SMH,BUY,120.167,0.1271,15.27,0.0,0.0,ADD
2023-05-04,TQQQ,BUY,12.8044,443.7259,5681.66,0.0,0.0,OPEN
2023-05-04,QLD,BUY,23.6511,12.3891,293.02,0.0,0.0,ADD
2023-05-04,XLK,BUY,72.1713,0.2305,16.63,0.0,0.0,ADD
2023-05-04,XLC,BUY,55.6055,2.2217,123.54,0.0,0.0,ADD
2023-05-05,TQQQ,SELL,13.58967113494873,-443.7258520916974,-6030.08840400107,348.42374795277834,0.061324236653402586,CLOSE
2023-05-05,QLD,SELL,24.641746520996094,-9.707420084540082,-239.20778509606316,17.12786237899117,0.07712476737850782,REDUCE
2023-05-05,SMH,BUY,122.7074,0.3343,41.03,0.0,0.0,ADD
2023-05-05,QQQ,BUY,316.9141,0.108,34.23,0.0,0.0,ADD
2023-05-05,GLD,BUY,187.46,1.301,243.89,0.0,0.0,ADD
2023-05-05,XLK,BUY,73.9813,0.1988,14.71,0.0,0.0,ADD
2023-05-05,XLC,BUY,56.3004,1.7548,98.79,0.0,0.0,ADD
2023-05-05,SHV,BUY,94.8946,61.5067,5836.65,0.0,0.0,OPEN
2023-05-31,SMH,SELL,142.38912963867188,-3.326705311447569,-473.6866738613662,133.46640431520058,0.3922940996232738,REDUCE
2023-05-31,QLD,SELL,28.391252517700195,-154.78176255589713,-4394.448105859188,853.4535298472456,0.24102085205915524,REDUCE
2023-05-31,QQQ,BUY,341.5496,0.2337,79.82,0.0,0.0,ADD
2023-05-31,USD,BUY,9.1083,370.2622,3372.45,0.0,0.0,OPEN
2023-05-31,GLD,BUY,182.32,3.8042,693.58,0.0,0.0,ADD
2023-05-31,XLK,BUY,80.36,0.4436,35.65,0.0,0.0,ADD
2023-05-31,XLC,BUY,60.0744,2.7866,167.41,0.0,0.0,ADD
2023-05-31,SHV,BUY,95.1272,5.4583,519.23,0.0,0.0,ADD
2023-06-23,QQQ,SELL,356.3183898925781,-0.08878641952032455,-31.636234047809012,5.535762100598995,0.2120943296272746,REDUCE
2023-06-23,USD,SELL,9.828922271728516,-14.014413618123585,-137.74658213639032,10.099322856953982,0.0791189949080322,REDUCE
2023-06-23,QLD,SELL,30.778654098510742,-22.31110838020525,-686.7058873887217,176.2871374368955,0.34537747183765033,REDUCE
2023-06-23,SHV,SELL,95.46641540527344,-66.96494352326499,-6392.903115982691,37.02188461432761,0.005824823225395237,CLOSE
2023-06-23,SMH,BUY,145.5461,0.8292,120.68,0.0,0.0,ADD
2023-06-23,TQQQ,BUY,18.8228,351.3822,6614.0,0.0,0.0,OPEN
2023-06-23,GLD,BUY,178.2,2.176,387.77,0.0,0.0,ADD
2023-06-23,XLK,BUY,82.6704,0.8633,71.37,0.0,0.0,ADD
2023-06-23,XLC,BUY,61.9315,0.8908,55.17,0.0,0.0,ADD
2023-06-27,SMH,SELL,149.47256469726562,-0.8414286021880507,-125.77049117868319,39.15329967714655,0.4520268897941806,REDUCE
2023-06-27,USD,SELL,10.277155876159668,-11.85308862615103,-121.81603942488937,13.854741981249461,0.12833063615674112,REDUCE
2023-06-27,TQQQ,SELL,18.97262954711914,-351.3821509445344,-6666.64337934055,52.63949756524204,0.007958794477016973,CLOSE
2023-06-27,XLK,SELL,83.69491577148438,-0.14674351521376663,-12.281686145827734,1.4266534147588896,0.13142783168912775,REDUCE
2023-06-27,QQQ,BUY,357.5862,0.1342,47.99,0.0,0.0,ADD
2023-06-27,QLD,BUY,30.9718,2.2802,70.62,0.0,0.0,ADD
2023-06-27,GLD,BUY,177.69,0.5091,90.45,0.0,0.0,ADD
2023-06-27,XLC,BUY,62.3472,0.5119,31.92,0.0,0.0,ADD
2023-06-27,SHV,BUY,95.5011,70.0048,6685.53,0.0,0.0,OPEN
2023-06-30,USD,SELL,10.457934379577637,-344.3946636725801,-3601.656793364553,464.8123897273405,0.14817833781885525,CLOSE
2023-06-30,XLK,SELL,85.22431182861328,-0.3491676948649867,-29.75757650765172,3.928654862494671,0.15210293780233353,REDUCE
2023-06-30,XLC,SELL,62.917572021484375,-126.15373477944682,-7937.286693765083,858.6359343434779,0.12129937802068325,CLOSE
2023-06-30,SMH,BUY,150.2026,0.503,75.55,0.0,0.0,ADD
2023-06-30,QQQ,BUY,363.0804,21.9606,7973.45,0.0,0.0,ADD
2023-06-30,QLD,BUY,31.8881,105.1557,3353.22,0.0,0.0,ADD
2023-06-30,GLD,BUY,178.27,0.421,75.05,0.0,0.0,ADD
2023-06-30,SHV,BUY,95.5789,0.9565,91.42,0.0,0.0,ADD
2023-07-10,SMH,SELL,149.1272735595703,-0.11599487605575658,-17.297999613075262,5.3055047238325335,0.4424020833722908,REDUCE
2023-07-10,QQQ,SELL,360.0727844238281,-0.04278369835115371,-15.40524539324906,1.2220554373989012,0.08616224144236595,REDUCE
2023-07-10,GLD,SELL,178.77999877929688,-0.46237308401356125,-82.66305939552421,0.18406981197066388,0.0022317175913533216,REDUCE
2023-07-10,SHV,SELL,95.65886688232422,-70.96127765243966,-6788.075412754374,11.123129213764757,0.0016413173279645754,CLOSE
2023-07-10,TQQQ,BUY,19.2819,348.4686,6719.14,0.0,0.0,OPEN
2023-07-10,QLD,BUY,31.3334,5.0347,157.75,0.0,0.0,ADD
2023-07-10,XLK,BUY,84.1459,0.3155,26.55,0.0,0.0,ADD
2023-07-12,TQQQ,SELL,20.28226089477539,-348.46859565178073,-7067.73097064541,348.58823284968975,0.05187986718735016,CLOSE
2023-07-12,QLD,SELL,32.4230842590332,-4.923635421456386,-159.63944613064086,38.96566661559079,0.32290085528257695,REDUCE
2023-07-12,SMH,BUY,152.4224,0.2302,35.08,0.0,0.0,ADD
2023-07-12,QQQ,BUY,366.422,0.3552,130.17,0.0,0.0,ADD
2023-07-12,GLD,BUY,181.88,0.3397,61.78,0.0,0.0,ADD
2023-07-12,XLK,BUY,85.2831,1.2067,102.91,0.0,0.0,ADD
2023-07-12,SHV,BUY,95.6849,72.0848,6897.43,0.0,0.0,OPEN
2023-07-21,QQQ,SELL,369.1837463378906,-0.039673641286103706,-14.646863520869374,1.4826759874958269,0.11262950970099594,REDUCE
2023-07-21,QLD,SELL,32.794578552246094,-2.96825568933182,-97.34269436694376,24.59347515428928,0.33805826949701934,REDUCE
2023-07-21,XLK,SELL,86.3370361328125,-0.5447963011309099,-47.03609793576197,6.639451939713626,0.16435651465626888,REDUCE
2023-07-21,SHV,SELL,95.83260345458984,-72.08480982248899,-6908.07499481811,10.646192539548812,0.0015435016213625197,CLOSE
2023-07-21,SMH,BUY,151.7219,0.5967,90.53,0.0,0.0,ADD
2023-07-21,TQQQ,BUY,20.6302,336.5302,6942.69,0.0,0.0,OPEN
2023-07-21,GLD,BUY,182.18,0.186,33.88,0.0,0.0,ADD
2023-07-26,TQQQ,SELL,20.91048812866211,-2.1912033984221346,-45.81913265019011,0.6141695438479033,0.013586329943530817,REDUCE
2023-07-26,QLD,SELL,33.12147521972656,-498.4537465694823,-16509.52341518097,4292.880149952328,0.3513960469133812,REDUCE
2023-07-26,SMH,BUY,152.5999,0.0642,9.8,0.0,0.0,ADD
2023-07-26,QQQ,BUY,371.0413,0.0796,29.54,0.0,0.0,ADD
2023-07-26,GLD,BUY,183.3,0.0318,5.82,0.0,0.0,ADD
2023-07-26,XLK,BUY,86.3027,0.6989,60.31,0.0,0.0,ADD
2023-07-26,SHV,BUY,95.8673,171.5898,16449.86,0.0,0.0,OPEN
2023-07-27,SMH,SELL,155.3425750732422,-1.0291888094675072,-159.876839899247,52.644348455349565,0.4909365412151443,REDUCE
2023-07-27,TQQQ,SELL,20.731687545776367,-334.3390181372051,-6931.412058382193,33.93143618786343,0.004919395652766445,CLOSE
2023-07-27,SHV,SELL,95.902099609375,-98.79740774719997,-9474.878838920009,3.433396852786986,0.0003624997761733084,REDUCE
2023-07-27,QQQ,BUY,370.1568,0.0378,13.98,0.0,0.0,ADD
2023-07-27,QLD,BUY,32.9382,499.1412,16440.82,0.0,0.0,ADD
2023-07-27,GLD,BUY,180.42,0.5521,99.6,0.0,0.0,ADD
2023-07-27,XLK,BUY,86.0527,0.1368,11.77,0.0,0.0,ADD
2023-07-31,QLD,SELL,34.19135284423828,-120.069122432065,-4105.32573077278,335.59841749484946,0.0890245870869193,REDUCE
2023-07-31,SMH,BUY,158.4601,0.0832,13.18,0.0,0.0,ADD
2023-07-31,QQQ,BUY,377.0956,0.118,44.48,0.0,0.0,ADD
2023-07-31,USD,BUY,11.867,318.184,3775.9,0.0,0.0,OPEN
2023-07-31,GLD,BUY,182.35,0.4202,76.62,0.0,0.0,ADD
2023-07-31,XLK,BUY,87.4253,0.5377,47.01,0.0,0.0,ADD
2023-07-31,SHV,BUY,95.9455,1.544,148.14,0.0,0.0,ADD
2023-08-02,QQQ,SELL,367.9650573730469,-0.31369064072417424,-115.42719461145862,11.26535532137206,0.10815242317292895,REDUCE
2023-08-02,QLD,SELL,32.492431640625,-490.8188424197582,-15947.897685254688,537.9974655867152,0.03491245614297078,CLOSE
2023-08-02,GLD,SELL,179.60000610351562,-0.657936703174887,-118.16543590593665,0.7199649754478835,0.006130206382108927,REDUCE
2023-08-02,XLK,SELL,85.40567016601562,-0.8398139255764095,-71.72487112860563,9.301649113345835,0.14900943612093553,REDUCE
2023-08-02,SMH,BUY,152.5605,0.307,46.84,0.0,0.0,ADD
2023-08-02,USD,BUY,10.9136,16.847,183.86,0.0,0.0,ADD
2023-08-02,SHV,BUY,95.9778,166.9398,16022.51,0.0,0.0,ADD
2023-08-04,SMH,SELL,152.17572021484375,-0.05266778143612504,-8.014757572160306,2.508085686055987,0.4554630706043985,REDUCE
2023-08-04,USD,SELL,10.891307830810547,-0.4922254863094592,-5.360979293566743,-0.45667105834183247,-0.07849750856752913,REDUCE
2023-08-04,GLD,SELL,180.19000244140625,-0.26038891863144553,-46.9194798839153,0.4385661027275498,0.009435401911247476,REDUCE
2023-08-04,SHV,SELL,96.03889465332031,-72.66091426487968,-6978.273890498718,6.87479600376007,0.0009861429406887723,REDUCE
2023-08-04,QQQ,BUY,365.6554,0.1138,41.62,0.0,0.0,ADD
2023-08-04,TQQQ,BUY,19.8812,346.1716,6882.29,0.0,0.0,OPEN
2023-08-04,XLK,BUY,83.9008,1.3666,114.66,0.0,0.0,ADD
2023-08-23,USD,SELL,10.821969032287598,-0.4861095459025889,-5.260662452057204,-0.4847031363641114,-0.08436419387148097,REDUCE
2023-08-23,TQQQ,SELL,19.223926544189453,-346.1716476053368,-6654.778325246031,-227.51254172059808,-0.03305767601491594,CLOSE
2023-08-23,XLK,SELL,83.79783630371094,-0.6360721276206387,-53.301468027707415,5.936125527755196,0.12532635075448217,REDUCE
2023-08-23,SMH,BUY,150.7156,0.0959,14.45,0.0,0.0,ADD
2023-08-23,GLD,BUY,177.89,0.1917,34.1,0.0,0.0,ADD
2023-08-23,SHV,BUY,96.2657,69.2232,6663.82,0.0,0.0,ADD
2023-08-29,SMH,SELL,152.71832275390625,-0.1520022216496982,-23.213524345209407,7.308335854382013,0.4594938223207332,REDUCE
2023-08-29,QQQ,SELL,368.3385314941406,-0.19646712478640369,-72.3664122307,7.110622162317159,0.10896538306969838,REDUCE
2023-08-29,USD,SELL,11.178572654724121,-7.293732403753751,-81.53351759947691,-4.671658819909062,-0.054192323639378204,REDUCE
2023-08-29,GLD,SELL,179.8699951171875,-0.02779597662472785,-4.999662179767256,0.03800656040607935,0.007660056102598345,REDUCE
2023-08-29,XLK,SELL,85.04783630371094,-0.42682222380549717,-36.3003066209958,4.516834371137913,0.14211267842701192,REDUCE
2023-08-29,SHV,SELL,96.3442611694336,-166.22504043343034,-16014.82870841807,50.936535166941866,0.00319073410256987,REDUCE
2023-08-29,QLD,BUY,32.3141,502.3877,16234.22,0.0,0.0,OPEN
2023-08-31,USD,SELL,11.49307918548584,-326.75902240900723,-3755.467319118662,-106.52234736507344,-0.0275822455687873,CLOSE
2023-08-31,XLK,SELL,86.10665893554688,-0.19194867153785208,-16.528058793241144,2.2345311019545266,0.15633167334308262,REDUCE
2023-08-31,SMH,BUY,154.1192,0.0653,10.07,0.0,0.0,ADD
2023-08-31,QQQ,BUY,371.5033,0.0736,27.35,0.0,0.0,ADD
2023-08-31,QLD,BUY,32.8292,109.6889,3601.0,0.0,0.0,ADD
2023-08-31,GLD,BUY,180.02,0.3672,66.09,0.0,0.0,ADD
2023-08-31,SHV,BUY,96.4053,0.6999,67.47,0.0,0.0,ADD
2023-09-07,QQQ,SELL,365.6750183105469,-0.2082808317809605,-76.16309697523866,6.968651657289464,0.10071114271193937,REDUCE
2023-09-07,GLD,SELL,178.02000427246094,-0.3758661767401621,-66.91169838915721,-0.18681909804246363,-0.0027842507560335017,REDUCE
2023-09-07,XLK,SELL,84.5233383178711,-0.22512047445265593,-19.027934024441493,2.264255955275598,0.13506916238390043,REDUCE
2023-09-07,SHV,SELL,96.50257873535156,-72.31333764238576,-6978.423559450393,33.35031009275291,0.004802009841413435,CLOSE
2023-09-07,SMH,BUY,149.295,0.582,86.89,0.0,0.0,ADD
2023-09-07,TQQQ,BUY,19.5139,349.8551,6827.03,0.0,0.0,OPEN
2023-09-07,QLD,BUY,31.7792,7.1307,226.61,0.0,0.0,ADD
2023-09-11,TQQQ,SELL,20.2387638092041,-349.8550671141337,-7080.634070776201,253.60501938182716,0.037147200850131235,CLOSE
2023-09-11,QLD,SELL,32.606361389160156,-6.400962107939375,-208.71208372979163,1.3259373742477707,0.006393567736075134,REDUCE
2023-09-11,SMH,BUY,148.4663,1.1346,168.45,0.0,0.0,ADD
2023-09-11,QQQ,BUY,370.5009,0.0892,33.07,0.0,0.0,ADD
2023-09-11,GLD,BUY,178.41,0.5063,90.33,0.0,0.0,ADD
2023-09-11,XLK,BUY,85.141,0.7655,65.18,0.0,0.0,ADD
2023-09-11,SHV,BUY,96.5289,71.816,6932.32,0.0,0.0,OPEN
2023-09-12,SMH,SELL,147.3514862060547,-0.30947458575119313,-45.60154015344142,12.773993432490903,0.38912421756873306,REDUCE
2023-09-12,QQQ,SELL,366.39251708984375,-0.0828378234898643,-30.351158658695567,2.8240706026421942,0.10259242085074693,REDUCE
2023-09-12,GLD,SELL,177.49000549316406,-0.3102558469505286,-55.06731197953559,-0.31821087730408093,-0.005745380035981462,REDUCE
2023-09-12,SHV,SELL,96.53762817382812,-71.81601205627688,-6932.947468816014,0.629551680394456,9.081402323429799e-05,CLOSE
2023-09-12,TQQQ,BUY,19.5912,349.213,6841.5,0.0,0.0,OPEN
2023-09-12,QLD,BUY,31.8832,5.6894,181.4,0.0,0.0,ADD
2023-09-12,XLK,BUY,83.5969,0.4913,41.07,0.0,0.0,ADD
2023-09-13,SMH,SELL,148.5452117919922,-0.15462299684991707,-22.968505814983473,6.566856416525658,0.40037780695050795,REDUCE
2023-09-13,TQQQ,SELL,19.784500122070312,-349.2130363073842,-6909.005359451987,67.50230017001256,0.009866589196131592,CLOSE
2023-09-13,QLD,SELL,32.115989685058594,-1.2609680489702357,-40.49723685391655,-0.35115247377033487,-0.008596482738973621,REDUCE
2023-09-13,QQQ,BUY,367.7881,0.0582,21.42,0.0,0.0,ADD
2023-09-13,GLD,BUY,177.08,0.292,51.71,0.0,0.0,ADD
2023-09-13,XLK,BUY,83.8077,0.2618,21.94,0.0,0.0,ADD
2023-09-13,SHV,BUY,96.5551,71.2278,6877.4,0.0,0.0,OPEN
2023-09-15,QQQ,SELL,364.4465026855469,-0.11836777219366595,-43.13872060666108,3.7989854949062893,0.09656865975620521,REDUCE
2023-09-15,QLD,SELL,31.48200035095215,-502.96618224480966,-15834.38152594816,-458.9404561389997,-0.02816739622794895,REDUCE
2023-09-15,GLD,SELL,178.33999633789062,-0.735909014721058,-131.24201099037418,-0.12131904181868566,-0.0009235381121120989,REDUCE
2023-09-15,SMH,BUY,144.8358,0.7265,105.22,0.0,0.0,ADD
2023-09-15,XLK,BUY,82.793,0.0137,1.13,0.0,0.0,ADD
2023-09-15,SHV,BUY,96.6077,164.6081,15902.41,0.0,0.0,ADD
2023-09-18,SMH,SELL,145.31918334960938,-0.0685912625239695,-9.967626254901916,2.656809308094961,0.3634079922156086,REDUCE
2023-09-18,GLD,SELL,179.38999938964844,-0.14381985539651762,-25.799843771800624,0.12730171604642196,0.0049586720228154135,REDUCE
2023-09-18,XLK,SELL,83.19087982177734,-0.26094295329605194,-21.708073867991516,2.2357345059837455,0.11481591730811025,REDUCE
2023-09-18,SHV,SELL,96.62522888183594,-235.8358624136074,-22787.694184259984,7.876983897673466,0.0003457878449326657,CLOSE
2023-09-18,QQQ,BUY,364.8264,0.0425,15.5,0.0,0.0,ADD
2023-09-18,TQQQ,BUY,19.2529,353.6765,6809.31,0.0,0.0,OPEN
2023-09-18,QLD,BUY,31.5613,507.5959,16020.36,0.0,0.0,ADD
2023-09-19,QQQ,SELL,364.0487976074219,-0.06481208807571484,-23.594762734390315,2.0521504866381224,0.09526005774217317,REDUCE
2023-09-19,TQQQ,SELL,19.136940002441406,-353.67648068588875,-6768.28559116048,-41.01945068562858,-0.006024028947674731,CLOSE
2023-09-19,GLD,SELL,179.22000122070312,-0.10546753585074675,-18.901891903915384,0.07542498681249807,0.004006327217136008,REDUCE
2023-09-19,XLK,SELL,83.14665222167969,-0.307530358967183,-25.570119804652677,2.6212896550413536,0.11422323656379274,REDUCE
2023-09-19,SMH,BUY,144.0663,0.2724,39.24,0.0,0.0,ADD
2023-09-19,QLD,BUY,31.4226,0.4189,13.16,0.0,0.0,ADD
2023-09-19,SHV,BUY,96.6252,70.2089,6783.95,0.0,0.0,OPEN
2023-09-20,QQQ,SELL,358.8027648925781,-0.03702633353958005,-13.285150847836121,0.9781264935630334,0.07947709092031019,REDUCE
2023-09-20,QLD,SELL,30.596071243286133,-506.6960510016163,-15502.908475137196,-566.5308314957842,-0.03525517105391085,REDUCE
2023-09-20,GLD,SELL,179.35000610351562,-0.6065425461758659,-108.78340935868346,0.5126216960698605,0.004734626090162619,REDUCE
2023-09-20,SMH,BUY,141.6985,0.0634,8.98,0.0,0.0,ADD
2023-09-20,TQQQ,BUY,18.3072,364.8891,6680.09,0.0,0.0,OPEN
2023-09-20,XLK,BUY,81.84,0.0395,3.24,0.0,0.0,ADD
2023-09-20,SHV,BUY,96.6427,92.4299,8932.67,0.0,0.0,ADD
2023-09-28,SMH,SELL,142.3496551513672,-1.2259815943349253,-174.51805717549996,43.57165778990274,0.33274422202016796,REDUCE
2023-09-28,TQQQ,SELL,17.23542022705078,-364.8891088646411,-6289.01712755617,-391.0708322425917,-0.05854276689110738,CLOSE
2023-09-28,SHV,SELL,96.7829360961914,-94.83296565962077,-9178.212855247391,14.01217241237708,0.0015290119561242044,REDUCE
2023-09-28,QQQ,BUY,352.3755,0.0124,4.39,0.0,0.0,ADD
2023-09-28,QLD,BUY,29.4338,527.0503,15513.1,0.0,0.0,ADD
2023-09-28,GLD,BUY,173.23,0.6367,110.3,0.0,0.0,ADD
2023-09-28,XLK,BUY,80.2533,0.1739,13.96,0.0,0.0,ADD
2023-10-02,SMH,SELL,144.26358032226562,-54.23631606337883,-7824.325138793037,2031.374953197934,0.35066328694646853,CLOSE
2023-10-02,QQQ,SELL,355.5743713378906,-0.012853102398588506,-4.570233805119642,0.2979672641420675,0.06974453987926665,REDUCE
2023-10-02,QLD,SELL,29.95037269592285,-122.56809441097086,-3670.9601082376357,13.04179719722681,0.003565360428597897,REDUCE
2023-10-02,XLK,SELL,81.3929443359375,-96.2019350083525,-7830.158741144312,650.0194449830606,0.09053019978743082,CLOSE
2023-10-02,XLY,BUY,78.7487,98.8987,7788.14,0.0,0.0,OPEN
2023-10-02,GLD,BUY,169.65,1.1382,193.09,0.0,0.0,ADD
2023-10-02,BIL,BUY,80.4219,43.5785,3504.66,0.0,0.0,OPEN
2023-10-02,XLC,BUY,64.0243,121.6434,7788.14,0.0,0.0,OPEN
2023-10-02,SHV,BUY,96.8049,0.5783,55.98,0.0,0.0,ADD
2023-10-18,GLD,SELL,180.8699951171875,-2.052222226202165,-371.18542403256924,5.560498208379806,0.015208203313396451,REDUCE
2023-10-18,XLC,SELL,65.1388931274414,-0.8779615310291342,-57.189442339711604,0.9785367293049098,0.017408307492625452,REDUCE
2023-10-18,SHV,SELL,97.03366088867188,-68.38409980684774,-6635.559550834756,27.1516167435924,0.004108647198294735,CLOSE
2023-10-18,QQQ,BUY,357.6512,0.1702,60.87,0.0,0.0,ADD
2023-10-18,TQQQ,BUY,17.7883,375.8964,6686.55,0.0,0.0,OPEN
2023-10-18,QLD,BUY,30.1242,2.2031,66.37,0.0,0.0,ADD
2023-10-18,XLY,BUY,77.2872,2.8844,222.93,0.0,0.0,ADD
2023-10-18,BIL,BUY,80.6066,0.3378,27.23,0.0,0.0,ADD
2023-10-25,QQQ,SELL,344.8262023925781,-9.72948675940974,-3354.981970476132,119.95195212700939,0.03707908472151433,REDUCE
2023-10-25,TQQQ,SELL,15.892083168029785,-375.89640259830543,-5973.776892655477,-712.7701660127667,-0.10659764445817399,CLOSE
2023-10-25,QLD,SELL,27.97355079650879,-522.2726080995238,-14609.819332297158,-977.4851945634729,-0.06271034179636603,CLOSE
2023-10-25,GLD,SELL,183.72000122070312,-19.686026161474793,-3616.716750416943,109.444602613381,0.03120504996509066,REDUCE
2023-10-25,BIL,SELL,80.68571472167969,-2.0814347364401473,-167.94204935620428,0.5462240060773367,0.0032630682690852897,REDUCE
2023-10-25,XLC,SELL,62.73531723022461,-1.1989070441602288,-75.21381374494285,-1.5454158034711407,-0.020133289671653176,REDUCE
2023-10-25,XLY,BUY,73.5089,0.2597,19.09,0.0,0.0,ADD
2023-10-25,SHV,BUY,97.1304,285.6067,27741.11,0.0,0.0,OPEN
2023-10-31,XLY,SELL,74.34468078613281,-102.04272368381525,-7586.3337188208,-443.81770390491295,-0.0552689084602922,CLOSE
2023-10-31,BIL,SELL,80.756103515625,-41.83478434958443,-3378.414175488889,13.923263551697453,0.004138297268777791,CLOSE
2023-10-31,SMH,BUY,137.0815,54.8425,7517.89,0.0,0.0,OPEN
2023-10-31,QQQ,BUY,345.3479,0.0226,7.82,0.0,0.0,ADD
2023-10-31,GLD,BUY,184.09,18.3811,3383.78,0.0,0.0,ADD
2023-10-31,XLC,BUY,62.7256,0.287,18.0,0.0,0.0,ADD
2023-10-31,SHV,BUY,97.2184,0.3823,37.17,0.0,0.0,ADD
2023-11-01,SMH,SELL,140.4949493408203,-0.9123418562491169,-128.17942287522965,3.1142631117868795,0.02490112448324866,REDUCE
2023-11-01,XLC,SELL,63.64634323120117,-0.8064409537977041,-51.32701774110592,-0.302322299704695,-0.005855629753657943,REDUCE
2023-11-01,SHV,SELL,97.25199890136719,-219.7654459241653,-21372.628905575395,26.686978103760474,0.0012502131878011635,REDUCE
2023-11-01,QQQ,BUY,351.342,8.9126,3131.35,0.0,0.0,ADD
2023-11-01,QLD,BUY,28.9967,522.6045,15153.82,0.0,0.0,OPEN
2023-11-01,GLD,BUY,183.51,18.0115,3305.3,0.0,0.0,ADD
2023-11-30,SMH,SELL,158.3219451904297,-53.93013245183361,-8538.323474151814,1145.5018196879823,0.15494784985058052,CLOSE
2023-11-30,QLD,SELL,34.12752914428711,-36.96795076677423,-1261.6248171976586,189.6751004215907,0.17694402774044882,REDUCE
2023-11-30,GLD,SELL,188.75,-16.357480942145962,-3087.4745278300506,110.63956449134018,0.03716684527490588,REDUCE
2023-11-30,SHV,SELL,97.71143341064453,-66.22356985465456,-6470.799936068245,38.46718055803067,0.005980284605935138,CLOSE
2023-11-30,QQQ,BUY,382.7104,0.1614,61.79,0.0,0.0,ADD
2023-11-30,USD,BUY,11.0027,338.9203,3729.05,0.0,0.0,OPEN
2023-11-30,TQQQ,BUY,21.2751,331.0801,7043.77,0.0,0.0,OPEN
2023-11-30,XLK,BUY,90.9573,91.1063,8286.79,0.0,0.0,OPEN
2023-11-30,XLC,BUY,67.62,3.5023,236.83,0.0,0.0,ADD
2023-12-01,TQQQ,SELL,21.454557418823242,-331.080148057194,-7103.1780467255685,59.40823953395202,0.00843415403400849,CLOSE
2023-12-01,QLD,SELL,34.32621383666992,-0.059926031425830396,-2.057033769106056,0.31937476767263884,0.18379599645798317,REDUCE
2023-12-01,GLD,SELL,192.00999450683594,-0.42457703142491243,-81.52303347162615,4.255894585971712,0.055080266298845215,REDUCE
2023-12-01,QQQ,BUY,383.803,0.1136,43.58,0.0,0.0,ADD
2023-12-01,XLK,BUY,91.1636,0.3117,28.42,0.0,0.0,ADD
2023-12-01,XLC,BUY,67.7557,0.4514,30.59,0.0,0.0,ADD
2023-12-01,SHV,BUY,97.7425,72.4752,7083.9,0.0,0.0,OPEN
2023-12-04,QQQ,SELL,380.2399597167969,-0.1828761164436023,-69.53680714967959,7.901615251253051,0.12819973472743862,REDUCE
2023-12-04,QLD,SELL,33.665618896484375,-485.5766387151855,-16347.238064021314,2267.102986270632,0.1610142923879394,CLOSE
2023-12-04,XLK,SELL,90.05343627929688,-0.14950664156037557,-13.46358681908896,-0.13524197753774428,-0.009945119507004274,REDUCE
2023-12-04,XLC,SELL,67.07726287841797,-0.4697355480800097,-31.508574841900554,1.3809562490400826,0.04583688700066513,REDUCE
2023-12-04,USD,BUY,10.7155,6.2412,66.88,0.0,0.0,ADD
2023-12-04,TQQQ,BUY,20.8435,335.1735,6986.19,0.0,0.0,OPEN
2023-12-04,GLD,BUY,187.86,0.2949,55.39,0.0,0.0,ADD
2023-12-04,SHV,BUY,97.7514,95.6871,9353.55,0.0,0.0,ADD
2023-12-05,QQQ,SELL,381.19464111328125,-0.0433934662855556,-16.541356807383636,1.9163490498892968,0.13103234416455578,REDUCE
2023-12-05,USD,SELL,10.765009880065918,-1.0992070321980811,-11.832974561850278,-0.25561323564946326,-0.021145003860776113,REDUCE
2023-12-05,TQQQ,SELL,20.99384880065918,-1.9267520697128895,-40.44994162790954,0.2896698982980907,0.007212847070566797,REDUCE
2023-12-05,XLK,SELL,90.59378814697266,-0.41528863432713675,-37.62257055807822,-0.15126330280097702,-0.004004446658977701,REDUCE
2023-12-05,SHV,SELL,97.76912689208984,-168.16228790552276,-16441.0800646992,3.6283801873484895,0.00022073860699256542,CLOSE
2023-12-05,QLD,BUY,33.8295,486.6012,16461.48,0.0,0.0,OPEN
2023-12-05,GLD,BUY,187.15,0.1942,36.34,0.0,0.0,ADD
2023-12-05,XLC,BUY,66.7671,0.7443,49.7,0.0,0.0,ADD
2023-12-06,QQQ,SELL,378.9898986816406,-0.11292768245565556,-42.798450932221385,4.738153534417556,0.12449071232667142,REDUCE
2023-12-06,QLD,SELL,33.437129974365234,-486.60118222306676,-16270.546975672465,-190.93802416615034,-0.011599076521226492,CLOSE
2023-12-06,GLD,SELL,187.83999633789062,-0.45742215156550486,-85.92217527493449,2.6442150164131175,0.031751678453754595,REDUCE
2023-12-06,XLK,SELL,89.82748413085938,-0.012443798129914143,-1.1177950790424802,-0.014068218683655069,-0.012429255999304445,REDUCE
2023-12-06,XLC,SELL,66.59266662597656,-0.7393323462646071,-49.234112460600045,1.8035157802407518,0.038024311445939984,REDUCE
2023-12-06,USD,BUY,10.4827,6.2293,65.3,0.0,0.0,ADD
2023-12-06,TQQQ,BUY,20.6204,3.1189,64.31,0.0,0.0,ADD
2023-12-06,SHV,BUY,97.7869,166.8936,16320.01,0.0,0.0,OPEN
2023-12-07,USD,SELL,11.017605781555176,-12.015613155826419,-132.38328897456358,0.35095524267810063,0.0026581007300134907,REDUCE
2023-12-07,TQQQ,SELL,21.483652114868164,-336.36561395507096,-7226.361833614788,216.01830991411381,0.03081422603383066,CLOSE
2023-12-07,XLC,SELL,67.9883041381836,-0.7180187327807205,-48.816875981208796,2.7536175622725803,0.05977904422715774,REDUCE
2023-12-07,SHV,SELL,97.83124542236328,-94.93429481710237,-9287.540295250932,4.212477559328212,0.000453768049782699,REDUCE
2023-12-07,QQQ,BUY,384.2853,0.0394,15.14,0.0,0.0,ADD
2023-12-07,QLD,BUY,34.3759,481.8613,16564.41,0.0,0.0,OPEN
2023-12-07,GLD,BUY,188.15,0.4912,92.42,0.0,0.0,ADD
2023-12-07,XLK,BUY,90.918,0.2545,23.13,0.0,0.0,ADD
2024-01-02,USD,SELL,12.616251945495605,-31.262612454424417,-394.4169951994072,50.89098222089867,0.14814302352143116,REDUCE
2024-01-02,QLD,SELL,36.514305114746094,-481.86130282176924,-17594.830634223144,1030.4255740761419,0.06220721905402371,CLOSE
2024-01-02,XLK,SELL,92.28047180175781,-91.09528593666741,-8406.315965151702,120.47887711746819,0.014540338632949235,CLOSE
2024-01-02,SMH,BUY,167.7026,51.3258,8607.46,0.0,0.0,OPEN
2024-01-02,QQQ,BUY,397.2542,0.2131,84.64,0.0,0.0,ADD
2024-01-02,TQQQ,BUY,23.4435,312.0839,7316.34,0.0,0.0,OPEN
2024-01-02,GLD,BUY,190.72,0.9454,180.31,0.0,0.0,ADD
2024-01-02,XLC,BUY,70.1956,0.8031,56.38,0.0,0.0,ADD
2024-01-02,SHV,BUY,98.1733,103.393,10150.44,0.0,0.0,ADD
2024-01-09,SMH,SELL,171.12669372558594,-0.48353555164627415,-82.7458402520042,1.6556828063366524,0.020417802338662305,REDUCE
2024-01-09,USD,SELL,13.597406387329102,-19.075526268868437,-259.37768272997573,49.76821729696843,0.23743306245334939,REDUCE
2024-01-09,TQQQ,SELL,23.9013729095459,-312.0838612603925,-7459.232747035626,142.89041689979024,0.019530307693671922,CLOSE
2024-01-09,SHV,SELL,98.26244354248047,-100.0907570932861,-9835.162368003152,24.79454315561637,0.002527381602636547,REDUCE
2024-01-09,QQQ,BUY,400.3723,0.1175,47.06,0.0,0.0,ADD
2024-01-09,QLD,BUY,37.0264,469.9596,17400.92,0.0,0.0,OPEN
2024-01-09,GLD,BUY,187.93,0.9902,186.08,0.0,0.0,ADD
2024-01-09,XLC,BUY,70.934,0.0346,2.45,0.0,0.0,ADD
2024-01-31,SMH,SELL,184.47579956054688,-1.6260826053250519,-299.9728887688361,27.274647581536303,0.10001768791315024,REDUCE
2024-01-31,QQQ,SELL,411.4435729980469,-21.445550119149424,-8823.633765931529,1583.9775908306965,0.21879182553978604,REDUCE
2024-01-31,USD,SELL,15.849600791931152,-30.16262456201414,-478.06555814482135,146.6266493888154,0.4423941954767807,REDUCE
2024-01-31,QLD,SELL,38.880977630615234,-2.9349680853298503,-114.11442847227954,5.443054521041717,0.050087289072870966,REDUCE
2024-01-31,SHV,SELL,98.57447052001953,-75.26163334482095,-7418.875657437572,42.12751751336481,0.005710852087434493,CLOSE
2024-01-31,TQQQ,BUY,25.6403,300.9838,7717.31,0.0,0.0,OPEN
2024-01-31,GLD,BUY,188.45,1.5996,301.45,0.0,0.0,ADD
2024-01-31,XLK,BUY,97.3218,93.2903,9079.19,0.0,0.0,OPEN
2024-01-31,XLC,BUY,73.7224,0.498,36.71,0.0,0.0,ADD
2024-02-01,USD,SELL,16.248502731323242,-1.9343086025271965,-31.429618611385195,10.174666771870656,0.4786962985705381,REDUCE
2024-02-01,TQQQ,SELL,26.54625701904297,-300.9838316727802,-7989.994154161988,272.68565201837964,0.03533429458504056,CLOSE
2024-02-01,QLD,SELL,39.80577087402344,-2.8784617284635976,-114.57938803286743,8.000242432707077,0.07506386345712124,REDUCE
2024-02-01,SMH,BUY,186.1631,0.4062,75.62,0.0,0.0,ADD
2024-02-01,QQQ,BUY,416.2885,0.1057,43.99,0.0,0.0,ADD
2024-02-01,GLD,BUY,190.41,0.2867,54.6,0.0,0.0,ADD
2024-02-01,XLK,BUY,98.5477,0.4495,44.3,0.0,0.0,ADD
2024-02-01,XLC,BUY,74.4802,0.8772,65.33,0.0,0.0,ADD
2024-02-01,SHV,BUY,98.6398,79.6045,7852.17,0.0,0.0,OPEN
2024-02-16,SMH,SELL,200.23667907714844,-1.903520493109319,-381.15462209550606,61.64167857180006,0.19292388562414087,REDUCE
2024-02-16,USD,SELL,19.239042282104492,-32.348651345564996,-622.3570710063814,266.89723097624636,0.7508505910361618,REDUCE
2024-02-16,QLD,SELL,41.27251052856445,-464.1461362312901,-19156.47629439843,1970.804466984336,0.1146771849698982,CLOSE
2024-02-16,QQQ,BUY,424.8634,0.2539,107.89,0.0,0.0,ADD
2024-02-16,TQQQ,BUY,27.9637,290.441,8121.8,0.0,0.0,OPEN
2024-02-16,GLD,BUY,186.34,2.3477,437.47,0.0,0.0,ADD
2024-02-16,XLK,BUY,99.7293,2.0701,206.45,0.0,0.0,ADD
2024-02-16,XLC,BUY,76.705,0.5379,41.26,0.0,0.0,ADD
2024-02-16,SHV,BUY,98.801,113.8158,11245.12,0.0,0.0,ADD
2024-02-21,QQQ,SELL,419.9690856933594,-0.05451343438312581,-22.893957195886287,4.404222086378596,0.2381982251391952,REDUCE
2024-02-21,TQQQ,SELL,26.974895477294922,-290.4410108688845,-7834.615910508038,-287.18420792298804,-0.035359674423810716,CLOSE
2024-02-21,GLD,SELL,187.47999572753906,-0.8861902109835027,-166.14293696897403,3.997398467282403,0.024653151139528262,REDUCE
2024-02-21,XLC,SELL,76.50100708007812,-1.4586704150841712,-111.58975575185468,17.710755440780318,0.18865513461045125,REDUCE
2024-02-21,SMH,BUY,195.036,0.57,111.16,0.0,0.0,ADD
2024-02-21,USD,BUY,17.7178,15.7098,278.34,0.0,0.0,ADD
2024-02-21,XLK,BUY,98.0948,0.1998,19.6,0.0,0.0,ADD
2024-02-21,SHV,BUY,98.8279,78.1777,7726.14,0.0,0.0,ADD
2024-02-22,SMH,SELL,208.35533142089844,-1.8115243689418847,-377.44076026792027,72.78849218889545,0.2389231915057155,REDUCE
2024-02-22,QQQ,SELL,432.2639465332031,-0.019635502388223508,-8.487719754495629,1.82779744344162,0.2744472620060263,REDUCE
2024-02-22,USD,SELL,21.00313377380371,-31.723305086466556,-666.2888204782448,303.68018891908065,0.8374874795817744,REDUCE
2024-02-22,XLK,SELL,101.3047103881836,-0.41904653251577767,-42.451387615683416,1.6441840257321585,0.040291514269236384,REDUCE
2024-02-22,SHV,SELL,98.86365509033203,-188.3397572387351,-18619.956799447173,19.241585083113588,0.0010344540444473527,REDUCE
2024-02-22,QLD,BUY,42.6547,454.0546,19367.57,0.0,0.0,OPEN
2024-02-22,GLD,BUY,187.56,1.1861,222.46,0.0,0.0,ADD
2024-02-22,XLC,BUY,77.6475,1.6046,124.59,0.0,0.0,ADD
2024-02-23,QQQ,SELL,430.9910583496094,-0.003695061484982751,-1.592538460079595,0.3392564233891437,0.27069439556081076,REDUCE
2024-02-23,QLD,SELL,42.381263732910156,-454.05460590872434,-19243.40800216023,-124.16594878834844,-0.006411022315072512,CLOSE
2024-02-23,GLD,SELL,188.6199951171875,-0.3835746620152208,-72.34985087638779,2.1199008555336514,0.030185139743146072,REDUCE
2024-02-23,XLK,SELL,101.0683822631836,-0.07716227373519549,-7.798666178165149,0.28452068489080656,0.03786467604938859,REDUCE
2024-02-23,XLC,SELL,77.45315551757812,-0.07948900349744009,-6.156674149824539,1.0272277669609815,0.2002609424659827,REDUCE
2024-02-23,SMH,BUY,207.0552,0.1451,30.04,0.0,0.0,ADD
2024-02-23,USD,BUY,20.8322,1.0462,21.79,0.0,0.0,ADD
2024-02-23,SHV,BUY,98.8816,194.9754,19279.47,0.0,0.0,ADD
2024-02-29,SMH,SELL,210.3601837158203,-0.4820099777279718,-101.3957074677146,20.275586842216754,0.24994522549863785,REDUCE
2024-02-29,USD,SELL,21.491233825683594,-5.291388394201631,-113.71846524229568,52.98642005795188,0.872462303831838,REDUCE
2024-02-29,XLK,SELL,101.9004135131836,-0.26278605446919334,-26.77800761590879,1.1876180213578866,0.04640875110439002,REDUCE
2024-02-29,SHV,SELL,98.962158203125,-194.8666800331802,-19284.427217961318,22.705076411587388,0.0011787666878761982,REDUCE
2024-02-29,QQQ,BUY,433.1816,0.0071,3.08,0.0,0.0,ADD
2024-02-29,QLD,BUY,42.779,453.778,19412.18,0.0,0.0,OPEN
2024-02-29,GLD,BUY,189.31,0.078,14.77,0.0,0.0,ADD
2024-02-29,XLC,BUY,77.1034,1.2488,96.28,0.0,0.0,ADD
2024-03-05,SMH,SELL,219.00485229492188,-1.4302388942306632,-313.22925777743876,72.52645703843,0.3013112303461296,REDUCE
2024-03-05,USD,SELL,23.825193405151367,-18.291627507987634,-435.8015630727923,225.85894205339866,1.075812719478884,REDUCE
2024-03-05,QLD,SELL,42.14260482788086,-453.77804982139634,-19123.389033189538,-288.79051058884886,-0.014876768986067157,CLOSE
2024-03-05,GLD,SELL,197.19000244140625,-1.3723803711592975,-270.6196887394399,19.330764253060213,0.07692644748498645,REDUCE
2024-03-05,QQQ,BUY,430.2707,0.298,128.23,0.0,0.0,ADD
2024-03-05,XLK,BUY,101.2112,1.4948,151.29,0.0,0.0,ADD
2024-03-05,XLC,BUY,76.1027,2.7806,211.61,0.0,0.0,ADD
2024-03-05,SHV,BUY,99.0143,198.4754,19651.9,0.0,0.0,ADD
2024-03-07,SMH,SELL,232.41351318359375,-1.575147072748124,-366.0854649582452,100.99526672932046,0.38098453810843536,REDUCE
2024-03-07,USD,SELL,26.805822372436523,-16.645848436648055,-446.20565643128793,255.152506657961,1.3355053657094063,REDUCE
2024-03-07,SHV,SELL,99.06824493408203,-195.8272218957983,-19400.259183533777,20.33466734822187,0.0010492645279005508,REDUCE
2024-03-07,QQQ,BUY,439.5461,0.0432,18.98,0.0,0.0,ADD
2024-03-07,QLD,BUY,43.9425,456.2851,20050.29,0.0,0.0,OPEN
2024-03-07,GLD,BUY,199.94,0.4118,82.33,0.0,0.0,ADD
2024-03-07,XLC,BUY,77.4434,0.7865,60.91,0.0,0.0,ADD
2024-03-08,QQQ,SELL,433.20135498046875,-0.11338909397900089,-49.1203091517109,10.47321653805142,0.2709962336041225,REDUCE
2024-03-08,QLD,SELL,42.63980484008789,-456.2850986682932,-19455.90755865627,-594.3834710450875,-0.02964463060234901,CLOSE
2024-03-08,GLD,SELL,201.6300048828125,-1.2108935644404997,-244.15247531070418,22.23553151261988,0.10019753846669466,REDUCE
2024-03-08,XLK,SELL,102.08258056640625,-0.522993599635502,-53.38853627050594,2.4279054470880923,0.047642766736953446,REDUCE
2024-03-08,XLC,SELL,77.32682800292969,-2.4235594920683488,-187.40616799803684,29.926698705583746,0.1900355572700545,REDUCE
2024-03-08,SMH,BUY,223.3024,0.8531,190.51,0.0,0.0,ADD
2024-03-08,USD,BUY,24.3207,13.4497,327.11,0.0,0.0,ADD
2024-03-08,TQQQ,BUY,29.2545,285.4008,8349.25,0.0,0.0,OPEN
2024-03-08,SHV,BUY,99.0772,112.2674,11123.14,0.0,0.0,ADD
2024-03-12,SMH,SELL,226.26002502441406,-0.1239152771239477,-28.03707370297161,7.050489052068437,0.3359521889506216,REDUCE
2024-03-12,QQQ,SELL,437.77984619140625,-0.0034003350716282294,-1.4885981646566506,0.3296413389232368,0.2844293519861125,REDUCE
2024-03-12,USD,SELL,25.279579162597656,-5.076788443362037,-128.33907534573154,65.24494990742004,1.034089139902754,REDUCE
2024-03-12,TQQQ,SELL,30.140960693359375,-285.4008455198173,-8602.255666664345,253.00713535442486,0.03030298288590183,CLOSE
2024-03-12,XLK,SELL,103.88938903808594,-0.6910404654451582,-71.79177175569203,4.456611118664951,0.06618549768802806,REDUCE
2024-03-12,GLD,BUY,199.79,0.8156,162.95,0.0,0.0,ADD
2024-03-12,XLC,BUY,77.8612,0.439,34.18,0.0,0.0,ADD
2024-03-12,SHV,BUY,99.1042,87.1283,8634.78,0.0,0.0,ADD
2024-03-14,QQQ,SELL,433.3197937011719,-0.02022345094213189,-8.76322159017036,1.870340148917161,0.27134372828805153,REDUCE
2024-03-14,GLD,SELL,200.35000610351562,-0.5907384927682249,-118.35446063169547,9.902999598764623,0.09131273571093357,REDUCE
2024-03-14,XLK,SELL,102.78659057617188,-0.05904969447488098,-6.06951676963763,0.3156993568293629,0.05486780934803415,REDUCE
2024-03-14,XLC,SELL,77.81261444091797,-1.352309343654745,-105.22672556265752,17.29557481089624,0.19669451227498924,REDUCE
2024-03-14,SHV,SELL,99.15814971923828,-87.47884997436473,-8674.240903024842,9.33241405524442,0.0010770355009663835,REDUCE
2024-03-14,SMH,BUY,217.8139,1.1894,259.06,0.0,0.0,ADD
2024-03-14,USD,BUY,23.2281,13.4448,312.3,0.0,0.0,ADD
2024-03-14,TQQQ,BUY,29.2009,285.6521,8341.29,0.0,0.0,OPEN
2024-03-18,USD,SELL,23.208255767822266,-0.23036887756081884,-5.346459831377615,2.30749273209689,0.7593016497753584,REDUCE
2024-03-18,TQQQ,SELL,28.928112030029297,-285.6521271265063,-8263.376735131744,-77.91785498140206,-0.009341218457115441,CLOSE
2024-03-18,GLD,SELL,200.02999877929688,-0.01946199523076652,-3.892982882252909,0.320028278428432,0.08956964582921789,REDUCE
2024-03-18,XLC,SELL,78.61746215820312,-1.5487274387986272,-121.75702081312193,21.054184932133307,0.20907241338282967,REDUCE
2024-03-18,SMH,BUY,216.6427,0.1501,32.51,0.0,0.0,ADD
2024-03-18,QQQ,BUY,432.2526,0.0077,3.33,0.0,0.0,ADD
2024-03-18,XLK,BUY,101.7333,0.7893,80.3,0.0,0.0,ADD
2024-03-18,SHV,BUY,99.1851,83.4625,8278.23,0.0,0.0,ADD
2024-03-19,QQQ,SELL,433.32952880859375,-0.04006621339999398,-17.361873373763956,3.704398807020557,0.27123600259457525,REDUCE
2024-03-19,XLK,SELL,102.26099395751953,-0.4578415205399315,-46.81932896543549,2.191016162368412,0.04909475677552022,REDUCE
2024-03-19,SHV,SELL,99.194091796875,-83.86244646365498,-8318.659212826307,8.636552527238573,0.001039293498981575,REDUCE
2024-03-19,SMH,BUY,216.1663,0.118,25.51,0.0,0.0,ADD
2024-03-19,USD,BUY,23.1686,0.4021,9.32,0.0,0.0,ADD
2024-03-19,TQQQ,BUY,29.1278,285.8936,8327.46,0.0,0.0,OPEN
2024-03-19,GLD,BUY,199.8,0.0648,12.95,0.0,0.0,ADD
2024-03-19,XLC,BUY,78.5882,0.0969,7.61,0.0,0.0,ADD
2024-03-20,SMH,SELL,219.630126953125,-0.14074992108203807,-30.912923035890344,6.857031351167582,0.28504581917128835,REDUCE
2024-03-20,USD,SELL,23.840059280395508,-2.979604776983245,-71.0339545154302,31.664958380129377,0.8043120599597027,REDUCE
2024-03-20,TQQQ,SELL,30.161724090576172,-285.89357165881796,-8623.043027642634,295.5873468804115,0.03549551726384648,CLOSE
2024-03-20,QQQ,BUY,438.4674,0.0192,8.43,0.0,0.0,ADD
2024-03-20,GLD,BUY,202.18,0.0394,7.97,0.0,0.0,ADD
2024-03-20,XLK,BUY,103.4051,0.1592,16.47,0.0,0.0,ADD
2024-03-20,XLC,BUY,79.5137,0.1345,10.7,0.0,0.0,ADD
2024-03-20,SHV,BUY,99.2211,87.4959,8681.43,0.0,0.0,ADD
2024-03-28,SMH,SELL,223.30238342285156,-0.49904429575357145,-111.43778067535095,26.144976017013622,0.30653202367707544,REDUCE
2024-03-28,USD,SELL,24.568490982055664,-4.555613179141146,-111.92454130946317,51.73202214418001,0.8594427158319891,REDUCE
2024-03-28,GLD,SELL,205.72000122070312,-0.4927916138496611,-101.37709140270454,10.886263752158607,0.12030240008632442,REDUCE
2024-03-28,SHV,SELL,99.37389373779297,-84.21949279126511,-8369.21892729,20.456025248669206,0.002450186391527165,REDUCE
2024-03-28,QQQ,BUY,438.7045,0.0952,41.74,0.0,0.0,ADD
2024-03-28,TQQQ,BUY,30.0933,281.8211,8480.92,0.0,0.0,OPEN
2024-03-28,XLK,BUY,102.7048,1.1847,121.67,0.0,0.0,ADD
2024-03-28,XLC,BUY,79.5527,0.6237,49.62,0.0,0.0,ADD
2024-04-03,SMH,SELL,224.21548461914062,-0.05550558467369328,-12.445211566680882,2.958624842207253,0.31187453697909606,REDUCE
2024-04-03,TQQQ,SELL,29.663103103637695,-281.8211312503072,-8359.689273061673,-121.23477543295824,-0.014294996009836636,CLOSE
2024-04-03,GLD,SELL,212.74000549316406,-1.2470758624532854,-265.30292582870425,36.30364141546811,0.15853168060541667,REDUCE
2024-04-03,XLC,SELL,80.67300415039062,-1.390242744461352,-112.15505869398112,21.620740794162327,0.2388126546453564,REDUCE
2024-04-03,QQQ,BUY,436.8174,0.1387,60.58,0.0,0.0,ADD
2024-04-03,USD,BUY,24.2959,2.5752,62.57,0.0,0.0,ADD
2024-04-03,XLK,BUY,102.2709,0.6895,70.51,0.0,0.0,ADD
2024-04-03,SHV,BUY,99.4028,86.0733,8555.93,0.0,0.0,ADD
2024-04-04,GLD,SELL,211.52000427246094,-0.28214712717494556,-59.67976154550706,7.869368795857347,0.15188784292530877,REDUCE
2024-04-04,SHV,SELL,99.46600341796875,-88.25471041282269,-8778.343327573664,22.368501094568796,0.0025546557108551138,REDUCE
2024-04-04,SMH,BUY,218.2406,0.6371,139.04,0.0,0.0,ADD
2024-04-04,QQQ,BUY,430.1381,0.0502,21.59,0.0,0.0,ADD
2024-04-04,USD,BUY,22.678,10.6898,242.42,0.0,0.0,ADD
2024-04-04,TQQQ,BUY,28.265,297.066,8396.57,0.0,0.0,OPEN
2024-04-04,XLK,BUY,100.6534,0.3046,30.66,0.0,0.0,ADD
2024-04-04,XLC,BUY,79.5819,0.0972,7.73,0.0,0.0,ADD
2024-04-09,SMH,SELL,222.41905212402344,-0.11867528533167744,-26.39564447401972,6.033520907597445,0.2963109858318951,REDUCE
2024-04-09,TQQQ,SELL,29.584888458251953,-297.0659720892169,-8788.66364900167,392.09242938950734,0.04669673121734297,CLOSE
2024-04-09,GLD,SELL,217.6699981689453,-0.48609534015564193,-105.80837180161143,16.5471741441831,0.18537925300631497,REDUCE
2024-04-09,QQQ,BUY,436.9459,0.0124,5.43,0.0,0.0,ADD
2024-04-09,XLK,BUY,102.2018,0.1054,10.77,0.0,0.0,ADD
2024-04-09,XLC,BUY,80.4879,0.6246,50.27,0.0,0.0,ADD
2024-04-09,SHV,BUY,99.4931,88.9951,8854.39,0.0,0.0,ADD
2024-04-10,USD,SELL,23.022428512573242,-0.859646930710175,-19.791160008328006,7.8638843912132055,0.659319415737244,REDUCE
2024-04-10,SHV,SELL,99.48406219482422,-86.89946546166365,-8645.111826685126,16.051155163223044,0.0018601277444016961,REDUCE
2024-04-10,SMH,BUY,220.4837,0.1391,30.67,0.0,0.0,ADD
2024-04-10,QQQ,BUY,433.132,0.0607,26.3,0.0,0.0,ADD
2024-04-10,TQQQ,BUY,28.8076,294.5991,8486.7,0.0,0.0,OPEN
2024-04-10,GLD,BUY,215.61,0.1511,32.58,0.0,0.0,ADD
2024-04-10,XLK,BUY,100.9493,0.6573,66.36,0.0,0.0,ADD
2024-04-10,XLC,BUY,79.8547,0.2792,22.3,0.0,0.0,ADD
2024-04-11,SMH,SELL,225.60496520996094,-0.18467803879561925,-41.6642825175295,9.949763126511597,0.3137289581417886,REDUCE
2024-04-11,USD,SELL,24.531328201293945,-8.513969053289282,-208.85896914189925,90.73087274972625,0.7680719110930998,REDUCE
2024-04-11,TQQQ,SELL,30.161724090576172,-294.5990553722617,-8885.61542548253,398.91636690687807,0.04700489131917318,CLOSE
2024-04-11,GLD,SELL,219.8000030517578,-0.014620864533443932,-3.213666069070314,0.5270565571192667,0.19617907059984763,REDUCE
2024-04-11,XLK,SELL,102.9661865234375,-0.08968579167845897,-9.234603954466365,0.47956809735903494,0.05477625736617875,REDUCE
2024-04-11,QQQ,BUY,440.0483,0.0595,26.19,0.0,0.0,ADD
2024-04-11,XLC,BUY,80.5561,1.273,102.55,0.0,0.0,ADD
2024-04-11,SHV,BUY,99.5292,90.6251,9019.85,0.0,0.0,ADD
2024-04-15,GLD,SELL,220.9499969482422,-1.0504456528272383,-232.09596378647257,39.07473195589943,0.20243748102383763,REDUCE
2024-04-15,SHV,SELL,99.54724884033203,-91.34669334815894,-9093.31201347068,16.113931758335102,0.0017752098845127406,REDUCE
2024-04-15,SMH,BUY,215.7296,1.0455,225.55,0.0,0.0,ADD
2024-04-15,QQQ,BUY,425.9093,0.2137,91.03,0.0,0.0,ADD
2024-04-15,USD,BUY,22.1899,15.2358,338.08,0.0,0.0,ADD
2024-04-15,TQQQ,BUY,27.2629,310.3694,8461.56,0.0,0.0,OPEN
2024-04-15,XLK,BUY,99.3762,1.3577,134.93,0.0,0.0,ADD
2024-04-15,XLC,BUY,78.2278,0.9492,74.26,0.0,0.0,ADD
2024-04-24,QQQ,SELL,421.4136657714844,-0.20202959933130687,-85.13803404855025,15.663079941563261,0.22544930245571826,REDUCE
2024-04-24,TQQQ,SELL,26.255857467651367,-310.3693785130007,-8149.014164560883,-312.5478745169677,-0.03693737315563417,CLOSE
2024-04-24,XLK,SELL,97.65513610839844,-0.33624810329118066,-32.83635429309106,0.004147746205237236,0.0001263316310864404,REDUCE
2024-04-24,XLC,SELL,78.75385284423828,-3.456079778014497,-272.1795982557014,45.83333699350688,0.20249213191294801,REDUCE
2024-04-24,SMH,BUY,206.4795,1.0733,221.61,0.0,0.0,ADD
2024-04-24,USD,BUY,19.747,20.2981,400.82,0.0,0.0,ADD
2024-04-24,GLD,BUY,214.64,0.3131,67.2,0.0,0.0,ADD
2024-04-24,SHV,BUY,99.6827,78.7453,7849.54,0.0,0.0,ADD
2024-04-30,SMH,SELL,212.484130859375,-1.2460251352490694,-264.7605678923337,48.58409331514914,0.22474274044006792,REDUCE
2024-04-30,USD,SELL,21.724136352539062,-222.17563478901135,-4826.573784368404,1498.0831333578003,0.4500788166260732,CLOSE
2024-04-30,XLK,SELL,96.78723907470703,-99.83643526456132,-9662.892928317608,-85.41622622460801,-0.008762158121011998,CLOSE
2024-04-30,QQQ,BUY,419.5166,23.4116,9821.56,0.0,0.0,ADD
2024-04-30,GLD,BUY,211.87,21.3274,4518.64,0.0,0.0,ADD
2024-04-30,XLC,BUY,75.8508,4.9856,378.16,0.0,0.0,ADD
2024-04-30,SHV,BUY,99.7459,0.3595,35.86,0.0,0.0,ADD
2024-05-01,GLD,SELL,213.7899932861328,-0.6913380583109503,-147.80115884474617,13.737947462822342,0.102473656428274,REDUCE
2024-05-01,XLC,SELL,76.55218505859375,-1.5088258551535383,-115.50391608490463,16.08253486140678,0.16176133004281512,REDUCE
2024-05-01,SHV,SELL,99.77671813964844,-83.80710395883814,-8361.997789801208,26.600608967395626,0.0031912827175841763,REDUCE
2024-05-01,SMH,BUY,206.2909,1.2581,259.54,0.0,0.0,ADD
2024-05-01,QQQ,BUY,416.4833,0.2019,84.1,0.0,0.0,ADD
2024-05-01,TQQQ,BUY,25.2244,328.3197,8281.67,0.0,0.0,OPEN
2024-05-02,SMH,SELL,210.43959045410156,-0.4557573072438758,-95.90938108286537,16.44054866003609,0.20688046066363452,REDUCE
2024-05-02,QQQ,SELL,421.7989807128906,-0.10667663547832283,-44.996096110637154,3.9110013606886387,0.09519270636934674,REDUCE
2024-05-02,TQQQ,SELL,26.158084869384766,-328.3196932953504,-8588.214401510153,306.5491508884808,0.03701539987570368,CLOSE
2024-05-02,GLD,BUY,213.13,0.7936,169.14,0.0,0.0,ADD
2024-05-02,XLC,BUY,77.3218,0.0269,2.08,0.0,0.0,ADD
2024-05-02,SHV,BUY,99.8221,85.7315,8557.9,0.0,0.0,ADD
2024-05-14,SMH,SELL,225.37669372558594,-1.8943534066088745,-426.9431075293087,96.63122656398313,0.29254541580999627,REDUCE
2024-05-14,QQQ,SELL,440.6015625,-0.7014118929333215,-309.0431759825042,38.9036655761967,0.14401323789209153,REDUCE
2024-05-14,XLC,SELL,79.89366912841797,-0.6968219972781823,-55.67166609194646,9.754145284030859,0.21242752466612624,REDUCE
2024-05-14,SHV,SELL,99.95809173583984,-195.01764244654413,-19493.591393778872,75.68922156981785,0.0038979093054729574,REDUCE
2024-05-14,QLD,BUY,43.3936,466.1931,20229.79,0.0,0.0,OPEN
2024-05-14,GLD,BUY,218.09,0.2543,55.46,0.0,0.0,ADD
2024-05-30,SMH,SELL,240.4527587890625,-2.125079627945863,-510.98125918601727,140.4384414314097,0.3790073230468476,REDUCE
2024-05-30,QLD,SELL,44.338871002197266,-2.4678146758912893,-109.42011657167313,2.332780749076315,0.02178390872419178,REDUCE
2024-05-30,SHV,SELL,100.1666488647461,-86.01267032393599,-8615.600946256864,51.32134074133144,0.005992487763743615,CLOSE
2024-05-30,QQQ,BUY,446.1544,0.1582,70.59,0.0,0.0,ADD
2024-05-30,TQQQ,BUY,30.6017,285.5545,8738.45,0.0,0.0,OPEN
2024-05-30,GLD,BUY,216.57,1.4174,306.97,0.0,0.0,ADD
2024-05-30,XLC,BUY,80.2541,1.4952,120.0,0.0,0.0,ADD
2024-05-31,TQQQ,SELL,30.567466735839844,-285.5545082549824,-8728.67793235328,-9.771601548391669,-0.0011182305866139775,CLOSE
2024-05-31,QLD,SELL,44.338871002197266,-0.5055278526874806,-22.414534248327982,0.47786637075789523,0.02178390872419178,REDUCE
2024-05-31,GLD,SELL,215.3000030517578,-21.167632344694518,-4557.391308411217,434.2456980812581,0.1053190304493048,REDUCE
2024-05-31,XLC,SELL,81.11141204833984,-1.4921097323178834,-121.0271273193739,22.4535502549418,0.22778467540307634,REDUCE
2024-05-31,SMH,BUY,238.6762,0.2713,64.75,0.0,0.0,ADD
2024-05-31,QQQ,BUY,445.3245,0.0329,14.64,0.0,0.0,ADD
2024-05-31,USD,BUY,29.0778,158.925,4621.19,0.0,0.0,OPEN
2024-05-31,SHV,BUY,100.2029,87.1125,8728.92,0.0,0.0,OPEN
2024-06-03,SMH,SELL,241.6536865234375,-0.16992750293292783,-41.06360752546425,11.36503075504671,0.38267930624767543,REDUCE
2024-06-03,USD,SELL,30.428159713745117,-5.765353635415594,-175.42910122464673,7.785099018812539,0.04643827942770029,REDUCE
2024-06-03,GLD,SELL,217.22000122070312,-0.017735570491139833,-3.852520643735261,0.3978905544343554,0.11517602294573726,REDUCE
2024-06-03,SHV,SELL,100.22295379638672,-87.1124724511128,-8730.669301556889,1.7459447107625832,0.00020001833437954808,CLOSE
2024-06-03,QQQ,BUY,447.7156,0.1318,59.03,0.0,0.0,ADD
2024-06-03,TQQQ,BUY,30.8657,285.2009,8802.91,0.0,0.0,OPEN
2024-06-03,QLD,BUY,44.6225,0.9575,42.73,0.0,0.0,ADD
2024-06-03,XLC,BUY,81.4329,0.5691,46.35,0.0,0.0,ADD
2024-06-05,SMH,SELL,252.50169372558594,-0.29418028877216335,-74.28102117565322,22.866531233479613,0.44474877139105784,REDUCE
2024-06-05,USD,SELL,33.592132568359375,-9.192992743551141,-308.81223094133566,41.499904025068076,0.15524874779930165,REDUCE
2024-06-05,TQQQ,SELL,32.97258377075195,-285.2008671243702,-9403.809482749391,600.8960240460606,0.06826103958252161,CLOSE
2024-06-05,QLD,SELL,46.65731430053711,-3.499609327173887,-163.28237230704326,11.412892000335352,0.07514934519619376,REDUCE
2024-06-05,QQQ,BUY,457.9913,0.6177,282.92,0.0,0.0,ADD
2024-06-05,GLD,BUY,217.82,1.4127,307.71,0.0,0.0,ADD
2024-06-05,XLC,BUY,82.7383,2.7146,224.6,0.0,0.0,ADD
2024-06-05,SHV,BUY,100.2503,91.1214,9134.94,0.0,0.0,OPEN
2024-06-24,QQQ,SELL,469.0409851074219,-0.35605155635884733,-167.0027727435845,29.34201672353386,0.21314728737404387,REDUCE
2024-06-24,QLD,SELL,48.731964111328125,-12.675815910268028,-617.7174060209836,67.63612700276336,0.12295660583737678,REDUCE
2024-06-24,SHV,SELL,100.53253936767578,-91.1214039305487,-9160.666127885774,25.722442210619366,0.0028158293138638157,CLOSE
2024-06-24,SMH,BUY,253.8614,0.4378,111.14,0.0,0.0,ADD
2024-06-24,USD,BUY,32.8117,5.7424,188.42,0.0,0.0,ADD
2024-06-24,TQQQ,BUY,35.1382,264.0606,9278.61,0.0,0.0,OPEN
2024-06-24,GLD,BUY,215.63,1.0922,235.51,0.0,0.0,ADD
2024-06-24,XLC,BUY,83.0255,1.5865,131.72,0.0,0.0,ADD
2024-06-27,USD,SELL,34.24623489379883,-3.050495685416058,-104.46799178527817,15.32929430071025,0.17197126201405544,REDUCE
2024-06-27,TQQQ,SELL,36.8035774230957,-264.0606165884887,-9718.375347004834,439.769957996251,0.04739612684867511,CLOSE
2024-06-27,QLD,SELL,50.27273941040039,-3.9792939263103455,-200.050006594789,27.364073944009014,0.1584615117396213,REDUCE
2024-06-27,SMH,BUY,256.9183,0.4424,113.67,0.0,0.0,ADD
2024-06-27,QQQ,BUY,476.6116,0.2675,127.5,0.0,0.0,ADD
2024-06-27,GLD,BUY,214.99,1.0972,235.88,0.0,0.0,ADD
2024-06-27,XLC,BUY,84.4418,0.6975,58.89,0.0,0.0,ADD
2024-06-27,SHV,BUY,100.5781,94.3242,9486.95,0.0,0.0,OPEN
2024-07-01,SMH,SELL,259.0522155761719,-0.31210376410384344,-80.85117158076355,25.794297075269842,0.46850274932871505,REDUCE
2024-07-01,QQQ,SELL,476.91839599609375,-23.40931837917079,-11164.334572756012,2100.547331351954,0.23175161501546482,REDUCE
2024-07-01,USD,SELL,34.83343505859375,-2.3191641885238714,-80.78445515116255,13.016034429834026,0.19206636795266996,REDUCE
2024-07-01,GLD,SELL,215.57000732421875,-0.07199360872165936,-15.519662759425046,1.3699589962002747,0.09681891713951019,REDUCE
2024-07-01,QLD,BUY,50.3176,0.0755,3.8,0.0,0.0,ADD
2024-07-01,XLK,BUY,112.6019,99.2254,11172.97,0.0,0.0,OPEN
2024-07-01,XLC,BUY,83.3185,1.9242,160.32,0.0,0.0,ADD
2024-07-01,SHV,BUY,100.6382,0.0437,4.4,0.0,0.0,ADD
2024-07-17,QQQ,SELL,476.76995849609375,-0.09212029107076207,-43.92018735045531,8.252394493037759,0.2313682409793847,REDUCE
2024-07-17,QLD,SELL,50.04861831665039,-444.09810155114604,-22226.496379682354,2953.837583405595,0.1532657021861581,CLOSE
2024-07-17,GLD,SELL,227.22999572753906,-2.4669346246169384,-560.5615442118251,75.70747506068174,0.15614486889473023,REDUCE
2024-07-17,XLC,SELL,83.55290222167969,-1.0362656780780746,-86.58300487613997,17.14297426078285,0.24687452048720115,REDUCE
2024-07-17,SMH,BUY,252.3131,0.9334,235.51,0.0,0.0,ADD
2024-07-17,USD,BUY,31.9222,12.3861,395.39,0.0,0.0,ADD
2024-07-17,TQQQ,BUY,36.3865,259.7159,9450.15,0.0,0.0,OPEN
2024-07-17,XLK,BUY,110.8334,1.0857,120.33,0.0,0.0,ADD
2024-07-17,SHV,BUY,100.876,126.0575,12716.18,0.0,0.0,ADD
2024-07-31,USD,SELL,30.24481201171875,-156.72543678821995,-4740.131373114223,126.99253729781317,0.02752844469189686,CLOSE
2024-07-31,TQQQ,SELL,33.505977630615234,-259.715933992582,-8702.036274669796,-748.1109632014031,-0.07916394785928516,CLOSE
2024-07-31,XLK,SELL,108.08679962158203,-100.31107525706152,-10842.303091135444,-450.99888177301403,-0.039935076814107795,CLOSE
2024-07-31,XLC,SELL,83.7970962524414,-3.016153714333823,-252.74492311219,50.632848289439856,0.25051867056356847,REDUCE
2024-07-31,SMH,BUY,245.1374,0.3914,95.94,0.0,0.0,ADD
2024-07-31,QQQ,BUY,466.181,23.4249,10920.24,0.0,0.0,ADD
2024-07-31,GLD,BUY,226.55,20.9445,4744.97,0.0,0.0,ADD
2024-07-31,SHV,BUY,101.0863,86.8175,8776.07,0.0,0.0,ADD
2024-08-02,GLD,SELL,225.33999633789062,-1.386476858853403,-312.42869029659596,25.993466549644346,0.09074814965008637,REDUCE
2024-08-02,XLC,SELL,82.77149963378906,-1.9953482898799941,-165.15797024508356,31.449936418715673,0.2352135134943072,REDUCE
2024-08-02,SHV,SELL,101.2038803100586,-97.78395998920998,-9896.116182991565,35.19737728756492,0.003569381107489278,REDUCE
2024-08-02,SMH,BUY,216.7916,4.4355,961.58,0.0,0.0,ADD
2024-08-02,QQQ,BUY,444.0927,0.9073,402.95,0.0,0.0,ADD
2024-08-02,TQQQ,BUY,28.8246,312.5521,9009.18,0.0,0.0,OPEN
2024-08-09,SMH,SELL,223.16342163085938,-1.1576101633900548,-258.33624497678284,47.57131760103748,0.22570794008923878,REDUCE
2024-08-09,TQQQ,SELL,28.878541946411133,-312.55211272898293,-9026.049297883355,16.869735118876154,0.001872505148926118,CLOSE
2024-08-09,XLC,SELL,83.23057556152344,-0.06727833783770368,-5.599614781054697,1.091301963182428,0.2420643835663283,REDUCE
2024-08-09,QQQ,BUY,445.7354,0.058,25.86,0.0,0.0,ADD
2024-08-09,GLD,BUY,224.56,0.5203,116.84,0.0,0.0,ADD
2024-08-09,SHV,BUY,101.2682,90.3273,9147.29,0.0,0.0,ADD
2024-08-26,SMH,SELL,240.75051879882812,-2.023396550345919,-487.1337692315392,118.73597827132285,0.3223037194708511,REDUCE
2024-08-26,QQQ,SELL,470.4067077636719,-0.9330461948630046,-438.9111887169274,37.434686220784634,0.09324253346842948,REDUCE
2024-08-26,GLD,SELL,232.75999450683594,-0.20456578316355573,-47.61473056543582,5.32203587618082,0.12583818352754306,REDUCE
2024-08-26,SHV,SELL,101.50704193115234,-82.96265929867373,-8421.29413615038,44.40810432542437,0.005301266384275971,REDUCE
2024-08-26,TQQQ,BUY,33.5943,278.4366,9353.88,0.0,0.0,OPEN
2024-08-26,XLC,BUY,85.6627,0.4794,41.07,0.0,0.0,ADD
2024-08-27,SMH,SELL,243.1721954345703,-0.3172577001281175,-77.1482514586769,19.385458558621796,0.3356045922530748,REDUCE
2024-08-27,TQQQ,SELL,33.87892150878906,-278.4365641364151,-9433.130501554519,79.24710102164433,0.008472106998589357,CLOSE
2024-08-27,QQQ,BUY,471.812,0.0026,1.24,0.0,0.0,ADD
2024-08-27,GLD,BUY,233.39,0.0209,4.89,0.0,0.0,ADD
2024-08-27,XLC,BUY,85.4674,0.6861,58.64,0.0,0.0,ADD
2024-08-27,SHV,BUY,101.5254,93.0359,9445.51,0.0,0.0,ADD
2024-08-28,SHV,SELL,101.54376983642578,-93.89547789119896,-9534.500795665113,38.100779638435974,0.004012128761860856,REDUCE
2024-08-28,SMH,BUY,239.0831,0.4702,112.41,0.0,0.0,ADD
2024-08-28,QQQ,BUY,466.4581,0.2064,96.29,0.0,0.0,ADD
2024-08-28,TQQQ,BUY,32.7306,284.7537,9320.17,0.0,0.0,OPEN
2024-08-28,GLD,BUY,231.75,0.0243,5.63,0.0,0.0,ADD
2024-09-03,QQQ,SELL,457.01708984375,-0.09204786365541069,-42.067446774130076,2.4445239891429695,0.06169469128787197,REDUCE
2024-09-03,GLD,SELL,230.2899932861328,-21.93901753269436,-5052.336200308535,516.1660679984084,0.1137889569709638,REDUCE
2024-09-03,XLC,SELL,83.72872924804688,-1.1146072967207628,-93.32465256503019,18.448484440152633,0.24638659939681307,REDUCE
2024-09-03,SHV,SELL,101.62197875976562,-4.981435835548549,-506.22336667325,2.4109530088302953,0.004785418031474364,REDUCE
2024-09-03,SMH,BUY,223.5009,2.1028,469.97,0.0,0.0,ADD
2024-09-03,SSO,BUY,41.1056,117.359,4824.11,0.0,0.0,OPEN
2024-09-03,TQQQ,BUY,30.596,13.0694,399.87,0.0,0.0,ADD
2024-09-10,QQQ,SELL,453.8998107910156,-0.048119008046300975,-21.841208647667372,1.1279007598673743,0.05445295198511979,REDUCE
2024-09-10,TQQQ,SELL,29.786365509033203,-297.8230595728108,-8871.066509454313,-848.9772727205888,-0.08734294739263271,CLOSE
2024-09-10,GLD,SELL,232.6199951171875,-0.7066600840327149,-164.38326529720143,18.2723301968506,0.12505792385970937,REDUCE
2024-09-10,SMH,BUY,220.2753,0.3168,69.79,0.0,0.0,ADD
2024-09-10,SSO,BUY,40.5399,0.6948,28.17,0.0,0.0,ADD
2024-09-10,XLC,BUY,82.1561,1.4171,116.42,0.0,0.0,ADD
2024-09-10,SHV,BUY,101.7511,86.9073,8842.91,0.0,0.0,ADD
2024-09-25,SMH,SELL,243.69822692871094,-2.6126164912295144,-636.6900065573427,154.19370292863866,0.31957488952556945,REDUCE
2024-09-25,QQQ,SELL,481.45355224609375,-0.5817383471344171,-280.0799937056363,29.664908616172454,0.11846294565510829,REDUCE
2024-09-25,SSO,SELL,43.8719367980957,-3.896824111424866,-170.96122112972716,10.793055362983313,0.067385771144445,REDUCE
2024-09-25,GLD,SELL,245.72999572753906,-0.3637873749134923,-89.39347008322511,14.175816323894429,0.1884639524818459,REDUCE
2024-09-25,XLC,SELL,87.16698455810547,-1.771902739087431,-154.45141869649888,35.129463675928925,0.29440905213020474,REDUCE
2024-09-25,SHV,SELL,102.00940704345703,-205.15251557503802,-20927.486467283212,142.07621241908038,0.006835381677676056,REDUCE
2024-09-25,QLD,BUY,49.8151,446.8337,22259.06,0.0,0.0,OPEN
2024-09-30,SMH,SELL,243.60890197753906,-45.669315813214936,-11125.451879322753,2691.2725257513503,0.31909121361187887,CLOSE
2024-09-30,QQQ,SELL,483.6833190917969,-0.006438137172667232,-3.1140195564439637,0.34265907135188006,0.12364290867071892,REDUCE
2024-09-30,SSO,SELL,44.43870544433594,-114.15700890927862,-5072.989693325866,380.88191437574847,0.08117501394244875,CLOSE
2024-09-30,QLD,SELL,50.17885208129883,-1.2518272769625292,-62.81525576203785,0.4553575203782613,0.007302088893949676,REDUCE
2024-09-30,XLC,SELL,88.5680160522461,-1.456770998045138,-129.02331713930835,30.92269362904934,0.3152140376132835,REDUCE
2024-09-30,XLY,BUY,98.7422,113.2179,11179.39,0.0,0.0,OPEN
2024-09-30,GLD,BUY,243.06,21.2947,5175.9,0.0,0.0,ADD
2024-09-30,SHV,BUY,102.0555,0.3734,38.1,0.0,0.0,ADD
2024-10-01,QLD,SELL,48.75869369506836,-445.581834735974,-21725.988195977927,-470.71448323605836,-0.02120650485969955,CLOSE
2024-10-01,XLY,SELL,98.34307861328125,-0.5610513143306277,-55.17551351130169,-0.22395052882739344,-0.004042467426493057,REDUCE
2024-10-01,GLD,SELL,245.61000061035156,-1.1520285366014615,-282.9497295778274,29.8609142662886,0.117985910319788,REDUCE
2024-10-01,XLC,SELL,88.6365966796875,-1.2300150920387516,-109.02435162296752,26.19372991375408,0.3162324436693258,REDUCE
2024-10-01,QQQ,BUY,476.9444,0.2148,102.47,0.0,0.0,ADD
2024-10-01,TQQQ,BUY,34.1751,275.5565,9417.17,0.0,0.0,OPEN
2024-10-01,SHV,BUY,102.0778,123.9594,12653.5,0.0,0.0,ADD
2024-10-03,QQQ,SELL,477.26153564453125,-0.1608627870976761,-76.77362079829618,7.49124205240911,0.1081262247054966,REDUCE
2024-10-03,TQQQ,SELL,34.22432327270508,-1.2440627544670515,-42.57720588041229,0.061243552575673293,0.0014404837435744167,REDUCE
2024-10-03,GLD,SELL,245.49000549316406,-0.15208189645004325,-37.33458559493192,3.9237578419827277,0.11743970760007216,REDUCE
2024-10-03,SHV,SELL,102.07777404785156,-217.07026328730174,-22158.049288348837,70.5728952588108,0.003195154303861081,CLOSE
2024-10-03,QLD,BUY,48.8434,452.2572,22089.79,0.0,0.0,OPEN
2024-10-03,XLY,BUY,96.3817,1.9384,186.83,0.0,0.0,ADD
2024-10-03,XLC,BUY,88.0585,0.4329,38.12,0.0,0.0,ADD
2024-10-04,TQQQ,SELL,35.43044662475586,-274.3124808786384,-9719.01371227496,344.3587270545386,0.03673294938293048,CLOSE
2024-10-04,QLD,SELL,50.004451751708984,-3.803698643229753,-190.2018652834231,4.416251064504271,0.023770683661763048,REDUCE
2024-10-04,QQQ,BUY,482.9401,0.138,66.66,0.0,0.0,ADD
2024-10-04,XLY,BUY,97.6581,0.2169,21.18,0.0,0.0,ADD
2024-10-04,GLD,BUY,245.0,1.0055,246.34,0.0,0.0,ADD
2024-10-04,XLC,BUY,89.0383,0.5004,44.56,0.0,0.0,ADD
2024-10-04,SHV,BUY,102.1148,93.3311,9530.49,0.0,0.0,OPEN
2024-10-07,QQQ,SELL,477.76702880859375,-0.0684580208686645,-32.70698522853854,3.2111427124158927,0.10886763823276646,REDUCE
2024-10-07,GLD,SELL,244.1699981689453,-0.5313307534543613,-129.73502909805575,12.779854970849842,0.1092713944998267,REDUCE
2024-10-07,SHV,SELL,102.1055679321289,-93.33106843832218,-9529.621748607276,-0.8644402853708124,-9.07026428912383e-05,CLOSE
2024-10-07,TQQQ,BUY,34.2637,274.733,9413.37,0.0,0.0,OPEN
2024-10-07,QLD,BUY,48.8783,4.6947,229.47,0.0,0.0,ADD
2024-10-07,XLY,BUY,96.1403,0.3795,36.48,0.0,0.0,ADD
2024-10-07,XLC,BUY,87.843,0.145,12.74,0.0,0.0,ADD
2024-10-08,TQQQ,SELL,35.75043869018555,-274.7329860251186,-9821.824773062604,408.45235840410464,0.04339065113030727,CLOSE
2024-10-08,QLD,SELL,50.33830642700195,-5.816054513256879,-292.7703342844725,8.692294663743644,0.03059826333407778,REDUCE
2024-10-08,QQQ,BUY,484.9023,0.0726,35.19,0.0,0.0,ADD
2024-10-08,XLY,BUY,97.0766,0.7887,76.56,0.0,0.0,ADD
2024-10-08,GLD,BUY,242.37,1.4271,345.88,0.0,0.0,ADD
2024-10-08,XLC,BUY,88.617,0.9799,86.84,0.0,0.0,ADD
2024-10-08,SHV,BUY,102.1333,93.7023,9570.13,0.0,0.0,OPEN
2024-10-15,QLD,SELL,50.577491760253906,-447.3322112767805,-22624.941229947526,775.5487682608722,0.03549520974648668,CLOSE
2024-10-15,GLD,SELL,245.9199981689453,-0.5280524228671281,-129.85865086459125,13.347421232751397,0.11455909679202159,REDUCE
2024-10-15,XLC,SELL,89.20484161376953,-0.10837468033553282,-9.66754619427411,2.3322395688201856,0.3179471135844798,REDUCE
2024-10-15,QQQ,BUY,486.4383,0.1116,54.3,0.0,0.0,ADD
2024-10-15,XLY,BUY,97.5103,0.151,14.72,0.0,0.0,ADD
2024-10-15,SHV,BUY,102.2167,222.0326,22695.44,0.0,0.0,ADD
2024-10-21,QQQ,SELL,490.96728515625,-0.15306419579158936,-75.14951266242133,9.164237559884375,0.13888306967946606,REDUCE
2024-10-21,GLD,SELL,251.22000122070312,-0.9275297635064799,-233.01402832033637,28.360799613416326,0.138579780991539,REDUCE
2024-10-21,SHV,SELL,102.29081726074219,-221.0980297570132,-22616.298158584774,21.856892262635427,0.0009673570594204151,REDUCE
2024-10-21,QLD,BUY,51.4844,442.4175,22777.6,0.0,0.0,OPEN
2024-10-21,XLY,BUY,97.5546,0.6116,59.66,0.0,0.0,ADD
2024-10-21,XLC,BUY,89.0285,0.9794,87.2,0.0,0.0,ADD
2024-10-23,QLD,SELL,49.989501953125,-442.4175244766113,-22116.231703920286,-661.3732220055348,-0.02903611789546623,CLOSE
2024-10-23,GLD,SELL,250.8699951171875,-0.7448245270339978,-186.8541254601805,22.513583221023158,0.1369934826444723,REDUCE
2024-10-23,XLC,SELL,88.47982788085938,-1.0105558163582105,-89.4138046953758,20.849508057258216,0.3040869531164585,REDUCE
2024-10-23,QQQ,BUY,483.9707,0.0103,4.99,0.0,0.0,ADD
2024-10-23,TQQQ,BUY,35.3418,270.0714,9544.82,0.0,0.0,OPEN
2024-10-23,XLY,BUY,95.6327,0.6773,64.77,0.0,0.0,ADD
2024-10-23,SHV,BUY,102.2908,124.9176,12777.92,0.0,0.0,ADD
2024-10-24,TQQQ,SELL,36.183658599853516,-270.0714355068364,-9772.172619951725,227.35147188101823,0.02381935379972755,CLOSE
2024-10-24,XLY,SELL,98.64861297607422,-2.4432557504388766,-241.0237909266125,-0.01797193965005789,-7.45594432945973e-05,REDUCE
2024-10-24,SHV,SELL,102.3093490600586,-125.32099338374371,-12821.509256650728,7.662475533218439,0.0005979840140206694,REDUCE
2024-10-24,QQQ,BUY,487.8951,0.0836,40.8,0.0,0.0,ADD
2024-10-24,QLD,BUY,50.7918,446.62,22684.62,0.0,0.0,OPEN
2024-10-24,GLD,BUY,252.8,0.1374,34.73,0.0,0.0,ADD
2024-10-24,XLC,BUY,88.7836,0.8398,74.56,0.0,0.0,ADD
2024-10-31,XLY,SELL,97.02730560302734,-114.97686697184265,-11155.895608955598,-187.25858141291693,-0.016508510619728578,CLOSE
2024-10-31,GLD,SELL,253.50999450683594,-0.8877513068713998,-225.05382892840498,29.110204520491735,0.14856418323614573,REDUCE
2024-10-31,XLC,SELL,90.1747817993164,-3.537529613190268,-318.9959609780526,78.49443863176825,0.3263781362628908,REDUCE
2024-10-31,SHV,SELL,102.42048645019531,-94.23344271090333,-9651.435042327332,16.234554749943204,0.0016849213226932669,CLOSE
2024-10-31,SMH,BUY,239.8672,46.6969,11201.05,0.0,0.0,OPEN
2024-10-31,QQQ,BUY,479.5013,0.2078,99.66,0.0,0.0,ADD
2024-10-31,TQQQ,BUY,34.1899,278.471,9520.89,0.0,0.0,OPEN
2024-10-31,QLD,BUY,48.973,10.8179,529.78,0.0,0.0,ADD
2024-11-06,SMH,SELL,252.898681640625,-0.03601970163694401,-9.109335057071803,0.469391080445926,0.054328023620962895,REDUCE
2024-11-06,TQQQ,SELL,38.822364807128906,-278.47103966782646,-10810.904290204824,1290.0159439958754,0.1354932330983103,CLOSE
2024-11-06,QLD,SELL,53.3580207824707,-15.12507686596486,-807.0441657506199,39.46534898093456,0.05141537014664155,REDUCE
2024-11-06,QQQ,BUY,501.0359,0.3559,178.3,0.0,0.0,ADD
2024-11-06,GLD,BUY,245.7,4.9973,1227.85,0.0,0.0,ADD
2024-11-06,XLC,BUY,93.4667,2.0384,190.52,0.0,0.0,ADD
2024-11-06,SHV,BUY,102.4828,97.8739,10030.4,0.0,0.0,OPEN
2024-11-14,QQQ,SELL,504.11798095703125,-0.3824006070572054,-192.77502194642148,27.570669867350773,0.16688827818624774,REDUCE
2024-11-14,QLD,SELL,53.90614700317383,-5.670417602412471,-305.67036484503114,17.90373248867348,0.06221615182437934,REDUCE
2024-11-14,XLC,SELL,95.12244415283203,-2.529999613275834,-240.65974692051714,67.61506309415411,0.39073759215856985,REDUCE
2024-11-14,SHV,SELL,102.59445190429688,-97.87392509628877,-10041.321700975954,10.925242600126655,0.00108921343692292,CLOSE
2024-11-14,SMH,BUY,246.3184,1.1182,275.43,0.0,0.0,ADD
2024-11-14,TQQQ,BUY,39.4131,253.8121,10003.52,0.0,0.0,OPEN
2024-11-14,GLD,BUY,237.01,2.1158,501.47,0.0,0.0,ADD
2024-11-15,QQQ,SELL,492.1069030761719,-0.3709830107214763,-182.56330050001998,22.29156769543261,0.13908608402338674,REDUCE
2024-11-15,QLD,SELL,51.30002975463867,-436.642331205367,-22399.76458297012,240.7099938090462,0.01086282778177683,CLOSE
2024-11-15,GLD,SELL,236.58999633789062,-1.968387959621341,-465.70090015836104,26.38242924184726,0.06005308446696489,REDUCE
2024-11-15,XLC,SELL,93.22174072265625,-1.5439057576640107,-143.92558224117056,38.32687689324903,0.36294835970736083,REDUCE
2024-11-15,SMH,BUY,238.1501,0.047,11.18,0.0,0.0,ADD
2024-11-15,TQQQ,BUY,36.5627,10.9739,401.24,0.0,0.0,ADD
2024-11-15,SHV,BUY,102.6131,221.9945,22779.53,0.0,0.0,OPEN
2024-11-19,SMH,SELL,242.34841918945312,-0.05491884389012927,-13.309495000485185,0.12807637031172125,0.009716432950436893,REDUCE
2024-11-19,TQQQ,SELL,38.049461364746094,-6.158051935604319,-234.31055920587642,-7.66994425217883,-0.031696538120098317,REDUCE
2024-11-19,GLD,SELL,243.25,-0.7115643791497942,-173.08803522818744,14.276164083191404,0.08989355758019624,REDUCE
2024-11-19,SHV,SELL,102.65025329589844,-221.99447440675473,-22787.789028143216,8.256706716407237,0.0003624616431936456,CLOSE
2024-11-19,QQQ,BUY,498.935,0.1092,54.47,0.0,0.0,ADD
2024-11-19,QLD,BUY,52.7252,439.1456,23154.03,0.0,0.0,OPEN
2024-11-21,SMH,SELL,244.2540283203125,-0.04705187252072059,-11.492609403199822,0.19939226501739177,0.017655931217619658,REDUCE
2024-11-21,TQQQ,SELL,38.379295349121094,-258.62801662876876,-9925.961035752918,-236.82068915408266,-0.023302742847824964,CLOSE
2024-11-21,QLD,SELL,53.04408264160156,-439.1455861708336,-23294.07476454026,140.04566901510438,0.006048436254326495,CLOSE
2024-11-21,GLD,SELL,246.66000366210938,-0.43615497500660183,-107.58198773237564,10.237896713148492,0.10517224626532617,REDUCE
2024-11-21,QQQ,BUY,500.4413,0.1648,82.49,0.0,0.0,ADD
2024-11-21,XLC,BUY,95.1224,0.3657,34.79,0.0,0.0,ADD
2024-11-21,SHV,BUY,102.6689,323.5823,33221.83,0.0,0.0,OPEN
2024-12-02,SMH,SELL,246.0107421875,-47.72401775704443,-11740.62102857993,286.07806646015774,0.024975074728535107,CLOSE
2024-12-02,QQQ,SELL,510.65863037109375,-0.5778925362697254,-295.1058110731756,45.19600924670252,0.18084928608796513,REDUCE
2024-12-02,GLD,SELL,243.44000244140625,-20.460993752214254,-4981.024368992636,414.39793505310786,0.09074487283944865,REDUCE
2024-12-02,XLC,SELL,97.19947052001953,-1.8112641293623872,-176.0539143459282,52.02419234708349,0.41944939897203093,REDUCE
2024-12-02,SHV,SELL,102.81404876708984,-226.56279489344266,-23293.838242982587,32.89060105310706,0.001413983710354838,REDUCE
2024-12-02,SSO,BUY,48.5144,108.8515,5280.87,0.0,0.0,OPEN
2024-12-02,QLD,BUY,55.0971,425.9848,23470.52,0.0,0.0,OPEN
2024-12-02,XLY,BUY,110.5054,106.1963,11735.26,0.0,0.0,OPEN
2024-12-18,QQQ,SELL,511.82794189453125,-0.2574170472288294,-131.7532374916991,20.433157680724072,0.183553207250841,REDUCE
2024-12-18,QLD,SELL,55.10206985473633,-1.6481848486592674,-90.81839666434098,0.008223822715935981,9.056058873802009e-05,REDUCE
2024-12-18,XLY,SELL,112.6736831665039,-2.437242727278488,-274.6131148532422,5.284702829789602,0.019621779930627747,REDUCE
2024-12-18,SHV,SELL,103.035400390625,-97.01952431867709,-9996.445533882872,35.55995916590688,0.00356995960842732,CLOSE
2024-12-18,SSO,BUY,45.6806,6.3157,288.51,0.0,0.0,ADD
2024-12-18,TQQQ,BUY,40.4125,245.8963,9937.28,0.0,0.0,OPEN
2024-12-18,GLD,BUY,239.26,0.5583,133.58,0.0,0.0,ADD
2024-12-18,XLC,BUY,95.7201,1.4027,134.27,0.0,0.0,ADD
2024-12-24,SSO,SELL,48.176029205322266,-1.7804553095007236,-85.77526698927795,-0.325813510446741,-0.0037840815533991545,REDUCE
2024-12-24,TQQQ,SELL,43.6832275390625,-245.89625899386886,-10741.542232633417,804.2666073901142,0.08093431617686697,CLOSE
2024-12-24,QLD,SELL,58.103736877441406,-6.499855796039868,-377.66591091441296,19.542834631940135,0.054570162958517576,REDUCE
2024-12-24,QQQ,BUY,526.0438,0.4337,228.13,0.0,0.0,ADD
2024-12-24,XLY,BUY,115.7657,1.0988,127.2,0.0,0.0,ADD
2024-12-24,GLD,BUY,241.44,1.2023,290.28,0.0,0.0,ADD
2024-12-24,XLC,BUY,97.4129,2.4768,241.27,0.0,0.0,ADD
2024-12-24,SHV,BUY,103.1292,100.0503,10318.1,0.0,0.0,OPEN
2024-12-31,QQQ,SELL,507.4521179199219,-0.06610345995492505,-33.54434075596146,4.895029526454081,0.17086028656118057,REDUCE
2024-12-31,SSO,SELL,45.71039962768555,-113.3867247012456,-5182.9524985683,-300.3188079379762,-0.054770007017822975,CLOSE
2024-12-31,GLD,SELL,242.1300048828125,-1.6915136385897644,-409.56620557108363,30.818661132525826,0.08136992987825264,REDUCE
2024-12-31,XLC,SELL,95.09468078613281,-1.6643802515008446,-158.27370872321626,42.834499574304104,0.37105676563540246,REDUCE
2024-12-31,SHV,SELL,103.21350860595703,-100.05025131671465,-10326.537475305891,8.440060644599258,0.0008179861369215224,CLOSE
2024-12-31,TQQQ,BUY,39.0847,254.2686,9938.02,0.0,0.0,OPEN
2024-12-31,QLD,BUY,53.9656,112.9623,6096.08,0.0,0.0,ADD
2024-12-31,XLY,BUY,110.7691,0.6931,76.78,0.0,0.0,ADD
2025-01-06,TQQQ,SELL,42.087825775146484,-254.26856971704544,-10701.611262346696,763.5923447790375,0.0768354690318831,CLOSE
2025-01-06,QLD,SELL,56.74263381958008,-8.557734608058206,-485.5884011901944,16.142920742704153,0.03438721090107455,REDUCE
2025-01-06,QQQ,BUY,520.6638,0.352,183.26,0.0,0.0,ADD
2025-01-06,XLY,BUY,111.964,2.4771,277.34,0.0,0.0,ADD
2025-01-06,GLD,BUY,243.19,1.2313,299.43,0.0,0.0,ADD
2025-01-06,XLC,BUY,97.1869,1.5045,146.22,0.0,0.0,ADD
2025-01-06,SHV,BUY,103.2791,99.5454,10280.96,0.0,0.0,OPEN
2025-01-10,XLY,SELL,109.02622985839844,-0.7544446062278967,-82.25425105403156,-1.1828051271862485,-0.014176017003971308,REDUCE
2025-01-10,GLD,SELL,248.2100067138672,-2.2234866191614118,-551.8916286702479,52.78126458609993,0.10575068839324131,REDUCE
2025-01-10,XLC,SELL,94.11238861083984,-0.1803349982316859,-16.97175743371554,4.403294962509275,0.3503447595596525,REDUCE
2025-01-10,SHV,SELL,103.32598114013672,-99.54537334478991,-10285.62336881163,4.6661893755370265,0.00045386721237106187,CLOSE
2025-01-10,TQQQ,BUY,37.9487,261.9666,9941.29,0.0,0.0,OPEN
2025-01-10,QLD,BUY,52.9634,18.779,994.6,0.0,0.0,ADD
2025-01-15,TQQQ,SELL,39.9491081237793,-261.96655757551486,-10465.330333398497,524.0420413701144,0.05271369524514524,CLOSE
2025-01-15,QLD,SELL,54.88295364379883,-5.001500615578394,-274.49712643422026,0.4620144860285441,0.001685968205840327,REDUCE
2025-01-15,XLY,SELL,112.21573638916016,-0.27015109405721965,-30.315203955968173,0.4381104938395517,0.014663758855756548,REDUCE
2025-01-15,QQQ,BUY,512.8817,0.3355,172.06,0.0,0.0,ADD
2025-01-15,GLD,BUY,248.88,0.9572,238.22,0.0,0.0,ADD
2025-01-15,XLC,BUY,95.3795,1.6184,154.36,0.0,0.0,ADD
2025-01-15,SHV,BUY,103.3729,98.7333,10206.35,0.0,0.0,OPEN
2025-01-27,QLD,SELL,54.174983978271484,-435.88120833818124,-23613.857478150585,-268.32607112671235,-0.011235407791463481,REDUCE
2025-01-27,XLY,SELL,114.21043395996094,-1.4486829125443905,-165.45470411207498,5.2390480321852095,0.03269997552282167,REDUCE
2025-01-27,GLD,SELL,252.99000549316406,-0.5050018534184194,-127.76042167038395,14.113972041688879,0.12419193109685311,REDUCE
2025-01-27,XLC,SELL,99.14167785644531,-4.293202166104848,-425.6352661245601,125.00264156539507,0.4157986570775334,REDUCE
2025-01-27,QQQ,BUY,510.4101,0.3837,195.82,0.0,0.0,ADD
2025-01-27,TQQQ,BUY,39.0897,262.1443,10247.13,0.0,0.0,OPEN
2025-01-27,SHV,BUY,103.5228,134.1709,13889.75,0.0,0.0,ADD
2025-01-28,QQQ,SELL,517.9539184570312,-0.14021534702616115,-72.62508842001262,11.576677569936148,0.1896311043765957,REDUCE
2025-01-28,TQQQ,SELL,40.823368072509766,-262.1442741330698,-10701.61219103521,454.47747526235645,0.04435166394004786,CLOSE
2025-01-28,QLD,SELL,55.80531692504883,-1.8052545584696666,-100.74280276578884,1.831861220696358,0.018520309200183105,REDUCE
2025-01-28,XLY,BUY,114.3487,1.0873,124.33,0.0,0.0,ADD
2025-01-28,GLD,BUY,255.18,0.1151,29.38,0.0,0.0,ADD
2025-01-28,XLC,BUY,99.623,0.807,80.39,0.0,0.0,ADD
2025-01-28,SHV,BUY,103.5322,102.7784,10640.88,0.0,0.0,ADD
2025-01-29,XLC,SELL,100.06503295898438,-0.6428317435599552,-64.3249796064083,19.185079145500453,0.4250137671906289,REDUCE
2025-01-29,SHV,SELL,103.54157257080078,-100.33452800174939,-10388.794812450178,6.018113903665236,0.0005796247071852001,REDUCE
2025-01-29,QQQ,BUY,516.9812,0.0454,23.47,0.0,0.0,ADD
2025-01-29,TQQQ,BUY,40.5715,255.2665,10356.53,0.0,0.0,OPEN
2025-01-29,QLD,BUY,55.581,0.3142,17.46,0.0,0.0,ADD
2025-01-29,XLY,BUY,114.0228,0.2152,24.53,0.0,0.0,ADD
2025-01-29,GLD,BUY,254.2,0.1224,31.12,0.0,0.0,ADD
2025-01-31,TQQQ,SELL,40.857940673828125,-0.549541647797189,-22.453140043495296,0.157430567422002,0.00706102524303831,REDUCE
2025-01-31,QLD,SELL,55.8452033996582,-98.64657427484016,-5508.938005057939,103.78678878502424,0.01920145887363156,CLOSE
2025-01-31,XLY,SELL,114.6301040649414,-0.046022223260194124,-5.27553224161602,0.1836739273606886,0.036072081355144725,REDUCE
2025-01-31,XLC,SELL,100.56599426269531,-0.013732878548399741,-1.38106058530866,0.4167323969035013,0.4321478952022637,REDUCE
2025-01-31,QQQ,BUY,518.4304,0.0909,47.11,0.0,0.0,ADD
2025-01-31,GLD,BUY,258.56,20.8181,5382.74,0.0,0.0,ADD
2025-01-31,SHV,BUY,103.5885,1.0445,108.2,0.0,0.0,ADD
2025-02-03,TQQQ,SELL,39.870079040527344,-254.7169111658866,-10155.58338114288,-178.65474759904697,-0.017287655400756274,CLOSE
2025-02-03,GLD,SELL,259.94000244140625,-0.6272945791403074,-163.05895443321242,14.709333141849818,0.09915315599599883,REDUCE
2025-02-03,XLC,SELL,100.7820816040039,-0.857195630522879,-86.38995998595237,26.19734220537283,0.4352251683233008,REDUCE
2025-02-03,QQQ,BUY,514.2813,0.1364,70.13,0.0,0.0,ADD
2025-02-03,XLY,BUY,113.1143,0.9001,101.82,0.0,0.0,ADD
2025-02-03,SHV,BUY,103.6007,98.7743,10233.09,0.0,0.0,ADD
2025-02-04,QQQ,SELL,520.59423828125,-0.22556690890417172,-117.42883312242338,19.105915516454292,0.1943180286108026,REDUCE
2025-02-04,XLY,SELL,114.44742584228516,-0.5024621231168653,-57.5054965739746,1.9031354863147116,0.03422760201341668,REDUCE
2025-02-04,GLD,SELL,262.5,-0.1679221747082054,-44.079570860903914,4.367461346862677,0.10997807470586385,REDUCE
2025-02-04,XLC,SELL,101.68579864501953,-0.2278483813747109,-23.16894463006247,7.169340754753594,0.44809489101274314,REDUCE
2025-02-04,SHV,SELL,103.6100845336914,-234.5077582925091,-24297.36866049334,21.824401471704938,0.0008990283076184546,REDUCE
2025-02-04,QLD,BUY,56.2989,435.8798,24539.55,0.0,0.0,OPEN
2025-02-07,QQQ,SELL,519.0557250976562,-0.12263664175470833,-63.65525100953164,10.198862032531604,0.19078845817512535,REDUCE
2025-02-07,QLD,SELL,55.91500473022461,-435.8797639438998,-24372.219062732343,-167.33244294837303,-0.006818887578676325,CLOSE
2025-02-07,GLD,SELL,263.8999938964844,-0.6704810751132486,-176.93995163009458,18.37710590553664,0.1158979319623199,REDUCE
2025-02-07,XLY,BUY,111.3764,2.3216,258.57,0.0,0.0,ADD
2025-02-07,XLC,BUY,100.9196,0.2158,21.78,0.0,0.0,ADD
2025-02-07,SHV,BUY,103.6665,234.7185,24332.46,0.0,0.0,ADD
2025-02-10,QQQ,SELL,525.3388671875,-0.23776301592032206,-124.90615344266553,21.267044596198588,0.20520288945849607,REDUCE
2025-02-10,GLD,SELL,268.3699951171875,-0.6126701718315926,-164.42229102289093,19.531212747844148,0.13479927805332537,REDUCE
2025-02-10,SHV,SELL,103.67594909667969,-234.7047314624547,-24333.23579185133,12.739499892714113,0.0005238174311814614,REDUCE
2025-02-10,QLD,BUY,57.2312,429.1104,24558.52,0.0,0.0,OPEN
2025-02-10,XLY,BUY,111.7566,0.3446,38.51,0.0,0.0,ADD
2025-02-10,XLC,BUY,101.3715,0.2519,25.54,0.0,0.0,ADD
2025-02-21,QQQ,SELL,522.1923217773438,-0.08759811400586551,-45.74306253603936,7.5597040475119215,0.19798426190779694,REDUCE
2025-02-21,GLD,SELL,270.739990234375,-0.9925611470884527,-268.7259952697477,33.994060425213114,0.1448207737380418,REDUCE
2025-02-21,XLC,SELL,101.19464874267578,-0.759494798985062,-76.8568094051825,23.43403987532137,0.43865265843663725,REDUCE
2025-02-21,SHV,SELL,103.82647705078125,-100.67301539386554,-10452.524522424128,20.618517246433225,0.001976486102942321,CLOSE
2025-02-21,TQQQ,BUY,41.3469,250.4137,10353.84,0.0,0.0,OPEN
2025-02-21,QLD,BUY,56.4086,2.7737,156.46,0.0,0.0,ADD
2025-02-21,XLY,BUY,107.8265,3.0934,333.55,0.0,0.0,ADD
2025-02-24,QQQ,SELL,516.0283203125,-0.005362842183978682,-2.7673784442995384,0.4297559058217794,0.1838431563470606,REDUCE
2025-02-24,QLD,SELL,55.0474853515625,-431.8841233241683,-23774.134952259566,-940.8468315319371,-0.03806787477176943,CLOSE
2025-02-24,XLY,SELL,107.42159271240234,-0.926664956352127,-99.54382552211428,-2.9455905354049334,-0.028740436317363782,REDUCE
2025-02-24,GLD,SELL,272.2099914550781,-1.0096777296558321,-274.84436616199673,36.06451088882867,0.1510366561181231,REDUCE
2025-02-24,XLC,SELL,101.39111328125,-1.6661228200925837,-168.93004759248288,51.73517602101996,0.4414457333098656,REDUCE
2025-02-24,TQQQ,BUY,39.8602,6.2421,248.81,0.0,0.0,ADD
2025-02-24,SHV,BUY,103.8453,231.8007,24071.41,0.0,0.0,OPEN
2025-03-10,QQQ,SELL,469.2366943359375,-9.173999463156981,-4304.777181931448,305.89987446081057,0.07649643911038062,REDUCE
2025-03-10,TQQQ,SELL,29.5419921875,-256.65574547791795,-7582.12202778564,-3020.5270806810436,-0.28488418788366954,CLOSE
2025-03-10,GLD,SELL,266.0400085449219,-20.71119677380216,-5510.006966677885,611.9920625873247,0.12494695801685318,REDUCE
2025-03-10,XLC,SELL,96.05731964111328,-2.0990895697910497,-201.63291776074584,53.98321896183649,0.36561685801580013,REDUCE
2025-03-10,XLY,BUY,97.9222,2.3442,229.55,0.0,0.0,ADD
2025-03-10,SHV,BUY,104.0225,166.4242,17311.87,0.0,0.0,ADD
2025-03-24,XLY,SELL,101.14244079589844,-1.651808935246943,-167.06798743934996,-15.193388350368206,-0.08336043928417058,REDUCE
2025-03-24,SHV,SELL,104.18296813964844,-86.30933315852522,-8991.962506608936,22.752457127442153,0.002536729210478983,REDUCE
2025-03-24,QQQ,BUY,487.7604,9.2719,4522.47,0.0,0.0,ADD
2025-03-24,GLD,BUY,277.25,16.6959,4628.94,0.0,0.0,ADD
2025-03-24,XLC,BUY,97.2283,0.6659,64.75,0.0,0.0,ADD
2025-03-26,QQQ,SELL,481.5175476074219,-9.626253497895268,-4635.209976953896,332.15226995788953,0.07718982467231816,REDUCE
2025-03-26,GLD,SELL,278.239990234375,-17.764214830753858,-4942.714961030293,515.526761131642,0.11644563950171438,REDUCE
2025-03-26,XLC,SELL,97.62236022949219,-0.7603644493568222,-74.22857218081117,20.62853798284452,0.38486053771262485,REDUCE
2025-03-26,XLY,BUY,100.6177,0.3096,31.15,0.0,0.0,ADD
2025-03-26,SHV,BUY,104.2019,91.7738,9563.0,0.0,0.0,ADD
2025-03-31,QQQ,SELL,466.1488952636719,-23.378886290005497,-10898.042016581066,447.3825930382247,0.04280903002449565,REDUCE
2025-03-31,XLY,SELL,97.76097106933594,-113.04371865601635,-11051.263709100966,-1419.0235848565242,-0.11379237313514945,CLOSE
2025-03-31,XLC,SELL,95.02145385742188,-116.51217629581862,-11071.156383720932,2857.9151686457512,0.3479643533907326,CLOSE
2025-03-31,GLD,BUY,288.14,57.1962,16480.51,0.0,0.0,ADD
2025-03-31,SHV,BUY,104.2585,158.6484,16540.44,0.0,0.0,ADD
2025-05-12,SHV,SELL,104.7381362915039,-304.7989418466518,-31924.073112640788,206.34874913638473,0.006505786694262827,REDUCE
2025-05-12,QQQ,BUY,504.8488,9.0841,4586.11,0.0,0.0,ADD
2025-05-12,QLD,BUY,50.1996,457.3085,22956.71,0.0,0.0,OPEN
2025-05-12,GLD,BUY,298.19,14.8857,4438.78,0.0,0.0,ADD
2025-05-21,QLD,SELL,51.12721633911133,-1.5942260792317493,-81.50834164633488,1.478799401589619,0.018478168937505313,REDUCE
2025-05-21,GLD,SELL,305.82000732421875,-1.1202950339592443,-342.608635490702,32.693961716613806,0.10549342926706995,REDUCE
2025-05-21,SHV,SELL,104.83318328857422,-90.84970178062558,-9524.063438480629,70.14019935665729,0.007419163196332068,REDUCE
2025-05-21,QQQ,BUY,510.0081,0.0901,45.93,0.0,0.0,ADD
2025-05-21,TQQQ,BUY,33.6567,294.2136,9902.25,0.0,0.0,OPEN
2025-05-27,QQQ,SELL,518.1397705078125,-0.06433416544329205,-33.33408971859899,2.8162278925248785,0.0922812977060774,REDUCE
2025-05-27,TQQQ,SELL,35.14281463623047,-294.2136013397733,-10339.49405534146,437.2485676527389,0.04415650654150727,CLOSE
2025-05-27,QLD,SELL,52.67818069458008,-7.854137369837271,-413.74166756834165,19.466961725914263,0.04937410753834737,REDUCE
2025-05-27,GLD,BUY,304.5,1.8098,551.07,0.0,0.0,ADD
2025-05-27,SHV,BUY,104.8997,97.5742,10235.5,0.0,0.0,ADD
2025-06-02,GLD,SELL,311.6700134277344,-75.96103123880592,-23674.77562618319,2625.857201425989,0.12475021986581147,REDUCE
2025-06-02,SHV,SELL,104.97293090820312,-167.73933158241175,-17608.089264788683,101.00841369293731,0.005769574868137672,REDUCE
2025-06-02,SMH,BUY,242.5453,49.1474,11920.47,0.0,0.0,OPEN
2025-06-02,QQQ,BUY,520.1182,23.0482,11987.8,0.0,0.0,ADD
2025-06-02,USD,BUY,28.3378,189.2956,5364.21,0.0,0.0,OPEN
2025-06-02,QLD,BUY,53.0323,1.6954,89.91,0.0,0.0,ADD
2025-06-02,XLC,BUY,100.3907,118.7408,11920.47,0.0,0.0,OPEN
2025-06-13,SMH,SELL,256.19281005859375,-1.7725496166395416,-454.11446725516726,24.190882793750852,0.05626786635596148,REDUCE
2025-06-13,USD,SELL,30.30903434753418,-9.095413437855008,-275.6731982929714,17.929598818712297,0.06956370150523528,REDUCE
2025-06-13,SHV,SELL,105.14461517333984,-96.5239487590751,-10148.973447284125,74.69594152268257,0.007414520940083769,CLOSE
2025-06-13,QQQ,BUY,523.8459,0.4633,242.7,0.0,0.0,ADD
2025-06-13,TQQQ,BUY,36.0791,285.9421,10316.53,0.0,0.0,OPEN
2025-06-13,QLD,BUY,53.6656,2.7675,148.52,0.0,0.0,ADD
2025-06-13,GLD,BUY,316.29,0.1073,33.94,0.0,0.0,ADD
2025-06-13,XLC,BUY,101.0607,1.3564,137.08,0.0,0.0,ADD
2025-06-16,SMH,SELL,262.5630187988281,-0.19133407344542155,-50.23725192290658,3.8300710389046184,0.08253186179264271,REDUCE
2025-06-16,USD,SELL,31.68942642211914,-4.2774270939386705,-135.54921116934838,14.33652928157784,0.1182758194794491,REDUCE
2025-06-16,TQQQ,SELL,37.55039978027344,-285.94210447269916,-10737.240336962566,420.7071994796324,0.0407799009486125,CLOSE
2025-06-16,QLD,SELL,55.14178466796875,-2.9850190983000715,-164.5992803482368,14.657464389821929,0.09775434755230017,REDUCE
2025-06-16,QQQ,BUY,531.1326,0.2881,153.04,0.0,0.0,ADD
2025-06-16,GLD,BUY,311.78,1.1576,360.92,0.0,0.0,ADD
2025-06-16,XLC,BUY,102.7946,0.4213,43.31,0.0,0.0,ADD
2025-06-16,SHV,BUY,105.1446,100.1511,10530.35,0.0,0.0,OPEN
2025-06-17,SMH,SELL,260.778564453125,-0.14708304568877012,-38.356105510110865,2.6818035766618427,0.0751746616279918,REDUCE
2025-06-17,QQQ,SELL,525.9533081054688,-0.006144540001443588,-3.231741140545637,0.1612331986029786,0.05251026919701407,REDUCE
2025-06-17,GLD,SELL,311.94000244140625,-0.35126665261600415,-109.57412047462094,11.776352214415564,0.12041534713842195,REDUCE
2025-06-17,XLC,SELL,101.88822174072266,-0.13071543775429603,-13.318363506845344,0.19366095374436934,0.014755454682560565,REDUCE
2025-06-17,SHV,SELL,105.1541519165039,-100.15112068584513,-10531.306159207476,0.9551155155739319,9.070120375009871e-05,CLOSE
2025-06-17,USD,BUY,31.2525,0.6951,21.72,0.0,0.0,ADD
2025-06-17,TQQQ,BUY,36.4407,286.1134,10426.18,0.0,0.0,OPEN
2025-06-17,QLD,BUY,54.0446,4.5866,247.88,0.0,0.0,ADD
2025-06-18,SMH,SELL,261.77545166015625,-0.15410947966217056,-40.34207864367636,2.963548150717235,0.07928476886686253,REDUCE
2025-06-18,USD,SELL,31.734115600585938,-2.58779222839543,-82.12129772619846,8.759391590408308,0.11939972734889137,REDUCE
2025-06-18,TQQQ,SELL,36.39118957519531,-286.11338843762485,-10412.006558635101,-14.17447881942533,-0.001359508219596961,CLOSE
2025-06-18,QQQ,BUY,525.8639,0.0304,15.97,0.0,0.0,ADD
2025-06-18,QLD,BUY,54.0197,0.452,24.42,0.0,0.0,ADD
2025-06-18,GLD,BUY,310.26,0.1989,61.72,0.0,0.0,ADD
2025-06-18,SHV,BUY,105.1828,99.1773,10431.75,0.0,0.0,OPEN
2025-06-20,QQQ,SELL,523.7166137695312,-0.08368953705061745,-43.829600952089095,2.0072923829411535,0.04799573365545684,REDUCE
2025-06-20,GLD,SELL,310.1300048828125,-0.18818923390788014,-58.36312803074361,5.933039655082421,0.113160969948634,REDUCE
2025-06-20,SHV,SELL,105.22091674804688,-99.17734936851853,-10435.531621196847,3.7848289607340218,0.00036281833101536876,CLOSE
2025-06-20,SMH,BUY,259.4626,0.1334,34.62,0.0,0.0,ADD
2025-06-20,USD,BUY,31.1929,1.9549,60.98,0.0,0.0,ADD
2025-06-20,TQQQ,BUY,35.8909,288.9041,10369.01,0.0,0.0,OPEN
2025-06-20,QLD,BUY,53.536,1.3485,72.19,0.0,0.0,ADD
2025-06-20,XLC,BUY,101.3168,0.0151,1.53,0.0,0.0,ADD
2025-06-23,TQQQ,SELL,37.005470275878906,-288.90406728254095,-10691.030874404589,322.0183117803685,0.03105583196428019,CLOSE
2025-06-23,QLD,SELL,54.65305709838867,-2.9782888889008707,-162.77259270059585,13.014233065195558,0.08690154657729843,REDUCE
2025-06-23,SMH,BUY,261.1075,0.367,95.82,0.0,0.0,ADD
2025-06-23,QQQ,BUY,529.1017,0.1669,88.29,0.0,0.0,ADD
2025-06-23,USD,BUY,31.5256,0.6145,19.37,0.0,0.0,ADD
2025-06-23,GLD,BUY,311.08,0.371,115.42,0.0,0.0,ADD
2025-06-23,XLC,BUY,102.5997,0.1822,18.7,0.0,0.0,ADD
2025-06-23,SHV,BUY,105.24,99.9259,10516.2,0.0,0.0,OPEN
2025-06-30,SMH,SELL,278.0149230957031,-0.7188038689194304,-199.8382023385293,25.358111767174172,0.14533527397960477,REDUCE
2025-06-30,QQQ,SELL,548.9959716796875,-23.172310633672794,-12721.505192396751,1138.9434268290613,0.09833260118801013,REDUCE
2025-06-30,USD,SELL,36.8314094543457,-18.09414161563335,-666.4327385703082,152.70826258912385,0.2972571285365755,REDUCE
2025-06-30,QLD,SELL,58.7670783996582,-11.231619924981961,-660.0494886865781,95.28594869488701,0.16871830765896978,REDUCE
2025-06-30,GLD,BUY,304.83,2.3698,722.37,0.0,0.0,ADD
2025-06-30,XLK,BUY,125.954,103.0001,12973.28,0.0,0.0,OPEN
2025-06-30,XLC,BUY,107.182,0.4545,48.71,0.0,0.0,ADD
2025-06-30,SHV,BUY,105.3163,4.7805,503.46,0.0,0.0,ADD
2025-07-31,SMH,SELL,287.88421630859375,-0.2568439837135131,-73.94132896494193,11.595863840484489,0.18599370166436624,REDUCE
2025-07-31,USD,SELL,42.68461608886719,-17.659639302152467,-753.7949238802485,252.40673209796316,0.5034157888735524,REDUCE
2025-07-31,QLD,SELL,61.293296813964844,-5.582432853673088,-342.1657138442133,61.462256883939226,0.2189579620768174,REDUCE
2025-07-31,XLK,SELL,130.68417358398438,-0.7698716341600924,-100.61003827596323,3.6416305080372036,0.03755481390137594,REDUCE
2025-07-31,XLC,SELL,106.07597351074219,-121.03965120161067,-12839.398834611527,682.7169810992314,0.05615981312384033,CLOSE
2025-07-31,QQQ,BUY,562.3019,23.8684,13421.22,0.0,0.0,ADD
2025-07-31,GLD,BUY,302.96,1.308,396.26,0.0,0.0,ADD
2025-07-31,SHV,BUY,105.6618,2.7677,292.43,0.0,0.0,ADD
2025-08-01,SMH,SELL,283.0692138671875,-0.12598579503784588,-35.662699959795646,5.0813218128571185,0.16615738468169083,REDUCE
2025-08-01,GLD,SELL,309.1099853515625,-1.458274669489304,-450.7672617243934,40.36131770013696,0.09834486631546313,REDUCE
2025-08-01,SHV,SELL,105.75300598144531,-107.47400554068155,-11365.699150793582,53.60521748629777,0.004738752860640849,CLOSE
2025-08-01,QQQ,BUY,551.2252,0.0136,7.51,0.0,0.0,ADD
2025-08-01,USD,BUY,40.9227,3.2148,131.56,0.0,0.0,ADD
2025-08-01,TQQQ,BUY,41.1925,270.3317,11135.65,0.0,0.0,OPEN
2025-08-01,QLD,BUY,58.847,9.3159,548.21,0.0,0.0,ADD
2025-08-01,XLK,BUY,127.864,0.2283,29.19,0.0,0.0,ADD
2025-08-04,USD,SELL,43.38639831542969,-4.300023518657519,-186.56253314619062,63.27485270428181,0.5132293224877074,REDUCE
2025-08-04,TQQQ,SELL,43.44789505004883,-270.3316902912666,-11745.342908477256,609.6941550732612,0.05475156127629188,CLOSE
2025-08-04,QLD,SELL,61.008724212646484,-3.511721920995303,-214.24567418950755,37.03529801610611,0.2089905727634529,REDUCE
2025-08-04,SMH,BUY,289.2899,0.2981,86.24,0.0,0.0,ADD
2025-08-04,QQQ,BUY,561.3961,0.4363,244.96,0.0,0.0,ADD
2025-08-04,GLD,BUY,310.91,0.8143,253.17,0.0,0.0,ADD
2025-08-04,XLK,BUY,130.4604,0.8287,108.12,0.0,0.0,ADD
2025-08-04,SHV,BUY,105.7722,108.2862,11453.67,0.0,0.0,OPEN
2025-08-05,QQQ,SELL,557.5845336914062,-0.06598956506099052,-36.794760863031115,1.5538670129855623,0.04409272419699284,REDUCE
2025-08-05,GLD,SELL,311.1600036621094,-0.33384709464186957,-103.8798631913487,9.70690273181938,0.10307526368984554,REDUCE
2025-08-05,SHV,SELL,105.76260375976562,-108.28615665001625,-11452.625878443578,-1.040132684496845,-9.081220663198497e-05,CLOSE
2025-08-05,SMH,BUY,286.2094,0.1122,32.11,0.0,0.0,ADD
2025-08-05,USD,BUY,42.6548,1.2223,52.14,0.0,0.0,ADD
2025-08-05,TQQQ,BUY,42.5438,266.9955,11359.0,0.0,0.0,OPEN
2025-08-05,QLD,BUY,60.165,2.4924,149.96,0.0,0.0,ADD
2025-08-06,TQQQ,SELL,44.13344192504883,-266.9955437010115,-11783.432322175428,424.43638211540343,0.037365660165308734,CLOSE
2025-08-06,QLD,SELL,61.6777229309082,-4.5492633153777655,-280.5882023056147,50.773213505755486,0.22093081818076166,REDUCE
2025-08-06,SMH,BUY,285.7309,0.7631,218.05,0.0,0.0,ADD
2025-08-06,QQQ,BUY,564.6008,0.0903,50.96,0.0,0.0,ADD
2025-08-06,USD,BUY,43.038,0.7908,34.04,0.0,0.0,ADD
2025-08-06,GLD,BUY,310.5,0.6133,190.44,0.0,0.0,ADD
2025-08-06,XLK,BUY,130.8383,0.3461,45.29,0.0,0.0,ADD
2025-08-06,SHV,BUY,105.7914,108.9441,11525.35,0.0,0.0,OPEN
2025-08-19,SMH,SELL,289.9677429199219,-0.6652798846895447,-192.90970657345315,30.698952098466062,0.18925349430638305,REDUCE
2025-08-19,QQQ,SELL,566.5513916015625,-0.1263614415016206,-71.59025052752258,4.100672097582155,0.06076007871110023,REDUCE
2025-08-19,QLD,SELL,61.947322845458984,-439.6800053262903,-27236.99923864083,5025.698530233106,0.22626763719113074,CLOSE
2025-08-19,USD,BUY,42.3959,2.2336,94.69,0.0,0.0,ADD
2025-08-19,TQQQ,BUY,44.3818,259.8421,11532.27,0.0,0.0,OPEN
2025-08-19,GLD,BUY,305.27,0.6586,201.06,0.0,0.0,ADD
2025-08-19,XLK,BUY,130.1271,0.6291,81.86,0.0,0.0,ADD
2025-08-19,SHV,BUY,105.9547,147.1537,15591.62,0.0,0.0,ADD
2025-08-26,SMH,SELL,295.8294982910156,-0.3988652968355652,-117.99612064856228,20.7434571868084,0.21329448930687733,REDUCE
2025-08-26,USD,SELL,44.566001892089844,-5.4342601318408015,-242.18324731772555,84.14492453582524,0.5324336721286826,REDUCE
2025-08-26,TQQQ,SELL,45.02267074584961,-259.84214973875925,-11698.78755358191,166.51688544812637,0.014439210649837442,CLOSE
2025-08-26,GLD,SELL,312.0799865722656,-0.39872075878515534,-124.43276904775485,11.614853179660477,0.10295220480087974,REDUCE
2025-08-26,QQQ,BUY,569.8654,0.2497,142.28,0.0,0.0,ADD
2025-08-26,XLK,BUY,130.8284,0.6356,83.15,0.0,0.0,ADD
2025-08-26,SHV,BUY,106.0315,112.7775,11957.97,0.0,0.0,ADD
2025-09-02,GLD,SELL,325.5899963378906,-1.8561015326751085,-604.3280912264418,79.14473434781425,0.15069924305713478,REDUCE
2025-09-02,SHV,SELL,106.13531494140625,-112.47096663219222,-11937.141465272114,23.09765906158827,0.0019386918024884014,REDUCE
2025-09-02,SMH,BUY,285.5914,1.2538,358.08,0.0,0.0,ADD
2025-09-02,QQQ,BUY,562.9089,0.1665,93.71,0.0,0.0,ADD
2025-09-02,USD,BUY,40.7783,11.5815,472.27,0.0,0.0,ADD
2025-09-02,TQQQ,BUY,43.2591,267.36,11565.76,0.0,0.0,OPEN
2025-09-02,XLK,BUY,129.2218,0.3997,51.65,0.0,0.0,ADD
2025-09-03,QQQ,SELL,567.3375854492188,-0.08557085450422953,-48.54756197925599,2.817949009646876,0.06162197374203937,REDUCE
2025-09-03,TQQQ,SELL,44.267578125,-267.35998086866346,-11835.378840602065,269.6210933777647,0.023312012863357046,CLOSE
2025-09-03,GLD,SELL,328.1400146484375,-0.06672286142081094,-21.894440724010565,3.015227639678367,0.15971151054917088,REDUCE
2025-09-03,SMH,BUY,285.5415,0.2913,83.19,0.0,0.0,ADD
2025-09-03,USD,BUY,40.8082,0.7812,31.88,0.0,0.0,ADD
2025-09-03,SHV,BUY,106.1546,111.0715,11790.75,0.0,0.0,ADD
2025-09-08,SMH,SELL,295.6001892089844,-0.9468185848982136,-279.8797528424948,47.74884991052858,0.20569794588927692,REDUCE
2025-09-08,QQQ,SELL,576.095458984375,-0.028913467038702127,-16.6569170644907,1.205375006744326,0.07801001364391524,REDUCE
2025-09-08,USD,SELL,42.7343864440918,-4.673070355943702,-199.70079447132775,59.321620292539905,0.4225813454137257,REDUCE
2025-09-08,GLD,SELL,334.82000732421875,-0.19383158667485811,-64.89869327014094,10.054105532369174,0.1833199217476269,REDUCE
2025-09-08,SHV,SELL,106.2509536743164,-256.3578282495398,-27238.263733390217,64.88580716988581,0.0023878447260425872,REDUCE
2025-09-08,QLD,BUY,63.8045,435.3882,27779.74,0.0,0.0,OPEN
2025-09-08,XLK,BUY,131.7237,0.1492,19.65,0.0,0.0,ADD
2025-09-10,SMH,SELL,299.8968200683594,-0.12190589279902356,-36.559189598021476,6.671600339085493,0.22322310044095572,REDUCE
2025-09-10,USD,SELL,46.67633819580078,-10.758338392751202,-502.159841244923,178.97903203894313,0.5538046410573549,REDUCE
2025-09-10,QLD,SELL,64.18897247314453,-435.3882003622687,-27947.121208185603,167.3762561024017,0.0060251185311854805,CLOSE
2025-09-10,XLK,SELL,134.3698272705078,-0.8460952034578205,-113.68966634303251,7.010254263379447,0.06571328175435753,REDUCE
2025-09-10,QQQ,BUY,577.9166,0.3887,224.64,0.0,0.0,ADD
2025-09-10,GLD,BUY,335.26,0.3729,125.02,0.0,0.0,ADD
2025-09-10,SHV,BUY,106.2606,265.8547,28249.88,0.0,0.0,ADD
2025-09-12,SMH,SELL,303.37603759765625,-0.3291297061131338,-99.85006609628363,19.15754793031647,0.23741417873356618,REDUCE
2025-09-12,QQQ,SELL,583.8480224609375,-0.25680065681676567,-149.93255564913852,12.600110040512313,0.09174896714808711,REDUCE
2025-09-12,SHV,SELL,106.29914093017578,-264.07752940575165,-28071.214514794636,30.631129395443228,0.0010923855960640605,REDUCE
2025-09-12,USD,BUY,46.8057,0.2331,10.91,0.0,0.0,ADD
2025-09-12,QLD,BUY,65.477,431.2479,28236.83,0.0,0.0,OPEN
2025-09-12,GLD,BUY,335.42,0.1432,48.03,0.0,0.0,ADD
2025-09-12,XLK,BUY,134.7329,0.1873,25.23,0.0,0.0,ADD
2025-09-29,SMH,SELL,321.65911865234375,-1.153863691553774,-371.15077807012676,88.25875962756118,0.3119874505949696,REDUCE
2025-09-29,QLD,SELL,68.17852020263672,-3.0157126095209312,-205.6068230735691,8.146901414433724,0.04125850626284189,REDUCE
2025-09-29,GLD,SELL,352.4599914550781,-0.5728593697663358,-201.91000857280414,39.38700499095837,0.24234726237460458,REDUCE
2025-09-29,XLK,SELL,139.61245727539062,-0.22645432387103048,-31.615844616271715,3.059985661391241,0.10715789240401263,REDUCE
2025-09-29,SHV,SELL,106.47261810302734,-112.89511522165402,-12020.238488692437,32.67976190252125,0.00272613987946424,CLOSE
2025-09-29,QQQ,BUY,596.551,0.535,319.17,0.0,0.0,ADD
2025-09-29,USD,BUY,47.6376,2.1612,102.95,0.0,0.0,ADD
2025-09-29,TQQQ,BUY,51.0178,243.2171,12408.4,0.0,0.0,OPEN
2025-09-30,SMH,SELL,325.3476257324219,-0.16903998299461048,-54.99675712114549,13.553333312178411,0.3270321818644213,REDUCE
2025-09-30,USD,SELL,49.30567169189453,-3.639458646363894,-179.44595315384504,69.00963056436625,0.6248816417121512,REDUCE
2025-09-30,TQQQ,SELL,51.41558837890625,-243.21712905564547,-12505.151794224386,96.75188230534273,0.007797289174441113,CLOSE
2025-09-30,GLD,SELL,355.4700012207031,-0.02933099477173297,-10.426288747312356,2.1049421482511264,0.25295691306604096,REDUCE
2025-09-30,QQQ,BUY,598.185,0.224,133.97,0.0,0.0,ADD
2025-09-30,QLD,BUY,68.5181,1.1586,79.38,0.0,0.0,ADD
2025-09-30,XLK,BUY,140.3744,0.2331,32.73,0.0,0.0,ADD
2025-09-30,SHV,BUY,106.4823,117.4275,12503.94,0.0,0.0,OPEN
2025-10-10,SMH,SELL,324.330810546875,-0.4368713936571203,-141.69085320955674,34.58337486862845,0.3228847826904102,REDUCE
2025-10-10,GLD,SELL,369.1199951171875,-1.7329472457096735,-639.6654788746982,148.0198738870325,0.30107026765905087,REDUCE
2025-10-10,XLK,SELL,138.64630126953125,-0.04736040513715702,-6.566344998893328,0.5927003762629229,0.09921922272000439,REDUCE
2025-10-10,SHV,SELL,106.6340560913086,-117.42746735751852,-12521.767140861939,17.82573179636037,0.0014256090310400538,CLOSE
2025-10-10,QQQ,BUY,587.3546,0.2478,145.55,0.0,0.0,ADD
2025-10-10,USD,BUY,48.3845,0.8107,39.23,0.0,0.0,ADD
2025-10-10,TQQQ,BUY,48.268,255.7476,12344.43,0.0,0.0,OPEN
2025-10-10,QLD,BUY,65.8263,11.8568,780.49,0.0,0.0,ADD
2025-10-13,SMH,SELL,338.69610595703125,-0.2517270836748428,-85.25898300458903,23.543215952811426,0.3814781388532269,REDUCE
2025-10-13,USD,SELL,52.641849517822266,-6.153766433591319,-323.94564656494003,136.54840215662668,0.7286574708596358,REDUCE
2025-10-13,TQQQ,SELL,51.3310546875,-255.74761649686687,-13127.79488859845,783.3695130827225,0.06345937451543748,CLOSE
2025-10-13,QLD,SELL,68.63296508789062,-1.7840153717131588,-122.44226472304945,5.5992371143409745,0.04792102044027868,REDUCE
2025-10-13,QQQ,BUY,599.819,0.7704,462.12,0.0,0.0,ADD
2025-10-13,GLD,BUY,378.09,0.461,174.31,0.0,0.0,ADD
2025-10-13,XLK,BUY,142.0229,1.4385,204.3,0.0,0.0,ADD
2025-10-13,SHV,BUY,106.6244,120.2231,12818.72,0.0,0.0,OPEN
2025-10-15,SMH,SELL,340.7198181152344,-0.23241291684962473,-79.18768675663523,22.207161551634936,0.3897324826638515,REDUCE
2025-10-15,GLD,SELL,387.3900146484375,-0.7899642215903813,-306.02425137363934,80.8936663101682,0.3593188650372041,REDUCE
2025-10-15,SHV,SELL,106.64371490478516,-120.22311132368088,-12821.039208968872,2.323342445242948,0.00018124611462133622,CLOSE
2025-10-15,QQQ,BUY,600.0283,0.0175,10.47,0.0,0.0,ADD
2025-10-15,USD,BUY,50.4211,5.7756,291.21,0.0,0.0,ADD
2025-10-15,TQQQ,BUY,51.3161,249.9798,12828.0,0.0,0.0,OPEN
2025-10-15,QLD,BUY,68.638,0.2862,19.64,0.0,0.0,ADD
2025-10-15,XLK,BUY,141.5896,0.4021,56.93,0.0,0.0,ADD
2025-10-17,USD,SELL,51.367130279541016,-1.823647781275722,-93.67555316478592,36.57951039314692,0.6406662987039244,REDUCE
2025-10-17,TQQQ,SELL,51.708961486816406,-249.97981958647148,-12926.196863478168,98.19859268782072,0.007655020730040318,CLOSE
2025-10-17,QLD,SELL,68.9975357055664,-0.11745083720779187,-8.103818333893287,0.4112052202536333,0.05345455623194306,REDUCE
2025-10-17,SMH,BUY,341.7665,0.0838,28.64,0.0,0.0,ADD
2025-10-17,QQQ,BUY,601.7321,0.0989,59.49,0.0,0.0,ADD
2025-10-17,GLD,BUY,388.99,0.0277,10.77,0.0,0.0,ADD
2025-10-17,XLK,BUY,141.9432,0.2629,37.32,0.0,0.0,ADD
2025-10-17,SHV,BUY,106.7114,120.8095,12891.75,0.0,0.0,OPEN
2025-11-04,SMH,SELL,351.665771484375,-0.21759304182096453,-76.52002492160136,23.133182255173438,0.4333124249305089,REDUCE
2025-11-04,QQQ,SELL,616.996337890625,-0.06583065213503027,-40.61727128826533,5.245418900407765,0.14829358787577696,REDUCE
2025-11-04,USD,SELL,56.76476287841797,-9.75816263655115,-553.919788192864,248.4043937237733,0.8130667004699976,REDUCE
2025-11-04,QLD,SELL,72.23367309570312,-9.651213768998204,-697.1426203665651,65.0223616528216,0.1028639103975737,REDUCE
2025-11-04,XLK,SELL,146.39064025878906,-0.7679822132177828,-112.42540790031308,15.31971900125363,0.15776335222932558,REDUCE
2025-11-04,SHV,SELL,106.87690734863281,-120.80952378538836,-12911.748280443404,19.993592757817417,0.0015508821911509596,CLOSE
2025-11-04,TQQQ,BUY,55.2345,238.9834,13200.12,0.0,0.0,OPEN
2025-11-04,GLD,BUY,362.32,3.2906,1192.25,0.0,0.0,ADD
2025-11-11,TQQQ,SELL,55.58253860473633,-238.98340607540314,-13283.304394077473,83.1834445470816,0.006301718360394393,CLOSE
2025-11-11,QLD,SELL,72.64817810058594,-0.21071498054153612,-15.308059434843017,1.5069758402970512,0.10919257389996484,REDUCE
2025-11-11,GLD,SELL,379.8699951171875,-1.500890942152911,-570.1434348670573,131.80507676523175,0.30069254567635517,REDUCE
2025-11-11,SMH,BUY,349.9611,0.4479,156.74,0.0,0.0,ADD
2025-11-11,QQQ,BUY,619.3079,0.0695,43.07,0.0,0.0,ADD
2025-11-11,USD,BUY,54.8776,4.9016,268.99,0.0,0.0,ADD
2025-11-11,XLK,BUY,145.9275,0.8949,130.6,0.0,0.0,ADD
2025-11-11,SHV,BUY,106.9545,124.0655,13269.36,0.0,0.0,OPEN
2025-11-13,SMH,SELL,343.7503967285156,-0.22723397053490688,-78.11176752157007,22.12083785255078,0.39507895266812487,REDUCE
2025-11-13,QQQ,SELL,606.1858520507812,-0.07442623766937125,-45.116132296541764,5.116635258700011,0.12791748990892038,REDUCE
2025-11-13,QLD,SELL,69.5418930053711,-429.77030059638435,-29887.040260959933,1738.610425831664,0.06176580491398975,CLOSE
2025-11-13,GLD,SELL,382.8699951171875,-1.0621796350658734,-406.67671169124696,96.46491403983815,0.31096468532198673,REDUCE
2025-11-13,XLK,SELL,142.73011779785156,-0.09186009656394392,-13.111202403493735,1.4811969475375735,0.12735995293785507,REDUCE
2025-11-13,USD,BUY,51.89,4.2904,222.63,0.0,0.0,ADD
2025-11-13,SHV,BUY,106.9739,282.3812,30207.43,0.0,0.0,ADD
2025-11-17,QQQ,SELL,601.4630126953125,-0.033491671905795016,-20.14400188466243,2.144300796190992,0.11912980030342757,REDUCE
2025-11-17,SHV,SELL,107.01272583007812,-406.44668950627926,-43494.96814867835,18.178454146443073,0.0004181185932579101,CLOSE
2025-11-17,SMH,BUY,339.2444,0.207,70.23,0.0,0.0,ADD
2025-11-17,USD,BUY,51.158,0.7517,38.45,0.0,0.0,ADD
2025-11-17,TQQQ,BUY,50.7443,253.3722,12857.19,0.0,0.0,OPEN
2025-11-17,QLD,BUY,68.4182,442.1661,30252.22,0.0,0.0,OPEN
2025-11-17,GLD,BUY,371.65,0.7258,269.73,0.0,0.0,ADD
2025-11-17,XLK,BUY,141.2609,0.1932,27.29,0.0,0.0,ADD
2025-11-18,QQQ,SELL,594.1397705078125,-0.323980796488988,-192.48987607490562,18.37024682469629,0.10550359487785443,REDUCE
2025-11-18,QLD,SELL,66.75521087646484,-442.16609330198105,-29516.890800796373,-735.3298506736703,-0.0243066404660095,CLOSE
2025-11-18,GLD,SELL,374.3500061035156,-0.9039494141089996,-338.39346868897337,72.8836781865209,0.2745046728732501,REDUCE
2025-11-18,XLK,SELL,138.96502685546875,-0.30493397220553337,-42.37515763668671,3.7607382192367056,0.09739206949042489,REDUCE
2025-11-18,SMH,BUY,332.2562,0.0703,23.37,0.0,0.0,ADD
2025-11-18,USD,BUY,48.8974,3.4989,171.09,0.0,0.0,ADD
2025-11-18,TQQQ,BUY,48.9095,4.4963,219.91,0.0,0.0,ADD
2025-11-18,SHV,BUY,107.0321,277.2605,29675.78,0.0,0.0,OPEN
2025-11-24,SMH,SELL,338.06805419921875,-0.12608701170191136,-42.625990705859294,11.48656935771331,0.36887549159282007,REDUCE
2025-11-24,QQQ,SELL,602.9575805664062,-0.010101730836854386,-6.090915184922778,0.6618599842443108,0.12191071186043545,REDUCE
2025-11-24,USD,SELL,51.30738067626953,-4.5116164433881485,-231.47922232623296,80.96581013317805,0.5379308657844251,REDUCE
2025-11-24,TQQQ,SELL,50.79899978637695,-257.86850637699155,-13099.462200358137,22.35523352535593,0.0017094938186292818,CLOSE
2025-11-24,GLD,SELL,380.20001220703125,-0.03342757582717576,-12.709164737543688,2.8907517640406386,0.2944214886705123,REDUCE
2025-11-24,XLK,BUY,139.3037,1.2976,180.76,0.0,0.0,ADD
2025-11-24,SHV,BUY,107.1,123.3576,13211.6,0.0,0.0,ADD
2025-12-01,SMH,SELL,351.8651428222656,-1.0295255531437035,-362.25415579608125,107.99458095726487,0.42474145182428713,REDUCE
2025-12-01,QQQ,SELL,614.923828125,-0.14025701729785228,-86.24738199818967,10.867914707842672,0.14417606144630324,REDUCE
2025-12-01,USD,SELL,52.36300277709961,-132.0407557458467,-6914.0504598101015,2508.998535464304,0.56957297633601,CLOSE
2025-12-01,XLK,SELL,142.610595703125,-0.7378827056442768,-105.22989221096395,11.678011994936549,0.12482926017061335,REDUCE
2025-12-01,GLD,BUY,389.75,17.3984,6781.04,0.0,0.0,ADD
2025-12-01,SHV,BUY,107.1797,6.4074,686.74,0.0,0.0,ADD
2025-12-02,SMH,SELL,358.3150634765625,-0.5948070144975288,-213.1283131559867,66.23018308482602,0.45085790440451956,REDUCE
2025-12-02,QQQ,SELL,619.7362670898438,-0.1562271138902146,-96.81960838054147,12.857202447265763,0.15313046719365442,REDUCE
2025-12-02,XLK,SELL,144.07977294921875,-0.6262791970348568,-90.2341645116012,10.831847619463613,0.1364172739969025,REDUCE
2025-12-02,SHV,SELL,107.19913482666016,-285.1190773242139,-30564.518411731347,41.0866506528851,0.0013460691764441979,REDUCE
2025-12-02,QLD,BUY,72.3835,424.8048,30748.85,0.0,0.0,OPEN
2025-12-02,GLD,BUY,387.24,0.5574,215.85,0.0,0.0,ADD
2025-12-11,SMH,SELL,369.7395324707031,-0.7736649807356805,-286.054528266166,94.9842547126181,0.4971168614881296,REDUCE
2025-12-11,QLD,SELL,73.09264373779297,-424.80478373268915,-31050.104715483638,301.2512561641957,0.009797154113819317,CLOSE
2025-12-11,GLD,SELL,393.239990234375,-0.11264375181078788,-44.29602786203759,7.450013014882818,0.20219318278481624,REDUCE
2025-12-11,XLK,SELL,147.38668823242188,-1.0091266717322733,-148.7318381536261,20.79050439616067,0.16250029435813618,REDUCE
2025-12-11,QQQ,BUY,623.3033,0.3433,213.95,0.0,0.0,ADD
2025-12-11,SHV,BUY,107.3257,291.7777,31315.23,0.0,0.0,ADD
2025-12-12,GLD,SELL,395.44000244140625,-0.9360528680819095,-370.1527484395956,63.96783076212213,0.20891894756718243,REDUCE
2025-12-12,SHV,SELL,107.35485076904297,-127.1392318253749,-13649.013259503881,13.850601673854799,0.0010158002527311805,REDUCE
2025-12-12,SMH,BUY,353.0215,1.4357,506.82,0.0,0.0,ADD
2025-12-12,QQQ,BUY,611.3868,0.3034,185.48,0.0,0.0,ADD
2025-12-12,TQQQ,BUY,52.5294,248.8861,13073.84,0.0,0.0,OPEN
2025-12-12,XLK,BUY,143.1236,1.7679,253.03,0.0,0.0,ADD
2025-12-19,SMH,SELL,355.125,-0.003267404547952665,-1.1603370400916901,0.34197544865496277,0.41787817540970584,REDUCE
2025-12-19,TQQQ,SELL,53.22557830810547,-248.8860843231912,-13247.105770941755,173.26342844540454,0.01325267843273692,CLOSE
2025-12-19,GLD,SELL,399.0199890136719,-0.15886092238722171,-63.38868350565099,11.424932202831776,0.21986349938927408,REDUCE
2025-12-19,XLK,SELL,144.0299835205078,-0.04806866254979902,-6.923328674900404,0.8160603948352987,0.13362118011075808,REDUCE
2025-12-19,QQQ,BUY,614.8043,0.0136,8.34,0.0,0.0,ADD
2025-12-19,SHV,BUY,107.4299,123.897,13310.24,0.0,0.0,ADD
2025-12-31,SMH,SELL,360.1300048828125,-0.605777941471786,-218.1588130201344,66.43428887122042,0.43786124388181813,REDUCE
2025-12-31,SHV,SELL,107.55680084228516,-122.75446990535484,-13203.078072110537,31.34712218401718,0.0023798787192956805,REDUCE
2025-12-31,QQQ,BUY,612.8629,0.1472,90.18,0.0,0.0,ADD
2025-12-31,TQQQ,BUY,52.5121,250.4312,13150.66,0.0,0.0,OPEN
2025-12-31,GLD,BUY,396.31,0.3443,136.46,0.0,0.0,ADD
2025-12-31,XLK,BUY,143.62,0.3059,43.93,0.0,0.0,ADD
2026-01-06,SMH,SELL,387.6199951171875,-1.9722330782648851,-764.4769761669904,270.5069834936531,0.5476182511202448,REDUCE
2026-01-06,TQQQ,SELL,54.79304122924805,-250.43122136160858,-13721.888237157564,571.2255301033133,0.04343701475948425,CLOSE
2026-01-06,GLD,SELL,413.17999267578125,-0.761641796163674,-314.6951517604757,65.20284599810918,0.2613421115287331,REDUCE
2026-01-06,QQQ,BUY,621.9514,0.5564,346.08,0.0,0.0,ADD
2026-01-06,XLK,BUY,146.2934,0.8784,128.51,0.0,0.0,ADD
2026-01-06,SHV,BUY,107.5959,133.1507,14326.47,0.0,0.0,ADD
2026-01-14,GLD,SELL,425.94000244140625,-1.3804254455195633,-587.9784176347821,135.79009358211098,0.30029544408646447,REDUCE
2026-01-14,SHV,SELL,107.67396545410156,-125.01472524695039,-13460.831207494135,34.92587023299207,0.002601379151397909,REDUCE
2026-01-14,SMH,BUY,388.35,0.0217,8.44,0.0,0.0,ADD
2026-01-14,QQQ,BUY,618.0905,0.41,253.44,0.0,0.0,ADD
2026-01-14,TQQQ,BUY,53.6177,252.4783,13537.3,0.0,0.0,OPEN
2026-01-14,XLK,BUY,144.3482,1.7293,249.63,0.0,0.0,ADD
2026-01-15,SMH,SELL,396.4100036621094,-0.6652660268754701,-263.7181081499821,97.0454296611011,0.5822515756088673,REDUCE
2026-01-15,TQQQ,SELL,54.16552734375,-252.47829544443908,-13675.620015599156,138.31581301525628,0.010217382349201776,CLOSE
2026-01-15,XLK,SELL,145.10635375976562,-0.11596491588620543,-16.82724610830519,2.039027606567926,0.13788189607344448,REDUCE
2026-01-15,QQQ,BUY,620.3153,0.0283,17.57,0.0,0.0,ADD
2026-01-15,GLD,BUY,423.33,0.5049,213.74,0.0,0.0,ADD
2026-01-15,SHV,BUY,107.6837,127.4553,13724.86,0.0,0.0,ADD
2026-01-16,SMH,SELL,400.3900146484375,-0.38055144729534124,-152.36899955706576,57.02739715865017,0.5981375991599429,REDUCE
2026-01-16,XLK,SELL,145.2659454345703,-0.06461271825298766,-9.386027604117771,1.1464062650742164,0.13913336765149076,REDUCE
2026-01-16,SHV,SELL,107.71302795410156,-126.16948245074704,-13590.096990171842,29.192142886318198,0.002152669251429984,REDUCE
2026-01-16,QQQ,BUY,619.7965,0.0644,39.92,0.0,0.0,ADD
2026-01-16,TQQQ,BUY,53.9265,252.2152,13601.08,0.0,0.0,OPEN
2026-01-16,GLD,BUY,421.29,0.2631,110.85,0.0,0.0,ADD
2026-01-22,TQQQ,SELL,53.68741989135742,-252.21520966143189,-13540.78386408004,-60.292504610608255,-0.0044329215553410295,CLOSE
2026-01-22,GLD,SELL,451.7900085449219,-2.8131158173055693,-1270.937619138338,345.28096062449305,0.3730119126230309,REDUCE
2026-01-22,SMH,BUY,402.82,0.2077,83.68,0.0,0.0,ADD
2026-01-22,QQQ,BUY,619.2977,0.5786,358.29,0.0,0.0,ADD
2026-01-22,XLK,BUY,144.5278,1.8135,262.11,0.0,0.0,ADD
2026-01-22,SHV,BUY,107.7423,130.9387,14107.64,0.0,0.0,ADD
2026-01-27,GLD,SELL,476.1000061035156,-1.630344017178484,-776.2067965295064,239.74157675944286,0.4468911831081974,REDUCE
2026-01-27,XLK,SELL,147.6900634765625,-0.5445386946957002,-80.42295438505244,10.831649407039642,0.15564659134444847,REDUCE
2026-01-27,SHV,SELL,107.80091094970703,-298.29621665898634,-32156.603888689904,71.4478333149696,0.002226818943677822,REDUCE
2026-01-27,SMH,BUY,407.25,0.235,95.68,0.0,0.0,ADD
2026-01-27,QQQ,BUY,629.6432,0.0097,6.14,0.0,0.0,ADD
2026-01-27,QLD,BUY,73.8952,445.3795,32911.41,0.0,0.0,OPEN
2026-01-30,SMH,SELL,403.4599914550781,-0.6921299286840004,-279.24673511265064,104.67111998410887,0.5995746880630408,REDUCE
2026-01-30,QQQ,SELL,620.405029296875,-0.5693940394618632,-353.25492573380325,44.88478930591891,0.14555491600405257,REDUCE
2026-01-30,QLD,SELL,71.64717102050781,-445.3795402805822,-31910.184091518022,-1001.2272877642415,-0.030421888512338735,CLOSE
2026-01-30,GLD,BUY,444.95,1.8823,837.54,0.0,0.0,ADD
2026-01-30,XLK,BUY,143.5302,0.2167,31.11,0.0,0.0,ADD
2026-01-30,SHV,BUY,107.84,293.7134,31674.04,0.0,0.0,ADD
2026-02-02,SMH,SELL,407.9700012207031,-0.527514474798172,-215.21008092734883,82.15534638899342,0.6174552651135514,REDUCE
2026-02-02,QQQ,SELL,624.6650390625,-0.43274770435012827,-270.32236164208007,35.95659842576041,0.1534208663087555,REDUCE
2026-02-02,XLK,SELL,144.9068145751953,-111.63724998283791,-16176.99828294782,1906.5002012640039,0.13359731316673495,CLOSE
2026-02-02,SHV,SELL,107.86152648925781,-1.0384368638887012,-112.00738530175295,0.11103230328387638,0.000992278124430035,REDUCE
2026-02-02,GLD,BUY,427.13,1.8433,787.32,0.0,0.0,ADD
2026-02-02,XLC,BUY,118.9798,134.3692,15987.22,0.0,0.0,OPEN
2026-02-03,GLD,SELL,454.2900085449219,-2.833871043583272,-1287.3993006046512,331.6781632111516,0.34704491742824106,REDUCE
2026-02-03,SHV,SELL,107.87130737304688,-125.52659557695362,-13540.717974973712,14.649383017112847,0.001083048109472351,REDUCE
2026-02-03,SMH,BUY,397.68,1.08,429.51,0.0,0.0,ADD
2026-02-03,QQQ,BUY,615.0677,0.8178,503.02,0.0,0.0,ADD
2026-02-03,TQQQ,BUY,52.3129,260.1936,13611.47,0.0,0.0,OPEN
2026-02-03,XLC,BUY,117.0609,2.427,284.11,0.0,0.0,ADD
2026-02-10,SMH,SELL,404.760009765625,-0.6969678346353834,-282.10470755334427,103.5897772649084,0.5802863497049406,REDUCE
2026-02-10,TQQQ,SELL,50.81877517700195,-260.1935907496408,-13222.719590802852,-388.7519184667542,-0.02856060920393566,CLOSE
2026-02-10,GLD,SELL,462.3999938964844,-0.795306874315677,-367.7498938294011,99.53317584608934,0.37109236364707954,REDUCE
2026-02-10,QQQ,BUY,610.0295,0.4069,248.19,0.0,0.0,ADD
2026-02-10,XLC,BUY,116.9019,0.2117,24.75,0.0,0.0,ADD
2026-02-10,SHV,BUY,107.9399,125.9927,13599.63,0.0,0.0,ADD
2026-02-13,SMH,SELL,407.7200012207031,-0.5066044415550135,-206.55276352922374,76.79576173685724,0.5918429115659105,REDUCE
2026-02-13,GLD,SELL,462.6199951171875,-0.2727051910461349,-126.1588741501946,34.18922861891051,0.3717447036074617,REDUCE
2026-02-13,SHV,SELL,108.00843048095703,-127.97014125240545,-13821.854105098686,25.41861829114892,0.001842404751245752,REDUCE
2026-02-13,QQQ,BUY,600.502,0.4951,297.34,0.0,0.0,ADD
2026-02-13,TQQQ,BUY,48.2788,280.4127,13538.0,0.0,0.0,OPEN
2026-02-13,XLC,BUY,113.9192,2.8022,319.23,0.0,0.0,ADD
2026-02-20,SMH,SELL,415.0299987792969,-0.18852222262617327,-78.24237782641103,29.956029794958017,0.6203830071275034,REDUCE
2026-02-20,TQQQ,SELL,49.86256408691406,-280.4127390697873,-13982.09817265438,444.0977280269937,0.03280379032660141,CLOSE
2026-02-20,XLC,SELL,116.12635803222656,-0.8721156820980132,-101.27561794483336,-2.3682809877156177,-0.02285017267882683,REDUCE
2026-02-20,QQQ,BUY,607.3758,0.0761,46.25,0.0,0.0,ADD
2026-02-20,SHV,BUY,108.0574,130.6194,14114.4,0.0,0.0,ADD
2026-03-03,GLD,SELL,468.1400146484375,-0.3367674292824149,-157.65430927738635,44.079716220425695,0.3881124733444439,REDUCE
2026-03-03,XLC,SELL,117.2796630859375,-2.5475931551799547,-298.7808669195456,-3.9799857021255862,-0.013145641742193681,REDUCE
2026-03-03,SHV,SELL,108.1495590209961,-129.73249421291666,-14030.512039820864,34.217204745746464,0.002444733063210247,REDUCE
2026-03-03,SMH,BUY,391.06,2.0286,793.3,0.0,0.0,ADD
2026-03-03,QQQ,BUY,600.1628,0.1636,98.17,0.0,0.0,ADD
2026-03-03,TQQQ,BUY,47.9103,283.7899,13596.46,0.0,0.0,OPEN
2026-03-05,SMH,SELL,395.3500061035156,-0.12824665302069768,-50.70231505448828,16.996213308009963,0.5042473744323093,REDUCE
2026-03-05,QQQ,SELL,607.4755859375,-0.21356576686196924,-129.73598936066628,13.50335470119716,0.11617524407631663,REDUCE
2026-03-05,TQQQ,SELL,49.60358810424805,-283.7898558149888,-14076.995116010647,480.53980914363075,0.035343021272679076,CLOSE
2026-03-05,GLD,BUY,466.13,0.5395,251.49,0.0,0.0,ADD
2026-03-05,XLC,BUY,117.7569,0.5068,59.68,0.0,0.0,ADD
2026-03-05,SHV,BUY,108.1692,128.93,13946.26,0.0,0.0,ADD
2026-03-06,GLD,SELL,473.510009765625,-0.9892604708201002,-468.4247351987724,133.26727473901568,0.3976258638438317,REDUCE
2026-03-06,SHV,SELL,108.19866180419922,-128.70054452562943,-13925.22669114486,29.193633160512586,0.0021008609463359917,REDUCE
2026-03-06,SMH,BUY,380.56,1.3085,497.97,0.0,0.0,ADD
2026-03-06,QQQ,BUY,598.3372,0.4249,254.21,0.0,0.0,ADD
2026-03-06,TQQQ,BUY,47.3525,287.486,13613.18,0.0,0.0,OPEN
2026-03-06,XLC,BUY,116.7826,0.2422,28.29,0.0,0.0,ADD
2026-03-09,SMH,SELL,394.3699951171875,-1.0045627350811144,-396.1694009288476,128.47020580554388,0.47990508804619236,REDUCE
2026-03-09,QQQ,SELL,606.3283081054688,-0.08813367120970503,-53.43793975170411,5.430508669174605,0.11311808498644771,REDUCE
2026-03-09,TQQQ,SELL,49.19520568847656,-287.4859887041428,-14142.932346855356,529.7507068691341,0.03891454039760167,CLOSE
2026-03-09,SHV,SELL,108.20848083496094,-168.7804972230191,-18263.48119907224,39.942381899246904,0.002191801619870093,REDUCE
2026-03-09,QLD,BUY,67.8805,477.3248,32401.04,0.0,0.0,OPEN
2026-03-09,GLD,BUY,472.53,0.6002,283.61,0.0,0.0,ADD
2026-03-09,XLC,BUY,116.882,1.4662,171.38,0.0,0.0,ADD
2026-03-12,SMH,SELL,388.1300048828125,-0.13328123420467344,-51.73044608264718,16.213222642390203,0.4564890234075374,REDUCE
2026-03-12,QQQ,SELL,595.85302734375,-0.08748211773809464,-52.12648469268606,4.473962329554985,0.09388720906443582,REDUCE
2026-03-12,GLD,SELL,466.8800048828125,-0.3184233978184573,-148.6655175282831,40.21151178407207,0.37077018509497006,REDUCE
2026-03-12,SHV,SELL,108.2281265258789,-127.258428669259,-13772.941319501098,32.616146727570694,0.0023737536279127003,CLOSE
2026-03-12,TQQQ,BUY,46.6453,289.6022,13508.59,0.0,0.0,OPEN
2026-03-12,QLD,BUY,65.5225,7.7739,509.37,0.0,0.0,ADD
2026-03-12,XLC,BUY,114.6052,0.0655,7.51,0.0,0.0,ADD
2026-03-17,SMH,SELL,396.8800048828125,-0.4831173615570291,-191.7396208137252,62.99691085398545,0.48932410133114135,REDUCE
2026-03-17,TQQQ,SELL,47.97005844116211,-289.60224168117225,-13892.236458137386,383.6513827593642,0.02840056013406178,CLOSE
2026-03-17,QLD,SELL,66.79142761230469,-4.228896222258651,-282.45401590893744,-4.445683492764665,-0.015495601780119106,REDUCE
2026-03-17,QQQ,BUY,601.8888,0.0171,10.28,0.0,0.0,ADD
2026-03-17,GLD,BUY,459.27,1.2046,553.26,0.0,0.0,ADD
2026-03-17,XLC,BUY,114.7046,1.3317,152.75,0.0,0.0,ADD
2026-03-17,SHV,BUY,108.2871,126.0552,13650.14,0.0,0.0,OPEN
2026-03-18,SMH,SELL,393.6700134277344,-0.41795456757111094,-164.53618022790215,53.158266803848555,0.47727835052410206,REDUCE
2026-03-18,QQQ,SELL,593.4986572265625,-0.21995928511571902,-130.54554036069385,10.72682061414402,0.08952541503392997,REDUCE
2026-03-18,XLC,SELL,113.00447082519531,-0.4990812030902469,-56.39840725401518,-2.8787457937535206,-0.048564170945147644,REDUCE
2026-03-18,SHV,SELL,108.28705596923828,-126.05517546810509,-13650.143841126848,0.0,0.0,CLOSE
2026-03-18,TQQQ,BUY,45.9182,291.8209,13399.88,0.0,0.0,OPEN
2026-03-18,QLD,BUY,64.8931,4.993,324.01,0.0,0.0,ADD
2026-03-18,GLD,BUY,444.74,0.6245,277.73,0.0,0.0,ADD
2026-03-19,SMH,SELL,394.9200134277344,-0.5325129253402683,-210.30001162582084,68.39420870467713,0.48196907594175986,REDUCE
2026-03-19,QQQ,SELL,591.623046875,-0.34529311103085425,-204.28336241302168,16.19137766568799,0.08608223092248224,REDUCE
2026-03-19,TQQQ,SELL,45.509796142578125,-291.82091389195205,-13280.710301363582,-119.1745297878377,-0.008893698064537547,CLOSE
2026-03-19,QLD,SELL,64.47346496582031,-1.8086092802959524,-116.60730707001858,-6.038791587063831,-0.0492375350963935,REDUCE
2026-03-19,XLC,SELL,112.48746490478516,-0.783369225841614,-88.11921829934727,-4.9235515056470005,-0.05291707798430911,REDUCE
2026-03-19,GLD,BUY,426.41,1.4923,636.34,0.0,0.0,ADD
2026-03-19,SHV,BUY,108.2871,122.4863,13263.68,0.0,0.0,OPEN
2026-03-20,QQQ,SELL,580.6888427734375,-11.417125848310196,-6629.797596653949,410.5311464557586,0.06600957681153474,REDUCE
2026-03-20,QLD,SELL,62.07556915283203,-484.0542325413573,-30047.941985842062,-2776.9272694627757,-0.08459827357923122,CLOSE
2026-03-20,GLD,SELL,413.3800048828125,-15.35710625965581,-6348.320660602389,1009.2563583098761,0.18903244111079842,REDUCE
2026-03-20,XLC,SELL,111.58271789550781,-2.0547543022020642,-229.27506964719396,-14.773362738203536,-0.06053455289101661,REDUCE
2026-03-20,SMH,BUY,384.74,0.1233,47.46,0.0,0.0,ADD
2026-03-20,SHV,BUY,108.3165,398.1859,43130.11,0.0,0.0,ADD
2026-03-31,QQQ,SELL,576.54638671875,-26.157856375319877,-15081.217577498694,832.2129921452118,0.058404991531874506,REDUCE
2026-03-31,GLD,SELL,430.2900085449219,-17.182769983716398,-7393.574243118756,1419.798175971869,0.23767181093046452,REDUCE
2026-03-31,XLC,SELL,110.57234191894531,-136.66582949675168,-15111.460827751109,-1120.6898549791936,-0.0690413659214929,CLOSE
2026-03-31,SMH,BUY,383.4,0.2217,84.99,0.0,0.0,ADD
2026-03-31,BIL,BUY,90.0282,76.3832,6876.64,0.0,0.0,OPEN
2026-03-31,SHV,BUY,108.4246,282.4495,30624.46,0.0,0.0,ADD
2026-04-08,SMH,SELL,422.9200134277344,-3.123063279200843,-1320.8059639752846,485.3880888237324,0.5810123331819763,REDUCE
2026-04-08,SHV,SELL,108.50731658935547,-395.0662558968055,-42867.57930236599,62.14271123109785,0.001451748099772221,REDUCE
2026-04-08,QQQ,BUY,605.4247,10.5922,6412.79,0.0,0.0,ADD
2026-04-08,QLD,BUY,67.0351,463.5117,31071.58,0.0,0.0,OPEN
2026-04-08,GLD,BUY,434.53,15.3569,6673.05,0.0,0.0,ADD
2026-04-08,BIL,BUY,90.1011,1.2086,108.9,0.0,0.0,ADD
2026-04-30,SMH,SELL,506.7200012207031,-3.4421615989388745,-1744.212129616164,823.4356125134975,0.8942838975786833,REDUCE
2026-04-30,QLD,SELL,80.99580383300781,-46.9485688321592,-3802.6370713700308,655.4327821815135,0.20825873440535747,REDUCE
2026-04-30,BIL,SELL,90.28829193115234,-77.59178930163117,-7005.630123926138,20.094203106160712,0.0028765442385416673,CLOSE
2026-04-30,SHV,SELL,108.74372863769531,-276.19084742038484,-30034.022564097442,108.73881778522195,0.0036336770841354227,REDUCE
2026-04-30,QQQ,BUY,667.007,24.9784,16660.73,0.0,0.0,ADD
2026-04-30,USD,BUY,77.6452,97.7713,7591.47,0.0,0.0,OPEN
2026-04-30,GLD,BUY,423.66,3.4565,1464.36,0.0,0.0,ADD
2026-04-30,XLK,BUY,159.31,105.8937,16869.93,0.0,0.0,OPEN
2026-05-18,SMH,SELL,546.1599731445312,-0.17798407299599048,-97.20777652764446,49.59712545201926,1.0417233188691064,REDUCE
2026-05-18,USD,SELL,91.99396514892578,-9.302442857151645,-855.768604000682,133.47868528465892,0.1847993192566455,REDUCE
2026-05-18,QLD,SELL,90.13967895507812,-15.27976354095533,-1377.312980091221,353.0317602355717,0.3446629240017933,REDUCE
2026-05-18,XLK,SELL,174.15234375,-2.043396154066054,-355.86222944033943,30.32869958558382,0.09316613130179152,REDUCE
2026-05-18,SHV,SELL,108.92948150634766,-131.86455515945858,-14363.937622585003,76.41047936371923,0.005348054887158948,CLOSE
2026-05-18,QQQ,BUY,705.1051,0.6619,466.69,0.0,0.0,ADD
2026-05-18,TQQQ,BUY,74.1493,207.3238,15372.91,0.0,0.0,OPEN
2026-05-18,GLD,BUY,418.43,2.8929,1210.49,0.0,0.0,ADD
2026-05-19,SMH,SELL,543.9600219726562,-0.1983422734396008,-107.89026741831185,54.83380784121359,1.0334991870600145,REDUCE
2026-05-19,QQQ,SELL,700.7599487304688,-0.18292034454909428,-128.183251267983,13.879794877401883,0.12142935406934563,REDUCE
2026-05-19,USD,SELL,91.09529876708984,-0.020080106844741978,-1.8292033322968564,0.2700796737680169,0.17322530659489788,REDUCE
2026-05-19,TQQQ,SELL,72.76246643066406,-207.3238155826575,-15085.392171610303,-287.51880345223094,-0.018702951179424332,CLOSE
2026-05-19,XLK,SELL,173.03367614746094,-0.3731435914267471,-64.56640735543624,5.1208856350782,0.08614417851638567,REDUCE
2026-05-19,QLD,BUY,89.0704,0.759,67.6,0.0,0.0,ADD
2026-05-19,GLD,BUY,411.5,0.2454,100.98,0.0,0.0,ADD
2026-05-19,SHV,BUY,108.9394,139.7042,15219.28,0.0,0.0,OPEN
2026-06-05,SMH,SELL,569.6900024414062,-1.2354611036201706,-703.8298391376375,373.3446078928628,1.1296862086292272,REDUCE
2026-06-05,XLK,SELL,180.08526611328125,-3.2572244783466626,-586.5781369737524,67.66956417665008,0.13040748934226887,REDUCE
2026-06-05,SHV,SELL,109.12828826904297,-139.70415663840294,-15245.675478019168,26.393844839758085,0.0017342372311592857,CLOSE
2026-06-05,QQQ,BUY,704.286,0.1392,98.06,0.0,0.0,ADD
2026-06-05,USD,BUY,88.5491,3.2706,289.61,0.0,0.0,ADD
2026-06-05,TQQQ,BUY,72.8822,210.4892,15340.92,0.0,0.0,OPEN
2026-06-05,QLD,BUY,89.4801,1.3575,121.47,0.0,0.0,ADD
2026-06-05,GLD,BUY,396.24,1.7313,686.03,0.0,0.0,ADD
2026-06-12,SMH,SELL,619.9600219726562,-1.4035207059079267,-870.1267276737562,494.68563633575326,1.317611864414693,REDUCE
2026-06-12,USD,SELL,97.86528778076172,-5.409183050878838,-529.3712559330761,107.27104639168371,0.25413644430130145,REDUCE
2026-06-12,TQQQ,SELL,77.3419189453125,-210.48923098577717,-16279.641041763138,938.7239648939599,0.06119086363548343,CLOSE
2026-06-12,QLD,SELL,93.31755065917969,-1.1048167087960459,-103.09878919218318,28.907981917637347,0.38964371705327716,REDUCE
2026-06-12,QQQ,BUY,720.5482,0.7849,565.59,0.0,0.0,ADD
2026-06-12,GLD,BUY,386.54,2.5602,989.64,0.0,0.0,ADD
2026-06-12,XLK,BUY,184.5799,1.4736,272.01,0.0,0.0,ADD
2026-06-12,SHV,BUY,109.2076,146.098,15955.01,0.0,0.0,OPEN
2026-06-23,SMH,SELL,622.0499877929688,-0.4328070196434953,-269.22760128594746,153.45193861869342,1.3254248352671767,REDUCE
2026-06-23,QQQ,SELL,713.6500244140625,-0.0680483039196389,-48.56267375358584,5.9189371025922215,0.13879968237854468,REDUCE
2026-06-23,XLK,SELL,184.19000244140625,-0.9028630371316219,-166.2983450135289,22.132578314632966,0.15352173280400883,REDUCE
2026-06-23,SHV,SELL,109.27693176269531,-146.09801436588214,-15965.142746525782,10.135415989906054,0.000635249848522923,CLOSE
2026-06-23,USD,BUY,96.707,0.0754,7.3,0.0,0.0,ADD
2026-06-23,TQQQ,BUY,74.269,212.4702,15779.95,0.0,0.0,OPEN
2026-06-23,QLD,BUY,91.159,5.0074,456.47,0.0,0.0,ADD
2026-06-23,GLD,BUY,377.32,0.5447,205.51,0.0,0.0,ADD
2026-06-25,SMH,SELL,636.8800048828125,-0.49518841912665024,-315.3756027912932,182.91294676329852,1.3808642544857443,REDUCE
2026-06-25,USD,SELL,100.6500015258789,-2.8154195480264743,-283.37198180485393,63.627613192807964,0.2895528727070189,REDUCE
2026-06-25,TQQQ,SELL,74.94999694824219,-212.47019952605683,-15924.640806070369,144.69053298565908,0.009169264191690951,CLOSE
2026-06-25,QQQ,BUY,716.38,0.1451,103.97,0.0,0.0,ADD
2026-06-25,QLD,BUY,91.77,0.0607,5.57,0.0,0.0,ADD
2026-06-25,GLD,BUY,369.46,1.1824,436.85,0.0,0.0,ADD
2026-06-25,XLK,BUY,184.57,0.4817,88.91,0.0,0.0,ADD
2026-06-25,SHV,BUY,109.3067,145.3533,15888.08,0.0,0.0,OPEN
2026-06-26,QQQ,SELL,706.52001953125,-0.35408415960345374,-250.16754735873837,28.178609932661544,0.12693700082259785,REDUCE
2026-06-26,GLD,SELL,373.6300048828125,-1.3728682251505457,-512.9447616664565,-29.560171299910426,-0.05448829955937573,REDUCE
2026-06-26,XLK,SELL,181.11000061035156,-0.2324002536077671,-42.090010072748555,4.953693474896805,0.13339215971632923,REDUCE
2026-06-26,SHV,SELL,109.33639526367188,-145.35329572848107,-15892.405394646596,4.321607921248556,0.0002720030923337724,CLOSE
2026-06-26,SMH,BUY,611.61,0.5709,349.16,0.0,0.0,ADD
2026-06-26,USD,BUY,92.56,5.3961,499.46,0.0,0.0,ADD
2026-06-26,TQQQ,BUY,71.83,216.5455,15554.46,0.0,0.0,OPEN
2026-06-26,QLD,BUY,89.12,3.3048,294.52,0.0,0.0,ADD
2026-06-30,SMH,SELL,655.8900146484375,-0.18027246289832427,-118.2389083310918,68.83248776501857,1.3931891235262843,REDUCE
2026-06-30,USD,SELL,104.26000213623047,-4.775818282156577,-497.92682429989327,120.96973253933496,0.32091114660915965,REDUCE
2026-06-30,TQQQ,SELL,81.0,-216.54550919734265,-17540.186244984754,1985.7219228329625,0.12766250779880672,CLOSE
2026-06-30,QLD,SELL,96.76000213623047,-7.4851673937526355,-724.2648130095477,218.07819619103205,0.4308256855183119,REDUCE
2026-06-30,QQQ,BUY,736.4,1.0871,800.51,0.0,0.0,ADD
2026-06-30,GLD,BUY,368.38,3.3775,1244.19,0.0,0.0,ADD
2026-06-30,XLK,BUY,190.52,1.3428,255.83,0.0,0.0,ADD
2026-06-30,SHV,BUY,109.3562,151.6155,16580.09,0.0,0.0,OPEN
2026-07-02,QQQ,SELL,712.5999755859375,-0.8025455140812615,-571.8939137409106,66.7986030373577,0.13224950147391623,REDUCE
2026-07-02,QLD,SELL,90.61000061035156,-403.18290322563763,-36532.40310735834,9267.042293492088,0.33988335444213824,CLOSE
2026-07-02,GLD,SELL,378.1300048828125,-3.272553724923722,-1237.4507559846734,-49.160179346786926,-0.03820904828087923,REDUCE
2026-07-02,SMH,BUY,592.29,1.6071,951.89,0.0,0.0,ADD
2026-07-02,USD,BUY,87.51,11.2832,987.39,0.0,0.0,ADD
2026-07-02,XLK,BUY,180.59,0.427,77.11,0.0,0.0,ADD
2026-07-02,SHV,BUY,109.4148,331.9966,36325.36,0.0,0.0,ADD
2026-07-07,QQQ,SELL,709.4299926757812,-0.056535248507247525,-40.107800934420084,4.526405973710895,0.1272127182958731,REDUCE
2026-07-07,GLD,SELL,377.489990234375,-0.16403084340126015,-61.920001473677985,-2.5690473215782865,-0.0398369547942109,REDUCE
2026-07-07,SHV,SELL,109.42478942871094,-146.17182654905946,-15994.82134054089,4.1403119472841174,0.0002589203011353902,REDUCE
2026-07-07,SMH,BUY,581.45,0.4051,235.53,0.0,0.0,ADD
2026-07-07,USD,BUY,85.68,1.4915,127.79,0.0,0.0,ADD
2026-07-07,TQQQ,BUY,72.23,217.262,15692.84,0.0,0.0,OPEN
2026-07-07,XLK,BUY,179.18,0.2271,40.69,0.0,0.0,ADD
2026-07-09,SMH,SELL,607.72998046875,-0.5742471682994386,-348.98722037485277,180.10471295759118,1.0664497804535942,REDUCE
2026-07-09,USD,SELL,94.05000305175781,-6.306696255329019,-593.1448020602038,88.40385303995795,0.17514698027088738,REDUCE
2026-07-09,TQQQ,SELL,76.33999633789062,-217.26204057499768,-16585.783381857967,892.9454617916422,0.05690146462609147,CLOSE
2026-07-09,XLK,SELL,185.35000610351562,-0.8108273496526174,-150.28685420701004,20.291795331085066,0.1560966663390857,REDUCE
2026-07-09,QQQ,BUY,723.28,0.3198,231.29,0.0,0.0,ADD
2026-07-09,GLD,BUY,378.18,1.0153,383.95,0.0,0.0,ADD
2026-07-09,SHV,BUY,109.4645,155.8766,17062.96,0.0,0.0,ADD
2026-07-13,QQQ,SELL,711.739990234375,-0.04764773978205158,-33.91280184716743,3.8953823166353843,0.1297707257172196,REDUCE
2026-07-13,SHV,SELL,109.48442077636719,-153.04978709232887,-16756.567289749946,10.169619433449384,0.0006072720613505833,REDUCE
2026-07-13,SMH,BUY,585.62,0.6296,368.69,0.0,0.0,ADD
2026-07-13,USD,BUY,89.2,3.3117,295.4,0.0,0.0,ADD
2026-07-13,TQQQ,BUY,72.64,217.9643,15832.93,0.0,0.0,OPEN
2026-07-13,GLD,BUY,367.13,0.5394,198.04,0.0,0.0,ADD
2026-07-13,XLK,BUY,181.28,0.5264,95.42,0.0,0.0,ADD
2026-07-14,SMH,SELL,600.3099975585938,-0.2842920948193565,-170.66338674693543,85.41438977030907,1.0019401142482423,REDUCE
2026-07-14,USD,SELL,94.88999938964844,-4.228337486023463,-401.22694146799404,61.45623884134101,0.1808756269043903,REDUCE
2026-07-14,TQQQ,SELL,75.0199966430664,-217.9642898822185,-16351.680295272385,518.754411262878,0.03276427964503981,CLOSE
2026-07-14,QQQ,BUY,719.69,0.2276,163.77,0.0,0.0,ADD
2026-07-14,GLD,BUY,372.15,0.0957,35.6,0.0,0.0,ADD
2026-07-14,XLK,BUY,183.62,0.3058,56.14,0.0,0.0,ADD
2026-07-14,SHV,BUY,109.5142,152.1998,16668.05,0.0,0.0,ADD
2026-07-16,QQQ,SELL,705.9400024414062,-0.17634306484848175,-124.48762362966227,13.319922148061059,0.11981827428774872,REDUCE
2026-07-16,GLD,SELL,364.9599914550781,-0.14725765842354885,-53.7431537599532,-4.045027160583805,-0.06999748211742496,REDUCE
2026-07-16,SHV,SELL,109.53411102294922,-154.76894105322208,-16952.47837222791,13.369921193399561,0.0007892930865900372,REDUCE
2026-07-16,SMH,BUY,568.92,0.9855,560.67,0.0,0.0,ADD
2026-07-16,USD,BUY,85.5,7.5988,649.7,0.0,0.0,ADD
2026-07-16,TQQQ,BUY,70.74,222.2295,15720.51,0.0,0.0,OPEN
2026-07-16,XLK,BUY,177.52,1.1256,199.82,0.0,0.0,ADD
2026-07-30,TQQQ,SELL,63.29999923706055,-222.22950789912107,-14067.127680466705,-1653.3872335836743,-0.10517385992910078,CLOSE
2026-07-30,GLD,SELL,377.1600036621094,-2.5465670946826853,-960.4632547563288,-38.88361500400034,-0.038909027666565565,REDUCE
2026-07-30,XLK,SELL,175.72999572753906,-1.850671789919257,-325.2185457355881,27.845193639025396,0.09363715155614738,REDUCE
2026-07-30,SMH,BUY,538.9,0.8614,464.19,0.0,0.0,ADD
2026-07-30,QQQ,BUY,683.55,0.2027,138.53,0.0,0.0,ADD
2026-07-30,USD,BUY,77.57,6.9826,541.64,0.0,0.0,ADD
2026-07-30,SHV,BUY,109.6931,129.529,14208.44,0.0,0.0,ADD
2026-07-31,SMH,SELL,540.530029296875,-0.06950088452594577,-37.56731514896819,15.745406617122475,0.7215412251474007,REDUCE
2026-07-31,QQQ,SELL,687.989990234375,-0.268853698637106,-184.96865349981817,15.422211271590275,0.09096157412038353,REDUCE
2026-07-31,USD,SELL,78.69000244140625,-104.32327846192166,-8209.19903686412,-193.40350403449253,-0.023017095369336493,CLOSE
2026-07-31,SSO,BUY,66.99,120.9125,8099.93,0.0,0.0,OPEN
2026-07-31,GLD,BUY,371.54,0.6515,242.07,0.0,0.0,ADD
2026-07-31,XLK,BUY,175.35,0.3177,55.71,0.0,0.0,ADD
2026-07-31,SHV,BUY,109.7229,0.3101,34.03,0.0,0.0,ADD
2026-08-11,SMH,SELL,572.9299926757812,-0.700074971192825,-401.093948118003,181.28419906220185,0.8247322961830088,REDUCE
2026-08-11,QQQ,SELL,718.4500122070312,-0.3066487513712198,-220.31179916592373,26.930770479033534,0.1392627325539677,REDUCE
2026-08-11,SSO,SELL,71.16000366210938,-2.7990375062612975,-199.17951919593543,11.672002630880307,0.06224818527117959,REDUCE
2026-08-11,GLD,SELL,400.9599914550781,-1.584552001868162,-635.3419571291852,14.041435923962641,0.0226000710521288,REDUCE
2026-08-11,XLK,SELL,186.08999633789062,-2.2818727418480886,-424.6336901740433,57.86966247663968,0.15778445568927135,REDUCE
2026-08-11,SHV,SELL,109.83261108398438,-127.42539973164043,-13995.464370946509,40.357303586314835,0.0028919379401042278,REDUCE
2026-08-11,TQQQ,BUY,73.06,217.3012,15876.03,0.0,0.0,OPEN
2026-08-12,SMH,SELL,584.8300170898438,-0.350952694155057,-205.24767012042867,95.05543813527377,0.862632841016231,REDUCE
2026-08-12,TQQQ,SELL,74.5999984741211,-217.30120196071846,-16210.669334694277,334.64404996469864,0.021078578798093606,CLOSE
2026-08-12,GLD,SELL,404.9200134277344,-0.0037173949961334155,-1.5052476317505352,0.047662493553510356,0.03269962920482783,REDUCE
2026-08-12,XLK,SELL,188.86000061035156,-0.504745724956454,-95.32627792334824,14.198802384048811,0.17501841749248914,REDUCE
2026-08-12,QQQ,BUY,723.7,0.1181,85.49,0.0,0.0,ADD
2026-08-12,SSO,BUY,71.54,0.5218,37.33,0.0,0.0,ADD
2026-08-12,SHV,BUY,109.8526,149.1993,16389.93,0.0,0.0,ADD
2026-08-19,GLD,SELL,413.8399963378906,-1.201034112364928,-497.03595266278353,26.112234717383323,0.05544896916916553,REDUCE
2026-08-19,SHV,SELL,109.93230438232422,-149.26354874101568,-16408.885873383224,46.83205879621369,0.0028622359593062363,REDUCE
2026-08-19,SMH,BUY,560.92,1.0729,601.81,0.0,0.0,ADD
2026-08-19,QQQ,BUY,716.08,0.0757,54.23,0.0,0.0,ADD
2026-08-19,SSO,BUY,70.81,0.1473,10.43,0.0,0.0,ADD
2026-08-19,TQQQ,BUY,72.06,220.4751,15887.44,0.0,0.0,OPEN
2026-08-19,XLK,BUY,183.64,1.9169,352.02,0.0,0.0,ADD
2026-08-27,SMH,SELL,573.0,-0.30569225152630586,-175.16166012457325,76.74979407545021,0.7798835359664855,REDUCE
2026-08-27,TQQQ,SELL,73.30000305175781,-220.47510019775763,-16160.825517332243,273.39033535111656,0.017207959133717532,CLOSE
2026-08-27,GLD,SELL,422.6000061035156,-0.33846099372689087,-143.03361801478604,10.323557655623986,0.07779031693365712,REDUCE
2026-08-27,XLK,SELL,188.61000061035156,-1.476493054383716,-278.48135588849254,40.52843171424867,0.1703212173369688,REDUCE
2026-08-27,QQQ,BUY,721.11,0.2465,177.75,0.0,0.0,ADD
2026-08-27,SSO,BUY,71.07,1.0051,71.43,0.0,0.0,ADD
2026-08-27,SHV,BUY,110.0121,150.0592,16508.32,0.0,0.0,ADD
2026-08-31,QQQ,SELL,716.760009765625,-0.21729435740636296,-155.74790573659993,18.538136112346418,0.1351079894902001,REDUCE
2026-08-31,SSO,SELL,70.29000091552734,-119.78770565758694,-8419.877940340706,388.2619355411684,0.04834169553289791,CLOSE
2026-08-31,SHV,SELL,110.0320053100586,-5.225383827493465,-574.9594610538552,1.530885694214338,0.002669705975594683,REDUCE
2026-08-31,SMH,BUY,556.63,0.6147,342.17,0.0,0.0,ADD
2026-08-31,GLD,BUY,408.42,21.5344,8795.08,0.0,0.0,ADD
2026-08-31,XLK,BUY,186.5,0.0715,13.33,0.0,0.0,ADD
2026-09-09,SMH,SELL,574.2899780273438,-0.9340785125175852,-536.431928429538,231.71586860606777,0.7604320846768191,REDUCE
2026-09-09,XLK,SELL,187.8699951171875,-0.4259323969988562,-80.01991734442709,11.368589653899491,0.1655989772717552,REDUCE
2026-09-09,SHV,SELL,110.13999938964844,-339.96564148041614,-37443.81554515447,136.3143354578785,0.0036538050268144495,REDUCE
2026-09-09,QQQ,BUY,716.31,0.1788,128.11,0.0,0.0,ADD
2026-09-09,QLD,BUY,89.98,417.374,37555.31,0.0,0.0,OPEN
2026-09-09,GLD,BUY,403.35,0.9343,376.85,0.0,0.0,ADD
2026-09-10,QQQ,SELL,708.6900024414062,-0.24096435811477354,-170.76903154065076,18.537509789917838,0.1217718221346531,REDUCE
2026-09-10,QLD,SELL,88.0199966430664,-417.3739780212264,-36737.256144331615,-818.0557991150597,-0.02178269216208195,CLOSE
2026-09-10,XLK,SELL,185.22000122070312,-0.14681888415852862,-27.193793903064943,3.5296833574850393,0.1491576601067024,REDUCE
2026-09-10,SMH,BUY,560.28,0.2963,166.02,0.0,0.0,ADD
2026-09-10,TQQQ,BUY,69.21,227.0301,15712.76,0.0,0.0,OPEN
2026-09-10,GLD,BUY,396.36,0.1094,43.36,0.0,0.0,ADD
2026-09-10,SHV,BUY,110.12,190.8198,21013.08,0.0,0.0,ADD
2026-09-17,QQQ,SELL,716.9199829101562,-0.12639479052369965,-90.61495106218354,10.763841739106304,0.13479890048309606,REDUCE
2026-09-17,TQQQ,SELL,71.37999725341797,-227.03013442478095,-16205.410371683976,492.6549759971828,0.03135382455787594,CLOSE
2026-09-17,XLK,SELL,188.05999755859375,-0.6261311454777282,-117.75022168990108,16.831074077956558,0.1667778065533767,REDUCE
2026-09-17,SHV,SELL,110.18000030517578,-191.8473361556553,-21137.739556177265,43.05771178351086,0.002041164313409727,REDUCE
2026-09-17,SMH,BUY,560.61,0.2761,154.8,0.0,0.0,ADD
2026-09-17,QLD,BUY,89.94,414.7495,37302.57,0.0,0.0,OPEN
2026-09-17,GLD,BUY,398.36,0.2363,94.14,0.0,0.0,ADD
