Date,SPY Buy & Hold,System E Original,R3 Vol-Adjusted,R7 Full Kelly,A: Calmar blend Sys80/R320,C: Regime-switch SysE<->R7 (BearScore),D: 15% vol-target on [A]
2004-01-02,1.0,1.0,1.0,1.0,1.0,1.0,1.0
2004-01-09,1.0104290121052293,1.019788224196138,1.019575172132013,1.0178799848420472,1.0197455803550444,1.0188341045190925,1.0197455803550444
2004-01-16,1.0269715544519828,1.024883231395854,1.0249331381866027,1.025326298828401,1.024893145945729,1.025105871590556,1.024893145945729
2004-01-23,1.0287694992317167,1.0231328830928144,1.023263398302269,1.0242982183679252,1.0231589058784427,1.023716577600277,1.0231589058784427
2004-01-30,1.0202284586428154,1.018532550407925,1.0184634204227536,1.0188978163740443,1.018518616589756,1.018716431313041,1.018518616589756
2004-02-06,1.0289490347144754,1.02268033406409,1.0228762037321757,1.0239768067822852,1.022719360339965,1.023329740672463,1.022719360339965
2004-02-13,1.0350628757502573,1.029524142891252,1.0296113976112777,1.0306726666549766,1.0295414310916002,1.0300996323405602,1.0295414310916002
2004-02-20,1.0328145900913819,1.0266125209511578,1.0268106455886434,1.027895650010986,1.026651964257591,1.0272552712548586,1.026651964257591
2004-02-27,1.0340730996381526,1.0346934882649415,1.0340598256846791,1.0345924127411477,1.0345664661599658,1.0346445799363952,1.0345664661599658
2004-03-05,1.0463006781116309,1.045086928654848,1.0447496634832596,1.0453602572390897,1.0450191648096079,1.045225248212766,1.0450191648096079
2004-03-12,1.0121374481387981,1.0476013290083683,1.0404589736821097,1.0404032804601624,1.0461711075758153,1.0440044464918277,1.0461711075758153
2004-03-19,1.001972093162029,1.0467639048716355,1.0392581720123686,1.037610694317072,1.0452605446433765,1.0421860459635854,1.0452605446433765
2004-03-26,1.0017012877656464,1.0437327898702393,1.0363540429589613,1.0351615127816716,1.0422549378341932,1.0394471259082798,1.0422549378341932
2004-04-02,1.03427035039359,1.0272882691526548,1.0226305808985872,1.0290396419204353,1.0263572026395107,1.0281850190808821,1.0263572026395107
2004-04-09,1.0318345521993462,1.0241258655532246,1.0194856146751348,1.0260236045791002,1.0231982868244742,1.0250956707507197,1.0231982868244742
2004-04-16,1.0269624378204287,1.0149875753856572,1.01055798969921,1.017747253591027,1.0141022213437902,1.0163877659380505,1.0141022213437902
2004-04-23,1.0317443182665802,1.0081005873838145,1.0045414043391165,1.0132157621880094,1.0073897636766465,1.0106768024246282,1.0073897636766465
2004-04-30,1.0010697538343725,1.0027187514020883,0.9973206269861746,1.002767595799686,1.0016387805554288,1.0027680152943512,1.0016387805554288
2004-05-07,0.9920479145290928,0.9848795364938154,0.9798446271545562,0.9867223342361123,0.9838724024715717,0.9858253354791049,0.9838724024715717
2004-05-14,0.99276999318739,0.9869040118605796,0.9818156786025897,0.988483490696658,0.9858861504231954,0.987718322957871,0.9858861504231954
2004-05-21,0.9906947163318652,0.9890853080110721,0.9838649620452784,0.9898015250928945,0.9880409241051676,0.9894683780096459,0.9880409241051676
2004-05-28,1.0182114039115324,0.9996423343181636,0.9949990818364384,1.003817465631952,0.9987138023449221,1.001754547045826,0.9987138023449221
2004-06-04,1.0192941075066344,0.9914507785472958,0.9876137387961148,0.9974864702547468,0.9906839373550227,0.9944911225524241,0.9906839373550227
2004-06-11,1.0316539807357288,0.9921072363718121,0.9894386992103656,1.0004783900977896,0.9915746363774978,0.9963118257086698,0.9915746363774978
2004-06-18,1.0289003436141313,0.997962429996979,0.9942036135401526,1.0046346364464356,0.9972111454319108,1.0013212984717763,0.9972111454319108
2004-06-25,1.0308016792835324,1.0036060760812908,0.9992893234689068,1.0095361635965998,1.0027427966408948,1.0065952998258365,1.0027427966408948
2004-07-02,1.0221091782931344,1.0154848458438497,1.008646182988186,1.0173131208663335,1.0141150851543423,1.016429526234145,1.0141150851543423
2004-07-09,1.0116960166950388,1.0147781122369586,1.0065727160513922,1.0146363038525303,1.0131332981976908,1.0147385846797567,1.0131332981976908
2004-07-16,1.0024603509405876,1.0209459516943022,1.0111488779696516,1.0176573808701486,1.0189805227575295,1.0193330750630907,1.0189805227575295
2004-07-23,0.9866139877306717,1.0144284600958773,1.0033289209490068,1.0092055696284556,1.0122002404237098,1.011846613308274,1.0122002404237098
2004-07-30,1.0036377431861467,1.015090930516933,1.0056619367770037,1.0132806871534905,1.0131995109170748,1.0142198964422422,1.0131995109170748
2004-08-06,0.9675090503287789,1.029301001789676,1.0157372151682889,1.0171362945079836,1.0265759077841619,1.0232484259130656,1.0265759077841619
2004-08-13,0.9705873638513957,1.0287586233524133,1.0153036944170135,1.0173694317939987,1.0260555079946636,1.023096100484641,1.0260555079946636
2004-08-20,1.0003778222190545,1.0326782274844695,1.0198058086484603,1.026822032400964,1.0300928081579623,1.0297980195171343,1.0300928081579623
2004-08-27,1.0091612823288187,1.0343499710554989,1.0216436772057333,1.02998356834184,1.0317981060453172,1.032216909432338,1.0317981060453172
2004-09-03,1.0152274682451148,1.0345751888435697,1.0220840695267688,1.0314244575322131,1.0320667544593913,1.0330512928561693,1.0320667544593913
2004-09-10,1.0237393977718952,1.0415848764822189,1.02923881584245,1.038751128640154,1.039105796473239,1.0402200877781513,1.039105796473239
2004-09-17,1.0288189155186618,1.045501730450732,1.0333275413973888,1.0429117397744707,1.0430573710738178,1.0442591960852143,1.0430573710738178
2004-09-24,1.0134528330346946,1.0504132847774426,1.0352756505947711,1.0436363071185408,1.0473702511323102,1.0470748064093205,1.0473702511323102
2004-10-01,1.033365524711873,1.043456302258627,1.0328934074837708,1.042314403210625,1.0413380453419783,1.042944241060691,1.0413380453419783
2004-10-08,1.0229998110370915,1.0459337547148475,1.0340738506270875,1.0421528160185958,1.0435537979310705,1.0441015169846446,1.0435537979310705
2004-10-15,1.0116343758339645,1.049829865382267,1.0368135307315485,1.0428826694687034,1.0472163744808194,1.0464117688634018,1.0472163744808194
2004-10-22,1.0000862972055038,1.0553284151139803,1.0412900840140387,1.0448039047553705,1.0525084039750077,1.05011596084097,1.0525084039750077
2004-10-29,1.029273400321237,1.0562172739634579,1.0439402653365455,1.051721492387295,1.0537530510924722,1.054034574377525,1.0537530510924722
2004-11-05,1.066370838879284,1.0497133967220158,1.0400624644403635,1.0542944411432225,1.0477788239526826,1.052078659728703,1.0477788239526826
2004-11-12,1.080100589597426,1.1209124609963788,1.0598183063939308,1.090234857011612,1.1086058475177178,1.1056908468321396,1.1086058475177178
2004-11-19,1.0708080484938496,1.115330991869968,1.0580729383624452,1.0875205004464534,1.103823959343756,1.1015615908422496,1.103823959343756
2004-11-26,1.0792893129872219,1.183567973011256,1.078707495080648,1.1194496514836043,1.1621487028103465,1.151429564886012,1.1611812711444407
2004-12-03,1.0874970785339793,1.1957441979958132,1.083020714147604,1.1254314089710973,1.1726416111846312,1.1604286825500918,1.1695243209924129
2004-12-10,1.088225891067856,1.1694184764403133,1.0765754989474285,1.1177507230537604,1.1505891541512658,1.1436948129824154,1.1515597788105147
2004-12-17,1.0943747482566513,1.1763816247047516,1.0785782623381064,1.1194456399492394,1.156497319881676,1.147966931820971,1.1559094468138231
2004-12-24,1.106560887495794,1.1923968697185863,1.0861185030575975,1.1271966900285584,1.1707087346199077,1.1597554015476377,1.1664609917130406
2004-12-31,1.1074774197612107,1.2052181313971522,1.091713835669775,1.132473263481316,1.181984366160274,1.168705036281892,1.1749068776674252
2005-01-07,1.0852119119565453,1.180269255083517,1.0782934145575265,1.1193516990492185,1.1595023855970104,1.1498378371610496,1.1574418447416817
2005-01-14,1.0833797798084845,1.184977595036584,1.0843531304714988,1.1254154285087437,1.1645056993212117,1.1552457476807048,1.1619417108458796
2005-01-21,1.070002055386023,1.1582742955925944,1.0766921707082673,1.114976529610558,1.1418637376350929,1.13687130296344,1.1408983567540694
2005-01-28,1.0759577021447293,1.1812470297762057,1.084593397868249,1.1260335216948916,1.1616551936439163,1.153782480011485,1.1606337638076023
2005-02-04,1.1016127321218712,1.2624971746092015,1.118700859723661,1.1666118142590425,1.2328768654617648,1.2142521341337709,1.2317928112417396
2005-02-11,1.106560887495794,1.280291408812918,1.1250881567208968,1.1749698584164272,1.2481844714488928,1.227158935619544,1.2443056824086096
2005-02-18,1.1030791630269206,1.2954507691396122,1.1236856975485792,1.175413490501076,1.2596940582733163,1.2346557253367498,1.2537828833483433
2005-02-25,1.1126085293547248,1.3368924370280182,1.1417929296221638,1.1946299391232835,1.2959889703171046,1.2644966281332506,1.2836450645394046
2005-03-04,1.1245196156759647,1.341388274605947,1.1423743358839547,1.1950323819098865,1.2996069915463275,1.2668358065522807,1.2864849111251926
2005-03-11,1.1030791630269206,1.2832972495749024,1.108099580556599,1.160513342433105,1.2467803697097586,1.2211080460538808,1.2399176871963242
2005-03-18,1.0903944062006357,1.2865461272417023,1.109566288347263,1.1609664422287111,1.2496353264442035,1.2228921427058945,1.241723557100188
2005-03-25,1.0775164389442606,1.278783458371442,1.111269129265066,1.1679787900172025,1.2439853997187482,1.222896036128387,1.2376018498301886
2005-04-01,1.0801839860565263,1.2907391648819477,1.1160736737227956,1.1696138186075897,1.2543643713946073,1.2294685887984373,1.2450111752994024
2005-04-08,1.0854276031712615,1.291227370562365,1.1319745249241844,1.1886778861391976,1.2583153740391968,1.23972093805587,1.2487572967737206
2005-04-15,1.050013115517667,1.3078729554028832,1.1095788431834868,1.149401188775842,1.2663068249724476,1.2272300987423854,1.2566880451938662
2005-04-22,1.063075280170663,1.3096380694901066,1.1036132821641815,1.1370178568593707,1.2663110358815337,1.2214473181356644,1.2566922241171758
2005-04-29,1.0647301559938536,1.31579873749588,1.113839782093093,1.1523708073035668,1.273422423163447,1.232566716338664,1.2637495937891103
2005-05-06,1.077056670639308,1.3150582135250568,1.1268184024067114,1.181440885144838,1.2758142192208912,1.2477664384653657,1.2661232219277705
2005-05-13,1.0644545850855225,1.3232569342741392,1.1206073957576514,1.1618551264046044,1.2807686202884894,1.2413133866430985,1.2710399897047124
2005-05-20,1.0957297076213381,1.3289498731245768,1.1536696266656505,1.2080217309278163,1.292729140295088,1.2686455357950515,1.2829096584217878
2005-05-27,1.1061240143678113,1.3814893699142188,1.1739378748421474,1.2350651006733877,1.3381530340618502,1.30792349243041,1.327988515407407
2005-06-03,1.1052037525713043,1.3741057286267728,1.1755400627430284,1.235010636713695,1.3327952360528224,1.3043994269913763,1.3226714148645309
2005-06-10,1.1056642460628585,1.36863865742233,1.17142505838296,1.2305560825804844,1.32761986845334,1.29945214338914,1.3175353590023233
2005-06-17,1.1208402260593113,1.3834925144406385,1.1752976216714826,1.2358788012609383,1.3400230078815354,1.3093139935819114,1.3298442850342311
2005-06-24,1.0988593021964452,1.3721246606061377,1.1765710352115863,1.2373339543795996,1.3315028396484967,1.3047056296946988,1.321388835414639
2005-07-01,1.10393861274704,1.3617105069643547,1.1828265831921323,1.2499157601356963,1.3248312592136018,1.3063878380503735,1.3147679318470822
2005-07-08,1.120470588089038,1.3597572286612474,1.190634375427566,1.2655404185900716,1.3250582860514082,1.313616172930908,1.3149932342046018
2005-07-15,1.1345085431125508,1.3977544828463528,1.1968298930786905,1.2800468064433832,1.3560546722115614,1.3394988444084768,1.3457541739417187
2005-07-22,1.1409736852574124,1.3853016374660654,1.1923975103048399,1.2736688599211103,1.3453840540330517,1.3301948409018893,1.3351646090469285
2005-07-29,1.142821046324091,1.3579591395799053,1.179344233483906,1.2584818791616608,1.3211928232283716,1.3091369364785435,1.3111571331720127
2005-08-05,1.1348782846809096,1.3610586145544674,1.1762127226883028,1.2558306862921502,1.322902594690918,1.3092520039117743,1.3128539173278135
2005-08-12,1.136539997977765,1.37076064271006,1.1852384530424964,1.265391285886354,1.3324767852863493,1.3189020187759755,1.3223553830282355
2005-08-19,1.131091256653069,1.3625877690454202,1.1853902689446527,1.2643093078074608,1.3261539244136222,1.3144063137169153,1.316080550172973
2005-08-26,1.115298764447789,1.3587796938325323,1.1853527919132596,1.263881175624168,1.3231799495843335,1.3123470551230356,1.3131291654524841
2005-09-02,1.1292444135768192,1.397473273884845,1.208919671579076,1.290216338808438,1.3585834552023226,1.344705237726463,1.348263748470347
2005-09-09,1.150763911565359,1.4498309973480554,1.2249074572420309,1.3107871761471488,1.4028923079693865,1.3806153923465923,1.3922360342312137
2005-09-16,1.1454592751780643,1.4090020719326115,1.2051023107514272,1.286356026197323,1.366747297411967,1.3483092028388854,1.3563655786945759
2005-09-23,1.1263529910010561,1.3775897283687384,1.195853492761963,1.2726241069631627,1.3402699065815271,1.326082939224502,1.330089308308634
2005-09-30,1.141193002405133,1.4622118192377798,1.2160637356964696,1.3084875421255489,1.4106547159692864,1.3854969854907642,1.3999394795124183
2005-10-07,1.1093794806172124,1.442636906936586,1.2092236347443468,1.299084099347921,1.3939582502601575,1.3712445920106109,1.3870041172702814
2005-10-14,1.1006611837034408,1.4277128455514578,1.1996496615031007,1.2878064323618952,1.3802139981975554,1.3581997826948495,1.3767976701367641
2005-10-21,1.095652837841646,1.4353735929902405,1.2066081363128986,1.2944228944620424,1.3877397720473708,1.3653327253365892,1.3823176000270097
2005-10-28,1.1111423056458472,1.4224904203260598,1.2129646486253889,1.3309853684011872,1.3792342268540707,1.3784881664689685,1.3760414817268303
2005-11-04,1.132567011385844,1.5220820986268577,1.2310015825397953,1.3736206799726463,1.4605751863830865,1.4488221402096548,1.4384002950288408
2005-11-11,1.147870831420222,1.649308732383237,1.27632774485227,1.4367888542446847,1.5689892034489274,1.5426868760946588,1.5069048238671374
2005-11-18,1.160577551040705,1.6663760220373371,1.28461562626149,1.4467340581460542,1.584014807928487,1.5560079574309922,1.5148475652864155
2005-11-25,1.179127306300587,1.6848397719571475,1.2950083850142087,1.4589190217359476,1.6006179859271847,1.5711810389458754,1.5243453798572861
2005-12-02,1.1765306202790353,1.709435364454172,1.30157419055197,1.4651480578309322,1.6209315171887388,1.5860034062977468,1.536730375809934
2005-12-09,1.1717077149908914,1.7387392336547531,1.312752780383633,1.4784129538485593,1.6459429703168817,1.6067769165969303,1.5528908099612093
2005-12-16,1.1781985494610412,1.7253199744531404,1.3127426890026854,1.477781799058002,1.6357759364848399,1.6002335394827467,1.5457777099069856
2005-12-23,1.1819281841493272,1.80165039250429,1.3464217681969148,1.5133876184357922,1.7020596916774466,1.6549098463562844,1.589923218649179
2005-12-30,1.1609489501784374,1.7340537071054924,1.3230680076355248,1.4874462246050328,1.6450614547018199,1.609680673262178,1.5502042449425903
2006-01-06,1.1975926291205103,1.766672247020207,1.3343994131599934,1.501878833956988,1.6726322613488849,1.6326295011046963,1.5672105351549381
2006-01-13,1.1998302441765443,1.9079527204798947,1.3724487925926159,1.563362527933349,1.789166243559739,1.7313282229951965,1.6741602891480178
2006-01-20,1.1745621530500103,1.8322831474237702,1.3545991760327514,1.5329185277186983,1.7277376880369604,1.6801384754664088,1.634566506521266
2006-01-27,1.1985250118930604,1.879258193709538,1.353863790704259,1.5452850269973404,1.7629788193271965,1.7084527814752517,1.6541698653879626
2006-02-03,1.177359612161918,1.7978704801744336,1.3376770870869752,1.5112116447961692,1.6976725548122196,1.652621973910885,1.618186104492026
2006-02-10,1.1808092212241812,1.7798242747121158,1.3288332654057131,1.499714309990141,1.6817944699885847,1.6380412463650567,1.610102953581654
2006-02-17,1.2010428597712883,1.8384418219241279,1.3432263565547153,1.5268606606198003,1.7297431074794345,1.679840350661968,1.634393770770666
2006-02-24,1.2066375707989319,1.9376374783668326,1.365142230516795,1.567224120157967,1.8100421309252734,1.7473631824575342,1.6759933011177104
2006-03-03,1.2005761503945844,1.9895700436538888,1.3739368761598414,1.583255981088709,1.851178733386896,1.7797168923761255,1.6970772402177774
2006-03-10,1.1989914104755068,1.9439105558559544,1.358608811474644,1.5625786267777284,1.8130579129976154,1.7476735841764899,1.677805267906579
2006-03-17,1.2227625092616687,2.002902396764347,1.3822555220392427,1.5920224216805166,1.8633822331246421,1.79065768062907,1.7085055359521084
2006-03-24,1.218924718171767,1.9585238784130619,1.3662975583361137,1.5750620816153238,1.826046778084718,1.7612815521607819,1.6836669266511886
2006-03-31,1.2153672635021457,1.9923156677266092,1.368234067455665,1.5806234291883907,1.8517646965804992,1.7795852991971994,1.7000080122589498
2006-04-07,1.212652372064652,1.9013684367722552,1.3363982728122576,1.5397840829823113,1.7755155080921192,1.7159771376843378,1.641572780365942
2006-04-14,1.2048828264209928,1.9152538851160439,1.336602826281258,1.5418824160420812,1.785940930568883,1.7234121371209588,1.6479973779144468
2006-04-21,1.227724443181008,2.022432562159444,1.3688826580415434,1.589240721040609,1.8745124000401667,1.7981006490453653,1.7058399348961943
2006-04-28,1.2307197746368683,1.9835659113226825,1.3568479960812185,1.5730862962923853,1.842394063979896,1.771684174226881,1.6855888290271115
2006-05-05,1.2405494718155192,2.0610957275385307,1.3773950041753524,1.6011325459879489,1.9055767546931122,1.8221017753766517,1.7257408058292643
2006-05-12,1.2098445531441604,2.0129842036474304,1.3595636950589602,1.5785551363144894,1.8650546862370878,1.787988757281604,1.7010022369637456
2006-05-19,1.1898108589027223,2.017255570382308,1.3696739522574655,1.5877410936652656,1.8709929424531935,1.79508807954375,1.7046397975663057
2006-05-26,1.2017938422955348,2.062354784706721,1.38034525042908,1.6068684654719938,1.907367502064519,1.8259668497081616,1.7277335240271712
2006-06-02,1.207597717858487,2.0751380961697934,1.3881529939130623,1.6161935015365156,1.9189832028539964,1.8369241490777197,1.7349851153271123
2006-06-09,1.1734294115794481,1.9561813049498689,1.3636363464106014,1.5709689932349722,1.824187827789208,1.7585730229683687,1.6606186670423837
2006-06-16,1.1720338417651124,1.9407336004626483,1.3521744511792428,1.5581503778768957,1.809596780571488,1.7444547111648847,1.6518062152354849
2006-06-23,1.1700591586509377,1.9297491896791759,1.3618614875182231,1.5861518785257342,1.803992113243526,1.7551927546076984,1.6475816188432997
2006-06-30,1.196762704854855,1.945250739791567,1.3901299358635824,1.641490473599617,1.8230707298468565,1.7928605254487602,1.6618259990683797
2006-07-07,1.1904628016569063,1.9479905487485565,1.396747195693601,1.6522274233021854,1.8268595594284223,1.7999866409088114,1.6650272472344059
2006-07-14,1.1614089256795619,1.953294823875769,1.3727976806032856,1.6166283571751097,1.8245683988037613,1.7830459241718124,1.6629068343718045
2006-07-21,1.1654517373813387,1.9594228095316688,1.3918818843803884,1.6559596024324335,1.8342174989947082,1.8075328840720721,1.6717009988786455
2006-07-28,1.2033447056405429,1.9729889327779184,1.4076455733370574,1.688389533298093,1.8485302933166126,1.8314892919670809,1.6847456419363993
2006-08-04,1.2054128342281443,1.9873427432974142,1.39725631585325,1.6572120304855629,1.8565560110606625,1.8212415021142427,1.6920602599556909
2006-08-11,1.1942242409575448,1.977162836962844,1.3565867356886676,1.5718626581458242,1.8381331809381931,1.7696783738208246,1.6752697410914978
2006-08-18,1.2288249656468748,2.0002115183386717,1.3764078413767056,1.5987545916271737,1.8606460800008149,1.795131458680118,1.6957879380181249
2006-08-25,1.2205514153156096,2.004137255220256,1.368030057574709,1.5794996354223028,1.861300098836789,1.7860830434952364,1.6963840090631248
2006-09-01,1.2356893748145594,2.015236408637853,1.3793969475703634,1.5953679570638648,1.8726388508766978,1.8000006879483177,1.7067181178160626
2006-09-08,1.2249701844708958,2.009299625649457,1.3708291744527104,1.5822452706032595,1.8658982267270607,1.7899463874634391,1.7005747307149202
2006-09-15,1.2462235389769152,2.011682646852476,1.3999642265542702,1.6409572422410172,1.8755940349776892,1.8242173640388026,1.7094114648243672
2006-09-22,1.2415962268748353,1.9972415044620058,1.4099373562526645,1.6473704466477692,1.867490643750346,1.8212343772492736,1.7020260553969258
2006-09-29,1.2615225934993444,1.9848444706577062,1.405622278192834,1.6410702564419337,1.8570732885101033,1.8120995483231916,1.6925317052610602
2006-10-06,1.275027639969302,2.023687206106863,1.4145883201915774,1.6549094565524898,1.8885124140514449,1.8374713840866899,1.7211852414966142
2006-10-13,1.2903269016879029,2.099227773012951,1.4362526254947143,1.6798862811636432,1.9506862473678077,1.8856321943415462,1.7778503094703102
2006-10-20,1.2923102870412884,2.178003627324804,1.461014843870003,1.7126352766728095,2.015967754431224,1.9393923981169923,1.8373477031142091
2006-10-27,1.3024152443340136,2.194204820554811,1.4730736265095503,1.726615742261248,2.031292038086775,1.9545212905171936,1.8513142148872814
2006-11-03,1.2894766721974231,2.1204643375181766,1.4497733318681558,1.695892213176917,1.9702477100669695,1.9042891138561266,1.7956785750667503
2006-11-10,1.3055317855503048,2.167002392318537,1.4700703275780365,1.721810472644848,2.0103549820718563,1.9397375219108215,1.8315996408107376
2006-11-17,1.3261191079624663,2.169317987989256,1.470775561155486,1.7226262317896899,2.012266242920407,1.9412333997311293,1.8332528235148249
2006-11-24,1.3254585665671574,2.162222394935737,1.47191007626296,1.723851886163629,2.0073098637358187,1.9387492196672464,1.8288192355194568
2006-12-01,1.324230618455709,2.1343909942789643,1.470909289834118,1.7206529963229973,1.986363008501639,1.9244729216368235,1.80987701422405
2006-12-08,1.3355634202617963,2.2503380532514563,1.502449109063355,1.760624184894101,2.081196068942939,1.9990977225484352,1.891970398618154
2006-12-15,1.3517409865521397,2.2122338318862886,1.4884411421758699,1.7443444662739305,2.049120564293226,1.97293030675136,1.8674652868493078
2006-12-22,1.3366423943258086,2.1833547863845144,1.4791340149831274,1.7321189888479294,2.0251559243149044,1.9531389712697902,1.8483448645273455
2006-12-29,1.3449043416714594,2.1769260039341978,1.4732099479588712,1.7254782575861078,2.0187630137610957,1.9465194623534492,1.8433098063282451
2007-01-05,1.334647509584895,2.1583205420138842,1.4704157363551473,1.7284122799920594,2.0041921032785477,1.939856277064503,1.8300640289035728
2007-01-12,1.3602888646147064,2.2280689926090016,1.4844071450966576,1.7271117612448121,2.059813176028998,1.9704707401132708,1.8808406093095134
2007-01-19,1.356300545506081,2.2163572460119583,1.4814973760770482,1.7255541623145223,2.0503426921993455,1.9644033574157926,1.8727529034546393
2007-01-26,1.3497473449882562,2.202999914272927,1.4735159364917438,1.7167050323416417,2.038247823508958,1.953446909338834,1.8625451117758125
2007-02-02,1.3751981831382099,2.285061007773415,1.4977506202496231,1.7312754480317287,2.105685106135354,1.998119441405441,1.9202964537684424
2007-02-09,1.3669359249983009,2.2043418543576783,1.4772976320645705,1.710612169666243,2.040420408660146,1.9509038610660874,1.8607176477852474
2007-02-16,1.3839351277074323,2.212705612882722,1.4850893777611514,1.7208717064060464,2.0487657384711113,1.96045529347432,1.8682576276015352
2007-02-23,1.3798511875655777,2.2152694765237126,1.4879798965098996,1.7249424360120436,2.0514621329112144,1.9639098167969353,1.8707087580349038
2007-03-02,1.316888622112307,2.091732098296253,1.4613000288301428,1.7305229403889268,1.9525704754623265,1.9123266303411095,1.7805303985524923
2007-03-09,1.3369268746695222,2.126460456980432,1.460879761959693,1.7261269949552724,1.9783872788065557,1.925772618579258,1.7983681648892846
2007-03-16,1.3207773834604413,2.078247746122173,1.4589378406741758,1.7282354086633571,1.9419700415672816,1.9051174734611258,1.7709985201071126
2007-03-23,1.3671133885193434,2.159862301478189,1.466655925732453,1.7298093645012327,2.0050247518180346,1.9433927884816855,1.8175921572469527
2007-03-30,1.3538617429673476,2.182700358594952,1.4673512873872538,1.7289417355803731,2.0221723238391656,1.9531799806040402,1.8286016436166583
2007-04-06,1.375218073970691,2.2593381184282766,1.4812610859482327,1.7363075964125831,2.0827992312974786,1.9916300594334908,1.872239856213268
2007-04-13,1.3855151021145613,2.283985866570628,1.4814789275380533,1.7391806446124711,2.101034406343814,2.0041414463258125,1.8852351896133857
2007-04-20,1.4169779443819173,2.3171616127402532,1.4946260581770425,1.752314251460128,2.129176232066989,2.0262641403492525,1.9051955189683536
2007-04-27,1.4256548020613533,2.5569278004452727,1.5602487394604962,1.825666605179436,2.3241059153118115,2.173507044168528,2.0420154189962436
2007-05-04,1.4389064476133486,2.580700014912173,1.5706605290499547,1.835361775404273,2.3444928764489155,2.189381971136775,2.053538049055533
2007-05-11,1.4383344825814324,2.5472163454130015,1.5588698572405413,1.8236011415965134,2.316635689359635,2.1681641804992133,2.0377609984028218
2007-05-18,1.4551150933294434,2.440555149320057,1.516349721313147,1.7841122963873364,2.226387471436657,2.099294665606223,1.9846008261465626
2007-05-25,1.4462482367605791,2.4192768204478265,1.5067299707760662,1.7745418867913088,2.2080329080026977,2.084512603316462,1.975404804537911
2007-06-01,1.4690342213484988,2.4342385838440084,1.5077427908955627,1.7727665898310903,2.2192520953966444,2.089915628159342,1.980849423695737
2007-06-08,1.4400503776771816,2.4073531513045534,1.4922496369564384,1.7551567586595553,2.1950821562393807,2.0679942631732176,1.9688953684244397
2007-06-15,1.4656958766304264,2.504088573647861,1.514325796507376,1.780331328766862,2.272132833828969,2.124374523342086,2.006526264877791
2007-06-22,1.4415658104768327,2.5086996791675045,1.5181583422321596,1.7851803382794944,2.2766298535343497,2.1292234999059856,2.008597352376881
2007-06-29,1.4404171149010514,2.5422065308132225,1.5321198622495402,1.8003464293468443,2.3051415082344344,2.1524871976734143,2.0328494066236367
2007-07-06,1.4648338369581613,2.667984369313463,1.5405279696416045,1.79406969365053,2.398895067173008,2.2019830481515235,2.112837584546399
2007-07-13,1.482740040908812,2.8049862705314865,1.5731651831305609,1.8175229932262902,2.5075957205859427,2.272912246132836,2.190329678805863
2007-07-20,1.4698127609635783,2.706745100021126,1.5608541054006628,1.806809084795934,2.433399402519703,2.2264101125491016,2.12961333663035
2007-07-27,1.3894756569361817,2.82804577605568,1.6024706757364169,1.840437489878183,2.5336095310201086,2.297016549508972,2.1986532908764067
2007-08-03,1.3769325186932386,2.714759506790368,1.597920768018143,1.8382849795037544,2.4509618356918095,2.249666183375691,2.1452268505522025
2007-08-10,1.3856459464969755,2.6996256673437857,1.5870587961287304,1.8257079472330053,2.4366986309533893,2.235699836589067,2.1369727952367668
2007-08-17,1.3856459464969755,2.6466218274883686,1.5950122734521055,1.8394399825269359,2.400857889377347,2.2221601156951714,2.1160746200570646
2007-08-24,1.4203086228416375,2.851348601718242,1.628928465615869,1.864987393345852,2.559620764540694,2.3235380439960935,2.205911909966976
2007-08-31,1.413222720966429,2.895450245252578,1.6480124884311322,1.883898249342072,2.59728840059706,2.353287323628385,2.2232844523817588
2007-09-07,1.3986684330830956,2.939637044719137,1.6710232577626523,1.9098453234050548,2.6362502176732714,2.3874498143748277,2.2419605757017353
2007-09-14,1.425766066405544,3.024614796344857,1.678317764659107,1.9052250386829224,2.6995077710636592,2.4190696446920685,2.2743490637371213
2007-09-21,1.4620662140949754,3.2411605307108893,1.7129514530083316,1.9398272708196536,2.8652443098035327,2.5276329418947685,2.3664912904076467
2007-09-28,1.4679348384615767,3.298086305397001,1.7300172967592307,1.958596786040292,2.9112087971242318,2.562058369719115,2.389184469001749
2007-10-05,1.4993949871787007,3.456937255508178,1.759024295836358,1.9866583193735228,3.0331308653157105,2.642112379847511,2.4615795072903204
2007-10-12,1.5040122502664541,3.462514431705953,1.7592937998892582,1.98551259107592,3.0371378499472326,2.643481809725095,2.4640309404715137
2007-10-19,1.4399381809502185,3.4337788189843423,1.7724005071679971,2.007880239923527,3.021491171940379,2.6474025803335577,2.452777154657334
2007-10-26,1.4779395128072097,3.720662882735543,1.802908020716379,2.028258655102749,3.233813444139149,2.7714292123742115,2.61911539473036
2007-11-02,1.4546585365651516,3.748718702996906,1.8143174506986062,2.040794091972008,3.25741352978936,2.7904425153435746,2.633388124066576
2007-11-09,1.3963559166109998,3.4206408146124105,1.7950814454779873,2.037387635082387,3.022398953741685,2.666007584204203,2.492206939255013
2007-11-16,1.4026097186607505,3.4311377122923394,1.7934238976398038,2.039025932599656,3.0292587136261355,2.6711700547336172,2.49447146800963
2007-11-23,1.386639037747827,3.45628404554123,1.8077310708546845,2.056693245834444,3.051852443270665,2.6925306623000256,2.5038554513865505
2007-11-30,1.4302211984889597,3.491126799573774,1.8709574604660348,2.095708832719053,3.097801059123604,2.731641074677788,2.523045678036315
2007-12-07,1.4518684329173386,3.615475876994153,1.869518351025866,2.0831837052368103,3.185578454805469,2.77212679415608,2.5615423535583166
2007-12-14,1.4158859169590892,3.483984618711853,1.8378714788806454,2.0616623992815613,3.082098179084609,2.7073976705198355,2.517777068444174
2007-12-21,1.432686314941496,3.5100666135958765,1.8488937419792608,2.075220127978001,3.104252999001444,2.7264338832638155,2.5267376554541183
2007-12-28,1.4246587064660126,3.5626131034099306,1.8659215580227726,2.091475740952716,3.147145139264384,2.7575198987805645,2.5490634467512785
2008-01-04,1.3667244813051036,3.6010628756659266,1.8585477742591012,2.1097364337381785,3.17182302536531,2.7844382352014865,2.5617744520295704
2008-01-11,1.355504394216409,3.6176171801312322,1.8388881384357023,2.10613307093157,3.1767699058295538,2.788460484906689,2.565304228595141
2008-01-18,1.277259453532529,3.6349675584396084,1.831146553392888,2.115569107592148,3.186279379853301,2.8013938460254697,2.572983316048113
2008-01-25,1.2867379532001864,3.659203934313617,1.849481780742456,2.1330688769027435,3.209654290132059,2.822319501645278,2.5918590161959556
2008-02-01,1.3499917328727502,3.677994451350728,1.8556888724648588,2.1371163228728505,3.2249933950395873,2.832243642731287,2.604245645334547
2008-02-08,1.2870280278405353,3.6501617086827727,1.835417954358848,2.119821645343531,3.198422128151085,2.8100673177521904,2.582788824309165
2008-02-15,1.3070490831155013,3.631291237023941,1.8364869122356167,2.1151600447728587,3.185563660467414,2.799713882691858,2.572405358556217
2008-02-22,1.3116911061457697,3.6303765393173713,1.8359373253006503,2.1142402037212182,3.1847310364552124,2.798752498241632,2.5717329982774917
2008-02-29,1.29428206940906,3.6931675360269285,1.8677244522983159,2.153390138427012,3.2398255021716853,2.848868724702125,2.616222863790037
2008-03-07,1.254531069480335,3.6843952893976386,1.8515969158758607,2.1447719811774326,3.2280708067666897,2.839784539435951,2.606730715878113
2008-03-14,1.253563670554772,3.7265928283498333,1.87203846211179,2.170597527231474,3.2647751348585503,2.8731437794437307,2.63637018327832
2008-03-21,1.2837774307011687,3.765563947577034,1.893131686873877,2.1918717946758774,3.2994451992561498,2.9022468365304332,2.6643669427041816
2008-03-28,1.278237523060934,3.7273081804138566,1.8741588262753786,2.1689874770686037,3.2660155201630783,2.8723538259454604,2.637371818826728
2008-04-04,1.330529589270885,3.733384268850513,1.8798659499228652,2.1700803574093346,3.2722631817288916,2.875418657867869,2.642416928516354
2008-04-11,1.2964130820347655,3.7230702510653546,1.8710571658769972,2.157385049264321,3.2619634169065552,2.8630359529139433,2.63409966568791
2008-04-18,1.3459830049412143,3.6802006239353013,1.8542476280450353,2.1296385266058766,3.226052862608763,2.828205104283207,2.6051011862505815
2008-04-25,1.3568692989973363,3.65242820741488,1.841595714114542,2.112479470545074,3.2021739079062823,2.806107814354284,2.585818460309274
2008-05-02,1.3754342831758366,3.652514087005154,1.8430883376856644,2.11166542548035,3.202752814922739,2.805703836481383,2.586285939119922
2008-05-09,1.3500658055041248,3.6782190745771337,1.8458518172971319,2.1251934285357827,3.221742211552155,2.824858526968343,2.601620250674095
2008-05-16,1.386612102245509,3.666608723661747,1.8452628679655272,2.1166191788328548,3.213399575005799,2.8150508099420852,2.594883407451447
2008-05-23,1.3378187505905093,3.6563201368464213,1.8289733713460807,2.101206990049957,3.200509559410883,2.8036558212012266,2.5844744661391994
2008-05-30,1.3641595998959049,3.6185342439186243,1.8115046345057548,2.076457117501893,3.1679351770917408,2.772994806115672,2.5581700112418435
2008-06-06,1.3246976386266704,3.643893498405269,1.8261919780648694,2.096781352742184,3.1908327384126935,2.7948134126470516,2.5766602427104073
2008-06-13,1.3233364633768332,3.5682023096772646,1.7906366263049587,2.052372152034347,3.125383023352025,2.7360423923467803,2.5238083095258927
2008-06-20,1.285314619098846,3.582986836390157,1.79473764336908,2.063306359603061,3.1371734815895462,2.7486567861789464,2.5333293366290155
2008-06-27,1.2457529964710345,3.6214771027754282,1.7979669379109935,2.0801538553845527,3.1652588738562573,2.7749432303240353,2.556008843700439
2008-07-04,1.23383579786273,3.620309775561806,1.7922285662811943,2.0789414414371086,3.1624207604667767,2.7737047587700587,2.553717011274708
2008-07-11,1.209707803670853,3.622519359908706,1.7911453656532657,2.082227249337668,3.1635819772016314,2.7765998661249935,2.5546547166447984
2008-07-18,1.230611825431424,3.6013499192937184,1.7850104136458305,2.06774250751764,3.14662360861917,2.75877230626344,2.540960500216082
2008-07-25,1.225728004468807,3.599920683212438,1.7837506588172192,2.0671811626955483,3.145180294574956,2.7576192712973375,2.539794995716049
2008-08-01,1.2323697813500236,3.6451170332754974,1.805160872975764,2.093633345928514,3.184320022627319,2.792371985095447,2.5714010965213174
2008-08-08,1.2637263319813092,3.665564610133185,1.8168807048495408,2.103379877330749,3.202744512404141,2.806705336872533,2.586279234672732
2008-08-15,1.2715409427923081,3.6898546284537663,1.828844183842665,2.11734965483159,3.223940762848933,2.8252722941499786,2.6033956241212115
2008-08-22,1.266461839437885,3.6846488733086367,1.825828282859189,2.1145345640243125,3.2192385916792503,2.8213229895782566,2.599598528346969
2008-08-29,1.258060863461038,3.701239451205825,1.831533414106358,2.1247300731033985,3.2328457131397927,2.8343606812436466,2.610586546760793
2008-09-05,1.2153737901815536,3.7243848965296893,1.8361775339107675,2.140303688556039,3.2506563728337063,2.8536143056890286,2.6249690050379955
2008-09-12,1.23168696636626,3.7137481870850437,1.8322770160024648,2.132514840921268,3.241847937338702,2.8443062099435767,2.6178560199958065
2008-09-19,1.2194612526583268,3.6943997539301177,1.8242986165476605,2.122811357064041,3.2255123685912803,2.8301932496568103,2.604664726692704
2008-09-26,1.187333414277971,3.6738565462668564,1.8032584538784104,2.1071992634762062,3.2037203952221165,2.812028186632625,2.5870672792569414
2008-10-03,1.084074404974034,3.6984379046812643,1.8140602959893903,2.1307933193025557,3.2247067950326693,2.837159054838957,2.6040142101876977
2008-10-10,0.8694992524362125,3.5351077665715884,1.739806792234139,2.0524572999519455,3.084378767065684,2.722503595330483,2.49069656547143
2008-10-17,0.9157749634091561,3.563720595818669,1.7511837096510388,2.0646135655287745,3.10838360698011,2.7415424662117758,2.510080946199233
2008-10-24,0.8551555276623465,3.5926441548352863,1.7702278393415893,2.0887515574862583,3.135325377490616,2.768762492252603,2.531836956192155
2008-10-31,0.9513408078661612,3.578795400238044,1.7558234169669933,2.069009513623652,3.1205520397338917,2.7502329530352267,2.5199071951640604
2008-11-07,0.9221611638126084,3.607172890704139,1.7723183106228313,2.089257876913553,3.146209590048706,2.774630052882736,2.540626172071139
2008-11-14,0.8510285425158257,3.6233005589903664,1.7838732606565937,2.103375926179297,3.161564381618194,2.790251853721688,2.553025468498029
2008-11-21,0.7812721699903696,3.7043097061836523,1.830237462478989,2.1609600967035125,3.2345454521521986,2.859736273419774,2.6119591194699567
2008-11-28,0.8851215329864593,3.8063054283315263,1.8738205919864477,2.209503805779556,3.321197170028808,2.9311257414230596,2.681932087255879
2008-12-05,0.8638990507100198,3.8519259428190873,1.8982772150309115,2.2390743804630446,3.361711087442138,2.9683340904752384,2.7133585853172346
2008-12-12,0.8743137662794032,3.900471953898106,1.922232054429089,2.267322354978156,3.404089782432832,3.005763514618982,2.7475126026905023
2008-12-19,0.8734875715448381,4.000235347011218,1.9728054070405412,2.3269387781688464,3.4916553480986967,3.0837345982178177,2.818188616134761
2008-12-26,0.8632856982428108,3.9999052795616135,1.9728338037238293,2.323092536786128,3.4914348629836867,3.081024894825313,2.8180106579518363
2009-01-02,0.9207325462088904,3.9485182584487433,1.9684309567622735,2.3160965185214266,3.4539867383884424,3.0568066948753154,2.7877854873927257
2009-01-09,0.8824017724389309,3.95037461985463,1.9666873583604267,2.3066636917763255,3.4546731835387576,3.051203285493885,2.788339531739993
2009-01-16,0.8424859479556368,3.941247398959756,1.9619068937856758,2.3033025216856653,3.446608114686505,3.04547361411967,2.781830044702523
2009-01-23,0.8231717942193926,3.8727658111518704,1.927902444155266,2.2636329298263718,3.3867509875480493,2.992792412418461,2.7335180959335865
2009-01-30,0.8203986806576572,3.8164005592480623,1.8992835196416327,2.229469259762679,3.337262509313128,2.948417973731422,2.693574902208171
2009-02-06,0.861503085979781,3.803368864620271,1.896491931146653,2.2161159695030666,3.3271639559654203,2.9345012182871253,2.6854241469798703
2009-02-13,0.8197056094633951,3.8218735795111805,1.9048097110697622,2.23047105585716,3.343032457812492,2.951177266662301,2.698231949240446
2009-02-20,0.7668151089105958,3.8201295487021882,1.9043830169762401,2.2331952333746248,3.3416621423054504,2.9523407756365128,2.6971259387160798
2009-02-27,0.7322476910058628,3.75053675460229,1.8705323404879548,2.195398316393565,3.2810811054103204,2.900491268814822,2.648229707126538
2009-03-06,0.6826258136593663,3.7607929197390093,1.879048455508748,2.2088483637363567,3.2912456780650996,2.9134108470717393,2.656433747928896
2009-03-13,0.7536416281143656,3.807797807505623,1.9119045694703385,2.2267286185243704,3.3356618460787555,2.943319692354355,2.6922829731786253
2009-03-20,0.7652208897666639,3.8921779369461724,1.9546765153092807,2.2768005278850314,3.409720551813918,3.009031011523188,2.7520573153232926
2009-03-27,0.8141005904262109,3.8859435923880823,1.9484717969122707,2.267890860645943,3.403185751065579,3.000655024389354,2.746782939922036
2009-04-03,0.8405357657887627,3.865106391315402,1.9372601298987504,2.2646749111744136,3.384670248214672,2.990556296444872,2.731838687367198
2009-04-10,0.8559977283011738,3.869653457711987,1.940003305721236,2.2716458904726022,3.3888141522762814,2.997135856331675,2.7351833196657838
2009-04-17,0.8686668418164972,3.8750080107690064,1.9446230950649763,2.278271977813067,3.3941789509056286,3.0035136432343417,2.739513361699662
2009-04-24,0.8644772316270868,3.8609943225680867,1.9373905687162476,2.2697105972710636,3.381834295877719,2.9923121677319506,2.7295497304699334
2009-05-01,0.8767465601291577,3.8281614058436317,1.9258679055661996,2.249556639486681,3.354803589166071,2.9663250788722784,2.707732677425931
2009-05-08,0.9275220539605135,3.8296061078886794,1.943174774983484,2.24793645526901,3.361841436248793,2.9655276288697037,2.713413072125088
2009-05-15,0.8849264577908247,3.850013166381914,1.949611229609661,2.2620592967421773,3.378399030608113,2.9826870661578337,2.726777055474539
2009-05-22,0.8880192750454587,3.7791319690571568,1.9132559816703136,2.219959113564272,3.316040420901757,2.9272332501334097,2.676446107407704
2009-05-29,0.9230331489011143,3.7884623478147272,1.9191489800908692,2.2352693377094854,3.3246324711022073,2.940930748973444,2.683380932197142
2009-06-05,0.9431840125776365,3.700328883364956,1.879100334401769,2.1955460736687487,3.2488810641004524,2.8756833085078863,2.622240375187475
2009-06-12,0.9484712444865098,3.7200703877121515,1.8891594700988548,2.2073337568632194,3.2662258143693754,2.890868520472645,2.6362396886604373
2009-06-19,0.9233317185845019,3.7094569639401547,1.8720515118764973,2.1943838905087234,3.252851986592036,2.8804730478678966,2.625445390415403
2009-06-26,0.9213247128675451,3.771260818444101,1.9004053298129129,2.231515759792316,3.3060616834433185,2.92858143312588,2.6683920581086857
2009-07-03,0.9009606443303668,3.77013371930868,1.893474722974135,2.2317588655643363,3.3028580751638503,2.9279138239230273,2.6658063583520737
2009-07-10,0.8824017724389309,3.818507841794031,1.90987611816483,2.2639837334736077,3.3424806633263193,2.9663019114848486,2.697786584281895
2009-07-17,0.9442982099908336,3.76362588173818,1.9154617972945265,2.2275011160166076,3.305994251878259,2.922144819837138,2.6683376326714434
2009-07-24,0.9837231867434232,3.783480718246523,1.9312741125076391,2.2497461820094617,3.3254034403421646,2.9392293270485403,2.6840031977184573
2009-07-31,0.99124730852173,3.8275797013377284,1.953248927465664,2.2747725221513897,3.3639786808448613,2.9730993793847165,2.71513808727981
2009-08-07,1.0152239459101962,3.748694443607359,1.9205534001407851,2.24143342654154,3.297250130365718,2.9152200253191505,2.6612800679211994
2009-08-14,1.0111102731177057,3.820301908569817,1.951720065035492,2.2772692130406313,3.3583373605978686,2.969188444646869,2.710584858820792
2009-08-21,1.032979725440209,3.9291510639624643,1.9767871990169223,2.301998898416893,3.443505177470176,3.0433883776188257,2.779325598682555
2009-08-28,1.0370926730460983,3.9460896611296645,1.9889675273080283,2.3196519061617744,3.4596236968599867,3.0583460103979645,2.7923351953708555
2009-09-04,1.023850765714172,3.919518908017028,1.9806307405435066,2.315650424546017,3.438085936763379,3.0391379214463297,2.774951615300631
2009-09-11,1.0510371825961846,4.085801427828656,2.038236915922748,2.347675910050187,3.5747645446739917,3.1585895629949143,2.8852678001705323
2009-09-18,1.0756986033320461,4.198679956477804,2.0653765816414387,2.359506348364699,3.663284425397551,3.2367342399942785,2.9567140614095124
2009-09-25,1.0528176192994116,4.148463100065437,2.058990988042344,2.364372813929415,3.6259632392120387,3.2025710167411376,2.9265913455160524
2009-10-02,1.0330616715261076,3.9839001019495788,2.035079150136587,2.34088194700094,3.502455452528892,3.086070919119526,2.8269056080265327
2009-10-09,1.0811416467620212,4.127546993263222,2.049704234395063,2.331335007454824,3.6085038351587277,3.1816922563792853,2.901065808299769
2009-10-16,1.097571474391382,4.064367487948461,2.0372059871294184,2.3177079032897336,3.5599101177443955,3.135851847703742,2.8685498601217927
2009-10-23,1.0894070128445053,4.086381543677598,2.033328183708489,2.3131930741478883,3.573976102015995,3.150733237373212,2.8778821564742327
2009-10-30,1.043846750252365,3.902310119827971,2.0064482110524215,2.286473203881693,3.4357157383237173,3.0187154585232214,2.7861217936110148
2009-11-06,1.0798313381723308,4.103722324885262,2.026286452601449,2.291411393586362,3.5843513814995758,3.1540923493165676,2.8711207908970975
2009-11-13,1.1049295284380887,4.285778920391128,2.065868140427729,2.335883279702915,3.7255533729114716,3.2858082991958444,2.949182928685493
2009-11-20,1.1030139998309278,4.194463896441484,2.0605807078944633,2.343283852992259,3.6601320893481075,3.223747531312107,2.9156341621535664
2009-11-27,1.104425938142826,4.221132007090384,2.081088379871865,2.369231696014266,3.686032093449349,3.2456382546466185,2.928747216056136
2009-12-04,1.1189403407631116,4.231345463940096,2.0658789688700034,2.3319959534998964,3.687773547656295,3.2472097521124024,2.9296217801776128
2009-12-11,1.1199480393440666,4.151619790336328,2.0290140328774093,2.3100647099474223,3.6190244343990026,3.1886990133333635,2.8886640182762964
2009-12-18,1.1168575012473207,4.135810649210817,2.0233217746280836,2.3104638414292866,3.6059684296415986,3.177695833122308,2.8809778441226723
2009-12-25,1.1398609382174167,4.325372214103267,2.078702648738654,2.28345386533672,3.7579195280447837,3.3067054233026214,2.970082131153053
2010-01-01,1.1293221121411985,4.3011546089314825,2.067867914360932,2.274310630810916,3.7371694788496037,3.2885768166550218,2.957035673142977
2010-01-08,1.1610409452786623,4.495510088400417,2.1298100643328306,2.29400624804086,3.8946464501890445,3.426209934739444,3.0675828842555384
2010-01-15,1.1516166274098987,4.38754328514444,2.1123933256778376,2.29178608641016,3.8134377083324575,3.3496272044637685,3.0121033014124423
2010-01-22,1.1067232256963033,4.219072856769529,2.068632391826565,2.2684482923295093,3.6804854857008413,3.2278112555824863,2.922835948910102
2010-01-29,1.0882800728667494,4.0577476156689976,2.045018303096203,2.2604989676875347,3.5594814101817964,3.11757851841447,2.8519516354919894
2010-02-05,1.0808817191646511,3.9665711011659877,2.038223277903357,2.264931596841251,3.493120381965109,3.060608501478889,2.8157015169602735
2010-02-12,1.0948665283701289,4.130536826275243,2.0635684131246568,2.2581360217067967,3.6173079097193406,3.1449191567925614,2.8838003111463166
2010-02-19,1.1262820263122562,4.257439321427888,2.073419659952821,2.252670916820796,3.709654639782643,3.210649915741359,2.9292440777837734
2010-02-26,1.1222281296152947,4.285627020757933,2.095040861730929,2.279739069735492,3.7370378392804957,3.2367674503486343,2.943613935849464
2010-03-05,1.1577982215938192,4.372694710150208,2.1120060478575176,2.279696284670631,3.803820956127506,3.2840870961750572,2.9786597308741376
2010-03-12,1.17006009103371,4.391973244670717,2.115532720493568,2.281613701291729,3.818506002286452,3.295369740988041,2.987209526519374
2010-03-19,1.1800676661257463,4.300386801595872,2.094775814079159,2.266268464022376,3.7473036657116046,3.239220898892769,2.9435820468409837
2010-03-26,1.1862753670272983,4.537082696041461,2.1587912823204625,2.296426583416181,3.9351959843692,3.3814059731040924,3.071403677164258
2010-04-02,1.1986895256533725,4.579863168427609,2.171821104282609,2.3039972126836665,3.969628392930644,3.40765649729237,3.0942372367223765
2010-04-09,1.216496689833961,4.8310070999804315,2.254227650312665,2.350091040819846,4.173887132145153,3.5624708104616736,3.250999993393713
2010-04-16,1.214563342356036,4.975884714349848,2.3125004378300904,2.390142642771959,4.295600750273446,3.6571512130772734,3.3338407261139045
2010-04-23,1.2394938073208213,5.04166046645215,2.3287865782346877,2.385070106010408,4.347073555452424,3.6900817486419824,3.3685322037560033
2010-04-30,1.2089666629647617,4.828546166971904,2.2567785336021338,2.367810035724226,4.173179372793733,3.5684580267289365,3.2501832472401064
2010-05-07,1.1321408088607028,4.440354578003989,2.2146663685977925,2.383478786333883,3.889157952953872,3.3724517018800264,3.1045881332939924
2010-05-14,1.1589028879831191,4.678120657774046,2.2377941221403157,2.3967089926726666,4.063856257815739,3.4796670406129726,3.1723355171257737
2010-05-21,1.1102629650932465,4.503132086190427,2.2515468627593935,2.4229350822030953,3.947212880916007,3.413708738337884,3.129194215559618
2010-05-28,1.1129091709998291,4.48946059642413,2.2596219522559653,2.42458594525195,3.9404530207398856,3.409512923732143,3.126564659239484
2010-06-04,1.0869613728321064,4.511196401196462,2.2623279221525627,2.4339724806713976,3.9566567162619215,3.4242847998414816,3.1328370341182614
2010-06-11,1.1160631111251085,4.515466384015047,2.2749561262044957,2.4389714882901163,3.9640670356525805,3.4294369230884523,3.1359930330909274
2010-06-18,1.1423326849474469,4.532185997694276,2.3016411157900265,2.4529834037460403,3.9851039255973073,3.4434433258539325,3.1458494020598176
2010-06-25,1.1028677193337233,4.355985487588514,2.2818822811207955,2.464924685164611,3.8542967745490304,3.3429177964020202,3.083380088062324
2010-07-02,1.044897442038943,4.374905838167259,2.2514015219291434,2.46701868730709,3.8573819395758338,3.351498046920101,3.0848862617355577
2010-07-09,1.1037877739340587,4.376815312623851,2.2639717518781963,2.470962990274121,3.8630330213960464,3.354770029932626,3.08844290522476
2010-07-16,1.0904968647075302,4.421480730275693,2.28705877764101,2.499033105898656,3.9024495458811628,3.390357389196056,3.11976110874992
2010-07-23,1.1288372730994725,4.421255177703743,2.290284398911913,2.4972758101448043,3.9033901605156816,3.3890261085886126,3.120513070542274
2010-07-30,1.1274052367589213,4.454449134158282,2.304399501928959,2.5153580248127216,3.931645411010251,3.4137540533114397,3.1431013527415868
2010-08-06,1.1490805462685627,4.498203665905539,2.3462215472953583,2.546880143525291,3.9768065158628794,3.4506380187657637,3.1792047941547144
2010-08-13,1.1073662590151057,4.461195334545999,2.3575997531105934,2.5729418011231395,3.9544804337965154,3.443081213404964,3.161356506374821
2010-08-20,1.0993916927595713,4.467398236187544,2.3554503188916263,2.5746327751552767,3.9581566022071537,3.4462979935651568,3.164295370055667
2010-08-27,1.092541683725818,4.455208111650477,2.3446667905046397,2.5662389368270153,3.945890794646982,3.43606271724969,3.1544896342111066
2010-09-03,1.133744196435231,4.451678629319568,2.3659726882315533,2.567966385303536,3.950555001872997,3.435557168735378,3.1582183723115724
2010-09-10,1.1397767129736298,4.431405801400418,2.369508721841213,2.560188710650713,3.9373394367019205,3.4209595682584597,3.1476533654444396
2010-09-17,1.1562601008133693,4.4528996065561435,2.381345272808978,2.5730973713563063,3.956550965990503,3.437691880458579,3.1630117656516608
2010-09-24,1.1802098026995176,4.822579863085751,2.4841914553505906,2.6749773387906868,4.253481495704134,3.6742390242654897,3.4003889072930726
2010-10-01,1.1780511293848925,4.721615160395256,2.460825506681608,2.6652249956810445,4.174231846806764,3.6160733227797395,3.350763704535545
2010-10-08,1.1978893340383527,4.744455574095823,2.478053442774276,2.688947783737302,4.196229060599658,3.638372907047278,3.3635197766193
2010-10-15,1.2098122305413788,4.875061359887364,2.516878021672603,2.6675460793930093,4.301781393898179,3.713087086527875,3.425893253719498
2010-10-22,1.2164937890875578,5.007356806235174,2.573885742767577,2.6994066434321646,4.414656195632335,3.8001959615649024,3.4911068689648714
2010-10-29,1.2179325593036885,5.230036128567818,2.672644073068215,2.7420449531682225,4.605586901012432,3.948827547830593,3.601273255324518
2010-11-05,1.2614118471455824,5.269833395753795,2.6934684975366125,2.764860803061853,4.640800315130401,3.97917229943951,3.62059879407057
2010-11-12,1.2355094249394571,5.202415507652827,2.658113916952162,2.7278299417171215,4.58112054931589,3.927807515801158,3.586665407863056
2010-11-19,1.236434245051741,5.1672218172447835,2.6368627381376,2.7047605949582847,4.549002015833672,3.8996400119317003,3.569501740584331
2010-11-26,1.2211197544145216,5.275087400932009,2.660711063142247,2.7286481363308748,4.633190194725346,3.971385940011569,3.6328259534949656
2010-12-03,1.2631592360594273,5.274180114345546,2.637579871484161,2.7001805316478875,4.62449052642046,3.9561776306456222,3.6259435102313464
2010-12-10,1.2795025592871123,5.362586703570289,2.6158842663528517,2.6773358498732214,4.678877552676091,4.003693853934877,3.6685869719847495
2010-12-17,1.284371980115798,5.261731277260891,2.5945227739797625,2.661983028846985,4.600830445313687,3.932624996608829,3.607392252087229
2010-12-24,1.2978046115237538,5.293618423136191,2.5976216503653697,2.661682299521803,4.6242314837945155,3.954728019125929,3.6257404016028283
2010-12-31,1.299354231691732,5.154238599400886,2.5571815089595837,2.6452730484911466,4.512421177448307,3.8616322083726304,3.5380728299304907
2011-01-07,1.3137169667143493,5.202221733076285,2.5756652010348917,2.648577183638836,4.552549512111593,3.8944161332357474,3.5695364200962505
2011-01-14,1.3360357239351361,5.399117595975025,2.6513429983272445,2.6900463047707883,4.7171414592411365,4.026923995036021,3.6985887122614276
2011-01-21,1.3264262762869783,5.177296881601021,2.5563402442298537,2.6381104925084573,4.528290881610588,3.878810472389074,3.5505158548405347
2011-01-28,1.3197100123820433,5.476966162121304,2.66183080255368,2.6732533725872263,4.7753356916759095,4.0632712383739085,3.719587784404757
2011-02-04,1.355151642734128,5.76130287201548,2.723343958972067,2.6356618433860235,4.995714876057305,4.224961780175779,3.833475319830617
2011-02-11,1.3754038253386,5.910883144640365,2.7604525075103896,2.663109699032209,5.113082355680088,4.321513539787475,3.8875220861966264
2011-02-18,1.3900772510206485,5.963861552741027,2.7805886100812094,2.6802611260826636,5.15720273770582,4.358919532659549,3.9084573998901426
2011-02-25,1.3673445158488493,5.747859149713714,2.7159062236562868,2.660791120186547,4.9837690667559835,4.209223267936081,3.825970618331687
2011-03-04,1.368790952323332,5.770423718534487,2.715113508859119,2.6520031006876623,4.999126746117152,4.2207565380083985,3.83295233111909
2011-03-11,1.3519481827238176,5.689292472864302,2.700666350624661,2.6647711616407883,4.937570038314198,4.168824748665537,3.804892934476651
2011-03-18,1.3258582479823238,5.644931992381976,2.699691730071044,2.6878817493101375,4.906408422962074,4.141964209208538,3.7903832987099713
2011-03-25,1.3625955795939952,5.891891116847706,2.7625843165804933,2.667489532288329,5.100972794845803,4.300752991208115,3.89534641625678
2011-04-01,1.3817939624693145,6.091225919524448,2.81317013114899,2.7054315487069345,5.257702463101643,4.4400426324748,3.987714111176938
2011-04-08,1.3787846452718662,6.024618307657956,2.7838379970140843,2.6774904920960854,5.200743493596756,4.391663442688558,3.950501892355216
2011-04-15,1.3702750985010597,6.092923037648743,2.819900113210909,2.713409661762147,5.261387525998993,4.442098151315935,3.9905852448588646
2011-04-22,1.3883322448627782,6.335102213803674,2.8924311091118486,2.7580773860449055,5.455743993703068,4.612500399475598,4.118196773198393
2011-04-29,1.4158330819353118,6.630905911389035,3.0330687014893956,2.8271432400438883,5.71259209940278,4.82207405396485,4.30477444522399
2011-05-06,1.3926906163340198,6.435127193636173,2.9625466579256186,2.811615791381094,5.551089173950313,4.6864229608567936,4.201296936841635
2011-05-13,1.3910300426161082,6.5538269288841375,2.9933298674550084,2.821586548789808,5.644532686200784,4.767624813284729,4.254203270690619
2011-05-20,1.386567969460942,6.713901886393464,3.0366276297014703,2.8361994113965165,5.771145845035022,4.877804368300878,4.329537772174282
2011-05-27,1.3855298130427505,6.632884545720546,3.032034714850766,2.853050501052994,5.71367741786766,4.825082596487243,4.293518328307873
2011-06-03,1.3534628903368677,6.594009357585482,3.025733629839485,2.8712279140363517,5.684508954232532,4.801422157279878,4.275680985264681
2011-06-10,1.3241980886567555,6.332352118896007,2.959503934250634,2.8664984959063395,5.47915289936367,4.631369106309645,4.147175886795589
2011-06-17,1.3250267697453804,6.372197188474956,2.972916488818183,2.8752029728394652,5.51169888631983,4.657427562709524,4.163886610373654
2011-06-24,1.3225236327953416,6.696607936515122,3.0526035387824906,2.905773078885196,5.765708036454553,4.85290400082812,4.309535535501374
2011-07-01,1.3966753095096414,7.215285144803654,3.122876437258365,2.8634793531982443,6.149467454477085,5.127843992200472,4.529330882845182
2011-07-08,1.401681376213548,7.364959331931522,3.1764989957540855,2.9127827078423962,6.272634225102275,5.232059919506651,4.587146819900684
2011-07-15,1.3734179536311544,7.147111954252777,3.1511210260759097,2.894143853942733,6.114159133593569,5.088844700137441,4.5130761372522255
2011-07-22,1.4035579519404338,6.996039089113945,3.1216339651149356,2.863538043237774,5.9993135981864425,4.989163871452967,4.462596336487132
2011-07-29,1.3488051203975515,6.517012790938808,3.063762438887612,2.8111169404969627,5.6483950598663695,4.67461642663978,4.310776072465496
2011-08-05,1.2523353080509803,5.975760358528173,3.0420590644292638,2.826276900179016,5.265029441700982,4.4642958043998435,4.167737122270088
2011-08-12,1.2318942661360237,6.1124093293831505,3.1359787058476067,2.9090854325072457,5.39385028357534,4.578892910654048,4.212160154832688
2011-08-19,1.174741999327027,6.162302875026591,3.129036485650506,2.9216853135318956,5.426675825140556,4.607115443718152,4.223107359857947
2011-08-26,1.2303297278436844,6.1509721634299135,3.1494869113865342,2.9192800014327367,5.4257794883381525,4.601002355808109,4.2227101465007
2011-09-02,1.2290780557705792,6.227107425201384,3.203816829722028,2.9663186946486046,5.498221890799576,4.666622377949988,4.25655741968735
2011-09-09,1.208950294467199,6.249077353351592,3.2258989830264424,2.985267785185211,5.5213168605515754,4.68959250813248,4.267644654828736
2011-09-16,1.273910127417358,6.22114153654274,3.210243405020634,2.963555387914724,5.496211476928509,4.66189387042547,4.2557108997920565
2011-09-23,1.1902547767005418,6.263202420947539,3.234410669944366,2.9974226814592346,5.534213821539824,4.703281069347585,4.273793247269356
2011-09-30,1.18616627824291,6.236481431297027,3.1972372192842333,2.96880967223602,5.502597618010252,4.670418938405837,4.255344700309123
2011-10-07,1.213003258781388,6.182130309947608,3.1780524347785484,2.945967669721228,5.45762738100853,4.632133812394893,4.220023551160322
2011-10-14,1.2849173204396533,6.154322654204006,3.173464161255956,2.9326297342650127,5.436409794614592,4.611228980547284,4.203617390015504
2011-10-21,1.2995936468681055,6.178662929396923,3.1684878781302275,2.9343298840921386,5.451900796713254,4.6226706411168,4.215595560953833
2011-10-28,1.3481306968587403,6.171416547895004,3.164676260423672,2.922922060654896,5.445473844622255,4.612299796625724,4.210626022490915
2011-11-04,1.3154233307862018,6.214816033457696,3.2119032558388643,2.969025819012561,5.492355301429474,4.654586349800376,4.246876363165989
2011-11-11,1.327793460225794,6.198091526902424,3.189690935926227,2.9441406845320977,5.4729307102129034,4.631992821760896,4.2318566070186865
2011-11-18,1.2787324111169864,5.8816284057982555,3.1539786780693,2.947252216715351,5.237088884224298,4.4801709817717255,4.049495666899566
2011-11-25,1.2196073259593596,5.869648118312485,3.1549939468192005,2.9519156353278015,5.2288901293178025,4.477933561432587,4.043156110095817
2011-12-02,1.3089241048710993,5.8940039154570645,3.19043242786386,2.9625919942062686,5.257988546144271,4.4950770541387834,4.065655998002507
2011-12-09,1.3213989719754746,5.897077661776518,3.1848810811119717,2.9589997745207803,5.25835051501321,4.493583968198413,4.065935884672129
2011-12-16,1.282728292885878,5.79425757841873,3.217245278122291,2.9973385119505616,5.195667193774155,4.459510641401527,4.017467003704869
2011-12-23,1.3333663120573254,5.7560001618548915,3.1949107367936347,2.969853049393534,5.161008998015859,4.425456226766598,3.990668105185398
2011-12-30,1.323977113939661,5.812458745566448,3.2232370822925076,2.992461386834905,5.210657833992373,4.465797265386061,4.0290582777790185
2012-01-06,1.3472911379711021,5.94690250354376,3.2336058755017043,2.984843164402678,5.310413115560219,4.5357057958215625,4.1061924623211565
2012-01-13,1.3592126876990123,5.995838081226665,3.2558534025797385,3.006054801903846,5.352677664001941,4.5701569745123525,4.13887285204946
2012-01-20,1.3920218906899302,6.161440036053692,3.266845897206896,3.0177756397160573,5.47454228949525,4.648660867913688,4.233102735061382
2012-01-27,1.3906506664257665,6.325642218925024,3.330939403377781,3.071768091332058,5.612734816665844,4.7569050093270135,4.339957908297211
2012-02-03,1.4193450570452502,6.568183183308647,3.416210833049047,3.1132892063683366,5.813625809698825,4.89500244927148,4.495293672839367
2012-02-10,1.417446829318424,6.632970883440648,3.439537296080684,3.1254751133171066,5.86743817100246,4.932849246817658,4.536903225157855
2012-02-17,1.439073344129635,6.639600310087008,3.4360255136978153,3.120206919609524,5.8709295817973945,4.932659449528024,4.539602903012863
2012-02-24,1.44455896637289,6.7090725396735404,3.463881494520043,3.1375692131223007,5.929590065729174,4.975656553723575,4.584961189028503
2012-03-02,1.4485674871082546,6.897777654888252,3.5356596914222918,3.1729009311238228,6.087582273428574,5.087650343596875,4.707126150255313
2012-03-09,1.4513109716174397,6.9468056157253635,3.547510596991657,3.1750285508121725,6.12627494708333,5.113022159837249,4.73704464462681
2012-03-16,1.4865978264292803,7.121925920696173,3.5945658159094473,3.168694084048678,6.266064241298658,5.1958647810139125,4.845134492578237
2012-03-23,1.4797105220846256,7.229690122762736,3.6380530087333183,3.195904938292275,6.357073762198401,5.2642388636734925,4.915506156813358
2012-03-30,1.4920013989885512,7.266655288730665,3.65238654401372,3.2059003297206825,6.388084617350145,5.287998192215063,4.939484807231555
2012-04-06,1.4811938394776667,7.46297422386549,3.7187748033060513,3.248039892367606,6.549365126115057,5.408854332101431,5.064192394946214
2012-04-13,1.4531143034976373,7.2000343678822745,3.696593904044762,3.2806247094960495,6.3569198578361705,5.296045111988178,4.91538715271361
2012-04-20,1.4616975085074748,7.1616018843848455,3.690423158431797,3.2844943537564784,6.327648108305963,5.279599334830292,4.89275323805117
2012-04-27,1.4875513432113419,7.504392994887353,3.776381742636559,3.3077897348632326,6.599400432521424,5.461391541691914,5.102881399651657
2012-05-04,1.4516317112911967,7.268948883495532,3.7367978569977858,3.311752777167821,6.41990224845795,5.346003764705492,4.969916451879667
2012-05-11,1.4369033786236538,7.393184093918918,3.771879368501766,3.3314806470369276,6.519727794830518,5.417780133293078,5.032554246957691
2012-05-18,1.374705574240046,6.946354820230762,3.7144885879247265,3.3369809085360473,6.184606511336804,5.203322190729752,4.816972192526794
2012-05-25,1.399711769405579,7.250731577795578,3.7471455346240417,3.3474044521195667,6.412246470289856,5.332622772282744,4.933668900609528
2012-06-01,1.3579639163723098,7.000986877000426,3.777564563656201,3.400019110570721,6.2459213728212095,5.25860895585241,4.8563912817143935
2012-06-08,1.4103076780270944,7.36722175385072,3.7837858184983917,3.3797334578457185,6.509318843018049,5.38747882772514,4.981249097158882
2012-06-15,1.4286914691534627,7.275337645291791,3.7877583178530343,3.389326062490753,6.445723950751371,5.3524308422244955,4.95322878447707
2012-06-22,1.4214493413648093,7.186796197129126,3.7529741342648806,3.3570956385138735,6.37112622385574,5.29252471319259,4.920510435509672
2012-06-29,1.449567623028943,7.151258864212695,3.756394942597305,3.365266222764826,6.347078477689659,5.276963226075814,4.9085803672713855
2012-07-06,1.4430703654774713,7.362150573682217,3.824970564657792,3.4199747228650965,6.519982490645045,5.4142341902228885,4.996942421064561
2012-07-13,1.445839438713859,7.248995672135197,3.7931669829839474,3.426332264200348,6.4289639069140145,5.348455992804461,4.952353128206502
2012-07-20,1.4535078726257389,7.18231441261132,3.773665377040377,3.421152401905833,6.375038686905957,5.311723446672907,4.918875849741327
2012-07-27,1.477046290111107,7.489717984082362,3.8593520465120768,3.4166597955160496,6.622251588313065,5.474618278351491,5.091185571344333
2012-08-03,1.4841822298617755,7.454908866252925,3.844307858093198,3.4074343848450734,6.59246594063184,5.452251402819704,5.071328843860188
2012-08-10,1.5000516954448335,7.465194663628835,3.846463457711451,3.4008714204698256,6.60048107378911,5.456205659973549,5.07714575093266
2012-08-17,1.5143234713480846,7.571033654095553,3.8749397487569084,3.3935133833204945,6.6851104990611665,5.508655314966668,5.142243419135991
2012-08-24,1.5071879459897597,7.567787951983547,3.8803220246396206,3.41509001951969,6.684672947582073,5.511830237122426,5.141906850845277
2012-08-31,1.5034604868612764,7.6344963854087275,3.9164851388232997,3.449119562088485,6.744271301142776,5.561506232800924,5.187750407422525
2012-09-07,1.5372232066342557,7.757330173135418,3.939071339262881,3.4293149751317165,6.838847644201301,5.624358318307471,5.260499328740572
2012-09-14,1.5682161279842464,7.7587766853103135,3.922925682577352,3.4019100356088416,6.834256865821324,5.6128048064239495,5.256968063263889
2012-09-21,1.561918503944186,7.898672041754012,3.983936934886451,3.445298093009353,6.954092713090985,5.70712599150922,5.3491468084148535
2012-09-28,1.5415740154452313,7.875596527347886,3.985569786494872,3.4589550502325705,6.9384062530028014,5.700027738222728,5.337080650919128
2012-10-05,1.5648097193237782,8.065358534129782,4.017172464598263,3.447774682468619,7.0831363519868304,5.803997593701575,5.448408264599715
2012-10-12,1.5300094647211224,7.60051340070716,3.8763133618021146,3.382949200154105,6.706848395667547,5.525616900768085,5.158964392676475
2012-10-19,1.5353636209934476,7.446202636263792,3.824789739763766,3.350742729410908,6.580077779330862,5.428651323222486,5.0721058830963095
2012-10-26,1.5135207933790047,7.372243381264071,3.8127487252682792,3.3533192675690975,6.523642369535272,5.385093367327506,5.034985016349101
2012-11-02,1.5157688718417088,7.257970928306601,3.7995266981795663,3.356964659672348,6.438209982597833,5.3280525076619325,4.9781237804082945
2012-11-09,1.4793630541047216,7.079195326356501,3.776650010135481,3.381259971072024,6.303570750789391,5.234252909228563,4.884455669366397
2012-11-16,1.460196579439841,7.0846646008664615,3.869953160614197,3.407056046733438,6.338589058680137,5.24859913377753,4.90852910485591
2012-11-23,1.5135207933790047,7.058491591940389,3.956120816158548,3.399451021745721,6.348056123914438,5.230681956112548,4.915373889245153
2012-11-30,1.5220865939104216,7.173097919915846,3.993980092448528,3.4236422513379203,6.442656357671755,5.304782096977019,4.984580186237195
2012-12-07,1.5248705852711701,7.17683624593095,3.994505987208957,3.4240661084516577,6.445511739393281,5.3067922205005384,4.986653410772427
2012-12-14,1.5215506810123771,7.0992335380537135,3.964541727583463,3.4050508465296385,6.380082306799964,5.253741935067062,4.936026948750046
2012-12-21,1.539782804541077,7.075588847667672,3.949014079913204,3.390307506790288,6.358084431064137,5.2354089725693775,4.91900802920859
2012-12-28,1.5100200068623368,6.924468990075192,3.882916764237369,3.3741951948579505,6.228159357474539,5.132354328784213,4.818489942808189
2013-01-04,1.5783881132385091,7.310321898121987,3.9970588487725367,3.34915704576666,6.542392832153974,5.363232459551036,5.061600427066976
2013-01-11,1.5859366841650737,7.385545741932846,4.023636952870531,3.3702308938412666,6.604947104511772,5.416581679792352,5.109045996648114
2013-01-18,1.5995240911132735,7.324407391502778,4.012410430596604,3.3629522046805302,6.557514337562523,5.373664797653381,5.0731448428158465
2013-01-25,1.6202286865586046,7.5104491943855045,4.041256266436994,3.3819956595485774,6.700174253245364,5.502222612014143,5.178868405104771
2013-02-01,1.63090426210813,7.568572336582851,4.050167498674833,3.3808497148988583,6.744605182494958,5.541315360134948,5.210819801352301
2013-02-08,1.6369430981297644,7.508710219288217,4.0223988230842735,3.383519305582927,6.6926795019869125,5.500172403670048,5.173276678517645
2013-02-15,1.6402864155559571,7.534934779631855,4.031636684234446,3.377826644874874,6.71445193824583,5.517391521798939,5.189166498844405
2013-02-22,1.6379135013998174,7.665860053018744,4.082951697542052,3.395162109409426,6.824874452171401,5.595514180980031,5.270934042374703
2013-03-01,1.6402864155559571,7.741899070768701,4.122402076698167,3.42687554591319,6.892220569157887,5.650117277166535,5.322837022709531
2013-03-08,1.6761954804713466,7.918081044113649,4.1524046869322095,3.3872452176569934,7.0277127763581575,5.726675124680773,5.427477164379046
2013-03-15,1.6878747142764792,7.860605314631578,4.132947441393886,3.3902397952808094,6.980313620690161,5.693676754718196,5.3908709678559985
2013-03-22,1.6853835947043974,7.836626205061821,4.122495244168738,3.397590507037234,6.959747408951445,5.681263755167484,5.374987756899345
2013-03-29,1.6969733197633654,8.042100217550471,4.234638332136595,3.441296538591575,7.1435971645120055,5.824550111303267,5.516974258302538
2013-04-05,1.6806168395787786,7.692331118397225,4.071453426524236,3.409139874140061,6.839981554814896,5.586290966300281,5.282493020833122
2013-04-12,1.7200443026854282,8.047386130223499,4.230209832140498,3.469011474593759,7.145886215461111,5.83150127380228,5.510310392596365
2013-04-19,1.6840830243347762,7.870451787003713,4.162637092579389,3.443126661559433,6.997358962769993,5.709072712197751,5.418731919743505
2013-04-26,1.7139786347595614,8.525612602966879,4.351137614086825,3.5569447187121184,7.5266785101371605,6.162206041997636,5.7262102343749515
2013-05-03,1.7478801759675646,8.495513008688043,4.331330754939045,3.5391230536656355,7.498566527224616,6.139771894542325,5.713870645583871
2013-05-10,1.7699768188923126,8.54468289798743,4.330415706940723,3.529981443866317,7.532962380748984,6.172258924588815,5.7282059682419995
2013-05-17,1.8082125932175577,8.86644697822241,4.418277744870694,3.5696287679780894,7.790443037213601,6.395225550437261,5.836627157625575
2013-05-24,1.7905572002327226,8.616738865082265,4.301460904174045,3.522363518767428,7.573722357153337,6.220650140638547,5.747718202825407
2013-05-31,1.7704111020681492,8.530989656782033,4.25821864810406,3.486453026664199,7.498198893531584,6.158657669534034,5.718109373125905
2013-06-07,1.7850331430996216,8.533331642553382,4.252526060242725,3.4776590169530293,7.497838936526464,6.158998586892632,5.7177698055197475
2013-06-14,1.7674865281049175,8.254250107048883,4.199226472244808,3.480013137889893,7.2828462943246945,5.971519215187552,5.616084473950491
2013-06-21,1.7320851974082245,8.090750316033086,4.093355907014189,3.3747061907889764,7.130710337554003,5.848170581635511,5.545490645315935
2013-06-28,1.746784937004076,8.259806286160716,4.15339987133294,3.395747687165288,7.270819707655344,5.962776573773284,5.653346962232461
2013-07-05,1.7750966362944705,8.635647997004089,4.234620264594973,3.3562320343276904,7.563899389741957,6.208132301331678,5.862069258513148
2013-07-12,1.823987473748245,8.927559809016861,4.343806394898198,3.425334078041337,7.807442443058057,6.413116805592772,6.004209396536523
2013-07-19,1.8420634749615858,9.019999367592153,4.385829531999553,3.457471417680804,7.887220985431413,6.47915920299339,6.05111089131105
2013-07-26,1.8414091494514275,8.880005501920756,4.320938714210208,3.4255955004404193,7.765950714258632,6.380967999288402,5.972623202935888
2013-08-02,1.8614441904679817,9.180310048749588,4.467983341600041,3.463243178944564,8.028910128773475,6.588311414301406,6.1389996408095575
2013-08-09,1.843586574019589,9.491492941611128,4.621720019788931,3.5118925919861073,8.301885390401528,6.804049015742581,6.298765214194291
2013-08-16,1.805693294966128,9.327948903620383,4.54064429157932,3.446532691115054,8.158320972890456,6.684954541099904,6.2022064265282575
2013-08-23,1.8142958728180172,9.757040201909795,4.6582490543013435,3.4623869502057474,8.50078680525467,6.969661149160467,6.440112750879062
2013-08-30,1.7819562799502064,9.787754060226185,4.6721689295604305,3.4718755246792683,8.527274506287972,6.99127572337932,6.4570149961713375
2013-09-06,1.8079805335052783,10.133866023602032,4.762757433559293,3.451149086226359,8.801551768112295,7.218780153152533,6.640671172474177
2013-09-13,1.8438043371960224,10.427200548306539,4.836972083785377,3.473038831616459,9.032778613551871,7.417574996142275,6.795052796380348
2013-09-20,1.8680011205168965,10.96772518898482,5.008590160325744,3.535300829210935,9.471446065987362,7.787468123430386,7.084764003294619
2013-09-27,1.8481968960355912,10.79827444576482,4.966122900087882,3.5377852074428495,9.338307239434092,7.674447906097845,6.989407658670292
2013-10-04,1.8479774752897844,11.079687726031333,5.051967425590186,3.5461533892290857,9.565271001910991,7.861819201120124,7.12807778236507
2013-10-11,1.8629679111145,10.822210272467316,4.970659732225059,3.5313264935165702,9.356643114715018,7.689884775583282,6.997717228250106
2013-10-18,1.908157810549766,11.271257571395385,5.125954559552325,3.6003909527787874,9.725682028215543,7.963482918418964,7.220349122006146
2013-10-25,1.9252278743496112,11.136627866379845,5.087863411945246,3.6030611138872164,9.61828570585316,7.872714882229156,7.15513229071001
2013-11-01,1.9280720561982319,11.19059038914845,5.109616693728503,3.588565873683181,9.66379379246731,7.899517399413367,7.181031708806982
2013-11-08,1.9398888682613589,10.966652464634139,5.019327774213404,3.5441896356061573,9.474929671278913,7.753085127742142,7.0700637611337935
2013-11-15,1.970089367852768,11.266271860144062,5.1308470146002465,3.5941183659344738,9.72411614729449,7.937978523708235,7.209378017894096
2013-11-22,1.978404771810712,10.924268811506217,4.996759977503546,3.550742513488315,9.437133274915384,7.734463742089301,7.022306819179097
2013-11-29,1.980483778197327,11.08349537693753,5.051585085653061,3.569424281249781,9.567877671709073,7.828611088206382,7.100229934161626
2013-12-06,1.9798277951177952,11.238469991587857,5.0937899649851,3.5675110091148423,9.690882698832354,7.908750219955822,7.1766149654684535
2013-12-13,1.94886212006438,11.433254171510669,5.160227271138072,3.5897660411182484,9.850524639421904,8.023187843690154,7.281567196005176
2013-12-20,1.997396994495212,11.351638444318972,5.1336443260263875,3.580142165761385,9.784118486230692,7.975224941489028,7.232076323271492
2013-12-27,2.022589355420998,11.514493341333834,5.148375322282625,3.578170118343916,9.902009171090377,8.058963994405895,7.3192169718549955
2014-01-03,2.0120279449620666,11.208926373573954,5.081752541483926,3.5485061946208267,9.666139213033057,7.883038580549363,7.144870193303814
2014-01-10,2.0257801764648353,11.64836935747951,5.203584271933868,3.621637438673352,10.015631105316617,8.15427061140664,7.403202310082278
2014-01-17,2.020279532499133,11.937999056924214,5.324404031754408,3.660562355319786,10.26136436316792,8.346147480690014,7.573352731880783
2014-01-24,1.9680236220211407,12.005693122138236,5.355090064057634,3.6843631136348978,10.319741442071955,8.393676247191397,7.616202975169172
2014-01-31,1.9602125335450602,12.35573324527966,5.45395176029538,3.7153231348698945,10.59853470125624,8.618988460983454,7.821958716432215
2014-02-07,1.9767136366574785,12.6292320018149,5.517937752618583,3.72207689007465,10.811067907728166,8.792350224403691,7.978813037690165
2014-02-14,2.024459715262733,13.101411322926683,5.610155585319692,3.728443624286255,11.170530732890102,9.03326553046393,8.24410474619167
2014-02-21,2.0230304760705,13.409106404948007,5.686121692793909,3.7592586608283547,11.410642648428066,9.234455068450863,8.421312779528469
2014-02-28,2.0494328626388834,14.05068004189186,5.907953039066553,3.8332039862399507,11.936423311961548,9.648338414194557,8.809350820633318
2014-03-07,2.0711059965887224,14.22113895834183,5.968503587063977,3.8219810816654527,12.076734489806984,9.73635220334739,8.912903648594611
2014-03-14,2.031500862764859,13.810268913135133,5.843159903775248,3.8162872630678404,11.746862477076695,9.506812226954695,8.669450630039425
2014-03-21,2.057483884281767,13.603355673460879,5.772580027092926,3.7804018961504746,11.577680233496773,9.372226521249436,8.55065217797588
2014-03-28,2.049639022829703,12.850080155296997,5.604412895806432,3.7644942802092323,10.997288508137014,8.932747519105574,8.185179214681346
2014-04-04,2.0596940458450534,12.651086050793626,5.547538550991323,3.7465139013467295,10.838716906170152,8.800150984243903,8.10924233071673
2014-04-11,2.005659356233206,12.445754372219355,5.506118632306801,3.773294362907425,10.681783312234531,8.670873410227939,8.03461799190979
2014-04-18,2.059583403089378,12.51096921467552,5.49354025065809,3.749446630145639,10.721667538416034,8.704247251507304,8.055055382878876
2014-04-25,2.0584784259058204,12.561054973921845,5.512952349048387,3.7620655567651013,10.763582051323398,8.738323287597895,8.077808459339392
2014-05-02,2.078036501335172,12.972460147014521,5.613192611939137,3.7961026268811464,11.084726688199362,9.007702491574884,8.317719456563673
2014-05-09,2.076931316955443,12.341186621338444,5.498668986660933,3.7832926658068593,10.607913685576085,8.605200155932165,8.003381869563237
2014-05-16,2.0779264801680117,12.371213416882078,5.51921356169847,3.8047967237730203,10.636486026498154,8.628637593543118,8.020425794619404
2014-05-23,2.103340955389836,12.792475802031975,5.687718469567929,3.849970505975049,10.991181292152454,8.904034737178064,8.231294569542529
2014-05-30,2.129087151682516,13.04693015485858,5.7853909876087135,3.8848908740034607,11.203825812415706,9.071789746181564,8.364645796277962
2014-06-06,2.1589219500309134,13.464659587099053,5.940851565448552,3.900893123354467,11.551003327965935,9.332976910285279,8.58176292285517
2014-06-13,2.145109010049843,13.614491262052237,6.00849338508146,3.9155967621290744,11.680136076506944,9.430536640225702,8.6612642730652
2014-06-20,2.175483968817805,13.842572041660238,6.1069864402167395,3.936802116913988,11.874968223228468,9.573996668394253,8.78165837075923
2014-06-27,2.174151904630088,13.741279338027477,6.059809106464357,3.9458693567346974,11.787104434943565,9.51111503222675,8.727241611228823
2014-07-04,2.200576668385013,14.189276184787934,6.230942826631212,3.9656386492706206,12.161100914079674,9.796153758730922,8.960897389393866
2014-07-11,2.182923140165724,13.800319933444115,6.054292339321746,3.960332017106797,11.825456371977959,9.549765177659353,8.712878601240982
2014-07-18,2.1951361113090986,13.902516425478606,6.0934780623058336,3.9754860726621364,11.910819920760787,9.616636718941162,8.773872156214663
2014-07-25,2.195246961260946,13.841568206132877,6.073166418476041,3.9731325906927895,11.861103999089009,9.578701725155366,8.737125860835942
2014-08-01,2.137290669707754,13.126755963297725,5.816543676918425,3.9027418821220734,11.2708176297732,9.122705071253318,8.302309143686829
2014-08-08,2.145506619503293,13.073240901492714,5.823241053859087,3.9208225818329754,11.236644668702365,9.097922832179222,8.281303330018511
2014-08-15,2.1730415403460674,13.324500990484818,5.896673653558958,3.9544471821661964,11.437741825388898,9.258329933630241,8.402924433101491
2014-08-22,2.211568632488692,13.687685204459394,5.964105562750534,3.9475862286857173,11.713278654539684,9.466792315453723,8.568159235922788
2014-08-29,2.228444346279503,13.789077856536197,6.000441027199022,3.969877147315335,11.796962162559849,9.534482108539656,8.614539921013028
2014-09-05,2.232884767434729,13.962312465990514,6.066125083997906,3.9645025902621263,11.941352175170193,9.636958383402147,8.704017174656117
2014-09-12,2.210902082404404,14.055073354654008,6.08864364946316,3.9443936085013127,12.013679753304578,9.682016323078505,8.751846783109519
2014-09-19,2.23874966227024,13.933210987796365,6.046121429049093,3.938653276961168,11.913565898168923,9.606096454952826,8.685200276652372
2014-09-26,2.207516911351533,13.256484366632849,5.811648973857083,3.887587579389211,11.358236124701964,9.179863923195539,8.318307955509352
2014-10-03,2.192123064580561,13.126298824889822,5.796873286078597,3.9098289207075503,11.263212282674823,9.110419192353689,8.252245953493711
2014-10-10,2.125418121874445,12.087695041611665,5.59007657733987,3.9256029594147375,10.469816341888865,8.506923674864858,7.707405134531725
2014-10-17,2.1023275589141597,12.440965625428293,5.672666457127277,3.9625668128224882,10.745519389331134,8.708003560091278,7.837881205314686
2014-10-24,2.1911189919326097,12.438634404184896,5.793997045839693,3.9736138692452525,10.789838024380785,8.717169018306624,7.858583883609703
2014-10-31,2.249457974814891,12.8960407888411,5.8409743346276,3.969256364165003,11.124706770455564,8.975941419810265,8.016014093373723
2014-11-07,2.268198039758459,12.351291280837197,5.757095048505435,3.923484039965083,10.71676358634411,8.637870446865426,7.83970263653263
2014-11-14,2.278237315864762,12.502715133596052,5.7875452468145765,3.9381085290269384,10.83319624835415,8.72340916013041,7.8895958599311
2014-11-21,2.3054548121725262,12.379190479462265,5.762610551621372,3.9382647035385254,10.738227815835904,8.65045572108429,7.850132470026812
2014-11-28,2.3112548546063025,12.605080822231589,5.853388907172469,3.9781273121216754,10.928812835435274,8.79703312276312,7.936161570873808
2014-12-05,2.3201792081128074,13.45223662255179,6.166726186562461,4.046911340521426,11.633394678492847,9.309041905348478,8.24318927130488
2014-12-12,2.240869071910332,13.043875436321441,6.065324857537525,4.100815793789642,11.312591581854468,9.09714292069799,8.083845881138213
2014-12-19,2.316384410228529,13.756518870704982,6.1075965605920635,4.09562825305307,11.822722152984632,9.392316955481022,8.317296727015602
2014-12-26,2.337919758724202,14.045874250145806,6.113395072386617,4.081208632098184,12.023873512470171,9.499460540104666,8.401022338251835
2015-01-02,2.304158385726338,13.68962163703663,6.0989363038569335,4.075207077358569,11.774166737045158,9.295942875325265,8.295256374391625
2015-01-09,2.290923937456592,13.352247116783063,6.124797393665007,4.1147413039723135,11.551961184648162,9.16084004033976,8.191900407455986
2015-01-16,2.2615368900351904,13.219381407798613,6.147378719381097,4.148374855740459,11.46849278725431,9.119945869977398,8.154947249545064
2015-01-23,2.298999201051562,13.504310022520512,6.209578519634732,4.163138771824582,11.689432247837349,9.239592304306006,8.252938999365169
2015-01-30,2.2370848410308093,13.214609282884277,6.190416300566652,4.199138020336605,11.481569050742271,9.110691067005249,8.161561992077091
2015-02-06,2.305505368038416,13.640284160381887,6.162454690160959,4.126784082243112,11.767010481335126,9.269089135831331,8.325512398228373
2015-02-13,2.35294997621388,14.117018363311214,6.211628066326123,4.158164702293458,12.114750099899057,9.5083255626232,8.533036709553755
2015-02-20,2.369325311250089,14.519981692436613,6.266567331160179,4.184303031879972,12.412790470747066,9.743420015330448,8.736003163643804
2015-02-27,2.3628197658517505,14.97889096799176,6.386436884560365,4.256645550746987,12.774102401923626,10.03004491667255,8.972999138526724
2015-03-06,2.327376167136035,14.769422499284076,6.287439246319477,4.184740686279556,12.591587458473716,9.885152681796473,8.847437043047846
2015-03-13,2.308645633216364,14.372715966298685,6.230086547067814,4.211704118818707,12.2980113809638,9.670305937913886,8.6410585952296
2015-03-20,2.370550669409392,14.715822945138132,6.348468055795643,4.284006830280275,12.579601880673348,9.873437866286782,8.81890129227332
2015-03-27,2.317936723946739,14.300689579987694,6.253126309569897,4.238558322257096,12.257893905134535,9.62372874557276,8.617954541984341
2015-04-03,2.3258232318293106,14.089991370955971,6.248864442015563,4.249081625521112,12.11171446276201,9.546075302975362,8.531426807034872
2015-04-10,2.3663818824352347,14.413227120805612,6.29297457195999,4.246840327699502,12.351065353865142,9.719427162808646,8.67335519890093
2015-04-17,2.3428354878972573,14.092509344782192,6.252570120377847,4.2378179790966755,12.11530824226377,9.555987304905749,8.526409047226617
2015-04-24,2.3845200425000788,14.473425794206214,6.320152738322173,4.23702659224799,12.403446475936915,9.75003560556253,8.712089352226313
2015-05-01,2.3740431680791922,14.195914037755145,6.206454740829254,4.165892372814709,12.168559314661632,9.569202083508184,8.553664008574325
2015-05-08,2.3841827271325875,13.95981241156597,6.131009376542939,4.1403978888002335,11.977059697138197,9.422951276593812,8.426764535548072
2015-05-15,2.393420982839184,14.163961356892031,6.1980510303113565,4.161241940138607,12.143368650980578,9.548821091667579,8.540986443631386
2015-05-22,2.3996171843532084,14.28413709823034,6.233834557639083,4.158658759353629,12.239810445980705,9.618449264306422,8.608722002105091
2015-05-29,2.3787742854632823,14.452883372708389,6.30190522915223,4.195063776529513,12.382215787272816,9.728321239005641,8.708881069127347
2015-06-05,2.363340035438833,14.363069583768011,6.218655673959039,4.108952565942572,12.287930542553937,9.647045939480785,8.64256668752254
2015-06-12,2.366043531086885,14.407512929850057,6.235474515642405,4.116247073326277,12.3249943423008,9.675019517462127,8.668635060866281
2015-06-19,2.3866098230876207,14.790303323600718,6.364756865842788,4.169347739060614,12.638059125378026,9.912056088384134,8.88882537329438
2015-06-26,2.3754017533768836,14.333083770318828,6.199465209023658,4.097554977149506,12.259858191252034,9.625699633243869,8.622822340224838
2015-07-03,2.34698521282362,14.29686300265749,6.203120112862149,4.122797490501619,12.236512371514118,9.613471213692096,8.60640234149022
2015-07-10,2.3489100652585067,14.329955114716373,6.21010172456314,4.122689521876478,12.261922998357564,9.631335851627346,8.624274597221621
2015-07-17,2.4055158521647027,14.716927922542869,6.33644451080657,4.148713526718887,12.576704701090206,9.855931639370619,8.845672484234198
2015-07-24,2.3547973372805586,14.62720434053548,6.348783609158689,4.172483891168004,12.520246264577263,9.833236643063874,8.805963128704676
2015-07-31,2.3831003343317425,14.553647613639235,6.364222703033193,4.193102900074502,12.475951592019461,9.822972720880973,8.77480900880165
2015-08-07,2.35423065575102,14.526416509904484,6.36529365301118,4.194490494486963,12.45769255019412,9.812830466860206,8.76196673352354
2015-08-14,2.3708734810448653,14.283435660663885,6.327665670548014,4.18144411303379,12.276239990707104,9.705126518929895,8.63434427988439
2015-08-21,2.239661532621794,13.232889008327895,6.233805439274021,4.199918385635089,11.517363671900846,9.308309701814192,8.100597839004724
2015-08-28,2.256076856519137,13.11978753982915,6.22943051346162,4.178449879006833,11.436981418723196,9.244076951265958,8.052419611987705
2015-09-04,2.180338367924044,13.142046033788818,6.192222068839872,4.171146404221755,11.438827558944038,9.24190459717017,8.053503213917919
2015-09-11,2.2273209286366655,13.127238212225707,6.210893582102649,4.174352064450772,11.435407340428181,9.24133000147662,8.05144740594849
2015-09-18,2.224221273908366,13.193032835963301,6.264395696699845,4.204658531378941,11.500954291520738,9.296603880970354,8.096933656027927
2015-09-25,2.1946317958272346,13.140032368278154,6.215374259443563,4.184451903115778,11.445985029433242,9.255525579813748,8.05955880229045
2015-10-02,2.219099384544492,13.332273449013492,6.274995752417297,4.237920510165706,11.601900726139517,9.382243995242748,8.165405957308925
2015-10-09,2.2911346559631887,13.279174839391487,6.244143705207584,4.207210927047158,11.553524828804697,9.332110508108611,8.134466895224971
2015-10-16,2.313212444036314,13.35759917624884,6.275491813423981,4.228750479943549,11.619710243059021,9.384046845138691,8.176610646176226
2015-10-23,2.361463459711948,13.324263503988828,6.310404834407467,4.2410754984570485,11.609425416745587,9.373672137625777,8.168983758319944
2015-10-30,2.3662428538040388,13.275628128883378,6.36338418624611,4.244847641739369,11.594995742086315,9.348122612210265,8.158830303372948
2015-11-06,2.3902554397282914,13.12283609644489,6.424108380413178,4.250539483601605,11.510326611008416,9.287951795595136,8.09925278495341
2015-11-13,2.304904706336722,12.53184158545882,6.2618455693777975,4.195377483102692,11.037442729979167,8.984373078438072,7.766507571040651
2015-11-20,2.381947494832528,12.589718430722112,6.354432785088948,4.230499808639445,11.11084477696014,9.041578929063784,7.818156994512559
2015-11-27,2.38479188387732,12.658308465129716,6.381377847704963,4.247539447896981,11.168691817673974,9.084743923733914,7.858861122330682
2015-12-04,2.385475838440029,12.744490367810096,6.371033522710251,4.235129035368264,11.225887986773087,9.109177233990176,7.899107263688791
2015-12-11,2.2973938451134024,12.089066269396195,6.352855094501331,4.2558741426657365,10.757530501898444,8.854090552251312,7.569547052938837
2015-12-18,2.289773998703781,12.032147440801468,6.330791621884377,4.238528606909205,10.709536525417628,8.814199598528202,7.535776043582642
2015-12-25,2.354567971118512,12.036112891512884,6.329385244138475,4.232436858581194,10.711883402975236,8.808220884180946,7.537427426313713
2016-01-01,2.333848146754562,11.947916870122683,6.301842858448005,4.215678984858692,10.639761632993073,8.756692583699522,7.4866788710272685
2016-01-08,2.197047288796654,12.03674228923734,6.288014411373924,4.242398803078747,10.698355930725189,8.816989696614312,7.527908806990628
2016-01-15,2.1499973893282367,12.09588887407056,6.285201139186608,4.252714375391103,10.73944547334311,8.84508573739926,7.556821504581883
2016-01-22,2.181020250525035,12.101252048140772,6.284869193332977,4.251019786397205,10.743140577138755,8.843741508669144,7.559421568048279
2016-01-29,2.2176531552661807,12.246769975824817,6.3319270889733765,4.28950005527026,10.862569971387943,8.933239695445378,7.643458180272029
2016-02-05,2.151599637323821,12.2911230444059,6.280345375956331,4.280771411137217,10.876323640791282,8.934491950434278,7.653135963447338
2016-02-12,2.136489442111876,12.36615094477315,6.330883026828618,4.314251937589845,10.946937843395299,8.998664013643976,7.7028237174465035
2016-02-19,2.19796309587547,12.39267146062465,6.345001806680326,4.317977181625963,10.970601833975335,9.010213766590043,7.719474907989191
2016-02-26,2.23333686948133,12.402521783729668,6.3255449187834545,4.30951331172932,10.970842799121044,9.00135377260901,7.719644463353988
2016-03-04,2.2944676135807973,12.323748682354008,6.305256579762776,4.30720808643384,10.908055772652386,8.974842844808379,7.675464309638899
2016-03-11,2.3211405983493925,12.264885897811103,6.28841341057296,4.293798055627818,10.860543637405717,8.93822109643032,7.642032348347059
2016-03-18,2.3517534183224402,12.376782076478102,6.352567878676751,4.334745151445242,10.961968818607499,9.020909844842148,7.713400278126504
2016-03-25,2.3372546590131162,12.353871201448852,6.332500900396077,4.324817915535295,10.93880750678428,9.002379790833277,7.697102797991755
2016-04-01,2.3809811318878222,12.490820593170948,6.454266899832449,4.394256232500688,11.077871437581866,9.121307399556576,7.794955271415204
2016-04-08,2.353134173610501,12.550724869696918,6.390513420483914,4.383969193576601,11.0984630136777,9.140960040551311,7.809444554445736
2016-04-15,2.390876613850981,12.539263335361255,6.4516717870056,4.384443214961074,11.11157903508428,9.135973341148722,7.81867365597298
2016-04-22,2.4045700016409937,12.20983050564679,6.323625144087124,4.3148470069461204,10.833921262417942,8.9210927867914,7.6232994876691
2016-04-29,2.374191727734285,12.43693045746551,6.4136016141040075,4.358721943964394,11.02595086374353,9.067880897644322,7.758421307917215
2016-05-06,2.367172543026357,12.49143612125039,6.457850047702909,4.382660420732125,11.079817957667661,9.108951733323087,7.796324942212448
2016-05-13,2.3561258791333564,12.53448089972873,6.615048411982342,4.419338353706683,11.164266990492905,9.148815940815899,7.855747588277271
2016-05-20,2.364526026325517,12.410766984668689,6.660358954982539,4.386799694097551,11.091379070982505,9.064962833909771,7.8044599311121425
2016-05-27,2.419182926040912,12.436399846773414,6.897624644975072,4.415503609201528,11.188669182585159,9.098387443004082,7.872918215049333
2016-06-03,2.4196437303267238,12.21726078957583,6.865797642650403,4.424359746862383,11.020597741055964,8.994959865896393,7.7546545778060105
2016-06-10,2.417227408572617,12.283391253437012,6.902256854364605,4.447293599795782,11.080024486528938,9.042722843844508,7.7964702664514025
2016-06-17,2.3887360702013782,12.855916174769874,7.088697744801646,4.477718470774949,11.55299807398194,9.378556474621272,8.129278602378589
2016-06-24,2.3507976223824905,12.886244645257248,7.024753308752646,4.483187176346849,11.553937802292834,9.396989631528305,8.129939843140587
2016-07-01,2.428062732370506,13.035929437936819,7.1583818658873115,4.534215653929165,11.705248429173833,9.505032259050296,8.236409716461724
2016-07-08,2.459639221738028,13.489171028572724,7.281511304829976,4.5756006962488875,12.071064795862235,9.77634729635488,8.493816767261562
2016-07-15,2.496421100526609,13.854779230478055,7.296014710562179,4.573131976416073,12.33756367582157,9.961052177951386,8.681338969597096
2016-07-22,2.5127305471802264,14.411713678684222,7.4478956599501185,4.645541634709887,12.785649238131068,10.291035523358154,8.996634821841784
2016-07-29,2.511342125633813,15.22576744381354,7.797916573119519,4.766520822255067,13.48356924943061,10.779856743100252,9.487726932971489
2016-08-05,2.5236025447005024,15.260376044336793,7.797550798935136,4.743223521223505,13.507956587438086,10.787498791245417,9.504887107652
2016-08-12,2.5268418496485126,15.648441963857268,7.964769591733488,4.800772722312649,13.840685932161165,11.034262514878703,9.739012442488873
2016-08-19,2.527766566162709,16.364827992872993,8.221394118878527,4.86984605319783,14.436747935379863,11.462528472706879,10.158432064774551
2016-08-26,2.513308210106864,16.40066861582808,8.229465672008887,4.862788947468932,14.464874221839738,11.47602057734401,10.178223154257857
2016-09-02,2.5257998601011447,16.389583197390795,8.230406283284067,4.86708531242215,14.457381460711455,11.473094764461653,10.172950865426609
2016-09-09,2.46692568950742,15.189822216476522,7.745706426680271,4.720971006952888,13.440407917750822,10.765905308056047,9.4573564189432
2016-09-16,2.480433843919953,15.622508674933542,7.844421446161058,4.73786501707635,13.780916223533001,10.98760383567966,9.582808886249959
2016-09-23,2.510891681156586,16.03965555024201,7.960334236527835,4.7712421456326135,14.11599583212493,11.235711079511162,9.70955033929446
2016-09-30,2.514495444170577,16.487826965728615,8.11587330370255,4.827455786826335,14.486677814396497,11.535438081387667,9.862971730472472
2016-10-07,2.499846882029129,16.236694214521126,8.009106713820055,4.770503848082755,14.27203571554062,11.365317579196889,9.776389119137638
2016-10-14,2.477527710416,16.01169646233218,7.925167275588698,4.747207072519047,14.083894074725979,11.231868965785122,9.700727324664214
2016-10-21,2.487525132895625,16.042091881839553,7.947493137192443,4.76865458595029,14.113215768800755,11.259109617986663,9.713518199727952
2016-10-28,2.4707847182049183,16.407541686082528,8.059422202424685,4.788026162707771,14.410156374789562,11.462495077542298,9.84594117017701
2016-11-04,2.4244007472322737,15.805487437348537,7.960414658903067,4.797683550437375,13.951683220747707,11.120505475168258,9.649507187526538
2016-11-11,2.515890288798312,16.893073874382857,8.058853672047995,4.698241485346315,14.754089479159095,11.50108449635233,10.15835338033837
2016-11-18,2.540070703621624,18.525585167139006,8.218263772086802,4.68601134102204,15.952934502879547,12.305301372751272,10.753631737592686
2016-11-25,2.575178022950705,18.84583826232909,8.253811980638003,4.68293532017088,16.187326425433938,12.460934496401455,10.837943066788812
2016-12-02,2.553787504579036,18.37469647275361,8.166504243832634,4.638874295779512,15.829299081476893,12.199537503437483,10.70777408827099
2016-12-09,2.6331865279391606,19.68804866147036,8.403898814282284,4.743257162705266,16.82636100287446,12.914928710748576,11.065711166631223
2016-12-16,2.631517562776296,20.088544522974658,8.462717783660963,4.750445423176325,17.12370582277711,13.114862325805266,11.164933107786773
2016-12-23,2.6393522716159468,20.944778664872906,8.668081581950496,4.8381088060414745,17.79065626068434,13.592077141327126,11.390132140019654
2016-12-30,2.6138600978297433,20.392082287700408,8.583534135436565,4.818553503842676,17.380330553498688,13.31176894274239,11.254833562530596
2017-01-06,2.656892256333158,20.375101254699327,8.589779513144913,4.825140513764745,17.371276943857602,13.308238731659994,11.251546196393829
2017-01-13,2.6550221036875934,20.123287554503257,8.503053795911358,4.8130509345832575,17.164441356103634,13.177595373360912,11.177864311975366
2017-01-20,2.651396585075577,19.752270993100122,8.37940413154513,4.764895045448653,16.86133907020573,12.963304692944334,11.04174279369125
2017-01-27,2.6774734664582547,20.93682022015967,8.780425083381772,4.863097509120975,17.831641318267806,13.609074547378526,11.458771889706444
2017-02-03,2.68180013691523,21.84266997877121,9.08893982141222,4.9439490764244765,18.574129077886457,14.104345004908446,11.748973059922424
2017-02-10,2.707175244864435,22.296446799014472,9.2474619070648,4.992803166853128,18.947609277133633,14.357720295925297,11.909284605252315
2017-02-17,2.7490379881749,21.84386047261355,9.087145856614933,4.955924781936358,18.574216394605298,14.11410972739182,11.749949317512867
2017-02-24,2.768332302877705,21.98319196836086,9.147923389795686,4.9942361074597805,18.693842261282434,14.209059679187336,11.80138695264422
2017-03-03,2.787977607895334,22.005346656996313,9.125633757506955,4.954743532107517,18.69979390230092,14.190808642451595,11.80382359202155
2017-03-10,2.7794411256222102,22.26490602202714,9.19366774858192,4.957694505004174,18.904118969229405,14.317174437337878,11.898701942598391
2017-03-17,2.783781678222688,22.588925892135304,9.303908587024758,4.997094915149298,19.169535434792206,14.50113140657164,12.027598278149368
2017-03-24,2.746551634114767,23.12387360504949,9.478284837247132,5.062392871090238,19.604552851996917,14.80483253472444,12.26334914532425
2017-03-31,2.7686312869534366,23.65138661529939,9.622482539534623,5.07869300783237,20.021963057594355,15.067730598122669,12.523631164293041
2017-04-07,2.762289012138381,22.796421174779887,9.365285703178024,5.017041415986443,19.335886065797958,14.616388477833928,12.094493663097484
2017-04-14,2.7306959470771255,21.715058849606816,9.060964558706832,4.9696460604054264,18.476407580474657,14.066307685988855,11.55689445202754
2017-04-21,2.755124790110277,22.45484645323404,9.2271865515723,4.9853176739755805,19.047714568923084,14.427041138722942,11.849853638436379
2017-04-28,2.796113165576261,22.872197285948467,9.338930139189092,5.009277607242707,19.37704979622365,14.643138196134467,12.0038441651601
2017-05-05,2.8151389540405742,21.840213174637704,9.007746681413764,4.914297924197622,18.54015849769003,14.081228140279471,11.619217813447685
2017-05-12,2.80668286388206,23.534123514995905,9.49283583635041,5.058277612986359,19.89014799376143,14.997333270366004,12.159710416982243
2017-05-19,2.7988150036549406,23.71268914896804,9.566322455966866,5.098291076880433,20.041676032681966,15.112370206026267,12.204791351733466
2017-05-26,2.8387460570568526,24.22598570112247,9.696571810930733,5.1071833267893645,20.44329148784822,15.355929435568104,12.327697829015284
2017-06-02,2.867636662450916,24.587338863284007,9.81660395483393,5.157025851967623,20.73784068459543,15.562948678599291,12.417142977440434
2017-06-09,2.8587108585712073,24.57679526393509,9.80555463946264,5.146710823151812,20.72605569712862,15.548676058330901,12.413095060545972
2017-06-16,2.8635642216965884,24.420937358254783,9.777777222740971,5.148817953371129,20.609151107662708,15.481531517827246,12.367387566924284
2017-06-23,2.869347066848115,24.97496480839116,9.925338146842952,5.193749691866742,21.045371871475773,15.76374911697066,12.535898456026114
2017-06-30,2.853650920862665,24.31833681713498,9.716761460365165,5.107861620735242,20.514251124137218,15.39785699412077,12.33315126129093
2017-07-07,2.857309383665979,24.5566641590292,9.760981153239378,5.105521081159832,20.693742456196954,15.502694796481547,12.411149086739712
2017-07-14,2.898025088970036,25.86787125563495,10.135100128509885,5.222419749460151,21.736281560601938,16.197479763596693,13.034726479031502
2017-07-21,2.9136035475299726,26.04645292481919,10.205236047639021,5.25864221603774,21.88641198896168,16.309354010455714,13.11836413967134
2017-07-28,2.913957438591199,25.46928043210076,10.030013579641563,5.205833378464544,21.423245867258903,16.011193870391413,12.855147466747827
2017-08-04,2.919858592756753,24.996594959878443,9.884841985924439,5.178729364875977,21.043140850696297,15.778269972498617,12.65801965482535
2017-08-11,2.8810312733613683,24.24568161015472,9.709305778259612,5.140198096954271,20.462641708512773,15.415380459943412,12.371399231321726
2017-08-18,2.864390727225411,24.60698833557356,9.790403788815002,5.14871862232317,20.740749626503778,15.578325142817674,12.498505520873035
2017-08-25,2.886223816619785,25.088114675627,9.908647240259732,5.169125012458028,21.115250070106768,15.808295216942575,12.674209577998122
2017-09-01,2.9249330341973137,25.880590347849907,10.09344339412669,5.190266289525688,21.727553060309514,16.179653352937503,12.973030564608669
2017-09-08,2.9100629793483432,25.560157896008484,10.025484257544548,5.19350776298394,21.483064552669465,16.036210487301528,12.860572087879898
2017-09-15,2.955460489347631,26.16735424415746,10.118853044155237,5.164969850402837,21.93130501112409,16.263863202857856,13.127080978451104
2017-09-22,2.9584248449758244,26.25901646620869,10.132837085342468,5.15093894497864,21.998818246474993,16.292458747709862,13.164632347830382
2017-09-29,2.979654993510616,26.610820264021772,10.243788325660692,5.162981203200264,22.282768120674866,16.46582245954953,13.334153118230054
2017-10-06,3.0168964334079793,27.07398126977921,10.374757806882876,5.189819960832576,22.649995155455134,16.703687252943944,13.553904160129123
2017-10-13,3.0237753463076813,27.03092008105638,10.378887838740644,5.209084295650899,22.62297139507342,16.698238245319725,13.537732966460156
2017-10-20,3.0493928737777503,27.369063209928427,10.434979551683483,5.17962629636579,22.873800236248798,16.827271625514996,13.687830573570174
2017-10-27,3.0565104766672246,27.72441171661016,10.533847217470376,5.199606923342357,23.154718859670343,17.00784008099186,13.855934101739539
2017-11-03,3.065285648930122,28.25979095806622,10.706083107085249,5.258856514589655,23.588135345817367,17.304230982759076,14.11529334108321
2017-11-10,3.0610167862050446,29.621307786635025,11.058465540029882,5.339314494086147,24.65251171049794,17.965563884395095,14.752223068360111
2017-11-17,3.058288634212563,29.74403209951992,11.100994608440734,5.358679634817637,24.75318289511624,18.03647021772738,14.812465358861196
2017-11-24,3.087939649556683,30.23993110120069,11.220708517337934,5.395498854227347,25.136700323618296,18.274713469752566,15.041964678131652
2017-12-01,3.136566933480083,29.182550731863106,10.932297977852926,5.319292400833108,24.304290815192083,17.76621118241184,14.543845423723255
2017-12-08,3.149020044986433,28.83490685162393,10.830729555058555,5.29507272119953,24.027495464846222,17.597781119841734,14.386179314857136
2017-12-15,3.1770371113207005,29.417718100880723,10.987159362230424,5.341672827378127,24.48539529165307,17.88614191388034,14.635352810443832
2017-12-22,3.1889581430581817,28.95317426851125,10.84000858265689,5.2812225946520215,24.110474420839708,17.631812660444755,14.434301578754642
2017-12-29,3.181209420629777,28.475152552719162,10.733138700517868,5.265000813854066,23.744453767616186,17.417424062365356,14.248718936381263
2018-01-05,3.2594100213329176,30.00213374846527,11.154777896462821,5.358185949326455,24.949594536881573,18.127505200877195,14.852962379782962
2018-01-12,3.3130553893381824,30.598049865481002,11.304544537384245,5.379039438011197,25.413013339482397,18.39017852973156,15.070382467136524
2018-01-19,3.342736655323367,30.988491178992692,11.36528482195073,5.379459667553928,25.699715711813983,18.54778611227292,15.201115719631547
2018-01-26,3.4162877739340587,32.27167883140746,11.686940081064005,5.462216391474773,26.696482041191764,19.165814482308896,15.658723027908877
2018-02-02,3.2836097054001945,30.758786300018443,11.214041709799053,5.320540136081975,25.479182571225486,18.387545011700094,15.06210595138497
2018-02-09,3.117314058011613,28.98753778091898,11.015526234928364,5.289901739804166,24.215025441506267,17.613613848308017,14.568279524307991
2018-02-16,3.2557142632187013,33.05945969147903,11.267320451019067,5.354428539729261,27.046535547860476,19.161809338725465,15.526764186358681
2018-02-23,3.2747879139986704,34.20412786097304,11.355838601624018,5.378638537234362,27.838098329317045,19.640660361876986,15.697857701356948
2018-03-02,3.207673551657321,33.49089290209144,11.312721006803551,5.372116650323264,27.352490172144204,19.350953878190293,15.591203528046975
2018-03-09,3.324378660120373,35.341021601689796,11.439341867318364,5.394689968454679,28.622357266906086,20.087606605874612,15.87256078808801
2018-03-16,3.2817990180559033,37.32041656841789,11.682893672870582,5.523734256888215,30.026558345900046,21.014841578943354,16.167881673822748
2018-03-23,3.088506123890051,36.33653302357264,11.604996862598979,5.47936111337171,29.353144959836005,20.59107821784434,16.033036565275193
2018-03-30,3.1495463232624936,35.941300649529445,11.627282328688777,5.496929030744054,29.108938655118855,20.49884093904462,15.984579837631607
2018-04-06,3.108494131375634,34.875517965766505,11.55535556061408,5.4760643536422196,28.38226898379678,20.111069433078967,15.828453716222805
2018-04-13,3.173482453799398,35.24527897589976,11.549806695501468,5.465592724164168,28.620227313488765,20.212003725434762,15.884156696149699
2018-04-20,3.1909575861148727,37.663409820550044,11.6510461778304,5.454656049286834,30.241017934651982,21.062141353647416,16.494310116364606
2018-04-27,3.1903596179634106,36.14557203367547,11.447465884951125,5.433640475699974,29.160250378045816,20.483855598445654,16.139377704091025
2018-05-04,3.1838965477802663,34.50753797637959,11.17450963965796,5.352355140481441,27.963904744000104,19.773160474531103,15.769339008590133
2018-05-11,3.2656422749808134,38.74516485453075,11.95205432398942,5.407181727539561,31.100087116112263,21.397683002567803,16.7526384867983
2018-05-18,3.2474500367151613,39.41559929708638,12.037853229387824,5.418934212750622,31.57520554135239,21.660743081221785,16.851457261442995
2018-05-25,3.257264090582851,39.15316947625736,12.068592956117328,5.470991048277421,31.423102134510266,21.62981471655883,16.818879521513935
2018-06-01,3.274619049118752,39.02137765716846,12.060600365442747,5.472169367290342,31.334308851889066,21.58312403893573,16.799779141048276
2018-06-08,3.329554627685055,37.13168877284133,11.730943482708525,5.367769943210216,29.948962076791343,20.757022550522823,16.49173356198402
2018-06-15,3.331762302894282,38.9817695655587,12.195897502583728,5.46992800033366,31.380081929085616,21.587399842480824,16.79380180870079
2018-06-22,3.303028752198352,39.79335925212315,12.40543461900943,5.5214218720785855,32.01055166676546,21.96034263725157,16.92580475700841
2018-06-29,3.2614310127914625,38.54581527036613,12.148830071541143,5.471036740858619,31.075229805370142,21.427371072911818,16.721945065421725
2018-07-06,3.311204298740413,39.84931977492706,12.329548208305603,5.503492952346013,32.00828664428028,21.92919609673714,16.9356106401049
2018-07-13,3.3613370700472243,39.60120423077991,12.288499393546886,5.500066288713375,31.827522995479104,21.834772130240886,16.868326811138086
2018-07-20,3.362418426867209,38.577899764640435,12.106090212940808,5.435387355790666,31.075032200896803,21.371971758966154,16.594878581644018
2018-07-27,3.3833381955368282,36.65059041270415,11.72278642605644,5.321603084312325,29.636177402711684,20.498668698758745,16.088802767176343
2018-08-03,3.4095474752732082,36.55432148980816,11.70548394146951,5.321512800933472,29.565147997202637,20.460143188106425,16.065609354146087
2018-08-10,3.40425713542176,37.11799734857766,11.85642967653995,5.372989265329763,30.00610750867344,20.74117080473644,16.22081547911962
2018-08-17,3.427098855779862,36.35574795078634,11.716248143322764,5.3680962189868335,29.44215034508338,20.447246869147918,15.980009900928795
2018-08-24,3.456553863545573,37.53947630592569,11.980625577459625,5.444850725334587,30.34187677702948,20.99409812565378,16.39179103364705
2018-08-31,3.4902166111657187,39.064538108513624,12.277164003205902,5.51646090545292,31.47812817451936,21.649828566134914,16.864477821558324
2018-09-07,3.4576352203655603,37.896425952648876,11.979534163993964,5.439006667407355,30.57246678011876,21.11699694376761,16.50822460180966
2018-09-14,3.4970694173477894,37.40333329899209,11.85323078345362,5.3997650459400575,30.189750785072835,20.8828290704994,16.36435540916144
2018-09-21,3.5263060403485538,37.635949851698314,11.886998258241256,5.394173291304335,30.35713892328926,20.964886480077872,16.42887517299516
2018-09-28,3.5109689653286216,38.03780259307075,11.98318203358569,5.420808506122157,30.66556089479421,21.152165984282128,16.575518753734215
2018-10-05,3.475946596429927,35.56175148519568,11.41826234064508,5.250063749906702,28.77940842984238,19.99471570913235,15.670614335687157
2018-10-12,3.3325946099159123,33.91063621425496,11.079154123498478,5.182229827938536,27.539413942850757,19.256841129889263,15.237046731192033
2018-10-19,3.3362153630159805,33.05275541701165,11.00097088788993,5.16074922320212,26.94310396678978,18.93777303989121,15.041023181557506
2018-10-26,3.20433790048948,33.2281723213177,10.851373282402088,5.162033454019532,26.984138498224524,18.99821854790271,15.055609418622092
2018-11-02,3.283562050280709,33.02793542957509,10.920151046028135,5.158237148259056,26.888203209675883,18.935611128078605,15.009936994201905
2018-11-09,3.3544525628508866,33.158711229747,11.0340703457151,5.192950229900212,27.02944736996875,19.03164971296053,15.074891275148321
2018-11-16,3.3057836324969783,33.39959314679473,11.033883984548524,5.221830611831936,27.186409394336142,19.156137137306015,15.14385202024756
2018-11-23,3.1792190942046403,33.32222545390046,10.900855915735608,5.195249688471194,27.070432970716343,19.08541811472875,15.092820132967232
2018-11-30,3.3289709560694387,33.61832205336217,11.080295955395714,5.259560544670456,27.351957541198704,19.291326798228177,15.223342168394893
2018-12-07,3.1830828884140874,32.87489491974449,11.134536678884297,5.306279623488398,26.894732761830912,19.142524835377166,14.967597429905378
2018-12-14,3.14564461215363,32.76140171598518,11.12708148138558,5.299483523644945,26.816840818048973,19.0991003432431,14.924248597705214
2018-12-21,2.923861001205053,32.78176132459145,11.004574473680302,5.275236921435776,26.771073467861196,19.050406180068673,14.898777912455783
2018-12-28,3.0095003588637694,33.046415322452134,11.125326834019758,5.326498834279773,27.002715313960092,19.224379309589715,15.027692444941822
2019-01-04,3.0658637262491033,33.27733311410024,11.20978038485203,5.364112786515964,27.19465790529474,19.359456721645344,15.134513340400844
2019-01-11,3.1459150031576697,33.29824339353619,11.3333155660498,5.400750020089062,27.268222002922503,19.4494021922243,15.175453617009552
2019-01-18,3.236776740323525,33.18152363703741,11.373993486804023,5.397821908601388,27.21129912947772,19.41462005124134,15.143774601574822
2019-01-25,3.2285166577434183,33.28855666030813,11.397546344951865,5.412027506069759,27.292783737786607,19.469687469801475,15.189122842239696
2019-02-01,3.2805069427293208,33.48320736875114,11.600875671706502,5.497484591163441,27.517783996372618,19.68338445476498,15.314341163684388
2019-02-08,3.2854879386964537,33.635939200862694,11.625657086327351,5.512249743947497,27.629946583141532,19.754549818519468,15.3767624734747
2019-02-15,3.369304177240578,33.67254509959774,11.726025271473057,5.5501896225349,27.7016767031163,19.8335786127646,15.41668209524186
2019-02-22,3.390804095190894,33.33442124273426,11.670018396477818,5.536803357369362,27.452657152409934,19.701081652849705,15.278096431641647
2019-03-01,3.4063535462867964,33.73064671370592,11.721580631018147,5.5304826149049475,27.73793386900445,19.820744143898803,15.43686012295342
2019-03-08,3.3339560959600063,32.27327689529036,11.4296873728317,5.489668163610176,26.640943684688228,19.249685776819614,14.826357404491564
2019-03-15,3.432216186827959,34.27115386098661,11.65603252884583,5.540161156888085,28.06565481787176,19.9487135192891,15.619245100541075
2019-03-22,3.4070822552225866,33.95416263229419,11.709158768222318,5.5662845159158305,27.883501375062604,19.882909659147543,15.535306189694664
2019-03-29,3.446492624645073,34.5750390493773,11.792014316317717,5.592005795423847,28.330809608510407,20.113908345476947,15.735821522770554
2019-04-05,3.520795036574268,34.95838784866364,11.77750912852549,5.564072828248755,28.575077392319365,20.195522407804233,15.843381019699288
2019-04-12,3.5401931565590847,35.242501533606664,11.803211655959533,5.563820593526598,28.7733107192198,20.29280448621774,15.930401327729765
2019-04-19,3.538485445712116,33.94817015640118,11.511667920624037,5.4945785046625595,27.78571822447809,19.73433611902001,15.497421467908891
2019-04-26,3.579847188679464,34.867112763137285,11.755749244037808,5.56625087478532,28.505225660874416,20.16305555167453,15.779442595673956
2019-05-03,3.587409848945703,35.324985878062456,11.85986892877051,5.5836664196593615,28.855163393019033,20.349215269689903,15.91069109844131
2019-05-10,3.515059432149884,35.66977193923594,11.96347911594542,5.624623057687468,29.13088599953753,20.52874933226537,16.035199992164284
2019-05-17,3.4874857656230054,36.53156158257071,12.118888823818313,5.667307799120195,29.76956606067128,20.881852297197117,16.385374337027162
2019-05-24,3.450151709036903,35.400907089467985,12.035948634074426,5.680355445024088,28.99160411565595,20.53792707386798,15.95717872063629
2019-05-31,3.3585233460358404,35.160723423778975,12.108858692042748,5.749824969890631,28.869309828029955,20.577359109566206,15.89235795672655
2019-06-07,3.5095695623851095,35.47403968074729,12.375535904051217,5.813821052669005,29.20221244591707,20.78441740231763,16.06786107834084
2019-06-14,3.529213417029536,36.31931208418495,12.444236876809624,5.831983653190383,29.791213369505705,21.082752000043804,16.374982258956603
2019-06-21,3.604490686946475,36.82226033117293,12.505310347360233,5.850625852943718,30.150450893357654,21.28235995443135,16.572013513459517
2019-06-28,3.5922304750759575,36.34099205505693,12.49046347756079,5.841438768449986,29.82797976652286,21.094763935816964,16.394769203233164
2019-07-05,3.6591714142216136,38.11672040590424,12.707777064358265,5.931121073945181,31.097613969600108,21.854566920342258,17.09261598651898
2019-07-12,3.6860211373246496,38.5996724951943,12.78598864135276,5.937201437041611,31.451074790100943,22.024878478437707,17.2805294220934
2019-07-19,3.6433553016527624,38.74946851477605,12.839807404211436,5.967341514034957,31.575193135309824,22.119517986624373,17.348342605811325
2019-07-26,3.702694213259561,39.90454101285392,13.061100967046151,6.021002298149463,32.43694389639272,22.606554986375222,17.82179765833146
2019-08-02,3.587571876351955,41.94064002211424,13.57087960383233,6.147234763517081,34.01414565335465,23.503085392380285,18.688358042957162
2019-08-09,3.5753124932661247,43.040945572311,13.752654165492169,6.212142336057868,34.81908184571485,23.960819719335998,19.130613330444543
2019-08-16,3.541351797551107,42.06346552040434,13.80067659949517,6.2718282674182175,34.210643855755755,23.758596888732924,18.796319853866475
2019-08-23,3.492310950069037,41.46839298500485,13.768413242003055,6.271401831019288,33.80740001785723,23.57592498863413,18.60128429721351
2019-08-30,3.5854878972572197,40.12514458790611,13.648736163827,6.26249705836974,32.87242220558558,23.191246397279357,18.154445586036367
2019-09-06,3.654145249489054,38.18552560185632,13.44757166006223,6.211427049947646,31.504116192157607,22.521347932327362,17.54092927685112
2019-09-13,3.691415282458109,35.80708716472685,12.92231569558548,5.976238096734722,29.688062627994913,21.361290583219017,16.85597036291092
2019-09-20,3.673852091769671,39.38972359441625,13.632791836037105,6.231539487534716,32.39064328824471,23.051077750364108,17.719925161354478
2019-09-27,3.6383813503554654,36.25357249065704,13.139635207142028,6.2009549074167785,30.092943408099803,21.87323437543483,17.195220698140194
2019-10-04,3.6254477509269964,38.426601434161455,13.556846296415829,6.31774297745135,31.726927598710052,22.849619436102696,17.57224842408203
2019-10-11,3.6492185389188996,39.10942098865418,13.490184684111602,6.233544455443199,32.146628491944924,22.971518552249304,17.65883652348951
2019-10-18,3.670033880717993,38.69907723658256,13.414320656235958,6.2295126223948785,31.84061594723276,22.802549333271067,17.596542047067015
2019-10-25,3.7147430850349665,40.126993755799994,13.74713378466892,6.293016596213943,32.9384340749809,23.450684720466544,17.821372523864024
2019-11-01,3.770662016632051,37.6391052658278,13.079486886034864,6.188850302802209,30.984663388737577,22.32151489874584,17.435655346215984
2019-11-08,3.8051494050154737,37.16075241016624,12.900274860747489,6.09319984760473,30.584723900123105,22.0192908454216,17.35650380138121
2019-11-15,3.840251751636436,38.095346254419184,13.182894289450864,6.179548961429002,31.334083790388465,22.51063924643219,17.516997953923703
2019-11-22,3.8300295213105406,36.90979966996145,12.853130705933156,6.1326336703869355,30.397184790157826,21.95781095012144,17.269316876538447
2019-11-29,3.8712905669384527,38.78054256367695,13.308645241425655,6.234784585191327,31.845094153265798,22.838445099573818,17.73167470008593
2019-12-06,3.878187298708919,39.86617341367907,13.556745656648681,6.277112809922585,32.67696200785767,23.328581478951058,18.001793295762962
2019-12-13,3.9083641779367566,41.2147848950719,13.944865202798534,6.357417179729885,33.74836830365683,23.983902542178075,18.337523566569143
2019-12-20,3.969785825461261,42.50392487401475,14.28665772004979,6.39851966046121,34.75825004515069,24.562282748652812,18.641017464458294
2019-12-27,3.996150295130227,43.246527164706784,14.504854069526584,6.452982990128072,35.35022845686963,24.93175527153104,18.81865614249241
2020-01-03,3.9905800332508417,45.41288310549081,15.125942600492383,6.595473547210546,37.06956823909483,25.98629093927471,19.559941723523263
2020-01-10,4.031425443358367,46.15866509843777,15.326200144200639,6.62597423407066,37.654717752776584,26.32648488986746,19.820772248837002
2020-01-17,4.108661131490005,47.335201180491,15.648116668225422,6.6874671163904535,38.580697274529506,26.874469147828474,20.22970604246615
2020-01-24,4.0693004891487226,47.97837553997286,15.845549837023498,6.763972099721587,39.09742327617214,27.22157001646894,20.499022880672918
2020-01-31,3.982163724757289,47.66376115921707,15.870650580599031,6.809028287818167,38.904656250664765,27.164124139748623,20.397953926880174
2020-02-07,4.1117553991178415,50.618362143975965,16.146002444270948,6.817498696241075,40.96869998759389,28.166173756131094,21.480144931927967
2020-02-14,4.178591911392972,53.70292761885843,16.45095602631179,6.861209155121645,43.120425290313825,29.30408264052077,22.60830792880405
2020-02-21,4.127598447189011,63.28307221959196,17.667564819626346,7.329532847754361,49.91143874803935,33.31166627052372,26.054869093470472
2020-02-28,3.6669126775878387,53.230693623612176,17.286038044887228,7.386894001560594,43.35195285265454,30.301028758899363,24.625171069376105
2020-03-06,3.681765327958389,54.59393181128831,17.80982420176328,7.607078019931626,44.502838512744276,31.148203655199275,24.793561291407574
2020-03-13,3.333466077013989,52.8327890578617,16.85433800965916,7.256545802379623,42.87667863782495,29.887308760125848,24.557437310370876
2020-03-20,2.8485895327809216,52.789583686230536,16.71109535247601,7.229764002815051,42.77569443729865,29.810359512021623,24.54276574999032
2020-03-27,3.155111198041416,54.09140462204001,17.334089940972333,7.467881275639574,43.938446684940395,30.686112964046735,24.710194840903867
2020-04-03,3.0899977291299585,54.424297576507286,17.37125226598427,7.493206673870585,44.17358560299425,30.82398661029097,24.74348876907141
2020-04-10,3.46362588327728,54.688718356800536,17.59783634619962,7.56437956704617,44.46045895978138,31.062624391132285,24.784488000670954
2020-04-17,3.5687050073513205,55.176097593740856,17.961465664462015,7.701277291573428,44.96109721030904,31.519180791659874,24.85716557797046
2020-04-24,3.5230124500035642,55.26451995634841,17.99409335997234,7.701349524710874,45.03507225177289,31.538467428810502,24.87172384830684
2020-05-01,3.52077307378007,55.13807689607104,17.95228771287171,7.683307348026937,44.93171522770415,31.464460065864763,24.807150770774683
2020-05-08,3.640915359535085,55.25284048430414,17.982185229636453,7.726429936557439,45.021494159869725,31.599169933041704,24.856718420150713
2020-05-15,3.56422335415793,55.30832041132968,18.121166133995306,7.793809803426436,45.127203577236955,31.758783706881953,24.915081414780012
2020-05-22,3.678265784618751,55.456710250855814,18.293548418384955,7.837659501744898,45.30987077754181,31.89754956431917,25.015933402198552
2020-05-29,3.7888231754719515,55.647975753840825,18.233236102016985,7.801228863358227,45.40496132565455,31.87050828417432,25.068433636208177
2020-06-05,3.9758243506886366,57.20303357626091,18.144696682926412,7.712132506122042,46.375688400957976,32.18202611768657,25.604379633201354
2020-06-12,3.7874548519541924,58.369959891342184,18.42787954483875,7.835174325213159,47.277251000764494,32.78879968044359,26.10213938328768
2020-06-19,3.859518509248408,61.44604982489447,18.646829629621433,7.990787436641351,49.382504335988514,33.986747197660826,27.264466185923897
2020-06-26,3.752100969180813,60.61516062987065,18.649971214776322,8.00254174527093,48.84984868002225,33.75685000582967,26.970382839684007
2020-07-03,3.9044104605888013,65.29946995240954,18.86904201326532,8.071013733453011,51.98420325766959,35.1404880346767,28.700884472722564
2020-07-10,3.971436350164845,72.02682728275396,19.29639808659864,8.178576135242047,56.50352263316743,37.473704666765215,30.77618683457698
2020-07-17,4.023082067917247,78.94055342406669,19.84875866386911,8.451679903910817,61.165380959053216,40.14835763184885,32.3438636868689
2020-07-24,4.012577636405529,74.00465269526742,19.468126366280497,8.286081426211087,57.87076262723119,38.26779902145594,31.353453684212578
2020-07-31,4.083106384459955,75.28981607278686,19.66808604267749,8.355641181754189,58.79356364375047,38.81006143675429,31.56727533113931
2020-08-07,4.1837697437232,75.28066093436125,19.65873185518325,8.347598374325596,58.782248468473355,38.793687883199496,31.564633297467292
2020-08-14,4.212156448027741,75.72212359625759,19.690417601285827,8.314238966021884,59.07692742030158,38.89646858201769,31.630937243945038
2020-08-21,4.245169842845848,82.2664633443333,20.921914312481785,8.588483769790887,63.90030094652261,41.615235668552096,32.712134059574495
2020-08-28,4.3839734589991926,85.50141105120521,21.504710383558674,8.668786304564199,66.26637735077631,42.85850647906284,33.20366021634546
2020-09-04,4.283809028117349,86.83059276739002,21.720230386408275,8.723119352983787,67.22327110387154,43.391145793286505,33.40321783404101
2020-09-11,4.177391416774271,83.70827058393309,21.552772887660343,8.716851154208287,65.18548942098147,42.507977697600374,32.932608667349626
2020-09-18,4.15130210362129,90.43664686653078,21.96119541773189,8.7835603926813,69.62356990023827,44.634360361624076,34.07085477211461
2020-09-25,4.1271960722236125,92.82980808982296,22.17945271546254,8.834450465620412,71.2356977530283,45.51946179203495,34.51561625210004
2020-10-02,4.191352294821919,97.7387462382631,22.788592782095936,8.86638373252486,74.64032206902866,47.149280275329915,35.451080699190534
2020-10-09,4.354693324802376,104.88343667904897,23.39127349713434,8.892264182056834,79.39955356679442,49.526001724186415,36.760094049518194
2020-10-16,4.360216760346963,108.65124533755812,23.787698984219812,9.01127192678788,81.95031122452889,50.9669877953519,37.44469829330289
2020-10-23,4.341258310638446,104.37492993015988,23.28021283208699,8.848260108550846,79.02006880269775,49.29664807359484,36.55314403644468
2020-10-30,4.099702383419002,97.19789465083144,22.49673907297404,8.626597868794395,74.14086021365952,46.48232057228352,35.353209981908975
2020-11-06,4.3962502465634445,108.98576300690256,23.169940418080717,8.774758886341045,81.77686629195613,50.60288718100204,36.8823593868938
2020-11-13,4.495935639896369,102.9594765788711,22.799298074021838,8.58895786032729,77.8972620451859,48.222627013213234,36.21752465467964
2020-11-20,4.461158176872598,111.16548388090949,23.296936106221917,8.846275451723727,83.20345026350945,51.54891555434517,37.09501801503145
2020-11-27,4.565867248584022,125.84324408058146,24.068586316405955,9.24947683612811,92.5420751406442,57.37444738997333,38.505874217138434
2020-12-04,4.643456827776884,129.12361713336566,24.152652393836068,9.276581760756224,94.53623915084279,58.607206534137646,38.754928620525504
2020-12-11,4.598886859287279,129.12377264657823,24.203310987173122,9.319270818442277,94.57595524633857,58.64890569804386,38.75981048920703
2020-12-18,4.65480289013796,127.65307808330272,24.00520807651096,9.258821043581523,93.55932498020668,58.03321574363849,38.63246005940145
2020-12-25,4.652532848881058,122.82746666650239,23.40257778353049,9.153611478409552,90.25995793342581,56.1588173338381,38.20074199145402
2021-01-01,4.71406306719952,120.96839778179991,23.124691161009487,9.11547144274126,88.95264562259364,55.42613715188122,38.01257612604537
2021-01-08,4.807112795938293,130.82827088203805,24.61575593932237,9.27476613685245,95.89981293973852,59.314783101674855,39.15540736828239
2021-01-15,4.73701087199752,129.60483956675338,24.428889475044866,9.257101228703002,95.03674390451827,58.85281790260739,39.01568946714869
2021-01-22,4.827538194542287,134.63578117812372,25.015588475471045,9.382820367017414,98.44429304972678,60.83227466153484,39.58517577500234
2021-01-29,4.6660238060113395,126.0816814781817,24.00643644299784,9.19509364480669,92.64590253980937,57.40717418230214,38.22520875166664
2021-02-05,4.888437707714162,132.32360804639012,24.264829948332487,9.196967994484933,96.51408726811695,59.66682719185912,39.009760295967155
2021-02-12,4.950597802394525,133.73699374788427,24.34138927165536,9.226295752521736,97.39959080930828,60.241166528090645,39.17473826765693
2021-02-19,4.917690077623973,128.4094586869816,23.817551275995765,9.0410559633354,93.8760765978982,57.98857744822266,38.51401444498136
2021-02-26,4.795765490400188,117.98387111481406,23.06726363421812,8.761195014022455,87.18637356791967,53.61495861145722,37.238013235639535
2021-03-05,4.83699587099469,108.52703699910566,22.353364068522506,8.597823661189395,81.05533336203577,49.75190623405469,36.19496174990172
2021-03-12,4.9685024523738885,117.44024064310338,23.205700046124825,8.639261766401164,86.99851808994379,53.42897478787099,37.39295523211753
2021-03-19,4.926840274957608,111.1104151294055,22.55791035513585,8.529669649730819,82.76116771279749,50.73754589701975,36.72399568242501
2021-03-26,5.009062346156843,98.94325191191417,21.61987625571104,8.451962179977894,74.82165551737101,45.624632138764596,35.38999789313428
2021-04-02,5.067630488005,103.09868969860766,22.245615795155008,8.55973844122687,77.76851410240653,47.43758198018074,35.87262981742996
2021-04-09,5.205260130649618,102.35881629376796,22.15680944272883,8.55237317692965,77.2599066030589,47.11744645338631,35.79075576129294
2021-04-16,5.278249954831234,109.43483685501243,23.34793314885365,8.780969059141635,82.36316355429153,50.24265832742865,36.629908708324365
2021-04-23,5.271671890772808,112.13081459491883,23.914912069246146,8.863866200544654,84.38642248459672,51.431449220806975,36.90898265552905
2021-04-30,5.2787559278824725,108.20541052432472,23.209571037308542,8.733777686040385,81.5252537360513,49.7028630409051,36.50013196432306
2021-05-07,5.339726716537403,102.61146894474035,22.28778580694848,8.613117906691986,77.50580538198332,47.276101477429265,35.86849429498567
2021-05-14,5.269649241744891,98.58627559461877,21.427527978240917,8.483409233600833,74.47519933676915,45.49651435650882,35.32683777655153
2021-05-21,5.248902274682451,103.33209110933765,22.367132166930578,8.622280344994714,77.99641461399118,47.574863045235986,35.980830138666
2021-05-28,5.313416946657759,107.30211160325142,22.944544735829762,8.677975249390286,80.796260514377,49.27620130039924,36.588658126568234
2021-06-04,5.345800465113967,107.84774771011419,23.05380688920865,8.71332197652768,81.20188900167031,49.52264442103694,36.67595056426208
2021-06-11,5.367430087867753,110.27077093658009,23.49786637917951,8.793776663146994,82.97416335332161,50.59262535306231,37.05896122530374
2021-06-18,5.265821085276972,106.93943089826612,22.88890742866191,8.70508434653623,80.53868549952476,49.133277924677806,36.450258080771455
2021-06-25,5.414180174475752,112.53547908135066,23.475960161747288,8.722259151505938,84.32310292836343,51.20810819426376,37.40339581049602
2021-07-02,5.504415764810797,115.58329640767498,23.890707404358768,8.847377606094852,86.44791386729753,52.421506645137256,37.90055967731126
2021-07-09,5.527258313953585,112.78993835934597,23.685337607357,8.810770390700469,84.62768557872684,51.43863492853357,37.39621401169873
2021-07-16,5.474209878118924,112.31101420059584,23.708524341582052,8.8262143826829,84.35670966136415,51.30795799475629,37.30964033460376
2021-07-23,5.583354191081283,120.56319307563463,24.46394172426212,8.924130294145975,89.85231247999587,54.071459372071516,39.17773267401004
2021-07-30,5.565205878404027,122.08942372869697,24.674413905976202,8.970543314838379,90.91682624876736,54.63002709922818,39.472663852133856
2021-08-06,5.615716575527978,126.60696577169564,25.100569325169726,8.97156917937797,93.92187306350515,55.979244356817404,40.31320542354494
2021-08-13,5.659246833628104,124.1150523509784,24.817929295260086,8.924703909276307,92.23134933512667,55.13139153757071,39.853902041736774
2021-08-20,5.626757230731999,118.6633512526648,24.018769801462028,8.810816922781427,88.39620409499396,53.25096954531088,38.73450116907282
2021-08-27,5.714200645457514,121.69611083941054,24.34793338982512,8.813845789103725,90.44568549201844,54.14851952545737,39.276031467691574
2021-09-03,5.750115201071453,122.1246180200424,24.40789509890661,8.819934613132144,90.74499481255626,54.28943620407553,39.35489516905666
2021-09-10,5.6531565093578084,122.49702873956751,24.444130040415022,8.819604015147705,90.9932919532125,54.402819058812796,39.42311261215044
2021-09-17,5.619829833928124,122.84422718197828,24.44763248352949,8.811431141004773,91.2021853023057,54.48762894052988,39.48134053417341
2021-09-24,5.651786528270674,127.06663419133959,24.83175251852012,8.79318256791176,93.99635829796114,55.888501790761545,40.55472225552953
2021-10-01,5.52866931988271,118.27147982382411,23.66193601141522,8.72508331741508,87.9054678896216,52.49924024392526,38.39413066031405
2021-10-08,5.574758865095402,115.24484883094594,23.22391399941287,8.620652186385785,85.78027172323681,51.29700749908855,37.79153978182256
2021-10-15,5.676741235187546,119.1418315337773,23.6210041207369,8.66392287001082,88.39390383095908,52.5895574391308,38.526708089748844
2021-10-22,5.769046715277653,121.67789471184584,23.752922297670757,8.642815078094468,89.99766601024066,53.35763313016747,38.97957865767479
2021-10-29,5.847092126048205,137.95192446065582,25.435997014311248,9.064127577568351,100.90178204034423,59.233050108837084,42.08532055283342
2021-11-05,5.965244499770426,135.27896585634394,25.188249614264453,9.065816839191873,99.14100683293725,58.42287232813247,41.79370965003348
2021-11-12,5.949202543374446,135.06152624024847,25.087495230631454,9.004416198369357,98.93417206899746,58.2469312612999,41.76028057155777
2021-11-19,5.969827264695596,146.9115870590301,26.62012945072982,9.286073756710161,107.08683919422721,62.4592983081814,43.06990104518064
2021-11-26,5.8435283518953485,150.9425558740689,27.119110807185887,9.353811442577788,109.83875611911839,63.797890733759616,43.45257731044135
2021-12-03,5.772866583898703,144.73077057218214,26.84115442020872,9.38172416741982,105.9968532032346,62.13530649598751,42.81742956523957
2021-12-10,5.993380911099582,150.7857148182575,27.272236453848123,9.352455484787635,109.88448405676337,63.7367036497441,43.449409323786526
2021-12-17,5.875556321720954,144.69387826900967,27.05614243167005,9.368168136055752,106.15823596622353,62.04781376811327,42.85720382978133
2021-12-24,6.012648497496241,150.0900609602581,27.220016139202404,9.358542630293886,109.45355138444617,63.961498709796075,43.34768393521066
2021-12-31,6.068354017036498,150.88744232960389,27.210959366644193,9.340727897073837,109.91136323225602,64.14415338316718,43.43765791310271
2022-01-07,5.955026413367966,138.24390935265674,25.84160479700948,8.955785996387942,101.43652605594674,59.05907963309481,41.652676466446785
2022-01-14,5.937523309569314,138.02669628174615,25.70011221680925,8.931610037322473,101.1978777129589,58.93400079994188,41.60988167258874
2022-01-21,5.595877542089831,137.5745756708156,24.577230351024586,8.849969493485991,100.0477268843595,58.6347241560551,41.3592260866997
2022-01-28,5.646600822485923,137.34830489271275,24.57425021083498,8.838947176308993,99.91363629727302,58.54040129107862,41.32780357064531
2022-02-04,5.732842085023363,136.17093345279227,24.648428501391425,8.807318038121814,99.28858802580777,58.16762093598382,41.17900290736264
2022-02-11,5.627563223839827,135.85473494963952,24.696469534352563,8.813804252174071,99.1427796911389,58.10074117826613,41.13777717192697
2022-02-18,5.547965499351062,135.75059393064595,24.61194841570768,8.797340781777468,99.01407708470033,58.022189165610385,41.1010555739087
2022-02-25,5.592938671590752,135.46517940946023,24.586827435986667,8.777968880086108,98.82730649683542,57.89602808800474,41.03840009334674
2022-03-04,5.521645784055178,137.7579989416475,24.699267481741895,8.908878108081911,100.25566840347456,58.8203319792003,41.50926871653169
2022-03-11,5.367050090088895,134.6951919220442,23.93136316613436,8.687940417051394,97.8489228866166,57.42300963854026,40.50852531621447
2022-03-18,5.697080854576466,133.88970203349834,24.28328332165482,8.66879690405602,97.66826326501548,57.203119423537366,40.43373394765002
2022-03-25,5.8017886831108605,130.83241112565528,23.999691495076302,8.492250402715909,95.6558050110842,55.94642938771938,39.60059533230047
2022-04-01,5.804737499026179,131.60522274265196,24.055970383276414,8.502458007878593,96.15263508500689,56.17947596764791,39.806278267110855
2022-04-08,5.736169655540508,128.67329378349396,23.472714685280327,8.300324240901348,93.97265806322946,54.898101021375076,38.903788471921544
2022-04-15,5.610827574661069,127.60265853460605,23.397523825102052,8.255463721923133,93.28685054004006,54.49975907505702,38.61987066684402
2022-04-22,5.460236568300975,126.48304948723064,22.915916466060434,8.16510601956168,92.24782207846502,53.97161352805892,38.18972274596449
2022-04-29,5.280296224222725,126.14373739611216,22.548694573579688,8.128554119943432,91.75399812847667,53.775808264636154,37.985284317929505
2022-05-06,5.271836818925464,124.36010848227316,22.18131252973054,7.99990029742593,90.41708370039046,52.964571604722295,37.43181443437752
2022-05-13,5.148545151360947,125.75214285425983,22.327818445525175,8.091588511697859,91.34613003779806,53.56329615938432,37.81643079977606
2022-05-20,4.993596395118127,126.73036273212955,22.246891568368667,8.133073439807063,91.8482094457057,53.90246510699512,38.02428690903077
2022-05-27,5.322076503456861,128.19006323164896,22.55105764022075,8.205519189282615,92.94567117451834,54.44317245612816,38.47862564791191
2022-06-03,5.261583923566161,126.141802993706,22.190342169335793,8.07269594179643,91.46023678902301,53.56366732121676,37.86366991170888
2022-06-10,4.995774441274803,123.47887159143937,21.717213545749374,7.911496590384523,89.52559633473948,52.46200276413364,37.06274712678535
2022-06-17,4.709208460897109,122.18586960587879,21.507286098330344,7.846499673537446,88.60253673969692,51.97235757750953,36.68060921590119
2022-06-24,5.02095955033458,124.03735620894959,21.800434838989883,7.9461274036924125,89.91812741543245,52.68618723444132,37.22525126838001
2022-07-01,4.907173628734297,126.23575750495252,22.208877479303784,8.10240161318669,91.52999158672996,53.67379206210069,37.89254773586351
2022-07-08,5.002811237657324,124.55596156735832,21.89269745821863,7.981799995734837,90.29498351741256,52.905008115361724,37.381266117570746
2022-07-15,4.957244655581948,125.83426083519899,22.12453669636881,8.07103948011428,91.22756713029632,53.472669704009746,37.76734688144143
2022-07-22,5.085446043630541,127.7798914470941,22.467752370621742,8.203830808187805,92.63904483141356,54.32898857545518,38.3516852522913
2022-07-29,5.302976331566917,129.37477338314818,22.773183940444003,8.330057211243592,93.81591743579989,55.10911024759593,38.83889933991068
2022-08-05,5.322026361983315,127.86188270918872,22.523241111397702,8.244900655251039,92.73231843471304,54.51537577581495,38.39029963872628
2022-08-12,5.497466819605068,128.3722981330918,22.64609822117276,8.301345563727141,93.12960646654277,54.823915692780716,38.55477311293971
2022-08-19,5.433623463225994,126.90803115762137,22.387273961297847,8.206486336697784,92.06690929501961,54.19456839815028,38.11482657079946
2022-08-26,5.216993235459387,125.83365048121318,22.163881008040867,8.11092271544025,91.25961003654017,53.635719987591,37.78061234048268
2022-09-02,5.048761961434991,124.01578143526024,21.84683644329902,7.998241348273835,89.94380898751965,52.87524555192655,37.235883195460694
2022-09-09,5.233598351049987,123.54819574969815,21.743090758164296,7.952546366836456,89.58707296255199,52.606741019711066,37.0881978671781
2022-09-16,4.9831665542282115,121.83046171884192,21.44463393519183,7.852129578555894,88.34467828930711,51.913065774346244,36.573858264971264
2022-09-23,4.755565703563608,119.20728601993657,20.992441517097895,7.692182993874306,86.45035077681486,50.832380698048716,35.78962465530841
2022-09-30,4.616369243468762,117.93868095420308,20.779894599210202,7.617216628413863,85.53927850590418,50.32105338153504,35.412449382834005
2022-10-07,4.688875057393341,117.47795689022634,20.687282154052063,7.580272665632672,85.19569876455543,50.09264254602082,35.270210631093306
2022-10-14,4.622185240007758,116.26711399633588,20.474674304474572,7.503571100970158,84.31809502796098,49.58110759918013,34.9068910141504
2022-10-21,4.837507645538735,115.54344219490312,20.340920074797385,7.437803007117205,83.78807510488895,49.18721961799554,34.687467796822396
2022-10-28,5.027883631999708,117.89616125382544,20.752704273054576,7.584800483422358,85.49220471900666,50.16839913375468,35.392961281871685
2022-11-04,4.864131110422298,116.14875380442567,20.43984154110252,7.476068905176054,84.22072556639394,49.43985767515447,34.86658098126956
2022-11-11,5.150537135355457,119.65246651967388,21.04940323392335,7.696457680891064,86.75551525306044,50.90944121505507,35.915959851924995
2022-11-18,5.118484716381592,119.7912101395092,21.07381346768322,7.707040482840596,86.85611493549449,50.97489619050882,35.957607165584285
2022-11-25,5.199909496712212,121.08088225718092,21.29942501922201,7.789041229143479,87.79016086762924,51.518335865670856,36.344293315744885
2022-12-02,5.259104199783521,123.20104918818878,21.673281577023516,7.926687300160932,89.32813449865517,52.4247012909505,36.98099980090749
2022-12-09,5.082943113876674,121.85574792987231,21.427493750716682,7.844516594014468,88.34518249785948,51.86912282382682,36.5740670025261
2022-12-16,4.976315405615513,122.66701585851422,21.56620748303788,7.901718064740126,88.93009692186631,52.233231560088576,36.81621602219548
2022-12-23,4.97164188876715,120.57311527504477,21.180341793826297,7.757700990448063,87.397440310736,51.29612423100643,36.181710732801776
2022-12-30,4.965409842315426,119.47002401367169,20.908531970934945,7.666108382742455,86.53341125447957,50.732304338500086,35.82401090467116
2023-01-06,5.038767646897941,122.5652658317392,21.39619235477804,7.858146963380807,88.7305622578406,52.017105512996594,36.73361056522471
2023-01-13,5.174059287941349,123.57832677840327,21.583956162439616,7.916072136831192,89.47300801023171,52.415602624516595,37.04097605959505
2023-01-20,5.1400426492599784,123.699328883442,21.58775650884616,7.925627101563345,89.54623349504192,52.47042776531015,37.07129071526749
2023-01-27,5.267283475856673,123.83715825710593,21.659021807479338,7.950250990367827,89.68514405154978,52.59250854301399,37.12879836715558
2023-02-03,5.353885674125176,123.80566979924694,21.693433388748808,7.95951744736235,89.69537211745923,52.619271226175705,37.13303268935971
2023-02-10,5.2979253032937565,121.82295934981843,21.36279798761065,7.835903893089845,88.27279116496194,51.788123282261296,36.54409767782794
2023-02-17,5.287797968814489,121.17774399670728,21.2539660412354,7.793701397552268,87.80882993052225,51.509674285785735,36.352022130580266
2023-02-24,5.146533690926299,119.62098846734118,20.960741074718648,7.696665942370044,86.66407458864562,50.858855428770674,35.87810428479043
2023-03-03,5.247937569307119,124.74971960808384,21.16558379448239,7.732948873315314,89.80558668168182,51.89057054206196,37.17866047281728
2023-03-10,5.010592697080855,117.50745555266744,21.223977556564826,7.825452369851629,85.68333971986218,50.78578827432326,35.47208935801762
2023-03-17,5.082891729226097,119.77411020062003,21.691094023617403,7.991960274607248,87.38269029450298,51.82631155618672,36.11049508504593
2023-03-24,5.15796553250245,116.31454626249105,21.704450454770342,8.014529358921191,85.37385515405138,51.3484383742575,35.40474202334105
2023-03-31,5.335739847801981,120.88890064925403,21.718106596641793,8.004030939729516,88.07011468845492,52.11064179972317,36.31975852588652
2023-04-07,5.333133319962274,118.22598268691763,21.861162509737582,8.034850312794605,86.63373380439477,51.6261077575532,35.88850292286292
2023-04-14,5.375751500514676,118.12647792393761,21.63199040217986,7.925753079207549,86.39363013566862,51.229574708944575,35.816440344466955
2023-04-21,5.372363843107745,114.09670908981852,21.27831664699223,7.820569502856565,83.75308997898713,50.02750083494686,35.02272214922681
2023-04-28,5.4209782808685,114.04145957636455,21.427823324334177,7.882231365362588,83.83823851259751,50.217166451184056,35.04648478562837
2023-05-05,5.377968085159286,113.36055755828245,21.379863196439683,7.878398105726657,83.40020329577484,50.05709369715545,34.8972600735383
2023-05-12,5.364413726000468,114.98819782417638,21.44540694403352,7.874062086797847,84.4091636384857,50.372820616140984,35.312993031181705
2023-05-19,5.456037945078097,120.728490490439,21.51711809099568,7.782280000426507,87.83602260013257,51.224799140942075,36.74650463356444
2023-05-26,5.474285297525414,127.70451673291139,21.959226888303164,7.7860695375929945,92.25680167230357,52.692312241390795,38.37155577122729
2023-06-02,5.577248534294282,130.1449391567857,22.220612339467124,7.847405201327194,93.8867433832599,53.39913424849024,38.883586306408276
2023-06-09,5.603054817476749,130.54372525883545,22.2130494182352,7.833806395694703,94.11044926402873,53.43592672066311,38.95682130591706
2023-06-16,5.748929624577112,137.12027046692396,22.799652516803626,7.952038994203239,98.40004327718103,55.24422482373366,40.392308502324575
2023-06-23,5.667168357663689,136.37269029881926,22.75745875843528,7.949971499669697,97.93438397174775,55.073506040331765,40.208304720626124
2023-06-30,5.798902440439388,138.51748432193816,22.812895616904147,7.965379548509187,99.21409788340377,55.57388035380574,40.68791664779445
2023-07-07,5.737024961337195,138.35172560795488,22.534102536556297,7.863558985118449,98.87644542003332,55.21184052054549,40.547697820320366
2023-07-14,5.877393737371394,143.7878455601997,23.13558053538894,8.07377106755912,102.51213807363563,57.067515584049495,41.92894073620851
2023-07-21,5.9153309420132505,140.82331478826865,22.96272244536779,8.015448180932067,100.66790751281924,56.239951113569866,41.214271215256794
2023-07-28,5.977338540311259,146.14269307711436,23.24198605791153,8.066084927493984,103.95442170463704,57.562705801285205,42.5073437091106
2023-08-04,5.845081494398244,141.5302411526214,22.870115793245883,7.963907614877489,100.99675397739844,56.226028118040645,41.40740214777034
2023-08-11,5.829905617999877,136.0663903262074,22.430142182417455,7.8581384485090755,97.48860905508984,54.699797875864235,40.30232165748292
2023-08-18,5.710207975229284,133.85527296310505,22.210631332337158,7.804076335361755,96.03031975765798,54.03289214662876,39.83073667729645
2023-08-25,5.75560175569748,137.19621057636334,22.3992502064239,7.83325016109193,98.11065713038744,54.87072409854447,40.493666328898726
2023-09-01,5.902379523714016,141.89037038408165,22.756788592847144,7.902087514345512,101.10906894672341,56.1366393961195,41.41549605614617
2023-09-08,5.82820536621509,136.05933752829247,22.36010580361436,7.830719750364504,97.4320878987555,54.59950486252855,40.370373505160316
2023-09-15,5.820539107863013,135.13819892815624,22.244068476475082,7.793352510630387,96.80323685774569,54.27655562748932,40.18607478974863
2023-09-22,5.65053133386265,131.4841998978815,21.88900485635851,7.689410987306013,94.40005435483523,53.124876341744994,39.471702124300954
2023-09-29,5.611935245394858,133.21898484458725,21.79785891915257,7.635921580045256,95.31757958865151,53.3393875266911,39.78342254755823
2023-10-06,5.6389793185069275,134.45517979995543,21.660870875060972,7.5466382177428795,95.90513304872789,53.312370280946745,39.98405018359199
2023-10-13,5.664710182282904,132.5390563114689,21.771677708448195,7.624109593761431,94.909557078305,53.16033649214574,39.607506792565054
2023-10-20,5.529361355096115,128.78299839461656,21.30582884768766,7.469392322483855,92.3515597414896,51.85570469915324,38.62968280872882
2023-10-27,5.391386109237137,129.2518657380003,21.202421795437495,7.490544667079134,92.5307730174058,52.021844445017756,38.69949013130552
2023-11-03,5.706588258110073,132.3389519367547,21.94667542062904,7.703348254740414,94.94824345173896,53.391566154540335,39.70933084810293
2023-11-10,5.784305470144689,138.7711752779749,22.121340829342607,7.794115020038034,98.790685079612,55.123323311792966,41.316319880430726
2023-11-17,5.91794782966154,143.05420992311954,22.531516451606723,7.9484346482507044,101.59611378979125,56.56871451599508,42.35533536088663
2023-11-24,5.977154550110808,143.4274403169254,22.50262702128751,7.939466018608688,101.78205030044606,56.62994340191541,42.427425042812175
2023-12-01,6.02704158675801,145.55434946267192,22.93495127715097,8.095277446621061,103.38054503698804,57.58013944969106,43.05298347417737
2023-12-08,6.041482745531607,147.96141384089333,23.17948300731455,8.133063341923618,104.96859884887473,58.25669355285897,43.67067513796597
2023-12-15,6.1863207429888964,152.66826175432357,23.86163341576979,8.352719415088634,108.25773727175448,59.99680318123636,45.037635968237765
2023-12-22,6.243263638066412,158.7304132263202,24.43017839469616,8.474669976658191,112.21231637651702,61.76117492833891,46.68282917674541
2023-12-29,6.265144382580272,159.06528391813063,24.48146450761458,8.492374583644018,112.44881534709428,61.890587759487445,46.78121802923901
2024-01-05,6.167735660781743,152.88344807832343,23.816338336508252,8.318205833793302,108.34145758870338,59.947460875881816,45.07246548946104
2024-01-12,6.2832019433343325,157.4910393961162,24.27697920955075,8.455397485815734,111.37252039631144,61.4186006870602,46.19204253660692
2024-01-19,6.358993888541719,160.4339316118914,24.365831855814726,8.430187636062145,113.11867427114696,62.02699577522797,46.837599580281555
2024-01-26,6.424636536475642,162.72111443187708,24.529178138352613,8.472244831801891,114.56032327981502,62.68051356293028,47.37712118461158
2024-02-02,6.51611364627138,169.24608804962304,25.095926816633284,8.636814738758765,118.76442254050002,64.67429514642197,48.950539940322535
2024-02-09,6.6064051795727785,180.12974040556884,25.911484893744888,8.763060749665396,125.64563922545524,67.51839093546286,51.36032989325586
2024-02-16,6.5841295191557005,179.8311401196336,25.800772125247466,8.712194558602095,125.37159078835266,67.29322358245011,51.27520153461514
2024-02-23,6.694059520001061,179.40731438757308,25.79978928166006,8.723630321123213,125.13420857243322,67.23431811564227,51.20374973048058
2024-03-01,6.759965721465357,188.42045688733995,26.62314027432791,8.910510684458409,130.9617791767971,69.82533307849151,52.93988900625873
2024-03-08,6.745071217468129,202.06189229162567,27.844071154964883,9.18377581720523,139.74762513743337,73.70325836645809,56.29123370458115
2024-03-15,6.741038765574937,198.76001276017297,27.38612884783214,9.032199651576589,137.46106097078163,72.49348513481742,55.57137001322511
2024-03-22,6.891506283016711,207.45128951272855,28.262270819633063,9.220456214973055,143.1490108237551,74.98960380659258,57.10511048427607
2024-03-29,6.916099225417832,206.56519256899182,28.200419772500485,9.217691498638436,142.59715600107376,74.78983971300694,56.95809179946786
2024-04-05,6.8547480245917,202.6597989800317,27.723273870377756,9.07854409549654,139.95777304587764,73.490901577205,56.29062811926766
2024-04-12,6.7545243356047555,201.69798021445789,27.52635977059233,9.003716938701912,139.22751122608474,73.03599849369651,56.10307056760912
2024-04-19,6.547069168712384,183.6533968392133,26.639075032339694,8.830834863431335,128.36394533115183,68.65153626111515,53.32974130759535
2024-04-26,6.72027978113454,199.18868946009275,27.360174068819163,8.92292862514184,137.74446070216877,72.28425075397868,55.07691329365055
2024-05-03,6.760342818497811,198.6058203157572,27.612473094013897,9.023320728732392,137.67577607222313,72.49056995685447,55.06456365455839
2024-05-10,6.886614381403398,201.49809633486908,27.7330728773647,9.045995825238371,139.3997828270275,73.18977889303156,55.386207634263656
2024-05-17,7.000456660362377,207.17850413850502,28.111930806629438,9.170102239483638,142.9241727999555,74.81979412456272,56.04628604901369
2024-05-24,7.000323226027817,218.1007477414273,28.936572504704944,9.322032520006136,149.7900321129276,77.64961261480866,57.36545743633846
2024-05-31,6.972953440533869,214.19516429857532,28.629000684842882,9.25878864381023,147.32556455088488,76.61810599809006,56.933156254297785
2024-06-07,7.060749088751237,219.54493791624486,29.131190243383,9.365916042809264,150.7859513673866,78.10444702207461,57.546417540145384
2024-06-14,7.176707669407733,230.1649620860336,30.15442971525423,9.62817467108865,157.68008604231204,81.20900088274021,58.75312753794489
2024-06-21,7.222807988821352,224.24104829167686,29.69315066668286,9.528184101509272,153.95074617698546,79.67422160206098,57.739647498116405
2024-06-28,7.218959941520953,222.57955098916318,29.473016492154652,9.45752590780338,152.80992990501306,79.08286605311774,57.40286346878343
2024-07-05,7.357180507647196,226.09963820902922,29.860775532247747,9.561288177628084,155.14529848141183,80.16738463352978,58.07280975371645
2024-07-12,7.428147682800895,224.6394438757877,29.830237918097723,9.594870544107577,154.3118642430834,79.99718806779711,57.834414204871244
2024-07-19,7.2822359947819715,219.0095130711457,29.314951450280926,9.490584624389328,150.68465126734424,78.4883076179426,56.80690141443667
2024-07-26,7.221880578756923,209.1855374428649,28.901809368742228,9.456553241062167,144.85181799923248,76.39580457932894,54.966334691728434
2024-08-02,7.068804875906069,191.00809441175664,28.64228157348812,9.579848081260545,134.5200639272664,73.11642470976878,52.06601660206139
2024-08-09,7.069998325854933,188.48603997369736,28.318929945945506,9.475781016550808,132.79534133678024,72.2330721949808,51.66652856043745
2024-08-16,7.352803695716675,205.4492244149607,29.362510410289488,9.633875937999,143.3339724089909,76.18461958448363,54.962481131004324
2024-08-23,7.45653355832075,212.04399474864599,29.766493402119007,9.7401169996238,147.40870725019616,77.90992326002933,55.69632810748918
2024-08-30,7.477093220043991,200.4100033022086,29.109234102780768,9.51696402736322,140.28674999606906,74.74818689845152,54.46882018197153
2024-09-06,7.167759281145314,180.39091086054023,28.21968392262113,9.310291034209136,128.21697009569894,69.81068310932488,52.41053694167014
2024-09-13,7.454941462937577,199.7578655619338,28.98475245612471,9.505660998340236,139.92308903211443,74.38354087006691,54.25256507217172
2024-09-20,7.560834453573968,202.79060699491765,28.98517511153089,9.48920328187965,141.6226213005485,74.95364191791957,54.4548404563038
2024-09-27,7.603676820384125,212.9564188342653,29.37168126508175,9.64923172332249,147.6791065554296,77.69845469831392,55.187718991521486
2024-10-04,7.6237698763287485,217.6871583136447,29.191406144532646,9.617144298908611,150.1216695790476,78.6208052368321,55.49915783589262
2024-10-11,7.711585415378597,226.083076016516,29.54931716251912,9.705158021447325,155.12118342576107,80.71404001795273,56.140940704196346
2024-10-18,7.778245396515458,229.70359970170864,29.79988324636034,9.73705914792816,157.3713764844146,81.59332543470528,56.447734109450955
2024-10-25,7.704399023360126,229.5853670748923,29.645363669489203,9.646819943072252,157.1432554783239,81.27118711879712,56.41651791590881
2024-11-01,7.597957377261132,219.43612147734768,28.868687035054037,9.498191694786096,150.7619401953558,78.5669782412665,55.46008946149106
2024-11-08,7.959200587442586,236.9848191451121,29.996364791956186,9.661976905201062,161.58420238042575,83.17133932157563,57.64664095443348
2024-11-15,7.793680682520765,233.12275785775583,29.649161142842345,9.548940876512686,159.10338918710158,81.93290069962548,57.08553170942654
2024-11-22,7.9235404687274675,247.0254482838117,30.242649635333763,9.766801206067587,167.33011697701704,85.91893040075125,58.83443830477989
2024-11-29,8.017212200373615,249.38285529897732,30.692784672946114,9.921971872924638,169.10557602060157,86.90498394215456,59.19247457835441
2024-12-06,8.087199752027622,257.1243783853336,31.072302810339473,10.050868100084292,173.7228823731906,89.06309805539934,60.1193947725975
2024-12-13,8.039299312274467,246.04993206593625,30.183562416307883,9.794540864896337,166.7428380669675,85.74898202195409,58.719981482961884
2024-12-20,7.8920035538287365,236.68848814131104,29.230006677039064,9.614750572277636,160.61387291614773,82.94931303019955,57.6186610723904
2024-12-27,7.94353572807906,240.3278032131138,29.387062483531412,9.594008663283665,162.76189345824844,83.81880327286623,57.983572219120404
2025-01-03,7.902681615732322,246.39874999821365,29.83582081183081,9.656047925285552,166.54797055408227,85.54884132707063,58.68324070008867
2025-01-10,7.749687962565454,241.1661884010822,29.322564690519762,9.533626675603134,163.14537592205784,83.91657033066284,57.90779728151812
2025-01-17,7.9778457565395255,244.53791029676148,30.85299449461521,9.76288059845982,166.67214194329085,85.30503109441221,58.70143890411731
2025-01-24,8.116553648061556,248.4432368794101,31.039312276413096,9.789523117618874,169.00261753964676,86.37690788136547,59.311252368972305
2025-01-31,8.03445009307252,243.0143436763009,30.80915182684076,9.758261537904911,165.7971963950596,84.90192489864961,58.47707750130252
2025-02-07,8.020432857666176,242.0910827638952,30.855318503783085,9.788760037172914,165.34282618018707,84.73993100489379,58.34949961222162
2025-02-14,8.139649390926134,253.27860151023825,31.484334592402774,9.876975979955196,172.1289664226597,87.67906811137725,60.56909766514642
2025-02-21,8.009352006404848,234.16405499258425,30.074818387318935,9.65750704954232,160.19460944881092,82.46665694682123,56.49447108435259
2025-02-28,7.932454048033046,220.6892015516264,29.61286011300697,9.7095887959556,152.3266899340947,79.44175598732055,54.82407304356897
2025-03-07,7.688677806637902,203.0629716664692,28.597507458726522,9.536466163254016,141.547965833126,74.99977459253418,52.629297668712354
2025-03-14,7.513656714067626,202.77503119817897,28.190519115240978,9.46835599833201,140.98421317605337,74.69601782536975,52.52485811156882
2025-03-21,7.551925846976511,203.92134795775618,28.809011191128626,9.567586105829763,142.24008326758022,75.29218326095958,52.76638302898715
2025-03-28,7.440516465465371,203.755680256158,28.575698738566427,9.53838620116487,141.91708237349783,75.14887567055284,52.70322958646731
2025-04-04,6.7659085220614195,205.3386352203406,28.141529233254044,9.56903196037104,142.36734486795504,75.5469464320142,52.78972396211533
2025-04-11,7.149676856850651,200.6660121407201,27.692393876362377,9.38102948578104,139.32101945892435,73.98175994002068,52.20961137608584
2025-04-18,7.048846911865379,202.64267041863928,27.931504520728225,9.468840298227528,140.6594908517607,74.6812363841869,52.52411520145911
2025-04-25,7.37329705466498,204.59634377771508,28.371933859463642,9.594012312096565,142.18781957428428,75.56525769574081,52.92436780746644
2025-05-02,7.58915071118014,204.8076478887757,28.490203416345697,9.6284276523804,142.42377109247417,75.7487729349955,52.98965045347408
2025-05-09,7.556746058714422,204.03892140465067,28.38287374553228,9.592397371477489,141.88880211619016,75.46026983473149,52.78425375274228
2025-05-16,7.956584942971326,204.37894687695203,28.969674758559925,9.855928105714652,142.6642313894184,76.55730126969455,53.072722292295296
2025-05-23,7.7545222636430395,203.4684360233216,28.779244245769902,9.792767442177375,141.96816695302192,76.1503728705011,52.813778377828214
2025-05-30,7.892175941043573,210.16237533138548,29.17868913713683,9.910623354978853,146.09834591367328,77.94360778620666,54.350252088591766
2025-06-06,8.022732735171799,223.31580830050788,29.47413633100423,10.061823606705548,153.708128397352,81.27770816445785,57.18117802235745
2025-06-13,7.994077504628763,223.51729657093202,29.662148327733362,10.13572430251196,154.01503853597606,81.53664676345616,57.2953520966664
2025-06-20,7.981180786118851,229.35270636144,29.95842738474466,10.200791860504125,157.53904529203749,82.99323100668639,58.60632282912775
2025-06-27,8.258241020532312,240.4242724203459,30.833929098790545,10.340944602069886,164.54328467443327,85.81563833073511,61.21197981820133
2025-07-04,8.398316406787416,246.9849129935124,31.11695949105308,10.41064421741808,168.43690818820542,87.48446704483565,62.57380510277932
2025-07-11,8.375216519999404,247.91920665521246,31.09480242783215,10.391673203623016,168.92253008508038,87.63229054856231,62.7523793341506
2025-07-18,8.428399633345656,268.82929309228166,32.36009056519368,10.692960329310319,181.69402632785685,93.26668988952348,67.49681322634798
2025-07-25,8.55625293182583,261.08792906878466,31.933282475242493,10.613806149508855,177.02854282784503,91.29489370759414,66.04791909101728
2025-08-01,8.349699068280255,248.0340595684444,30.84950596944113,10.52682386587159,168.74558336008772,88.11149778765405,64.0464579881794
2025-08-08,8.557327036779807,259.0032737720157,31.277681337051852,10.55737194230738,175.1833832788306,90.48877991266795,65.36094967913287
2025-08-15,8.641399784184467,255.97213015707004,31.1112399473953,10.504856470731712,173.35660574971575,89.64600819829069,64.99976123520929
2025-08-22,8.666513617761188,254.3604074510156,31.131004614885924,10.522262501813822,172.50521014071794,89.32833104701302,64.83460869870709
2025-08-29,8.663021119091386,254.20176137950492,31.1930090792384,10.547242290584474,172.48778059884097,89.36687442885753,64.83028220198824
2025-09-05,8.692432201268703,255.3808653639347,31.407141833852002,10.64380477039011,173.36459891657088,89.92491962193164,65.01085219578324
2025-09-12,8.829015088854007,270.90037588636665,32.62862600499726,10.883639264860049,183.14082267755393,94.18900183017563,67.02249136714651
2025-09-19,8.93820332740476,291.0293358599006,34.195011861304444,11.141278604769832,195.78495642528992,99.47461748018848,69.93603129628092
2025-09-26,8.912884784010423,296.29230047017825,34.57312316669713,11.181608432885257,199.05017310911688,100.79180241858408,70.5643778696556
2025-10-03,9.012407735544752,300.5268172173731,34.983341117961864,11.27381521719741,201.79826215612684,102.03497546012865,71.23813142711995
2025-10-10,8.794372717734168,293.7840082778332,34.51305933347294,11.224629725290109,197.63327168412738,100.37780143378042,70.18630944818851
2025-10-17,8.947495661312164,298.06332965946484,34.80482646287414,11.29394209940613,200.27024726872924,101.49738932252856,70.81932592660144
2025-10-24,9.120684310940124,307.1488217251565,35.19614943592784,11.345227236078951,205.60365882208555,103.55828910596662,72.14775368812501
2025-10-31,9.185461293268776,296.2042008451494,34.57056460033307,11.155344708268169,199.0111489502543,100.55287205558508,70.45894977479513
2025-11-07,9.036109320015315,300.386482630233,34.817596320486345,11.221571533190161,201.5433100528812,101.69745502224708,70.99972380152886
2025-11-14,9.049039189912696,292.8227333512295,34.39367099958508,11.16165468689635,196.99220073118636,99.85258218434241,69.90269602169529
2025-11-21,8.875311001453689,269.7739145148295,33.40384131689204,11.14720084017609,183.45204279346174,94.7907183428771,65.40764147748376
2025-11-28,9.203372987917977,290.45652397468814,34.36318435185837,11.264661984439634,195.75614975756707,99.62337035678117,68.24818924556745
2025-12-05,9.234347158014431,285.86334347191223,34.01929128201459,11.168991599755174,192.88765843598597,98.29446028938395,67.74398457399786
2025-12-12,9.18142096792106,280.48298638953264,33.73033238153021,11.117038221461433,189.655320469586,96.8445185085322,67.1731171883805
2025-12-19,9.192748797019028,281.4032678603385,33.85198647842132,11.158246258390593,190.28993173073854,97.1710921465335,67.28672015582806
2025-12-26,9.324036579240932,292.3288373198049,34.507122402212254,11.326395807169153,196.936345982767,100.308306715832,68.53121543236085
2026-01-02,9.227595877956484,295.914830932755,34.78040652193151,11.348411396085094,199.18079592958443,101.2438004709165,68.92933523932109
2026-01-09,9.374822847273215,304.4968652145008,35.5015477321308,11.482478910709764,204.62777322952337,103.7071404559511,69.89315262859884
2026-01-16,9.342270671133264,303.0560588568573,35.342342460963266,11.434805025521852,203.66963632608065,103.23239268986907,69.72582252152537
2026-01-23,9.309448311185445,308.3146678028658,35.713419042746395,11.505791615569438,206.92435179632724,104.70794286258226,70.5327650544062
2026-01-30,9.346458520155217,313.623105947576,36.12318484137988,11.574580870697307,210.24919540164996,106.17678377252129,71.65659603561004
2026-02-06,9.328223599478196,308.93799687479293,35.81312563304704,11.55033756831675,207.37537562091472,104.98538868427956,70.67714808712256
2026-02-13,9.208416142736612,311.8405536581045,36.27867684803428,11.690143474841097,209.4730893137533,106.05978726598768,71.39208553265688
2026-02-20,9.312150978048809,311.8454083526621,36.73793011216945,11.7123316336227,210.00562116766113,106.12917705632398,71.573581684681
2026-02-27,9.26568599337304,314.2914628511589,36.41941392943312,11.779411066296339,210.95871543530032,106.88230787192785,71.89841284890785
2026-03-06,9.081854919583025,310.0288576438196,35.08826824911736,11.563498665184575,207.12688161172807,105.23494847637201,70.5924569909234
2026-03-13,8.945569565700248,307.075681843759,35.322705877781814,11.512670558753433,205.82473178801663,104.461250546347,70.1486615998529
2026-03-20,8.784177837302936,304.46894680197374,35.24287517672713,11.448150615960891,204.33371016306077,103.70625253170785,69.64049540185287
2026-03-27,8.588061688101801,302.9805219451029,34.416074941048564,11.348605941297976,202.57523767025666,103.01749425262027,69.04117727929892
2026-04-03,8.882506510103713,306.83682296035096,34.960559007878324,11.484546494517597,205.27879576049003,104.28448094418779,69.96259707146778
2026-04-10,9.202549175939387,307.97132062230395,35.68619279733981,11.5897815471521,206.73758170621417,104.90925808015021,70.45977678725926
2026-04-17,9.618076954315733,311.2821264839762,36.203841069838724,11.705122678056146,209.1152323677623,105.9991115186515,71.2701216384863
2026-04-24,9.669543654575804,331.9377799338488,36.90544409714336,11.938061280528691,221.02520098441076,111.44394913513109,75.32924685097343
2026-05-01,9.760423210612423,349.9422328926484,37.84060119214152,12.120745495034212,231.73515394984588,116.10835011971756,78.58169661363515
2026-05-08,9.990263437500518,411.80861964685755,41.09160598115841,12.880596635443885,268.48888352944255,132.77688111027666,88.85087695586162
2026-05-15,10.01125655361491,395.07262326947347,39.93609478853441,12.570313308009629,258.24916333919845,128.0450757857896,87.55689440138444
2026-05-22,10.098885616110248,414.33610905195394,41.241520122496304,12.68083252094457,270.01050035332815,132.89750050809144,88.94723749939958
2026-05-29,10.245701508222373,442.68959314891623,43.30699117245267,13.052018044574616,287.4960031914021,140.61190674211096,91.0309801974221
2026-06-05,9.98931530781892,410.73679798862673,40.790410795842256,12.657038544046198,267.5531256764351,132.09941636100083,88.73529365520535
2026-06-12,10.046199773576024,465.18593611834666,43.0820781892518,12.895827160199469,298.930954911454,144.9962977717225,91.85087254614052
2026-06-19,10.139839182619392,496.20032038065733,44.195499636107854,13.003987138118482,316.41824239375916,152.20179813625455,93.35523575438512
2026-06-26,9.898815335168816,484.6042150678101,43.89973227153048,12.958622877756529,310.0781643597355,149.5541672554039,92.8314119167129
2026-07-03,10.061896955542332,500.2143601182302,44.393086787804506,13.00404705643475,318.7647251869051,152.92831346509305,93.52344388833583
